nohup: ignoring input
dùng: python (Python 3.12.3)
kiểm bộ ảnh: {'n_images': 700, 'n_subjects': 100, 'incomplete_subjects': [], 'duplicate_keys': 0}
đã ghi data/bench/ami/manifest.csv
file fold khớp bộ ảnh (sha1 df93f04b189e)
LR: data/bench/ami/lr/hr96_x4_bic
LR: data/bench/ami/lr/hr96_x4_bicjpeg75
LR: data/bench/ami/lr/hr96_x2_bic
LR: data/bench/ami/lr/hr96_x2_bicjpeg75
LR: data/bench/ami/lr/hr144_x4_bic
LR: data/bench/ami/lr/hr144_x4_bicjpeg75
LR: data/bench/ami/lr/hr144_x2_bic
LR: data/bench/ami/lr/hr144_x2_bicjpeg75
LR: data/bench/ami/lr/hr192_x4_bic
LR: data/bench/ami/lr/hr192_x4_bicjpeg75
LR: data/bench/ami/lr/hr192_x2_bic
LR: data/bench/ami/lr/hr192_x2_bicjpeg75
thiết bị: cuda (NVIDIA GeForce RTX 3080, trống 9.4 / 9.6 GB); hết bộ nhớ thì tạm chạy trên CPU rồi tự quay lại GPU. Mọi phép chấm chạy ở FP32 đầy đủ (TF32 tắt)
/root/ThaiLe/venv/lib/python3.12/site-packages/torchvision/models/_utils.py:208: UserWarning: The parameter 'pretrained' is deprecated since 0.13 and may be removed in the future, please use 'weights' instead.
  warnings.warn(
/root/ThaiLe/venv/lib/python3.12/site-packages/torchvision/models/_utils.py:223: UserWarning: Arguments other than a weight enum or `None` for 'weights' are deprecated since 0.13 and may be removed in the future. The current behavior is equivalent to passing `weights=AlexNet_Weights.IMAGENET1K_V1`. You can also use `weights=AlexNet_Weights.DEFAULT` to get the most up-to-date weights.
  warnings.warn(msg)
Loading pretrained model DISTS from /root/.cache/torch/hub/pyiqa/DISTS_weights-f5e65c96.pth
số đo cảm nhận dùng được: ['lpips', 'dists']; không dùng được: {}
xong bicubic__hr96_x4_bic.csv
xong bicubic_sharp__hr96_x4_bic.csv
xong span_ch48__hr96_x4_bic.csv
xong span_ch48_t44__hr96_x4_bic.csv
xong span_ch28__hr96_x4_bic.csv
xong span_ch26__hr96_x4_bic.csv
xong rlfn__hr96_x4_bic.csv
xong efdn__hr96_x4_bic.csv
xong safmnpp__hr96_x4_bic.csv
xong smfan__hr96_x4_bic.csv
xong msrresnet__hr96_x4_bic.csv
xong edsr_baseline__hr96_x4_bic.csv
/root/ThaiLe/venv/lib/python3.12/site-packages/torch/functional.py:505: UserWarning: torch.meshgrid: in an upcoming release, it will be required to pass the indexing argument. (Triggered internally at /pytorch/aten/src/ATen/native/TensorShape.cpp:4381.)
  return _VF.meshgrid(tensors, **kwargs)  # type: ignore[attr-defined]
xong swinir_light__hr96_x4_bic.csv
xong rrdb_psnr__hr96_x4_bic.csv
xong esrgan__hr96_x4_bic.csv
xong bsrgan__hr96_x4_bic.csv
xong realesrgan__hr96_x4_bic.csv
xong realesr_compact__hr96_x4_bic.csv
xong span26__hr96_x4_bic.csv
xong pds26__hr96_x4_bic.csv
xong pkdsr26__hr96_x4_bic.csv
xong dscf26__hr96_x4_bic.csv
xong disp26__hr96_x4_bic.csv
xong errn26__hr96_x4_bic.csv
xong bicubic__hr96_x4_bicjpeg75.csv
xong bicubic_sharp__hr96_x4_bicjpeg75.csv
xong span_ch48__hr96_x4_bicjpeg75.csv
xong span_ch48_t44__hr96_x4_bicjpeg75.csv
xong span_ch28__hr96_x4_bicjpeg75.csv
xong span_ch26__hr96_x4_bicjpeg75.csv
xong rlfn__hr96_x4_bicjpeg75.csv
xong efdn__hr96_x4_bicjpeg75.csv
xong safmnpp__hr96_x4_bicjpeg75.csv
xong smfan__hr96_x4_bicjpeg75.csv
xong msrresnet__hr96_x4_bicjpeg75.csv
xong edsr_baseline__hr96_x4_bicjpeg75.csv
xong swinir_light__hr96_x4_bicjpeg75.csv
xong rrdb_psnr__hr96_x4_bicjpeg75.csv
xong esrgan__hr96_x4_bicjpeg75.csv
xong bsrgan__hr96_x4_bicjpeg75.csv
xong realesrgan__hr96_x4_bicjpeg75.csv
xong realesr_compact__hr96_x4_bicjpeg75.csv
xong span26__hr96_x4_bicjpeg75.csv
xong pds26__hr96_x4_bicjpeg75.csv
xong pkdsr26__hr96_x4_bicjpeg75.csv
xong dscf26__hr96_x4_bicjpeg75.csv
xong disp26__hr96_x4_bicjpeg75.csv
xong errn26__hr96_x4_bicjpeg75.csv
xong bicubic__hr144_x4_bic.csv
xong bicubic_sharp__hr144_x4_bic.csv
xong span_ch48__hr144_x4_bic.csv
xong span_ch48_t44__hr144_x4_bic.csv
xong span_ch28__hr144_x4_bic.csv
xong span_ch26__hr144_x4_bic.csv
xong rlfn__hr144_x4_bic.csv
xong efdn__hr144_x4_bic.csv
xong safmnpp__hr144_x4_bic.csv
xong smfan__hr144_x4_bic.csv
xong msrresnet__hr144_x4_bic.csv
xong edsr_baseline__hr144_x4_bic.csv
xong swinir_light__hr144_x4_bic.csv
xong rrdb_psnr__hr144_x4_bic.csv
xong esrgan__hr144_x4_bic.csv
xong bsrgan__hr144_x4_bic.csv
xong realesrgan__hr144_x4_bic.csv
xong realesr_compact__hr144_x4_bic.csv
xong span26__hr144_x4_bic.csv
xong pds26__hr144_x4_bic.csv
xong pkdsr26__hr144_x4_bic.csv
xong dscf26__hr144_x4_bic.csv
xong disp26__hr144_x4_bic.csv
xong errn26__hr144_x4_bic.csv
xong bicubic__hr144_x4_bicjpeg75.csv
xong bicubic_sharp__hr144_x4_bicjpeg75.csv
xong span_ch48__hr144_x4_bicjpeg75.csv
xong span_ch48_t44__hr144_x4_bicjpeg75.csv
xong span_ch28__hr144_x4_bicjpeg75.csv
xong span_ch26__hr144_x4_bicjpeg75.csv
xong rlfn__hr144_x4_bicjpeg75.csv
xong efdn__hr144_x4_bicjpeg75.csv
xong safmnpp__hr144_x4_bicjpeg75.csv
xong smfan__hr144_x4_bicjpeg75.csv
xong msrresnet__hr144_x4_bicjpeg75.csv
xong edsr_baseline__hr144_x4_bicjpeg75.csv
xong swinir_light__hr144_x4_bicjpeg75.csv
xong rrdb_psnr__hr144_x4_bicjpeg75.csv
xong esrgan__hr144_x4_bicjpeg75.csv
xong bsrgan__hr144_x4_bicjpeg75.csv
xong realesrgan__hr144_x4_bicjpeg75.csv
xong realesr_compact__hr144_x4_bicjpeg75.csv
xong span26__hr144_x4_bicjpeg75.csv
xong pds26__hr144_x4_bicjpeg75.csv
xong pkdsr26__hr144_x4_bicjpeg75.csv
xong dscf26__hr144_x4_bicjpeg75.csv
xong disp26__hr144_x4_bicjpeg75.csv
xong errn26__hr144_x4_bicjpeg75.csv
xong bicubic__hr192_x4_bic.csv
xong bicubic_sharp__hr192_x4_bic.csv
xong span_ch48__hr192_x4_bic.csv
xong span_ch48_t44__hr192_x4_bic.csv
xong span_ch28__hr192_x4_bic.csv
xong span_ch26__hr192_x4_bic.csv
xong rlfn__hr192_x4_bic.csv
xong efdn__hr192_x4_bic.csv
xong safmnpp__hr192_x4_bic.csv
xong smfan__hr192_x4_bic.csv
xong msrresnet__hr192_x4_bic.csv
xong edsr_baseline__hr192_x4_bic.csv
xong swinir_light__hr192_x4_bic.csv
xong rrdb_psnr__hr192_x4_bic.csv
xong esrgan__hr192_x4_bic.csv
xong bsrgan__hr192_x4_bic.csv
xong realesrgan__hr192_x4_bic.csv
xong realesr_compact__hr192_x4_bic.csv
xong span26__hr192_x4_bic.csv
xong pds26__hr192_x4_bic.csv
xong pkdsr26__hr192_x4_bic.csv
xong dscf26__hr192_x4_bic.csv
xong disp26__hr192_x4_bic.csv
xong errn26__hr192_x4_bic.csv
xong bicubic__hr192_x4_bicjpeg75.csv
xong bicubic_sharp__hr192_x4_bicjpeg75.csv
xong span_ch48__hr192_x4_bicjpeg75.csv
xong span_ch48_t44__hr192_x4_bicjpeg75.csv
xong span_ch28__hr192_x4_bicjpeg75.csv
xong span_ch26__hr192_x4_bicjpeg75.csv
xong rlfn__hr192_x4_bicjpeg75.csv
xong efdn__hr192_x4_bicjpeg75.csv
xong safmnpp__hr192_x4_bicjpeg75.csv
xong smfan__hr192_x4_bicjpeg75.csv
xong msrresnet__hr192_x4_bicjpeg75.csv
xong edsr_baseline__hr192_x4_bicjpeg75.csv
xong swinir_light__hr192_x4_bicjpeg75.csv
xong rrdb_psnr__hr192_x4_bicjpeg75.csv
xong esrgan__hr192_x4_bicjpeg75.csv
xong bsrgan__hr192_x4_bicjpeg75.csv
xong realesrgan__hr192_x4_bicjpeg75.csv
xong realesr_compact__hr192_x4_bicjpeg75.csv
xong span26__hr192_x4_bicjpeg75.csv
xong pds26__hr192_x4_bicjpeg75.csv
xong pkdsr26__hr192_x4_bicjpeg75.csv
xong dscf26__hr192_x4_bicjpeg75.csv
xong disp26__hr192_x4_bicjpeg75.csv
xong errn26__hr192_x4_bicjpeg75.csv
thiết bị: cuda (NVIDIA GeForce RTX 3080, trống 9.4 / 9.6 GB); hết bộ nhớ thì tạm chạy trên CPU rồi tự quay lại GPU. Mọi phép chấm chạy ở FP32 đầy đủ (TF32 tắt)
/root/ThaiLe/venv/lib/python3.12/site-packages/torchvision/models/_utils.py:208: UserWarning: The parameter 'pretrained' is deprecated since 0.13 and may be removed in the future, please use 'weights' instead.
  warnings.warn(
/root/ThaiLe/venv/lib/python3.12/site-packages/torchvision/models/_utils.py:223: UserWarning: Arguments other than a weight enum or `None` for 'weights' are deprecated since 0.13 and may be removed in the future. The current behavior is equivalent to passing `weights=AlexNet_Weights.IMAGENET1K_V1`. You can also use `weights=AlexNet_Weights.DEFAULT` to get the most up-to-date weights.
  warnings.warn(msg)
Loading pretrained model DISTS from /root/.cache/torch/hub/pyiqa/DISTS_weights-f5e65c96.pth
số đo cảm nhận dùng được: ['lpips', 'dists']; không dùng được: {}
xong bicubic__hr144_x2_bic.csv
xong bicubic_sharp__hr144_x2_bic.csv
/root/ThaiLe/venv/lib/python3.12/site-packages/torch/functional.py:505: UserWarning: torch.meshgrid: in an upcoming release, it will be required to pass the indexing argument. (Triggered internally at /pytorch/aten/src/ATen/native/TensorShape.cpp:4381.)
  return _VF.meshgrid(tensors, **kwargs)  # type: ignore[attr-defined]
xong swinir_light_x2__hr144_x2_bic.csv
xong realesrgan_x2__hr144_x2_bic.csv
xong bicubic__hr144_x2_bicjpeg75.csv
xong bicubic_sharp__hr144_x2_bicjpeg75.csv
xong swinir_light_x2__hr144_x2_bicjpeg75.csv
xong realesrgan_x2__hr144_x2_bicjpeg75.csv
đã ghi results/t2_summary/T2_summary.md, quality.csv, ranking.json
thiết bị: cuda (NVIDIA GeForce RTX 3080, trống 9.4 / 9.6 GB); hết bộ nhớ thì tạm chạy trên CPU rồi tự quay lại GPU. Mọi phép chấm chạy ở FP32 đầy đủ (TF32 tắt)
xong bicubic__ami__wide.csv (4900 dòng, bỏ 0 ảnh quá nhỏ)
xong span_ch48__ami__wide.csv (4900 dòng, bỏ 0 ảnh quá nhỏ)
xong span_ch48_t44__ami__wide.csv (4900 dòng, bỏ 0 ảnh quá nhỏ)
xong span_ch28__ami__wide.csv (4900 dòng, bỏ 0 ảnh quá nhỏ)
xong span_ch26__ami__wide.csv (4900 dòng, bỏ 0 ảnh quá nhỏ)
xong rlfn__ami__wide.csv (4900 dòng, bỏ 0 ảnh quá nhỏ)
xong efdn__ami__wide.csv (4900 dòng, bỏ 0 ảnh quá nhỏ)
xong safmnpp__ami__wide.csv (4900 dòng, bỏ 0 ảnh quá nhỏ)
xong smfan__ami__wide.csv (4900 dòng, bỏ 0 ảnh quá nhỏ)
xong msrresnet__ami__wide.csv (4900 dòng, bỏ 0 ảnh quá nhỏ)
xong edsr_baseline__ami__wide.csv (4900 dòng, bỏ 0 ảnh quá nhỏ)
/root/ThaiLe/venv/lib/python3.12/site-packages/torch/functional.py:505: UserWarning: torch.meshgrid: in an upcoming release, it will be required to pass the indexing argument. (Triggered internally at /pytorch/aten/src/ATen/native/TensorShape.cpp:4381.)
  return _VF.meshgrid(tensors, **kwargs)  # type: ignore[attr-defined]
xong swinir_light__ami__wide.csv (4900 dòng, bỏ 0 ảnh quá nhỏ)
xong span26__ami__wide.csv (4900 dòng, bỏ 0 ảnh quá nhỏ)
xong pds26__ami__wide.csv (4900 dòng, bỏ 0 ảnh quá nhỏ)
xong pkdsr26__ami__wide.csv (4900 dòng, bỏ 0 ảnh quá nhỏ)
xong dscf26__ami__wide.csv (4900 dòng, bỏ 0 ảnh quá nhỏ)
xong disp26__ami__wide.csv (4900 dòng, bỏ 0 ảnh quá nhỏ)
xong errn26__ami__wide.csv (4900 dòng, bỏ 0 ảnh quá nhỏ)
xong bicubic__ami__near.csv (4200 dòng, bỏ 0 ảnh quá nhỏ)
xong span_ch48__ami__near.csv (4200 dòng, bỏ 0 ảnh quá nhỏ)
xong span_ch48_t44__ami__near.csv (4200 dòng, bỏ 0 ảnh quá nhỏ)
xong span_ch28__ami__near.csv (4200 dòng, bỏ 0 ảnh quá nhỏ)
xong span_ch26__ami__near.csv (4200 dòng, bỏ 0 ảnh quá nhỏ)
xong rlfn__ami__near.csv (4200 dòng, bỏ 0 ảnh quá nhỏ)
xong efdn__ami__near.csv (4200 dòng, bỏ 0 ảnh quá nhỏ)
xong safmnpp__ami__near.csv (4200 dòng, bỏ 0 ảnh quá nhỏ)
xong smfan__ami__near.csv (4200 dòng, bỏ 0 ảnh quá nhỏ)
xong msrresnet__ami__near.csv (4200 dòng, bỏ 0 ảnh quá nhỏ)
xong edsr_baseline__ami__near.csv (4200 dòng, bỏ 0 ảnh quá nhỏ)
xong swinir_light__ami__near.csv (4200 dòng, bỏ 0 ảnh quá nhỏ)
xong span26__ami__near.csv (4200 dòng, bỏ 0 ảnh quá nhỏ)
xong pds26__ami__near.csv (4200 dòng, bỏ 0 ảnh quá nhỏ)
xong pkdsr26__ami__near.csv (4200 dòng, bỏ 0 ảnh quá nhỏ)
xong dscf26__ami__near.csv (4200 dòng, bỏ 0 ảnh quá nhỏ)
xong disp26__ami__near.csv (4200 dòng, bỏ 0 ảnh quá nhỏ)
xong errn26__ami__near.csv (4200 dòng, bỏ 0 ảnh quá nhỏ)
xong bicubic__ami__small.csv (4200 dòng, bỏ 0 ảnh quá nhỏ)
xong span_ch48__ami__small.csv (4200 dòng, bỏ 0 ảnh quá nhỏ)
xong span_ch48_t44__ami__small.csv (4200 dòng, bỏ 0 ảnh quá nhỏ)
xong span_ch28__ami__small.csv (4200 dòng, bỏ 0 ảnh quá nhỏ)
xong span_ch26__ami__small.csv (4200 dòng, bỏ 0 ảnh quá nhỏ)
xong rlfn__ami__small.csv (4200 dòng, bỏ 0 ảnh quá nhỏ)
xong efdn__ami__small.csv (4200 dòng, bỏ 0 ảnh quá nhỏ)
xong safmnpp__ami__small.csv (4200 dòng, bỏ 0 ảnh quá nhỏ)
xong smfan__ami__small.csv (4200 dòng, bỏ 0 ảnh quá nhỏ)
xong msrresnet__ami__small.csv (4200 dòng, bỏ 0 ảnh quá nhỏ)
xong edsr_baseline__ami__small.csv (4200 dòng, bỏ 0 ảnh quá nhỏ)
xong swinir_light__ami__small.csv (4200 dòng, bỏ 0 ảnh quá nhỏ)
xong span26__ami__small.csv (4200 dòng, bỏ 0 ảnh quá nhỏ)
xong pds26__ami__small.csv (4200 dòng, bỏ 0 ảnh quá nhỏ)
xong pkdsr26__ami__small.csv (4200 dòng, bỏ 0 ảnh quá nhỏ)
xong dscf26__ami__small.csv (4200 dòng, bỏ 0 ảnh quá nhỏ)
xong disp26__ami__small.csv (4200 dòng, bỏ 0 ảnh quá nhỏ)
xong errn26__ami__small.csv (4200 dòng, bỏ 0 ảnh quá nhỏ)
thiết bị: cuda (NVIDIA GeForce RTX 3080, trống 9.4 / 9.6 GB); hết bộ nhớ thì tạm chạy trên CPU rồi tự quay lại GPU. Mọi phép chấm chạy ở FP32 đầy đủ (TF32 tắt)
xong bicubic__generic__wide.csv (700 dòng, bỏ 0 ảnh quá nhỏ)
xong span_ch48__generic__wide.csv (700 dòng, bỏ 0 ảnh quá nhỏ)
xong span_ch48_t44__generic__wide.csv (700 dòng, bỏ 0 ảnh quá nhỏ)
xong span_ch28__generic__wide.csv (700 dòng, bỏ 0 ảnh quá nhỏ)
xong span_ch26__generic__wide.csv (700 dòng, bỏ 0 ảnh quá nhỏ)
xong rlfn__generic__wide.csv (700 dòng, bỏ 0 ảnh quá nhỏ)
xong efdn__generic__wide.csv (700 dòng, bỏ 0 ảnh quá nhỏ)
xong safmnpp__generic__wide.csv (700 dòng, bỏ 0 ảnh quá nhỏ)
xong smfan__generic__wide.csv (700 dòng, bỏ 0 ảnh quá nhỏ)
xong msrresnet__generic__wide.csv (700 dòng, bỏ 0 ảnh quá nhỏ)
xong edsr_baseline__generic__wide.csv (700 dòng, bỏ 0 ảnh quá nhỏ)
/root/ThaiLe/venv/lib/python3.12/site-packages/torch/functional.py:505: UserWarning: torch.meshgrid: in an upcoming release, it will be required to pass the indexing argument. (Triggered internally at /pytorch/aten/src/ATen/native/TensorShape.cpp:4381.)
  return _VF.meshgrid(tensors, **kwargs)  # type: ignore[attr-defined]
xong swinir_light__generic__wide.csv (700 dòng, bỏ 0 ảnh quá nhỏ)
xong span26__generic__wide.csv (700 dòng, bỏ 0 ảnh quá nhỏ)
xong pds26__generic__wide.csv (700 dòng, bỏ 0 ảnh quá nhỏ)
xong pkdsr26__generic__wide.csv (700 dòng, bỏ 0 ảnh quá nhỏ)
xong dscf26__generic__wide.csv (700 dòng, bỏ 0 ảnh quá nhỏ)
xong disp26__generic__wide.csv (700 dòng, bỏ 0 ảnh quá nhỏ)
xong errn26__generic__wide.csv (700 dòng, bỏ 0 ảnh quá nhỏ)
xong bicubic__generic__small.csv (600 dòng, bỏ 0 ảnh quá nhỏ)
xong span_ch48__generic__small.csv (600 dòng, bỏ 0 ảnh quá nhỏ)
xong span_ch48_t44__generic__small.csv (600 dòng, bỏ 0 ảnh quá nhỏ)
xong span_ch28__generic__small.csv (600 dòng, bỏ 0 ảnh quá nhỏ)
xong span_ch26__generic__small.csv (600 dòng, bỏ 0 ảnh quá nhỏ)
xong rlfn__generic__small.csv (600 dòng, bỏ 0 ảnh quá nhỏ)
xong efdn__generic__small.csv (600 dòng, bỏ 0 ảnh quá nhỏ)
xong safmnpp__generic__small.csv (600 dòng, bỏ 0 ảnh quá nhỏ)
xong smfan__generic__small.csv (600 dòng, bỏ 0 ảnh quá nhỏ)
xong msrresnet__generic__small.csv (600 dòng, bỏ 0 ảnh quá nhỏ)
xong edsr_baseline__generic__small.csv (600 dòng, bỏ 0 ảnh quá nhỏ)
xong swinir_light__generic__small.csv (600 dòng, bỏ 0 ảnh quá nhỏ)
xong span26__generic__small.csv (600 dòng, bỏ 0 ảnh quá nhỏ)
xong pds26__generic__small.csv (600 dòng, bỏ 0 ảnh quá nhỏ)
xong pkdsr26__generic__small.csv (600 dòng, bỏ 0 ảnh quá nhỏ)
xong dscf26__generic__small.csv (600 dòng, bỏ 0 ảnh quá nhỏ)
xong disp26__generic__small.csv (600 dòng, bỏ 0 ảnh quá nhỏ)
xong errn26__generic__small.csv (600 dòng, bỏ 0 ảnh quá nhỏ)
# T6 (i), (v): phép thử ngữ cảnh (không huấn luyện)

Mất khi thiếu ngữ cảnh = PSNR-Y của cửa sổ khi mạng thấy ngữ cảnh thật đầy đủ, trừ PSNR-Y khi mạng chỉ thấy cửa sổ. Cùng cửa sổ, cùng điểm ảnh; so ghép cặp, bootstrap theo người (hoặc theo ảnh).

## ami, cấu hình near (700 ảnh)

| Mô hình | PSNR đủ ngữ cảnh | Mất khi thiếu ngữ cảnh (dB) [KTC 95%] | Hồi phục hết ở | MSE vành sát mép (lần) | MSE vành trong (lần) | Đệm trước lặp viền (dB) | Đệm trước phản chiếu (dB) |
|---|---|---|---|---|---|---|---|
| pds26 | 40.94 | 0.190 [0.179, 0.201] | 4 px | 1.28 | 1.000 | -0.57 | -0.66 |
| pkdsr26 | 40.94 | 0.185 [0.175, 0.198] | 4 px | 1.27 | 1.000 | -0.60 | -0.68 |
| dscf26 | 40.90 | 0.163 [0.154, 0.173] | 4 px | 1.24 | 1.000 | -0.57 | -0.65 |
| safmnpp | 40.97 | 0.162 [0.152, 0.171] | 4 px | 1.21 | 1.002 | -0.58 | -0.80 |
| errn26 | 40.98 | 0.159 [0.150, 0.169] | 4 px | 1.22 | 1.000 | -0.79 | -0.78 |
| span_ch26 | 40.90 | 0.156 [0.147, 0.167] | 4 px | 1.23 | 1.000 | -0.58 | -0.65 |
| swinir_light | 41.25 | 0.154 [0.145, 0.165] | 4 px | 1.21 | 1.000 | -0.55 | -0.73 |
| rlfn | 41.14 | 0.153 [0.144, 0.164] | 8 px | 1.20 | 1.000 | -0.68 | -0.75 |
| span26 | 40.93 | 0.150 [0.142, 0.159] | 4 px | 1.21 | 1.000 | -0.65 | -0.77 |
| span_ch28 | 40.93 | 0.150 [0.142, 0.159] | 4 px | 1.21 | 1.000 | -0.65 | -0.77 |
| disp26 | 41.07 | 0.148 [0.140, 0.157] | 4 px | 1.21 | 1.000 | -0.58 | -0.76 |
| smfan | 41.04 | 0.148 [0.139, 0.157] | 2 px | 1.23 | 0.997 | -0.57 | -0.75 |
| efdn | 41.10 | 0.140 [0.131, 0.149] | 4 px | 1.20 | 0.998 | -0.73 | -0.75 |
| span_ch48_t44 | 41.12 | 0.136 [0.129, 0.145] | 4 px | 1.19 | 1.000 | -0.87 | -0.82 |
| span_ch48 | 41.18 | 0.129 [0.121, 0.137] | 4 px | 1.18 | 1.000 | -0.84 | -0.79 |
| edsr_baseline | 41.16 | 0.123 [0.116, 0.131] | 4 px | 1.18 | 1.000 | -0.79 | -0.82 |
| msrresnet | 41.17 | 0.118 [0.110, 0.126] | 4 px | 1.17 | 1.000 | -0.77 | -0.83 |
| bicubic | 38.76 | 0.096 [0.088, 0.103] | 2 px | 1.20 | 1.000 | -0.02 | -0.26 |

## ami, cấu hình small (700 ảnh)

| Mô hình | PSNR đủ ngữ cảnh | Mất khi thiếu ngữ cảnh (dB) [KTC 95%] | Hồi phục hết ở | MSE vành sát mép (lần) | MSE vành trong (lần) | Đệm trước lặp viền (dB) | Đệm trước phản chiếu (dB) |
|---|---|---|---|---|---|---|---|
| pds26 | 39.91 | 0.405 [0.383, 0.426] | 4 px | 1.48 | 1.000 | -1.34 | -1.48 |
| pkdsr26 | 39.92 | 0.391 [0.369, 0.412] | 4 px | 1.46 | 1.000 | -1.42 | -1.53 |
| dscf26 | 39.91 | 0.356 [0.336, 0.375] | 4 px | 1.41 | 1.000 | -1.36 | -1.49 |
| span_ch26 | 39.91 | 0.354 [0.334, 0.374] | 4 px | 1.40 | 1.000 | -1.35 | -1.49 |
| rlfn | 40.28 | 0.347 [0.326, 0.368] | 8 px | 1.33 | 1.015 | -1.62 | -1.76 |
| errn26 | 40.04 | 0.334 [0.316, 0.354] | 4 px | 1.38 | 1.000 | -1.76 | -1.81 |
| safmnpp | 40.00 | 0.333 [0.316, 0.351] | 8 px | 1.34 | 1.006 | -1.36 | -1.78 |
| span26 | 39.95 | 0.325 [0.305, 0.346] | 4 px | 1.35 | 1.000 | -1.54 | -1.71 |
| span_ch28 | 39.95 | 0.325 [0.305, 0.346] | 4 px | 1.35 | 1.000 | -1.54 | -1.71 |
| disp26 | 40.14 | 0.321 [0.303, 0.340] | 4 px | 1.34 | 1.000 | -1.45 | -1.74 |
| efdn | 40.19 | 0.320 [0.303, 0.338] | 4 px | 1.33 | 1.009 | -1.72 | -1.75 |
| smfan | 40.12 | 0.300 [0.282, 0.319] | 2 px | 1.36 | 0.994 | -1.37 | -1.70 |
| span_ch48_t44 | 40.27 | 0.286 [0.270, 0.304] | 4 px | 1.32 | 1.000 | -1.94 | -1.90 |
| swinir_light | 40.42 | 0.280 [0.261, 0.299] | 4 px | 1.32 | 1.001 | -1.38 | -1.78 |
| span_ch48 | 40.33 | 0.274 [0.256, 0.291] | 4 px | 1.30 | 1.000 | -1.88 | -1.84 |
| edsr_baseline | 40.32 | 0.253 [0.236, 0.270] | 4 px | 1.28 | 1.000 | -1.77 | -1.91 |
| msrresnet | 40.35 | 0.241 [0.225, 0.259] | 4 px | 1.27 | 1.000 | -1.78 | -1.95 |
| bicubic | 36.97 | 0.214 [0.202, 0.227] | 2 px | 1.35 | 1.000 | -0.03 | -0.49 |

## ami, cấu hình wide (700 ảnh)

| Mô hình | PSNR đủ ngữ cảnh | Mất khi thiếu ngữ cảnh (dB) [KTC 95%] | Hồi phục hết ở | MSE vành sát mép (lần) | MSE vành trong (lần) | Đệm trước lặp viền (dB) | Đệm trước phản chiếu (dB) |
|---|---|---|---|---|---|---|---|
| pds26 | 43.50 | 0.238 [0.224, 0.252] | 4 px | 1.48 | 1.000 | -0.64 | -0.79 |
| pkdsr26 | 43.52 | 0.213 [0.200, 0.227] | 4 px | 1.43 | 1.000 | -0.69 | -0.83 |
| safmnpp | 43.47 | 0.202 [0.190, 0.214] | 8 px | 1.36 | 1.003 | -0.58 | -0.87 |
| dscf26 | 43.47 | 0.191 [0.179, 0.203] | 4 px | 1.38 | 1.000 | -0.66 | -0.81 |
| span_ch26 | 43.47 | 0.179 [0.168, 0.191] | 4 px | 1.36 | 1.000 | -0.67 | -0.82 |
| errn26 | 43.51 | 0.179 [0.168, 0.191] | 4 px | 1.34 | 1.000 | -0.92 | -0.92 |
| bicubic | 42.08 | 0.166 [0.153, 0.179] | 4 px | 1.38 | 1.000 | -0.03 | -0.45 |
| smfan | 43.54 | 0.163 [0.153, 0.173] | 4 px | 1.33 | 1.000 | -0.59 | -0.88 |
| span26 | 43.50 | 0.155 [0.145, 0.166] | 4 px | 1.31 | 1.000 | -0.71 | -0.88 |
| span_ch28 | 43.50 | 0.155 [0.145, 0.166] | 4 px | 1.31 | 1.000 | -0.71 | -0.88 |
| rlfn | 43.61 | 0.142 [0.131, 0.155] | 4 px | 1.27 | 1.001 | -0.79 | -0.93 |
| swinir_light | 43.68 | 0.141 [0.131, 0.153] | 4 px | 1.28 | 1.000 | -0.69 | -0.93 |
| efdn | 43.58 | 0.141 [0.132, 0.152] | 4 px | 1.27 | 1.001 | -0.80 | -0.96 |
| disp26 | 43.55 | 0.133 [0.125, 0.142] | 4 px | 1.27 | 1.000 | -0.65 | -0.93 |
| span_ch48_t44 | 43.58 | 0.125 [0.116, 0.134] | 4 px | 1.25 | 1.000 | -0.98 | -0.97 |
| span_ch48 | 43.64 | 0.113 [0.105, 0.122] | 4 px | 1.23 | 1.000 | -0.98 | -0.99 |
| edsr_baseline | 43.61 | 0.112 [0.105, 0.120] | 4 px | 1.22 | 1.000 | -0.94 | -1.00 |
| msrresnet | 43.61 | 0.102 [0.094, 0.109] | 4 px | 1.21 | 1.000 | -0.87 | -1.00 |

## generic, cấu hình small (100 ảnh)

| Mô hình | PSNR đủ ngữ cảnh | Mất khi thiếu ngữ cảnh (dB) [KTC 95%] | Hồi phục hết ở | MSE vành sát mép (lần) | MSE vành trong (lần) | Đệm trước lặp viền (dB) | Đệm trước phản chiếu (dB) |
|---|---|---|---|---|---|---|---|
| swinir_light | 24.68 | 0.169 [0.136, 0.206] | 8 px | 1.18 | 1.001 | -0.32 | -0.38 |
| rlfn | 24.52 | 0.163 [0.137, 0.189] | 4 px | 1.18 | 1.000 | -0.32 | -0.30 |
| efdn | 24.49 | 0.160 [0.132, 0.191] | 8 px | 1.17 | 1.001 | -0.30 | -0.28 |
| errn26 | 24.53 | 0.143 [0.116, 0.172] | 4 px | 1.17 | 1.000 | -0.33 | -0.30 |
| safmnpp | 24.49 | 0.142 [0.120, 0.167] | 4 px | 1.17 | 1.002 | -0.33 | -0.30 |
| span_ch48 | 24.54 | 0.142 [0.113, 0.177] | 4 px | 1.17 | 1.000 | -0.38 | -0.33 |
| edsr_baseline | 24.50 | 0.141 [0.115, 0.171] | 4 px | 1.16 | 0.999 | -0.33 | -0.34 |
| pkdsr26 | 24.33 | 0.137 [0.116, 0.160] | 2 px | 1.17 | 1.000 | -0.31 | -0.27 |
| span_ch48_t44 | 24.55 | 0.137 [0.113, 0.163] | 4 px | 1.17 | 1.000 | -0.40 | -0.33 |
| pds26 | 24.35 | 0.137 [0.116, 0.159] | 2 px | 1.17 | 1.000 | -0.28 | -0.25 |
| msrresnet | 24.53 | 0.136 [0.111, 0.167] | 4 px | 1.16 | 1.000 | -0.34 | -0.36 |
| smfan | 24.46 | 0.131 [0.107, 0.157] | 4 px | 1.16 | 0.999 | -0.26 | -0.31 |
| disp26 | 24.43 | 0.129 [0.107, 0.152] | 4 px | 1.16 | 1.000 | -0.33 | -0.27 |
| span26 | 24.37 | 0.126 [0.103, 0.150] | 4 px | 1.15 | 1.000 | -0.35 | -0.30 |
| span_ch28 | 24.37 | 0.126 [0.103, 0.150] | 4 px | 1.15 | 1.000 | -0.35 | -0.30 |
| dscf26 | 24.30 | 0.124 [0.101, 0.150] | 2 px | 1.15 | 1.000 | -0.33 | -0.28 |
| span_ch26 | 24.29 | 0.118 [0.094, 0.144] | 2 px | 1.14 | 1.000 | -0.35 | -0.29 |
| bicubic | 22.82 | 0.032 [0.026, 0.037] | 2 px | 1.05 | 1.000 | -0.00 | -0.07 |

## generic, cấu hình wide (100 ảnh)

| Mô hình | PSNR đủ ngữ cảnh | Mất khi thiếu ngữ cảnh (dB) [KTC 95%] | Hồi phục hết ở | MSE vành sát mép (lần) | MSE vành trong (lần) | Đệm trước lặp viền (dB) | Đệm trước phản chiếu (dB) |
|---|---|---|---|---|---|---|---|
| swinir_light | 26.25 | 0.154 [0.121, 0.198] | 8 px | 1.21 | 1.001 | -0.30 | -0.43 |
| rlfn | 26.07 | 0.137 [0.114, 0.163] | 8 px | 1.20 | 1.002 | -0.30 | -0.35 |
| pkdsr26 | 25.86 | 0.131 [0.109, 0.156] | 4 px | 1.20 | 1.000 | -0.29 | -0.32 |
| pds26 | 25.86 | 0.130 [0.108, 0.154] | 4 px | 1.21 | 1.000 | -0.27 | -0.30 |
| errn26 | 26.07 | 0.130 [0.106, 0.155] | 4 px | 1.19 | 1.000 | -0.33 | -0.38 |
| safmnpp | 26.03 | 0.121 [0.101, 0.144] | 8 px | 1.19 | 1.002 | -0.30 | -0.37 |
| edsr_baseline | 26.08 | 0.120 [0.096, 0.149] | 4 px | 1.18 | 1.000 | -0.33 | -0.40 |
| msrresnet | 26.11 | 0.118 [0.093, 0.148] | 4 px | 1.18 | 1.000 | -0.35 | -0.44 |
| span_ch48 | 26.10 | 0.116 [0.094, 0.140] | 4 px | 1.19 | 1.000 | -0.38 | -0.42 |
| smfan | 25.99 | 0.114 [0.093, 0.138] | 8 px | 1.18 | 1.001 | -0.27 | -0.36 |
| efdn | 26.01 | 0.113 [0.091, 0.138] | 4 px | 1.17 | 1.000 | -0.29 | -0.37 |
| span_ch48_t44 | 26.11 | 0.112 [0.090, 0.137] | 4 px | 1.19 | 1.000 | -0.39 | -0.42 |
| span26 | 25.89 | 0.108 [0.089, 0.130] | 4 px | 1.17 | 1.000 | -0.34 | -0.35 |
| span_ch28 | 25.89 | 0.108 [0.089, 0.130] | 4 px | 1.17 | 1.000 | -0.34 | -0.35 |
| dscf26 | 25.82 | 0.107 [0.088, 0.127] | 4 px | 1.17 | 1.000 | -0.32 | -0.33 |
| disp26 | 25.94 | 0.105 [0.088, 0.123] | 4 px | 1.18 | 1.000 | -0.34 | -0.35 |
| span_ch26 | 25.81 | 0.100 [0.083, 0.120] | 4 px | 1.16 | 1.000 | -0.33 | -0.34 |
| bicubic | 23.95 | 0.026 [0.021, 0.031] | 4 px | 1.05 | 1.000 | -0.00 | -0.07 |

thiết bị: cuda (NVIDIA GeForce RTX 3080, trống 9.4 / 9.6 GB); hết bộ nhớ thì chờ rồi đo lại, không đo thay trên CPU
bicubic                  median     0.03 ms   p95     0.04 ms
span_ch48                median     0.50 ms   p95     0.57 ms
span_ch48_t44            median     0.50 ms   p95     0.50 ms
span_ch28                median     0.46 ms   p95     0.47 ms
span_ch26                median     0.46 ms   p95     0.46 ms
rlfn                     median     0.67 ms   p95     0.67 ms
efdn                     median     1.07 ms   p95     1.08 ms
safmnpp                  median     0.60 ms   p95     0.62 ms
smfan                    median     1.77 ms   p95     1.80 ms
msrresnet                median     1.43 ms   p95     1.44 ms
edsr_baseline            median     1.18 ms   p95     1.18 ms
/root/ThaiLe/venv/lib/python3.12/site-packages/torch/functional.py:505: UserWarning: torch.meshgrid: in an upcoming release, it will be required to pass the indexing argument. (Triggered internally at /pytorch/aten/src/ATen/native/TensorShape.cpp:4381.)
  return _VF.meshgrid(tensors, **kwargs)  # type: ignore[attr-defined]
swinir_light             median    14.76 ms   p95    14.85 ms
rrdb_psnr                median    13.39 ms   p95    13.49 ms
esrgan                   median    13.48 ms   p95    13.49 ms
bsrgan                   median    13.57 ms   p95    13.59 ms
realesrgan               median    13.57 ms   p95    13.58 ms
realesr_compact          median     0.82 ms   p95     0.82 ms
swinir_light_x2          median    29.06 ms   p95    29.12 ms
realesrgan_x2            median    13.65 ms   p95    13.66 ms
span26                   median     0.47 ms   p95     0.47 ms
pds26                    median     0.35 ms   p95     0.35 ms
pkdsr26                  median     0.35 ms   p95     0.35 ms
dscf26                   median     0.44 ms   p95     0.45 ms
disp26                   median     0.34 ms   p95     0.35 ms
errn26                   median     0.54 ms   p95     0.54 ms
spanvar_zero             median     0.50 ms   p95     0.50 ms
spanvar_replicate        median     0.57 ms   p95     0.57 ms
spanvar_reflect          median     0.58 ms   p95     0.58 ms
spanvar_zero-wide        median     0.34 ms   p95     0.34 ms
spanvar_zero-deep        median     1.08 ms   p95     1.09 ms
đã ghi results/latency_local.csv
Torch IR graph at exception: graph(%0 : Float(1, 3, 68, 48, strides=[9792, 3264, 48, 1], requires_grad=0, device=cpu),
      %net.to_feat.weight : Float(36, 3, 3, 3, strides=[27, 9, 3, 1], requires_grad=1, device=cpu),
      %net.feats.0.conv1.proj.weight : Float(36, 36, 3, 3, strides=[324, 9, 3, 1], requires_grad=1, device=cpu),
      %net.feats.0.conv1.dwconv.weight : Float(12, 1, 3, 3, strides=[9, 9, 3, 1], requires_grad=1, device=cpu),
      %net.feats.0.conv1.out.weight : Float(36, 36, 1, 1, strides=[36, 1, 1, 1], requires_grad=1, device=cpu),
      %net.feats.0.conv2.conv1.weight : Float(54, 36, 3, 3, strides=[324, 9, 3, 1], requires_grad=1, device=cpu),
      %net.feats.0.conv2.conv2.weight : Float(36, 54, 1, 1, strides=[54, 1, 1, 1], requires_grad=1, device=cpu),
      %net.feats.1.conv1.proj.weight : Float(36, 36, 3, 3, strides=[324, 9, 3, 1], requires_grad=1, device=cpu),
      %net.feats.1.conv1.dwconv.weight : Float(12, 1, 3, 3, strides=[9, 9, 3, 1], requires_grad=1, device=cpu),
      %net.feats.1.conv1.out.weight : Float(36, 36, 1, 1, strides=[36, 1, 1, 1], requires_grad=1, device=cpu),
      %net.feats.1.conv2.conv1.weight : Float(54, 36, 3, 3, strides=[324, 9, 3, 1], requires_grad=1, device=cpu),
      %net.feats.1.conv2.conv2.weight : Float(36, 54, 1, 1, strides=[54, 1, 1, 1], requires_grad=1, device=cpu),
      %net.feats.2.conv1.proj.weight : Float(36, 36, 3, 3, strides=[324, 9, 3, 1], requires_grad=1, device=cpu),
      %net.feats.2.conv1.dwconv.weight : Float(12, 1, 3, 3, strides=[9, 9, 3, 1], requires_grad=1, device=cpu),
      %net.feats.2.conv1.out.weight : Float(36, 36, 1, 1, strides=[36, 1, 1, 1], requires_grad=1, device=cpu),
      %net.feats.2.conv2.conv1.weight : Float(54, 36, 3, 3, strides=[324, 9, 3, 1], requires_grad=1, device=cpu),
      %net.feats.2.conv2.conv2.weight : Float(36, 54, 1, 1, strides=[54, 1, 1, 1], requires_grad=1, device=cpu),
      %net.feats.3.conv1.proj.weight : Float(36, 36, 3, 3, strides=[324, 9, 3, 1], requires_grad=1, device=cpu),
      %net.feats.3.conv1.dwconv.weight : Float(12, 1, 3, 3, strides=[9, 9, 3, 1], requires_grad=1, device=cpu),
      %net.feats.3.conv1.out.weight : Float(36, 36, 1, 1, strides=[36, 1, 1, 1], requires_grad=1, device=cpu),
      %net.feats.3.conv2.conv1.weight : Float(54, 36, 3, 3, strides=[324, 9, 3, 1], requires_grad=1, device=cpu),
      %net.feats.3.conv2.conv2.weight : Float(36, 54, 1, 1, strides=[54, 1, 1, 1], requires_grad=1, device=cpu),
      %net.feats.4.conv1.proj.weight : Float(36, 36, 3, 3, strides=[324, 9, 3, 1], requires_grad=1, device=cpu),
      %net.feats.4.conv1.dwconv.weight : Float(12, 1, 3, 3, strides=[9, 9, 3, 1], requires_grad=1, device=cpu),
      %net.feats.4.conv1.out.weight : Float(36, 36, 1, 1, strides=[36, 1, 1, 1], requires_grad=1, device=cpu),
      %net.feats.4.conv2.conv1.weight : Float(54, 36, 3, 3, strides=[324, 9, 3, 1], requires_grad=1, device=cpu),
      %net.feats.4.conv2.conv2.weight : Float(36, 54, 1, 1, strides=[54, 1, 1, 1], requires_grad=1, device=cpu),
      %net.feats.5.conv1.proj.weight : Float(36, 36, 3, 3, strides=[324, 9, 3, 1], requires_grad=1, device=cpu),
      %net.feats.5.conv1.dwconv.weight : Float(12, 1, 3, 3, strides=[9, 9, 3, 1], requires_grad=1, device=cpu),
      %net.feats.5.conv1.out.weight : Float(36, 36, 1, 1, strides=[36, 1, 1, 1], requires_grad=1, device=cpu),
      %net.feats.5.conv2.conv1.weight : Float(54, 36, 3, 3, strides=[324, 9, 3, 1], requires_grad=1, device=cpu),
      %net.feats.5.conv2.conv2.weight : Float(36, 54, 1, 1, strides=[54, 1, 1, 1], requires_grad=1, device=cpu),
      %net.to_img.0.weight : Float(48, 36, 3, 3, strides=[324, 9, 3, 1], requires_grad=1, device=cpu)):
  %6847 : Long(device=cpu) = prim::Constant[value={2}](), scope: earsr.models.registry.SRModel::
  %5671 : Long(device=cpu) = aten::size(%0, %6847), scope: earsr.models.registry.SRModel:: # /root/ThaiLe/new_exprerient/earsr_rt/earsr/models/registry.py:49:0
  %6848 : Long(device=cpu) = prim::Constant[value={3}](), scope: earsr.models.registry.SRModel::
  %5674 : Long(device=cpu) = aten::size(%0, %6848), scope: earsr.models.registry.SRModel:: # /root/ThaiLe/new_exprerient/earsr_rt/earsr/models/registry.py:49:0
  %6849 : Double(device=cpu) = prim::Constant[value={1}]()
  %x : Float(1, 3, 68, 48, strides=[9792, 3264, 48, 1], requires_grad=0, device=cpu) = aten::mul(%0, %6849), scope: earsr.models.registry.SRModel:: # /root/ThaiLe/new_exprerient/earsr_rt/earsr/models/registry.py:56:0
  %5678 : NoneType = prim::Constant(), scope: earsr.models.registry.SRModel::/earsr.models.zoo.safmnpp.SAFMNPP::net
  %6850 : Bool(device=cpu) = prim::Constant[value={0}](), scope: earsr.models.registry.SRModel::/earsr.models.zoo.safmnpp.SAFMNPP::net
  %6692 : float[] = prim::Constant[value=[4., 4.]]()
  %5683 : Float(1, 3, 272, 192, strides=[156672, 52224, 192, 1], requires_grad=0, device=cpu) = aten::upsample_bilinear2d(%x, %5678, %6850, %6692), scope: earsr.models.registry.SRModel::/earsr.models.zoo.safmnpp.SAFMNPP::net # /root/ThaiLe/venv/lib/python3.12/site-packages/torch/nn/functional.py:4877:0
  %6693 : int[] = prim::Constant[value=[1, 1]]()
  %6696 : int[] = prim::Constant[value=[0, 0]]()
  %6851 : Long(device=cpu) = prim::Constant[value={1}](), scope: earsr.models.registry.SRModel::/earsr.models.zoo.safmnpp.SAFMNPP::net/torch.nn.modules.conv.Conv2d::to_feat
  %6852 : Bool(device=cpu) = prim::Constant[value={1}](), scope: earsr.models.registry.SRModel::/earsr.models.zoo.safmnpp.SAFMNPP::net/torch.nn.modules.conv.Conv2d::to_feat
  %input.1 : Float(1, 36, 68, 48, strides=[117504, 3264, 48, 1], requires_grad=0, device=cpu) = aten::_convolution(%x, %net.to_feat.weight, %5678, %6693, %6693, %6693, %6850, %6696, %6851, %6850, %6850, %6852, %6852), scope: earsr.models.registry.SRModel::/earsr.models.zoo.safmnpp.SAFMNPP::net/torch.nn.modules.conv.Conv2d::to_feat # /root/ThaiLe/venv/lib/python3.12/site-packages/torch/nn/modules/conv.py:548:0
  %5711 : Long(device=cpu) = aten::size(%input.1, %6847), scope: earsr.models.registry.SRModel::/earsr.models.zoo.safmnpp.SAFMNPP::net/torch.nn.modules.container.Sequential::feats/earsr.models.zoo.safmnpp.AttBlock::feats.0/earsr.models.zoo.safmnpp.SimpleSAFM::conv1 # /root/ThaiLe/new_exprerient/earsr_rt/earsr/models/zoo/safmnpp.py:22:0
  %5715 : Long(device=cpu) = aten::size(%input.1, %6848), scope: earsr.models.registry.SRModel::/earsr.models.zoo.safmnpp.SAFMNPP::net/torch.nn.modules.container.Sequential::feats/earsr.models.zoo.safmnpp.AttBlock::feats.0/earsr.models.zoo.safmnpp.SimpleSAFM::conv1 # /root/ThaiLe/new_exprerient/earsr_rt/earsr/models/zoo/safmnpp.py:22:0
  %5737 : Float(1, 36, 68, 48, strides=[117504, 3264, 48, 1], requires_grad=0, device=cpu) = aten::_convolution(%input.1, %net.feats.0.conv1.proj.weight, %5678, %6693, %6693, %6693, %6850, %6696, %6851, %6850, %6850, %6852, %6852), scope: earsr.models.registry.SRModel::/earsr.models.zoo.safmnpp.SAFMNPP::net/torch.nn.modules.container.Sequential::feats/earsr.models.zoo.safmnpp.AttBlock::feats.0/earsr.models.zoo.safmnpp.SimpleSAFM::conv1/torch.nn.modules.conv.Conv2d::proj # /root/ThaiLe/venv/lib/python3.12/site-packages/torch/nn/modules/conv.py:548:0
  %6701 : int[] = prim::Constant[value=[12, 24]]()
  %input.3 : Float(1, 12, 68, 48, strides=[117504, 3264, 48, 1], requires_grad=1, device=cpu), %6836 : Float(1, 24, 68, 48, strides=[117504, 3264, 48, 1], requires_grad=1, device=cpu) = aten::split_with_sizes[_outputs=2](%5737, %6701, %6851), scope: earsr.models.registry.SRModel::/earsr.models.zoo.safmnpp.SAFMNPP::net/torch.nn.modules.container.Sequential::feats/earsr.models.zoo.safmnpp.AttBlock::feats.0/earsr.models.zoo.safmnpp.SimpleSAFM::conv1 # /root/ThaiLe/venv/lib/python3.12/site-packages/torch/_tensor.py:1067:0
  %5745 : Long(requires_grad=0, device=cpu) = prim::Constant[value={8}](), scope: earsr.models.registry.SRModel::/earsr.models.zoo.safmnpp.SAFMNPP::net/torch.nn.modules.container.Sequential::feats/earsr.models.zoo.safmnpp.AttBlock::feats.0/earsr.models.zoo.safmnpp.SimpleSAFM::conv1 # /root/ThaiLe/venv/lib/python3.12/site-packages/torch/_tensor.py:1161:0
  %5746 : Long(requires_grad=0, device=cpu) = aten::floor_divide(%5711, %5745), scope: earsr.models.registry.SRModel::/earsr.models.zoo.safmnpp.SAFMNPP::net/torch.nn.modules.container.Sequential::feats/earsr.models.zoo.safmnpp.AttBlock::feats.0/earsr.models.zoo.safmnpp.SimpleSAFM::conv1 # /root/ThaiLe/venv/lib/python3.12/site-packages/torch/_tensor.py:1161:0
  %5749 : Long(requires_grad=0, device=cpu) = aten::floor_divide(%5715, %5745), scope: earsr.models.registry.SRModel::/earsr.models.zoo.safmnpp.SAFMNPP::net/torch.nn.modules.container.Sequential::feats/earsr.models.zoo.safmnpp.AttBlock::feats.0/earsr.models.zoo.safmnpp.SimpleSAFM::conv1 # /root/ThaiLe/venv/lib/python3.12/site-packages/torch/_tensor.py:1161:0
  %5763 : int[] = prim::ListConstruct(%5746, %5749), scope: earsr.models.registry.SRModel::/earsr.models.zoo.safmnpp.SAFMNPP::net/torch.nn.modules.container.Sequential::feats/earsr.models.zoo.safmnpp.AttBlock::feats.0/earsr.models.zoo.safmnpp.SimpleSAFM::conv1
  %input.5 : Float(1, 12, 8, 6, strides=[576, 48, 6, 1], requires_grad=1, device=cpu), %5765 : Long(1, 12, 8, 6, strides=[576, 48, 6, 1], requires_grad=0, device=cpu) = aten::adaptive_max_pool2d(%input.3, %5763), scope: earsr.models.registry.SRModel::/earsr.models.zoo.safmnpp.SAFMNPP::net/torch.nn.modules.container.Sequential::feats/earsr.models.zoo.safmnpp.AttBlock::feats.0/earsr.models.zoo.safmnpp.SimpleSAFM::conv1 # /root/ThaiLe/venv/lib/python3.12/site-packages/torch/nn/functional.py:1282:0
  %6853 : Long(device=cpu) = prim::Constant[value={12}](), scope: earsr.models.registry.SRModel::/earsr.models.zoo.safmnpp.SAFMNPP::net/torch.nn.modules.container.Sequential::feats/earsr.models.zoo.safmnpp.AttBlock::feats.0/earsr.models.zoo.safmnpp.SimpleSAFM::conv1/torch.nn.modules.conv.Conv2d::dwconv
  %x2.1 : Float(1, 12, 8, 6, strides=[576, 48, 6, 1], requires_grad=0, device=cpu) = aten::_convolution(%input.5, %net.feats.0.conv1.dwconv.weight, %5678, %6693, %6693, %6693, %6850, %6696, %6853, %6850, %6850, %6852, %6852), scope: earsr.models.registry.SRModel::/earsr.models.zoo.safmnpp.SAFMNPP::net/torch.nn.modules.container.Sequential::feats/earsr.models.zoo.safmnpp.AttBlock::feats.0/earsr.models.zoo.safmnpp.SimpleSAFM::conv1/torch.nn.modules.conv.Conv2d::dwconv # /root/ThaiLe/venv/lib/python3.12/site-packages/torch/nn/modules/conv.py:548:0
  %5786 : int[] = prim::ListConstruct(%5711, %5715), scope: earsr.models.registry.SRModel::/earsr.models.zoo.safmnpp.SAFMNPP::net/torch.nn.modules.container.Sequential::feats/earsr.models.zoo.safmnpp.AttBlock::feats.0/earsr.models.zoo.safmnpp.SimpleSAFM::conv1
  %5789 : Float(1, 12, 68, 48, strides=[39168, 3264, 48, 1], requires_grad=1, device=cpu) = aten::upsample_bilinear2d(%x2.1, %5786, %6850, %5678), scope: earsr.models.registry.SRModel::/earsr.models.zoo.safmnpp.SAFMNPP::net/torch.nn.modules.container.Sequential::feats/earsr.models.zoo.safmnpp.AttBlock::feats.0/earsr.models.zoo.safmnpp.SimpleSAFM::conv1 # /root/ThaiLe/venv/lib/python3.12/site-packages/torch/nn/functional.py:4877:0
  %5790 : str = prim::Constant[value="none"](), scope: earsr.models.registry.SRModel::/earsr.models.zoo.safmnpp.SAFMNPP::net/torch.nn.modules.container.Sequential::feats/earsr.models.zoo.safmnpp.AttBlock::feats.0/earsr.models.zoo.safmnpp.SimpleSAFM::conv1/torch.nn.modules.activation.GELU::act # /root/ThaiLe/venv/lib/python3.12/site-packages/torch/nn/modules/activation.py:816:0
  %5791 : Float(1, 12, 68, 48, strides=[39168, 3264, 48, 1], requires_grad=1, device=cpu) = aten::gelu(%5789, %5790), scope: earsr.models.registry.SRModel::/earsr.models.zoo.safmnpp.SAFMNPP::net/torch.nn.modules.container.Sequential::feats/earsr.models.zoo.safmnpp.AttBlock::feats.0/earsr.models.zoo.safmnpp.SimpleSAFM::conv1/torch.nn.modules.activation.GELU::act # /root/ThaiLe/venv/lib/python3.12/site-packages/torch/nn/modules/activation.py:816:0
  %5792 : Float(1, 12, 68, 48, strides=[39168, 3264, 48, 1], requires_grad=1, device=cpu) = aten::mul(%5791, %input.3), scope: earsr.models.registry.SRModel::/earsr.models.zoo.safmnpp.SAFMNPP::net/torch.nn.modules.container.Sequential::feats/earsr.models.zoo.safmnpp.AttBlock::feats.0/earsr.models.zoo.safmnpp.SimpleSAFM::conv1 # /root/ThaiLe/new_exprerient/earsr_rt/earsr/models/zoo/safmnpp.py:29:0
  %5793 : Tensor[] = prim::ListConstruct(%6836, %5792), scope: earsr.models.registry.SRModel::/earsr.models.zoo.safmnpp.SAFMNPP::net/torch.nn.modules.container.Sequential::feats/earsr.models.zoo.safmnpp.AttBlock::feats.0/earsr.models.zoo.safmnpp.SimpleSAFM::conv1
  %5795 : Float(1, 36, 68, 48, strides=[117504, 3264, 48, 1], requires_grad=1, device=cpu) = aten::cat(%5793, %6851), scope: earsr.models.registry.SRModel::/earsr.models.zoo.safmnpp.SAFMNPP::net/torch.nn.modules.container.Sequential::feats/earsr.models.zoo.safmnpp.AttBlock::feats.0/earsr.models.zoo.safmnpp.SimpleSAFM::conv1 # /root/ThaiLe/new_exprerient/earsr_rt/earsr/models/zoo/safmnpp.py:31:0
  %input.7 : Float(1, 36, 68, 48, strides=[117504, 3264, 48, 1], requires_grad=1, device=cpu) = aten::gelu(%5795, %5790), scope: earsr.models.registry.SRModel::/earsr.models.zoo.safmnpp.SAFMNPP::net/torch.nn.modules.container.Sequential::feats/earsr.models.zoo.safmnpp.AttBlock::feats.0/earsr.models.zoo.safmnpp.SimpleSAFM::conv1/torch.nn.modules.activation.GELU::act # /root/ThaiLe/venv/lib/python3.12/site-packages/torch/nn/modules/activation.py:816:0
  %input.9 : Float(1, 36, 68, 48, strides=[117504, 3264, 48, 1], requires_grad=0, device=cpu) = aten::_convolution(%input.7, %net.feats.0.conv1.out.weight, %5678, %6693, %6696, %6693, %6850, %6696, %6851, %6850, %6850, %6852, %6852), scope: earsr.models.registry.SRModel::/earsr.models.zoo.safmnpp.SAFMNPP::net/torch.nn.modules.container.Sequential::feats/earsr.models.zoo.safmnpp.AttBlock::feats.0/earsr.models.zoo.safmnpp.SimpleSAFM::conv1/torch.nn.modules.conv.Conv2d::out # /root/ThaiLe/venv/lib/python3.12/site-packages/torch/nn/modules/conv.py:548:0
  %5837 : Float(1, 54, 68, 48, strides=[176256, 3264, 48, 1], requires_grad=0, device=cpu) = aten::_convolution(%input.9, %net.feats.0.conv2.conv1.weight, %5678, %6693, %6693, %6693, %6850, %6696, %6851, %6850, %6850, %6852, %6852), scope: earsr.models.registry.SRModel::/earsr.models.zoo.safmnpp.SAFMNPP::net/torch.nn.modules.container.Sequential::feats/earsr.models.zoo.safmnpp.AttBlock::feats.0/earsr.models.zoo.safmnpp.CCM::conv2/torch.nn.modules.conv.Conv2d::conv1 # /root/ThaiLe/venv/lib/python3.12/site-packages/torch/nn/modules/conv.py:548:0
  %input.11 : Float(1, 54, 68, 48, strides=[176256, 3264, 48, 1], requires_grad=1, device=cpu) = aten::gelu(%5837, %5790), scope: earsr.models.registry.SRModel::/earsr.models.zoo.safmnpp.SAFMNPP::net/torch.nn.modules.container.Sequential::feats/earsr.models.zoo.safmnpp.AttBlock::feats.0/earsr.models.zoo.safmnpp.CCM::conv2/torch.nn.modules.activation.GELU::act # /root/ThaiLe/venv/lib/python3.12/site-packages/torch/nn/modules/activation.py:816:0
  %5859 : Float(1, 36, 68, 48, strides=[117504, 3264, 48, 1], requires_grad=0, device=cpu) = aten::_convolution(%input.11, %net.feats.0.conv2.conv2.weight, %5678, %6693, %6696, %6693, %6850, %6696, %6851, %6850, %6850, %6852, %6852), scope: earsr.models.registry.SRModel::/earsr.models.zoo.safmnpp.SAFMNPP::net/torch.nn.modules.container.Sequential::feats/earsr.models.zoo.safmnpp.AttBlock::feats.0/earsr.models.zoo.safmnpp.CCM::conv2/torch.nn.modules.conv.Conv2d::conv2 # /root/ThaiLe/venv/lib/python3.12/site-packages/torch/nn/modules/conv.py:548:0
  %input.13 : Float(1, 36, 68, 48, strides=[117504, 3264, 48, 1], requires_grad=1, device=cpu) = aten::add(%5859, %input.1, %6851), scope: earsr.models.registry.SRModel::/earsr.models.zoo.safmnpp.SAFMNPP::net/torch.nn.modules.container.Sequential::feats/earsr.models.zoo.safmnpp.AttBlock::feats.0 # /root/ThaiLe/new_exprerient/earsr_rt/earsr/models/zoo/safmnpp.py:64:0
  %5869 : Long(device=cpu) = aten::size(%input.13, %6847), scope: earsr.models.registry.SRModel::/earsr.models.zoo.safmnpp.SAFMNPP::net/torch.nn.modules.container.Sequential::feats/earsr.models.zoo.safmnpp.AttBlock::feats.1/earsr.models.zoo.safmnpp.SimpleSAFM::conv1 # /root/ThaiLe/new_exprerient/earsr_rt/earsr/models/zoo/safmnpp.py:22:0
  %5873 : Long(device=cpu) = aten::size(%input.13, %6848), scope: earsr.models.registry.SRModel::/earsr.models.zoo.safmnpp.SAFMNPP::net/torch.nn.modules.container.Sequential::feats/earsr.models.zoo.safmnpp.AttBlock::feats.1/earsr.models.zoo.safmnpp.SimpleSAFM::conv1 # /root/ThaiLe/new_exprerient/earsr_rt/earsr/models/zoo/safmnpp.py:22:0
  %5895 : Float(1, 36, 68, 48, strides=[117504, 3264, 48, 1], requires_grad=0, device=cpu) = aten::_convolution(%input.13, %net.feats.1.conv1.proj.weight, %5678, %6693, %6693, %6693, %6850, %6696, %6851, %6850, %6850, %6852, %6852), scope: earsr.models.registry.SRModel::/earsr.models.zoo.safmnpp.SAFMNPP::net/torch.nn.modules.container.Sequential::feats/earsr.models.zoo.safmnpp.AttBlock::feats.1/earsr.models.zoo.safmnpp.SimpleSAFM::conv1/torch.nn.modules.conv.Conv2d::proj # /root/ThaiLe/venv/lib/python3.12/site-packages/torch/nn/modules/conv.py:548:0
  %input.15 : Float(1, 12, 68, 48, strides=[117504, 3264, 48, 1], requires_grad=1, device=cpu), %6838 : Float(1, 24, 68, 48, strides=[117504, 3264, 48, 1], requires_grad=1, device=cpu) = aten::split_with_sizes[_outputs=2](%5895, %6701, %6851), scope: earsr.models.registry.SRModel::/earsr.models.zoo.safmnpp.SAFMNPP::net/torch.nn.modules.container.Sequential::feats/earsr.models.zoo.safmnpp.AttBlock::feats.1/earsr.models.zoo.safmnpp.SimpleSAFM::conv1 # /root/ThaiLe/venv/lib/python3.12/site-packages/torch/_tensor.py:1067:0
  %5904 : Long(requires_grad=0, device=cpu) = aten::floor_divide(%5869, %5745), scope: earsr.models.registry.SRModel::/earsr.models.zoo.safmnpp.SAFMNPP::net/torch.nn.modules.container.Sequential::feats/earsr.models.zoo.safmnpp.AttBlock::feats.1/earsr.models.zoo.safmnpp.SimpleSAFM::conv1 # /root/ThaiLe/venv/lib/python3.12/site-packages/torch/_tensor.py:1161:0
  %5907 : Long(requires_grad=0, device=cpu) = aten::floor_divide(%5873, %5745), scope: earsr.models.registry.SRModel::/earsr.models.zoo.safmnpp.SAFMNPP::net/torch.nn.modules.container.Sequential::feats/earsr.models.zoo.safmnpp.AttBlock::feats.1/earsr.models.zoo.safmnpp.SimpleSAFM::conv1 # /root/ThaiLe/venv/lib/python3.12/site-packages/torch/_tensor.py:1161:0
  %5921 : int[] = prim::ListConstruct(%5904, %5907), scope: earsr.models.registry.SRModel::/earsr.models.zoo.safmnpp.SAFMNPP::net/torch.nn.modules.container.Sequential::feats/earsr.models.zoo.safmnpp.AttBlock::feats.1/earsr.models.zoo.safmnpp.SimpleSAFM::conv1
  %input.17 : Float(1, 12, 8, 6, strides=[576, 48, 6, 1], requires_grad=1, device=cpu), %5923 : Long(1, 12, 8, 6, strides=[576, 48, 6, 1], requires_grad=0, device=cpu) = aten::adaptive_max_pool2d(%input.15, %5921), scope: earsr.models.registry.SRModel::/earsr.models.zoo.safmnpp.SAFMNPP::net/torch.nn.modules.container.Sequential::feats/earsr.models.zoo.safmnpp.AttBlock::feats.1/earsr.models.zoo.safmnpp.SimpleSAFM::conv1 # /root/ThaiLe/venv/lib/python3.12/site-packages/torch/nn/functional.py:1282:0
  %x2.3 : Float(1, 12, 8, 6, strides=[576, 48, 6, 1], requires_grad=0, device=cpu) = aten::_convolution(%input.17, %net.feats.1.conv1.dwconv.weight, %5678, %6693, %6693, %6693, %6850, %6696, %6853, %6850, %6850, %6852, %6852), scope: earsr.models.registry.SRModel::/earsr.models.zoo.safmnpp.SAFMNPP::net/torch.nn.modules.container.Sequential::feats/earsr.models.zoo.safmnpp.AttBlock::feats.1/earsr.models.zoo.safmnpp.SimpleSAFM::conv1/torch.nn.modules.conv.Conv2d::dwconv # /root/ThaiLe/venv/lib/python3.12/site-packages/torch/nn/modules/conv.py:548:0
  %5944 : int[] = prim::ListConstruct(%5869, %5873), scope: earsr.models.registry.SRModel::/earsr.models.zoo.safmnpp.SAFMNPP::net/torch.nn.modules.container.Sequential::feats/earsr.models.zoo.safmnpp.AttBlock::feats.1/earsr.models.zoo.safmnpp.SimpleSAFM::conv1
  %5947 : Float(1, 12, 68, 48, strides=[39168, 3264, 48, 1], requires_grad=1, device=cpu) = aten::upsample_bilinear2d(%x2.3, %5944, %6850, %5678), scope: earsr.models.registry.SRModel::/earsr.models.zoo.safmnpp.SAFMNPP::net/torch.nn.modules.container.Sequential::feats/earsr.models.zoo.safmnpp.AttBlock::feats.1/earsr.models.zoo.safmnpp.SimpleSAFM::conv1 # /root/ThaiLe/venv/lib/python3.12/site-packages/torch/nn/functional.py:4877:0
  %5949 : Float(1, 12, 68, 48, strides=[39168, 3264, 48, 1], requires_grad=1, device=cpu) = aten::gelu(%5947, %5790), scope: earsr.models.registry.SRModel::/earsr.models.zoo.safmnpp.SAFMNPP::net/torch.nn.modules.container.Sequential::feats/earsr.models.zoo.safmnpp.AttBlock::feats.1/earsr.models.zoo.safmnpp.SimpleSAFM::conv1/torch.nn.modules.activation.GELU::act # /root/ThaiLe/venv/lib/python3.12/site-packages/torch/nn/modules/activation.py:816:0
  %5950 : Float(1, 12, 68, 48, strides=[39168, 3264, 48, 1], requires_grad=1, device=cpu) = aten::mul(%5949, %input.15), scope: earsr.models.registry.SRModel::/earsr.models.zoo.safmnpp.SAFMNPP::net/torch.nn.modules.container.Sequential::feats/earsr.models.zoo.safmnpp.AttBlock::feats.1/earsr.models.zoo.safmnpp.SimpleSAFM::conv1 # /root/ThaiLe/new_exprerient/earsr_rt/earsr/models/zoo/safmnpp.py:29:0
  %5951 : Tensor[] = prim::ListConstruct(%6838, %5950), scope: earsr.models.registry.SRModel::/earsr.models.zoo.safmnpp.SAFMNPP::net/torch.nn.modules.container.Sequential::feats/earsr.models.zoo.safmnpp.AttBlock::feats.1/earsr.models.zoo.safmnpp.SimpleSAFM::conv1
  %5953 : Float(1, 36, 68, 48, strides=[117504, 3264, 48, 1], requires_grad=1, device=cpu) = aten::cat(%5951, %6851), scope: earsr.models.registry.SRModel::/earsr.models.zoo.safmnpp.SAFMNPP::net/torch.nn.modules.container.Sequential::feats/earsr.models.zoo.safmnpp.AttBlock::feats.1/earsr.models.zoo.safmnpp.SimpleSAFM::conv1 # /root/ThaiLe/new_exprerient/earsr_rt/earsr/models/zoo/safmnpp.py:31:0
  %input.19 : Float(1, 36, 68, 48, strides=[117504, 3264, 48, 1], requires_grad=1, device=cpu) = aten::gelu(%5953, %5790), scope: earsr.models.registry.SRModel::/earsr.models.zoo.safmnpp.SAFMNPP::net/torch.nn.modules.container.Sequential::feats/earsr.models.zoo.safmnpp.AttBlock::feats.1/earsr.models.zoo.safmnpp.SimpleSAFM::conv1/torch.nn.modules.activation.GELU::act # /root/ThaiLe/venv/lib/python3.12/site-packages/torch/nn/modules/activation.py:816:0
  %input.21 : Float(1, 36, 68, 48, strides=[117504, 3264, 48, 1], requires_grad=0, device=cpu) = aten::_convolution(%input.19, %net.feats.1.conv1.out.weight, %5678, %6693, %6696, %6693, %6850, %6696, %6851, %6850, %6850, %6852, %6852), scope: earsr.models.registry.SRModel::/earsr.models.zoo.safmnpp.SAFMNPP::net/torch.nn.modules.container.Sequential::feats/earsr.models.zoo.safmnpp.AttBlock::feats.1/earsr.models.zoo.safmnpp.SimpleSAFM::conv1/torch.nn.modules.conv.Conv2d::out # /root/ThaiLe/venv/lib/python3.12/site-packages/torch/nn/modules/conv.py:548:0
  %5995 : Float(1, 54, 68, 48, strides=[176256, 3264, 48, 1], requires_grad=0, device=cpu) = aten::_convolution(%input.21, %net.feats.1.conv2.conv1.weight, %5678, %6693, %6693, %6693, %6850, %6696, %6851, %6850, %6850, %6852, %6852), scope: earsr.models.registry.SRModel::/earsr.models.zoo.safmnpp.SAFMNPP::net/torch.nn.modules.container.Sequential::feats/earsr.models.zoo.safmnpp.AttBlock::feats.1/earsr.models.zoo.safmnpp.CCM::conv2/torch.nn.modules.conv.Conv2d::conv1 # /root/ThaiLe/venv/lib/python3.12/site-packages/torch/nn/modules/conv.py:548:0
  %input.23 : Float(1, 54, 68, 48, strides=[176256, 3264, 48, 1], requires_grad=1, device=cpu) = aten::gelu(%5995, %5790), scope: earsr.models.registry.SRModel::/earsr.models.zoo.safmnpp.SAFMNPP::net/torch.nn.modules.container.Sequential::feats/earsr.models.zoo.safmnpp.AttBlock::feats.1/earsr.models.zoo.safmnpp.CCM::conv2/torch.nn.modules.activation.GELU::act # /root/ThaiLe/venv/lib/python3.12/site-packages/torch/nn/modules/activation.py:816:0
  %6017 : Float(1, 36, 68, 48, strides=[117504, 3264, 48, 1], requires_grad=0, device=cpu) = aten::_convolution(%input.23, %net.feats.1.conv2.conv2.weight, %5678, %6693, %6696, %6693, %6850, %6696, %6851, %6850, %6850, %6852, %6852), scope: earsr.models.registry.SRModel::/earsr.models.zoo.safmnpp.SAFMNPP::net/torch.nn.modules.container.Sequential::feats/earsr.models.zoo.safmnpp.AttBlock::feats.1/earsr.models.zoo.safmnpp.CCM::conv2/torch.nn.modules.conv.Conv2d::conv2 # /root/ThaiLe/venv/lib/python3.12/site-packages/torch/nn/modules/conv.py:548:0
  %input.25 : Float(1, 36, 68, 48, strides=[117504, 3264, 48, 1], requires_grad=1, device=cpu) = aten::add(%6017, %input.13, %6851), scope: earsr.models.registry.SRModel::/earsr.models.zoo.safmnpp.SAFMNPP::net/torch.nn.modules.container.Sequential::feats/earsr.models.zoo.safmnpp.AttBlock::feats.1 # /root/ThaiLe/new_exprerient/earsr_rt/earsr/models/zoo/safmnpp.py:64:0
  %6027 : Long(device=cpu) = aten::size(%input.25, %6847), scope: earsr.models.registry.SRModel::/earsr.models.zoo.safmnpp.SAFMNPP::net/torch.nn.modules.container.Sequential::feats/earsr.models.zoo.safmnpp.AttBlock::feats.2/earsr.models.zoo.safmnpp.SimpleSAFM::conv1 # /root/ThaiLe/new_exprerient/earsr_rt/earsr/models/zoo/safmnpp.py:22:0
  %6031 : Long(device=cpu) = aten::size(%input.25, %6848), scope: earsr.models.registry.SRModel::/earsr.models.zoo.safmnpp.SAFMNPP::net/torch.nn.modules.container.Sequential::feats/earsr.models.zoo.safmnpp.AttBlock::feats.2/earsr.models.zoo.safmnpp.SimpleSAFM::conv1 # /root/ThaiLe/new_exprerient/earsr_rt/earsr/models/zoo/safmnpp.py:22:0
  %6053 : Float(1, 36, 68, 48, strides=[117504, 3264, 48, 1], requires_grad=0, device=cpu) = aten::_convolution(%input.25, %net.feats.2.conv1.proj.weight, %5678, %6693, %6693, %6693, %6850, %6696, %6851, %6850, %6850, %6852, %6852), scope: earsr.models.registry.SRModel::/earsr.models.zoo.safmnpp.SAFMNPP::net/torch.nn.modules.container.Sequential::feats/earsr.models.zoo.safmnpp.AttBlock::feats.2/earsr.models.zoo.safmnpp.SimpleSAFM::conv1/torch.nn.modules.conv.Conv2d::proj # /root/ThaiLe/venv/lib/python3.12/site-packages/torch/nn/modules/conv.py:548:0
  %input.27 : Float(1, 12, 68, 48, strides=[117504, 3264, 48, 1], requires_grad=1, device=cpu), %6840 : Float(1, 24, 68, 48, strides=[117504, 3264, 48, 1], requires_grad=1, device=cpu) = aten::split_with_sizes[_outputs=2](%6053, %6701, %6851), scope: earsr.models.registry.SRModel::/earsr.models.zoo.safmnpp.SAFMNPP::net/torch.nn.modules.container.Sequential::feats/earsr.models.zoo.safmnpp.AttBlock::feats.2/earsr.models.zoo.safmnpp.SimpleSAFM::conv1 # /root/ThaiLe/venv/lib/python3.12/site-packages/torch/_tensor.py:1067:0
  %6062 : Long(requires_grad=0, device=cpu) = aten::floor_divide(%6027, %5745), scope: earsr.models.registry.SRModel::/earsr.models.zoo.safmnpp.SAFMNPP::net/torch.nn.modules.container.Sequential::feats/earsr.models.zoo.safmnpp.AttBlock::feats.2/earsr.models.zoo.safmnpp.SimpleSAFM::conv1 # /root/ThaiLe/venv/lib/python3.12/site-packages/torch/_tensor.py:1161:0
  %6065 : Long(requires_grad=0, device=cpu) = aten::floor_divide(%6031, %5745), scope: earsr.models.registry.SRModel::/earsr.models.zoo.safmnpp.SAFMNPP::net/torch.nn.modules.container.Sequential::feats/earsr.models.zoo.safmnpp.AttBlock::feats.2/earsr.models.zoo.safmnpp.SimpleSAFM::conv1 # /root/ThaiLe/venv/lib/python3.12/site-packages/torch/_tensor.py:1161:0
  %6079 : int[] = prim::ListConstruct(%6062, %6065), scope: earsr.models.registry.SRModel::/earsr.models.zoo.safmnpp.SAFMNPP::net/torch.nn.modules.container.Sequential::feats/earsr.models.zoo.safmnpp.AttBlock::feats.2/earsr.models.zoo.safmnpp.SimpleSAFM::conv1
  %input.29 : Float(1, 12, 8, 6, strides=[576, 48, 6, 1], requires_grad=1, device=cpu), %6081 : Long(1, 12, 8, 6, strides=[576, 48, 6, 1], requires_grad=0, device=cpu) = aten::adaptive_max_pool2d(%input.27, %6079), scope: earsr.models.registry.SRModel::/earsr.models.zoo.safmnpp.SAFMNPP::net/torch.nn.modules.container.Sequential::feats/earsr.models.zoo.safmnpp.AttBlock::feats.2/earsr.models.zoo.safmnpp.SimpleSAFM::conv1 # /root/ThaiLe/venv/lib/python3.12/site-packages/torch/nn/functional.py:1282:0
  %x2.5 : Float(1, 12, 8, 6, strides=[576, 48, 6, 1], requires_grad=0, device=cpu) = aten::_convolution(%input.29, %net.feats.2.conv1.dwconv.weight, %5678, %6693, %6693, %6693, %6850, %6696, %6853, %6850, %6850, %6852, %6852), scope: earsr.models.registry.SRModel::/earsr.models.zoo.safmnpp.SAFMNPP::net/torch.nn.modules.container.Sequential::feats/earsr.models.zoo.safmnpp.AttBlock::feats.2/earsr.models.zoo.safmnpp.SimpleSAFM::conv1/torch.nn.modules.conv.Conv2d::dwconv # /root/ThaiLe/venv/lib/python3.12/site-packages/torch/nn/modules/conv.py:548:0
  %6102 : int[] = prim::ListConstruct(%6027, %6031), scope: earsr.models.registry.SRModel::/earsr.models.zoo.safmnpp.SAFMNPP::net/torch.nn.modules.container.Sequential::feats/earsr.models.zoo.safmnpp.AttBlock::feats.2/earsr.models.zoo.safmnpp.SimpleSAFM::conv1
  %6105 : Float(1, 12, 68, 48, strides=[39168, 3264, 48, 1], requires_grad=1, device=cpu) = aten::upsample_bilinear2d(%x2.5, %6102, %6850, %5678), scope: earsr.models.registry.SRModel::/earsr.models.zoo.safmnpp.SAFMNPP::net/torch.nn.modules.container.Sequential::feats/earsr.models.zoo.safmnpp.AttBlock::feats.2/earsr.models.zoo.safmnpp.SimpleSAFM::conv1 # /root/ThaiLe/venv/lib/python3.12/site-packages/torch/nn/functional.py:4877:0
  %6107 : Float(1, 12, 68, 48, strides=[39168, 3264, 48, 1], requires_grad=1, device=cpu) = aten::gelu(%6105, %5790), scope: earsr.models.registry.SRModel::/earsr.models.zoo.safmnpp.SAFMNPP::net/torch.nn.modules.container.Sequential::feats/earsr.models.zoo.safmnpp.AttBlock::feats.2/earsr.models.zoo.safmnpp.SimpleSAFM::conv1/torch.nn.modules.activation.GELU::act # /root/ThaiLe/venv/lib/python3.12/site-packages/torch/nn/modules/activation.py:816:0
  %6108 : Float(1, 12, 68, 48, strides=[39168, 3264, 48, 1], requires_grad=1, device=cpu) = aten::mul(%6107, %input.27), scope: earsr.models.registry.SRModel::/earsr.models.zoo.safmnpp.SAFMNPP::net/torch.nn.modules.container.Sequential::feats/earsr.models.zoo.safmnpp.AttBlock::feats.2/earsr.models.zoo.safmnpp.SimpleSAFM::conv1 # /root/ThaiLe/new_exprerient/earsr_rt/earsr/models/zoo/safmnpp.py:29:0
  %6109 : Tensor[] = prim::ListConstruct(%6840, %6108), scope: earsr.models.registry.SRModel::/earsr.models.zoo.safmnpp.SAFMNPP::net/torch.nn.modules.container.Sequential::feats/earsr.models.zoo.safmnpp.AttBlock::feats.2/earsr.models.zoo.safmnpp.SimpleSAFM::conv1
  %6111 : Float(1, 36, 68, 48, strides=[117504, 3264, 48, 1], requires_grad=1, device=cpu) = aten::cat(%6109, %6851), scope: earsr.models.registry.SRModel::/earsr.models.zoo.safmnpp.SAFMNPP::net/torch.nn.modules.container.Sequential::feats/earsr.models.zoo.safmnpp.AttBlock::feats.2/earsr.models.zoo.safmnpp.SimpleSAFM::conv1 # /root/ThaiLe/new_exprerient/earsr_rt/earsr/models/zoo/safmnpp.py:31:0
  %input.31 : Float(1, 36, 68, 48, strides=[117504, 3264, 48, 1], requires_grad=1, device=cpu) = aten::gelu(%6111, %5790), scope: earsr.models.registry.SRModel::/earsr.models.zoo.safmnpp.SAFMNPP::net/torch.nn.modules.container.Sequential::feats/earsr.models.zoo.safmnpp.AttBlock::feats.2/earsr.models.zoo.safmnpp.SimpleSAFM::conv1/torch.nn.modules.activation.GELU::act # /root/ThaiLe/venv/lib/python3.12/site-packages/torch/nn/modules/activation.py:816:0
  %input.33 : Float(1, 36, 68, 48, strides=[117504, 3264, 48, 1], requires_grad=0, device=cpu) = aten::_convolution(%input.31, %net.feats.2.conv1.out.weight, %5678, %6693, %6696, %6693, %6850, %6696, %6851, %6850, %6850, %6852, %6852), scope: earsr.models.registry.SRModel::/earsr.models.zoo.safmnpp.SAFMNPP::net/torch.nn.modules.container.Sequential::feats/earsr.models.zoo.safmnpp.AttBlock::feats.2/earsr.models.zoo.safmnpp.SimpleSAFM::conv1/torch.nn.modules.conv.Conv2d::out # /root/ThaiLe/venv/lib/python3.12/site-packages/torch/nn/modules/conv.py:548:0
  %6153 : Float(1, 54, 68, 48, strides=[176256, 3264, 48, 1], requires_grad=0, device=cpu) = aten::_convolution(%input.33, %net.feats.2.conv2.conv1.weight, %5678, %6693, %6693, %6693, %6850, %6696, %6851, %6850, %6850, %6852, %6852), scope: earsr.models.registry.SRModel::/earsr.models.zoo.safmnpp.SAFMNPP::net/torch.nn.modules.container.Sequential::feats/earsr.models.zoo.safmnpp.AttBlock::feats.2/earsr.models.zoo.safmnpp.CCM::conv2/torch.nn.modules.conv.Conv2d::conv1 # /root/ThaiLe/venv/lib/python3.12/site-packages/torch/nn/modules/conv.py:548:0
  %input.35 : Float(1, 54, 68, 48, strides=[176256, 3264, 48, 1], requires_grad=1, device=cpu) = aten::gelu(%6153, %5790), scope: earsr.models.registry.SRModel::/earsr.models.zoo.safmnpp.SAFMNPP::net/torch.nn.modules.container.Sequential::feats/earsr.models.zoo.safmnpp.AttBlock::feats.2/earsr.models.zoo.safmnpp.CCM::conv2/torch.nn.modules.activation.GELU::act # /root/ThaiLe/venv/lib/python3.12/site-packages/torch/nn/modules/activation.py:816:0
  %6175 : Float(1, 36, 68, 48, strides=[117504, 3264, 48, 1], requires_grad=0, device=cpu) = aten::_convolution(%input.35, %net.feats.2.conv2.conv2.weight, %5678, %6693, %6696, %6693, %6850, %6696, %6851, %6850, %6850, %6852, %6852), scope: earsr.models.registry.SRModel::/earsr.models.zoo.safmnpp.SAFMNPP::net/torch.nn.modules.container.Sequential::feats/earsr.models.zoo.safmnpp.AttBlock::feats.2/earsr.models.zoo.safmnpp.CCM::conv2/torch.nn.modules.conv.Conv2d::conv2 # /root/ThaiLe/venv/lib/python3.12/site-packages/torch/nn/modules/conv.py:548:0
  %input.37 : Float(1, 36, 68, 48, strides=[117504, 3264, 48, 1], requires_grad=1, device=cpu) = aten::add(%6175, %input.25, %6851), scope: earsr.models.registry.SRModel::/earsr.models.zoo.safmnpp.SAFMNPP::net/torch.nn.modules.container.Sequential::feats/earsr.models.zoo.safmnpp.AttBlock::feats.2 # /root/ThaiLe/new_exprerient/earsr_rt/earsr/models/zoo/safmnpp.py:64:0
  %6185 : Long(device=cpu) = aten::size(%input.37, %6847), scope: earsr.models.registry.SRModel::/earsr.models.zoo.safmnpp.SAFMNPP::net/torch.nn.modules.container.Sequential::feats/earsr.models.zoo.safmnpp.AttBlock::feats.3/earsr.models.zoo.safmnpp.SimpleSAFM::conv1 # /root/ThaiLe/new_exprerient/earsr_rt/earsr/models/zoo/safmnpp.py:22:0
  %6189 : Long(device=cpu) = aten::size(%input.37, %6848), scope: earsr.models.registry.SRModel::/earsr.models.zoo.safmnpp.SAFMNPP::net/torch.nn.modules.container.Sequential::feats/earsr.models.zoo.safmnpp.AttBlock::feats.3/earsr.models.zoo.safmnpp.SimpleSAFM::conv1 # /root/ThaiLe/new_exprerient/earsr_rt/earsr/models/zoo/safmnpp.py:22:0
  %6211 : Float(1, 36, 68, 48, strides=[117504, 3264, 48, 1], requires_grad=0, device=cpu) = aten::_convolution(%input.37, %net.feats.3.conv1.proj.weight, %5678, %6693, %6693, %6693, %6850, %6696, %6851, %6850, %6850, %6852, %6852), scope: earsr.models.registry.SRModel::/earsr.models.zoo.safmnpp.SAFMNPP::net/torch.nn.modules.container.Sequential::feats/earsr.models.zoo.safmnpp.AttBlock::feats.3/earsr.models.zoo.safmnpp.SimpleSAFM::conv1/torch.nn.modules.conv.Conv2d::proj # /root/ThaiLe/venv/lib/python3.12/site-packages/torch/nn/modules/conv.py:548:0
  %input.39 : Float(1, 12, 68, 48, strides=[117504, 3264, 48, 1], requires_grad=1, device=cpu), %6842 : Float(1, 24, 68, 48, strides=[117504, 3264, 48, 1], requires_grad=1, device=cpu) = aten::split_with_sizes[_outputs=2](%6211, %6701, %6851), scope: earsr.models.registry.SRModel::/earsr.models.zoo.safmnpp.SAFMNPP::net/torch.nn.modules.container.Sequential::feats/earsr.models.zoo.safmnpp.AttBlock::feats.3/earsr.models.zoo.safmnpp.SimpleSAFM::conv1 # /root/ThaiLe/venv/lib/python3.12/site-packages/torch/_tensor.py:1067:0
  %6220 : Long(requires_grad=0, device=cpu) = aten::floor_divide(%6185, %5745), scope: earsr.models.registry.SRModel::/earsr.models.zoo.safmnpp.SAFMNPP::net/torch.nn.modules.container.Sequential::feats/earsr.models.zoo.safmnpp.AttBlock::feats.3/earsr.models.zoo.safmnpp.SimpleSAFM::conv1 # /root/ThaiLe/venv/lib/python3.12/site-packages/torch/_tensor.py:1161:0
  %6223 : Long(requires_grad=0, device=cpu) = aten::floor_divide(%6189, %5745), scope: earsr.models.registry.SRModel::/earsr.models.zoo.safmnpp.SAFMNPP::net/torch.nn.modules.container.Sequential::feats/earsr.models.zoo.safmnpp.AttBlock::feats.3/earsr.models.zoo.safmnpp.SimpleSAFM::conv1 # /root/ThaiLe/venv/lib/python3.12/site-packages/torch/_tensor.py:1161:0
  %6237 : int[] = prim::ListConstruct(%6220, %6223), scope: earsr.models.registry.SRModel::/earsr.models.zoo.safmnpp.SAFMNPP::net/torch.nn.modules.container.Sequential::feats/earsr.models.zoo.safmnpp.AttBlock::feats.3/earsr.models.zoo.safmnpp.SimpleSAFM::conv1
  %input.41 : Float(1, 12, 8, 6, strides=[576, 48, 6, 1], requires_grad=1, device=cpu), %6239 : Long(1, 12, 8, 6, strides=[576, 48, 6, 1], requires_grad=0, device=cpu) = aten::adaptive_max_pool2d(%input.39, %6237), scope: earsr.models.registry.SRModel::/earsr.models.zoo.safmnpp.SAFMNPP::net/torch.nn.modules.container.Sequential::feats/earsr.models.zoo.safmnpp.AttBlock::feats.3/earsr.models.zoo.safmnpp.SimpleSAFM::conv1 # /root/ThaiLe/venv/lib/python3.12/site-packages/torch/nn/functional.py:1282:0
  %x2.7 : Float(1, 12, 8, 6, strides=[576, 48, 6, 1], requires_grad=0, device=cpu) = aten::_convolution(%input.41, %net.feats.3.conv1.dwconv.weight, %5678, %6693, %6693, %6693, %6850, %6696, %6853, %6850, %6850, %6852, %6852), scope: earsr.models.registry.SRModel::/earsr.models.zoo.safmnpp.SAFMNPP::net/torch.nn.modules.container.Sequential::feats/earsr.models.zoo.safmnpp.AttBlock::feats.3/earsr.models.zoo.safmnpp.SimpleSAFM::conv1/torch.nn.modules.conv.Conv2d::dwconv # /root/ThaiLe/venv/lib/python3.12/site-packages/torch/nn/modules/conv.py:548:0
  %6260 : int[] = prim::ListConstruct(%6185, %6189), scope: earsr.models.registry.SRModel::/earsr.models.zoo.safmnpp.SAFMNPP::net/torch.nn.modules.container.Sequential::feats/earsr.models.zoo.safmnpp.AttBlock::feats.3/earsr.models.zoo.safmnpp.SimpleSAFM::conv1
  %6263 : Float(1, 12, 68, 48, strides=[39168, 3264, 48, 1], requires_grad=1, device=cpu) = aten::upsample_bilinear2d(%x2.7, %6260, %6850, %5678), scope: earsr.models.registry.SRModel::/earsr.models.zoo.safmnpp.SAFMNPP::net/torch.nn.modules.container.Sequential::feats/earsr.models.zoo.safmnpp.AttBlock::feats.3/earsr.models.zoo.safmnpp.SimpleSAFM::conv1 # /root/ThaiLe/venv/lib/python3.12/site-packages/torch/nn/functional.py:4877:0
  %6265 : Float(1, 12, 68, 48, strides=[39168, 3264, 48, 1], requires_grad=1, device=cpu) = aten::gelu(%6263, %5790), scope: earsr.models.registry.SRModel::/earsr.models.zoo.safmnpp.SAFMNPP::net/torch.nn.modules.container.Sequential::feats/earsr.models.zoo.safmnpp.AttBlock::feats.3/earsr.models.zoo.safmnpp.SimpleSAFM::conv1/torch.nn.modules.activation.GELU::act # /root/ThaiLe/venv/lib/python3.12/site-packages/torch/nn/modules/activation.py:816:0
  %6266 : Float(1, 12, 68, 48, strides=[39168, 3264, 48, 1], requires_grad=1, device=cpu) = aten::mul(%6265, %input.39), scope: earsr.models.registry.SRModel::/earsr.models.zoo.safmnpp.SAFMNPP::net/torch.nn.modules.container.Sequential::feats/earsr.models.zoo.safmnpp.AttBlock::feats.3/earsr.models.zoo.safmnpp.SimpleSAFM::conv1 # /root/ThaiLe/new_exprerient/earsr_rt/earsr/models/zoo/safmnpp.py:29:0
  %6267 : Tensor[] = prim::ListConstruct(%6842, %6266), scope: earsr.models.registry.SRModel::/earsr.models.zoo.safmnpp.SAFMNPP::net/torch.nn.modules.container.Sequential::feats/earsr.models.zoo.safmnpp.AttBlock::feats.3/earsr.models.zoo.safmnpp.SimpleSAFM::conv1
  %6269 : Float(1, 36, 68, 48, strides=[117504, 3264, 48, 1], requires_grad=1, device=cpu) = aten::cat(%6267, %6851), scope: earsr.models.registry.SRModel::/earsr.models.zoo.safmnpp.SAFMNPP::net/torch.nn.modules.container.Sequential::feats/earsr.models.zoo.safmnpp.AttBlock::feats.3/earsr.models.zoo.safmnpp.SimpleSAFM::conv1 # /root/ThaiLe/new_exprerient/earsr_rt/earsr/models/zoo/safmnpp.py:31:0
  %input.43 : Float(1, 36, 68, 48, strides=[117504, 3264, 48, 1], requires_grad=1, device=cpu) = aten::gelu(%6269, %5790), scope: earsr.models.registry.SRModel::/earsr.models.zoo.safmnpp.SAFMNPP::net/torch.nn.modules.container.Sequential::feats/earsr.models.zoo.safmnpp.AttBlock::feats.3/earsr.models.zoo.safmnpp.SimpleSAFM::conv1/torch.nn.modules.activation.GELU::act # /root/ThaiLe/venv/lib/python3.12/site-packages/torch/nn/modules/activation.py:816:0
  %input.45 : Float(1, 36, 68, 48, strides=[117504, 3264, 48, 1], requires_grad=0, device=cpu) = aten::_convolution(%input.43, %net.feats.3.conv1.out.weight, %5678, %6693, %6696, %6693, %6850, %6696, %6851, %6850, %6850, %6852, %6852), scope: earsr.models.registry.SRModel::/earsr.models.zoo.safmnpp.SAFMNPP::net/torch.nn.modules.container.Sequential::feats/earsr.models.zoo.safmnpp.AttBlock::feats.3/earsr.models.zoo.safmnpp.SimpleSAFM::conv1/torch.nn.modules.conv.Conv2d::out # /root/ThaiLe/venv/lib/python3.12/site-packages/torch/nn/modules/conv.py:548:0
  %6311 : Float(1, 54, 68, 48, strides=[176256, 3264, 48, 1], requires_grad=0, device=cpu) = aten::_convolution(%input.45, %net.feats.3.conv2.conv1.weight, %5678, %6693, %6693, %6693, %6850, %6696, %6851, %6850, %6850, %6852, %6852), scope: earsr.models.registry.SRModel::/earsr.models.zoo.safmnpp.SAFMNPP::net/torch.nn.modules.container.Sequential::feats/earsr.models.zoo.safmnpp.AttBlock::feats.3/earsr.models.zoo.safmnpp.CCM::conv2/torch.nn.modules.conv.Conv2d::conv1 # /root/ThaiLe/venv/lib/python3.12/site-packages/torch/nn/modules/conv.py:548:0
  %input.47 : Float(1, 54, 68, 48, strides=[176256, 3264, 48, 1], requires_grad=1, device=cpu) = aten::gelu(%6311, %5790), scope: earsr.models.registry.SRModel::/earsr.models.zoo.safmnpp.SAFMNPP::net/torch.nn.modules.container.Sequential::feats/earsr.models.zoo.safmnpp.AttBlock::feats.3/earsr.models.zoo.safmnpp.CCM::conv2/torch.nn.modules.activation.GELU::act # /root/ThaiLe/venv/lib/python3.12/site-packages/torch/nn/modules/activation.py:816:0
  %6333 : Float(1, 36, 68, 48, strides=[117504, 3264, 48, 1], requires_grad=0, device=cpu) = aten::_convolution(%input.47, %net.feats.3.conv2.conv2.weight, %5678, %6693, %6696, %6693, %6850, %6696, %6851, %6850, %6850, %6852, %6852), scope: earsr.models.registry.SRModel::/earsr.models.zoo.safmnpp.SAFMNPP::net/torch.nn.modules.container.Sequential::feats/earsr.models.zoo.safmnpp.AttBlock::feats.3/earsr.models.zoo.safmnpp.CCM::conv2/torch.nn.modules.conv.Conv2d::conv2 # /root/ThaiLe/venv/lib/python3.12/site-packages/torch/nn/modules/conv.py:548:0
  %input.49 : Float(1, 36, 68, 48, strides=[117504, 3264, 48, 1], requires_grad=1, device=cpu) = aten::add(%6333, %input.37, %6851), scope: earsr.models.registry.SRModel::/earsr.models.zoo.safmnpp.SAFMNPP::net/torch.nn.modules.container.Sequential::feats/earsr.models.zoo.safmnpp.AttBlock::feats.3 # /root/ThaiLe/new_exprerient/earsr_rt/earsr/models/zoo/safmnpp.py:64:0
  %6343 : Long(device=cpu) = aten::size(%input.49, %6847), scope: earsr.models.registry.SRModel::/earsr.models.zoo.safmnpp.SAFMNPP::net/torch.nn.modules.container.Sequential::feats/earsr.models.zoo.safmnpp.AttBlock::feats.4/earsr.models.zoo.safmnpp.SimpleSAFM::conv1 # /root/ThaiLe/new_exprerient/earsr_rt/earsr/models/zoo/safmnpp.py:22:0
  %6347 : Long(device=cpu) = aten::size(%input.49, %6848), scope: earsr.models.registry.SRModel::/earsr.models.zoo.safmnpp.SAFMNPP::net/torch.nn.modules.container.Sequential::feats/earsr.models.zoo.safmnpp.AttBlock::feats.4/earsr.models.zoo.safmnpp.SimpleSAFM::conv1 # /root/ThaiLe/new_exprerient/earsr_rt/earsr/models/zoo/safmnpp.py:22:0
  %6369 : Float(1, 36, 68, 48, strides=[117504, 3264, 48, 1], requires_grad=0, device=cpu) = aten::_convolution(%input.49, %net.feats.4.conv1.proj.weight, %5678, %6693, %6693, %6693, %6850, %6696, %6851, %6850, %6850, %6852, %6852), scope: earsr.models.registry.SRModel::/earsr.models.zoo.safmnpp.SAFMNPP::net/torch.nn.modules.container.Sequential::feats/earsr.models.zoo.safmnpp.AttBlock::feats.4/earsr.models.zoo.safmnpp.SimpleSAFM::conv1/torch.nn.modules.conv.Conv2d::proj # /root/ThaiLe/venv/lib/python3.12/site-packages/torch/nn/modules/conv.py:548:0
  %input.51 : Float(1, 12, 68, 48, strides=[117504, 3264, 48, 1], requires_grad=1, device=cpu), %6844 : Float(1, 24, 68, 48, strides=[117504, 3264, 48, 1], requires_grad=1, device=cpu) = aten::split_with_sizes[_outputs=2](%6369, %6701, %6851), scope: earsr.models.registry.SRModel::/earsr.models.zoo.safmnpp.SAFMNPP::net/torch.nn.modules.container.Sequential::feats/earsr.models.zoo.safmnpp.AttBlock::feats.4/earsr.models.zoo.safmnpp.SimpleSAFM::conv1 # /root/ThaiLe/venv/lib/python3.12/site-packages/torch/_tensor.py:1067:0
  %6378 : Long(requires_grad=0, device=cpu) = aten::floor_divide(%6343, %5745), scope: earsr.models.registry.SRModel::/earsr.models.zoo.safmnpp.SAFMNPP::net/torch.nn.modules.container.Sequential::feats/earsr.models.zoo.safmnpp.AttBlock::feats.4/earsr.models.zoo.safmnpp.SimpleSAFM::conv1 # /root/ThaiLe/venv/lib/python3.12/site-packages/torch/_tensor.py:1161:0
  %6381 : Long(requires_grad=0, device=cpu) = aten::floor_divide(%6347, %5745), scope: earsr.models.registry.SRModel::/earsr.models.zoo.safmnpp.SAFMNPP::net/torch.nn.modules.container.Sequential::feats/earsr.models.zoo.safmnpp.AttBlock::feats.4/earsr.models.zoo.safmnpp.SimpleSAFM::conv1 # /root/ThaiLe/venv/lib/python3.12/site-packages/torch/_tensor.py:1161:0
  %6395 : int[] = prim::ListConstruct(%6378, %6381), scope: earsr.models.registry.SRModel::/earsr.models.zoo.safmnpp.SAFMNPP::net/torch.nn.modules.container.Sequential::feats/earsr.models.zoo.safmnpp.AttBlock::feats.4/earsr.models.zoo.safmnpp.SimpleSAFM::conv1
  %input.53 : Float(1, 12, 8, 6, strides=[576, 48, 6, 1], requires_grad=1, device=cpu), %6397 : Long(1, 12, 8, 6, strides=[576, 48, 6, 1], requires_grad=0, device=cpu) = aten::adaptive_max_pool2d(%input.51, %6395), scope: earsr.models.registry.SRModel::/earsr.models.zoo.safmnpp.SAFMNPP::net/torch.nn.modules.container.Sequential::feats/earsr.models.zoo.safmnpp.AttBlock::feats.4/earsr.models.zoo.safmnpp.SimpleSAFM::conv1 # /root/ThaiLe/venv/lib/python3.12/site-packages/torch/nn/functional.py:1282:0
  %x2.9 : Float(1, 12, 8, 6, strides=[576, 48, 6, 1], requires_grad=0, device=cpu) = aten::_convolution(%input.53, %net.feats.4.conv1.dwconv.weight, %5678, %6693, %6693, %6693, %6850, %6696, %6853, %6850, %6850, %6852, %6852), scope: earsr.models.registry.SRModel::/earsr.models.zoo.safmnpp.SAFMNPP::net/torch.nn.modules.container.Sequential::feats/earsr.models.zoo.safmnpp.AttBlock::feats.4/earsr.models.zoo.safmnpp.SimpleSAFM::conv1/torch.nn.modules.conv.Conv2d::dwconv # /root/ThaiLe/venv/lib/python3.12/site-packages/torch/nn/modules/conv.py:548:0
  %6418 : int[] = prim::ListConstruct(%6343, %6347), scope: earsr.models.registry.SRModel::/earsr.models.zoo.safmnpp.SAFMNPP::net/torch.nn.modules.container.Sequential::feats/earsr.models.zoo.safmnpp.AttBlock::feats.4/earsr.models.zoo.safmnpp.SimpleSAFM::conv1
  %6421 : Float(1, 12, 68, 48, strides=[39168, 3264, 48, 1], requires_grad=1, device=cpu) = aten::upsample_bilinear2d(%x2.9, %6418, %6850, %5678), scope: earsr.models.registry.SRModel::/earsr.models.zoo.safmnpp.SAFMNPP::net/torch.nn.modules.container.Sequential::feats/earsr.models.zoo.safmnpp.AttBlock::feats.4/earsr.models.zoo.safmnpp.SimpleSAFM::conv1 # /root/ThaiLe/venv/lib/python3.12/site-packages/torch/nn/functional.py:4877:0
  %6423 : Float(1, 12, 68, 48, strides=[39168, 3264, 48, 1], requires_grad=1, device=cpu) = aten::gelu(%6421, %5790), scope: earsr.models.registry.SRModel::/earsr.models.zoo.safmnpp.SAFMNPP::net/torch.nn.modules.container.Sequential::feats/earsr.models.zoo.safmnpp.AttBlock::feats.4/earsr.models.zoo.safmnpp.SimpleSAFM::conv1/torch.nn.modules.activation.GELU::act # /root/ThaiLe/venv/lib/python3.12/site-packages/torch/nn/modules/activation.py:816:0
  %6424 : Float(1, 12, 68, 48, strides=[39168, 3264, 48, 1], requires_grad=1, device=cpu) = aten::mul(%6423, %input.51), scope: earsr.models.registry.SRModel::/earsr.models.zoo.safmnpp.SAFMNPP::net/torch.nn.modules.container.Sequential::feats/earsr.models.zoo.safmnpp.AttBlock::feats.4/earsr.models.zoo.safmnpp.SimpleSAFM::conv1 # /root/ThaiLe/new_exprerient/earsr_rt/earsr/models/zoo/safmnpp.py:29:0
  %6425 : Tensor[] = prim::ListConstruct(%6844, %6424), scope: earsr.models.registry.SRModel::/earsr.models.zoo.safmnpp.SAFMNPP::net/torch.nn.modules.container.Sequential::feats/earsr.models.zoo.safmnpp.AttBlock::feats.4/earsr.models.zoo.safmnpp.SimpleSAFM::conv1
  %6427 : Float(1, 36, 68, 48, strides=[117504, 3264, 48, 1], requires_grad=1, device=cpu) = aten::cat(%6425, %6851), scope: earsr.models.registry.SRModel::/earsr.models.zoo.safmnpp.SAFMNPP::net/torch.nn.modules.container.Sequential::feats/earsr.models.zoo.safmnpp.AttBlock::feats.4/earsr.models.zoo.safmnpp.SimpleSAFM::conv1 # /root/ThaiLe/new_exprerient/earsr_rt/earsr/models/zoo/safmnpp.py:31:0
  %input.55 : Float(1, 36, 68, 48, strides=[117504, 3264, 48, 1], requires_grad=1, device=cpu) = aten::gelu(%6427, %5790), scope: earsr.models.registry.SRModel::/earsr.models.zoo.safmnpp.SAFMNPP::net/torch.nn.modules.container.Sequential::feats/earsr.models.zoo.safmnpp.AttBlock::feats.4/earsr.models.zoo.safmnpp.SimpleSAFM::conv1/torch.nn.modules.activation.GELU::act # /root/ThaiLe/venv/lib/python3.12/site-packages/torch/nn/modules/activation.py:816:0
  %input.57 : Float(1, 36, 68, 48, strides=[117504, 3264, 48, 1], requires_grad=0, device=cpu) = aten::_convolution(%input.55, %net.feats.4.conv1.out.weight, %5678, %6693, %6696, %6693, %6850, %6696, %6851, %6850, %6850, %6852, %6852), scope: earsr.models.registry.SRModel::/earsr.models.zoo.safmnpp.SAFMNPP::net/torch.nn.modules.container.Sequential::feats/earsr.models.zoo.safmnpp.AttBlock::feats.4/earsr.models.zoo.safmnpp.SimpleSAFM::conv1/torch.nn.modules.conv.Conv2d::out # /root/ThaiLe/venv/lib/python3.12/site-packages/torch/nn/modules/conv.py:548:0
  %6469 : Float(1, 54, 68, 48, strides=[176256, 3264, 48, 1], requires_grad=0, device=cpu) = aten::_convolution(%input.57, %net.feats.4.conv2.conv1.weight, %5678, %6693, %6693, %6693, %6850, %6696, %6851, %6850, %6850, %6852, %6852), scope: earsr.models.registry.SRModel::/earsr.models.zoo.safmnpp.SAFMNPP::net/torch.nn.modules.container.Sequential::feats/earsr.models.zoo.safmnpp.AttBlock::feats.4/earsr.models.zoo.safmnpp.CCM::conv2/torch.nn.modules.conv.Conv2d::conv1 # /root/ThaiLe/venv/lib/python3.12/site-packages/torch/nn/modules/conv.py:548:0
  %input.59 : Float(1, 54, 68, 48, strides=[176256, 3264, 48, 1], requires_grad=1, device=cpu) = aten::gelu(%6469, %5790), scope: earsr.models.registry.SRModel::/earsr.models.zoo.safmnpp.SAFMNPP::net/torch.nn.modules.container.Sequential::feats/earsr.models.zoo.safmnpp.AttBlock::feats.4/earsr.models.zoo.safmnpp.CCM::conv2/torch.nn.modules.activation.GELU::act # /root/ThaiLe/venv/lib/python3.12/site-packages/torch/nn/modules/activation.py:816:0
  %6491 : Float(1, 36, 68, 48, strides=[117504, 3264, 48, 1], requires_grad=0, device=cpu) = aten::_convolution(%input.59, %net.feats.4.conv2.conv2.weight, %5678, %6693, %6696, %6693, %6850, %6696, %6851, %6850, %6850, %6852, %6852), scope: earsr.models.registry.SRModel::/earsr.models.zoo.safmnpp.SAFMNPP::net/torch.nn.modules.container.Sequential::feats/earsr.models.zoo.safmnpp.AttBlock::feats.4/earsr.models.zoo.safmnpp.CCM::conv2/torch.nn.modules.conv.Conv2d::conv2 # /root/ThaiLe/venv/lib/python3.12/site-packages/torch/nn/modules/conv.py:548:0
  %input.61 : Float(1, 36, 68, 48, strides=[117504, 3264, 48, 1], requires_grad=1, device=cpu) = aten::add(%6491, %input.49, %6851), scope: earsr.models.registry.SRModel::/earsr.models.zoo.safmnpp.SAFMNPP::net/torch.nn.modules.container.Sequential::feats/earsr.models.zoo.safmnpp.AttBlock::feats.4 # /root/ThaiLe/new_exprerient/earsr_rt/earsr/models/zoo/safmnpp.py:64:0
  %6501 : Long(device=cpu) = aten::size(%input.61, %6847), scope: earsr.models.registry.SRModel::/earsr.models.zoo.safmnpp.SAFMNPP::net/torch.nn.modules.container.Sequential::feats/earsr.models.zoo.safmnpp.AttBlock::feats.5/earsr.models.zoo.safmnpp.SimpleSAFM::conv1 # /root/ThaiLe/new_exprerient/earsr_rt/earsr/models/zoo/safmnpp.py:22:0
  %6505 : Long(device=cpu) = aten::size(%input.61, %6848), scope: earsr.models.registry.SRModel::/earsr.models.zoo.safmnpp.SAFMNPP::net/torch.nn.modules.container.Sequential::feats/earsr.models.zoo.safmnpp.AttBlock::feats.5/earsr.models.zoo.safmnpp.SimpleSAFM::conv1 # /root/ThaiLe/new_exprerient/earsr_rt/earsr/models/zoo/safmnpp.py:22:0
  %6527 : Float(1, 36, 68, 48, strides=[117504, 3264, 48, 1], requires_grad=0, device=cpu) = aten::_convolution(%input.61, %net.feats.5.conv1.proj.weight, %5678, %6693, %6693, %6693, %6850, %6696, %6851, %6850, %6850, %6852, %6852), scope: earsr.models.registry.SRModel::/earsr.models.zoo.safmnpp.SAFMNPP::net/torch.nn.modules.container.Sequential::feats/earsr.models.zoo.safmnpp.AttBlock::feats.5/earsr.models.zoo.safmnpp.SimpleSAFM::conv1/torch.nn.modules.conv.Conv2d::proj # /root/ThaiLe/venv/lib/python3.12/site-packages/torch/nn/modules/conv.py:548:0
  %input.63 : Float(1, 12, 68, 48, strides=[117504, 3264, 48, 1], requires_grad=1, device=cpu), %6846 : Float(1, 24, 68, 48, strides=[117504, 3264, 48, 1], requires_grad=1, device=cpu) = aten::split_with_sizes[_outputs=2](%6527, %6701, %6851), scope: earsr.models.registry.SRModel::/earsr.models.zoo.safmnpp.SAFMNPP::net/torch.nn.modules.container.Sequential::feats/earsr.models.zoo.safmnpp.AttBlock::feats.5/earsr.models.zoo.safmnpp.SimpleSAFM::conv1 # /root/ThaiLe/venv/lib/python3.12/site-packages/torch/_tensor.py:1067:0
  %6536 : Long(requires_grad=0, device=cpu) = aten::floor_divide(%6501, %5745), scope: earsr.models.registry.SRModel::/earsr.models.zoo.safmnpp.SAFMNPP::net/torch.nn.modules.container.Sequential::feats/earsr.models.zoo.safmnpp.AttBlock::feats.5/earsr.models.zoo.safmnpp.SimpleSAFM::conv1 # /root/ThaiLe/venv/lib/python3.12/site-packages/torch/_tensor.py:1161:0
  %6539 : Long(requires_grad=0, device=cpu) = aten::floor_divide(%6505, %5745), scope: earsr.models.registry.SRModel::/earsr.models.zoo.safmnpp.SAFMNPP::net/torch.nn.modules.container.Sequential::feats/earsr.models.zoo.safmnpp.AttBlock::feats.5/earsr.models.zoo.safmnpp.SimpleSAFM::conv1 # /root/ThaiLe/venv/lib/python3.12/site-packages/torch/_tensor.py:1161:0
  %6553 : int[] = prim::ListConstruct(%6536, %6539), scope: earsr.models.registry.SRModel::/earsr.models.zoo.safmnpp.SAFMNPP::net/torch.nn.modules.container.Sequential::feats/earsr.models.zoo.safmnpp.AttBlock::feats.5/earsr.models.zoo.safmnpp.SimpleSAFM::conv1
  %input.65 : Float(1, 12, 8, 6, strides=[576, 48, 6, 1], requires_grad=1, device=cpu), %6555 : Long(1, 12, 8, 6, strides=[576, 48, 6, 1], requires_grad=0, device=cpu) = aten::adaptive_max_pool2d(%input.63, %6553), scope: earsr.models.registry.SRModel::/earsr.models.zoo.safmnpp.SAFMNPP::net/torch.nn.modules.container.Sequential::feats/earsr.models.zoo.safmnpp.AttBlock::feats.5/earsr.models.zoo.safmnpp.SimpleSAFM::conv1 # /root/ThaiLe/venv/lib/python3.12/site-packages/torch/nn/functional.py:1282:0
  %x2 : Float(1, 12, 8, 6, strides=[576, 48, 6, 1], requires_grad=0, device=cpu) = aten::_convolution(%input.65, %net.feats.5.conv1.dwconv.weight, %5678, %6693, %6693, %6693, %6850, %6696, %6853, %6850, %6850, %6852, %6852), scope: earsr.models.registry.SRModel::/earsr.models.zoo.safmnpp.SAFMNPP::net/torch.nn.modules.container.Sequential::feats/earsr.models.zoo.safmnpp.AttBlock::feats.5/earsr.models.zoo.safmnpp.SimpleSAFM::conv1/torch.nn.modules.conv.Conv2d::dwconv # /root/ThaiLe/venv/lib/python3.12/site-packages/torch/nn/modules/conv.py:548:0
  %6576 : int[] = prim::ListConstruct(%6501, %6505), scope: earsr.models.registry.SRModel::/earsr.models.zoo.safmnpp.SAFMNPP::net/torch.nn.modules.container.Sequential::feats/earsr.models.zoo.safmnpp.AttBlock::feats.5/earsr.models.zoo.safmnpp.SimpleSAFM::conv1
  %6579 : Float(1, 12, 68, 48, strides=[39168, 3264, 48, 1], requires_grad=1, device=cpu) = aten::upsample_bilinear2d(%x2, %6576, %6850, %5678), scope: earsr.models.registry.SRModel::/earsr.models.zoo.safmnpp.SAFMNPP::net/torch.nn.modules.container.Sequential::feats/earsr.models.zoo.safmnpp.AttBlock::feats.5/earsr.models.zoo.safmnpp.SimpleSAFM::conv1 # /root/ThaiLe/venv/lib/python3.12/site-packages/torch/nn/functional.py:4877:0
  %6581 : Float(1, 12, 68, 48, strides=[39168, 3264, 48, 1], requires_grad=1, device=cpu) = aten::gelu(%6579, %5790), scope: earsr.models.registry.SRModel::/earsr.models.zoo.safmnpp.SAFMNPP::net/torch.nn.modules.container.Sequential::feats/earsr.models.zoo.safmnpp.AttBlock::feats.5/earsr.models.zoo.safmnpp.SimpleSAFM::conv1/torch.nn.modules.activation.GELU::act # /root/ThaiLe/venv/lib/python3.12/site-packages/torch/nn/modules/activation.py:816:0
  %6582 : Float(1, 12, 68, 48, strides=[39168, 3264, 48, 1], requires_grad=1, device=cpu) = aten::mul(%6581, %input.63), scope: earsr.models.registry.SRModel::/earsr.models.zoo.safmnpp.SAFMNPP::net/torch.nn.modules.container.Sequential::feats/earsr.models.zoo.safmnpp.AttBlock::feats.5/earsr.models.zoo.safmnpp.SimpleSAFM::conv1 # /root/ThaiLe/new_exprerient/earsr_rt/earsr/models/zoo/safmnpp.py:29:0
  %6583 : Tensor[] = prim::ListConstruct(%6846, %6582), scope: earsr.models.registry.SRModel::/earsr.models.zoo.safmnpp.SAFMNPP::net/torch.nn.modules.container.Sequential::feats/earsr.models.zoo.safmnpp.AttBlock::feats.5/earsr.models.zoo.safmnpp.SimpleSAFM::conv1
  %6585 : Float(1, 36, 68, 48, strides=[117504, 3264, 48, 1], requires_grad=1, device=cpu) = aten::cat(%6583, %6851), scope: earsr.models.registry.SRModel::/earsr.models.zoo.safmnpp.SAFMNPP::net/torch.nn.modules.container.Sequential::feats/earsr.models.zoo.safmnpp.AttBlock::feats.5/earsr.models.zoo.safmnpp.SimpleSAFM::conv1 # /root/ThaiLe/new_exprerient/earsr_rt/earsr/models/zoo/safmnpp.py:31:0
  %input.67 : Float(1, 36, 68, 48, strides=[117504, 3264, 48, 1], requires_grad=1, device=cpu) = aten::gelu(%6585, %5790), scope: earsr.models.registry.SRModel::/earsr.models.zoo.safmnpp.SAFMNPP::net/torch.nn.modules.container.Sequential::feats/earsr.models.zoo.safmnpp.AttBlock::feats.5/earsr.models.zoo.safmnpp.SimpleSAFM::conv1/torch.nn.modules.activation.GELU::act # /root/ThaiLe/venv/lib/python3.12/site-packages/torch/nn/modules/activation.py:816:0
  %input.69 : Float(1, 36, 68, 48, strides=[117504, 3264, 48, 1], requires_grad=0, device=cpu) = aten::_convolution(%input.67, %net.feats.5.conv1.out.weight, %5678, %6693, %6696, %6693, %6850, %6696, %6851, %6850, %6850, %6852, %6852), scope: earsr.models.registry.SRModel::/earsr.models.zoo.safmnpp.SAFMNPP::net/torch.nn.modules.container.Sequential::feats/earsr.models.zoo.safmnpp.AttBlock::feats.5/earsr.models.zoo.safmnpp.SimpleSAFM::conv1/torch.nn.modules.conv.Conv2d::out # /root/ThaiLe/venv/lib/python3.12/site-packages/torch/nn/modules/conv.py:548:0
  %6627 : Float(1, 54, 68, 48, strides=[176256, 3264, 48, 1], requires_grad=0, device=cpu) = aten::_convolution(%input.69, %net.feats.5.conv2.conv1.weight, %5678, %6693, %6693, %6693, %6850, %6696, %6851, %6850, %6850, %6852, %6852), scope: earsr.models.registry.SRModel::/earsr.models.zoo.safmnpp.SAFMNPP::net/torch.nn.modules.container.Sequential::feats/earsr.models.zoo.safmnpp.AttBlock::feats.5/earsr.models.zoo.safmnpp.CCM::conv2/torch.nn.modules.conv.Conv2d::conv1 # /root/ThaiLe/venv/lib/python3.12/site-packages/torch/nn/modules/conv.py:548:0
  %input.71 : Float(1, 54, 68, 48, strides=[176256, 3264, 48, 1], requires_grad=1, device=cpu) = aten::gelu(%6627, %5790), scope: earsr.models.registry.SRModel::/earsr.models.zoo.safmnpp.SAFMNPP::net/torch.nn.modules.container.Sequential::feats/earsr.models.zoo.safmnpp.AttBlock::feats.5/earsr.models.zoo.safmnpp.CCM::conv2/torch.nn.modules.activation.GELU::act # /root/ThaiLe/venv/lib/python3.12/site-packages/torch/nn/modules/activation.py:816:0
  %6649 : Float(1, 36, 68, 48, strides=[117504, 3264, 48, 1], requires_grad=0, device=cpu) = aten::_convolution(%input.71, %net.feats.5.conv2.conv2.weight, %5678, %6693, %6696, %6693, %6850, %6696, %6851, %6850, %6850, %6852, %6852), scope: earsr.models.registry.SRModel::/earsr.models.zoo.safmnpp.SAFMNPP::net/torch.nn.modules.container.Sequential::feats/earsr.models.zoo.safmnpp.AttBlock::feats.5/earsr.models.zoo.safmnpp.CCM::conv2/torch.nn.modules.conv.Conv2d::conv2 # /root/ThaiLe/venv/lib/python3.12/site-packages/torch/nn/modules/conv.py:548:0
  %input : Float(1, 36, 68, 48, strides=[117504, 3264, 48, 1], requires_grad=1, device=cpu) = aten::add(%6649, %input.61, %6851), scope: earsr.models.registry.SRModel::/earsr.models.zoo.safmnpp.SAFMNPP::net/torch.nn.modules.container.Sequential::feats/earsr.models.zoo.safmnpp.AttBlock::feats.5 # /root/ThaiLe/new_exprerient/earsr_rt/earsr/models/zoo/safmnpp.py:64:0
  %6671 : Float(1, 48, 68, 48, strides=[156672, 3264, 48, 1], requires_grad=0, device=cpu) = aten::_convolution(%input, %net.to_img.0.weight, %5678, %6693, %6693, %6693, %6850, %6696, %6851, %6850, %6850, %6852, %6852), scope: earsr.models.registry.SRModel::/earsr.models.zoo.safmnpp.SAFMNPP::net/torch.nn.modules.container.Sequential::to_img/torch.nn.modules.conv.Conv2d::to_img.0 # /root/ThaiLe/venv/lib/python3.12/site-packages/torch/nn/modules/conv.py:548:0
  %6854 : Long(device=cpu) = prim::Constant[value={4}](), scope: earsr.models.registry.SRModel::/earsr.models.zoo.safmnpp.SAFMNPP::net/torch.nn.modules.container.Sequential::to_img/torch.nn.modules.pixelshuffle.PixelShuffle::to_img.1
  %6673 : Float(1, 3, 272, 192, strides=[156672, 52224, 192, 1], requires_grad=1, device=cpu) = aten::pixel_shuffle(%6671, %6854), scope: earsr.models.registry.SRModel::/earsr.models.zoo.safmnpp.SAFMNPP::net/torch.nn.modules.container.Sequential::to_img/torch.nn.modules.pixelshuffle.PixelShuffle::to_img.1 # /root/ThaiLe/venv/lib/python3.12/site-packages/torch/nn/modules/pixelshuffle.py:62:0
  %6675 : Float(1, 3, 272, 192, strides=[156672, 52224, 192, 1], requires_grad=1, device=cpu) = aten::add(%6673, %5683, %6851), scope: earsr.models.registry.SRModel::/earsr.models.zoo.safmnpp.SAFMNPP::net # /root/ThaiLe/new_exprerient/earsr_rt/earsr/models/zoo/safmnpp.py:85:0
  %6855 : Double(device=cpu) = prim::Constant[value={1}]()
  %6830 : Float(1, 3, 272, 192, strides=[156672, 52224, 192, 1], requires_grad=1, device=cpu) = aten::div(%6675, %6855), scope: earsr.models.registry.SRModel:: # /root/ThaiLe/new_exprerient/earsr_rt/earsr/models/registry.py:56:0
  %6856 : Long(device=cpu) = prim::Constant[value={4}]()
  %6832 : Long(requires_grad=0, device=cpu) = aten::mul(%5671, %6856), scope: earsr.models.registry.SRModel:: # /root/ThaiLe/new_exprerient/earsr_rt/earsr/models/registry.py:57:0
  %6857 : Long(device=cpu) = prim::Constant[value={4}]()
  %6834 : Long(requires_grad=0, device=cpu) = aten::mul(%5674, %6857), scope: earsr.models.registry.SRModel:: # /root/ThaiLe/new_exprerient/earsr_rt/earsr/models/registry.py:57:0
  %6858 : Long(device=cpu) = prim::Constant[value={0}](), scope: earsr.models.registry.SRModel::
  %6687 : Float(1, 3, 272, 192, strides=[156672, 52224, 192, 1], requires_grad=1, device=cpu) = aten::slice(%6830, %6847, %6858, %6832, %6851), scope: earsr.models.registry.SRModel:: # /root/ThaiLe/new_exprerient/earsr_rt/earsr/models/registry.py:57:0
  %6691 : Float(1, 3, 272, 192, strides=[156672, 52224, 192, 1], requires_grad=1, device=cpu) = aten::slice(%6687, %6848, %6858, %6834, %6851), scope: earsr.models.registry.SRModel:: # /root/ThaiLe/new_exprerient/earsr_rt/earsr/models/registry.py:57:0
  return (%6691)

Torch IR graph at exception: graph(%0 : Float(1, 3, 68, 48, strides=[9792, 3264, 48, 1], requires_grad=0, device=cpu),
      %net.to_feat.weight : Float(24, 3, 3, 3, strides=[27, 9, 3, 1], requires_grad=1, device=cpu),
      %net.feats.0.smfa.linear_0.weight : Float(48, 24, 1, 1, strides=[24, 1, 1, 1], requires_grad=1, device=cpu),
      %net.feats.0.smfa.linear_0.bias : Float(48, strides=[1], requires_grad=1, device=cpu),
      %net.feats.0.smfa.linear_1.weight : Float(24, 24, 1, 1, strides=[24, 1, 1, 1], requires_grad=1, device=cpu),
      %net.feats.0.smfa.linear_1.bias : Float(24, strides=[1], requires_grad=1, device=cpu),
      %net.feats.0.smfa.linear_2.weight : Float(24, 24, 1, 1, strides=[24, 1, 1, 1], requires_grad=1, device=cpu),
      %net.feats.0.smfa.linear_2.bias : Float(24, strides=[1], requires_grad=1, device=cpu),
      %net.feats.0.smfa.lde.conv_0.0.weight : Float(48, 1, 3, 3, strides=[9, 9, 3, 1], requires_grad=1, device=cpu),
      %net.feats.0.smfa.lde.conv_0.0.bias : Float(48, strides=[1], requires_grad=1, device=cpu),
      %net.feats.0.smfa.lde.conv_0.1.weight : Float(48, 48, 1, 1, strides=[48, 1, 1, 1], requires_grad=1, device=cpu),
      %net.feats.0.smfa.lde.conv_0.1.bias : Float(48, strides=[1], requires_grad=1, device=cpu),
      %net.feats.0.smfa.lde.conv_1.weight : Float(24, 48, 1, 1, strides=[48, 1, 1, 1], requires_grad=1, device=cpu),
      %net.feats.0.smfa.lde.conv_1.bias : Float(24, strides=[1], requires_grad=1, device=cpu),
      %net.feats.0.smfa.dw_conv.weight : Float(24, 1, 3, 3, strides=[9, 9, 3, 1], requires_grad=1, device=cpu),
      %net.feats.0.smfa.dw_conv.bias : Float(24, strides=[1], requires_grad=1, device=cpu),
      %net.feats.0.pcfn.conv_0.weight : Float(36, 24, 1, 1, strides=[24, 1, 1, 1], requires_grad=1, device=cpu),
      %net.feats.0.pcfn.conv_0.bias : Float(36, strides=[1], requires_grad=1, device=cpu),
      %net.feats.0.pcfn.conv_1.weight : Float(9, 9, 3, 3, strides=[81, 9, 3, 1], requires_grad=1, device=cpu),
      %net.feats.0.pcfn.conv_1.bias : Float(9, strides=[1], requires_grad=1, device=cpu),
      %net.feats.0.pcfn.conv_2.weight : Float(24, 36, 1, 1, strides=[36, 1, 1, 1], requires_grad=1, device=cpu),
      %net.feats.0.pcfn.conv_2.bias : Float(24, strides=[1], requires_grad=1, device=cpu),
      %net.feats.1.smfa.linear_0.weight : Float(48, 24, 1, 1, strides=[24, 1, 1, 1], requires_grad=1, device=cpu),
      %net.feats.1.smfa.linear_0.bias : Float(48, strides=[1], requires_grad=1, device=cpu),
      %net.feats.1.smfa.linear_1.weight : Float(24, 24, 1, 1, strides=[24, 1, 1, 1], requires_grad=1, device=cpu),
      %net.feats.1.smfa.linear_1.bias : Float(24, strides=[1], requires_grad=1, device=cpu),
      %net.feats.1.smfa.linear_2.weight : Float(24, 24, 1, 1, strides=[24, 1, 1, 1], requires_grad=1, device=cpu),
      %net.feats.1.smfa.linear_2.bias : Float(24, strides=[1], requires_grad=1, device=cpu),
      %net.feats.1.smfa.lde.conv_0.0.weight : Float(48, 1, 3, 3, strides=[9, 9, 3, 1], requires_grad=1, device=cpu),
      %net.feats.1.smfa.lde.conv_0.0.bias : Float(48, strides=[1], requires_grad=1, device=cpu),
      %net.feats.1.smfa.lde.conv_0.1.weight : Float(48, 48, 1, 1, strides=[48, 1, 1, 1], requires_grad=1, device=cpu),
      %net.feats.1.smfa.lde.conv_0.1.bias : Float(48, strides=[1], requires_grad=1, device=cpu),
      %net.feats.1.smfa.lde.conv_1.weight : Float(24, 48, 1, 1, strides=[48, 1, 1, 1], requires_grad=1, device=cpu),
      %net.feats.1.smfa.lde.conv_1.bias : Float(24, strides=[1], requires_grad=1, device=cpu),
      %net.feats.1.smfa.dw_conv.weight : Float(24, 1, 3, 3, strides=[9, 9, 3, 1], requires_grad=1, device=cpu),
      %net.feats.1.smfa.dw_conv.bias : Float(24, strides=[1], requires_grad=1, device=cpu),
      %net.feats.1.pcfn.conv_0.weight : Float(36, 24, 1, 1, strides=[24, 1, 1, 1], requires_grad=1, device=cpu),
      %net.feats.1.pcfn.conv_0.bias : Float(36, strides=[1], requires_grad=1, device=cpu),
      %net.feats.1.pcfn.conv_1.weight : Float(9, 9, 3, 3, strides=[81, 9, 3, 1], requires_grad=1, device=cpu),
      %net.feats.1.pcfn.conv_1.bias : Float(9, strides=[1], requires_grad=1, device=cpu),
      %net.feats.1.pcfn.conv_2.weight : Float(24, 36, 1, 1, strides=[36, 1, 1, 1], requires_grad=1, device=cpu),
      %net.feats.1.pcfn.conv_2.bias : Float(24, strides=[1], requires_grad=1, device=cpu),
      %net.feats.2.smfa.linear_0.weight : Float(48, 24, 1, 1, strides=[24, 1, 1, 1], requires_grad=1, device=cpu),
      %net.feats.2.smfa.linear_0.bias : Float(48, strides=[1], requires_grad=1, device=cpu),
      %net.feats.2.smfa.linear_1.weight : Float(24, 24, 1, 1, strides=[24, 1, 1, 1], requires_grad=1, device=cpu),
      %net.feats.2.smfa.linear_1.bias : Float(24, strides=[1], requires_grad=1, device=cpu),
      %net.feats.2.smfa.linear_2.weight : Float(24, 24, 1, 1, strides=[24, 1, 1, 1], requires_grad=1, device=cpu),
      %net.feats.2.smfa.linear_2.bias : Float(24, strides=[1], requires_grad=1, device=cpu),
      %net.feats.2.smfa.lde.conv_0.0.weight : Float(48, 1, 3, 3, strides=[9, 9, 3, 1], requires_grad=1, device=cpu),
      %net.feats.2.smfa.lde.conv_0.0.bias : Float(48, strides=[1], requires_grad=1, device=cpu),
      %net.feats.2.smfa.lde.conv_0.1.weight : Float(48, 48, 1, 1, strides=[48, 1, 1, 1], requires_grad=1, device=cpu),
      %net.feats.2.smfa.lde.conv_0.1.bias : Float(48, strides=[1], requires_grad=1, device=cpu),
      %net.feats.2.smfa.lde.conv_1.weight : Float(24, 48, 1, 1, strides=[48, 1, 1, 1], requires_grad=1, device=cpu),
      %net.feats.2.smfa.lde.conv_1.bias : Float(24, strides=[1], requires_grad=1, device=cpu),
      %net.feats.2.smfa.dw_conv.weight : Float(24, 1, 3, 3, strides=[9, 9, 3, 1], requires_grad=1, device=cpu),
      %net.feats.2.smfa.dw_conv.bias : Float(24, strides=[1], requires_grad=1, device=cpu),
      %net.feats.2.pcfn.conv_0.weight : Float(36, 24, 1, 1, strides=[24, 1, 1, 1], requires_grad=1, device=cpu),
      %net.feats.2.pcfn.conv_0.bias : Float(36, strides=[1], requires_grad=1, device=cpu),
      %net.feats.2.pcfn.conv_1.weight : Float(9, 9, 3, 3, strides=[81, 9, 3, 1], requires_grad=1, device=cpu),
      %net.feats.2.pcfn.conv_1.bias : Float(9, strides=[1], requires_grad=1, device=cpu),
      %net.feats.2.pcfn.conv_2.weight : Float(24, 36, 1, 1, strides=[36, 1, 1, 1], requires_grad=1, device=cpu),
      %net.feats.2.pcfn.conv_2.bias : Float(24, strides=[1], requires_grad=1, device=cpu),
      %net.feats.3.smfa.linear_0.weight : Float(48, 24, 1, 1, strides=[24, 1, 1, 1], requires_grad=1, device=cpu),
      %net.feats.3.smfa.linear_0.bias : Float(48, strides=[1], requires_grad=1, device=cpu),
      %net.feats.3.smfa.linear_1.weight : Float(24, 24, 1, 1, strides=[24, 1, 1, 1], requires_grad=1, device=cpu),
      %net.feats.3.smfa.linear_1.bias : Float(24, strides=[1], requires_grad=1, device=cpu),
      %net.feats.3.smfa.linear_2.weight : Float(24, 24, 1, 1, strides=[24, 1, 1, 1], requires_grad=1, device=cpu),
      %net.feats.3.smfa.linear_2.bias : Float(24, strides=[1], requires_grad=1, device=cpu),
      %net.feats.3.smfa.lde.conv_0.0.weight : Float(48, 1, 3, 3, strides=[9, 9, 3, 1], requires_grad=1, device=cpu),
      %net.feats.3.smfa.lde.conv_0.0.bias : Float(48, strides=[1], requires_grad=1, device=cpu),
      %net.feats.3.smfa.lde.conv_0.1.weight : Float(48, 48, 1, 1, strides=[48, 1, 1, 1], requires_grad=1, device=cpu),
      %net.feats.3.smfa.lde.conv_0.1.bias : Float(48, strides=[1], requires_grad=1, device=cpu),
      %net.feats.3.smfa.lde.conv_1.weight : Float(24, 48, 1, 1, strides=[48, 1, 1, 1], requires_grad=1, device=cpu),
      %net.feats.3.smfa.lde.conv_1.bias : Float(24, strides=[1], requires_grad=1, device=cpu),
      %net.feats.3.smfa.dw_conv.weight : Float(24, 1, 3, 3, strides=[9, 9, 3, 1], requires_grad=1, device=cpu),
      %net.feats.3.smfa.dw_conv.bias : Float(24, strides=[1], requires_grad=1, device=cpu),
      %net.feats.3.pcfn.conv_0.weight : Float(36, 24, 1, 1, strides=[24, 1, 1, 1], requires_grad=1, device=cpu),
      %net.feats.3.pcfn.conv_0.bias : Float(36, strides=[1], requires_grad=1, device=cpu),
      %net.feats.3.pcfn.conv_1.weight : Float(9, 9, 3, 3, strides=[81, 9, 3, 1], requires_grad=1, device=cpu),
      %net.feats.3.pcfn.conv_1.bias : Float(9, strides=[1], requires_grad=1, device=cpu),
      %net.feats.3.pcfn.conv_2.weight : Float(24, 36, 1, 1, strides=[36, 1, 1, 1], requires_grad=1, device=cpu),
      %net.feats.3.pcfn.conv_2.bias : Float(24, strides=[1], requires_grad=1, device=cpu),
      %net.feats.4.smfa.linear_0.weight : Float(48, 24, 1, 1, strides=[24, 1, 1, 1], requires_grad=1, device=cpu),
      %net.feats.4.smfa.linear_0.bias : Float(48, strides=[1], requires_grad=1, device=cpu),
      %net.feats.4.smfa.linear_1.weight : Float(24, 24, 1, 1, strides=[24, 1, 1, 1], requires_grad=1, device=cpu),
      %net.feats.4.smfa.linear_1.bias : Float(24, strides=[1], requires_grad=1, device=cpu),
      %net.feats.4.smfa.linear_2.weight : Float(24, 24, 1, 1, strides=[24, 1, 1, 1], requires_grad=1, device=cpu),
      %net.feats.4.smfa.linear_2.bias : Float(24, strides=[1], requires_grad=1, device=cpu),
      %net.feats.4.smfa.lde.conv_0.0.weight : Float(48, 1, 3, 3, strides=[9, 9, 3, 1], requires_grad=1, device=cpu),
      %net.feats.4.smfa.lde.conv_0.0.bias : Float(48, strides=[1], requires_grad=1, device=cpu),
      %net.feats.4.smfa.lde.conv_0.1.weight : Float(48, 48, 1, 1, strides=[48, 1, 1, 1], requires_grad=1, device=cpu),
      %net.feats.4.smfa.lde.conv_0.1.bias : Float(48, strides=[1], requires_grad=1, device=cpu),
      %net.feats.4.smfa.lde.conv_1.weight : Float(24, 48, 1, 1, strides=[48, 1, 1, 1], requires_grad=1, device=cpu),
      %net.feats.4.smfa.lde.conv_1.bias : Float(24, strides=[1], requires_grad=1, device=cpu),
      %net.feats.4.smfa.dw_conv.weight : Float(24, 1, 3, 3, strides=[9, 9, 3, 1], requires_grad=1, device=cpu),
      %net.feats.4.smfa.dw_conv.bias : Float(24, strides=[1], requires_grad=1, device=cpu),
      %net.feats.4.pcfn.conv_0.weight : Float(36, 24, 1, 1, strides=[24, 1, 1, 1], requires_grad=1, device=cpu),
      %net.feats.4.pcfn.conv_0.bias : Float(36, strides=[1], requires_grad=1, device=cpu),
      %net.feats.4.pcfn.conv_1.weight : Float(9, 9, 3, 3, strides=[81, 9, 3, 1], requires_grad=1, device=cpu),
      %net.feats.4.pcfn.conv_1.bias : Float(9, strides=[1], requires_grad=1, device=cpu),
      %net.feats.4.pcfn.conv_2.weight : Float(24, 36, 1, 1, strides=[36, 1, 1, 1], requires_grad=1, device=cpu),
      %net.feats.4.pcfn.conv_2.bias : Float(24, strides=[1], requires_grad=1, device=cpu),
      %net.feats.5.smfa.linear_0.weight : Float(48, 24, 1, 1, strides=[24, 1, 1, 1], requires_grad=1, device=cpu),
      %net.feats.5.smfa.linear_0.bias : Float(48, strides=[1], requires_grad=1, device=cpu),
      %net.feats.5.smfa.linear_1.weight : Float(24, 24, 1, 1, strides=[24, 1, 1, 1], requires_grad=1, device=cpu),
      %net.feats.5.smfa.linear_1.bias : Float(24, strides=[1], requires_grad=1, device=cpu),
      %net.feats.5.smfa.linear_2.weight : Float(24, 24, 1, 1, strides=[24, 1, 1, 1], requires_grad=1, device=cpu),
      %net.feats.5.smfa.linear_2.bias : Float(24, strides=[1], requires_grad=1, device=cpu),
      %net.feats.5.smfa.lde.conv_0.0.weight : Float(48, 1, 3, 3, strides=[9, 9, 3, 1], requires_grad=1, device=cpu),
      %net.feats.5.smfa.lde.conv_0.0.bias : Float(48, strides=[1], requires_grad=1, device=cpu),
      %net.feats.5.smfa.lde.conv_0.1.weight : Float(48, 48, 1, 1, strides=[48, 1, 1, 1], requires_grad=1, device=cpu),
      %net.feats.5.smfa.lde.conv_0.1.bias : Float(48, strides=[1], requires_grad=1, device=cpu),
      %net.feats.5.smfa.lde.conv_1.weight : Float(24, 48, 1, 1, strides=[48, 1, 1, 1], requires_grad=1, device=cpu),
      %net.feats.5.smfa.lde.conv_1.bias : Float(24, strides=[1], requires_grad=1, device=cpu),
      %net.feats.5.smfa.dw_conv.weight : Float(24, 1, 3, 3, strides=[9, 9, 3, 1], requires_grad=1, device=cpu),
      %net.feats.5.smfa.dw_conv.bias : Float(24, strides=[1], requires_grad=1, device=cpu),
      %net.feats.5.pcfn.conv_0.weight : Float(36, 24, 1, 1, strides=[24, 1, 1, 1], requires_grad=1, device=cpu),
      %net.feats.5.pcfn.conv_0.bias : Float(36, strides=[1], requires_grad=1, device=cpu),
      %net.feats.5.pcfn.conv_1.weight : Float(9, 9, 3, 3, strides=[81, 9, 3, 1], requires_grad=1, device=cpu),
      %net.feats.5.pcfn.conv_1.bias : Float(9, strides=[1], requires_grad=1, device=cpu),
      %net.feats.5.pcfn.conv_2.weight : Float(24, 36, 1, 1, strides=[36, 1, 1, 1], requires_grad=1, device=cpu),
      %net.feats.5.pcfn.conv_2.bias : Float(24, strides=[1], requires_grad=1, device=cpu),
      %net.feats.6.smfa.linear_0.weight : Float(48, 24, 1, 1, strides=[24, 1, 1, 1], requires_grad=1, device=cpu),
      %net.feats.6.smfa.linear_0.bias : Float(48, strides=[1], requires_grad=1, device=cpu),
      %net.feats.6.smfa.linear_1.weight : Float(24, 24, 1, 1, strides=[24, 1, 1, 1], requires_grad=1, device=cpu),
      %net.feats.6.smfa.linear_1.bias : Float(24, strides=[1], requires_grad=1, device=cpu),
      %net.feats.6.smfa.linear_2.weight : Float(24, 24, 1, 1, strides=[24, 1, 1, 1], requires_grad=1, device=cpu),
      %net.feats.6.smfa.linear_2.bias : Float(24, strides=[1], requires_grad=1, device=cpu),
      %net.feats.6.smfa.lde.conv_0.0.weight : Float(48, 1, 3, 3, strides=[9, 9, 3, 1], requires_grad=1, device=cpu),
      %net.feats.6.smfa.lde.conv_0.0.bias : Float(48, strides=[1], requires_grad=1, device=cpu),
      %net.feats.6.smfa.lde.conv_0.1.weight : Float(48, 48, 1, 1, strides=[48, 1, 1, 1], requires_grad=1, device=cpu),
      %net.feats.6.smfa.lde.conv_0.1.bias : Float(48, strides=[1], requires_grad=1, device=cpu),
      %net.feats.6.smfa.lde.conv_1.weight : Float(24, 48, 1, 1, strides=[48, 1, 1, 1], requires_grad=1, device=cpu),
      %net.feats.6.smfa.lde.conv_1.bias : Float(24, strides=[1], requires_grad=1, device=cpu),
      %net.feats.6.smfa.dw_conv.weight : Float(24, 1, 3, 3, strides=[9, 9, 3, 1], requires_grad=1, device=cpu),
      %net.feats.6.smfa.dw_conv.bias : Float(24, strides=[1], requires_grad=1, device=cpu),
      %net.feats.6.pcfn.conv_0.weight : Float(36, 24, 1, 1, strides=[24, 1, 1, 1], requires_grad=1, device=cpu),
      %net.feats.6.pcfn.conv_0.bias : Float(36, strides=[1], requires_grad=1, device=cpu),
      %net.feats.6.pcfn.conv_1.weight : Float(9, 9, 3, 3, strides=[81, 9, 3, 1], requires_grad=1, device=cpu),
      %net.feats.6.pcfn.conv_1.bias : Float(9, strides=[1], requires_grad=1, device=cpu),
      %net.feats.6.pcfn.conv_2.weight : Float(24, 36, 1, 1, strides=[36, 1, 1, 1], requires_grad=1, device=cpu),
      %net.feats.6.pcfn.conv_2.bias : Float(24, strides=[1], requires_grad=1, device=cpu),
      %net.feats.7.smfa.linear_0.weight : Float(48, 24, 1, 1, strides=[24, 1, 1, 1], requires_grad=1, device=cpu),
      %net.feats.7.smfa.linear_0.bias : Float(48, strides=[1], requires_grad=1, device=cpu),
      %net.feats.7.smfa.linear_1.weight : Float(24, 24, 1, 1, strides=[24, 1, 1, 1], requires_grad=1, device=cpu),
      %net.feats.7.smfa.linear_1.bias : Float(24, strides=[1], requires_grad=1, device=cpu),
      %net.feats.7.smfa.linear_2.weight : Float(24, 24, 1, 1, strides=[24, 1, 1, 1], requires_grad=1, device=cpu),
      %net.feats.7.smfa.linear_2.bias : Float(24, strides=[1], requires_grad=1, device=cpu),
      %net.feats.7.smfa.lde.conv_0.0.weight : Float(48, 1, 3, 3, strides=[9, 9, 3, 1], requires_grad=1, device=cpu),
      %net.feats.7.smfa.lde.conv_0.0.bias : Float(48, strides=[1], requires_grad=1, device=cpu),
      %net.feats.7.smfa.lde.conv_0.1.weight : Float(48, 48, 1, 1, strides=[48, 1, 1, 1], requires_grad=1, device=cpu),
      %net.feats.7.smfa.lde.conv_0.1.bias : Float(48, strides=[1], requires_grad=1, device=cpu),
      %net.feats.7.smfa.lde.conv_1.weight : Float(24, 48, 1, 1, strides=[48, 1, 1, 1], requires_grad=1, device=cpu),
      %net.feats.7.smfa.lde.conv_1.bias : Float(24, strides=[1], requires_grad=1, device=cpu),
      %net.feats.7.smfa.dw_conv.weight : Float(24, 1, 3, 3, strides=[9, 9, 3, 1], requires_grad=1, device=cpu),
      %net.feats.7.smfa.dw_conv.bias : Float(24, strides=[1], requires_grad=1, device=cpu),
      %net.feats.7.pcfn.conv_0.weight : Float(36, 24, 1, 1, strides=[24, 1, 1, 1], requires_grad=1, device=cpu),
      %net.feats.7.pcfn.conv_0.bias : Float(36, strides=[1], requires_grad=1, device=cpu),
      %net.feats.7.pcfn.conv_1.weight : Float(9, 9, 3, 3, strides=[81, 9, 3, 1], requires_grad=1, device=cpu),
      %net.feats.7.pcfn.conv_1.bias : Float(9, strides=[1], requires_grad=1, device=cpu),
      %net.feats.7.pcfn.conv_2.weight : Float(24, 36, 1, 1, strides=[36, 1, 1, 1], requires_grad=1, device=cpu),
      %net.feats.7.pcfn.conv_2.bias : Float(24, strides=[1], requires_grad=1, device=cpu),
      %net.to_img.0.weight : Float(48, 24, 3, 3, strides=[216, 9, 3, 1], requires_grad=1, device=cpu)):
  %18466 : Long(device=cpu) = prim::Constant[value={2}](), scope: earsr.models.registry.SRModel::
  %15399 : Long(device=cpu) = aten::size(%0, %18466), scope: earsr.models.registry.SRModel:: # /root/ThaiLe/new_exprerient/earsr_rt/earsr/models/registry.py:49:0
  %18467 : Long(device=cpu) = prim::Constant[value={3}](), scope: earsr.models.registry.SRModel::
  %15402 : Long(device=cpu) = aten::size(%0, %18467), scope: earsr.models.registry.SRModel:: # /root/ThaiLe/new_exprerient/earsr_rt/earsr/models/registry.py:49:0
  %18468 : Double(device=cpu) = prim::Constant[value={1}]()
  %input.1 : Float(1, 3, 68, 48, strides=[9792, 3264, 48, 1], requires_grad=0, device=cpu) = aten::mul(%0, %18468), scope: earsr.models.registry.SRModel:: # /root/ThaiLe/new_exprerient/earsr_rt/earsr/models/registry.py:56:0
  %15406 : NoneType = prim::Constant(), scope: earsr.models.registry.SRModel::/earsr.models.zoo.smfan.SMFAN::net/torch.nn.modules.conv.Conv2d::to_feat
  %18010 : int[] = prim::Constant[value=[1, 1]]()
  %18469 : Bool(device=cpu) = prim::Constant[value={0}](), scope: earsr.models.registry.SRModel::/earsr.models.zoo.smfan.SMFAN::net/torch.nn.modules.conv.Conv2d::to_feat
  %18013 : int[] = prim::Constant[value=[0, 0]]()
  %18470 : Long(device=cpu) = prim::Constant[value={1}](), scope: earsr.models.registry.SRModel::/earsr.models.zoo.smfan.SMFAN::net/torch.nn.modules.conv.Conv2d::to_feat
  %18471 : Bool(device=cpu) = prim::Constant[value={1}](), scope: earsr.models.registry.SRModel::/earsr.models.zoo.smfan.SMFAN::net/torch.nn.modules.conv.Conv2d::to_feat
  %x.1 : Float(1, 24, 68, 48, strides=[78336, 3264, 48, 1], requires_grad=0, device=cpu) = aten::_convolution(%input.1, %net.to_feat.weight, %15406, %18010, %18010, %18010, %18469, %18013, %18470, %18469, %18469, %18471, %18471), scope: earsr.models.registry.SRModel::/earsr.models.zoo.smfan.SMFAN::net/torch.nn.modules.conv.Conv2d::to_feat # /root/ThaiLe/venv/lib/python3.12/site-packages/torch/nn/modules/conv.py:548:0
  %18472 : Double(device=cpu) = prim::Constant[value={2}](), scope: earsr.models.registry.SRModel::/earsr.models.zoo.smfan.SMFAN::net/torch.nn.modules.container.Sequential::feats/earsr.models.zoo.smfan.FMB::feats.0
  %18014 : int[] = prim::Constant[value=[1]]()
  %15431 : Float(1, 1, 68, 48, strides=[3264, 3264, 48, 1], requires_grad=1, device=cpu) = aten::linalg_vector_norm(%x.1, %18472, %18014, %18471, %15406), scope: earsr.models.registry.SRModel::/earsr.models.zoo.smfan.SMFAN::net/torch.nn.modules.container.Sequential::feats/earsr.models.zoo.smfan.FMB::feats.0 # /root/ThaiLe/venv/lib/python3.12/site-packages/torch/functional.py:1839:0
  %18473 : Double(device=cpu) = prim::Constant[value={1e-12}](), scope: earsr.models.registry.SRModel::/earsr.models.zoo.smfan.SMFAN::net/torch.nn.modules.container.Sequential::feats/earsr.models.zoo.smfan.FMB::feats.0
  %15433 : Float(1, 1, 68, 48, strides=[3264, 3264, 48, 1], requires_grad=1, device=cpu) = aten::clamp_min(%15431, %18473), scope: earsr.models.registry.SRModel::/earsr.models.zoo.smfan.SMFAN::net/torch.nn.modules.container.Sequential::feats/earsr.models.zoo.smfan.FMB::feats.0 # /root/ThaiLe/venv/lib/python3.12/site-packages/torch/nn/functional.py:5707:0
  %15434 : Float(1, 24, 68, 48, strides=[3264, 0, 48, 1], requires_grad=1, device=cpu) = aten::expand_as(%15433, %x.1), scope: earsr.models.registry.SRModel::/earsr.models.zoo.smfan.SMFAN::net/torch.nn.modules.container.Sequential::feats/earsr.models.zoo.smfan.FMB::feats.0 # /root/ThaiLe/venv/lib/python3.12/site-packages/torch/nn/functional.py:5707:0
  %input.3 : Float(1, 24, 68, 48, strides=[78336, 3264, 48, 1], requires_grad=1, device=cpu) = aten::div(%x.1, %15434), scope: earsr.models.registry.SRModel::/earsr.models.zoo.smfan.SMFAN::net/torch.nn.modules.container.Sequential::feats/earsr.models.zoo.smfan.FMB::feats.0 # /root/ThaiLe/venv/lib/python3.12/site-packages/torch/nn/functional.py:5708:0
  %15443 : Long(device=cpu) = aten::size(%input.3, %18466), scope: earsr.models.registry.SRModel::/earsr.models.zoo.smfan.SMFAN::net/torch.nn.modules.container.Sequential::feats/earsr.models.zoo.smfan.FMB::feats.0/earsr.models.zoo.smfan.SMFA::smfa # /root/ThaiLe/new_exprerient/earsr_rt/earsr/models/zoo/smfan.py:71:0
  %15447 : Long(device=cpu) = aten::size(%input.3, %18467), scope: earsr.models.registry.SRModel::/earsr.models.zoo.smfan.SMFAN::net/torch.nn.modules.container.Sequential::feats/earsr.models.zoo.smfan.FMB::feats.0/earsr.models.zoo.smfan.SMFA::smfa # /root/ThaiLe/new_exprerient/earsr_rt/earsr/models/zoo/smfan.py:71:0
  %15468 : Float(1, 48, 68, 48, strides=[156672, 3264, 48, 1], requires_grad=0, device=cpu) = aten::_convolution(%input.3, %net.feats.0.smfa.linear_0.weight, %net.feats.0.smfa.linear_0.bias, %18010, %18013, %18010, %18469, %18013, %18470, %18469, %18469, %18471, %18471), scope: earsr.models.registry.SRModel::/earsr.models.zoo.smfan.SMFAN::net/torch.nn.modules.container.Sequential::feats/earsr.models.zoo.smfan.FMB::feats.0/earsr.models.zoo.smfan.SMFA::smfa/torch.nn.modules.conv.Conv2d::linear_0 # /root/ThaiLe/venv/lib/python3.12/site-packages/torch/nn/modules/conv.py:548:0
  %18364 : Float(1, 24, 68, 48, strides=[156672, 3264, 48, 1], requires_grad=1, device=cpu), %18365 : Float(1, 24, 68, 48, strides=[156672, 3264, 48, 1], requires_grad=1, device=cpu) = prim::ConstantChunk[chunks=2, dim=1](%15468), scope: earsr.models.registry.SRModel::/earsr.models.zoo.smfan.SMFAN::net/torch.nn.modules.container.Sequential::feats/earsr.models.zoo.smfan.FMB::feats.0/earsr.models.zoo.smfan.SMFA::smfa # /root/ThaiLe/new_exprerient/earsr_rt/earsr/models/zoo/smfan.py:72:0
  %15474 : Long(requires_grad=0, device=cpu) = prim::Constant[value={8}](), scope: earsr.models.registry.SRModel::/earsr.models.zoo.smfan.SMFAN::net/torch.nn.modules.container.Sequential::feats/earsr.models.zoo.smfan.FMB::feats.0/earsr.models.zoo.smfan.SMFA::smfa # /root/ThaiLe/venv/lib/python3.12/site-packages/torch/_tensor.py:1161:0
  %15475 : Long(requires_grad=0, device=cpu) = aten::floor_divide(%15443, %15474), scope: earsr.models.registry.SRModel::/earsr.models.zoo.smfan.SMFAN::net/torch.nn.modules.container.Sequential::feats/earsr.models.zoo.smfan.FMB::feats.0/earsr.models.zoo.smfan.SMFA::smfa # /root/ThaiLe/venv/lib/python3.12/site-packages/torch/_tensor.py:1161:0
  %15478 : Long(requires_grad=0, device=cpu) = aten::floor_divide(%15447, %15474), scope: earsr.models.registry.SRModel::/earsr.models.zoo.smfan.SMFAN::net/torch.nn.modules.container.Sequential::feats/earsr.models.zoo.smfan.FMB::feats.0/earsr.models.zoo.smfan.SMFA::smfa # /root/ThaiLe/venv/lib/python3.12/site-packages/torch/_tensor.py:1161:0
  %15492 : int[] = prim::ListConstruct(%15475, %15478), scope: earsr.models.registry.SRModel::/earsr.models.zoo.smfan.SMFAN::net/torch.nn.modules.container.Sequential::feats/earsr.models.zoo.smfan.FMB::feats.0/earsr.models.zoo.smfan.SMFA::smfa
  %input.7 : Float(1, 24, 8, 6, strides=[1152, 48, 6, 1], requires_grad=1, device=cpu), %15494 : Long(1, 24, 8, 6, strides=[1152, 48, 6, 1], requires_grad=0, device=cpu) = aten::adaptive_max_pool2d(%18365, %15492), scope: earsr.models.registry.SRModel::/earsr.models.zoo.smfan.SMFAN::net/torch.nn.modules.container.Sequential::feats/earsr.models.zoo.smfan.FMB::feats.0/earsr.models.zoo.smfan.SMFA::smfa # /root/ThaiLe/venv/lib/python3.12/site-packages/torch/nn/functional.py:1282:0
  %18474 : Long(device=cpu) = prim::Constant[value={24}](), scope: earsr.models.registry.SRModel::/earsr.models.zoo.smfan.SMFAN::net/torch.nn.modules.container.Sequential::feats/earsr.models.zoo.smfan.FMB::feats.0/earsr.models.zoo.smfan.SMFA::smfa/torch.nn.modules.conv.Conv2d::dw_conv
  %15513 : Float(1, 24, 8, 6, strides=[1152, 48, 6, 1], requires_grad=0, device=cpu) = aten::_convolution(%input.7, %net.feats.0.smfa.dw_conv.weight, %net.feats.0.smfa.dw_conv.bias, %18010, %18010, %18010, %18469, %18013, %18474, %18469, %18469, %18471, %18471), scope: earsr.models.registry.SRModel::/earsr.models.zoo.smfan.SMFAN::net/torch.nn.modules.container.Sequential::feats/earsr.models.zoo.smfan.FMB::feats.0/earsr.models.zoo.smfan.SMFA::smfa/torch.nn.modules.conv.Conv2d::dw_conv # /root/ThaiLe/venv/lib/python3.12/site-packages/torch/nn/modules/conv.py:548:0
  %18023 : int[] = prim::Constant[value=[-2, -1]]()
  %15519 : Float(1, 24, 1, 1, strides=[24, 1, 1, 1], requires_grad=1, device=cpu) = aten::var(%18365, %18023, %18471, %18471), scope: earsr.models.registry.SRModel::/earsr.models.zoo.smfan.SMFAN::net/torch.nn.modules.container.Sequential::feats/earsr.models.zoo.smfan.FMB::feats.0/earsr.models.zoo.smfan.SMFA::smfa # /root/ThaiLe/new_exprerient/earsr_rt/earsr/models/zoo/smfan.py:74:0
  %input.9 : Float(1, 24, 8, 6, strides=[1152, 48, 6, 1], requires_grad=1, device=cpu) = aten::add(%15513, %15519, %18470), scope: earsr.models.registry.SRModel::/earsr.models.zoo.smfan.SMFAN::net/torch.nn.modules.container.Sequential::feats/earsr.models.zoo.smfan.FMB::feats.0/earsr.models.zoo.smfan.SMFA::smfa # /root/ThaiLe/new_exprerient/earsr_rt/earsr/models/zoo/smfan.py:75:0
  %15540 : Float(1, 24, 8, 6, strides=[1152, 48, 6, 1], requires_grad=0, device=cpu) = aten::_convolution(%input.9, %net.feats.0.smfa.linear_1.weight, %net.feats.0.smfa.linear_1.bias, %18010, %18013, %18010, %18469, %18013, %18470, %18469, %18469, %18471, %18471), scope: earsr.models.registry.SRModel::/earsr.models.zoo.smfan.SMFAN::net/torch.nn.modules.container.Sequential::feats/earsr.models.zoo.smfan.FMB::feats.0/earsr.models.zoo.smfan.SMFA::smfa/torch.nn.modules.conv.Conv2d::linear_1 # /root/ThaiLe/venv/lib/python3.12/site-packages/torch/nn/modules/conv.py:548:0
  %15541 : str = prim::Constant[value="none"](), scope: earsr.models.registry.SRModel::/earsr.models.zoo.smfan.SMFAN::net/torch.nn.modules.container.Sequential::feats/earsr.models.zoo.smfan.FMB::feats.0/earsr.models.zoo.smfan.SMFA::smfa/torch.nn.modules.activation.GELU::gelu # /root/ThaiLe/venv/lib/python3.12/site-packages/torch/nn/modules/activation.py:816:0
  %15542 : Float(1, 24, 8, 6, strides=[1152, 48, 6, 1], requires_grad=1, device=cpu) = aten::gelu(%15540, %15541), scope: earsr.models.registry.SRModel::/earsr.models.zoo.smfan.SMFAN::net/torch.nn.modules.container.Sequential::feats/earsr.models.zoo.smfan.FMB::feats.0/earsr.models.zoo.smfan.SMFA::smfa/torch.nn.modules.activation.GELU::gelu # /root/ThaiLe/venv/lib/python3.12/site-packages/torch/nn/modules/activation.py:816:0
  %15543 : int[] = prim::ListConstruct(%15443, %15447), scope: earsr.models.registry.SRModel::/earsr.models.zoo.smfan.SMFAN::net/torch.nn.modules.container.Sequential::feats/earsr.models.zoo.smfan.FMB::feats.0/earsr.models.zoo.smfan.SMFA::smfa
  %15545 : Float(1, 24, 68, 48, strides=[78336, 3264, 48, 1], requires_grad=1, device=cpu) = aten::upsample_nearest2d(%15542, %15543, %15406), scope: earsr.models.registry.SRModel::/earsr.models.zoo.smfan.SMFAN::net/torch.nn.modules.container.Sequential::feats/earsr.models.zoo.smfan.FMB::feats.0/earsr.models.zoo.smfan.SMFA::smfa # /root/ThaiLe/venv/lib/python3.12/site-packages/torch/nn/functional.py:4817:0
  %15546 : Float(1, 24, 68, 48, strides=[78336, 3264, 48, 1], requires_grad=1, device=cpu) = aten::mul(%18365, %15545), scope: earsr.models.registry.SRModel::/earsr.models.zoo.smfan.SMFAN::net/torch.nn.modules.container.Sequential::feats/earsr.models.zoo.smfan.FMB::feats.0/earsr.models.zoo.smfan.SMFA::smfa # /root/ThaiLe/new_exprerient/earsr_rt/earsr/models/zoo/smfan.py:75:0
  %input.13 : Float(1, 48, 68, 48, strides=[156672, 3264, 48, 1], requires_grad=0, device=cpu) = aten::_convolution(%18364, %net.feats.0.smfa.lde.conv_0.0.weight, %net.feats.0.smfa.lde.conv_0.0.bias, %18010, %18010, %18010, %18469, %18013, %18474, %18469, %18469, %18471, %18471), scope: earsr.models.registry.SRModel::/earsr.models.zoo.smfan.SMFAN::net/torch.nn.modules.container.Sequential::feats/earsr.models.zoo.smfan.FMB::feats.0/earsr.models.zoo.smfan.SMFA::smfa/earsr.models.zoo.smfan.DMlp::lde/torch.nn.modules.container.Sequential::conv_0/torch.nn.modules.conv.Conv2d::conv_0.0 # /root/ThaiLe/venv/lib/python3.12/site-packages/torch/nn/modules/conv.py:548:0
  %15584 : Float(1, 48, 68, 48, strides=[156672, 3264, 48, 1], requires_grad=0, device=cpu) = aten::_convolution(%input.13, %net.feats.0.smfa.lde.conv_0.1.weight, %net.feats.0.smfa.lde.conv_0.1.bias, %18010, %18013, %18010, %18469, %18013, %18470, %18469, %18469, %18471, %18471), scope: earsr.models.registry.SRModel::/earsr.models.zoo.smfan.SMFAN::net/torch.nn.modules.container.Sequential::feats/earsr.models.zoo.smfan.FMB::feats.0/earsr.models.zoo.smfan.SMFA::smfa/earsr.models.zoo.smfan.DMlp::lde/torch.nn.modules.container.Sequential::conv_0/torch.nn.modules.conv.Conv2d::conv_0.1 # /root/ThaiLe/venv/lib/python3.12/site-packages/torch/nn/modules/conv.py:548:0
  %input.15 : Float(1, 48, 68, 48, strides=[156672, 3264, 48, 1], requires_grad=1, device=cpu) = aten::gelu(%15584, %15541), scope: earsr.models.registry.SRModel::/earsr.models.zoo.smfan.SMFAN::net/torch.nn.modules.container.Sequential::feats/earsr.models.zoo.smfan.FMB::feats.0/earsr.models.zoo.smfan.SMFA::smfa/earsr.models.zoo.smfan.DMlp::lde/torch.nn.modules.activation.GELU::act # /root/ThaiLe/venv/lib/python3.12/site-packages/torch/nn/modules/activation.py:816:0
  %15605 : Float(1, 24, 68, 48, strides=[78336, 3264, 48, 1], requires_grad=0, device=cpu) = aten::_convolution(%input.15, %net.feats.0.smfa.lde.conv_1.weight, %net.feats.0.smfa.lde.conv_1.bias, %18010, %18013, %18010, %18469, %18013, %18470, %18469, %18469, %18471, %18471), scope: earsr.models.registry.SRModel::/earsr.models.zoo.smfan.SMFAN::net/torch.nn.modules.container.Sequential::feats/earsr.models.zoo.smfan.FMB::feats.0/earsr.models.zoo.smfan.SMFA::smfa/earsr.models.zoo.smfan.DMlp::lde/torch.nn.modules.conv.Conv2d::conv_1 # /root/ThaiLe/venv/lib/python3.12/site-packages/torch/nn/modules/conv.py:548:0
  %input.17 : Float(1, 24, 68, 48, strides=[78336, 3264, 48, 1], requires_grad=1, device=cpu) = aten::add(%15546, %15605, %18470), scope: earsr.models.registry.SRModel::/earsr.models.zoo.smfan.SMFAN::net/torch.nn.modules.container.Sequential::feats/earsr.models.zoo.smfan.FMB::feats.0/earsr.models.zoo.smfan.SMFA::smfa # /root/ThaiLe/new_exprerient/earsr_rt/earsr/models/zoo/smfan.py:77:0
  %15626 : Float(1, 24, 68, 48, strides=[78336, 3264, 48, 1], requires_grad=0, device=cpu) = aten::_convolution(%input.17, %net.feats.0.smfa.linear_2.weight, %net.feats.0.smfa.linear_2.bias, %18010, %18013, %18010, %18469, %18013, %18470, %18469, %18469, %18471, %18471), scope: earsr.models.registry.SRModel::/earsr.models.zoo.smfan.SMFAN::net/torch.nn.modules.container.Sequential::feats/earsr.models.zoo.smfan.FMB::feats.0/earsr.models.zoo.smfan.SMFA::smfa/torch.nn.modules.conv.Conv2d::linear_2 # /root/ThaiLe/venv/lib/python3.12/site-packages/torch/nn/modules/conv.py:548:0
  %x.3 : Float(1, 24, 68, 48, strides=[78336, 3264, 48, 1], requires_grad=1, device=cpu) = aten::add(%15626, %x.1, %18470), scope: earsr.models.registry.SRModel::/earsr.models.zoo.smfan.SMFAN::net/torch.nn.modules.container.Sequential::feats/earsr.models.zoo.smfan.FMB::feats.0 # /root/ThaiLe/new_exprerient/earsr_rt/earsr/models/zoo/smfan.py:89:0
  %15634 : Float(1, 1, 68, 48, strides=[3264, 3264, 48, 1], requires_grad=1, device=cpu) = aten::linalg_vector_norm(%x.3, %18472, %18014, %18471, %15406), scope: earsr.models.registry.SRModel::/earsr.models.zoo.smfan.SMFAN::net/torch.nn.modules.container.Sequential::feats/earsr.models.zoo.smfan.FMB::feats.0 # /root/ThaiLe/venv/lib/python3.12/site-packages/torch/functional.py:1839:0
  %15636 : Float(1, 1, 68, 48, strides=[3264, 3264, 48, 1], requires_grad=1, device=cpu) = aten::clamp_min(%15634, %18473), scope: earsr.models.registry.SRModel::/earsr.models.zoo.smfan.SMFAN::net/torch.nn.modules.container.Sequential::feats/earsr.models.zoo.smfan.FMB::feats.0 # /root/ThaiLe/venv/lib/python3.12/site-packages/torch/nn/functional.py:5707:0
  %15637 : Float(1, 24, 68, 48, strides=[3264, 0, 48, 1], requires_grad=1, device=cpu) = aten::expand_as(%15636, %x.3), scope: earsr.models.registry.SRModel::/earsr.models.zoo.smfan.SMFAN::net/torch.nn.modules.container.Sequential::feats/earsr.models.zoo.smfan.FMB::feats.0 # /root/ThaiLe/venv/lib/python3.12/site-packages/torch/nn/functional.py:5707:0
  %input.19 : Float(1, 24, 68, 48, strides=[78336, 3264, 48, 1], requires_grad=1, device=cpu) = aten::div(%x.3, %15637), scope: earsr.models.registry.SRModel::/earsr.models.zoo.smfan.SMFAN::net/torch.nn.modules.container.Sequential::feats/earsr.models.zoo.smfan.FMB::feats.0 # /root/ThaiLe/venv/lib/python3.12/site-packages/torch/nn/functional.py:5708:0
  %15657 : Float(1, 36, 68, 48, strides=[117504, 3264, 48, 1], requires_grad=0, device=cpu) = aten::_convolution(%input.19, %net.feats.0.pcfn.conv_0.weight, %net.feats.0.pcfn.conv_0.bias, %18010, %18013, %18010, %18469, %18013, %18470, %18469, %18469, %18471, %18471), scope: earsr.models.registry.SRModel::/earsr.models.zoo.smfan.SMFAN::net/torch.nn.modules.container.Sequential::feats/earsr.models.zoo.smfan.FMB::feats.0/earsr.models.zoo.smfan.PCFN::pcfn/torch.nn.modules.conv.Conv2d::conv_0 # /root/ThaiLe/venv/lib/python3.12/site-packages/torch/nn/modules/conv.py:548:0
  %input.23 : Float(1, 36, 68, 48, strides=[117504, 3264, 48, 1], requires_grad=1, device=cpu) = aten::gelu(%15657, %15541), scope: earsr.models.registry.SRModel::/earsr.models.zoo.smfan.SMFAN::net/torch.nn.modules.container.Sequential::feats/earsr.models.zoo.smfan.FMB::feats.0/earsr.models.zoo.smfan.PCFN::pcfn/torch.nn.modules.activation.GELU::act # /root/ThaiLe/venv/lib/python3.12/site-packages/torch/nn/modules/activation.py:816:0
  %18475 : Long(device=cpu) = prim::Constant[value={0}](), scope: earsr.models.registry.SRModel::/earsr.models.zoo.smfan.SMFAN::net/torch.nn.modules.container.Sequential::feats/earsr.models.zoo.smfan.FMB::feats.0/earsr.models.zoo.smfan.PCFN::pcfn
  %18476 : Long(device=cpu) = prim::Constant[value={9223372036854775807}](), scope: earsr.models.registry.SRModel::/earsr.models.zoo.smfan.SMFAN::net/torch.nn.modules.container.Sequential::feats/earsr.models.zoo.smfan.FMB::feats.0/earsr.models.zoo.smfan.PCFN::pcfn
  %15664 : Float(1, 36, 68, 48, strides=[117504, 3264, 48, 1], requires_grad=1, device=cpu) = aten::slice(%input.23, %18475, %18475, %18476, %18470), scope: earsr.models.registry.SRModel::/earsr.models.zoo.smfan.SMFAN::net/torch.nn.modules.container.Sequential::feats/earsr.models.zoo.smfan.FMB::feats.0/earsr.models.zoo.smfan.PCFN::pcfn # /root/ThaiLe/new_exprerient/earsr_rt/earsr/models/zoo/smfan.py:51:0
  %18477 : Long(device=cpu) = prim::Constant[value={9}](), scope: earsr.models.registry.SRModel::/earsr.models.zoo.smfan.SMFAN::net/torch.nn.modules.container.Sequential::feats/earsr.models.zoo.smfan.FMB::feats.0/earsr.models.zoo.smfan.PCFN::pcfn
  %15669 : Float(1, 9, 68, 48, strides=[117504, 3264, 48, 1], requires_grad=1, device=cpu) = aten::slice(%15664, %18470, %18475, %18477, %18470), scope: earsr.models.registry.SRModel::/earsr.models.zoo.smfan.SMFAN::net/torch.nn.modules.container.Sequential::feats/earsr.models.zoo.smfan.FMB::feats.0/earsr.models.zoo.smfan.PCFN::pcfn # /root/ThaiLe/new_exprerient/earsr_rt/earsr/models/zoo/smfan.py:51:0
  %15674 : Float(1, 9, 68, 48, strides=[117504, 3264, 48, 1], requires_grad=1, device=cpu) = aten::slice(%15669, %18466, %18475, %18476, %18470), scope: earsr.models.registry.SRModel::/earsr.models.zoo.smfan.SMFAN::net/torch.nn.modules.container.Sequential::feats/earsr.models.zoo.smfan.FMB::feats.0/earsr.models.zoo.smfan.PCFN::pcfn # /root/ThaiLe/new_exprerient/earsr_rt/earsr/models/zoo/smfan.py:51:0
  %input.21 : Float(1, 9, 68, 48, strides=[117504, 3264, 48, 1], requires_grad=1, device=cpu) = aten::slice(%15674, %18467, %18475, %18476, %18470), scope: earsr.models.registry.SRModel::/earsr.models.zoo.smfan.SMFAN::net/torch.nn.modules.container.Sequential::feats/earsr.models.zoo.smfan.FMB::feats.0/earsr.models.zoo.smfan.PCFN::pcfn # /root/ThaiLe/new_exprerient/earsr_rt/earsr/models/zoo/smfan.py:51:0
  %15698 : Float(1, 9, 68, 48, strides=[29376, 3264, 48, 1], requires_grad=0, device=cpu) = aten::_convolution(%input.21, %net.feats.0.pcfn.conv_1.weight, %net.feats.0.pcfn.conv_1.bias, %18010, %18010, %18010, %18469, %18013, %18470, %18469, %18469, %18471, %18471), scope: earsr.models.registry.SRModel::/earsr.models.zoo.smfan.SMFAN::net/torch.nn.modules.container.Sequential::feats/earsr.models.zoo.smfan.FMB::feats.0/earsr.models.zoo.smfan.PCFN::pcfn/torch.nn.modules.conv.Conv2d::conv_1 # /root/ThaiLe/venv/lib/python3.12/site-packages/torch/nn/modules/conv.py:548:0
  %15700 : Float(1, 9, 68, 48, strides=[29376, 3264, 48, 1], requires_grad=1, device=cpu) = aten::gelu(%15698, %15541), scope: earsr.models.registry.SRModel::/earsr.models.zoo.smfan.SMFAN::net/torch.nn.modules.container.Sequential::feats/earsr.models.zoo.smfan.FMB::feats.0/earsr.models.zoo.smfan.PCFN::pcfn/torch.nn.modules.activation.GELU::act # /root/ThaiLe/venv/lib/python3.12/site-packages/torch/nn/modules/activation.py:816:0
  %15705 : Float(1, 36, 68, 48, strides=[117504, 3264, 48, 1], requires_grad=1, device=cpu) = aten::slice(%input.23, %18475, %18475, %18476, %18470), scope: earsr.models.registry.SRModel::/earsr.models.zoo.smfan.SMFAN::net/torch.nn.modules.container.Sequential::feats/earsr.models.zoo.smfan.FMB::feats.0/earsr.models.zoo.smfan.PCFN::pcfn # /root/ThaiLe/new_exprerient/earsr_rt/earsr/models/zoo/smfan.py:51:0
  %15710 : Float(1, 9, 68, 48, strides=[117504, 3264, 48, 1], requires_grad=1, device=cpu) = aten::slice(%15705, %18470, %18475, %18477, %18470), scope: earsr.models.registry.SRModel::/earsr.models.zoo.smfan.SMFAN::net/torch.nn.modules.container.Sequential::feats/earsr.models.zoo.smfan.FMB::feats.0/earsr.models.zoo.smfan.PCFN::pcfn # /root/ThaiLe/new_exprerient/earsr_rt/earsr/models/zoo/smfan.py:51:0
  %15715 : Float(1, 9, 68, 48, strides=[117504, 3264, 48, 1], requires_grad=1, device=cpu) = aten::slice(%15710, %18466, %18475, %18476, %18470), scope: earsr.models.registry.SRModel::/earsr.models.zoo.smfan.SMFAN::net/torch.nn.modules.container.Sequential::feats/earsr.models.zoo.smfan.FMB::feats.0/earsr.models.zoo.smfan.PCFN::pcfn # /root/ThaiLe/new_exprerient/earsr_rt/earsr/models/zoo/smfan.py:51:0
  %15720 : Float(1, 9, 68, 48, strides=[117504, 3264, 48, 1], requires_grad=1, device=cpu) = aten::slice(%15715, %18467, %18475, %18476, %18470), scope: earsr.models.registry.SRModel::/earsr.models.zoo.smfan.SMFAN::net/torch.nn.modules.container.Sequential::feats/earsr.models.zoo.smfan.FMB::feats.0/earsr.models.zoo.smfan.PCFN::pcfn # /root/ThaiLe/new_exprerient/earsr_rt/earsr/models/zoo/smfan.py:51:0
  %18386 : Tensor?[] = prim::ListConstruct()
  %18387 : Float(1, 9, 68, 48, strides=[29376, 3264, 48, 1], requires_grad=1, device=cpu) = aten::expand_as(%15700, %15720), scope: earsr.models.registry.SRModel::/earsr.models.zoo.smfan.SMFAN::net/torch.nn.modules.container.Sequential::feats/earsr.models.zoo.smfan.FMB::feats.0/earsr.models.zoo.smfan.PCFN::pcfn # /root/ThaiLe/new_exprerient/earsr_rt/earsr/models/zoo/smfan.py:51:0
  %18478 : Bool(device=cpu) = prim::Constant[value={0}]()
  %18390 : Tensor = onnx::Placeholder[name="index_put_"](%input.23), scope: earsr.models.registry.SRModel::/earsr.models.zoo.smfan.SMFAN::net/torch.nn.modules.container.Sequential::feats/earsr.models.zoo.smfan.FMB::feats.0/earsr.models.zoo.smfan.PCFN::pcfn # /root/ThaiLe/new_exprerient/earsr_rt/earsr/models/zoo/smfan.py:51:0
    block0():
      %18391 : Float(1, 36, 68, 48, strides=[117504, 3264, 48, 1], requires_grad=1, device=cpu) = aten::slice(%input.23, %18475, %18475, %18476, %18470), scope: earsr.models.registry.SRModel::/earsr.models.zoo.smfan.SMFAN::net/torch.nn.modules.container.Sequential::feats/earsr.models.zoo.smfan.FMB::feats.0/earsr.models.zoo.smfan.PCFN::pcfn # /root/ThaiLe/new_exprerient/earsr_rt/earsr/models/zoo/smfan.py:51:0
      %18392 : Float(1, 9, 68, 48, strides=[117504, 3264, 48, 1], requires_grad=1, device=cpu) = aten::slice(%18391, %18470, %18475, %18477, %18470), scope: earsr.models.registry.SRModel::/earsr.models.zoo.smfan.SMFAN::net/torch.nn.modules.container.Sequential::feats/earsr.models.zoo.smfan.FMB::feats.0/earsr.models.zoo.smfan.PCFN::pcfn # /root/ThaiLe/new_exprerient/earsr_rt/earsr/models/zoo/smfan.py:51:0
      %18393 : Float(1, 9, 68, 48, strides=[117504, 3264, 48, 1], requires_grad=1, device=cpu) = aten::slice(%18392, %18466, %18475, %18476, %18470), scope: earsr.models.registry.SRModel::/earsr.models.zoo.smfan.SMFAN::net/torch.nn.modules.container.Sequential::feats/earsr.models.zoo.smfan.FMB::feats.0/earsr.models.zoo.smfan.PCFN::pcfn # /root/ThaiLe/new_exprerient/earsr_rt/earsr/models/zoo/smfan.py:51:0
      %18394 : Float(1, 9, 68, 48, strides=[117504, 3264, 48, 1], requires_grad=1, device=cpu) = aten::slice(%18393, %18467, %18475, %18476, %18470), scope: earsr.models.registry.SRModel::/earsr.models.zoo.smfan.SMFAN::net/torch.nn.modules.container.Sequential::feats/earsr.models.zoo.smfan.FMB::feats.0/earsr.models.zoo.smfan.PCFN::pcfn # /root/ThaiLe/new_exprerient/earsr_rt/earsr/models/zoo/smfan.py:51:0
      %18395 : Float(1, 9, 68, 48, strides=[117504, 3264, 48, 1], requires_grad=1, device=cpu) = aten::index_put_(%18394, %18386, %18387, %18478), scope: earsr.models.registry.SRModel::/earsr.models.zoo.smfan.SMFAN::net/torch.nn.modules.container.Sequential::feats/earsr.models.zoo.smfan.FMB::feats.0/earsr.models.zoo.smfan.PCFN::pcfn # /root/ThaiLe/new_exprerient/earsr_rt/earsr/models/zoo/smfan.py:51:0
      -> (%18395)
  %15741 : Float(1, 24, 68, 48, strides=[78336, 3264, 48, 1], requires_grad=0, device=cpu) = aten::_convolution(%18390, %net.feats.0.pcfn.conv_2.weight, %net.feats.0.pcfn.conv_2.bias, %18010, %18013, %18010, %18469, %18013, %18470, %18469, %18469, %18471, %18471), scope: earsr.models.registry.SRModel::/earsr.models.zoo.smfan.SMFAN::net/torch.nn.modules.container.Sequential::feats/earsr.models.zoo.smfan.FMB::feats.0/earsr.models.zoo.smfan.PCFN::pcfn/torch.nn.modules.conv.Conv2d::conv_2 # /root/ThaiLe/venv/lib/python3.12/site-packages/torch/nn/modules/conv.py:548:0
  %x.5 : Float(1, 24, 68, 48, strides=[78336, 3264, 48, 1], requires_grad=1, device=cpu) = aten::add(%15741, %x.3, %18470), scope: earsr.models.registry.SRModel::/earsr.models.zoo.smfan.SMFAN::net/torch.nn.modules.container.Sequential::feats/earsr.models.zoo.smfan.FMB::feats.0 # /root/ThaiLe/new_exprerient/earsr_rt/earsr/models/zoo/smfan.py:90:0
  %15749 : Float(1, 1, 68, 48, strides=[3264, 3264, 48, 1], requires_grad=1, device=cpu) = aten::linalg_vector_norm(%x.5, %18472, %18014, %18471, %15406), scope: earsr.models.registry.SRModel::/earsr.models.zoo.smfan.SMFAN::net/torch.nn.modules.container.Sequential::feats/earsr.models.zoo.smfan.FMB::feats.1 # /root/ThaiLe/venv/lib/python3.12/site-packages/torch/functional.py:1839:0
  %15751 : Float(1, 1, 68, 48, strides=[3264, 3264, 48, 1], requires_grad=1, device=cpu) = aten::clamp_min(%15749, %18473), scope: earsr.models.registry.SRModel::/earsr.models.zoo.smfan.SMFAN::net/torch.nn.modules.container.Sequential::feats/earsr.models.zoo.smfan.FMB::feats.1 # /root/ThaiLe/venv/lib/python3.12/site-packages/torch/nn/functional.py:5707:0
  %15752 : Float(1, 24, 68, 48, strides=[3264, 0, 48, 1], requires_grad=1, device=cpu) = aten::expand_as(%15751, %x.5), scope: earsr.models.registry.SRModel::/earsr.models.zoo.smfan.SMFAN::net/torch.nn.modules.container.Sequential::feats/earsr.models.zoo.smfan.FMB::feats.1 # /root/ThaiLe/venv/lib/python3.12/site-packages/torch/nn/functional.py:5707:0
  %input.25 : Float(1, 24, 68, 48, strides=[78336, 3264, 48, 1], requires_grad=1, device=cpu) = aten::div(%x.5, %15752), scope: earsr.models.registry.SRModel::/earsr.models.zoo.smfan.SMFAN::net/torch.nn.modules.container.Sequential::feats/earsr.models.zoo.smfan.FMB::feats.1 # /root/ThaiLe/venv/lib/python3.12/site-packages/torch/nn/functional.py:5708:0
  %15761 : Long(device=cpu) = aten::size(%input.25, %18466), scope: earsr.models.registry.SRModel::/earsr.models.zoo.smfan.SMFAN::net/torch.nn.modules.container.Sequential::feats/earsr.models.zoo.smfan.FMB::feats.1/earsr.models.zoo.smfan.SMFA::smfa # /root/ThaiLe/new_exprerient/earsr_rt/earsr/models/zoo/smfan.py:71:0
  %15765 : Long(device=cpu) = aten::size(%input.25, %18467), scope: earsr.models.registry.SRModel::/earsr.models.zoo.smfan.SMFAN::net/torch.nn.modules.container.Sequential::feats/earsr.models.zoo.smfan.FMB::feats.1/earsr.models.zoo.smfan.SMFA::smfa # /root/ThaiLe/new_exprerient/earsr_rt/earsr/models/zoo/smfan.py:71:0
  %15786 : Float(1, 48, 68, 48, strides=[156672, 3264, 48, 1], requires_grad=0, device=cpu) = aten::_convolution(%input.25, %net.feats.1.smfa.linear_0.weight, %net.feats.1.smfa.linear_0.bias, %18010, %18013, %18010, %18469, %18013, %18470, %18469, %18469, %18471, %18471), scope: earsr.models.registry.SRModel::/earsr.models.zoo.smfan.SMFAN::net/torch.nn.modules.container.Sequential::feats/earsr.models.zoo.smfan.FMB::feats.1/earsr.models.zoo.smfan.SMFA::smfa/torch.nn.modules.conv.Conv2d::linear_0 # /root/ThaiLe/venv/lib/python3.12/site-packages/torch/nn/modules/conv.py:548:0
  %18366 : Float(1, 24, 68, 48, strides=[156672, 3264, 48, 1], requires_grad=1, device=cpu), %18367 : Float(1, 24, 68, 48, strides=[156672, 3264, 48, 1], requires_grad=1, device=cpu) = prim::ConstantChunk[chunks=2, dim=1](%15786), scope: earsr.models.registry.SRModel::/earsr.models.zoo.smfan.SMFAN::net/torch.nn.modules.container.Sequential::feats/earsr.models.zoo.smfan.FMB::feats.1/earsr.models.zoo.smfan.SMFA::smfa # /root/ThaiLe/new_exprerient/earsr_rt/earsr/models/zoo/smfan.py:72:0
  %15793 : Long(requires_grad=0, device=cpu) = aten::floor_divide(%15761, %15474), scope: earsr.models.registry.SRModel::/earsr.models.zoo.smfan.SMFAN::net/torch.nn.modules.container.Sequential::feats/earsr.models.zoo.smfan.FMB::feats.1/earsr.models.zoo.smfan.SMFA::smfa # /root/ThaiLe/venv/lib/python3.12/site-packages/torch/_tensor.py:1161:0
  %15796 : Long(requires_grad=0, device=cpu) = aten::floor_divide(%15765, %15474), scope: earsr.models.registry.SRModel::/earsr.models.zoo.smfan.SMFAN::net/torch.nn.modules.container.Sequential::feats/earsr.models.zoo.smfan.FMB::feats.1/earsr.models.zoo.smfan.SMFA::smfa # /root/ThaiLe/venv/lib/python3.12/site-packages/torch/_tensor.py:1161:0
  %15810 : int[] = prim::ListConstruct(%15793, %15796), scope: earsr.models.registry.SRModel::/earsr.models.zoo.smfan.SMFAN::net/torch.nn.modules.container.Sequential::feats/earsr.models.zoo.smfan.FMB::feats.1/earsr.models.zoo.smfan.SMFA::smfa
  %input.29 : Float(1, 24, 8, 6, strides=[1152, 48, 6, 1], requires_grad=1, device=cpu), %15812 : Long(1, 24, 8, 6, strides=[1152, 48, 6, 1], requires_grad=0, device=cpu) = aten::adaptive_max_pool2d(%18367, %15810), scope: earsr.models.registry.SRModel::/earsr.models.zoo.smfan.SMFAN::net/torch.nn.modules.container.Sequential::feats/earsr.models.zoo.smfan.FMB::feats.1/earsr.models.zoo.smfan.SMFA::smfa # /root/ThaiLe/venv/lib/python3.12/site-packages/torch/nn/functional.py:1282:0
  %15831 : Float(1, 24, 8, 6, strides=[1152, 48, 6, 1], requires_grad=0, device=cpu) = aten::_convolution(%input.29, %net.feats.1.smfa.dw_conv.weight, %net.feats.1.smfa.dw_conv.bias, %18010, %18010, %18010, %18469, %18013, %18474, %18469, %18469, %18471, %18471), scope: earsr.models.registry.SRModel::/earsr.models.zoo.smfan.SMFAN::net/torch.nn.modules.container.Sequential::feats/earsr.models.zoo.smfan.FMB::feats.1/earsr.models.zoo.smfan.SMFA::smfa/torch.nn.modules.conv.Conv2d::dw_conv # /root/ThaiLe/venv/lib/python3.12/site-packages/torch/nn/modules/conv.py:548:0
  %15837 : Float(1, 24, 1, 1, strides=[24, 1, 1, 1], requires_grad=1, device=cpu) = aten::var(%18367, %18023, %18471, %18471), scope: earsr.models.registry.SRModel::/earsr.models.zoo.smfan.SMFAN::net/torch.nn.modules.container.Sequential::feats/earsr.models.zoo.smfan.FMB::feats.1/earsr.models.zoo.smfan.SMFA::smfa # /root/ThaiLe/new_exprerient/earsr_rt/earsr/models/zoo/smfan.py:74:0
  %input.31 : Float(1, 24, 8, 6, strides=[1152, 48, 6, 1], requires_grad=1, device=cpu) = aten::add(%15831, %15837, %18470), scope: earsr.models.registry.SRModel::/earsr.models.zoo.smfan.SMFAN::net/torch.nn.modules.container.Sequential::feats/earsr.models.zoo.smfan.FMB::feats.1/earsr.models.zoo.smfan.SMFA::smfa # /root/ThaiLe/new_exprerient/earsr_rt/earsr/models/zoo/smfan.py:75:0
  %15858 : Float(1, 24, 8, 6, strides=[1152, 48, 6, 1], requires_grad=0, device=cpu) = aten::_convolution(%input.31, %net.feats.1.smfa.linear_1.weight, %net.feats.1.smfa.linear_1.bias, %18010, %18013, %18010, %18469, %18013, %18470, %18469, %18469, %18471, %18471), scope: earsr.models.registry.SRModel::/earsr.models.zoo.smfan.SMFAN::net/torch.nn.modules.container.Sequential::feats/earsr.models.zoo.smfan.FMB::feats.1/earsr.models.zoo.smfan.SMFA::smfa/torch.nn.modules.conv.Conv2d::linear_1 # /root/ThaiLe/venv/lib/python3.12/site-packages/torch/nn/modules/conv.py:548:0
  %15860 : Float(1, 24, 8, 6, strides=[1152, 48, 6, 1], requires_grad=1, device=cpu) = aten::gelu(%15858, %15541), scope: earsr.models.registry.SRModel::/earsr.models.zoo.smfan.SMFAN::net/torch.nn.modules.container.Sequential::feats/earsr.models.zoo.smfan.FMB::feats.1/earsr.models.zoo.smfan.SMFA::smfa/torch.nn.modules.activation.GELU::gelu # /root/ThaiLe/venv/lib/python3.12/site-packages/torch/nn/modules/activation.py:816:0
  %15861 : int[] = prim::ListConstruct(%15761, %15765), scope: earsr.models.registry.SRModel::/earsr.models.zoo.smfan.SMFAN::net/torch.nn.modules.container.Sequential::feats/earsr.models.zoo.smfan.FMB::feats.1/earsr.models.zoo.smfan.SMFA::smfa
  %15863 : Float(1, 24, 68, 48, strides=[78336, 3264, 48, 1], requires_grad=1, device=cpu) = aten::upsample_nearest2d(%15860, %15861, %15406), scope: earsr.models.registry.SRModel::/earsr.models.zoo.smfan.SMFAN::net/torch.nn.modules.container.Sequential::feats/earsr.models.zoo.smfan.FMB::feats.1/earsr.models.zoo.smfan.SMFA::smfa # /root/ThaiLe/venv/lib/python3.12/site-packages/torch/nn/functional.py:4817:0
  %15864 : Float(1, 24, 68, 48, strides=[78336, 3264, 48, 1], requires_grad=1, device=cpu) = aten::mul(%18367, %15863), scope: earsr.models.registry.SRModel::/earsr.models.zoo.smfan.SMFAN::net/torch.nn.modules.container.Sequential::feats/earsr.models.zoo.smfan.FMB::feats.1/earsr.models.zoo.smfan.SMFA::smfa # /root/ThaiLe/new_exprerient/earsr_rt/earsr/models/zoo/smfan.py:75:0
  %input.35 : Float(1, 48, 68, 48, strides=[156672, 3264, 48, 1], requires_grad=0, device=cpu) = aten::_convolution(%18366, %net.feats.1.smfa.lde.conv_0.0.weight, %net.feats.1.smfa.lde.conv_0.0.bias, %18010, %18010, %18010, %18469, %18013, %18474, %18469, %18469, %18471, %18471), scope: earsr.models.registry.SRModel::/earsr.models.zoo.smfan.SMFAN::net/torch.nn.modules.container.Sequential::feats/earsr.models.zoo.smfan.FMB::feats.1/earsr.models.zoo.smfan.SMFA::smfa/earsr.models.zoo.smfan.DMlp::lde/torch.nn.modules.container.Sequential::conv_0/torch.nn.modules.conv.Conv2d::conv_0.0 # /root/ThaiLe/venv/lib/python3.12/site-packages/torch/nn/modules/conv.py:548:0
  %15902 : Float(1, 48, 68, 48, strides=[156672, 3264, 48, 1], requires_grad=0, device=cpu) = aten::_convolution(%input.35, %net.feats.1.smfa.lde.conv_0.1.weight, %net.feats.1.smfa.lde.conv_0.1.bias, %18010, %18013, %18010, %18469, %18013, %18470, %18469, %18469, %18471, %18471), scope: earsr.models.registry.SRModel::/earsr.models.zoo.smfan.SMFAN::net/torch.nn.modules.container.Sequential::feats/earsr.models.zoo.smfan.FMB::feats.1/earsr.models.zoo.smfan.SMFA::smfa/earsr.models.zoo.smfan.DMlp::lde/torch.nn.modules.container.Sequential::conv_0/torch.nn.modules.conv.Conv2d::conv_0.1 # /root/ThaiLe/venv/lib/python3.12/site-packages/torch/nn/modules/conv.py:548:0
  %input.37 : Float(1, 48, 68, 48, strides=[156672, 3264, 48, 1], requires_grad=1, device=cpu) = aten::gelu(%15902, %15541), scope: earsr.models.registry.SRModel::/earsr.models.zoo.smfan.SMFAN::net/torch.nn.modules.container.Sequential::feats/earsr.models.zoo.smfan.FMB::feats.1/earsr.models.zoo.smfan.SMFA::smfa/earsr.models.zoo.smfan.DMlp::lde/torch.nn.modules.activation.GELU::act # /root/ThaiLe/venv/lib/python3.12/site-packages/torch/nn/modules/activation.py:816:0
  %15923 : Float(1, 24, 68, 48, strides=[78336, 3264, 48, 1], requires_grad=0, device=cpu) = aten::_convolution(%input.37, %net.feats.1.smfa.lde.conv_1.weight, %net.feats.1.smfa.lde.conv_1.bias, %18010, %18013, %18010, %18469, %18013, %18470, %18469, %18469, %18471, %18471), scope: earsr.models.registry.SRModel::/earsr.models.zoo.smfan.SMFAN::net/torch.nn.modules.container.Sequential::feats/earsr.models.zoo.smfan.FMB::feats.1/earsr.models.zoo.smfan.SMFA::smfa/earsr.models.zoo.smfan.DMlp::lde/torch.nn.modules.conv.Conv2d::conv_1 # /root/ThaiLe/venv/lib/python3.12/site-packages/torch/nn/modules/conv.py:548:0
  %input.39 : Float(1, 24, 68, 48, strides=[78336, 3264, 48, 1], requires_grad=1, device=cpu) = aten::add(%15864, %15923, %18470), scope: earsr.models.registry.SRModel::/earsr.models.zoo.smfan.SMFAN::net/torch.nn.modules.container.Sequential::feats/earsr.models.zoo.smfan.FMB::feats.1/earsr.models.zoo.smfan.SMFA::smfa # /root/ThaiLe/new_exprerient/earsr_rt/earsr/models/zoo/smfan.py:77:0
  %15944 : Float(1, 24, 68, 48, strides=[78336, 3264, 48, 1], requires_grad=0, device=cpu) = aten::_convolution(%input.39, %net.feats.1.smfa.linear_2.weight, %net.feats.1.smfa.linear_2.bias, %18010, %18013, %18010, %18469, %18013, %18470, %18469, %18469, %18471, %18471), scope: earsr.models.registry.SRModel::/earsr.models.zoo.smfan.SMFAN::net/torch.nn.modules.container.Sequential::feats/earsr.models.zoo.smfan.FMB::feats.1/earsr.models.zoo.smfan.SMFA::smfa/torch.nn.modules.conv.Conv2d::linear_2 # /root/ThaiLe/venv/lib/python3.12/site-packages/torch/nn/modules/conv.py:548:0
  %x.7 : Float(1, 24, 68, 48, strides=[78336, 3264, 48, 1], requires_grad=1, device=cpu) = aten::add(%15944, %x.5, %18470), scope: earsr.models.registry.SRModel::/earsr.models.zoo.smfan.SMFAN::net/torch.nn.modules.container.Sequential::feats/earsr.models.zoo.smfan.FMB::feats.1 # /root/ThaiLe/new_exprerient/earsr_rt/earsr/models/zoo/smfan.py:89:0
  %15952 : Float(1, 1, 68, 48, strides=[3264, 3264, 48, 1], requires_grad=1, device=cpu) = aten::linalg_vector_norm(%x.7, %18472, %18014, %18471, %15406), scope: earsr.models.registry.SRModel::/earsr.models.zoo.smfan.SMFAN::net/torch.nn.modules.container.Sequential::feats/earsr.models.zoo.smfan.FMB::feats.1 # /root/ThaiLe/venv/lib/python3.12/site-packages/torch/functional.py:1839:0
  %15954 : Float(1, 1, 68, 48, strides=[3264, 3264, 48, 1], requires_grad=1, device=cpu) = aten::clamp_min(%15952, %18473), scope: earsr.models.registry.SRModel::/earsr.models.zoo.smfan.SMFAN::net/torch.nn.modules.container.Sequential::feats/earsr.models.zoo.smfan.FMB::feats.1 # /root/ThaiLe/venv/lib/python3.12/site-packages/torch/nn/functional.py:5707:0
  %15955 : Float(1, 24, 68, 48, strides=[3264, 0, 48, 1], requires_grad=1, device=cpu) = aten::expand_as(%15954, %x.7), scope: earsr.models.registry.SRModel::/earsr.models.zoo.smfan.SMFAN::net/torch.nn.modules.container.Sequential::feats/earsr.models.zoo.smfan.FMB::feats.1 # /root/ThaiLe/venv/lib/python3.12/site-packages/torch/nn/functional.py:5707:0
  %input.41 : Float(1, 24, 68, 48, strides=[78336, 3264, 48, 1], requires_grad=1, device=cpu) = aten::div(%x.7, %15955), scope: earsr.models.registry.SRModel::/earsr.models.zoo.smfan.SMFAN::net/torch.nn.modules.container.Sequential::feats/earsr.models.zoo.smfan.FMB::feats.1 # /root/ThaiLe/venv/lib/python3.12/site-packages/torch/nn/functional.py:5708:0
  %15975 : Float(1, 36, 68, 48, strides=[117504, 3264, 48, 1], requires_grad=0, device=cpu) = aten::_convolution(%input.41, %net.feats.1.pcfn.conv_0.weight, %net.feats.1.pcfn.conv_0.bias, %18010, %18013, %18010, %18469, %18013, %18470, %18469, %18469, %18471, %18471), scope: earsr.models.registry.SRModel::/earsr.models.zoo.smfan.SMFAN::net/torch.nn.modules.container.Sequential::feats/earsr.models.zoo.smfan.FMB::feats.1/earsr.models.zoo.smfan.PCFN::pcfn/torch.nn.modules.conv.Conv2d::conv_0 # /root/ThaiLe/venv/lib/python3.12/site-packages/torch/nn/modules/conv.py:548:0
  %input.45 : Float(1, 36, 68, 48, strides=[117504, 3264, 48, 1], requires_grad=1, device=cpu) = aten::gelu(%15975, %15541), scope: earsr.models.registry.SRModel::/earsr.models.zoo.smfan.SMFAN::net/torch.nn.modules.container.Sequential::feats/earsr.models.zoo.smfan.FMB::feats.1/earsr.models.zoo.smfan.PCFN::pcfn/torch.nn.modules.activation.GELU::act # /root/ThaiLe/venv/lib/python3.12/site-packages/torch/nn/modules/activation.py:816:0
  %15982 : Float(1, 36, 68, 48, strides=[117504, 3264, 48, 1], requires_grad=1, device=cpu) = aten::slice(%input.45, %18475, %18475, %18476, %18470), scope: earsr.models.registry.SRModel::/earsr.models.zoo.smfan.SMFAN::net/torch.nn.modules.container.Sequential::feats/earsr.models.zoo.smfan.FMB::feats.1/earsr.models.zoo.smfan.PCFN::pcfn # /root/ThaiLe/new_exprerient/earsr_rt/earsr/models/zoo/smfan.py:51:0
  %15987 : Float(1, 9, 68, 48, strides=[117504, 3264, 48, 1], requires_grad=1, device=cpu) = aten::slice(%15982, %18470, %18475, %18477, %18470), scope: earsr.models.registry.SRModel::/earsr.models.zoo.smfan.SMFAN::net/torch.nn.modules.container.Sequential::feats/earsr.models.zoo.smfan.FMB::feats.1/earsr.models.zoo.smfan.PCFN::pcfn # /root/ThaiLe/new_exprerient/earsr_rt/earsr/models/zoo/smfan.py:51:0
  %15992 : Float(1, 9, 68, 48, strides=[117504, 3264, 48, 1], requires_grad=1, device=cpu) = aten::slice(%15987, %18466, %18475, %18476, %18470), scope: earsr.models.registry.SRModel::/earsr.models.zoo.smfan.SMFAN::net/torch.nn.modules.container.Sequential::feats/earsr.models.zoo.smfan.FMB::feats.1/earsr.models.zoo.smfan.PCFN::pcfn # /root/ThaiLe/new_exprerient/earsr_rt/earsr/models/zoo/smfan.py:51:0
  %input.43 : Float(1, 9, 68, 48, strides=[117504, 3264, 48, 1], requires_grad=1, device=cpu) = aten::slice(%15992, %18467, %18475, %18476, %18470), scope: earsr.models.registry.SRModel::/earsr.models.zoo.smfan.SMFAN::net/torch.nn.modules.container.Sequential::feats/earsr.models.zoo.smfan.FMB::feats.1/earsr.models.zoo.smfan.PCFN::pcfn # /root/ThaiLe/new_exprerient/earsr_rt/earsr/models/zoo/smfan.py:51:0
  %16016 : Float(1, 9, 68, 48, strides=[29376, 3264, 48, 1], requires_grad=0, device=cpu) = aten::_convolution(%input.43, %net.feats.1.pcfn.conv_1.weight, %net.feats.1.pcfn.conv_1.bias, %18010, %18010, %18010, %18469, %18013, %18470, %18469, %18469, %18471, %18471), scope: earsr.models.registry.SRModel::/earsr.models.zoo.smfan.SMFAN::net/torch.nn.modules.container.Sequential::feats/earsr.models.zoo.smfan.FMB::feats.1/earsr.models.zoo.smfan.PCFN::pcfn/torch.nn.modules.conv.Conv2d::conv_1 # /root/ThaiLe/venv/lib/python3.12/site-packages/torch/nn/modules/conv.py:548:0
  %16018 : Float(1, 9, 68, 48, strides=[29376, 3264, 48, 1], requires_grad=1, device=cpu) = aten::gelu(%16016, %15541), scope: earsr.models.registry.SRModel::/earsr.models.zoo.smfan.SMFAN::net/torch.nn.modules.container.Sequential::feats/earsr.models.zoo.smfan.FMB::feats.1/earsr.models.zoo.smfan.PCFN::pcfn/torch.nn.modules.activation.GELU::act # /root/ThaiLe/venv/lib/python3.12/site-packages/torch/nn/modules/activation.py:816:0
  %16023 : Float(1, 36, 68, 48, strides=[117504, 3264, 48, 1], requires_grad=1, device=cpu) = aten::slice(%input.45, %18475, %18475, %18476, %18470), scope: earsr.models.registry.SRModel::/earsr.models.zoo.smfan.SMFAN::net/torch.nn.modules.container.Sequential::feats/earsr.models.zoo.smfan.FMB::feats.1/earsr.models.zoo.smfan.PCFN::pcfn # /root/ThaiLe/new_exprerient/earsr_rt/earsr/models/zoo/smfan.py:51:0
  %16028 : Float(1, 9, 68, 48, strides=[117504, 3264, 48, 1], requires_grad=1, device=cpu) = aten::slice(%16023, %18470, %18475, %18477, %18470), scope: earsr.models.registry.SRModel::/earsr.models.zoo.smfan.SMFAN::net/torch.nn.modules.container.Sequential::feats/earsr.models.zoo.smfan.FMB::feats.1/earsr.models.zoo.smfan.PCFN::pcfn # /root/ThaiLe/new_exprerient/earsr_rt/earsr/models/zoo/smfan.py:51:0
  %16033 : Float(1, 9, 68, 48, strides=[117504, 3264, 48, 1], requires_grad=1, device=cpu) = aten::slice(%16028, %18466, %18475, %18476, %18470), scope: earsr.models.registry.SRModel::/earsr.models.zoo.smfan.SMFAN::net/torch.nn.modules.container.Sequential::feats/earsr.models.zoo.smfan.FMB::feats.1/earsr.models.zoo.smfan.PCFN::pcfn # /root/ThaiLe/new_exprerient/earsr_rt/earsr/models/zoo/smfan.py:51:0
  %16038 : Float(1, 9, 68, 48, strides=[117504, 3264, 48, 1], requires_grad=1, device=cpu) = aten::slice(%16033, %18467, %18475, %18476, %18470), scope: earsr.models.registry.SRModel::/earsr.models.zoo.smfan.SMFAN::net/torch.nn.modules.container.Sequential::feats/earsr.models.zoo.smfan.FMB::feats.1/earsr.models.zoo.smfan.PCFN::pcfn # /root/ThaiLe/new_exprerient/earsr_rt/earsr/models/zoo/smfan.py:51:0
  %18396 : Tensor?[] = prim::ListConstruct()
  %18397 : Float(1, 9, 68, 48, strides=[29376, 3264, 48, 1], requires_grad=1, device=cpu) = aten::expand_as(%16018, %16038), scope: earsr.models.registry.SRModel::/earsr.models.zoo.smfan.SMFAN::net/torch.nn.modules.container.Sequential::feats/earsr.models.zoo.smfan.FMB::feats.1/earsr.models.zoo.smfan.PCFN::pcfn # /root/ThaiLe/new_exprerient/earsr_rt/earsr/models/zoo/smfan.py:51:0
  %18479 : Bool(device=cpu) = prim::Constant[value={0}]()
  %18400 : Tensor = onnx::Placeholder[name="index_put_"](%input.45), scope: earsr.models.registry.SRModel::/earsr.models.zoo.smfan.SMFAN::net/torch.nn.modules.container.Sequential::feats/earsr.models.zoo.smfan.FMB::feats.1/earsr.models.zoo.smfan.PCFN::pcfn # /root/ThaiLe/new_exprerient/earsr_rt/earsr/models/zoo/smfan.py:51:0
    block0():
      %18401 : Float(1, 36, 68, 48, strides=[117504, 3264, 48, 1], requires_grad=1, device=cpu) = aten::slice(%input.45, %18475, %18475, %18476, %18470), scope: earsr.models.registry.SRModel::/earsr.models.zoo.smfan.SMFAN::net/torch.nn.modules.container.Sequential::feats/earsr.models.zoo.smfan.FMB::feats.1/earsr.models.zoo.smfan.PCFN::pcfn # /root/ThaiLe/new_exprerient/earsr_rt/earsr/models/zoo/smfan.py:51:0
      %18402 : Float(1, 9, 68, 48, strides=[117504, 3264, 48, 1], requires_grad=1, device=cpu) = aten::slice(%18401, %18470, %18475, %18477, %18470), scope: earsr.models.registry.SRModel::/earsr.models.zoo.smfan.SMFAN::net/torch.nn.modules.container.Sequential::feats/earsr.models.zoo.smfan.FMB::feats.1/earsr.models.zoo.smfan.PCFN::pcfn # /root/ThaiLe/new_exprerient/earsr_rt/earsr/models/zoo/smfan.py:51:0
      %18403 : Float(1, 9, 68, 48, strides=[117504, 3264, 48, 1], requires_grad=1, device=cpu) = aten::slice(%18402, %18466, %18475, %18476, %18470), scope: earsr.models.registry.SRModel::/earsr.models.zoo.smfan.SMFAN::net/torch.nn.modules.container.Sequential::feats/earsr.models.zoo.smfan.FMB::feats.1/earsr.models.zoo.smfan.PCFN::pcfn # /root/ThaiLe/new_exprerient/earsr_rt/earsr/models/zoo/smfan.py:51:0
      %18404 : Float(1, 9, 68, 48, strides=[117504, 3264, 48, 1], requires_grad=1, device=cpu) = aten::slice(%18403, %18467, %18475, %18476, %18470), scope: earsr.models.registry.SRModel::/earsr.models.zoo.smfan.SMFAN::net/torch.nn.modules.container.Sequential::feats/earsr.models.zoo.smfan.FMB::feats.1/earsr.models.zoo.smfan.PCFN::pcfn # /root/ThaiLe/new_exprerient/earsr_rt/earsr/models/zoo/smfan.py:51:0
      %18405 : Float(1, 9, 68, 48, strides=[117504, 3264, 48, 1], requires_grad=1, device=cpu) = aten::index_put_(%18404, %18396, %18397, %18479), scope: earsr.models.registry.SRModel::/earsr.models.zoo.smfan.SMFAN::net/torch.nn.modules.container.Sequential::feats/earsr.models.zoo.smfan.FMB::feats.1/earsr.models.zoo.smfan.PCFN::pcfn # /root/ThaiLe/new_exprerient/earsr_rt/earsr/models/zoo/smfan.py:51:0
      -> (%18405)
  %16059 : Float(1, 24, 68, 48, strides=[78336, 3264, 48, 1], requires_grad=0, device=cpu) = aten::_convolution(%18400, %net.feats.1.pcfn.conv_2.weight, %net.feats.1.pcfn.conv_2.bias, %18010, %18013, %18010, %18469, %18013, %18470, %18469, %18469, %18471, %18471), scope: earsr.models.registry.SRModel::/earsr.models.zoo.smfan.SMFAN::net/torch.nn.modules.container.Sequential::feats/earsr.models.zoo.smfan.FMB::feats.1/earsr.models.zoo.smfan.PCFN::pcfn/torch.nn.modules.conv.Conv2d::conv_2 # /root/ThaiLe/venv/lib/python3.12/site-packages/torch/nn/modules/conv.py:548:0
  %x.9 : Float(1, 24, 68, 48, strides=[78336, 3264, 48, 1], requires_grad=1, device=cpu) = aten::add(%16059, %x.7, %18470), scope: earsr.models.registry.SRModel::/earsr.models.zoo.smfan.SMFAN::net/torch.nn.modules.container.Sequential::feats/earsr.models.zoo.smfan.FMB::feats.1 # /root/ThaiLe/new_exprerient/earsr_rt/earsr/models/zoo/smfan.py:90:0
  %16067 : Float(1, 1, 68, 48, strides=[3264, 3264, 48, 1], requires_grad=1, device=cpu) = aten::linalg_vector_norm(%x.9, %18472, %18014, %18471, %15406), scope: earsr.models.registry.SRModel::/earsr.models.zoo.smfan.SMFAN::net/torch.nn.modules.container.Sequential::feats/earsr.models.zoo.smfan.FMB::feats.2 # /root/ThaiLe/venv/lib/python3.12/site-packages/torch/functional.py:1839:0
  %16069 : Float(1, 1, 68, 48, strides=[3264, 3264, 48, 1], requires_grad=1, device=cpu) = aten::clamp_min(%16067, %18473), scope: earsr.models.registry.SRModel::/earsr.models.zoo.smfan.SMFAN::net/torch.nn.modules.container.Sequential::feats/earsr.models.zoo.smfan.FMB::feats.2 # /root/ThaiLe/venv/lib/python3.12/site-packages/torch/nn/functional.py:5707:0
  %16070 : Float(1, 24, 68, 48, strides=[3264, 0, 48, 1], requires_grad=1, device=cpu) = aten::expand_as(%16069, %x.9), scope: earsr.models.registry.SRModel::/earsr.models.zoo.smfan.SMFAN::net/torch.nn.modules.container.Sequential::feats/earsr.models.zoo.smfan.FMB::feats.2 # /root/ThaiLe/venv/lib/python3.12/site-packages/torch/nn/functional.py:5707:0
  %input.47 : Float(1, 24, 68, 48, strides=[78336, 3264, 48, 1], requires_grad=1, device=cpu) = aten::div(%x.9, %16070), scope: earsr.models.registry.SRModel::/earsr.models.zoo.smfan.SMFAN::net/torch.nn.modules.container.Sequential::feats/earsr.models.zoo.smfan.FMB::feats.2 # /root/ThaiLe/venv/lib/python3.12/site-packages/torch/nn/functional.py:5708:0
  %16079 : Long(device=cpu) = aten::size(%input.47, %18466), scope: earsr.models.registry.SRModel::/earsr.models.zoo.smfan.SMFAN::net/torch.nn.modules.container.Sequential::feats/earsr.models.zoo.smfan.FMB::feats.2/earsr.models.zoo.smfan.SMFA::smfa # /root/ThaiLe/new_exprerient/earsr_rt/earsr/models/zoo/smfan.py:71:0
  %16083 : Long(device=cpu) = aten::size(%input.47, %18467), scope: earsr.models.registry.SRModel::/earsr.models.zoo.smfan.SMFAN::net/torch.nn.modules.container.Sequential::feats/earsr.models.zoo.smfan.FMB::feats.2/earsr.models.zoo.smfan.SMFA::smfa # /root/ThaiLe/new_exprerient/earsr_rt/earsr/models/zoo/smfan.py:71:0
  %16104 : Float(1, 48, 68, 48, strides=[156672, 3264, 48, 1], requires_grad=0, device=cpu) = aten::_convolution(%input.47, %net.feats.2.smfa.linear_0.weight, %net.feats.2.smfa.linear_0.bias, %18010, %18013, %18010, %18469, %18013, %18470, %18469, %18469, %18471, %18471), scope: earsr.models.registry.SRModel::/earsr.models.zoo.smfan.SMFAN::net/torch.nn.modules.container.Sequential::feats/earsr.models.zoo.smfan.FMB::feats.2/earsr.models.zoo.smfan.SMFA::smfa/torch.nn.modules.conv.Conv2d::linear_0 # /root/ThaiLe/venv/lib/python3.12/site-packages/torch/nn/modules/conv.py:548:0
  %18368 : Float(1, 24, 68, 48, strides=[156672, 3264, 48, 1], requires_grad=1, device=cpu), %18369 : Float(1, 24, 68, 48, strides=[156672, 3264, 48, 1], requires_grad=1, device=cpu) = prim::ConstantChunk[chunks=2, dim=1](%16104), scope: earsr.models.registry.SRModel::/earsr.models.zoo.smfan.SMFAN::net/torch.nn.modules.container.Sequential::feats/earsr.models.zoo.smfan.FMB::feats.2/earsr.models.zoo.smfan.SMFA::smfa # /root/ThaiLe/new_exprerient/earsr_rt/earsr/models/zoo/smfan.py:72:0
  %16111 : Long(requires_grad=0, device=cpu) = aten::floor_divide(%16079, %15474), scope: earsr.models.registry.SRModel::/earsr.models.zoo.smfan.SMFAN::net/torch.nn.modules.container.Sequential::feats/earsr.models.zoo.smfan.FMB::feats.2/earsr.models.zoo.smfan.SMFA::smfa # /root/ThaiLe/venv/lib/python3.12/site-packages/torch/_tensor.py:1161:0
  %16114 : Long(requires_grad=0, device=cpu) = aten::floor_divide(%16083, %15474), scope: earsr.models.registry.SRModel::/earsr.models.zoo.smfan.SMFAN::net/torch.nn.modules.container.Sequential::feats/earsr.models.zoo.smfan.FMB::feats.2/earsr.models.zoo.smfan.SMFA::smfa # /root/ThaiLe/venv/lib/python3.12/site-packages/torch/_tensor.py:1161:0
  %16128 : int[] = prim::ListConstruct(%16111, %16114), scope: earsr.models.registry.SRModel::/earsr.models.zoo.smfan.SMFAN::net/torch.nn.modules.container.Sequential::feats/earsr.models.zoo.smfan.FMB::feats.2/earsr.models.zoo.smfan.SMFA::smfa
  %input.51 : Float(1, 24, 8, 6, strides=[1152, 48, 6, 1], requires_grad=1, device=cpu), %16130 : Long(1, 24, 8, 6, strides=[1152, 48, 6, 1], requires_grad=0, device=cpu) = aten::adaptive_max_pool2d(%18369, %16128), scope: earsr.models.registry.SRModel::/earsr.models.zoo.smfan.SMFAN::net/torch.nn.modules.container.Sequential::feats/earsr.models.zoo.smfan.FMB::feats.2/earsr.models.zoo.smfan.SMFA::smfa # /root/ThaiLe/venv/lib/python3.12/site-packages/torch/nn/functional.py:1282:0
  %16149 : Float(1, 24, 8, 6, strides=[1152, 48, 6, 1], requires_grad=0, device=cpu) = aten::_convolution(%input.51, %net.feats.2.smfa.dw_conv.weight, %net.feats.2.smfa.dw_conv.bias, %18010, %18010, %18010, %18469, %18013, %18474, %18469, %18469, %18471, %18471), scope: earsr.models.registry.SRModel::/earsr.models.zoo.smfan.SMFAN::net/torch.nn.modules.container.Sequential::feats/earsr.models.zoo.smfan.FMB::feats.2/earsr.models.zoo.smfan.SMFA::smfa/torch.nn.modules.conv.Conv2d::dw_conv # /root/ThaiLe/venv/lib/python3.12/site-packages/torch/nn/modules/conv.py:548:0
  %16155 : Float(1, 24, 1, 1, strides=[24, 1, 1, 1], requires_grad=1, device=cpu) = aten::var(%18369, %18023, %18471, %18471), scope: earsr.models.registry.SRModel::/earsr.models.zoo.smfan.SMFAN::net/torch.nn.modules.container.Sequential::feats/earsr.models.zoo.smfan.FMB::feats.2/earsr.models.zoo.smfan.SMFA::smfa # /root/ThaiLe/new_exprerient/earsr_rt/earsr/models/zoo/smfan.py:74:0
  %input.53 : Float(1, 24, 8, 6, strides=[1152, 48, 6, 1], requires_grad=1, device=cpu) = aten::add(%16149, %16155, %18470), scope: earsr.models.registry.SRModel::/earsr.models.zoo.smfan.SMFAN::net/torch.nn.modules.container.Sequential::feats/earsr.models.zoo.smfan.FMB::feats.2/earsr.models.zoo.smfan.SMFA::smfa # /root/ThaiLe/new_exprerient/earsr_rt/earsr/models/zoo/smfan.py:75:0
  %16176 : Float(1, 24, 8, 6, strides=[1152, 48, 6, 1], requires_grad=0, device=cpu) = aten::_convolution(%input.53, %net.feats.2.smfa.linear_1.weight, %net.feats.2.smfa.linear_1.bias, %18010, %18013, %18010, %18469, %18013, %18470, %18469, %18469, %18471, %18471), scope: earsr.models.registry.SRModel::/earsr.models.zoo.smfan.SMFAN::net/torch.nn.modules.container.Sequential::feats/earsr.models.zoo.smfan.FMB::feats.2/earsr.models.zoo.smfan.SMFA::smfa/torch.nn.modules.conv.Conv2d::linear_1 # /root/ThaiLe/venv/lib/python3.12/site-packages/torch/nn/modules/conv.py:548:0
  %16178 : Float(1, 24, 8, 6, strides=[1152, 48, 6, 1], requires_grad=1, device=cpu) = aten::gelu(%16176, %15541), scope: earsr.models.registry.SRModel::/earsr.models.zoo.smfan.SMFAN::net/torch.nn.modules.container.Sequential::feats/earsr.models.zoo.smfan.FMB::feats.2/earsr.models.zoo.smfan.SMFA::smfa/torch.nn.modules.activation.GELU::gelu # /root/ThaiLe/venv/lib/python3.12/site-packages/torch/nn/modules/activation.py:816:0
  %16179 : int[] = prim::ListConstruct(%16079, %16083), scope: earsr.models.registry.SRModel::/earsr.models.zoo.smfan.SMFAN::net/torch.nn.modules.container.Sequential::feats/earsr.models.zoo.smfan.FMB::feats.2/earsr.models.zoo.smfan.SMFA::smfa
  %16181 : Float(1, 24, 68, 48, strides=[78336, 3264, 48, 1], requires_grad=1, device=cpu) = aten::upsample_nearest2d(%16178, %16179, %15406), scope: earsr.models.registry.SRModel::/earsr.models.zoo.smfan.SMFAN::net/torch.nn.modules.container.Sequential::feats/earsr.models.zoo.smfan.FMB::feats.2/earsr.models.zoo.smfan.SMFA::smfa # /root/ThaiLe/venv/lib/python3.12/site-packages/torch/nn/functional.py:4817:0
  %16182 : Float(1, 24, 68, 48, strides=[78336, 3264, 48, 1], requires_grad=1, device=cpu) = aten::mul(%18369, %16181), scope: earsr.models.registry.SRModel::/earsr.models.zoo.smfan.SMFAN::net/torch.nn.modules.container.Sequential::feats/earsr.models.zoo.smfan.FMB::feats.2/earsr.models.zoo.smfan.SMFA::smfa # /root/ThaiLe/new_exprerient/earsr_rt/earsr/models/zoo/smfan.py:75:0
  %input.57 : Float(1, 48, 68, 48, strides=[156672, 3264, 48, 1], requires_grad=0, device=cpu) = aten::_convolution(%18368, %net.feats.2.smfa.lde.conv_0.0.weight, %net.feats.2.smfa.lde.conv_0.0.bias, %18010, %18010, %18010, %18469, %18013, %18474, %18469, %18469, %18471, %18471), scope: earsr.models.registry.SRModel::/earsr.models.zoo.smfan.SMFAN::net/torch.nn.modules.container.Sequential::feats/earsr.models.zoo.smfan.FMB::feats.2/earsr.models.zoo.smfan.SMFA::smfa/earsr.models.zoo.smfan.DMlp::lde/torch.nn.modules.container.Sequential::conv_0/torch.nn.modules.conv.Conv2d::conv_0.0 # /root/ThaiLe/venv/lib/python3.12/site-packages/torch/nn/modules/conv.py:548:0
  %16220 : Float(1, 48, 68, 48, strides=[156672, 3264, 48, 1], requires_grad=0, device=cpu) = aten::_convolution(%input.57, %net.feats.2.smfa.lde.conv_0.1.weight, %net.feats.2.smfa.lde.conv_0.1.bias, %18010, %18013, %18010, %18469, %18013, %18470, %18469, %18469, %18471, %18471), scope: earsr.models.registry.SRModel::/earsr.models.zoo.smfan.SMFAN::net/torch.nn.modules.container.Sequential::feats/earsr.models.zoo.smfan.FMB::feats.2/earsr.models.zoo.smfan.SMFA::smfa/earsr.models.zoo.smfan.DMlp::lde/torch.nn.modules.container.Sequential::conv_0/torch.nn.modules.conv.Conv2d::conv_0.1 # /root/ThaiLe/venv/lib/python3.12/site-packages/torch/nn/modules/conv.py:548:0
  %input.59 : Float(1, 48, 68, 48, strides=[156672, 3264, 48, 1], requires_grad=1, device=cpu) = aten::gelu(%16220, %15541), scope: earsr.models.registry.SRModel::/earsr.models.zoo.smfan.SMFAN::net/torch.nn.modules.container.Sequential::feats/earsr.models.zoo.smfan.FMB::feats.2/earsr.models.zoo.smfan.SMFA::smfa/earsr.models.zoo.smfan.DMlp::lde/torch.nn.modules.activation.GELU::act # /root/ThaiLe/venv/lib/python3.12/site-packages/torch/nn/modules/activation.py:816:0
  %16241 : Float(1, 24, 68, 48, strides=[78336, 3264, 48, 1], requires_grad=0, device=cpu) = aten::_convolution(%input.59, %net.feats.2.smfa.lde.conv_1.weight, %net.feats.2.smfa.lde.conv_1.bias, %18010, %18013, %18010, %18469, %18013, %18470, %18469, %18469, %18471, %18471), scope: earsr.models.registry.SRModel::/earsr.models.zoo.smfan.SMFAN::net/torch.nn.modules.container.Sequential::feats/earsr.models.zoo.smfan.FMB::feats.2/earsr.models.zoo.smfan.SMFA::smfa/earsr.models.zoo.smfan.DMlp::lde/torch.nn.modules.conv.Conv2d::conv_1 # /root/ThaiLe/venv/lib/python3.12/site-packages/torch/nn/modules/conv.py:548:0
  %input.61 : Float(1, 24, 68, 48, strides=[78336, 3264, 48, 1], requires_grad=1, device=cpu) = aten::add(%16182, %16241, %18470), scope: earsr.models.registry.SRModel::/earsr.models.zoo.smfan.SMFAN::net/torch.nn.modules.container.Sequential::feats/earsr.models.zoo.smfan.FMB::feats.2/earsr.models.zoo.smfan.SMFA::smfa # /root/ThaiLe/new_exprerient/earsr_rt/earsr/models/zoo/smfan.py:77:0
  %16262 : Float(1, 24, 68, 48, strides=[78336, 3264, 48, 1], requires_grad=0, device=cpu) = aten::_convolution(%input.61, %net.feats.2.smfa.linear_2.weight, %net.feats.2.smfa.linear_2.bias, %18010, %18013, %18010, %18469, %18013, %18470, %18469, %18469, %18471, %18471), scope: earsr.models.registry.SRModel::/earsr.models.zoo.smfan.SMFAN::net/torch.nn.modules.container.Sequential::feats/earsr.models.zoo.smfan.FMB::feats.2/earsr.models.zoo.smfan.SMFA::smfa/torch.nn.modules.conv.Conv2d::linear_2 # /root/ThaiLe/venv/lib/python3.12/site-packages/torch/nn/modules/conv.py:548:0
  %x.11 : Float(1, 24, 68, 48, strides=[78336, 3264, 48, 1], requires_grad=1, device=cpu) = aten::add(%16262, %x.9, %18470), scope: earsr.models.registry.SRModel::/earsr.models.zoo.smfan.SMFAN::net/torch.nn.modules.container.Sequential::feats/earsr.models.zoo.smfan.FMB::feats.2 # /root/ThaiLe/new_exprerient/earsr_rt/earsr/models/zoo/smfan.py:89:0
  %16270 : Float(1, 1, 68, 48, strides=[3264, 3264, 48, 1], requires_grad=1, device=cpu) = aten::linalg_vector_norm(%x.11, %18472, %18014, %18471, %15406), scope: earsr.models.registry.SRModel::/earsr.models.zoo.smfan.SMFAN::net/torch.nn.modules.container.Sequential::feats/earsr.models.zoo.smfan.FMB::feats.2 # /root/ThaiLe/venv/lib/python3.12/site-packages/torch/functional.py:1839:0
  %16272 : Float(1, 1, 68, 48, strides=[3264, 3264, 48, 1], requires_grad=1, device=cpu) = aten::clamp_min(%16270, %18473), scope: earsr.models.registry.SRModel::/earsr.models.zoo.smfan.SMFAN::net/torch.nn.modules.container.Sequential::feats/earsr.models.zoo.smfan.FMB::feats.2 # /root/ThaiLe/venv/lib/python3.12/site-packages/torch/nn/functional.py:5707:0
  %16273 : Float(1, 24, 68, 48, strides=[3264, 0, 48, 1], requires_grad=1, device=cpu) = aten::expand_as(%16272, %x.11), scope: earsr.models.registry.SRModel::/earsr.models.zoo.smfan.SMFAN::net/torch.nn.modules.container.Sequential::feats/earsr.models.zoo.smfan.FMB::feats.2 # /root/ThaiLe/venv/lib/python3.12/site-packages/torch/nn/functional.py:5707:0
  %input.63 : Float(1, 24, 68, 48, strides=[78336, 3264, 48, 1], requires_grad=1, device=cpu) = aten::div(%x.11, %16273), scope: earsr.models.registry.SRModel::/earsr.models.zoo.smfan.SMFAN::net/torch.nn.modules.container.Sequential::feats/earsr.models.zoo.smfan.FMB::feats.2 # /root/ThaiLe/venv/lib/python3.12/site-packages/torch/nn/functional.py:5708:0
  %16293 : Float(1, 36, 68, 48, strides=[117504, 3264, 48, 1], requires_grad=0, device=cpu) = aten::_convolution(%input.63, %net.feats.2.pcfn.conv_0.weight, %net.feats.2.pcfn.conv_0.bias, %18010, %18013, %18010, %18469, %18013, %18470, %18469, %18469, %18471, %18471), scope: earsr.models.registry.SRModel::/earsr.models.zoo.smfan.SMFAN::net/torch.nn.modules.container.Sequential::feats/earsr.models.zoo.smfan.FMB::feats.2/earsr.models.zoo.smfan.PCFN::pcfn/torch.nn.modules.conv.Conv2d::conv_0 # /root/ThaiLe/venv/lib/python3.12/site-packages/torch/nn/modules/conv.py:548:0
  %input.67 : Float(1, 36, 68, 48, strides=[117504, 3264, 48, 1], requires_grad=1, device=cpu) = aten::gelu(%16293, %15541), scope: earsr.models.registry.SRModel::/earsr.models.zoo.smfan.SMFAN::net/torch.nn.modules.container.Sequential::feats/earsr.models.zoo.smfan.FMB::feats.2/earsr.models.zoo.smfan.PCFN::pcfn/torch.nn.modules.activation.GELU::act # /root/ThaiLe/venv/lib/python3.12/site-packages/torch/nn/modules/activation.py:816:0
  %16300 : Float(1, 36, 68, 48, strides=[117504, 3264, 48, 1], requires_grad=1, device=cpu) = aten::slice(%input.67, %18475, %18475, %18476, %18470), scope: earsr.models.registry.SRModel::/earsr.models.zoo.smfan.SMFAN::net/torch.nn.modules.container.Sequential::feats/earsr.models.zoo.smfan.FMB::feats.2/earsr.models.zoo.smfan.PCFN::pcfn # /root/ThaiLe/new_exprerient/earsr_rt/earsr/models/zoo/smfan.py:51:0
  %16305 : Float(1, 9, 68, 48, strides=[117504, 3264, 48, 1], requires_grad=1, device=cpu) = aten::slice(%16300, %18470, %18475, %18477, %18470), scope: earsr.models.registry.SRModel::/earsr.models.zoo.smfan.SMFAN::net/torch.nn.modules.container.Sequential::feats/earsr.models.zoo.smfan.FMB::feats.2/earsr.models.zoo.smfan.PCFN::pcfn # /root/ThaiLe/new_exprerient/earsr_rt/earsr/models/zoo/smfan.py:51:0
  %16310 : Float(1, 9, 68, 48, strides=[117504, 3264, 48, 1], requires_grad=1, device=cpu) = aten::slice(%16305, %18466, %18475, %18476, %18470), scope: earsr.models.registry.SRModel::/earsr.models.zoo.smfan.SMFAN::net/torch.nn.modules.container.Sequential::feats/earsr.models.zoo.smfan.FMB::feats.2/earsr.models.zoo.smfan.PCFN::pcfn # /root/ThaiLe/new_exprerient/earsr_rt/earsr/models/zoo/smfan.py:51:0
  %input.65 : Float(1, 9, 68, 48, strides=[117504, 3264, 48, 1], requires_grad=1, device=cpu) = aten::slice(%16310, %18467, %18475, %18476, %18470), scope: earsr.models.registry.SRModel::/earsr.models.zoo.smfan.SMFAN::net/torch.nn.modules.container.Sequential::feats/earsr.models.zoo.smfan.FMB::feats.2/earsr.models.zoo.smfan.PCFN::pcfn # /root/ThaiLe/new_exprerient/earsr_rt/earsr/models/zoo/smfan.py:51:0
  %16334 : Float(1, 9, 68, 48, strides=[29376, 3264, 48, 1], requires_grad=0, device=cpu) = aten::_convolution(%input.65, %net.feats.2.pcfn.conv_1.weight, %net.feats.2.pcfn.conv_1.bias, %18010, %18010, %18010, %18469, %18013, %18470, %18469, %18469, %18471, %18471), scope: earsr.models.registry.SRModel::/earsr.models.zoo.smfan.SMFAN::net/torch.nn.modules.container.Sequential::feats/earsr.models.zoo.smfan.FMB::feats.2/earsr.models.zoo.smfan.PCFN::pcfn/torch.nn.modules.conv.Conv2d::conv_1 # /root/ThaiLe/venv/lib/python3.12/site-packages/torch/nn/modules/conv.py:548:0
  %16336 : Float(1, 9, 68, 48, strides=[29376, 3264, 48, 1], requires_grad=1, device=cpu) = aten::gelu(%16334, %15541), scope: earsr.models.registry.SRModel::/earsr.models.zoo.smfan.SMFAN::net/torch.nn.modules.container.Sequential::feats/earsr.models.zoo.smfan.FMB::feats.2/earsr.models.zoo.smfan.PCFN::pcfn/torch.nn.modules.activation.GELU::act # /root/ThaiLe/venv/lib/python3.12/site-packages/torch/nn/modules/activation.py:816:0
  %16341 : Float(1, 36, 68, 48, strides=[117504, 3264, 48, 1], requires_grad=1, device=cpu) = aten::slice(%input.67, %18475, %18475, %18476, %18470), scope: earsr.models.registry.SRModel::/earsr.models.zoo.smfan.SMFAN::net/torch.nn.modules.container.Sequential::feats/earsr.models.zoo.smfan.FMB::feats.2/earsr.models.zoo.smfan.PCFN::pcfn # /root/ThaiLe/new_exprerient/earsr_rt/earsr/models/zoo/smfan.py:51:0
  %16346 : Float(1, 9, 68, 48, strides=[117504, 3264, 48, 1], requires_grad=1, device=cpu) = aten::slice(%16341, %18470, %18475, %18477, %18470), scope: earsr.models.registry.SRModel::/earsr.models.zoo.smfan.SMFAN::net/torch.nn.modules.container.Sequential::feats/earsr.models.zoo.smfan.FMB::feats.2/earsr.models.zoo.smfan.PCFN::pcfn # /root/ThaiLe/new_exprerient/earsr_rt/earsr/models/zoo/smfan.py:51:0
  %16351 : Float(1, 9, 68, 48, strides=[117504, 3264, 48, 1], requires_grad=1, device=cpu) = aten::slice(%16346, %18466, %18475, %18476, %18470), scope: earsr.models.registry.SRModel::/earsr.models.zoo.smfan.SMFAN::net/torch.nn.modules.container.Sequential::feats/earsr.models.zoo.smfan.FMB::feats.2/earsr.models.zoo.smfan.PCFN::pcfn # /root/ThaiLe/new_exprerient/earsr_rt/earsr/models/zoo/smfan.py:51:0
  %16356 : Float(1, 9, 68, 48, strides=[117504, 3264, 48, 1], requires_grad=1, device=cpu) = aten::slice(%16351, %18467, %18475, %18476, %18470), scope: earsr.models.registry.SRModel::/earsr.models.zoo.smfan.SMFAN::net/torch.nn.modules.container.Sequential::feats/earsr.models.zoo.smfan.FMB::feats.2/earsr.models.zoo.smfan.PCFN::pcfn # /root/ThaiLe/new_exprerient/earsr_rt/earsr/models/zoo/smfan.py:51:0
  %18406 : Tensor?[] = prim::ListConstruct()
  %18407 : Float(1, 9, 68, 48, strides=[29376, 3264, 48, 1], requires_grad=1, device=cpu) = aten::expand_as(%16336, %16356), scope: earsr.models.registry.SRModel::/earsr.models.zoo.smfan.SMFAN::net/torch.nn.modules.container.Sequential::feats/earsr.models.zoo.smfan.FMB::feats.2/earsr.models.zoo.smfan.PCFN::pcfn # /root/ThaiLe/new_exprerient/earsr_rt/earsr/models/zoo/smfan.py:51:0
  %18480 : Bool(device=cpu) = prim::Constant[value={0}]()
  %18410 : Tensor = onnx::Placeholder[name="index_put_"](%input.67), scope: earsr.models.registry.SRModel::/earsr.models.zoo.smfan.SMFAN::net/torch.nn.modules.container.Sequential::feats/earsr.models.zoo.smfan.FMB::feats.2/earsr.models.zoo.smfan.PCFN::pcfn # /root/ThaiLe/new_exprerient/earsr_rt/earsr/models/zoo/smfan.py:51:0
    block0():
      %18411 : Float(1, 36, 68, 48, strides=[117504, 3264, 48, 1], requires_grad=1, device=cpu) = aten::slice(%input.67, %18475, %18475, %18476, %18470), scope: earsr.models.registry.SRModel::/earsr.models.zoo.smfan.SMFAN::net/torch.nn.modules.container.Sequential::feats/earsr.models.zoo.smfan.FMB::feats.2/earsr.models.zoo.smfan.PCFN::pcfn # /root/ThaiLe/new_exprerient/earsr_rt/earsr/models/zoo/smfan.py:51:0
      %18412 : Float(1, 9, 68, 48, strides=[117504, 3264, 48, 1], requires_grad=1, device=cpu) = aten::slice(%18411, %18470, %18475, %18477, %18470), scope: earsr.models.registry.SRModel::/earsr.models.zoo.smfan.SMFAN::net/torch.nn.modules.container.Sequential::feats/earsr.models.zoo.smfan.FMB::feats.2/earsr.models.zoo.smfan.PCFN::pcfn # /root/ThaiLe/new_exprerient/earsr_rt/earsr/models/zoo/smfan.py:51:0
      %18413 : Float(1, 9, 68, 48, strides=[117504, 3264, 48, 1], requires_grad=1, device=cpu) = aten::slice(%18412, %18466, %18475, %18476, %18470), scope: earsr.models.registry.SRModel::/earsr.models.zoo.smfan.SMFAN::net/torch.nn.modules.container.Sequential::feats/earsr.models.zoo.smfan.FMB::feats.2/earsr.models.zoo.smfan.PCFN::pcfn # /root/ThaiLe/new_exprerient/earsr_rt/earsr/models/zoo/smfan.py:51:0
      %18414 : Float(1, 9, 68, 48, strides=[117504, 3264, 48, 1], requires_grad=1, device=cpu) = aten::slice(%18413, %18467, %18475, %18476, %18470), scope: earsr.models.registry.SRModel::/earsr.models.zoo.smfan.SMFAN::net/torch.nn.modules.container.Sequential::feats/earsr.models.zoo.smfan.FMB::feats.2/earsr.models.zoo.smfan.PCFN::pcfn # /root/ThaiLe/new_exprerient/earsr_rt/earsr/models/zoo/smfan.py:51:0
      %18415 : Float(1, 9, 68, 48, strides=[117504, 3264, 48, 1], requires_grad=1, device=cpu) = aten::index_put_(%18414, %18406, %18407, %18480), scope: earsr.models.registry.SRModel::/earsr.models.zoo.smfan.SMFAN::net/torch.nn.modules.container.Sequential::feats/earsr.models.zoo.smfan.FMB::feats.2/earsr.models.zoo.smfan.PCFN::pcfn # /root/ThaiLe/new_exprerient/earsr_rt/earsr/models/zoo/smfan.py:51:0
      -> (%18415)
  %16377 : Float(1, 24, 68, 48, strides=[78336, 3264, 48, 1], requires_grad=0, device=cpu) = aten::_convolution(%18410, %net.feats.2.pcfn.conv_2.weight, %net.feats.2.pcfn.conv_2.bias, %18010, %18013, %18010, %18469, %18013, %18470, %18469, %18469, %18471, %18471), scope: earsr.models.registry.SRModel::/earsr.models.zoo.smfan.SMFAN::net/torch.nn.modules.container.Sequential::feats/earsr.models.zoo.smfan.FMB::feats.2/earsr.models.zoo.smfan.PCFN::pcfn/torch.nn.modules.conv.Conv2d::conv_2 # /root/ThaiLe/venv/lib/python3.12/site-packages/torch/nn/modules/conv.py:548:0
  %x.13 : Float(1, 24, 68, 48, strides=[78336, 3264, 48, 1], requires_grad=1, device=cpu) = aten::add(%16377, %x.11, %18470), scope: earsr.models.registry.SRModel::/earsr.models.zoo.smfan.SMFAN::net/torch.nn.modules.container.Sequential::feats/earsr.models.zoo.smfan.FMB::feats.2 # /root/ThaiLe/new_exprerient/earsr_rt/earsr/models/zoo/smfan.py:90:0
  %16385 : Float(1, 1, 68, 48, strides=[3264, 3264, 48, 1], requires_grad=1, device=cpu) = aten::linalg_vector_norm(%x.13, %18472, %18014, %18471, %15406), scope: earsr.models.registry.SRModel::/earsr.models.zoo.smfan.SMFAN::net/torch.nn.modules.container.Sequential::feats/earsr.models.zoo.smfan.FMB::feats.3 # /root/ThaiLe/venv/lib/python3.12/site-packages/torch/functional.py:1839:0
  %16387 : Float(1, 1, 68, 48, strides=[3264, 3264, 48, 1], requires_grad=1, device=cpu) = aten::clamp_min(%16385, %18473), scope: earsr.models.registry.SRModel::/earsr.models.zoo.smfan.SMFAN::net/torch.nn.modules.container.Sequential::feats/earsr.models.zoo.smfan.FMB::feats.3 # /root/ThaiLe/venv/lib/python3.12/site-packages/torch/nn/functional.py:5707:0
  %16388 : Float(1, 24, 68, 48, strides=[3264, 0, 48, 1], requires_grad=1, device=cpu) = aten::expand_as(%16387, %x.13), scope: earsr.models.registry.SRModel::/earsr.models.zoo.smfan.SMFAN::net/torch.nn.modules.container.Sequential::feats/earsr.models.zoo.smfan.FMB::feats.3 # /root/ThaiLe/venv/lib/python3.12/site-packages/torch/nn/functional.py:5707:0
  %input.69 : Float(1, 24, 68, 48, strides=[78336, 3264, 48, 1], requires_grad=1, device=cpu) = aten::div(%x.13, %16388), scope: earsr.models.registry.SRModel::/earsr.models.zoo.smfan.SMFAN::net/torch.nn.modules.container.Sequential::feats/earsr.models.zoo.smfan.FMB::feats.3 # /root/ThaiLe/venv/lib/python3.12/site-packages/torch/nn/functional.py:5708:0
  %16397 : Long(device=cpu) = aten::size(%input.69, %18466), scope: earsr.models.registry.SRModel::/earsr.models.zoo.smfan.SMFAN::net/torch.nn.modules.container.Sequential::feats/earsr.models.zoo.smfan.FMB::feats.3/earsr.models.zoo.smfan.SMFA::smfa # /root/ThaiLe/new_exprerient/earsr_rt/earsr/models/zoo/smfan.py:71:0
  %16401 : Long(device=cpu) = aten::size(%input.69, %18467), scope: earsr.models.registry.SRModel::/earsr.models.zoo.smfan.SMFAN::net/torch.nn.modules.container.Sequential::feats/earsr.models.zoo.smfan.FMB::feats.3/earsr.models.zoo.smfan.SMFA::smfa # /root/ThaiLe/new_exprerient/earsr_rt/earsr/models/zoo/smfan.py:71:0
  %16422 : Float(1, 48, 68, 48, strides=[156672, 3264, 48, 1], requires_grad=0, device=cpu) = aten::_convolution(%input.69, %net.feats.3.smfa.linear_0.weight, %net.feats.3.smfa.linear_0.bias, %18010, %18013, %18010, %18469, %18013, %18470, %18469, %18469, %18471, %18471), scope: earsr.models.registry.SRModel::/earsr.models.zoo.smfan.SMFAN::net/torch.nn.modules.container.Sequential::feats/earsr.models.zoo.smfan.FMB::feats.3/earsr.models.zoo.smfan.SMFA::smfa/torch.nn.modules.conv.Conv2d::linear_0 # /root/ThaiLe/venv/lib/python3.12/site-packages/torch/nn/modules/conv.py:548:0
  %18370 : Float(1, 24, 68, 48, strides=[156672, 3264, 48, 1], requires_grad=1, device=cpu), %18371 : Float(1, 24, 68, 48, strides=[156672, 3264, 48, 1], requires_grad=1, device=cpu) = prim::ConstantChunk[chunks=2, dim=1](%16422), scope: earsr.models.registry.SRModel::/earsr.models.zoo.smfan.SMFAN::net/torch.nn.modules.container.Sequential::feats/earsr.models.zoo.smfan.FMB::feats.3/earsr.models.zoo.smfan.SMFA::smfa # /root/ThaiLe/new_exprerient/earsr_rt/earsr/models/zoo/smfan.py:72:0
  %16429 : Long(requires_grad=0, device=cpu) = aten::floor_divide(%16397, %15474), scope: earsr.models.registry.SRModel::/earsr.models.zoo.smfan.SMFAN::net/torch.nn.modules.container.Sequential::feats/earsr.models.zoo.smfan.FMB::feats.3/earsr.models.zoo.smfan.SMFA::smfa # /root/ThaiLe/venv/lib/python3.12/site-packages/torch/_tensor.py:1161:0
  %16432 : Long(requires_grad=0, device=cpu) = aten::floor_divide(%16401, %15474), scope: earsr.models.registry.SRModel::/earsr.models.zoo.smfan.SMFAN::net/torch.nn.modules.container.Sequential::feats/earsr.models.zoo.smfan.FMB::feats.3/earsr.models.zoo.smfan.SMFA::smfa # /root/ThaiLe/venv/lib/python3.12/site-packages/torch/_tensor.py:1161:0
  %16446 : int[] = prim::ListConstruct(%16429, %16432), scope: earsr.models.registry.SRModel::/earsr.models.zoo.smfan.SMFAN::net/torch.nn.modules.container.Sequential::feats/earsr.models.zoo.smfan.FMB::feats.3/earsr.models.zoo.smfan.SMFA::smfa
  %input.73 : Float(1, 24, 8, 6, strides=[1152, 48, 6, 1], requires_grad=1, device=cpu), %16448 : Long(1, 24, 8, 6, strides=[1152, 48, 6, 1], requires_grad=0, device=cpu) = aten::adaptive_max_pool2d(%18371, %16446), scope: earsr.models.registry.SRModel::/earsr.models.zoo.smfan.SMFAN::net/torch.nn.modules.container.Sequential::feats/earsr.models.zoo.smfan.FMB::feats.3/earsr.models.zoo.smfan.SMFA::smfa # /root/ThaiLe/venv/lib/python3.12/site-packages/torch/nn/functional.py:1282:0
  %16467 : Float(1, 24, 8, 6, strides=[1152, 48, 6, 1], requires_grad=0, device=cpu) = aten::_convolution(%input.73, %net.feats.3.smfa.dw_conv.weight, %net.feats.3.smfa.dw_conv.bias, %18010, %18010, %18010, %18469, %18013, %18474, %18469, %18469, %18471, %18471), scope: earsr.models.registry.SRModel::/earsr.models.zoo.smfan.SMFAN::net/torch.nn.modules.container.Sequential::feats/earsr.models.zoo.smfan.FMB::feats.3/earsr.models.zoo.smfan.SMFA::smfa/torch.nn.modules.conv.Conv2d::dw_conv # /root/ThaiLe/venv/lib/python3.12/site-packages/torch/nn/modules/conv.py:548:0
  %16473 : Float(1, 24, 1, 1, strides=[24, 1, 1, 1], requires_grad=1, device=cpu) = aten::var(%18371, %18023, %18471, %18471), scope: earsr.models.registry.SRModel::/earsr.models.zoo.smfan.SMFAN::net/torch.nn.modules.container.Sequential::feats/earsr.models.zoo.smfan.FMB::feats.3/earsr.models.zoo.smfan.SMFA::smfa # /root/ThaiLe/new_exprerient/earsr_rt/earsr/models/zoo/smfan.py:74:0
  %input.75 : Float(1, 24, 8, 6, strides=[1152, 48, 6, 1], requires_grad=1, device=cpu) = aten::add(%16467, %16473, %18470), scope: earsr.models.registry.SRModel::/earsr.models.zoo.smfan.SMFAN::net/torch.nn.modules.container.Sequential::feats/earsr.models.zoo.smfan.FMB::feats.3/earsr.models.zoo.smfan.SMFA::smfa # /root/ThaiLe/new_exprerient/earsr_rt/earsr/models/zoo/smfan.py:75:0
  %16494 : Float(1, 24, 8, 6, strides=[1152, 48, 6, 1], requires_grad=0, device=cpu) = aten::_convolution(%input.75, %net.feats.3.smfa.linear_1.weight, %net.feats.3.smfa.linear_1.bias, %18010, %18013, %18010, %18469, %18013, %18470, %18469, %18469, %18471, %18471), scope: earsr.models.registry.SRModel::/earsr.models.zoo.smfan.SMFAN::net/torch.nn.modules.container.Sequential::feats/earsr.models.zoo.smfan.FMB::feats.3/earsr.models.zoo.smfan.SMFA::smfa/torch.nn.modules.conv.Conv2d::linear_1 # /root/ThaiLe/venv/lib/python3.12/site-packages/torch/nn/modules/conv.py:548:0
  %16496 : Float(1, 24, 8, 6, strides=[1152, 48, 6, 1], requires_grad=1, device=cpu) = aten::gelu(%16494, %15541), scope: earsr.models.registry.SRModel::/earsr.models.zoo.smfan.SMFAN::net/torch.nn.modules.container.Sequential::feats/earsr.models.zoo.smfan.FMB::feats.3/earsr.models.zoo.smfan.SMFA::smfa/torch.nn.modules.activation.GELU::gelu # /root/ThaiLe/venv/lib/python3.12/site-packages/torch/nn/modules/activation.py:816:0
  %16497 : int[] = prim::ListConstruct(%16397, %16401), scope: earsr.models.registry.SRModel::/earsr.models.zoo.smfan.SMFAN::net/torch.nn.modules.container.Sequential::feats/earsr.models.zoo.smfan.FMB::feats.3/earsr.models.zoo.smfan.SMFA::smfa
  %16499 : Float(1, 24, 68, 48, strides=[78336, 3264, 48, 1], requires_grad=1, device=cpu) = aten::upsample_nearest2d(%16496, %16497, %15406), scope: earsr.models.registry.SRModel::/earsr.models.zoo.smfan.SMFAN::net/torch.nn.modules.container.Sequential::feats/earsr.models.zoo.smfan.FMB::feats.3/earsr.models.zoo.smfan.SMFA::smfa # /root/ThaiLe/venv/lib/python3.12/site-packages/torch/nn/functional.py:4817:0
  %16500 : Float(1, 24, 68, 48, strides=[78336, 3264, 48, 1], requires_grad=1, device=cpu) = aten::mul(%18371, %16499), scope: earsr.models.registry.SRModel::/earsr.models.zoo.smfan.SMFAN::net/torch.nn.modules.container.Sequential::feats/earsr.models.zoo.smfan.FMB::feats.3/earsr.models.zoo.smfan.SMFA::smfa # /root/ThaiLe/new_exprerient/earsr_rt/earsr/models/zoo/smfan.py:75:0
  %input.79 : Float(1, 48, 68, 48, strides=[156672, 3264, 48, 1], requires_grad=0, device=cpu) = aten::_convolution(%18370, %net.feats.3.smfa.lde.conv_0.0.weight, %net.feats.3.smfa.lde.conv_0.0.bias, %18010, %18010, %18010, %18469, %18013, %18474, %18469, %18469, %18471, %18471), scope: earsr.models.registry.SRModel::/earsr.models.zoo.smfan.SMFAN::net/torch.nn.modules.container.Sequential::feats/earsr.models.zoo.smfan.FMB::feats.3/earsr.models.zoo.smfan.SMFA::smfa/earsr.models.zoo.smfan.DMlp::lde/torch.nn.modules.container.Sequential::conv_0/torch.nn.modules.conv.Conv2d::conv_0.0 # /root/ThaiLe/venv/lib/python3.12/site-packages/torch/nn/modules/conv.py:548:0
  %16538 : Float(1, 48, 68, 48, strides=[156672, 3264, 48, 1], requires_grad=0, device=cpu) = aten::_convolution(%input.79, %net.feats.3.smfa.lde.conv_0.1.weight, %net.feats.3.smfa.lde.conv_0.1.bias, %18010, %18013, %18010, %18469, %18013, %18470, %18469, %18469, %18471, %18471), scope: earsr.models.registry.SRModel::/earsr.models.zoo.smfan.SMFAN::net/torch.nn.modules.container.Sequential::feats/earsr.models.zoo.smfan.FMB::feats.3/earsr.models.zoo.smfan.SMFA::smfa/earsr.models.zoo.smfan.DMlp::lde/torch.nn.modules.container.Sequential::conv_0/torch.nn.modules.conv.Conv2d::conv_0.1 # /root/ThaiLe/venv/lib/python3.12/site-packages/torch/nn/modules/conv.py:548:0
  %input.81 : Float(1, 48, 68, 48, strides=[156672, 3264, 48, 1], requires_grad=1, device=cpu) = aten::gelu(%16538, %15541), scope: earsr.models.registry.SRModel::/earsr.models.zoo.smfan.SMFAN::net/torch.nn.modules.container.Sequential::feats/earsr.models.zoo.smfan.FMB::feats.3/earsr.models.zoo.smfan.SMFA::smfa/earsr.models.zoo.smfan.DMlp::lde/torch.nn.modules.activation.GELU::act # /root/ThaiLe/venv/lib/python3.12/site-packages/torch/nn/modules/activation.py:816:0
  %16559 : Float(1, 24, 68, 48, strides=[78336, 3264, 48, 1], requires_grad=0, device=cpu) = aten::_convolution(%input.81, %net.feats.3.smfa.lde.conv_1.weight, %net.feats.3.smfa.lde.conv_1.bias, %18010, %18013, %18010, %18469, %18013, %18470, %18469, %18469, %18471, %18471), scope: earsr.models.registry.SRModel::/earsr.models.zoo.smfan.SMFAN::net/torch.nn.modules.container.Sequential::feats/earsr.models.zoo.smfan.FMB::feats.3/earsr.models.zoo.smfan.SMFA::smfa/earsr.models.zoo.smfan.DMlp::lde/torch.nn.modules.conv.Conv2d::conv_1 # /root/ThaiLe/venv/lib/python3.12/site-packages/torch/nn/modules/conv.py:548:0
  %input.83 : Float(1, 24, 68, 48, strides=[78336, 3264, 48, 1], requires_grad=1, device=cpu) = aten::add(%16500, %16559, %18470), scope: earsr.models.registry.SRModel::/earsr.models.zoo.smfan.SMFAN::net/torch.nn.modules.container.Sequential::feats/earsr.models.zoo.smfan.FMB::feats.3/earsr.models.zoo.smfan.SMFA::smfa # /root/ThaiLe/new_exprerient/earsr_rt/earsr/models/zoo/smfan.py:77:0
  %16580 : Float(1, 24, 68, 48, strides=[78336, 3264, 48, 1], requires_grad=0, device=cpu) = aten::_convolution(%input.83, %net.feats.3.smfa.linear_2.weight, %net.feats.3.smfa.linear_2.bias, %18010, %18013, %18010, %18469, %18013, %18470, %18469, %18469, %18471, %18471), scope: earsr.models.registry.SRModel::/earsr.models.zoo.smfan.SMFAN::net/torch.nn.modules.container.Sequential::feats/earsr.models.zoo.smfan.FMB::feats.3/earsr.models.zoo.smfan.SMFA::smfa/torch.nn.modules.conv.Conv2d::linear_2 # /root/ThaiLe/venv/lib/python3.12/site-packages/torch/nn/modules/conv.py:548:0
  %x.15 : Float(1, 24, 68, 48, strides=[78336, 3264, 48, 1], requires_grad=1, device=cpu) = aten::add(%16580, %x.13, %18470), scope: earsr.models.registry.SRModel::/earsr.models.zoo.smfan.SMFAN::net/torch.nn.modules.container.Sequential::feats/earsr.models.zoo.smfan.FMB::feats.3 # /root/ThaiLe/new_exprerient/earsr_rt/earsr/models/zoo/smfan.py:89:0
  %16588 : Float(1, 1, 68, 48, strides=[3264, 3264, 48, 1], requires_grad=1, device=cpu) = aten::linalg_vector_norm(%x.15, %18472, %18014, %18471, %15406), scope: earsr.models.registry.SRModel::/earsr.models.zoo.smfan.SMFAN::net/torch.nn.modules.container.Sequential::feats/earsr.models.zoo.smfan.FMB::feats.3 # /root/ThaiLe/venv/lib/python3.12/site-packages/torch/functional.py:1839:0
  %16590 : Float(1, 1, 68, 48, strides=[3264, 3264, 48, 1], requires_grad=1, device=cpu) = aten::clamp_min(%16588, %18473), scope: earsr.models.registry.SRModel::/earsr.models.zoo.smfan.SMFAN::net/torch.nn.modules.container.Sequential::feats/earsr.models.zoo.smfan.FMB::feats.3 # /root/ThaiLe/venv/lib/python3.12/site-packages/torch/nn/functional.py:5707:0
  %16591 : Float(1, 24, 68, 48, strides=[3264, 0, 48, 1], requires_grad=1, device=cpu) = aten::expand_as(%16590, %x.15), scope: earsr.models.registry.SRModel::/earsr.models.zoo.smfan.SMFAN::net/torch.nn.modules.container.Sequential::feats/earsr.models.zoo.smfan.FMB::feats.3 # /root/ThaiLe/venv/lib/python3.12/site-packages/torch/nn/functional.py:5707:0
  %input.85 : Float(1, 24, 68, 48, strides=[78336, 3264, 48, 1], requires_grad=1, device=cpu) = aten::div(%x.15, %16591), scope: earsr.models.registry.SRModel::/earsr.models.zoo.smfan.SMFAN::net/torch.nn.modules.container.Sequential::feats/earsr.models.zoo.smfan.FMB::feats.3 # /root/ThaiLe/venv/lib/python3.12/site-packages/torch/nn/functional.py:5708:0
  %16611 : Float(1, 36, 68, 48, strides=[117504, 3264, 48, 1], requires_grad=0, device=cpu) = aten::_convolution(%input.85, %net.feats.3.pcfn.conv_0.weight, %net.feats.3.pcfn.conv_0.bias, %18010, %18013, %18010, %18469, %18013, %18470, %18469, %18469, %18471, %18471), scope: earsr.models.registry.SRModel::/earsr.models.zoo.smfan.SMFAN::net/torch.nn.modules.container.Sequential::feats/earsr.models.zoo.smfan.FMB::feats.3/earsr.models.zoo.smfan.PCFN::pcfn/torch.nn.modules.conv.Conv2d::conv_0 # /root/ThaiLe/venv/lib/python3.12/site-packages/torch/nn/modules/conv.py:548:0
  %input.89 : Float(1, 36, 68, 48, strides=[117504, 3264, 48, 1], requires_grad=1, device=cpu) = aten::gelu(%16611, %15541), scope: earsr.models.registry.SRModel::/earsr.models.zoo.smfan.SMFAN::net/torch.nn.modules.container.Sequential::feats/earsr.models.zoo.smfan.FMB::feats.3/earsr.models.zoo.smfan.PCFN::pcfn/torch.nn.modules.activation.GELU::act # /root/ThaiLe/venv/lib/python3.12/site-packages/torch/nn/modules/activation.py:816:0
  %16618 : Float(1, 36, 68, 48, strides=[117504, 3264, 48, 1], requires_grad=1, device=cpu) = aten::slice(%input.89, %18475, %18475, %18476, %18470), scope: earsr.models.registry.SRModel::/earsr.models.zoo.smfan.SMFAN::net/torch.nn.modules.container.Sequential::feats/earsr.models.zoo.smfan.FMB::feats.3/earsr.models.zoo.smfan.PCFN::pcfn # /root/ThaiLe/new_exprerient/earsr_rt/earsr/models/zoo/smfan.py:51:0
  %16623 : Float(1, 9, 68, 48, strides=[117504, 3264, 48, 1], requires_grad=1, device=cpu) = aten::slice(%16618, %18470, %18475, %18477, %18470), scope: earsr.models.registry.SRModel::/earsr.models.zoo.smfan.SMFAN::net/torch.nn.modules.container.Sequential::feats/earsr.models.zoo.smfan.FMB::feats.3/earsr.models.zoo.smfan.PCFN::pcfn # /root/ThaiLe/new_exprerient/earsr_rt/earsr/models/zoo/smfan.py:51:0
  %16628 : Float(1, 9, 68, 48, strides=[117504, 3264, 48, 1], requires_grad=1, device=cpu) = aten::slice(%16623, %18466, %18475, %18476, %18470), scope: earsr.models.registry.SRModel::/earsr.models.zoo.smfan.SMFAN::net/torch.nn.modules.container.Sequential::feats/earsr.models.zoo.smfan.FMB::feats.3/earsr.models.zoo.smfan.PCFN::pcfn # /root/ThaiLe/new_exprerient/earsr_rt/earsr/models/zoo/smfan.py:51:0
  %input.87 : Float(1, 9, 68, 48, strides=[117504, 3264, 48, 1], requires_grad=1, device=cpu) = aten::slice(%16628, %18467, %18475, %18476, %18470), scope: earsr.models.registry.SRModel::/earsr.models.zoo.smfan.SMFAN::net/torch.nn.modules.container.Sequential::feats/earsr.models.zoo.smfan.FMB::feats.3/earsr.models.zoo.smfan.PCFN::pcfn # /root/ThaiLe/new_exprerient/earsr_rt/earsr/models/zoo/smfan.py:51:0
  %16652 : Float(1, 9, 68, 48, strides=[29376, 3264, 48, 1], requires_grad=0, device=cpu) = aten::_convolution(%input.87, %net.feats.3.pcfn.conv_1.weight, %net.feats.3.pcfn.conv_1.bias, %18010, %18010, %18010, %18469, %18013, %18470, %18469, %18469, %18471, %18471), scope: earsr.models.registry.SRModel::/earsr.models.zoo.smfan.SMFAN::net/torch.nn.modules.container.Sequential::feats/earsr.models.zoo.smfan.FMB::feats.3/earsr.models.zoo.smfan.PCFN::pcfn/torch.nn.modules.conv.Conv2d::conv_1 # /root/ThaiLe/venv/lib/python3.12/site-packages/torch/nn/modules/conv.py:548:0
  %16654 : Float(1, 9, 68, 48, strides=[29376, 3264, 48, 1], requires_grad=1, device=cpu) = aten::gelu(%16652, %15541), scope: earsr.models.registry.SRModel::/earsr.models.zoo.smfan.SMFAN::net/torch.nn.modules.container.Sequential::feats/earsr.models.zoo.smfan.FMB::feats.3/earsr.models.zoo.smfan.PCFN::pcfn/torch.nn.modules.activation.GELU::act # /root/ThaiLe/venv/lib/python3.12/site-packages/torch/nn/modules/activation.py:816:0
  %16659 : Float(1, 36, 68, 48, strides=[117504, 3264, 48, 1], requires_grad=1, device=cpu) = aten::slice(%input.89, %18475, %18475, %18476, %18470), scope: earsr.models.registry.SRModel::/earsr.models.zoo.smfan.SMFAN::net/torch.nn.modules.container.Sequential::feats/earsr.models.zoo.smfan.FMB::feats.3/earsr.models.zoo.smfan.PCFN::pcfn # /root/ThaiLe/new_exprerient/earsr_rt/earsr/models/zoo/smfan.py:51:0
  %16664 : Float(1, 9, 68, 48, strides=[117504, 3264, 48, 1], requires_grad=1, device=cpu) = aten::slice(%16659, %18470, %18475, %18477, %18470), scope: earsr.models.registry.SRModel::/earsr.models.zoo.smfan.SMFAN::net/torch.nn.modules.container.Sequential::feats/earsr.models.zoo.smfan.FMB::feats.3/earsr.models.zoo.smfan.PCFN::pcfn # /root/ThaiLe/new_exprerient/earsr_rt/earsr/models/zoo/smfan.py:51:0
  %16669 : Float(1, 9, 68, 48, strides=[117504, 3264, 48, 1], requires_grad=1, device=cpu) = aten::slice(%16664, %18466, %18475, %18476, %18470), scope: earsr.models.registry.SRModel::/earsr.models.zoo.smfan.SMFAN::net/torch.nn.modules.container.Sequential::feats/earsr.models.zoo.smfan.FMB::feats.3/earsr.models.zoo.smfan.PCFN::pcfn # /root/ThaiLe/new_exprerient/earsr_rt/earsr/models/zoo/smfan.py:51:0
  %16674 : Float(1, 9, 68, 48, strides=[117504, 3264, 48, 1], requires_grad=1, device=cpu) = aten::slice(%16669, %18467, %18475, %18476, %18470), scope: earsr.models.registry.SRModel::/earsr.models.zoo.smfan.SMFAN::net/torch.nn.modules.container.Sequential::feats/earsr.models.zoo.smfan.FMB::feats.3/earsr.models.zoo.smfan.PCFN::pcfn # /root/ThaiLe/new_exprerient/earsr_rt/earsr/models/zoo/smfan.py:51:0
  %18416 : Tensor?[] = prim::ListConstruct()
  %18417 : Float(1, 9, 68, 48, strides=[29376, 3264, 48, 1], requires_grad=1, device=cpu) = aten::expand_as(%16654, %16674), scope: earsr.models.registry.SRModel::/earsr.models.zoo.smfan.SMFAN::net/torch.nn.modules.container.Sequential::feats/earsr.models.zoo.smfan.FMB::feats.3/earsr.models.zoo.smfan.PCFN::pcfn # /root/ThaiLe/new_exprerient/earsr_rt/earsr/models/zoo/smfan.py:51:0
  %18481 : Bool(device=cpu) = prim::Constant[value={0}]()
  %18420 : Tensor = onnx::Placeholder[name="index_put_"](%input.89), scope: earsr.models.registry.SRModel::/earsr.models.zoo.smfan.SMFAN::net/torch.nn.modules.container.Sequential::feats/earsr.models.zoo.smfan.FMB::feats.3/earsr.models.zoo.smfan.PCFN::pcfn # /root/ThaiLe/new_exprerient/earsr_rt/earsr/models/zoo/smfan.py:51:0
    block0():
      %18421 : Float(1, 36, 68, 48, strides=[117504, 3264, 48, 1], requires_grad=1, device=cpu) = aten::slice(%input.89, %18475, %18475, %18476, %18470), scope: earsr.models.registry.SRModel::/earsr.models.zoo.smfan.SMFAN::net/torch.nn.modules.container.Sequential::feats/earsr.models.zoo.smfan.FMB::feats.3/earsr.models.zoo.smfan.PCFN::pcfn # /root/ThaiLe/new_exprerient/earsr_rt/earsr/models/zoo/smfan.py:51:0
      %18422 : Float(1, 9, 68, 48, strides=[117504, 3264, 48, 1], requires_grad=1, device=cpu) = aten::slice(%18421, %18470, %18475, %18477, %18470), scope: earsr.models.registry.SRModel::/earsr.models.zoo.smfan.SMFAN::net/torch.nn.modules.container.Sequential::feats/earsr.models.zoo.smfan.FMB::feats.3/earsr.models.zoo.smfan.PCFN::pcfn # /root/ThaiLe/new_exprerient/earsr_rt/earsr/models/zoo/smfan.py:51:0
      %18423 : Float(1, 9, 68, 48, strides=[117504, 3264, 48, 1], requires_grad=1, device=cpu) = aten::slice(%18422, %18466, %18475, %18476, %18470), scope: earsr.models.registry.SRModel::/earsr.models.zoo.smfan.SMFAN::net/torch.nn.modules.container.Sequential::feats/earsr.models.zoo.smfan.FMB::feats.3/earsr.models.zoo.smfan.PCFN::pcfn # /root/ThaiLe/new_exprerient/earsr_rt/earsr/models/zoo/smfan.py:51:0
      %18424 : Float(1, 9, 68, 48, strides=[117504, 3264, 48, 1], requires_grad=1, device=cpu) = aten::slice(%18423, %18467, %18475, %18476, %18470), scope: earsr.models.registry.SRModel::/earsr.models.zoo.smfan.SMFAN::net/torch.nn.modules.container.Sequential::feats/earsr.models.zoo.smfan.FMB::feats.3/earsr.models.zoo.smfan.PCFN::pcfn # /root/ThaiLe/new_exprerient/earsr_rt/earsr/models/zoo/smfan.py:51:0
      %18425 : Float(1, 9, 68, 48, strides=[117504, 3264, 48, 1], requires_grad=1, device=cpu) = aten::index_put_(%18424, %18416, %18417, %18481), scope: earsr.models.registry.SRModel::/earsr.models.zoo.smfan.SMFAN::net/torch.nn.modules.container.Sequential::feats/earsr.models.zoo.smfan.FMB::feats.3/earsr.models.zoo.smfan.PCFN::pcfn # /root/ThaiLe/new_exprerient/earsr_rt/earsr/models/zoo/smfan.py:51:0
      -> (%18425)
  %16695 : Float(1, 24, 68, 48, strides=[78336, 3264, 48, 1], requires_grad=0, device=cpu) = aten::_convolution(%18420, %net.feats.3.pcfn.conv_2.weight, %net.feats.3.pcfn.conv_2.bias, %18010, %18013, %18010, %18469, %18013, %18470, %18469, %18469, %18471, %18471), scope: earsr.models.registry.SRModel::/earsr.models.zoo.smfan.SMFAN::net/torch.nn.modules.container.Sequential::feats/earsr.models.zoo.smfan.FMB::feats.3/earsr.models.zoo.smfan.PCFN::pcfn/torch.nn.modules.conv.Conv2d::conv_2 # /root/ThaiLe/venv/lib/python3.12/site-packages/torch/nn/modules/conv.py:548:0
  %x.17 : Float(1, 24, 68, 48, strides=[78336, 3264, 48, 1], requires_grad=1, device=cpu) = aten::add(%16695, %x.15, %18470), scope: earsr.models.registry.SRModel::/earsr.models.zoo.smfan.SMFAN::net/torch.nn.modules.container.Sequential::feats/earsr.models.zoo.smfan.FMB::feats.3 # /root/ThaiLe/new_exprerient/earsr_rt/earsr/models/zoo/smfan.py:90:0
  %16703 : Float(1, 1, 68, 48, strides=[3264, 3264, 48, 1], requires_grad=1, device=cpu) = aten::linalg_vector_norm(%x.17, %18472, %18014, %18471, %15406), scope: earsr.models.registry.SRModel::/earsr.models.zoo.smfan.SMFAN::net/torch.nn.modules.container.Sequential::feats/earsr.models.zoo.smfan.FMB::feats.4 # /root/ThaiLe/venv/lib/python3.12/site-packages/torch/functional.py:1839:0
  %16705 : Float(1, 1, 68, 48, strides=[3264, 3264, 48, 1], requires_grad=1, device=cpu) = aten::clamp_min(%16703, %18473), scope: earsr.models.registry.SRModel::/earsr.models.zoo.smfan.SMFAN::net/torch.nn.modules.container.Sequential::feats/earsr.models.zoo.smfan.FMB::feats.4 # /root/ThaiLe/venv/lib/python3.12/site-packages/torch/nn/functional.py:5707:0
  %16706 : Float(1, 24, 68, 48, strides=[3264, 0, 48, 1], requires_grad=1, device=cpu) = aten::expand_as(%16705, %x.17), scope: earsr.models.registry.SRModel::/earsr.models.zoo.smfan.SMFAN::net/torch.nn.modules.container.Sequential::feats/earsr.models.zoo.smfan.FMB::feats.4 # /root/ThaiLe/venv/lib/python3.12/site-packages/torch/nn/functional.py:5707:0
  %input.91 : Float(1, 24, 68, 48, strides=[78336, 3264, 48, 1], requires_grad=1, device=cpu) = aten::div(%x.17, %16706), scope: earsr.models.registry.SRModel::/earsr.models.zoo.smfan.SMFAN::net/torch.nn.modules.container.Sequential::feats/earsr.models.zoo.smfan.FMB::feats.4 # /root/ThaiLe/venv/lib/python3.12/site-packages/torch/nn/functional.py:5708:0
  %16715 : Long(device=cpu) = aten::size(%input.91, %18466), scope: earsr.models.registry.SRModel::/earsr.models.zoo.smfan.SMFAN::net/torch.nn.modules.container.Sequential::feats/earsr.models.zoo.smfan.FMB::feats.4/earsr.models.zoo.smfan.SMFA::smfa # /root/ThaiLe/new_exprerient/earsr_rt/earsr/models/zoo/smfan.py:71:0
  %16719 : Long(device=cpu) = aten::size(%input.91, %18467), scope: earsr.models.registry.SRModel::/earsr.models.zoo.smfan.SMFAN::net/torch.nn.modules.container.Sequential::feats/earsr.models.zoo.smfan.FMB::feats.4/earsr.models.zoo.smfan.SMFA::smfa # /root/ThaiLe/new_exprerient/earsr_rt/earsr/models/zoo/smfan.py:71:0
  %16740 : Float(1, 48, 68, 48, strides=[156672, 3264, 48, 1], requires_grad=0, device=cpu) = aten::_convolution(%input.91, %net.feats.4.smfa.linear_0.weight, %net.feats.4.smfa.linear_0.bias, %18010, %18013, %18010, %18469, %18013, %18470, %18469, %18469, %18471, %18471), scope: earsr.models.registry.SRModel::/earsr.models.zoo.smfan.SMFAN::net/torch.nn.modules.container.Sequential::feats/earsr.models.zoo.smfan.FMB::feats.4/earsr.models.zoo.smfan.SMFA::smfa/torch.nn.modules.conv.Conv2d::linear_0 # /root/ThaiLe/venv/lib/python3.12/site-packages/torch/nn/modules/conv.py:548:0
  %18372 : Float(1, 24, 68, 48, strides=[156672, 3264, 48, 1], requires_grad=1, device=cpu), %18373 : Float(1, 24, 68, 48, strides=[156672, 3264, 48, 1], requires_grad=1, device=cpu) = prim::ConstantChunk[chunks=2, dim=1](%16740), scope: earsr.models.registry.SRModel::/earsr.models.zoo.smfan.SMFAN::net/torch.nn.modules.container.Sequential::feats/earsr.models.zoo.smfan.FMB::feats.4/earsr.models.zoo.smfan.SMFA::smfa # /root/ThaiLe/new_exprerient/earsr_rt/earsr/models/zoo/smfan.py:72:0
  %16747 : Long(requires_grad=0, device=cpu) = aten::floor_divide(%16715, %15474), scope: earsr.models.registry.SRModel::/earsr.models.zoo.smfan.SMFAN::net/torch.nn.modules.container.Sequential::feats/earsr.models.zoo.smfan.FMB::feats.4/earsr.models.zoo.smfan.SMFA::smfa # /root/ThaiLe/venv/lib/python3.12/site-packages/torch/_tensor.py:1161:0
  %16750 : Long(requires_grad=0, device=cpu) = aten::floor_divide(%16719, %15474), scope: earsr.models.registry.SRModel::/earsr.models.zoo.smfan.SMFAN::net/torch.nn.modules.container.Sequential::feats/earsr.models.zoo.smfan.FMB::feats.4/earsr.models.zoo.smfan.SMFA::smfa # /root/ThaiLe/venv/lib/python3.12/site-packages/torch/_tensor.py:1161:0
  %16764 : int[] = prim::ListConstruct(%16747, %16750), scope: earsr.models.registry.SRModel::/earsr.models.zoo.smfan.SMFAN::net/torch.nn.modules.container.Sequential::feats/earsr.models.zoo.smfan.FMB::feats.4/earsr.models.zoo.smfan.SMFA::smfa
  %input.95 : Float(1, 24, 8, 6, strides=[1152, 48, 6, 1], requires_grad=1, device=cpu), %16766 : Long(1, 24, 8, 6, strides=[1152, 48, 6, 1], requires_grad=0, device=cpu) = aten::adaptive_max_pool2d(%18373, %16764), scope: earsr.models.registry.SRModel::/earsr.models.zoo.smfan.SMFAN::net/torch.nn.modules.container.Sequential::feats/earsr.models.zoo.smfan.FMB::feats.4/earsr.models.zoo.smfan.SMFA::smfa # /root/ThaiLe/venv/lib/python3.12/site-packages/torch/nn/functional.py:1282:0
  %16785 : Float(1, 24, 8, 6, strides=[1152, 48, 6, 1], requires_grad=0, device=cpu) = aten::_convolution(%input.95, %net.feats.4.smfa.dw_conv.weight, %net.feats.4.smfa.dw_conv.bias, %18010, %18010, %18010, %18469, %18013, %18474, %18469, %18469, %18471, %18471), scope: earsr.models.registry.SRModel::/earsr.models.zoo.smfan.SMFAN::net/torch.nn.modules.container.Sequential::feats/earsr.models.zoo.smfan.FMB::feats.4/earsr.models.zoo.smfan.SMFA::smfa/torch.nn.modules.conv.Conv2d::dw_conv # /root/ThaiLe/venv/lib/python3.12/site-packages/torch/nn/modules/conv.py:548:0
  %16791 : Float(1, 24, 1, 1, strides=[24, 1, 1, 1], requires_grad=1, device=cpu) = aten::var(%18373, %18023, %18471, %18471), scope: earsr.models.registry.SRModel::/earsr.models.zoo.smfan.SMFAN::net/torch.nn.modules.container.Sequential::feats/earsr.models.zoo.smfan.FMB::feats.4/earsr.models.zoo.smfan.SMFA::smfa # /root/ThaiLe/new_exprerient/earsr_rt/earsr/models/zoo/smfan.py:74:0
  %input.97 : Float(1, 24, 8, 6, strides=[1152, 48, 6, 1], requires_grad=1, device=cpu) = aten::add(%16785, %16791, %18470), scope: earsr.models.registry.SRModel::/earsr.models.zoo.smfan.SMFAN::net/torch.nn.modules.container.Sequential::feats/earsr.models.zoo.smfan.FMB::feats.4/earsr.models.zoo.smfan.SMFA::smfa # /root/ThaiLe/new_exprerient/earsr_rt/earsr/models/zoo/smfan.py:75:0
  %16812 : Float(1, 24, 8, 6, strides=[1152, 48, 6, 1], requires_grad=0, device=cpu) = aten::_convolution(%input.97, %net.feats.4.smfa.linear_1.weight, %net.feats.4.smfa.linear_1.bias, %18010, %18013, %18010, %18469, %18013, %18470, %18469, %18469, %18471, %18471), scope: earsr.models.registry.SRModel::/earsr.models.zoo.smfan.SMFAN::net/torch.nn.modules.container.Sequential::feats/earsr.models.zoo.smfan.FMB::feats.4/earsr.models.zoo.smfan.SMFA::smfa/torch.nn.modules.conv.Conv2d::linear_1 # /root/ThaiLe/venv/lib/python3.12/site-packages/torch/nn/modules/conv.py:548:0
  %16814 : Float(1, 24, 8, 6, strides=[1152, 48, 6, 1], requires_grad=1, device=cpu) = aten::gelu(%16812, %15541), scope: earsr.models.registry.SRModel::/earsr.models.zoo.smfan.SMFAN::net/torch.nn.modules.container.Sequential::feats/earsr.models.zoo.smfan.FMB::feats.4/earsr.models.zoo.smfan.SMFA::smfa/torch.nn.modules.activation.GELU::gelu # /root/ThaiLe/venv/lib/python3.12/site-packages/torch/nn/modules/activation.py:816:0
  %16815 : int[] = prim::ListConstruct(%16715, %16719), scope: earsr.models.registry.SRModel::/earsr.models.zoo.smfan.SMFAN::net/torch.nn.modules.container.Sequential::feats/earsr.models.zoo.smfan.FMB::feats.4/earsr.models.zoo.smfan.SMFA::smfa
  %16817 : Float(1, 24, 68, 48, strides=[78336, 3264, 48, 1], requires_grad=1, device=cpu) = aten::upsample_nearest2d(%16814, %16815, %15406), scope: earsr.models.registry.SRModel::/earsr.models.zoo.smfan.SMFAN::net/torch.nn.modules.container.Sequential::feats/earsr.models.zoo.smfan.FMB::feats.4/earsr.models.zoo.smfan.SMFA::smfa # /root/ThaiLe/venv/lib/python3.12/site-packages/torch/nn/functional.py:4817:0
  %16818 : Float(1, 24, 68, 48, strides=[78336, 3264, 48, 1], requires_grad=1, device=cpu) = aten::mul(%18373, %16817), scope: earsr.models.registry.SRModel::/earsr.models.zoo.smfan.SMFAN::net/torch.nn.modules.container.Sequential::feats/earsr.models.zoo.smfan.FMB::feats.4/earsr.models.zoo.smfan.SMFA::smfa # /root/ThaiLe/new_exprerient/earsr_rt/earsr/models/zoo/smfan.py:75:0
  %input.101 : Float(1, 48, 68, 48, strides=[156672, 3264, 48, 1], requires_grad=0, device=cpu) = aten::_convolution(%18372, %net.feats.4.smfa.lde.conv_0.0.weight, %net.feats.4.smfa.lde.conv_0.0.bias, %18010, %18010, %18010, %18469, %18013, %18474, %18469, %18469, %18471, %18471), scope: earsr.models.registry.SRModel::/earsr.models.zoo.smfan.SMFAN::net/torch.nn.modules.container.Sequential::feats/earsr.models.zoo.smfan.FMB::feats.4/earsr.models.zoo.smfan.SMFA::smfa/earsr.models.zoo.smfan.DMlp::lde/torch.nn.modules.container.Sequential::conv_0/torch.nn.modules.conv.Conv2d::conv_0.0 # /root/ThaiLe/venv/lib/python3.12/site-packages/torch/nn/modules/conv.py:548:0
  %16856 : Float(1, 48, 68, 48, strides=[156672, 3264, 48, 1], requires_grad=0, device=cpu) = aten::_convolution(%input.101, %net.feats.4.smfa.lde.conv_0.1.weight, %net.feats.4.smfa.lde.conv_0.1.bias, %18010, %18013, %18010, %18469, %18013, %18470, %18469, %18469, %18471, %18471), scope: earsr.models.registry.SRModel::/earsr.models.zoo.smfan.SMFAN::net/torch.nn.modules.container.Sequential::feats/earsr.models.zoo.smfan.FMB::feats.4/earsr.models.zoo.smfan.SMFA::smfa/earsr.models.zoo.smfan.DMlp::lde/torch.nn.modules.container.Sequential::conv_0/torch.nn.modules.conv.Conv2d::conv_0.1 # /root/ThaiLe/venv/lib/python3.12/site-packages/torch/nn/modules/conv.py:548:0
  %input.103 : Float(1, 48, 68, 48, strides=[156672, 3264, 48, 1], requires_grad=1, device=cpu) = aten::gelu(%16856, %15541), scope: earsr.models.registry.SRModel::/earsr.models.zoo.smfan.SMFAN::net/torch.nn.modules.container.Sequential::feats/earsr.models.zoo.smfan.FMB::feats.4/earsr.models.zoo.smfan.SMFA::smfa/earsr.models.zoo.smfan.DMlp::lde/torch.nn.modules.activation.GELU::act # /root/ThaiLe/venv/lib/python3.12/site-packages/torch/nn/modules/activation.py:816:0
  %16877 : Float(1, 24, 68, 48, strides=[78336, 3264, 48, 1], requires_grad=0, device=cpu) = aten::_convolution(%input.103, %net.feats.4.smfa.lde.conv_1.weight, %net.feats.4.smfa.lde.conv_1.bias, %18010, %18013, %18010, %18469, %18013, %18470, %18469, %18469, %18471, %18471), scope: earsr.models.registry.SRModel::/earsr.models.zoo.smfan.SMFAN::net/torch.nn.modules.container.Sequential::feats/earsr.models.zoo.smfan.FMB::feats.4/earsr.models.zoo.smfan.SMFA::smfa/earsr.models.zoo.smfan.DMlp::lde/torch.nn.modules.conv.Conv2d::conv_1 # /root/ThaiLe/venv/lib/python3.12/site-packages/torch/nn/modules/conv.py:548:0
  %input.105 : Float(1, 24, 68, 48, strides=[78336, 3264, 48, 1], requires_grad=1, device=cpu) = aten::add(%16818, %16877, %18470), scope: earsr.models.registry.SRModel::/earsr.models.zoo.smfan.SMFAN::net/torch.nn.modules.container.Sequential::feats/earsr.models.zoo.smfan.FMB::feats.4/earsr.models.zoo.smfan.SMFA::smfa # /root/ThaiLe/new_exprerient/earsr_rt/earsr/models/zoo/smfan.py:77:0
  %16898 : Float(1, 24, 68, 48, strides=[78336, 3264, 48, 1], requires_grad=0, device=cpu) = aten::_convolution(%input.105, %net.feats.4.smfa.linear_2.weight, %net.feats.4.smfa.linear_2.bias, %18010, %18013, %18010, %18469, %18013, %18470, %18469, %18469, %18471, %18471), scope: earsr.models.registry.SRModel::/earsr.models.zoo.smfan.SMFAN::net/torch.nn.modules.container.Sequential::feats/earsr.models.zoo.smfan.FMB::feats.4/earsr.models.zoo.smfan.SMFA::smfa/torch.nn.modules.conv.Conv2d::linear_2 # /root/ThaiLe/venv/lib/python3.12/site-packages/torch/nn/modules/conv.py:548:0
  %x.19 : Float(1, 24, 68, 48, strides=[78336, 3264, 48, 1], requires_grad=1, device=cpu) = aten::add(%16898, %x.17, %18470), scope: earsr.models.registry.SRModel::/earsr.models.zoo.smfan.SMFAN::net/torch.nn.modules.container.Sequential::feats/earsr.models.zoo.smfan.FMB::feats.4 # /root/ThaiLe/new_exprerient/earsr_rt/earsr/models/zoo/smfan.py:89:0
  %16906 : Float(1, 1, 68, 48, strides=[3264, 3264, 48, 1], requires_grad=1, device=cpu) = aten::linalg_vector_norm(%x.19, %18472, %18014, %18471, %15406), scope: earsr.models.registry.SRModel::/earsr.models.zoo.smfan.SMFAN::net/torch.nn.modules.container.Sequential::feats/earsr.models.zoo.smfan.FMB::feats.4 # /root/ThaiLe/venv/lib/python3.12/site-packages/torch/functional.py:1839:0
  %16908 : Float(1, 1, 68, 48, strides=[3264, 3264, 48, 1], requires_grad=1, device=cpu) = aten::clamp_min(%16906, %18473), scope: earsr.models.registry.SRModel::/earsr.models.zoo.smfan.SMFAN::net/torch.nn.modules.container.Sequential::feats/earsr.models.zoo.smfan.FMB::feats.4 # /root/ThaiLe/venv/lib/python3.12/site-packages/torch/nn/functional.py:5707:0
  %16909 : Float(1, 24, 68, 48, strides=[3264, 0, 48, 1], requires_grad=1, device=cpu) = aten::expand_as(%16908, %x.19), scope: earsr.models.registry.SRModel::/earsr.models.zoo.smfan.SMFAN::net/torch.nn.modules.container.Sequential::feats/earsr.models.zoo.smfan.FMB::feats.4 # /root/ThaiLe/venv/lib/python3.12/site-packages/torch/nn/functional.py:5707:0
  %input.107 : Float(1, 24, 68, 48, strides=[78336, 3264, 48, 1], requires_grad=1, device=cpu) = aten::div(%x.19, %16909), scope: earsr.models.registry.SRModel::/earsr.models.zoo.smfan.SMFAN::net/torch.nn.modules.container.Sequential::feats/earsr.models.zoo.smfan.FMB::feats.4 # /root/ThaiLe/venv/lib/python3.12/site-packages/torch/nn/functional.py:5708:0
  %16929 : Float(1, 36, 68, 48, strides=[117504, 3264, 48, 1], requires_grad=0, device=cpu) = aten::_convolution(%input.107, %net.feats.4.pcfn.conv_0.weight, %net.feats.4.pcfn.conv_0.bias, %18010, %18013, %18010, %18469, %18013, %18470, %18469, %18469, %18471, %18471), scope: earsr.models.registry.SRModel::/earsr.models.zoo.smfan.SMFAN::net/torch.nn.modules.container.Sequential::feats/earsr.models.zoo.smfan.FMB::feats.4/earsr.models.zoo.smfan.PCFN::pcfn/torch.nn.modules.conv.Conv2d::conv_0 # /root/ThaiLe/venv/lib/python3.12/site-packages/torch/nn/modules/conv.py:548:0
  %input.111 : Float(1, 36, 68, 48, strides=[117504, 3264, 48, 1], requires_grad=1, device=cpu) = aten::gelu(%16929, %15541), scope: earsr.models.registry.SRModel::/earsr.models.zoo.smfan.SMFAN::net/torch.nn.modules.container.Sequential::feats/earsr.models.zoo.smfan.FMB::feats.4/earsr.models.zoo.smfan.PCFN::pcfn/torch.nn.modules.activation.GELU::act # /root/ThaiLe/venv/lib/python3.12/site-packages/torch/nn/modules/activation.py:816:0
  %16936 : Float(1, 36, 68, 48, strides=[117504, 3264, 48, 1], requires_grad=1, device=cpu) = aten::slice(%input.111, %18475, %18475, %18476, %18470), scope: earsr.models.registry.SRModel::/earsr.models.zoo.smfan.SMFAN::net/torch.nn.modules.container.Sequential::feats/earsr.models.zoo.smfan.FMB::feats.4/earsr.models.zoo.smfan.PCFN::pcfn # /root/ThaiLe/new_exprerient/earsr_rt/earsr/models/zoo/smfan.py:51:0
  %16941 : Float(1, 9, 68, 48, strides=[117504, 3264, 48, 1], requires_grad=1, device=cpu) = aten::slice(%16936, %18470, %18475, %18477, %18470), scope: earsr.models.registry.SRModel::/earsr.models.zoo.smfan.SMFAN::net/torch.nn.modules.container.Sequential::feats/earsr.models.zoo.smfan.FMB::feats.4/earsr.models.zoo.smfan.PCFN::pcfn # /root/ThaiLe/new_exprerient/earsr_rt/earsr/models/zoo/smfan.py:51:0
  %16946 : Float(1, 9, 68, 48, strides=[117504, 3264, 48, 1], requires_grad=1, device=cpu) = aten::slice(%16941, %18466, %18475, %18476, %18470), scope: earsr.models.registry.SRModel::/earsr.models.zoo.smfan.SMFAN::net/torch.nn.modules.container.Sequential::feats/earsr.models.zoo.smfan.FMB::feats.4/earsr.models.zoo.smfan.PCFN::pcfn # /root/ThaiLe/new_exprerient/earsr_rt/earsr/models/zoo/smfan.py:51:0
  %input.109 : Float(1, 9, 68, 48, strides=[117504, 3264, 48, 1], requires_grad=1, device=cpu) = aten::slice(%16946, %18467, %18475, %18476, %18470), scope: earsr.models.registry.SRModel::/earsr.models.zoo.smfan.SMFAN::net/torch.nn.modules.container.Sequential::feats/earsr.models.zoo.smfan.FMB::feats.4/earsr.models.zoo.smfan.PCFN::pcfn # /root/ThaiLe/new_exprerient/earsr_rt/earsr/models/zoo/smfan.py:51:0
  %16970 : Float(1, 9, 68, 48, strides=[29376, 3264, 48, 1], requires_grad=0, device=cpu) = aten::_convolution(%input.109, %net.feats.4.pcfn.conv_1.weight, %net.feats.4.pcfn.conv_1.bias, %18010, %18010, %18010, %18469, %18013, %18470, %18469, %18469, %18471, %18471), scope: earsr.models.registry.SRModel::/earsr.models.zoo.smfan.SMFAN::net/torch.nn.modules.container.Sequential::feats/earsr.models.zoo.smfan.FMB::feats.4/earsr.models.zoo.smfan.PCFN::pcfn/torch.nn.modules.conv.Conv2d::conv_1 # /root/ThaiLe/venv/lib/python3.12/site-packages/torch/nn/modules/conv.py:548:0
  %16972 : Float(1, 9, 68, 48, strides=[29376, 3264, 48, 1], requires_grad=1, device=cpu) = aten::gelu(%16970, %15541), scope: earsr.models.registry.SRModel::/earsr.models.zoo.smfan.SMFAN::net/torch.nn.modules.container.Sequential::feats/earsr.models.zoo.smfan.FMB::feats.4/earsr.models.zoo.smfan.PCFN::pcfn/torch.nn.modules.activation.GELU::act # /root/ThaiLe/venv/lib/python3.12/site-packages/torch/nn/modules/activation.py:816:0
  %16977 : Float(1, 36, 68, 48, strides=[117504, 3264, 48, 1], requires_grad=1, device=cpu) = aten::slice(%input.111, %18475, %18475, %18476, %18470), scope: earsr.models.registry.SRModel::/earsr.models.zoo.smfan.SMFAN::net/torch.nn.modules.container.Sequential::feats/earsr.models.zoo.smfan.FMB::feats.4/earsr.models.zoo.smfan.PCFN::pcfn # /root/ThaiLe/new_exprerient/earsr_rt/earsr/models/zoo/smfan.py:51:0
  %16982 : Float(1, 9, 68, 48, strides=[117504, 3264, 48, 1], requires_grad=1, device=cpu) = aten::slice(%16977, %18470, %18475, %18477, %18470), scope: earsr.models.registry.SRModel::/earsr.models.zoo.smfan.SMFAN::net/torch.nn.modules.container.Sequential::feats/earsr.models.zoo.smfan.FMB::feats.4/earsr.models.zoo.smfan.PCFN::pcfn # /root/ThaiLe/new_exprerient/earsr_rt/earsr/models/zoo/smfan.py:51:0
  %16987 : Float(1, 9, 68, 48, strides=[117504, 3264, 48, 1], requires_grad=1, device=cpu) = aten::slice(%16982, %18466, %18475, %18476, %18470), scope: earsr.models.registry.SRModel::/earsr.models.zoo.smfan.SMFAN::net/torch.nn.modules.container.Sequential::feats/earsr.models.zoo.smfan.FMB::feats.4/earsr.models.zoo.smfan.PCFN::pcfn # /root/ThaiLe/new_exprerient/earsr_rt/earsr/models/zoo/smfan.py:51:0
  %16992 : Float(1, 9, 68, 48, strides=[117504, 3264, 48, 1], requires_grad=1, device=cpu) = aten::slice(%16987, %18467, %18475, %18476, %18470), scope: earsr.models.registry.SRModel::/earsr.models.zoo.smfan.SMFAN::net/torch.nn.modules.container.Sequential::feats/earsr.models.zoo.smfan.FMB::feats.4/earsr.models.zoo.smfan.PCFN::pcfn # /root/ThaiLe/new_exprerient/earsr_rt/earsr/models/zoo/smfan.py:51:0
  %18426 : Tensor?[] = prim::ListConstruct()
  %18427 : Float(1, 9, 68, 48, strides=[29376, 3264, 48, 1], requires_grad=1, device=cpu) = aten::expand_as(%16972, %16992), scope: earsr.models.registry.SRModel::/earsr.models.zoo.smfan.SMFAN::net/torch.nn.modules.container.Sequential::feats/earsr.models.zoo.smfan.FMB::feats.4/earsr.models.zoo.smfan.PCFN::pcfn # /root/ThaiLe/new_exprerient/earsr_rt/earsr/models/zoo/smfan.py:51:0
  %18482 : Bool(device=cpu) = prim::Constant[value={0}]()
  %18430 : Tensor = onnx::Placeholder[name="index_put_"](%input.111), scope: earsr.models.registry.SRModel::/earsr.models.zoo.smfan.SMFAN::net/torch.nn.modules.container.Sequential::feats/earsr.models.zoo.smfan.FMB::feats.4/earsr.models.zoo.smfan.PCFN::pcfn # /root/ThaiLe/new_exprerient/earsr_rt/earsr/models/zoo/smfan.py:51:0
    block0():
      %18431 : Float(1, 36, 68, 48, strides=[117504, 3264, 48, 1], requires_grad=1, device=cpu) = aten::slice(%input.111, %18475, %18475, %18476, %18470), scope: earsr.models.registry.SRModel::/earsr.models.zoo.smfan.SMFAN::net/torch.nn.modules.container.Sequential::feats/earsr.models.zoo.smfan.FMB::feats.4/earsr.models.zoo.smfan.PCFN::pcfn # /root/ThaiLe/new_exprerient/earsr_rt/earsr/models/zoo/smfan.py:51:0
      %18432 : Float(1, 9, 68, 48, strides=[117504, 3264, 48, 1], requires_grad=1, device=cpu) = aten::slice(%18431, %18470, %18475, %18477, %18470), scope: earsr.models.registry.SRModel::/earsr.models.zoo.smfan.SMFAN::net/torch.nn.modules.container.Sequential::feats/earsr.models.zoo.smfan.FMB::feats.4/earsr.models.zoo.smfan.PCFN::pcfn # /root/ThaiLe/new_exprerient/earsr_rt/earsr/models/zoo/smfan.py:51:0
      %18433 : Float(1, 9, 68, 48, strides=[117504, 3264, 48, 1], requires_grad=1, device=cpu) = aten::slice(%18432, %18466, %18475, %18476, %18470), scope: earsr.models.registry.SRModel::/earsr.models.zoo.smfan.SMFAN::net/torch.nn.modules.container.Sequential::feats/earsr.models.zoo.smfan.FMB::feats.4/earsr.models.zoo.smfan.PCFN::pcfn # /root/ThaiLe/new_exprerient/earsr_rt/earsr/models/zoo/smfan.py:51:0
      %18434 : Float(1, 9, 68, 48, strides=[117504, 3264, 48, 1], requires_grad=1, device=cpu) = aten::slice(%18433, %18467, %18475, %18476, %18470), scope: earsr.models.registry.SRModel::/earsr.models.zoo.smfan.SMFAN::net/torch.nn.modules.container.Sequential::feats/earsr.models.zoo.smfan.FMB::feats.4/earsr.models.zoo.smfan.PCFN::pcfn # /root/ThaiLe/new_exprerient/earsr_rt/earsr/models/zoo/smfan.py:51:0
      %18435 : Float(1, 9, 68, 48, strides=[117504, 3264, 48, 1], requires_grad=1, device=cpu) = aten::index_put_(%18434, %18426, %18427, %18482), scope: earsr.models.registry.SRModel::/earsr.models.zoo.smfan.SMFAN::net/torch.nn.modules.container.Sequential::feats/earsr.models.zoo.smfan.FMB::feats.4/earsr.models.zoo.smfan.PCFN::pcfn # /root/ThaiLe/new_exprerient/earsr_rt/earsr/models/zoo/smfan.py:51:0
      -> (%18435)
  %17013 : Float(1, 24, 68, 48, strides=[78336, 3264, 48, 1], requires_grad=0, device=cpu) = aten::_convolution(%18430, %net.feats.4.pcfn.conv_2.weight, %net.feats.4.pcfn.conv_2.bias, %18010, %18013, %18010, %18469, %18013, %18470, %18469, %18469, %18471, %18471), scope: earsr.models.registry.SRModel::/earsr.models.zoo.smfan.SMFAN::net/torch.nn.modules.container.Sequential::feats/earsr.models.zoo.smfan.FMB::feats.4/earsr.models.zoo.smfan.PCFN::pcfn/torch.nn.modules.conv.Conv2d::conv_2 # /root/ThaiLe/venv/lib/python3.12/site-packages/torch/nn/modules/conv.py:548:0
  %x.21 : Float(1, 24, 68, 48, strides=[78336, 3264, 48, 1], requires_grad=1, device=cpu) = aten::add(%17013, %x.19, %18470), scope: earsr.models.registry.SRModel::/earsr.models.zoo.smfan.SMFAN::net/torch.nn.modules.container.Sequential::feats/earsr.models.zoo.smfan.FMB::feats.4 # /root/ThaiLe/new_exprerient/earsr_rt/earsr/models/zoo/smfan.py:90:0
  %17021 : Float(1, 1, 68, 48, strides=[3264, 3264, 48, 1], requires_grad=1, device=cpu) = aten::linalg_vector_norm(%x.21, %18472, %18014, %18471, %15406), scope: earsr.models.registry.SRModel::/earsr.models.zoo.smfan.SMFAN::net/torch.nn.modules.container.Sequential::feats/earsr.models.zoo.smfan.FMB::feats.5 # /root/ThaiLe/venv/lib/python3.12/site-packages/torch/functional.py:1839:0
  %17023 : Float(1, 1, 68, 48, strides=[3264, 3264, 48, 1], requires_grad=1, device=cpu) = aten::clamp_min(%17021, %18473), scope: earsr.models.registry.SRModel::/earsr.models.zoo.smfan.SMFAN::net/torch.nn.modules.container.Sequential::feats/earsr.models.zoo.smfan.FMB::feats.5 # /root/ThaiLe/venv/lib/python3.12/site-packages/torch/nn/functional.py:5707:0
  %17024 : Float(1, 24, 68, 48, strides=[3264, 0, 48, 1], requires_grad=1, device=cpu) = aten::expand_as(%17023, %x.21), scope: earsr.models.registry.SRModel::/earsr.models.zoo.smfan.SMFAN::net/torch.nn.modules.container.Sequential::feats/earsr.models.zoo.smfan.FMB::feats.5 # /root/ThaiLe/venv/lib/python3.12/site-packages/torch/nn/functional.py:5707:0
  %input.113 : Float(1, 24, 68, 48, strides=[78336, 3264, 48, 1], requires_grad=1, device=cpu) = aten::div(%x.21, %17024), scope: earsr.models.registry.SRModel::/earsr.models.zoo.smfan.SMFAN::net/torch.nn.modules.container.Sequential::feats/earsr.models.zoo.smfan.FMB::feats.5 # /root/ThaiLe/venv/lib/python3.12/site-packages/torch/nn/functional.py:5708:0
  %17033 : Long(device=cpu) = aten::size(%input.113, %18466), scope: earsr.models.registry.SRModel::/earsr.models.zoo.smfan.SMFAN::net/torch.nn.modules.container.Sequential::feats/earsr.models.zoo.smfan.FMB::feats.5/earsr.models.zoo.smfan.SMFA::smfa # /root/ThaiLe/new_exprerient/earsr_rt/earsr/models/zoo/smfan.py:71:0
  %17037 : Long(device=cpu) = aten::size(%input.113, %18467), scope: earsr.models.registry.SRModel::/earsr.models.zoo.smfan.SMFAN::net/torch.nn.modules.container.Sequential::feats/earsr.models.zoo.smfan.FMB::feats.5/earsr.models.zoo.smfan.SMFA::smfa # /root/ThaiLe/new_exprerient/earsr_rt/earsr/models/zoo/smfan.py:71:0
  %17058 : Float(1, 48, 68, 48, strides=[156672, 3264, 48, 1], requires_grad=0, device=cpu) = aten::_convolution(%input.113, %net.feats.5.smfa.linear_0.weight, %net.feats.5.smfa.linear_0.bias, %18010, %18013, %18010, %18469, %18013, %18470, %18469, %18469, %18471, %18471), scope: earsr.models.registry.SRModel::/earsr.models.zoo.smfan.SMFAN::net/torch.nn.modules.container.Sequential::feats/earsr.models.zoo.smfan.FMB::feats.5/earsr.models.zoo.smfan.SMFA::smfa/torch.nn.modules.conv.Conv2d::linear_0 # /root/ThaiLe/venv/lib/python3.12/site-packages/torch/nn/modules/conv.py:548:0
  %18374 : Float(1, 24, 68, 48, strides=[156672, 3264, 48, 1], requires_grad=1, device=cpu), %18375 : Float(1, 24, 68, 48, strides=[156672, 3264, 48, 1], requires_grad=1, device=cpu) = prim::ConstantChunk[chunks=2, dim=1](%17058), scope: earsr.models.registry.SRModel::/earsr.models.zoo.smfan.SMFAN::net/torch.nn.modules.container.Sequential::feats/earsr.models.zoo.smfan.FMB::feats.5/earsr.models.zoo.smfan.SMFA::smfa # /root/ThaiLe/new_exprerient/earsr_rt/earsr/models/zoo/smfan.py:72:0
  %17065 : Long(requires_grad=0, device=cpu) = aten::floor_divide(%17033, %15474), scope: earsr.models.registry.SRModel::/earsr.models.zoo.smfan.SMFAN::net/torch.nn.modules.container.Sequential::feats/earsr.models.zoo.smfan.FMB::feats.5/earsr.models.zoo.smfan.SMFA::smfa # /root/ThaiLe/venv/lib/python3.12/site-packages/torch/_tensor.py:1161:0
  %17068 : Long(requires_grad=0, device=cpu) = aten::floor_divide(%17037, %15474), scope: earsr.models.registry.SRModel::/earsr.models.zoo.smfan.SMFAN::net/torch.nn.modules.container.Sequential::feats/earsr.models.zoo.smfan.FMB::feats.5/earsr.models.zoo.smfan.SMFA::smfa # /root/ThaiLe/venv/lib/python3.12/site-packages/torch/_tensor.py:1161:0
  %17082 : int[] = prim::ListConstruct(%17065, %17068), scope: earsr.models.registry.SRModel::/earsr.models.zoo.smfan.SMFAN::net/torch.nn.modules.container.Sequential::feats/earsr.models.zoo.smfan.FMB::feats.5/earsr.models.zoo.smfan.SMFA::smfa
  %input.117 : Float(1, 24, 8, 6, strides=[1152, 48, 6, 1], requires_grad=1, device=cpu), %17084 : Long(1, 24, 8, 6, strides=[1152, 48, 6, 1], requires_grad=0, device=cpu) = aten::adaptive_max_pool2d(%18375, %17082), scope: earsr.models.registry.SRModel::/earsr.models.zoo.smfan.SMFAN::net/torch.nn.modules.container.Sequential::feats/earsr.models.zoo.smfan.FMB::feats.5/earsr.models.zoo.smfan.SMFA::smfa # /root/ThaiLe/venv/lib/python3.12/site-packages/torch/nn/functional.py:1282:0
  %17103 : Float(1, 24, 8, 6, strides=[1152, 48, 6, 1], requires_grad=0, device=cpu) = aten::_convolution(%input.117, %net.feats.5.smfa.dw_conv.weight, %net.feats.5.smfa.dw_conv.bias, %18010, %18010, %18010, %18469, %18013, %18474, %18469, %18469, %18471, %18471), scope: earsr.models.registry.SRModel::/earsr.models.zoo.smfan.SMFAN::net/torch.nn.modules.container.Sequential::feats/earsr.models.zoo.smfan.FMB::feats.5/earsr.models.zoo.smfan.SMFA::smfa/torch.nn.modules.conv.Conv2d::dw_conv # /root/ThaiLe/venv/lib/python3.12/site-packages/torch/nn/modules/conv.py:548:0
  %17109 : Float(1, 24, 1, 1, strides=[24, 1, 1, 1], requires_grad=1, device=cpu) = aten::var(%18375, %18023, %18471, %18471), scope: earsr.models.registry.SRModel::/earsr.models.zoo.smfan.SMFAN::net/torch.nn.modules.container.Sequential::feats/earsr.models.zoo.smfan.FMB::feats.5/earsr.models.zoo.smfan.SMFA::smfa # /root/ThaiLe/new_exprerient/earsr_rt/earsr/models/zoo/smfan.py:74:0
  %input.119 : Float(1, 24, 8, 6, strides=[1152, 48, 6, 1], requires_grad=1, device=cpu) = aten::add(%17103, %17109, %18470), scope: earsr.models.registry.SRModel::/earsr.models.zoo.smfan.SMFAN::net/torch.nn.modules.container.Sequential::feats/earsr.models.zoo.smfan.FMB::feats.5/earsr.models.zoo.smfan.SMFA::smfa # /root/ThaiLe/new_exprerient/earsr_rt/earsr/models/zoo/smfan.py:75:0
  %17130 : Float(1, 24, 8, 6, strides=[1152, 48, 6, 1], requires_grad=0, device=cpu) = aten::_convolution(%input.119, %net.feats.5.smfa.linear_1.weight, %net.feats.5.smfa.linear_1.bias, %18010, %18013, %18010, %18469, %18013, %18470, %18469, %18469, %18471, %18471), scope: earsr.models.registry.SRModel::/earsr.models.zoo.smfan.SMFAN::net/torch.nn.modules.container.Sequential::feats/earsr.models.zoo.smfan.FMB::feats.5/earsr.models.zoo.smfan.SMFA::smfa/torch.nn.modules.conv.Conv2d::linear_1 # /root/ThaiLe/venv/lib/python3.12/site-packages/torch/nn/modules/conv.py:548:0
  %17132 : Float(1, 24, 8, 6, strides=[1152, 48, 6, 1], requires_grad=1, device=cpu) = aten::gelu(%17130, %15541), scope: earsr.models.registry.SRModel::/earsr.models.zoo.smfan.SMFAN::net/torch.nn.modules.container.Sequential::feats/earsr.models.zoo.smfan.FMB::feats.5/earsr.models.zoo.smfan.SMFA::smfa/torch.nn.modules.activation.GELU::gelu # /root/ThaiLe/venv/lib/python3.12/site-packages/torch/nn/modules/activation.py:816:0
  %17133 : int[] = prim::ListConstruct(%17033, %17037), scope: earsr.models.registry.SRModel::/earsr.models.zoo.smfan.SMFAN::net/torch.nn.modules.container.Sequential::feats/earsr.models.zoo.smfan.FMB::feats.5/earsr.models.zoo.smfan.SMFA::smfa
  %17135 : Float(1, 24, 68, 48, strides=[78336, 3264, 48, 1], requires_grad=1, device=cpu) = aten::upsample_nearest2d(%17132, %17133, %15406), scope: earsr.models.registry.SRModel::/earsr.models.zoo.smfan.SMFAN::net/torch.nn.modules.container.Sequential::feats/earsr.models.zoo.smfan.FMB::feats.5/earsr.models.zoo.smfan.SMFA::smfa # /root/ThaiLe/venv/lib/python3.12/site-packages/torch/nn/functional.py:4817:0
  %17136 : Float(1, 24, 68, 48, strides=[78336, 3264, 48, 1], requires_grad=1, device=cpu) = aten::mul(%18375, %17135), scope: earsr.models.registry.SRModel::/earsr.models.zoo.smfan.SMFAN::net/torch.nn.modules.container.Sequential::feats/earsr.models.zoo.smfan.FMB::feats.5/earsr.models.zoo.smfan.SMFA::smfa # /root/ThaiLe/new_exprerient/earsr_rt/earsr/models/zoo/smfan.py:75:0
  %input.123 : Float(1, 48, 68, 48, strides=[156672, 3264, 48, 1], requires_grad=0, device=cpu) = aten::_convolution(%18374, %net.feats.5.smfa.lde.conv_0.0.weight, %net.feats.5.smfa.lde.conv_0.0.bias, %18010, %18010, %18010, %18469, %18013, %18474, %18469, %18469, %18471, %18471), scope: earsr.models.registry.SRModel::/earsr.models.zoo.smfan.SMFAN::net/torch.nn.modules.container.Sequential::feats/earsr.models.zoo.smfan.FMB::feats.5/earsr.models.zoo.smfan.SMFA::smfa/earsr.models.zoo.smfan.DMlp::lde/torch.nn.modules.container.Sequential::conv_0/torch.nn.modules.conv.Conv2d::conv_0.0 # /root/ThaiLe/venv/lib/python3.12/site-packages/torch/nn/modules/conv.py:548:0
  %17174 : Float(1, 48, 68, 48, strides=[156672, 3264, 48, 1], requires_grad=0, device=cpu) = aten::_convolution(%input.123, %net.feats.5.smfa.lde.conv_0.1.weight, %net.feats.5.smfa.lde.conv_0.1.bias, %18010, %18013, %18010, %18469, %18013, %18470, %18469, %18469, %18471, %18471), scope: earsr.models.registry.SRModel::/earsr.models.zoo.smfan.SMFAN::net/torch.nn.modules.container.Sequential::feats/earsr.models.zoo.smfan.FMB::feats.5/earsr.models.zoo.smfan.SMFA::smfa/earsr.models.zoo.smfan.DMlp::lde/torch.nn.modules.container.Sequential::conv_0/torch.nn.modules.conv.Conv2d::conv_0.1 # /root/ThaiLe/venv/lib/python3.12/site-packages/torch/nn/modules/conv.py:548:0
  %input.125 : Float(1, 48, 68, 48, strides=[156672, 3264, 48, 1], requires_grad=1, device=cpu) = aten::gelu(%17174, %15541), scope: earsr.models.registry.SRModel::/earsr.models.zoo.smfan.SMFAN::net/torch.nn.modules.container.Sequential::feats/earsr.models.zoo.smfan.FMB::feats.5/earsr.models.zoo.smfan.SMFA::smfa/earsr.models.zoo.smfan.DMlp::lde/torch.nn.modules.activation.GELU::act # /root/ThaiLe/venv/lib/python3.12/site-packages/torch/nn/modules/activation.py:816:0
  %17195 : Float(1, 24, 68, 48, strides=[78336, 3264, 48, 1], requires_grad=0, device=cpu) = aten::_convolution(%input.125, %net.feats.5.smfa.lde.conv_1.weight, %net.feats.5.smfa.lde.conv_1.bias, %18010, %18013, %18010, %18469, %18013, %18470, %18469, %18469, %18471, %18471), scope: earsr.models.registry.SRModel::/earsr.models.zoo.smfan.SMFAN::net/torch.nn.modules.container.Sequential::feats/earsr.models.zoo.smfan.FMB::feats.5/earsr.models.zoo.smfan.SMFA::smfa/earsr.models.zoo.smfan.DMlp::lde/torch.nn.modules.conv.Conv2d::conv_1 # /root/ThaiLe/venv/lib/python3.12/site-packages/torch/nn/modules/conv.py:548:0
  %input.127 : Float(1, 24, 68, 48, strides=[78336, 3264, 48, 1], requires_grad=1, device=cpu) = aten::add(%17136, %17195, %18470), scope: earsr.models.registry.SRModel::/earsr.models.zoo.smfan.SMFAN::net/torch.nn.modules.container.Sequential::feats/earsr.models.zoo.smfan.FMB::feats.5/earsr.models.zoo.smfan.SMFA::smfa # /root/ThaiLe/new_exprerient/earsr_rt/earsr/models/zoo/smfan.py:77:0
  %17216 : Float(1, 24, 68, 48, strides=[78336, 3264, 48, 1], requires_grad=0, device=cpu) = aten::_convolution(%input.127, %net.feats.5.smfa.linear_2.weight, %net.feats.5.smfa.linear_2.bias, %18010, %18013, %18010, %18469, %18013, %18470, %18469, %18469, %18471, %18471), scope: earsr.models.registry.SRModel::/earsr.models.zoo.smfan.SMFAN::net/torch.nn.modules.container.Sequential::feats/earsr.models.zoo.smfan.FMB::feats.5/earsr.models.zoo.smfan.SMFA::smfa/torch.nn.modules.conv.Conv2d::linear_2 # /root/ThaiLe/venv/lib/python3.12/site-packages/torch/nn/modules/conv.py:548:0
  %x.23 : Float(1, 24, 68, 48, strides=[78336, 3264, 48, 1], requires_grad=1, device=cpu) = aten::add(%17216, %x.21, %18470), scope: earsr.models.registry.SRModel::/earsr.models.zoo.smfan.SMFAN::net/torch.nn.modules.container.Sequential::feats/earsr.models.zoo.smfan.FMB::feats.5 # /root/ThaiLe/new_exprerient/earsr_rt/earsr/models/zoo/smfan.py:89:0
  %17224 : Float(1, 1, 68, 48, strides=[3264, 3264, 48, 1], requires_grad=1, device=cpu) = aten::linalg_vector_norm(%x.23, %18472, %18014, %18471, %15406), scope: earsr.models.registry.SRModel::/earsr.models.zoo.smfan.SMFAN::net/torch.nn.modules.container.Sequential::feats/earsr.models.zoo.smfan.FMB::feats.5 # /root/ThaiLe/venv/lib/python3.12/site-packages/torch/functional.py:1839:0
  %17226 : Float(1, 1, 68, 48, strides=[3264, 3264, 48, 1], requires_grad=1, device=cpu) = aten::clamp_min(%17224, %18473), scope: earsr.models.registry.SRModel::/earsr.models.zoo.smfan.SMFAN::net/torch.nn.modules.container.Sequential::feats/earsr.models.zoo.smfan.FMB::feats.5 # /root/ThaiLe/venv/lib/python3.12/site-packages/torch/nn/functional.py:5707:0
  %17227 : Float(1, 24, 68, 48, strides=[3264, 0, 48, 1], requires_grad=1, device=cpu) = aten::expand_as(%17226, %x.23), scope: earsr.models.registry.SRModel::/earsr.models.zoo.smfan.SMFAN::net/torch.nn.modules.container.Sequential::feats/earsr.models.zoo.smfan.FMB::feats.5 # /root/ThaiLe/venv/lib/python3.12/site-packages/torch/nn/functional.py:5707:0
  %input.129 : Float(1, 24, 68, 48, strides=[78336, 3264, 48, 1], requires_grad=1, device=cpu) = aten::div(%x.23, %17227), scope: earsr.models.registry.SRModel::/earsr.models.zoo.smfan.SMFAN::net/torch.nn.modules.container.Sequential::feats/earsr.models.zoo.smfan.FMB::feats.5 # /root/ThaiLe/venv/lib/python3.12/site-packages/torch/nn/functional.py:5708:0
  %17247 : Float(1, 36, 68, 48, strides=[117504, 3264, 48, 1], requires_grad=0, device=cpu) = aten::_convolution(%input.129, %net.feats.5.pcfn.conv_0.weight, %net.feats.5.pcfn.conv_0.bias, %18010, %18013, %18010, %18469, %18013, %18470, %18469, %18469, %18471, %18471), scope: earsr.models.registry.SRModel::/earsr.models.zoo.smfan.SMFAN::net/torch.nn.modules.container.Sequential::feats/earsr.models.zoo.smfan.FMB::feats.5/earsr.models.zoo.smfan.PCFN::pcfn/torch.nn.modules.conv.Conv2d::conv_0 # /root/ThaiLe/venv/lib/python3.12/site-packages/torch/nn/modules/conv.py:548:0
  %input.133 : Float(1, 36, 68, 48, strides=[117504, 3264, 48, 1], requires_grad=1, device=cpu) = aten::gelu(%17247, %15541), scope: earsr.models.registry.SRModel::/earsr.models.zoo.smfan.SMFAN::net/torch.nn.modules.container.Sequential::feats/earsr.models.zoo.smfan.FMB::feats.5/earsr.models.zoo.smfan.PCFN::pcfn/torch.nn.modules.activation.GELU::act # /root/ThaiLe/venv/lib/python3.12/site-packages/torch/nn/modules/activation.py:816:0
  %17254 : Float(1, 36, 68, 48, strides=[117504, 3264, 48, 1], requires_grad=1, device=cpu) = aten::slice(%input.133, %18475, %18475, %18476, %18470), scope: earsr.models.registry.SRModel::/earsr.models.zoo.smfan.SMFAN::net/torch.nn.modules.container.Sequential::feats/earsr.models.zoo.smfan.FMB::feats.5/earsr.models.zoo.smfan.PCFN::pcfn # /root/ThaiLe/new_exprerient/earsr_rt/earsr/models/zoo/smfan.py:51:0
  %17259 : Float(1, 9, 68, 48, strides=[117504, 3264, 48, 1], requires_grad=1, device=cpu) = aten::slice(%17254, %18470, %18475, %18477, %18470), scope: earsr.models.registry.SRModel::/earsr.models.zoo.smfan.SMFAN::net/torch.nn.modules.container.Sequential::feats/earsr.models.zoo.smfan.FMB::feats.5/earsr.models.zoo.smfan.PCFN::pcfn # /root/ThaiLe/new_exprerient/earsr_rt/earsr/models/zoo/smfan.py:51:0
  %17264 : Float(1, 9, 68, 48, strides=[117504, 3264, 48, 1], requires_grad=1, device=cpu) = aten::slice(%17259, %18466, %18475, %18476, %18470), scope: earsr.models.registry.SRModel::/earsr.models.zoo.smfan.SMFAN::net/torch.nn.modules.container.Sequential::feats/earsr.models.zoo.smfan.FMB::feats.5/earsr.models.zoo.smfan.PCFN::pcfn # /root/ThaiLe/new_exprerient/earsr_rt/earsr/models/zoo/smfan.py:51:0
  %input.131 : Float(1, 9, 68, 48, strides=[117504, 3264, 48, 1], requires_grad=1, device=cpu) = aten::slice(%17264, %18467, %18475, %18476, %18470), scope: earsr.models.registry.SRModel::/earsr.models.zoo.smfan.SMFAN::net/torch.nn.modules.container.Sequential::feats/earsr.models.zoo.smfan.FMB::feats.5/earsr.models.zoo.smfan.PCFN::pcfn # /root/ThaiLe/new_exprerient/earsr_rt/earsr/models/zoo/smfan.py:51:0
  %17288 : Float(1, 9, 68, 48, strides=[29376, 3264, 48, 1], requires_grad=0, device=cpu) = aten::_convolution(%input.131, %net.feats.5.pcfn.conv_1.weight, %net.feats.5.pcfn.conv_1.bias, %18010, %18010, %18010, %18469, %18013, %18470, %18469, %18469, %18471, %18471), scope: earsr.models.registry.SRModel::/earsr.models.zoo.smfan.SMFAN::net/torch.nn.modules.container.Sequential::feats/earsr.models.zoo.smfan.FMB::feats.5/earsr.models.zoo.smfan.PCFN::pcfn/torch.nn.modules.conv.Conv2d::conv_1 # /root/ThaiLe/venv/lib/python3.12/site-packages/torch/nn/modules/conv.py:548:0
  %17290 : Float(1, 9, 68, 48, strides=[29376, 3264, 48, 1], requires_grad=1, device=cpu) = aten::gelu(%17288, %15541), scope: earsr.models.registry.SRModel::/earsr.models.zoo.smfan.SMFAN::net/torch.nn.modules.container.Sequential::feats/earsr.models.zoo.smfan.FMB::feats.5/earsr.models.zoo.smfan.PCFN::pcfn/torch.nn.modules.activation.GELU::act # /root/ThaiLe/venv/lib/python3.12/site-packages/torch/nn/modules/activation.py:816:0
  %17295 : Float(1, 36, 68, 48, strides=[117504, 3264, 48, 1], requires_grad=1, device=cpu) = aten::slice(%input.133, %18475, %18475, %18476, %18470), scope: earsr.models.registry.SRModel::/earsr.models.zoo.smfan.SMFAN::net/torch.nn.modules.container.Sequential::feats/earsr.models.zoo.smfan.FMB::feats.5/earsr.models.zoo.smfan.PCFN::pcfn # /root/ThaiLe/new_exprerient/earsr_rt/earsr/models/zoo/smfan.py:51:0
  %17300 : Float(1, 9, 68, 48, strides=[117504, 3264, 48, 1], requires_grad=1, device=cpu) = aten::slice(%17295, %18470, %18475, %18477, %18470), scope: earsr.models.registry.SRModel::/earsr.models.zoo.smfan.SMFAN::net/torch.nn.modules.container.Sequential::feats/earsr.models.zoo.smfan.FMB::feats.5/earsr.models.zoo.smfan.PCFN::pcfn # /root/ThaiLe/new_exprerient/earsr_rt/earsr/models/zoo/smfan.py:51:0
  %17305 : Float(1, 9, 68, 48, strides=[117504, 3264, 48, 1], requires_grad=1, device=cpu) = aten::slice(%17300, %18466, %18475, %18476, %18470), scope: earsr.models.registry.SRModel::/earsr.models.zoo.smfan.SMFAN::net/torch.nn.modules.container.Sequential::feats/earsr.models.zoo.smfan.FMB::feats.5/earsr.models.zoo.smfan.PCFN::pcfn # /root/ThaiLe/new_exprerient/earsr_rt/earsr/models/zoo/smfan.py:51:0
  %17310 : Float(1, 9, 68, 48, strides=[117504, 3264, 48, 1], requires_grad=1, device=cpu) = aten::slice(%17305, %18467, %18475, %18476, %18470), scope: earsr.models.registry.SRModel::/earsr.models.zoo.smfan.SMFAN::net/torch.nn.modules.container.Sequential::feats/earsr.models.zoo.smfan.FMB::feats.5/earsr.models.zoo.smfan.PCFN::pcfn # /root/ThaiLe/new_exprerient/earsr_rt/earsr/models/zoo/smfan.py:51:0
  %18436 : Tensor?[] = prim::ListConstruct()
  %18437 : Float(1, 9, 68, 48, strides=[29376, 3264, 48, 1], requires_grad=1, device=cpu) = aten::expand_as(%17290, %17310), scope: earsr.models.registry.SRModel::/earsr.models.zoo.smfan.SMFAN::net/torch.nn.modules.container.Sequential::feats/earsr.models.zoo.smfan.FMB::feats.5/earsr.models.zoo.smfan.PCFN::pcfn # /root/ThaiLe/new_exprerient/earsr_rt/earsr/models/zoo/smfan.py:51:0
  %18483 : Bool(device=cpu) = prim::Constant[value={0}]()
  %18440 : Tensor = onnx::Placeholder[name="index_put_"](%input.133), scope: earsr.models.registry.SRModel::/earsr.models.zoo.smfan.SMFAN::net/torch.nn.modules.container.Sequential::feats/earsr.models.zoo.smfan.FMB::feats.5/earsr.models.zoo.smfan.PCFN::pcfn # /root/ThaiLe/new_exprerient/earsr_rt/earsr/models/zoo/smfan.py:51:0
    block0():
      %18441 : Float(1, 36, 68, 48, strides=[117504, 3264, 48, 1], requires_grad=1, device=cpu) = aten::slice(%input.133, %18475, %18475, %18476, %18470), scope: earsr.models.registry.SRModel::/earsr.models.zoo.smfan.SMFAN::net/torch.nn.modules.container.Sequential::feats/earsr.models.zoo.smfan.FMB::feats.5/earsr.models.zoo.smfan.PCFN::pcfn # /root/ThaiLe/new_exprerient/earsr_rt/earsr/models/zoo/smfan.py:51:0
      %18442 : Float(1, 9, 68, 48, strides=[117504, 3264, 48, 1], requires_grad=1, device=cpu) = aten::slice(%18441, %18470, %18475, %18477, %18470), scope: earsr.models.registry.SRModel::/earsr.models.zoo.smfan.SMFAN::net/torch.nn.modules.container.Sequential::feats/earsr.models.zoo.smfan.FMB::feats.5/earsr.models.zoo.smfan.PCFN::pcfn # /root/ThaiLe/new_exprerient/earsr_rt/earsr/models/zoo/smfan.py:51:0
      %18443 : Float(1, 9, 68, 48, strides=[117504, 3264, 48, 1], requires_grad=1, device=cpu) = aten::slice(%18442, %18466, %18475, %18476, %18470), scope: earsr.models.registry.SRModel::/earsr.models.zoo.smfan.SMFAN::net/torch.nn.modules.container.Sequential::feats/earsr.models.zoo.smfan.FMB::feats.5/earsr.models.zoo.smfan.PCFN::pcfn # /root/ThaiLe/new_exprerient/earsr_rt/earsr/models/zoo/smfan.py:51:0
      %18444 : Float(1, 9, 68, 48, strides=[117504, 3264, 48, 1], requires_grad=1, device=cpu) = aten::slice(%18443, %18467, %18475, %18476, %18470), scope: earsr.models.registry.SRModel::/earsr.models.zoo.smfan.SMFAN::net/torch.nn.modules.container.Sequential::feats/earsr.models.zoo.smfan.FMB::feats.5/earsr.models.zoo.smfan.PCFN::pcfn # /root/ThaiLe/new_exprerient/earsr_rt/earsr/models/zoo/smfan.py:51:0
      %18445 : Float(1, 9, 68, 48, strides=[117504, 3264, 48, 1], requires_grad=1, device=cpu) = aten::index_put_(%18444, %18436, %18437, %18483), scope: earsr.models.registry.SRModel::/earsr.models.zoo.smfan.SMFAN::net/torch.nn.modules.container.Sequential::feats/earsr.models.zoo.smfan.FMB::feats.5/earsr.models.zoo.smfan.PCFN::pcfn # /root/ThaiLe/new_exprerient/earsr_rt/earsr/models/zoo/smfan.py:51:0
      -> (%18445)
  %17331 : Float(1, 24, 68, 48, strides=[78336, 3264, 48, 1], requires_grad=0, device=cpu) = aten::_convolution(%18440, %net.feats.5.pcfn.conv_2.weight, %net.feats.5.pcfn.conv_2.bias, %18010, %18013, %18010, %18469, %18013, %18470, %18469, %18469, %18471, %18471), scope: earsr.models.registry.SRModel::/earsr.models.zoo.smfan.SMFAN::net/torch.nn.modules.container.Sequential::feats/earsr.models.zoo.smfan.FMB::feats.5/earsr.models.zoo.smfan.PCFN::pcfn/torch.nn.modules.conv.Conv2d::conv_2 # /root/ThaiLe/venv/lib/python3.12/site-packages/torch/nn/modules/conv.py:548:0
  %x.25 : Float(1, 24, 68, 48, strides=[78336, 3264, 48, 1], requires_grad=1, device=cpu) = aten::add(%17331, %x.23, %18470), scope: earsr.models.registry.SRModel::/earsr.models.zoo.smfan.SMFAN::net/torch.nn.modules.container.Sequential::feats/earsr.models.zoo.smfan.FMB::feats.5 # /root/ThaiLe/new_exprerient/earsr_rt/earsr/models/zoo/smfan.py:90:0
  %17339 : Float(1, 1, 68, 48, strides=[3264, 3264, 48, 1], requires_grad=1, device=cpu) = aten::linalg_vector_norm(%x.25, %18472, %18014, %18471, %15406), scope: earsr.models.registry.SRModel::/earsr.models.zoo.smfan.SMFAN::net/torch.nn.modules.container.Sequential::feats/earsr.models.zoo.smfan.FMB::feats.6 # /root/ThaiLe/venv/lib/python3.12/site-packages/torch/functional.py:1839:0
  %17341 : Float(1, 1, 68, 48, strides=[3264, 3264, 48, 1], requires_grad=1, device=cpu) = aten::clamp_min(%17339, %18473), scope: earsr.models.registry.SRModel::/earsr.models.zoo.smfan.SMFAN::net/torch.nn.modules.container.Sequential::feats/earsr.models.zoo.smfan.FMB::feats.6 # /root/ThaiLe/venv/lib/python3.12/site-packages/torch/nn/functional.py:5707:0
  %17342 : Float(1, 24, 68, 48, strides=[3264, 0, 48, 1], requires_grad=1, device=cpu) = aten::expand_as(%17341, %x.25), scope: earsr.models.registry.SRModel::/earsr.models.zoo.smfan.SMFAN::net/torch.nn.modules.container.Sequential::feats/earsr.models.zoo.smfan.FMB::feats.6 # /root/ThaiLe/venv/lib/python3.12/site-packages/torch/nn/functional.py:5707:0
  %input.135 : Float(1, 24, 68, 48, strides=[78336, 3264, 48, 1], requires_grad=1, device=cpu) = aten::div(%x.25, %17342), scope: earsr.models.registry.SRModel::/earsr.models.zoo.smfan.SMFAN::net/torch.nn.modules.container.Sequential::feats/earsr.models.zoo.smfan.FMB::feats.6 # /root/ThaiLe/venv/lib/python3.12/site-packages/torch/nn/functional.py:5708:0
  %17351 : Long(device=cpu) = aten::size(%input.135, %18466), scope: earsr.models.registry.SRModel::/earsr.models.zoo.smfan.SMFAN::net/torch.nn.modules.container.Sequential::feats/earsr.models.zoo.smfan.FMB::feats.6/earsr.models.zoo.smfan.SMFA::smfa # /root/ThaiLe/new_exprerient/earsr_rt/earsr/models/zoo/smfan.py:71:0
  %17355 : Long(device=cpu) = aten::size(%input.135, %18467), scope: earsr.models.registry.SRModel::/earsr.models.zoo.smfan.SMFAN::net/torch.nn.modules.container.Sequential::feats/earsr.models.zoo.smfan.FMB::feats.6/earsr.models.zoo.smfan.SMFA::smfa # /root/ThaiLe/new_exprerient/earsr_rt/earsr/models/zoo/smfan.py:71:0
  %17376 : Float(1, 48, 68, 48, strides=[156672, 3264, 48, 1], requires_grad=0, device=cpu) = aten::_convolution(%input.135, %net.feats.6.smfa.linear_0.weight, %net.feats.6.smfa.linear_0.bias, %18010, %18013, %18010, %18469, %18013, %18470, %18469, %18469, %18471, %18471), scope: earsr.models.registry.SRModel::/earsr.models.zoo.smfan.SMFAN::net/torch.nn.modules.container.Sequential::feats/earsr.models.zoo.smfan.FMB::feats.6/earsr.models.zoo.smfan.SMFA::smfa/torch.nn.modules.conv.Conv2d::linear_0 # /root/ThaiLe/venv/lib/python3.12/site-packages/torch/nn/modules/conv.py:548:0
  %18376 : Float(1, 24, 68, 48, strides=[156672, 3264, 48, 1], requires_grad=1, device=cpu), %18377 : Float(1, 24, 68, 48, strides=[156672, 3264, 48, 1], requires_grad=1, device=cpu) = prim::ConstantChunk[chunks=2, dim=1](%17376), scope: earsr.models.registry.SRModel::/earsr.models.zoo.smfan.SMFAN::net/torch.nn.modules.container.Sequential::feats/earsr.models.zoo.smfan.FMB::feats.6/earsr.models.zoo.smfan.SMFA::smfa # /root/ThaiLe/new_exprerient/earsr_rt/earsr/models/zoo/smfan.py:72:0
  %17383 : Long(requires_grad=0, device=cpu) = aten::floor_divide(%17351, %15474), scope: earsr.models.registry.SRModel::/earsr.models.zoo.smfan.SMFAN::net/torch.nn.modules.container.Sequential::feats/earsr.models.zoo.smfan.FMB::feats.6/earsr.models.zoo.smfan.SMFA::smfa # /root/ThaiLe/venv/lib/python3.12/site-packages/torch/_tensor.py:1161:0
  %17386 : Long(requires_grad=0, device=cpu) = aten::floor_divide(%17355, %15474), scope: earsr.models.registry.SRModel::/earsr.models.zoo.smfan.SMFAN::net/torch.nn.modules.container.Sequential::feats/earsr.models.zoo.smfan.FMB::feats.6/earsr.models.zoo.smfan.SMFA::smfa # /root/ThaiLe/venv/lib/python3.12/site-packages/torch/_tensor.py:1161:0
  %17400 : int[] = prim::ListConstruct(%17383, %17386), scope: earsr.models.registry.SRModel::/earsr.models.zoo.smfan.SMFAN::net/torch.nn.modules.container.Sequential::feats/earsr.models.zoo.smfan.FMB::feats.6/earsr.models.zoo.smfan.SMFA::smfa
  %input.139 : Float(1, 24, 8, 6, strides=[1152, 48, 6, 1], requires_grad=1, device=cpu), %17402 : Long(1, 24, 8, 6, strides=[1152, 48, 6, 1], requires_grad=0, device=cpu) = aten::adaptive_max_pool2d(%18377, %17400), scope: earsr.models.registry.SRModel::/earsr.models.zoo.smfan.SMFAN::net/torch.nn.modules.container.Sequential::feats/earsr.models.zoo.smfan.FMB::feats.6/earsr.models.zoo.smfan.SMFA::smfa # /root/ThaiLe/venv/lib/python3.12/site-packages/torch/nn/functional.py:1282:0
  %17421 : Float(1, 24, 8, 6, strides=[1152, 48, 6, 1], requires_grad=0, device=cpu) = aten::_convolution(%input.139, %net.feats.6.smfa.dw_conv.weight, %net.feats.6.smfa.dw_conv.bias, %18010, %18010, %18010, %18469, %18013, %18474, %18469, %18469, %18471, %18471), scope: earsr.models.registry.SRModel::/earsr.models.zoo.smfan.SMFAN::net/torch.nn.modules.container.Sequential::feats/earsr.models.zoo.smfan.FMB::feats.6/earsr.models.zoo.smfan.SMFA::smfa/torch.nn.modules.conv.Conv2d::dw_conv # /root/ThaiLe/venv/lib/python3.12/site-packages/torch/nn/modules/conv.py:548:0
  %17427 : Float(1, 24, 1, 1, strides=[24, 1, 1, 1], requires_grad=1, device=cpu) = aten::var(%18377, %18023, %18471, %18471), scope: earsr.models.registry.SRModel::/earsr.models.zoo.smfan.SMFAN::net/torch.nn.modules.container.Sequential::feats/earsr.models.zoo.smfan.FMB::feats.6/earsr.models.zoo.smfan.SMFA::smfa # /root/ThaiLe/new_exprerient/earsr_rt/earsr/models/zoo/smfan.py:74:0
  %input.141 : Float(1, 24, 8, 6, strides=[1152, 48, 6, 1], requires_grad=1, device=cpu) = aten::add(%17421, %17427, %18470), scope: earsr.models.registry.SRModel::/earsr.models.zoo.smfan.SMFAN::net/torch.nn.modules.container.Sequential::feats/earsr.models.zoo.smfan.FMB::feats.6/earsr.models.zoo.smfan.SMFA::smfa # /root/ThaiLe/new_exprerient/earsr_rt/earsr/models/zoo/smfan.py:75:0
  %17448 : Float(1, 24, 8, 6, strides=[1152, 48, 6, 1], requires_grad=0, device=cpu) = aten::_convolution(%input.141, %net.feats.6.smfa.linear_1.weight, %net.feats.6.smfa.linear_1.bias, %18010, %18013, %18010, %18469, %18013, %18470, %18469, %18469, %18471, %18471), scope: earsr.models.registry.SRModel::/earsr.models.zoo.smfan.SMFAN::net/torch.nn.modules.container.Sequential::feats/earsr.models.zoo.smfan.FMB::feats.6/earsr.models.zoo.smfan.SMFA::smfa/torch.nn.modules.conv.Conv2d::linear_1 # /root/ThaiLe/venv/lib/python3.12/site-packages/torch/nn/modules/conv.py:548:0
  %17450 : Float(1, 24, 8, 6, strides=[1152, 48, 6, 1], requires_grad=1, device=cpu) = aten::gelu(%17448, %15541), scope: earsr.models.registry.SRModel::/earsr.models.zoo.smfan.SMFAN::net/torch.nn.modules.container.Sequential::feats/earsr.models.zoo.smfan.FMB::feats.6/earsr.models.zoo.smfan.SMFA::smfa/torch.nn.modules.activation.GELU::gelu # /root/ThaiLe/venv/lib/python3.12/site-packages/torch/nn/modules/activation.py:816:0
  %17451 : int[] = prim::ListConstruct(%17351, %17355), scope: earsr.models.registry.SRModel::/earsr.models.zoo.smfan.SMFAN::net/torch.nn.modules.container.Sequential::feats/earsr.models.zoo.smfan.FMB::feats.6/earsr.models.zoo.smfan.SMFA::smfa
  %17453 : Float(1, 24, 68, 48, strides=[78336, 3264, 48, 1], requires_grad=1, device=cpu) = aten::upsample_nearest2d(%17450, %17451, %15406), scope: earsr.models.registry.SRModel::/earsr.models.zoo.smfan.SMFAN::net/torch.nn.modules.container.Sequential::feats/earsr.models.zoo.smfan.FMB::feats.6/earsr.models.zoo.smfan.SMFA::smfa # /root/ThaiLe/venv/lib/python3.12/site-packages/torch/nn/functional.py:4817:0
  %17454 : Float(1, 24, 68, 48, strides=[78336, 3264, 48, 1], requires_grad=1, device=cpu) = aten::mul(%18377, %17453), scope: earsr.models.registry.SRModel::/earsr.models.zoo.smfan.SMFAN::net/torch.nn.modules.container.Sequential::feats/earsr.models.zoo.smfan.FMB::feats.6/earsr.models.zoo.smfan.SMFA::smfa # /root/ThaiLe/new_exprerient/earsr_rt/earsr/models/zoo/smfan.py:75:0
  %input.145 : Float(1, 48, 68, 48, strides=[156672, 3264, 48, 1], requires_grad=0, device=cpu) = aten::_convolution(%18376, %net.feats.6.smfa.lde.conv_0.0.weight, %net.feats.6.smfa.lde.conv_0.0.bias, %18010, %18010, %18010, %18469, %18013, %18474, %18469, %18469, %18471, %18471), scope: earsr.models.registry.SRModel::/earsr.models.zoo.smfan.SMFAN::net/torch.nn.modules.container.Sequential::feats/earsr.models.zoo.smfan.FMB::feats.6/earsr.models.zoo.smfan.SMFA::smfa/earsr.models.zoo.smfan.DMlp::lde/torch.nn.modules.container.Sequential::conv_0/torch.nn.modules.conv.Conv2d::conv_0.0 # /root/ThaiLe/venv/lib/python3.12/site-packages/torch/nn/modules/conv.py:548:0
  %17492 : Float(1, 48, 68, 48, strides=[156672, 3264, 48, 1], requires_grad=0, device=cpu) = aten::_convolution(%input.145, %net.feats.6.smfa.lde.conv_0.1.weight, %net.feats.6.smfa.lde.conv_0.1.bias, %18010, %18013, %18010, %18469, %18013, %18470, %18469, %18469, %18471, %18471), scope: earsr.models.registry.SRModel::/earsr.models.zoo.smfan.SMFAN::net/torch.nn.modules.container.Sequential::feats/earsr.models.zoo.smfan.FMB::feats.6/earsr.models.zoo.smfan.SMFA::smfa/earsr.models.zoo.smfan.DMlp::lde/torch.nn.modules.container.Sequential::conv_0/torch.nn.modules.conv.Conv2d::conv_0.1 # /root/ThaiLe/venv/lib/python3.12/site-packages/torch/nn/modules/conv.py:548:0
  %input.147 : Float(1, 48, 68, 48, strides=[156672, 3264, 48, 1], requires_grad=1, device=cpu) = aten::gelu(%17492, %15541), scope: earsr.models.registry.SRModel::/earsr.models.zoo.smfan.SMFAN::net/torch.nn.modules.container.Sequential::feats/earsr.models.zoo.smfan.FMB::feats.6/earsr.models.zoo.smfan.SMFA::smfa/earsr.models.zoo.smfan.DMlp::lde/torch.nn.modules.activation.GELU::act # /root/ThaiLe/venv/lib/python3.12/site-packages/torch/nn/modules/activation.py:816:0
  %17513 : Float(1, 24, 68, 48, strides=[78336, 3264, 48, 1], requires_grad=0, device=cpu) = aten::_convolution(%input.147, %net.feats.6.smfa.lde.conv_1.weight, %net.feats.6.smfa.lde.conv_1.bias, %18010, %18013, %18010, %18469, %18013, %18470, %18469, %18469, %18471, %18471), scope: earsr.models.registry.SRModel::/earsr.models.zoo.smfan.SMFAN::net/torch.nn.modules.container.Sequential::feats/earsr.models.zoo.smfan.FMB::feats.6/earsr.models.zoo.smfan.SMFA::smfa/earsr.models.zoo.smfan.DMlp::lde/torch.nn.modules.conv.Conv2d::conv_1 # /root/ThaiLe/venv/lib/python3.12/site-packages/torch/nn/modules/conv.py:548:0
  %input.149 : Float(1, 24, 68, 48, strides=[78336, 3264, 48, 1], requires_grad=1, device=cpu) = aten::add(%17454, %17513, %18470), scope: earsr.models.registry.SRModel::/earsr.models.zoo.smfan.SMFAN::net/torch.nn.modules.container.Sequential::feats/earsr.models.zoo.smfan.FMB::feats.6/earsr.models.zoo.smfan.SMFA::smfa # /root/ThaiLe/new_exprerient/earsr_rt/earsr/models/zoo/smfan.py:77:0
  %17534 : Float(1, 24, 68, 48, strides=[78336, 3264, 48, 1], requires_grad=0, device=cpu) = aten::_convolution(%input.149, %net.feats.6.smfa.linear_2.weight, %net.feats.6.smfa.linear_2.bias, %18010, %18013, %18010, %18469, %18013, %18470, %18469, %18469, %18471, %18471), scope: earsr.models.registry.SRModel::/earsr.models.zoo.smfan.SMFAN::net/torch.nn.modules.container.Sequential::feats/earsr.models.zoo.smfan.FMB::feats.6/earsr.models.zoo.smfan.SMFA::smfa/torch.nn.modules.conv.Conv2d::linear_2 # /root/ThaiLe/venv/lib/python3.12/site-packages/torch/nn/modules/conv.py:548:0
  %x.27 : Float(1, 24, 68, 48, strides=[78336, 3264, 48, 1], requires_grad=1, device=cpu) = aten::add(%17534, %x.25, %18470), scope: earsr.models.registry.SRModel::/earsr.models.zoo.smfan.SMFAN::net/torch.nn.modules.container.Sequential::feats/earsr.models.zoo.smfan.FMB::feats.6 # /root/ThaiLe/new_exprerient/earsr_rt/earsr/models/zoo/smfan.py:89:0
  %17542 : Float(1, 1, 68, 48, strides=[3264, 3264, 48, 1], requires_grad=1, device=cpu) = aten::linalg_vector_norm(%x.27, %18472, %18014, %18471, %15406), scope: earsr.models.registry.SRModel::/earsr.models.zoo.smfan.SMFAN::net/torch.nn.modules.container.Sequential::feats/earsr.models.zoo.smfan.FMB::feats.6 # /root/ThaiLe/venv/lib/python3.12/site-packages/torch/functional.py:1839:0
  %17544 : Float(1, 1, 68, 48, strides=[3264, 3264, 48, 1], requires_grad=1, device=cpu) = aten::clamp_min(%17542, %18473), scope: earsr.models.registry.SRModel::/earsr.models.zoo.smfan.SMFAN::net/torch.nn.modules.container.Sequential::feats/earsr.models.zoo.smfan.FMB::feats.6 # /root/ThaiLe/venv/lib/python3.12/site-packages/torch/nn/functional.py:5707:0
  %17545 : Float(1, 24, 68, 48, strides=[3264, 0, 48, 1], requires_grad=1, device=cpu) = aten::expand_as(%17544, %x.27), scope: earsr.models.registry.SRModel::/earsr.models.zoo.smfan.SMFAN::net/torch.nn.modules.container.Sequential::feats/earsr.models.zoo.smfan.FMB::feats.6 # /root/ThaiLe/venv/lib/python3.12/site-packages/torch/nn/functional.py:5707:0
  %input.151 : Float(1, 24, 68, 48, strides=[78336, 3264, 48, 1], requires_grad=1, device=cpu) = aten::div(%x.27, %17545), scope: earsr.models.registry.SRModel::/earsr.models.zoo.smfan.SMFAN::net/torch.nn.modules.container.Sequential::feats/earsr.models.zoo.smfan.FMB::feats.6 # /root/ThaiLe/venv/lib/python3.12/site-packages/torch/nn/functional.py:5708:0
  %17565 : Float(1, 36, 68, 48, strides=[117504, 3264, 48, 1], requires_grad=0, device=cpu) = aten::_convolution(%input.151, %net.feats.6.pcfn.conv_0.weight, %net.feats.6.pcfn.conv_0.bias, %18010, %18013, %18010, %18469, %18013, %18470, %18469, %18469, %18471, %18471), scope: earsr.models.registry.SRModel::/earsr.models.zoo.smfan.SMFAN::net/torch.nn.modules.container.Sequential::feats/earsr.models.zoo.smfan.FMB::feats.6/earsr.models.zoo.smfan.PCFN::pcfn/torch.nn.modules.conv.Conv2d::conv_0 # /root/ThaiLe/venv/lib/python3.12/site-packages/torch/nn/modules/conv.py:548:0
  %input.155 : Float(1, 36, 68, 48, strides=[117504, 3264, 48, 1], requires_grad=1, device=cpu) = aten::gelu(%17565, %15541), scope: earsr.models.registry.SRModel::/earsr.models.zoo.smfan.SMFAN::net/torch.nn.modules.container.Sequential::feats/earsr.models.zoo.smfan.FMB::feats.6/earsr.models.zoo.smfan.PCFN::pcfn/torch.nn.modules.activation.GELU::act # /root/ThaiLe/venv/lib/python3.12/site-packages/torch/nn/modules/activation.py:816:0
  %17572 : Float(1, 36, 68, 48, strides=[117504, 3264, 48, 1], requires_grad=1, device=cpu) = aten::slice(%input.155, %18475, %18475, %18476, %18470), scope: earsr.models.registry.SRModel::/earsr.models.zoo.smfan.SMFAN::net/torch.nn.modules.container.Sequential::feats/earsr.models.zoo.smfan.FMB::feats.6/earsr.models.zoo.smfan.PCFN::pcfn # /root/ThaiLe/new_exprerient/earsr_rt/earsr/models/zoo/smfan.py:51:0
  %17577 : Float(1, 9, 68, 48, strides=[117504, 3264, 48, 1], requires_grad=1, device=cpu) = aten::slice(%17572, %18470, %18475, %18477, %18470), scope: earsr.models.registry.SRModel::/earsr.models.zoo.smfan.SMFAN::net/torch.nn.modules.container.Sequential::feats/earsr.models.zoo.smfan.FMB::feats.6/earsr.models.zoo.smfan.PCFN::pcfn # /root/ThaiLe/new_exprerient/earsr_rt/earsr/models/zoo/smfan.py:51:0
  %17582 : Float(1, 9, 68, 48, strides=[117504, 3264, 48, 1], requires_grad=1, device=cpu) = aten::slice(%17577, %18466, %18475, %18476, %18470), scope: earsr.models.registry.SRModel::/earsr.models.zoo.smfan.SMFAN::net/torch.nn.modules.container.Sequential::feats/earsr.models.zoo.smfan.FMB::feats.6/earsr.models.zoo.smfan.PCFN::pcfn # /root/ThaiLe/new_exprerient/earsr_rt/earsr/models/zoo/smfan.py:51:0
  %input.153 : Float(1, 9, 68, 48, strides=[117504, 3264, 48, 1], requires_grad=1, device=cpu) = aten::slice(%17582, %18467, %18475, %18476, %18470), scope: earsr.models.registry.SRModel::/earsr.models.zoo.smfan.SMFAN::net/torch.nn.modules.container.Sequential::feats/earsr.models.zoo.smfan.FMB::feats.6/earsr.models.zoo.smfan.PCFN::pcfn # /root/ThaiLe/new_exprerient/earsr_rt/earsr/models/zoo/smfan.py:51:0
  %17606 : Float(1, 9, 68, 48, strides=[29376, 3264, 48, 1], requires_grad=0, device=cpu) = aten::_convolution(%input.153, %net.feats.6.pcfn.conv_1.weight, %net.feats.6.pcfn.conv_1.bias, %18010, %18010, %18010, %18469, %18013, %18470, %18469, %18469, %18471, %18471), scope: earsr.models.registry.SRModel::/earsr.models.zoo.smfan.SMFAN::net/torch.nn.modules.container.Sequential::feats/earsr.models.zoo.smfan.FMB::feats.6/earsr.models.zoo.smfan.PCFN::pcfn/torch.nn.modules.conv.Conv2d::conv_1 # /root/ThaiLe/venv/lib/python3.12/site-packages/torch/nn/modules/conv.py:548:0
  %17608 : Float(1, 9, 68, 48, strides=[29376, 3264, 48, 1], requires_grad=1, device=cpu) = aten::gelu(%17606, %15541), scope: earsr.models.registry.SRModel::/earsr.models.zoo.smfan.SMFAN::net/torch.nn.modules.container.Sequential::feats/earsr.models.zoo.smfan.FMB::feats.6/earsr.models.zoo.smfan.PCFN::pcfn/torch.nn.modules.activation.GELU::act # /root/ThaiLe/venv/lib/python3.12/site-packages/torch/nn/modules/activation.py:816:0
  %17613 : Float(1, 36, 68, 48, strides=[117504, 3264, 48, 1], requires_grad=1, device=cpu) = aten::slice(%input.155, %18475, %18475, %18476, %18470), scope: earsr.models.registry.SRModel::/earsr.models.zoo.smfan.SMFAN::net/torch.nn.modules.container.Sequential::feats/earsr.models.zoo.smfan.FMB::feats.6/earsr.models.zoo.smfan.PCFN::pcfn # /root/ThaiLe/new_exprerient/earsr_rt/earsr/models/zoo/smfan.py:51:0
  %17618 : Float(1, 9, 68, 48, strides=[117504, 3264, 48, 1], requires_grad=1, device=cpu) = aten::slice(%17613, %18470, %18475, %18477, %18470), scope: earsr.models.registry.SRModel::/earsr.models.zoo.smfan.SMFAN::net/torch.nn.modules.container.Sequential::feats/earsr.models.zoo.smfan.FMB::feats.6/earsr.models.zoo.smfan.PCFN::pcfn # /root/ThaiLe/new_exprerient/earsr_rt/earsr/models/zoo/smfan.py:51:0
  %17623 : Float(1, 9, 68, 48, strides=[117504, 3264, 48, 1], requires_grad=1, device=cpu) = aten::slice(%17618, %18466, %18475, %18476, %18470), scope: earsr.models.registry.SRModel::/earsr.models.zoo.smfan.SMFAN::net/torch.nn.modules.container.Sequential::feats/earsr.models.zoo.smfan.FMB::feats.6/earsr.models.zoo.smfan.PCFN::pcfn # /root/ThaiLe/new_exprerient/earsr_rt/earsr/models/zoo/smfan.py:51:0
  %17628 : Float(1, 9, 68, 48, strides=[117504, 3264, 48, 1], requires_grad=1, device=cpu) = aten::slice(%17623, %18467, %18475, %18476, %18470), scope: earsr.models.registry.SRModel::/earsr.models.zoo.smfan.SMFAN::net/torch.nn.modules.container.Sequential::feats/earsr.models.zoo.smfan.FMB::feats.6/earsr.models.zoo.smfan.PCFN::pcfn # /root/ThaiLe/new_exprerient/earsr_rt/earsr/models/zoo/smfan.py:51:0
  %18446 : Tensor?[] = prim::ListConstruct()
  %18447 : Float(1, 9, 68, 48, strides=[29376, 3264, 48, 1], requires_grad=1, device=cpu) = aten::expand_as(%17608, %17628), scope: earsr.models.registry.SRModel::/earsr.models.zoo.smfan.SMFAN::net/torch.nn.modules.container.Sequential::feats/earsr.models.zoo.smfan.FMB::feats.6/earsr.models.zoo.smfan.PCFN::pcfn # /root/ThaiLe/new_exprerient/earsr_rt/earsr/models/zoo/smfan.py:51:0
  %18484 : Bool(device=cpu) = prim::Constant[value={0}]()
  %18450 : Tensor = onnx::Placeholder[name="index_put_"](%input.155), scope: earsr.models.registry.SRModel::/earsr.models.zoo.smfan.SMFAN::net/torch.nn.modules.container.Sequential::feats/earsr.models.zoo.smfan.FMB::feats.6/earsr.models.zoo.smfan.PCFN::pcfn # /root/ThaiLe/new_exprerient/earsr_rt/earsr/models/zoo/smfan.py:51:0
    block0():
      %18451 : Float(1, 36, 68, 48, strides=[117504, 3264, 48, 1], requires_grad=1, device=cpu) = aten::slice(%input.155, %18475, %18475, %18476, %18470), scope: earsr.models.registry.SRModel::/earsr.models.zoo.smfan.SMFAN::net/torch.nn.modules.container.Sequential::feats/earsr.models.zoo.smfan.FMB::feats.6/earsr.models.zoo.smfan.PCFN::pcfn # /root/ThaiLe/new_exprerient/earsr_rt/earsr/models/zoo/smfan.py:51:0
      %18452 : Float(1, 9, 68, 48, strides=[117504, 3264, 48, 1], requires_grad=1, device=cpu) = aten::slice(%18451, %18470, %18475, %18477, %18470), scope: earsr.models.registry.SRModel::/earsr.models.zoo.smfan.SMFAN::net/torch.nn.modules.container.Sequential::feats/earsr.models.zoo.smfan.FMB::feats.6/earsr.models.zoo.smfan.PCFN::pcfn # /root/ThaiLe/new_exprerient/earsr_rt/earsr/models/zoo/smfan.py:51:0
      %18453 : Float(1, 9, 68, 48, strides=[117504, 3264, 48, 1], requires_grad=1, device=cpu) = aten::slice(%18452, %18466, %18475, %18476, %18470), scope: earsr.models.registry.SRModel::/earsr.models.zoo.smfan.SMFAN::net/torch.nn.modules.container.Sequential::feats/earsr.models.zoo.smfan.FMB::feats.6/earsr.models.zoo.smfan.PCFN::pcfn # /root/ThaiLe/new_exprerient/earsr_rt/earsr/models/zoo/smfan.py:51:0
      %18454 : Float(1, 9, 68, 48, strides=[117504, 3264, 48, 1], requires_grad=1, device=cpu) = aten::slice(%18453, %18467, %18475, %18476, %18470), scope: earsr.models.registry.SRModel::/earsr.models.zoo.smfan.SMFAN::net/torch.nn.modules.container.Sequential::feats/earsr.models.zoo.smfan.FMB::feats.6/earsr.models.zoo.smfan.PCFN::pcfn # /root/ThaiLe/new_exprerient/earsr_rt/earsr/models/zoo/smfan.py:51:0
      %18455 : Float(1, 9, 68, 48, strides=[117504, 3264, 48, 1], requires_grad=1, device=cpu) = aten::index_put_(%18454, %18446, %18447, %18484), scope: earsr.models.registry.SRModel::/earsr.models.zoo.smfan.SMFAN::net/torch.nn.modules.container.Sequential::feats/earsr.models.zoo.smfan.FMB::feats.6/earsr.models.zoo.smfan.PCFN::pcfn # /root/ThaiLe/new_exprerient/earsr_rt/earsr/models/zoo/smfan.py:51:0
      -> (%18455)
  %17649 : Float(1, 24, 68, 48, strides=[78336, 3264, 48, 1], requires_grad=0, device=cpu) = aten::_convolution(%18450, %net.feats.6.pcfn.conv_2.weight, %net.feats.6.pcfn.conv_2.bias, %18010, %18013, %18010, %18469, %18013, %18470, %18469, %18469, %18471, %18471), scope: earsr.models.registry.SRModel::/earsr.models.zoo.smfan.SMFAN::net/torch.nn.modules.container.Sequential::feats/earsr.models.zoo.smfan.FMB::feats.6/earsr.models.zoo.smfan.PCFN::pcfn/torch.nn.modules.conv.Conv2d::conv_2 # /root/ThaiLe/venv/lib/python3.12/site-packages/torch/nn/modules/conv.py:548:0
  %x.29 : Float(1, 24, 68, 48, strides=[78336, 3264, 48, 1], requires_grad=1, device=cpu) = aten::add(%17649, %x.27, %18470), scope: earsr.models.registry.SRModel::/earsr.models.zoo.smfan.SMFAN::net/torch.nn.modules.container.Sequential::feats/earsr.models.zoo.smfan.FMB::feats.6 # /root/ThaiLe/new_exprerient/earsr_rt/earsr/models/zoo/smfan.py:90:0
  %17657 : Float(1, 1, 68, 48, strides=[3264, 3264, 48, 1], requires_grad=1, device=cpu) = aten::linalg_vector_norm(%x.29, %18472, %18014, %18471, %15406), scope: earsr.models.registry.SRModel::/earsr.models.zoo.smfan.SMFAN::net/torch.nn.modules.container.Sequential::feats/earsr.models.zoo.smfan.FMB::feats.7 # /root/ThaiLe/venv/lib/python3.12/site-packages/torch/functional.py:1839:0
  %17659 : Float(1, 1, 68, 48, strides=[3264, 3264, 48, 1], requires_grad=1, device=cpu) = aten::clamp_min(%17657, %18473), scope: earsr.models.registry.SRModel::/earsr.models.zoo.smfan.SMFAN::net/torch.nn.modules.container.Sequential::feats/earsr.models.zoo.smfan.FMB::feats.7 # /root/ThaiLe/venv/lib/python3.12/site-packages/torch/nn/functional.py:5707:0
  %17660 : Float(1, 24, 68, 48, strides=[3264, 0, 48, 1], requires_grad=1, device=cpu) = aten::expand_as(%17659, %x.29), scope: earsr.models.registry.SRModel::/earsr.models.zoo.smfan.SMFAN::net/torch.nn.modules.container.Sequential::feats/earsr.models.zoo.smfan.FMB::feats.7 # /root/ThaiLe/venv/lib/python3.12/site-packages/torch/nn/functional.py:5707:0
  %input.157 : Float(1, 24, 68, 48, strides=[78336, 3264, 48, 1], requires_grad=1, device=cpu) = aten::div(%x.29, %17660), scope: earsr.models.registry.SRModel::/earsr.models.zoo.smfan.SMFAN::net/torch.nn.modules.container.Sequential::feats/earsr.models.zoo.smfan.FMB::feats.7 # /root/ThaiLe/venv/lib/python3.12/site-packages/torch/nn/functional.py:5708:0
  %17669 : Long(device=cpu) = aten::size(%input.157, %18466), scope: earsr.models.registry.SRModel::/earsr.models.zoo.smfan.SMFAN::net/torch.nn.modules.container.Sequential::feats/earsr.models.zoo.smfan.FMB::feats.7/earsr.models.zoo.smfan.SMFA::smfa # /root/ThaiLe/new_exprerient/earsr_rt/earsr/models/zoo/smfan.py:71:0
  %17673 : Long(device=cpu) = aten::size(%input.157, %18467), scope: earsr.models.registry.SRModel::/earsr.models.zoo.smfan.SMFAN::net/torch.nn.modules.container.Sequential::feats/earsr.models.zoo.smfan.FMB::feats.7/earsr.models.zoo.smfan.SMFA::smfa # /root/ThaiLe/new_exprerient/earsr_rt/earsr/models/zoo/smfan.py:71:0
  %17694 : Float(1, 48, 68, 48, strides=[156672, 3264, 48, 1], requires_grad=0, device=cpu) = aten::_convolution(%input.157, %net.feats.7.smfa.linear_0.weight, %net.feats.7.smfa.linear_0.bias, %18010, %18013, %18010, %18469, %18013, %18470, %18469, %18469, %18471, %18471), scope: earsr.models.registry.SRModel::/earsr.models.zoo.smfan.SMFAN::net/torch.nn.modules.container.Sequential::feats/earsr.models.zoo.smfan.FMB::feats.7/earsr.models.zoo.smfan.SMFA::smfa/torch.nn.modules.conv.Conv2d::linear_0 # /root/ThaiLe/venv/lib/python3.12/site-packages/torch/nn/modules/conv.py:548:0
  %18378 : Float(1, 24, 68, 48, strides=[156672, 3264, 48, 1], requires_grad=1, device=cpu), %18379 : Float(1, 24, 68, 48, strides=[156672, 3264, 48, 1], requires_grad=1, device=cpu) = prim::ConstantChunk[chunks=2, dim=1](%17694), scope: earsr.models.registry.SRModel::/earsr.models.zoo.smfan.SMFAN::net/torch.nn.modules.container.Sequential::feats/earsr.models.zoo.smfan.FMB::feats.7/earsr.models.zoo.smfan.SMFA::smfa # /root/ThaiLe/new_exprerient/earsr_rt/earsr/models/zoo/smfan.py:72:0
  %17701 : Long(requires_grad=0, device=cpu) = aten::floor_divide(%17669, %15474), scope: earsr.models.registry.SRModel::/earsr.models.zoo.smfan.SMFAN::net/torch.nn.modules.container.Sequential::feats/earsr.models.zoo.smfan.FMB::feats.7/earsr.models.zoo.smfan.SMFA::smfa # /root/ThaiLe/venv/lib/python3.12/site-packages/torch/_tensor.py:1161:0
  %17704 : Long(requires_grad=0, device=cpu) = aten::floor_divide(%17673, %15474), scope: earsr.models.registry.SRModel::/earsr.models.zoo.smfan.SMFAN::net/torch.nn.modules.container.Sequential::feats/earsr.models.zoo.smfan.FMB::feats.7/earsr.models.zoo.smfan.SMFA::smfa # /root/ThaiLe/venv/lib/python3.12/site-packages/torch/_tensor.py:1161:0
  %17718 : int[] = prim::ListConstruct(%17701, %17704), scope: earsr.models.registry.SRModel::/earsr.models.zoo.smfan.SMFAN::net/torch.nn.modules.container.Sequential::feats/earsr.models.zoo.smfan.FMB::feats.7/earsr.models.zoo.smfan.SMFA::smfa
  %input.161 : Float(1, 24, 8, 6, strides=[1152, 48, 6, 1], requires_grad=1, device=cpu), %17720 : Long(1, 24, 8, 6, strides=[1152, 48, 6, 1], requires_grad=0, device=cpu) = aten::adaptive_max_pool2d(%18379, %17718), scope: earsr.models.registry.SRModel::/earsr.models.zoo.smfan.SMFAN::net/torch.nn.modules.container.Sequential::feats/earsr.models.zoo.smfan.FMB::feats.7/earsr.models.zoo.smfan.SMFA::smfa # /root/ThaiLe/venv/lib/python3.12/site-packages/torch/nn/functional.py:1282:0
  %17739 : Float(1, 24, 8, 6, strides=[1152, 48, 6, 1], requires_grad=0, device=cpu) = aten::_convolution(%input.161, %net.feats.7.smfa.dw_conv.weight, %net.feats.7.smfa.dw_conv.bias, %18010, %18010, %18010, %18469, %18013, %18474, %18469, %18469, %18471, %18471), scope: earsr.models.registry.SRModel::/earsr.models.zoo.smfan.SMFAN::net/torch.nn.modules.container.Sequential::feats/earsr.models.zoo.smfan.FMB::feats.7/earsr.models.zoo.smfan.SMFA::smfa/torch.nn.modules.conv.Conv2d::dw_conv # /root/ThaiLe/venv/lib/python3.12/site-packages/torch/nn/modules/conv.py:548:0
  %17745 : Float(1, 24, 1, 1, strides=[24, 1, 1, 1], requires_grad=1, device=cpu) = aten::var(%18379, %18023, %18471, %18471), scope: earsr.models.registry.SRModel::/earsr.models.zoo.smfan.SMFAN::net/torch.nn.modules.container.Sequential::feats/earsr.models.zoo.smfan.FMB::feats.7/earsr.models.zoo.smfan.SMFA::smfa # /root/ThaiLe/new_exprerient/earsr_rt/earsr/models/zoo/smfan.py:74:0
  %input.163 : Float(1, 24, 8, 6, strides=[1152, 48, 6, 1], requires_grad=1, device=cpu) = aten::add(%17739, %17745, %18470), scope: earsr.models.registry.SRModel::/earsr.models.zoo.smfan.SMFAN::net/torch.nn.modules.container.Sequential::feats/earsr.models.zoo.smfan.FMB::feats.7/earsr.models.zoo.smfan.SMFA::smfa # /root/ThaiLe/new_exprerient/earsr_rt/earsr/models/zoo/smfan.py:75:0
  %17766 : Float(1, 24, 8, 6, strides=[1152, 48, 6, 1], requires_grad=0, device=cpu) = aten::_convolution(%input.163, %net.feats.7.smfa.linear_1.weight, %net.feats.7.smfa.linear_1.bias, %18010, %18013, %18010, %18469, %18013, %18470, %18469, %18469, %18471, %18471), scope: earsr.models.registry.SRModel::/earsr.models.zoo.smfan.SMFAN::net/torch.nn.modules.container.Sequential::feats/earsr.models.zoo.smfan.FMB::feats.7/earsr.models.zoo.smfan.SMFA::smfa/torch.nn.modules.conv.Conv2d::linear_1 # /root/ThaiLe/venv/lib/python3.12/site-packages/torch/nn/modules/conv.py:548:0
  %17768 : Float(1, 24, 8, 6, strides=[1152, 48, 6, 1], requires_grad=1, device=cpu) = aten::gelu(%17766, %15541), scope: earsr.models.registry.SRModel::/earsr.models.zoo.smfan.SMFAN::net/torch.nn.modules.container.Sequential::feats/earsr.models.zoo.smfan.FMB::feats.7/earsr.models.zoo.smfan.SMFA::smfa/torch.nn.modules.activation.GELU::gelu # /root/ThaiLe/venv/lib/python3.12/site-packages/torch/nn/modules/activation.py:816:0
  %17769 : int[] = prim::ListConstruct(%17669, %17673), scope: earsr.models.registry.SRModel::/earsr.models.zoo.smfan.SMFAN::net/torch.nn.modules.container.Sequential::feats/earsr.models.zoo.smfan.FMB::feats.7/earsr.models.zoo.smfan.SMFA::smfa
  %17771 : Float(1, 24, 68, 48, strides=[78336, 3264, 48, 1], requires_grad=1, device=cpu) = aten::upsample_nearest2d(%17768, %17769, %15406), scope: earsr.models.registry.SRModel::/earsr.models.zoo.smfan.SMFAN::net/torch.nn.modules.container.Sequential::feats/earsr.models.zoo.smfan.FMB::feats.7/earsr.models.zoo.smfan.SMFA::smfa # /root/ThaiLe/venv/lib/python3.12/site-packages/torch/nn/functional.py:4817:0
  %17772 : Float(1, 24, 68, 48, strides=[78336, 3264, 48, 1], requires_grad=1, device=cpu) = aten::mul(%18379, %17771), scope: earsr.models.registry.SRModel::/earsr.models.zoo.smfan.SMFAN::net/torch.nn.modules.container.Sequential::feats/earsr.models.zoo.smfan.FMB::feats.7/earsr.models.zoo.smfan.SMFA::smfa # /root/ThaiLe/new_exprerient/earsr_rt/earsr/models/zoo/smfan.py:75:0
  %input.167 : Float(1, 48, 68, 48, strides=[156672, 3264, 48, 1], requires_grad=0, device=cpu) = aten::_convolution(%18378, %net.feats.7.smfa.lde.conv_0.0.weight, %net.feats.7.smfa.lde.conv_0.0.bias, %18010, %18010, %18010, %18469, %18013, %18474, %18469, %18469, %18471, %18471), scope: earsr.models.registry.SRModel::/earsr.models.zoo.smfan.SMFAN::net/torch.nn.modules.container.Sequential::feats/earsr.models.zoo.smfan.FMB::feats.7/earsr.models.zoo.smfan.SMFA::smfa/earsr.models.zoo.smfan.DMlp::lde/torch.nn.modules.container.Sequential::conv_0/torch.nn.modules.conv.Conv2d::conv_0.0 # /root/ThaiLe/venv/lib/python3.12/site-packages/torch/nn/modules/conv.py:548:0
  %17810 : Float(1, 48, 68, 48, strides=[156672, 3264, 48, 1], requires_grad=0, device=cpu) = aten::_convolution(%input.167, %net.feats.7.smfa.lde.conv_0.1.weight, %net.feats.7.smfa.lde.conv_0.1.bias, %18010, %18013, %18010, %18469, %18013, %18470, %18469, %18469, %18471, %18471), scope: earsr.models.registry.SRModel::/earsr.models.zoo.smfan.SMFAN::net/torch.nn.modules.container.Sequential::feats/earsr.models.zoo.smfan.FMB::feats.7/earsr.models.zoo.smfan.SMFA::smfa/earsr.models.zoo.smfan.DMlp::lde/torch.nn.modules.container.Sequential::conv_0/torch.nn.modules.conv.Conv2d::conv_0.1 # /root/ThaiLe/venv/lib/python3.12/site-packages/torch/nn/modules/conv.py:548:0
  %input.169 : Float(1, 48, 68, 48, strides=[156672, 3264, 48, 1], requires_grad=1, device=cpu) = aten::gelu(%17810, %15541), scope: earsr.models.registry.SRModel::/earsr.models.zoo.smfan.SMFAN::net/torch.nn.modules.container.Sequential::feats/earsr.models.zoo.smfan.FMB::feats.7/earsr.models.zoo.smfan.SMFA::smfa/earsr.models.zoo.smfan.DMlp::lde/torch.nn.modules.activation.GELU::act # /root/ThaiLe/venv/lib/python3.12/site-packages/torch/nn/modules/activation.py:816:0
  %17831 : Float(1, 24, 68, 48, strides=[78336, 3264, 48, 1], requires_grad=0, device=cpu) = aten::_convolution(%input.169, %net.feats.7.smfa.lde.conv_1.weight, %net.feats.7.smfa.lde.conv_1.bias, %18010, %18013, %18010, %18469, %18013, %18470, %18469, %18469, %18471, %18471), scope: earsr.models.registry.SRModel::/earsr.models.zoo.smfan.SMFAN::net/torch.nn.modules.container.Sequential::feats/earsr.models.zoo.smfan.FMB::feats.7/earsr.models.zoo.smfan.SMFA::smfa/earsr.models.zoo.smfan.DMlp::lde/torch.nn.modules.conv.Conv2d::conv_1 # /root/ThaiLe/venv/lib/python3.12/site-packages/torch/nn/modules/conv.py:548:0
  %input.171 : Float(1, 24, 68, 48, strides=[78336, 3264, 48, 1], requires_grad=1, device=cpu) = aten::add(%17772, %17831, %18470), scope: earsr.models.registry.SRModel::/earsr.models.zoo.smfan.SMFAN::net/torch.nn.modules.container.Sequential::feats/earsr.models.zoo.smfan.FMB::feats.7/earsr.models.zoo.smfan.SMFA::smfa # /root/ThaiLe/new_exprerient/earsr_rt/earsr/models/zoo/smfan.py:77:0
  %17852 : Float(1, 24, 68, 48, strides=[78336, 3264, 48, 1], requires_grad=0, device=cpu) = aten::_convolution(%input.171, %net.feats.7.smfa.linear_2.weight, %net.feats.7.smfa.linear_2.bias, %18010, %18013, %18010, %18469, %18013, %18470, %18469, %18469, %18471, %18471), scope: earsr.models.registry.SRModel::/earsr.models.zoo.smfan.SMFAN::net/torch.nn.modules.container.Sequential::feats/earsr.models.zoo.smfan.FMB::feats.7/earsr.models.zoo.smfan.SMFA::smfa/torch.nn.modules.conv.Conv2d::linear_2 # /root/ThaiLe/venv/lib/python3.12/site-packages/torch/nn/modules/conv.py:548:0
  %x : Float(1, 24, 68, 48, strides=[78336, 3264, 48, 1], requires_grad=1, device=cpu) = aten::add(%17852, %x.29, %18470), scope: earsr.models.registry.SRModel::/earsr.models.zoo.smfan.SMFAN::net/torch.nn.modules.container.Sequential::feats/earsr.models.zoo.smfan.FMB::feats.7 # /root/ThaiLe/new_exprerient/earsr_rt/earsr/models/zoo/smfan.py:89:0
  %17860 : Float(1, 1, 68, 48, strides=[3264, 3264, 48, 1], requires_grad=1, device=cpu) = aten::linalg_vector_norm(%x, %18472, %18014, %18471, %15406), scope: earsr.models.registry.SRModel::/earsr.models.zoo.smfan.SMFAN::net/torch.nn.modules.container.Sequential::feats/earsr.models.zoo.smfan.FMB::feats.7 # /root/ThaiLe/venv/lib/python3.12/site-packages/torch/functional.py:1839:0
  %17862 : Float(1, 1, 68, 48, strides=[3264, 3264, 48, 1], requires_grad=1, device=cpu) = aten::clamp_min(%17860, %18473), scope: earsr.models.registry.SRModel::/earsr.models.zoo.smfan.SMFAN::net/torch.nn.modules.container.Sequential::feats/earsr.models.zoo.smfan.FMB::feats.7 # /root/ThaiLe/venv/lib/python3.12/site-packages/torch/nn/functional.py:5707:0
  %17863 : Float(1, 24, 68, 48, strides=[3264, 0, 48, 1], requires_grad=1, device=cpu) = aten::expand_as(%17862, %x), scope: earsr.models.registry.SRModel::/earsr.models.zoo.smfan.SMFAN::net/torch.nn.modules.container.Sequential::feats/earsr.models.zoo.smfan.FMB::feats.7 # /root/ThaiLe/venv/lib/python3.12/site-packages/torch/nn/functional.py:5707:0
  %input.173 : Float(1, 24, 68, 48, strides=[78336, 3264, 48, 1], requires_grad=1, device=cpu) = aten::div(%x, %17863), scope: earsr.models.registry.SRModel::/earsr.models.zoo.smfan.SMFAN::net/torch.nn.modules.container.Sequential::feats/earsr.models.zoo.smfan.FMB::feats.7 # /root/ThaiLe/venv/lib/python3.12/site-packages/torch/nn/functional.py:5708:0
  %17883 : Float(1, 36, 68, 48, strides=[117504, 3264, 48, 1], requires_grad=0, device=cpu) = aten::_convolution(%input.173, %net.feats.7.pcfn.conv_0.weight, %net.feats.7.pcfn.conv_0.bias, %18010, %18013, %18010, %18469, %18013, %18470, %18469, %18469, %18471, %18471), scope: earsr.models.registry.SRModel::/earsr.models.zoo.smfan.SMFAN::net/torch.nn.modules.container.Sequential::feats/earsr.models.zoo.smfan.FMB::feats.7/earsr.models.zoo.smfan.PCFN::pcfn/torch.nn.modules.conv.Conv2d::conv_0 # /root/ThaiLe/venv/lib/python3.12/site-packages/torch/nn/modules/conv.py:548:0
  %input.177 : Float(1, 36, 68, 48, strides=[117504, 3264, 48, 1], requires_grad=1, device=cpu) = aten::gelu(%17883, %15541), scope: earsr.models.registry.SRModel::/earsr.models.zoo.smfan.SMFAN::net/torch.nn.modules.container.Sequential::feats/earsr.models.zoo.smfan.FMB::feats.7/earsr.models.zoo.smfan.PCFN::pcfn/torch.nn.modules.activation.GELU::act # /root/ThaiLe/venv/lib/python3.12/site-packages/torch/nn/modules/activation.py:816:0
  %17890 : Float(1, 36, 68, 48, strides=[117504, 3264, 48, 1], requires_grad=1, device=cpu) = aten::slice(%input.177, %18475, %18475, %18476, %18470), scope: earsr.models.registry.SRModel::/earsr.models.zoo.smfan.SMFAN::net/torch.nn.modules.container.Sequential::feats/earsr.models.zoo.smfan.FMB::feats.7/earsr.models.zoo.smfan.PCFN::pcfn # /root/ThaiLe/new_exprerient/earsr_rt/earsr/models/zoo/smfan.py:51:0
  %17895 : Float(1, 9, 68, 48, strides=[117504, 3264, 48, 1], requires_grad=1, device=cpu) = aten::slice(%17890, %18470, %18475, %18477, %18470), scope: earsr.models.registry.SRModel::/earsr.models.zoo.smfan.SMFAN::net/torch.nn.modules.container.Sequential::feats/earsr.models.zoo.smfan.FMB::feats.7/earsr.models.zoo.smfan.PCFN::pcfn # /root/ThaiLe/new_exprerient/earsr_rt/earsr/models/zoo/smfan.py:51:0
  %17900 : Float(1, 9, 68, 48, strides=[117504, 3264, 48, 1], requires_grad=1, device=cpu) = aten::slice(%17895, %18466, %18475, %18476, %18470), scope: earsr.models.registry.SRModel::/earsr.models.zoo.smfan.SMFAN::net/torch.nn.modules.container.Sequential::feats/earsr.models.zoo.smfan.FMB::feats.7/earsr.models.zoo.smfan.PCFN::pcfn # /root/ThaiLe/new_exprerient/earsr_rt/earsr/models/zoo/smfan.py:51:0
  %input.175 : Float(1, 9, 68, 48, strides=[117504, 3264, 48, 1], requires_grad=1, device=cpu) = aten::slice(%17900, %18467, %18475, %18476, %18470), scope: earsr.models.registry.SRModel::/earsr.models.zoo.smfan.SMFAN::net/torch.nn.modules.container.Sequential::feats/earsr.models.zoo.smfan.FMB::feats.7/earsr.models.zoo.smfan.PCFN::pcfn # /root/ThaiLe/new_exprerient/earsr_rt/earsr/models/zoo/smfan.py:51:0
  %17924 : Float(1, 9, 68, 48, strides=[29376, 3264, 48, 1], requires_grad=0, device=cpu) = aten::_convolution(%input.175, %net.feats.7.pcfn.conv_1.weight, %net.feats.7.pcfn.conv_1.bias, %18010, %18010, %18010, %18469, %18013, %18470, %18469, %18469, %18471, %18471), scope: earsr.models.registry.SRModel::/earsr.models.zoo.smfan.SMFAN::net/torch.nn.modules.container.Sequential::feats/earsr.models.zoo.smfan.FMB::feats.7/earsr.models.zoo.smfan.PCFN::pcfn/torch.nn.modules.conv.Conv2d::conv_1 # /root/ThaiLe/venv/lib/python3.12/site-packages/torch/nn/modules/conv.py:548:0
  %17926 : Float(1, 9, 68, 48, strides=[29376, 3264, 48, 1], requires_grad=1, device=cpu) = aten::gelu(%17924, %15541), scope: earsr.models.registry.SRModel::/earsr.models.zoo.smfan.SMFAN::net/torch.nn.modules.container.Sequential::feats/earsr.models.zoo.smfan.FMB::feats.7/earsr.models.zoo.smfan.PCFN::pcfn/torch.nn.modules.activation.GELU::act # /root/ThaiLe/venv/lib/python3.12/site-packages/torch/nn/modules/activation.py:816:0
  %17931 : Float(1, 36, 68, 48, strides=[117504, 3264, 48, 1], requires_grad=1, device=cpu) = aten::slice(%input.177, %18475, %18475, %18476, %18470), scope: earsr.models.registry.SRModel::/earsr.models.zoo.smfan.SMFAN::net/torch.nn.modules.container.Sequential::feats/earsr.models.zoo.smfan.FMB::feats.7/earsr.models.zoo.smfan.PCFN::pcfn # /root/ThaiLe/new_exprerient/earsr_rt/earsr/models/zoo/smfan.py:51:0
  %17936 : Float(1, 9, 68, 48, strides=[117504, 3264, 48, 1], requires_grad=1, device=cpu) = aten::slice(%17931, %18470, %18475, %18477, %18470), scope: earsr.models.registry.SRModel::/earsr.models.zoo.smfan.SMFAN::net/torch.nn.modules.container.Sequential::feats/earsr.models.zoo.smfan.FMB::feats.7/earsr.models.zoo.smfan.PCFN::pcfn # /root/ThaiLe/new_exprerient/earsr_rt/earsr/models/zoo/smfan.py:51:0
  %17941 : Float(1, 9, 68, 48, strides=[117504, 3264, 48, 1], requires_grad=1, device=cpu) = aten::slice(%17936, %18466, %18475, %18476, %18470), scope: earsr.models.registry.SRModel::/earsr.models.zoo.smfan.SMFAN::net/torch.nn.modules.container.Sequential::feats/earsr.models.zoo.smfan.FMB::feats.7/earsr.models.zoo.smfan.PCFN::pcfn # /root/ThaiLe/new_exprerient/earsr_rt/earsr/models/zoo/smfan.py:51:0
  %17946 : Float(1, 9, 68, 48, strides=[117504, 3264, 48, 1], requires_grad=1, device=cpu) = aten::slice(%17941, %18467, %18475, %18476, %18470), scope: earsr.models.registry.SRModel::/earsr.models.zoo.smfan.SMFAN::net/torch.nn.modules.container.Sequential::feats/earsr.models.zoo.smfan.FMB::feats.7/earsr.models.zoo.smfan.PCFN::pcfn # /root/ThaiLe/new_exprerient/earsr_rt/earsr/models/zoo/smfan.py:51:0
  %18456 : Tensor?[] = prim::ListConstruct()
  %18457 : Float(1, 9, 68, 48, strides=[29376, 3264, 48, 1], requires_grad=1, device=cpu) = aten::expand_as(%17926, %17946), scope: earsr.models.registry.SRModel::/earsr.models.zoo.smfan.SMFAN::net/torch.nn.modules.container.Sequential::feats/earsr.models.zoo.smfan.FMB::feats.7/earsr.models.zoo.smfan.PCFN::pcfn # /root/ThaiLe/new_exprerient/earsr_rt/earsr/models/zoo/smfan.py:51:0
  %18485 : Bool(device=cpu) = prim::Constant[value={0}]()
  %18460 : Tensor = onnx::Placeholder[name="index_put_"](%input.177), scope: earsr.models.registry.SRModel::/earsr.models.zoo.smfan.SMFAN::net/torch.nn.modules.container.Sequential::feats/earsr.models.zoo.smfan.FMB::feats.7/earsr.models.zoo.smfan.PCFN::pcfn # /root/ThaiLe/new_exprerient/earsr_rt/earsr/models/zoo/smfan.py:51:0
    block0():
      %18461 : Float(1, 36, 68, 48, strides=[117504, 3264, 48, 1], requires_grad=1, device=cpu) = aten::slice(%input.177, %18475, %18475, %18476, %18470), scope: earsr.models.registry.SRModel::/earsr.models.zoo.smfan.SMFAN::net/torch.nn.modules.container.Sequential::feats/earsr.models.zoo.smfan.FMB::feats.7/earsr.models.zoo.smfan.PCFN::pcfn # /root/ThaiLe/new_exprerient/earsr_rt/earsr/models/zoo/smfan.py:51:0
      %18462 : Float(1, 9, 68, 48, strides=[117504, 3264, 48, 1], requires_grad=1, device=cpu) = aten::slice(%18461, %18470, %18475, %18477, %18470), scope: earsr.models.registry.SRModel::/earsr.models.zoo.smfan.SMFAN::net/torch.nn.modules.container.Sequential::feats/earsr.models.zoo.smfan.FMB::feats.7/earsr.models.zoo.smfan.PCFN::pcfn # /root/ThaiLe/new_exprerient/earsr_rt/earsr/models/zoo/smfan.py:51:0
      %18463 : Float(1, 9, 68, 48, strides=[117504, 3264, 48, 1], requires_grad=1, device=cpu) = aten::slice(%18462, %18466, %18475, %18476, %18470), scope: earsr.models.registry.SRModel::/earsr.models.zoo.smfan.SMFAN::net/torch.nn.modules.container.Sequential::feats/earsr.models.zoo.smfan.FMB::feats.7/earsr.models.zoo.smfan.PCFN::pcfn # /root/ThaiLe/new_exprerient/earsr_rt/earsr/models/zoo/smfan.py:51:0
      %18464 : Float(1, 9, 68, 48, strides=[117504, 3264, 48, 1], requires_grad=1, device=cpu) = aten::slice(%18463, %18467, %18475, %18476, %18470), scope: earsr.models.registry.SRModel::/earsr.models.zoo.smfan.SMFAN::net/torch.nn.modules.container.Sequential::feats/earsr.models.zoo.smfan.FMB::feats.7/earsr.models.zoo.smfan.PCFN::pcfn # /root/ThaiLe/new_exprerient/earsr_rt/earsr/models/zoo/smfan.py:51:0
      %18465 : Float(1, 9, 68, 48, strides=[117504, 3264, 48, 1], requires_grad=1, device=cpu) = aten::index_put_(%18464, %18456, %18457, %18485), scope: earsr.models.registry.SRModel::/earsr.models.zoo.smfan.SMFAN::net/torch.nn.modules.container.Sequential::feats/earsr.models.zoo.smfan.FMB::feats.7/earsr.models.zoo.smfan.PCFN::pcfn # /root/ThaiLe/new_exprerient/earsr_rt/earsr/models/zoo/smfan.py:51:0
      -> (%18465)
  %17967 : Float(1, 24, 68, 48, strides=[78336, 3264, 48, 1], requires_grad=0, device=cpu) = aten::_convolution(%18460, %net.feats.7.pcfn.conv_2.weight, %net.feats.7.pcfn.conv_2.bias, %18010, %18013, %18010, %18469, %18013, %18470, %18469, %18469, %18471, %18471), scope: earsr.models.registry.SRModel::/earsr.models.zoo.smfan.SMFAN::net/torch.nn.modules.container.Sequential::feats/earsr.models.zoo.smfan.FMB::feats.7/earsr.models.zoo.smfan.PCFN::pcfn/torch.nn.modules.conv.Conv2d::conv_2 # /root/ThaiLe/venv/lib/python3.12/site-packages/torch/nn/modules/conv.py:548:0
  %17969 : Float(1, 24, 68, 48, strides=[78336, 3264, 48, 1], requires_grad=1, device=cpu) = aten::add(%17967, %x, %18470), scope: earsr.models.registry.SRModel::/earsr.models.zoo.smfan.SMFAN::net/torch.nn.modules.container.Sequential::feats/earsr.models.zoo.smfan./root/ThaiLe/venv/lib/python3.12/site-packages/torch/functional.py:505: UserWarning: torch.meshgrid: in an upcoming release, it will be required to pass the indexing argument. (Triggered internally at /pytorch/aten/src/ATen/native/TensorShape.cpp:4381.)
  return _VF.meshgrid(tensors, **kwargs)  # type: ignore[attr-defined]
/root/ThaiLe/new_exprerient/earsr_rt/earsr/models/registry.py:52: TracerWarning: Converting a tensor to a Python boolean might cause the trace to be incorrect. We can't record the data flow of Python values, so this value will be treated as a constant in the future. This means that the trace might not generalize to other inputs!
  if ph or pw:
/root/ThaiLe/new_exprerient/earsr_rt/earsr/models/zoo/swinir.py:263: TracerWarning: Converting a tensor to a Python boolean might cause the trace to be incorrect. We can't record the data flow of Python values, so this value will be treated as a constant in the future. This means that the trace might not generalize to other inputs!
  if self.input_resolution == x_size:
/root/ThaiLe/new_exprerient/earsr_rt/earsr/models/zoo/swinir.py:63: TracerWarning: Converting a tensor to a Python integer might cause the trace to be incorrect. We can't record the data flow of Python values, so this value will be treated as a constant in the future. This means that the trace might not generalize to other inputs!
  B = int(windows.shape[0] / (H * W / window_size / window_size))
/root/ThaiLe/venv/lib/python3.12/site-packages/torch/onnx/_internal/torchscript_exporter/jit_utils.py:308: UserWarning: Constant folding - Only steps=1 can be constant folded for opset >= 10 onnx::Slice op. Constant folding not applied. (Triggered internally at /pytorch/torch/csrc/jit/passes/onnx/constant_fold.cpp:178.)
  _C._jit_pass_onnx_node_shape_type_inference(node, params_dict, opset_version)
/root/ThaiLe/venv/lib/python3.12/site-packages/torch/onnx/_internal/torchscript_exporter/utils.py:714: UserWarning: Constant folding - Only steps=1 can be constant folded for opset >= 10 onnx::Slice op. Constant folding not applied. (Triggered internally at /pytorch/torch/csrc/jit/passes/onnx/constant_fold.cpp:178.)
  _C._jit_pass_onnx_graph_shape_type_inference(
/root/ThaiLe/venv/lib/python3.12/site-packages/torch/onnx/_internal/torchscript_exporter/utils.py:1187: UserWarning: Constant folding - Only steps=1 can be constant folded for opset >= 10 onnx::Slice op. Constant folding not applied. (Triggered internally at /pytorch/torch/csrc/jit/passes/onnx/constant_fold.cpp:178.)
  _C._jit_pass_onnx_graph_shape_type_inference(
span_ch48: lệch ONNX so với PyTorch 2.384185791015625e-06
span_ch48_t44: lệch ONNX so với PyTorch 2.205371856689453e-06
span_ch28: lệch ONNX so với PyTorch 1.3113021850585938e-06
span_ch26: lệch ONNX so với PyTorch 1.9073486328125e-06
rlfn: lệch ONNX so với PyTorch 1.2516975402832031e-06
efdn: lệch ONNX so với PyTorch 1.6093254089355469e-06
KHÔNG xuất được safmnpp: Unsupported: ONNX export of operator adaptive_max_pool2d, output size that are not factor of input size. Please feel free to request support or submit a pull request on PyTorch GitHub: https://github.com/pytorch/pytorch/issues  [Caused by the value '83 defined in (%83 : int[] = prim::ListConstruct(%78, %82), scope: earsr.models.registry.SRModel::/earsr.models.zoo.safmnpp.SAFMNPP::net/torch.nn.modules.container.Sequential::feats/earsr.models.zoo.safmnpp.AttBlock::feats.0/earsr.models.zoo.safmnpp.SimpleSAFM::conv1
)' (type 'List[int]') in the TorchScript graph. The containing node has kind 'prim::ListConstruct'.] 

    Inputs:
        #0: 78 defined in (%78 : Long(requires_grad=0, device=cpu) = onnx::Constant[value={8}](), scope: earsr.models.registry.SRModel::/earsr.models.zoo.safmnpp.SAFMNPP::net/torch.nn.modules.container.Sequential::feats/earsr.models.zoo.safmnpp.AttBlock::feats.0/earsr.models.zoo.safmnpp.SimpleSAFM::conv1 # /root/ThaiLe/venv/lib/python3.12/site-packages/torch/_tensor.py:1161:0
    )  (type 'Tensor')
        #1: 82 defined in (%82 : Long(requires_grad=0, device=cpu) = onnx::Constant[value={6}](), scope: earsr.models.registry.SRModel::/earsr.models.zoo.safmnpp.SAFMNPP::net/torch.nn.modules.container.Sequential::feats/earsr.models.zoo.safmnpp.AttBlock::feats.0/earsr.models.zoo.safmnpp.SimpleSAFM::conv1 # /root/ThaiLe/venv/lib/python3.12/site-packages/torch/_tensor.py:1161:0
    )  (type 'Tensor')
    Outputs:
        #0: 83 defined in (%83 : int[] = prim::ListConstruct(%78, %82), scope: earsr.models.registry.SRModel::/earsr.models.zoo.safmnpp.SAFMNPP::net/torch.nn.modules.container.Sequential::feats/earsr.models.zoo.safmnpp.AttBlock::feats.0/earsr.models.zoo.safmnpp.SimpleSAFM::conv1
    )  (type 'List[int]')
KHÔNG xuất được smfan: Unsupported: ONNX export of operator adaptive_max_pool2d, output size that are not factor of input size. Please feel free to request support or submit a pull request on PyTorch GitHub: https://github.com/pytorch/pytorch/issues  [Caused by the value '228 defined in (%228 : int[] = prim::ListConstruct(%223, %227), scope: earsr.models.registry.SRModel::/earsr.models.zoo.smfan.SMFAN::net/torch.nn.modules.container.Sequential::feats/earsr.models.zoo.smfan.FMB::feats.0/earsr.models.zoo.smfan.SMFA::smfa
)' (type 'List[int]') in the TorchScript graph. The containing node has kind 'prim::ListConstruct'.] 

    Inputs:
        #0: 223 defined in (%223 : Long(requires_grad=0, device=cpu) = onnx::Constant[value={8}](), scope: earsr.models.registry.SRModel::/earsr.models.zoo.smfan.SMFAN::net/torch.nn.modules.container.Sequential::feats/earsr.models.zoo.smfan.FMB::feats.0/earsr.models.zoo.smfan.SMFA::smfa # /root/ThaiLe/venv/lib/python3.12/site-packages/torch/_tensor.py:1161:0
    )  (type 'Tensor')
        #1: 227 defined in (%227 : Long(requires_grad=0, device=cpu) = onnx::Constant[value={6}](), scope: earsr.models.registry.SRModel::/earsr.models.zoo.smfan.SMFAN::net/torch.nn.modules.container.Sequential::feats/earsr.models.zoo.smfan.FMB::feats.0/earsr.models.zoo.smfan.SMFA::smfa # /root/ThaiLe/venv/lib/python3.12/site-packages/torch/_tensor.py:1161:0
    )  (type 'Tensor')
    Outputs:
        #0: 228 defined in (%228 : int[] = prim::ListConstruct(%223, %227), scope: earsr.models.registry.SRModel::/earsr.models.zoo.smfan.SMFAN::net/torch.nn.modules.container.Sequential::feats/earsr.models.zoo.smfan.FMB::feats.0/earsr.models.zoo.smfan.SMFA::smfa
    )  (type 'List[int]')
msrresnet: lệch ONNX so với PyTorch 2.384185791015625e-07
edsr_baseline: lệch ONNX so với PyTorch 9.5367431640625e-07
swinir_light: lệch ONNX so với PyTorch 9.5367431640625e-07
rrdb_psnr: lệch ONNX so với PyTorch 2.1457672119140625e-06
esrgan: lệch ONNX so với PyTorch 2.6226043701171875e-06
bsrgan: lệch ONNX so với PyTorch 4.32133674621582e-05
realesrgan: lệch ONNX so với PyTorch 1.4126300811767578e-05
realesr_compact: lệch ONNX so với PyTorch 2.2798776626586914e-06
swinir_light_x2: lệch ONNX so với PyTorch 1.1920928955078125e-06
realesrgan_x2: lệch ONNX so với PyTorch 6.80088996887207e-05
span26: lệch ONNX so với PyTorch 1.3113021850585938e-06
pds26: lệch ONNX so với PyTorch 1.0654330253601074e-06
pkdsr26: lệch ONNX so với PyTorch 1.0728836059570312e-06
dscf26: lệch ONNX so với PyTorch 2.1457672119140625e-06
disp26: lệch ONNX so với PyTorch 2.5033950805664062e-06
errn26: lệch ONNX so với PyTorch 1.9073486328125e-06
spanvar_zero: toán tử ['Add', 'Concat', 'Constant', 'Conv', 'DepthToSpace', 'Mul', 'Sigmoid', 'Sub']
spanvar_replicate: toán tử ['Add', 'Cast', 'Concat', 'Constant', 'ConstantOfShape', 'Conv', 'DepthToSpace', 'Mul', 'Pad', 'Reshape', 'Sigmoid', 'Slice', 'Sub', 'Transpose']
spanvar_reflect: toán tử ['Add', 'Cast', 'Concat', 'Constant', 'ConstantOfShape', 'Conv', 'DepthToSpace', 'Mul', 'Pad', 'Reshape', 'Sigmoid', 'Slice', 'Sub', 'Transpose']
spanvar_zero-wide: toán tử ['Add', 'Concat', 'Constant', 'Conv', 'DepthToSpace', 'Mul', 'Sigmoid', 'Sub']
spanvar_zero-deep: toán tử ['Add', 'Concat', 'Constant', 'Conv', 'DepthToSpace', 'Mul', 'Sigmoid', 'Sub']
đã ghi 29 mục vào deploy_jetson/onnx/index.json
FMB::feats.7 # /root/ThaiLe/new_exprerient/earsr_rt/earsr/models/zoo/smfan.py:90:0
  %input : Float(1, 24, 68, 48, strides=[78336, 3264, 48, 1], requires_grad=1, device=cpu) = aten::add(%17969, %x.1, %18470), scope: earsr.models.registry.SRModel::/earsr.models.zoo.smfan.SMFAN::net # /root/ThaiLe/new_exprerient/earsr_rt/earsr/models/zoo/smfan.py:109:0
  %17991 : Float(1, 48, 68, 48, strides=[156672, 3264, 48, 1], requires_grad=0, device=cpu) = aten::_convolution(%input, %net.to_img.0.weight, %15406, %18010, %18010, %18010, %18469, %18013, %18470, %18469, %18469, %18471, %18471), scope: earsr.models.registry.SRModel::/earsr.models.zoo.smfan.SMFAN::net/torch.nn.modules.container.Sequential::to_img/torch.nn.modules.conv.Conv2d::to_img.0 # /root/ThaiLe/venv/lib/python3.12/site-packages/torch/nn/modules/conv.py:548:0
  %18486 : Long(device=cpu) = prim::Constant[value={4}](), scope: earsr.models.registry.SRModel::/earsr.models.zoo.smfan.SMFAN::net/torch.nn.modules.container.Sequential::to_img/torch.nn.modules.pixelshuffle.PixelShuffle::to_img.1
  %17993 : Float(1, 3, 272, 192, strides=[156672, 52224, 192, 1], requires_grad=1, device=cpu) = aten::pixel_shuffle(%17991, %18486), scope: earsr.models.registry.SRModel::/earsr.models.zoo.smfan.SMFAN::net/torch.nn.modules.container.Sequential::to_img/torch.nn.modules.pixelshuffle.PixelShuffle::to_img.1 # /root/ThaiLe/venv/lib/python3.12/site-packages/torch/nn/modules/pixelshuffle.py:62:0
  %18487 : Double(device=cpu) = prim::Constant[value={1}]()
  %18381 : Float(1, 3, 272, 192, strides=[156672, 52224, 192, 1], requires_grad=1, device=cpu) = aten::div(%17993, %18487), scope: earsr.models.registry.SRModel:: # /root/ThaiLe/new_exprerient/earsr_rt/earsr/models/registry.py:56:0
  %18488 : Long(device=cpu) = prim::Constant[value={4}]()
  %18383 : Long(requires_grad=0, device=cpu) = aten::mul(%15399, %18488), scope: earsr.models.registry.SRModel:: # /root/ThaiLe/new_exprerient/earsr_rt/earsr/models/registry.py:57:0
  %18489 : Long(device=cpu) = prim::Constant[value={4}]()
  %18385 : Long(requires_grad=0, device=cpu) = aten::mul(%15402, %18489), scope: earsr.models.registry.SRModel:: # /root/ThaiLe/new_exprerient/earsr_rt/earsr/models/registry.py:57:0
  %18005 : Float(1, 3, 272, 192, strides=[156672, 52224, 192, 1], requires_grad=1, device=cpu) = aten::slice(%18381, %18466, %18475, %18383, %18470), scope: earsr.models.registry.SRModel:: # /root/ThaiLe/new_exprerient/earsr_rt/earsr/models/registry.py:57:0
  %18009 : Float(1, 3, 272, 192, strides=[156672, 52224, 192, 1], requires_grad=1, device=cpu) = aten::slice(%18005, %18467, %18475, %18385, %18470), scope: earsr.models.registry.SRModel:: # /root/ThaiLe/new_exprerient/earsr_rt/earsr/models/registry.py:57:0
  return (%18009)

Xong giai đoạn 1. Chép deploy_jetson sang thiết bị để đo T3.
