model,dataset,config,subject,key,cond,mse_y,psnr_y,mse_ring0,mse_ring1,mse_ring2,mse_ring3,mse_ring4,mse_ring5
dscf26,generic,wide,0801,0801,m0,118.94481473578512,27.377348466570485,219.66130370679068,152.8849940243161,148.98835583817996,145.25410784316608,102.42037996802274,86.43101592106065
dscf26,generic,wide,0801,0801,m4,116.34801573990586,27.473213798679197,200.4804055621166,146.6584601863357,148.67499402471773,143.14796098934255,102.09027866685521,86.4650936719648
dscf26,generic,wide,0801,0801,m8,116.28808468715069,27.47545143299599,200.78114042227912,146.05633360456264,148.35691353777236,143.1178095416955,102.07047239140442,86.46474372387107
dscf26,generic,wide,0801,0801,m16,116.29697363129738,27.475119475352393,200.8855790268656,146.0392869555977,148.35685785842725,143.11871322801903,102.0728607489875,86.46474372387107
dscf26,generic,wide,0801,0801,m24,116.29697363129738,27.475119475352393,200.8855790268656,146.0392869555977,148.35685785842725,143.11871322801903,102.0728607489875,86.46474372387107
dscf26,generic,wide,0801,0801,rep16,141.36986522826035,26.62723516893942,348.472961450551,248.35432139340514,167.60905210782124,150.59656127649652,102.69071494351363,86.46608106322411
dscf26,generic,wide,0801,0801,ref16,133.6524156964087,26.8710354806238,359.1617545949137,171.44344488095416,151.3985454581725,143.57679318614618,102.67871139040432,86.46691502893823
dscf26,generic,wide,0802,0802,m0,41.66076590998528,31.93353110920547,55.436285043027524,45.902522121123546,45.89178199708972,39.64476405979238,35.47760048820454,41.27515506208527
dscf26,generic,wide,0802,0802,m4,38.83902147671626,32.23812081254391,35.781006122780376,39.196333040197196,43.14995115819226,38.42163902639705,35.18009529490165,41.272066618600626
dscf26,generic,wide,0802,0802,m8,38.80885835797435,32.24149493601345,35.27612184126185,39.26084779963058,43.24054219241557,38.46279855861591,35.18136229139616,41.271210295189505
dscf26,generic,wide,0802,0802,m16,38.80473354930851,32.241956551459964,35.29447096850865,39.22535813535541,43.21663008599845,38.45415588022491,35.181364515014124,41.271210295189505
dscf26,generic,wide,0802,0802,m24,38.80502813003476,32.241923582724816,35.29447096850865,39.22535813535541,43.21663008599845,38.457860333741344,35.181364515014124,41.271210295189505
dscf26,generic,wide,0802,0802,rep16,45.831706853705704,31.519143294284394,88.83864510287349,57.225450572928196,47.451750411758745,40.790320696669546,34.97903425604798,41.259330675611466
dscf26,generic,wide,0802,0802,ref16,47.028569838788,31.40718589023099,113.89092847462462,47.870247047193224,44.58197783854418,39.53052203346885,35.13198612608406,41.26344935730668
dscf26,generic,wide,0803,0803,m0,124.65020928494741,27.173873488566656,182.89143384897844,130.9480062829077,121.82010730902637,128.64627224555792,116.00171001535166,115.06449907689613
dscf26,generic,wide,0803,0803,m4,115.19189226897201,27.516584483324564,111.89028565023173,109.18667127028004,115.89760307901679,126.40380721502162,114.93345565561792,115.07582360216384
dscf26,generic,wide,0803,0803,m8,114.8602225706841,27.52910707366727,109.38667113467713,108.1168391885365,115.74894433215438,126.30654293004756,114.99166855242206,115.07258993282652
dscf26,generic,wide,0803,0803,m16,114.87162379762786,27.52867600674895,109.68710061889719,107.95455789400577,115.74259721698175,126.30235019620238,114.98719804493403,115.07257841956547
dscf26,generic,wide,0803,0803,m24,114.87162379762786,27.52867600674895,109.68710061889719,107.95455789400577,115.74259721698175,126.30235019620238,114.98719804493403,115.07257841956547
dscf26,generic,wide,0803,0803,rep16,135.54075399355216,26.810104636399824,285.43043198157864,153.19856598682253,120.34766975577865,126.25043677949394,115.07175945007504,115.07030218627757
dscf26,generic,wide,0803,0803,ref16,135.63584638006188,26.807058790971567,312.1581585933599,128.41663909734285,116.34251685876016,128.39886934935555,114.92779940465334,115.10062576850382
dscf26,generic,wide,0804,0804,m0,192.95394126604876,25.27626706995917,272.7086286037096,218.19058536627122,206.72851671297335,170.52618656191174,170.21810459010507,185.76164992464138
dscf26,generic,wide,0804,0804,m4,187.1195168654116,25.40961273395141,222.4609546239861,205.53818919472292,204.71980135907842,169.26388595506054,170.91975058142845,185.78993282499454
dscf26,generic,wide,0804,0804,m8,187.10061780803557,25.410051393209855,221.5250495703378,205.77691697507132,204.94788868181274,169.46333125750866,170.95890035673966,185.7924404546315
dscf26,generic,wide,0804,0804,m16,187.1138906984426,25.409743316268205,221.62499637704013,205.79548040565751,204.96780820865789,169.4697618101427,170.95962322593456,185.7924404546315
dscf26,generic,wide,0804,0804,m24,187.1138906984426,25.409743316268205,221.62499637704013,205.79548040565751,204.96780820865789,169.4697618101427,170.95962322593456,185.7924404546315
dscf26,generic,wide,0804,0804,rep16,201.85459596506522,25.08041718691835,311.4965514288269,252.4766768891996,219.709203726404,175.45743363896625,173.09471913770486,185.7966595176434
dscf26,generic,wide,0804,0804,ref16,202.15358921794166,25.07398904272131,350.89464491854335,226.12359383366328,213.2543406345763,171.31860292592557,172.54754541736966,185.78890084524411
dscf26,generic,wide,0805,0805,m0,109.83271646678347,27.723486358304513,169.86489733806553,152.4660850296039,119.15026814009077,130.29743708759514,99.1980838695698,86.72561104588775
dscf26,generic,wide,0805,0805,m4,108.16599332214511,27.789896179709412,152.9619028927262,151.1855115552821,119.280350979703,129.933746479628,99.3046056129927,86.72595015698714
dscf26,generic,wide,0805,0805,m8,108.16348476078183,27.789996901475792,153.08113599797846,151.1266525638957,119.16992267443044,129.9296078084083,99.30930163426953,86.72581190032321
dscf26,generic,wide,0805,0805,m16,108.15277026963972,27.790427127524463,153.03289691485713,151.0685347315435,119.17212153201174,129.9339482914749,99.30274328799639,86.7262076134106
dscf26,generic,wide,0805,0805,m24,108.15277026963972,27.790427127524463,153.03289691485713,151.0685347315435,119.17212153201174,129.9339482914749,99.30274328799639,86.7262076134106
dscf26,generic,wide,0805,0805,rep16,115.57070362311512,27.502326034902627,205.08023992524124,174.80409496237047,125.1168686303719,129.76558278480968,99.3580856381645,86.73665666221423
dscf26,generic,wide,0805,0805,ref16,117.47968787898535,27.43117576852817,247.31939266988354,157.05580915546466,121.58540087641379,128.45531020364618,99.23315336912809,86.7331896943014
dscf26,generic,wide,0806,0806,m0,84.15164293282047,28.88017761534168,88.50305537126444,120.8222289474073,110.12212140572113,89.35284504667386,86.18102449754998,66.34876786000403
dscf26,generic,wide,0806,0806,m4,81.01852943297361,29.044960048263263,71.84620535443699,107.30305811471213,105.87528551275454,89.7772751164576,85.91733939347552,66.34064931974744
dscf26,generic,wide,0806,0806,m8,81.05527974212974,29.042990518845833,72.0199098622731,107.53917219658898,105.90382865738988,89.76149033340398,85.91226067932513,66.34088064260212
dscf26,generic,wide,0806,0806,m16,81.03329477455752,29.044168633983,72.00151177992322,107.32984598086772,105.89353752005363,89.7451005912673,85.9135540483439,66.34088064260212
dscf26,generic,wide,0806,0806,m24,81.03329477455752,29.044168633983,72.00151177992322,107.32984598086772,105.89353752005363,89.7451005912673,85.9135540483439,66.34088064260212
dscf26,generic,wide,0806,0806,rep16,87.30064349905328,28.720629159360183,97.5373991807713,136.15850175416784,120.21116802604749,92.26124436060555,85.76465376745912,66.33842752556632
dscf26,generic,wide,0806,0806,ref16,86.36038400641169,28.767657960860458,103.31966703050959,128.8485432947276,110.66620348621773,90.4367484849654,86.18662988280784,66.3363365003168
dscf26,generic,wide,0807,0807,m0,104.54562260048804,27.93774507552119,238.59239502133295,200.25912035680088,193.76213963578707,131.92688722586072,78.35307187293088,43.360621686033824
dscf26,generic,wide,0807,0807,m4,102.84720763378853,28.0088785604475,226.88491914484985,195.77080286385132,188.28377327038086,134.88022399661764,78.37056122700655,43.36455750215889
dscf26,generic,wide,0807,0807,m8,102.99934521719156,28.00245897031325,227.00777002338071,196.42540119604547,188.84391078277616,135.26806485831747,78.38965969561933,43.364391006536536
dscf26,generic,wide,0807,0807,m16,102.98702946431219,28.002978292383034,226.8979974577697,196.4072019283051,188.84067210326162,135.2680247386289,78.38867261101825,43.364391006536536
dscf26,generic,wide,0807,0807,m24,102.98702946431219,28.002978292383034,226.8979974577697,196.4072019283051,188.84067210326162,135.2680247386289,78.38867261101825,43.364391006536536
dscf26,generic,wide,0807,0807,rep16,109.49207961819761,27.736976563266662,263.26904316288807,220.2002935487956,201.25151091648576,134.58861400732698,78.55008720578618,43.38194144070023
dscf26,generic,wide,0807,0807,ref16,108.54646219460699,27.774646876090085,270.03051780838905,207.19227781884632,195.02437506840937,135.60034179211937,78.62174212550845,43.37743694539784
dscf26,generic,wide,0808,0808,m0,239.59775141061652,24.335976229208526,99.53676631355607,92.20518451984594,114.62263382302565,162.10135537618942,207.71376330548716,374.3379446067674
dscf26,generic,wide,0808,0808,m4,238.56993306683225,24.354646521537497,86.67310842528583,89.60452537471105,119.31357104624514,163.328665733551,207.4855425615011,374.2443528264078
dscf26,generic,wide,0808,0808,m8,238.6790003055017,24.352661507117435,88.06705774402113,89.44187724048459,119.149037793476,163.64067304246973,207.4319392884784,374.23924735095716
dscf26,generic,wide,0808,0808,m16,238.6728771755925,24.35277292352353,88.17120262205655,89.36043156379976,119.08902276364611,163.58087140552763,207.43530561950888,374.2399962460879
dscf26,generic,wide,0808,0808,m24,238.6728771755925,24.35277292352353,88.17120262205655,89.36043156379976,119.08902276364611,163.58087140552763,207.43530561950888,374.2399962460879
dscf26,generic,wide,0808,0808,rep16,244.2010101104983,24.25332904844189,125.86715216970066,105.19216652840947,119.89704521783108,162.19671734147056,209.79746042175614,374.3310313835109
dscf26,generic,wide,0808,0808,ref16,244.80516817735116,24.242597787374724,144.0741531384827,100.16142813123783,115.83076655740454,164.14406943824824,208.1399535031265,374.3400323277339
dscf26,generic,wide,0809,0809,m0,105.8574875139041,27.883587789001382,110.87643881097893,103.79035582472194,107.025791313894,120.5604403363019,103.33772822273784,103.60757665479566
dscf26,generic,wide,0809,0809,m4,104.14314856506711,27.9544965728276,99.47237755194438,98.67555235523099,106.14119015295724,119.61105524204153,103.12997664114063,103.60658789150982
dscf26,generic,wide,0809,0809,m8,104.08887146918886,27.95676060923887,98.72741060463261,98.9022705398115,106.20877517210856,119.41437012042817,103.14415725992455,103.60862244872075
dscf26,generic,wide,0809,0809,m16,104.0902461308194,27.95670325401828,98.73935745414155,98.91127152107853,106.21361431474547,119.40351603964962,103.14390770278067,103.60862244872075
dscf26,generic,wide,0809,0809,m24,104.0902461308194,27.95670325401828,98.73935745414155,98.91127152107853,106.21361431474547,119.40351603964962,103.14390770278067,103.60862244872075
dscf26,generic,wide,0809,0809,rep16,109.48339520509806,27.73732103953212,127.53935131318863,122.76560110068942,113.92223655826926,120.06189552115482,102.8572065146788,103.61243319363729
dscf26,generic,wide,0809,0809,ref16,107.01598484948536,27.836317082908245,121.48409822971148,104.68432421590583,106.41656406461505,121.39457171548872,103.63508751181764,103.60906931322748
dscf26,generic,wide,0810,0810,m0,177.36288647383657,25.642176128236194,174.30137850956675,173.1174164835032,167.64250309041273,154.0629243112846,156.09405876814756,201.40066529213223
dscf26,generic,wide,0810,0810,m4,176.91203594051763,25.65322980390426,168.1759879826786,173.9552977011631,168.82296928275568,154.1885249146929,155.86735659616926,201.38916024369678
dscf26,generic,wide,0810,0810,m8,176.8577667783217,25.654562240855235,167.6532755243385,174.10193765165278,168.69951917157056,154.0523318193123,155.87387199060583,201.39070169283784
dscf26,generic,wide,0810,0810,m16,176.86427281212255,25.654402480689743,167.6756043735701,174.11325543183275,168.72823674528627,154.05133526480103,155.87791699835657,201.39070169283784
dscf26,generic,wide,0810,0810,m24,176.86427281212255,25.654402480689743,167.6756043735701,174.11325543183275,168.72823674528627,154.05133526480103,155.87791699835657,201.39070169283784
dscf26,generic,wide,0810,0810,rep16,185.43226816261748,25.448950503389582,229.04522516217438,201.23460858482196,170.91657705187214,154.7644242729844,156.77162597402054,201.40898739643507
dscf26,generic,wide,0810,0810,ref16,183.18503987918237,25.501903574924697,234.00953509761166,176.37698345550956,167.96182153263922,154.9850657360813,155.76850902973763,201.38824609615747
dscf26,generic,wide,0811,0811,m0,145.97854450841584,26.487913317021995,229.8462370677155,181.16220374051701,169.6741101192464,146.7851400239706,149.71527709115097,109.39646764881759
dscf26,generic,wide,0811,0811,m4,142.8996297071976,26.580492574536308,199.34421097059283,178.10758371873027,168.96586871041347,147.07920449112453,149.90103722613242,109.39620759414443
dscf26,generic,wide,0811,0811,m8,142.83420268794217,26.582481460044786,198.68705009322105,178.12434630489378,168.82269235519888,147.15438718449394,149.90109091108047,109.39609792428593
dscf26,generic,wide,0811,0811,m16,142.8337184963775,26.582496182154564,198.6279119786054,178.16544599799852,168.83329059941894,147.13794725233132,149.90758784357016,109.39609792428593
dscf26,generic,wide,0811,0811,m24,142.8337184963775,26.582496182154564,198.6279119786054,178.16544599799852,168.83329059941894,147.13794725233132,149.90758784357016,109.39609792428593
dscf26,generic,wide,0811,0811,rep16,156.8679813595911,26.17546052959067,298.2796575508229,213.41898215853345,183.63810619880897,151.47481655782005,150.29228026920833,109.40756579306809
dscf26,generic,wide,0811,0811,ref16,155.51128910534763,26.213184394137468,316.12548832191095,194.34811408534804,172.29708242087025,148.1861370196583,149.88427449216064,109.40342608447706
dscf26,generic,wide,0812,0812,m0,218.7670645513019,24.730984214527997,259.98783388850444,193.64399605537005,590.5757247823487,556.1862961735942,130.78341820331107,125.74481108839906
dscf26,generic,wide,0812,0812,m4,193.06970713105417,25.273662230691905,147.20695404597018,125.58446891188868,498.5633150623808,538.9432235251167,129.90974307074467,125.95306354163647
dscf26,generic,wide,0812,0812,m8,192.66360898163566,25.282806696217524,148.64753057175767,127.81114667891033,492.1103024007262,533.6702842960033,130.76472469613023,125.92661543903262
dscf26,generic,wide,0812,0812,m16,192.5914216908459,25.284434217725327,148.44703295069564,127.60773348740781,492.0293440470745,533.5526067753806,130.69365307344546,125.92657296620455
dscf26,generic,wide,0812,0812,m24,192.5914216908459,25.284434217725327,148.44703295069564,127.60773348740781,492.0293440470745,533.5526067753806,130.69365307344546,125.92657296620455
dscf26,generic,wide,0812,0812,rep16,249.37120614282426,24.16234055010099,453.7733451288284,338.72541484690385,652.5089376423535,485.714995468685,131.11940143496747,126.20800648936005
dscf26,generic,wide,0812,0812,ref16,240.55850785629374,24.318596396222553,1038.697196536999,257.07537725958247,253.28543088117866,217.82456914150083,128.21575342997195,125.73086102535224
dscf26,generic,wide,0813,0813,m0,261.65544913557665,23.95350577248486,284.68683125460814,228.42593862179513,216.87759273751618,288.44082546300604,240.40260142288187,283.318886180851
dscf26,generic,wide,0813,0813,m4,253.9041178935293,24.08410616418235,215.10127801739296,220.29150469936442,214.7425894805547,285.14154310993945,239.891586661122,283.29590811000566
dscf26,generic,wide,0813,0813,m8,253.9339766517588,24.083595470160386,214.7286054318935,220.34826986372903,215.06316330812862,285.3530950329757,239.9483729953715,283.2960563962137
dscf26,generic,wide,0813,0813,m16,253.92665886522067,24.083720625531413,214.68442195395983,220.26216840269427,215.09644938848743,285.3721387185294,239.9486066012967,283.2960563962137
dscf26,generic,wide,0813,0813,m24,253.92666155581313,24.08372057951382,214.68442195395983,220.26216840269427,215.09644938848743,285.3721725536505,239.9486066012967,283.2960563962137
dscf26,generic,wide,0813,0813,rep16,283.2013750928646,23.60985003115033,396.6961816395073,322.40138976992165,248.24619929280092,290.3994735684169,240.7789584416713,283.29930823196185
dscf26,generic,wide,0813,0813,ref16,276.54983374434585,23.713069591509015,428.52797085541073,241.29631618583275,218.93748253103533,289.89974091791953,240.96960744316596,283.3075997884901
dscf26,generic,wide,0814,0814,m0,195.857381426964,25.211404170872157,144.72679758368346,197.1423406471581,229.00733474227457,154.8529460558564,212.65046292562323,197.1457779098009
dscf26,generic,wide,0814,0814,m4,189.928081883336,25.344911786199805,113.51220752700304,170.75202764597648,224.97357136311527,152.1574756034645,211.99467900760854,197.20402133100845
dscf26,generic,wide,0814,0814,m8,189.9450916615265,25.344522853612517,113.55165445729811,170.5969745196633,224.67364009433174,152.45376509735726,212.08766875559704,197.2121740415348
dscf26,generic,wide,0814,0814,m16,189.96478063518242,25.344072704077362,113.6804768491179,170.69190049674788,224.65118365947524,152.4624819916782,212.08976551181183,197.2121740415348
dscf26,generic,wide,0814,0814,m24,189.96478063518242,25.344072704077362,113.6804768491179,170.69190049674788,224.65118365947524,152.4624819916782,212.08976551181183,197.2121740415348
dscf26,generic,wide,0814,0814,rep16,203.65654472465445,25.041819896959222,159.99094650159154,260.4700498314546,242.58438913003897,154.01883100757783,211.5731359794269,197.20171621390836
dscf26,generic,wide,0814,0814,ref16,202.37425000822657,25.06925108583403,191.00529624965074,224.92477844037057,229.98569470141277,154.26353330919548,211.616540448263,197.22199901748374
dscf26,generic,wide,0815,0815,m0,65.3426584266723,29.978835613598335,92.20766165687914,81.12084869550006,59.915592788239444,54.41095470701124,55.0846327574409,66.0265504495245
dscf26,generic,wide,0815,0815,m4,61.89359169695201,30.214346752520598,68.01081233254314,72.09464232075622,55.68480184811795,53.72691976418684,55.086411554214756,66.01760429943337
dscf26,generic,wide,0815,0815,m8,61.72582553081502,30.226134539029825,66.98665858224734,71.55647822988391,55.43830836521093,53.662782819852936,55.08763374980598,66.01757293215704
dscf26,generic,wide,0815,0815,m16,61.724168619285614,30.22625111862778,66.98364231509836,71.56082274243576,55.43432113457512,53.65295283971884,55.08590497734763,66.01712632751477
dscf26,generic,wide,0815,0815,m24,61.724168619285614,30.22625111862778,66.98364231509836,71.56082274243576,55.43432113457512,53.65295283971884,55.08590497734763,66.01712632751477
dscf26,generic,wide,0815,0815,rep16,74.91301635260685,29.385230766934537,158.05405925967764,106.60543639388642,67.18912204158579,60.359775872370236,55.6173685152067,66.01460207142418
dscf26,generic,wide,0815,0815,ref16,73.53303744269213,29.46597855043663,173.11592482006694,87.28035656674211,59.943038153007684,56.037975325393596,55.18541607939079,66.01615683496507
dscf26,generic,wide,0816,0816,m0,116.54456771577296,27.465883255342316,107.7952572066731,105.39587083807814,104.35352227823252,99.29108415107699,122.84949924008285,122.99059027335609
dscf26,generic,wide,0816,0816,m4,114.3543058705493,27.548278387934214,91.51903186848355,100.91591385897463,103.3524197115137,96.06430634682091,123.00429654866176,123.01723613256844
dscf26,generic,wide,0816,0816,m8,114.04869196925483,27.559900521740715,89.52928286183156,99.62139624026422,103.0657447897197,96.34810385053632,122.98553902925384,123.01584949654091
dscf26,generic,wide,0816,0816,m16,114.0593952167286,27.55949296395729,89.59735160110945,99.65259636344878,103.05790680699259,96.37368680757352,122.98652512913728,123.01584949654091
dscf26,generic,wide,0816,0816,m24,114.0593952167286,27.55949296395729,89.59735160110945,99.65259636344878,103.05790680699259,96.37368680757352,122.98652512913728,123.01584949654091
dscf26,generic,wide,0816,0816,rep16,126.09978885342022,27.12366001494442,161.07901339563915,145.2831715180049,115.06790058046981,101.01293781469289,123.06891777129368,123.00689443519221
dscf26,generic,wide,0816,0816,ref16,123.44035927312686,27.216231837970263,156.48064390118216,117.18026446716887,115.93918138648894,102.07105399256487,123.3762304313216,123.01851337822676
dscf26,generic,wide,0817,0817,m0,195.16384298088857,25.22680999629353,145.17143422089694,148.96650009451264,149.98224064971333,158.0954126030147,188.2031463888519,240.67931114281504
dscf26,generic,wide,0817,0817,m4,192.50626189415593,25.286354999488594,123.09934562645118,143.115753267633,149.47839764664005,158.95409643278114,187.66791797767112,240.7403629632888
dscf26,generic,wide,0817,0817,m8,192.4844131190189,25.28684793623249,122.8194627679917,143.49033502330673,149.50438097314992,158.67785872855103,187.63640079117386,240.7389307131418
dscf26,generic,wide,0817,0817,m16,192.48579894427294,25.286816668552973,122.847234737601,143.5185502192804,149.47009632462897,158.65930614891872,187.6382781524594,240.73935157170706
dscf26,generic,wide,0817,0817,m24,192.48579894427294,25.286816668552973,122.847234737601,143.5185502192804,149.47009632462897,158.65930614891872,187.6382781524594,240.73935157170706
dscf26,generic,wide,0817,0817,rep16,211.4957946291667,24.877786245587636,244.06485963707414,218.5452664277074,157.1751990774227,161.78604576734426,188.63371609494553,240.7339762682157
dscf26,generic,wide,0817,0817,ref16,212.3479712169298,24.860322447924545,323.7201239053302,157.36505593724374,148.13722417291908,159.48448023455447,187.98793477242006,240.71647038052757
dscf26,generic,wide,0818,0818,m0,362.1989071123298,22.541332253145,270.6659058435961,324.64480143383236,326.6644141517231,382.1892711237111,351.24402518942895,404.6551279623514
dscf26,generic,wide,0818,0818,m4,358.18118711478155,22.589775893683036,239.27831125158153,301.35278039994336,328.21281097863374,385.5090321532007,353.22073555245663,404.6740770023775
dscf26,generic,wide,0818,0818,m8,357.48954950583914,22.59817010278461,238.5973502147069,299.33724442384994,324.7442953263418,383.8553366259732,353.1159747796374,404.67525406138697
dscf26,generic,wide,0818,0818,m16,357.4842656569227,22.59823429384669,238.48517070829985,299.33719878195177,324.7714512097626,383.8648501668944,353.12065227741107,404.6773230921966
dscf26,generic,wide,0818,0818,m24,357.4842656569227,22.59823429384669,238.48517070829985,299.33719878195177,324.7714512097626,383.8648501668944,353.12065227741107,404.6773230921966
dscf26,generic,wide,0818,0818,rep16,369.541042004284,22.45417681801079,305.3821704789987,376.4261510597715,311.31750923058826,381.7109835847015,354.4647871034436,404.6548499167713
dscf26,generic,wide,0818,0818,ref16,368.6545302245236,22.464607857525586,325.00110365897007,341.8263806844516,323.8103952189332,377.6394170621107,353.0529927197911,404.689703019658
dscf26,generic,wide,0819,0819,m0,186.95249954831624,25.4134908483697,163.39654436251203,187.64638760455395,152.7994481257586,165.15985403322227,177.89324235672595,211.09430569876668
dscf26,generic,wide,0819,0819,m4,184.08259974949812,25.480676217387845,141.36048986515726,179.43213195752037,155.69310145533802,163.6213264321756,177.13371384850657,211.05074489002357
dscf26,generic,wide,0819,0819,m8,183.97480445013,25.483220108883845,140.86671481099208,178.81922518311367,155.82421518363026,163.47190524676037,177.1071012995541,211.05125516232044
dscf26,generic,wide,0819,0819,m16,183.98590177933016,25.4829581510848,140.9178207480555,178.89775078821813,155.8065006359034,163.47343894550173,177.1086921887656,211.05220923554168
dscf26,generic,wide,0819,0819,m24,183.98590177933016,25.4829581510848,140.9178207480555,178.89775078821813,155.8065006359034,163.47343894550173,177.1086921887656,211.05220923554168
dscf26,generic,wide,0819,0819,rep16,191.13516250255168,25.31739770746046,189.5149070878081,204.52794180300552,159.41060784984725,163.58641222772056,177.39896996267905,211.0445241747953
dscf26,generic,wide,0819,0819,ref16,191.6280762112142,25.306212212072676,212.9366181002281,188.24105421093478,155.71663392259057,163.85155620467557,177.51106752321368,211.09515028988253
dscf26,generic,wide,0820,0820,m0,304.4665658932949,23.295407520608208,403.8094042990078,386.55134779003396,353.7209234545956,318.17429445032866,308.7947239258458,244.5324112098438
dscf26,generic,wide,0820,0820,m4,294.43398748048907,23.440924202728752,356.38683822959126,351.4838362608788,324.3987733313462,314.74647710729676,309.4500086202714,244.5449370651081
dscf26,generic,wide,0820,0820,m8,294.24387137085586,23.443729349175612,351.8864339985259,352.89098594377845,323.4090944105523,316.46532392522494,309.61990657063967,244.55049084334226
dscf26,generic,wide,0820,0820,m16,294.2630673091436,23.443446032547435,351.95594562122795,353.15726319974397,323.2308976046568,316.50398481710636,309.62448888593025,244.55017396099547
dscf26,generic,wide,0820,0820,m24,294.2630443303394,23.443446371685077,351.9556974501427,353.15726319974397,323.2308976046568,316.50398481710636,309.62448888593025,244.55017396099547
dscf26,generic,wide,0820,0820,rep16,328.2283836218096,22.969042268158898,546.8856513911543,473.5710621648878,365.01253512144393,332.80396292435546,311.35536516382103,244.59118069172894
dscf26,generic,wide,0820,0820,ref16,324.95561252152453,23.012563185151883,597.8065162826634,405.2975723653957,356.7904668434682,320.9488592275216,310.173269916371,244.5737095990127
dscf26,generic,wide,0821,0821,m0,393.5585348848592,22.180710257308732,840.3307555130535,505.74694971159875,413.4688932629623,277.3937208715311,396.8221691695737,276.5916709812836
dscf26,generic,wide,0821,0821,m4,356.6518419799386,22.60835889528852,571.6685164309954,411.35078254996836,387.34050705780027,266.21112920992215,394.59043469908835,276.5706646698755
dscf26,generic,wide,0821,0821,m8,354.92987681160486,22.62937802522596,560.7730803868029,405.5489076701547,385.37610633062644,266.20968019717986,394.45675952634735,276.57166661828745
dscf26,generic,wide,0821,0821,m16,354.9188347150496,22.629513139131923,560.5247984812601,405.6656572869052,385.40079351821765,266.19821703843854,394.4574614455506,276.57243693794754
dscf26,generic,wide,0821,0821,m24,354.91876710954625,22.629513966383033,560.5240683418237,405.6656572869052,385.40079351821765,266.19821703843854,394.4574614455506,276.57243693794754
dscf26,generic,wide,0821,0821,rep16,434.56230029965445,21.750283137154447,1096.1106955638443,708.6233467088573,419.6734083154585,267.90781194624566,395.6322150203869,276.539573060671
dscf26,generic,wide,0821,0821,ref16,437.2034806420945,21.723967500933604,1250.4492866979629,573.7012715493847,413.6019867675584,271.92776853068335,397.3630375559807,276.4606780476193
dscf26,generic,wide,0822,0822,m0,216.73896235962704,24.77143371021227,288.2461691089613,251.80715532012957,279.82865897190754,264.8600028014057,267.5079380700231,130.787074719886
dscf26,generic,wide,0822,0822,m4,212.36479785626642,24.859978322805226,260.4400225636784,235.3245054017641,272.52163495096556,266.1696081174178,268.12718417192053,130.7702853756492
dscf26,generic,wide,0822,0822,m8,212.64969959135416,24.85415587342013,262.57936691123484,235.53586084498005,273.2546807258806,266.4592275571064,268.06581090886027,130.7715855210584
dscf26,generic,wide,0822,0822,m16,212.67635826456524,24.853611457461042,262.9177439349137,235.4551907641337,273.25942175210355,266.4606757713322,268.07285103936,130.7715855210584
dscf26,generic,wide,0822,0822,m24,212.67557672608115,24.85362741685011,262.9093033192857,235.4551907641337,273.25942175210355,266.4606757713322,268.07285103936,130.7715855210584
dscf26,generic,wide,0822,0822,rep16,241.04986398976752,24.309734700955975,417.22686422360516,362.2498632244389,298.24945075906254,271.51423496819206,269.51394082323856,130.7828366109675
dscf26,generic,wide,0822,0822,ref16,229.6602388433185,24.519945487188856,401.7923801522064,266.3826631948474,286.0538520707469,269.6332095202119,268.32078159982115,130.77869531105225
dscf26,generic,wide,0823,0823,m0,273.1284737872738,23.76713382939499,265.3162730391847,258.31046735182275,254.7114038802127,240.8062296494247,273.8658096857606,288.71740276826546
dscf26,generic,wide,0823,0823,m4,270.7708902596968,23.804783880007445,249.46012413021634,251.48338057718695,254.83628095758968,240.09452629869807,273.02952535688036,288.68765267745107
dscf26,generic,wide,0823,0823,m8,270.6208946816251,23.8071903536683,248.03876177762672,251.55549896326735,254.3835980532804,240.06351916064875,273.08078433756623,288.6918844248923
dscf26,generic,wide,0823,0823,m16,270.6264437700261,23.807101302386158,248.1375478862606,251.5653897516858,254.35007913899017,240.04383141333477,273.08044406776713,288.6918844248923
dscf26,generic,wide,0823,0823,m24,270.6264437700261,23.807101302386158,248.1375478862606,251.5653897516858,254.35007913899017,240.04383141333477,273.08044406776713,288.6918844248923
dscf26,generic,wide,0823,0823,rep16,284.1691081575343,23.595034965865338,309.9034594369034,299.55766195660124,282.79945540107707,252.01048014138837,273.9400833301975,288.7315785788028
dscf26,generic,wide,0823,0823,ref16,276.69263994515586,23.710827538545974,320.50259429225906,253.39461587031937,251.56423108368102,237.634046182141,271.6901867985955,288.72143094665546
dscf26,generic,wide,0824,0824,m0,407.6852237609852,22.027553898017235,352.58329801931706,377.69311618369005,319.8685506554249,336.7417597756963,378.05005598010877,483.46191913995017
dscf26,generic,wide,0824,0824,m4,405.62516335868884,22.049554718186574,285.4060796661416,373.06813843298016,356.045210788662,345.8685628526471,380.94454262789077,483.49700833538355
dscf26,generic,wide,0824,0824,m8,402.6846205697263,22.081153176256336,269.50538647920234,365.12713554987613,351.58562543380435,343.4801579659645,380.215474884493,483.48794711978854
dscf26,generic,wide,0824,0824,m16,402.7802525009649,22.080121910421802,269.9610736637563,365.4380395305143,351.76765578772785,343.527573809416,380.24186520207934,483.48721976522387
dscf26,generic,wide,0824,0824,m24,402.78006095104683,22.08012397579347,269.95900492464244,365.4380395305143,351.76765578772785,343.527573809416,380.24186520207934,483.48721976522387
dscf26,generic,wide,0824,0824,rep16,434.27074710961875,21.753197850096,439.49998860547305,486.43342624318353,373.07813408952643,367.7570718579195,385.33840492022017,483.4953676544278
dscf26,generic,wide,0824,0824,ref16,422.79903074525333,21.869463778391214,446.60706025723243,412.63019136068624,342.14701649698793,345.3819939072577,380.8262661502843,483.4812563048363
dscf26,generic,wide,0825,0825,m0,403.4317419838045,22.073102953846174,379.5739162328371,358.08101808207164,351.3848865499062,333.6382981623572,356.3093307609947,479.6566011849374
dscf26,generic,wide,0825,0825,m4,400.66481694468126,22.102991528939945,347.60335240332995,345.62337924715274,353.81502307123947,346.5351607044636,356.53443030471243,479.6600666777604
dscf26,generic,wide,0825,0825,m8,400.4577369424054,22.105236721111044,347.40260598071626,343.853042479828,354.58018337119955,345.66951792993945,356.4466768094184,479.65078022702806
dscf26,generic,wide,0825,0825,m16,400.4266415730612,22.10557396198346,347.0422154434899,343.7756859754615,354.53250739744504,345.86165291640134,356.4387352198442,479.65078022702806
dscf26,generic,wide,0825,0825,m24,400.42636347058146,22.10557697822668,347.03921193670897,343.7756859754615,354.53250739744504,345.86165291640134,356.4387352198442,479.65078022702806
dscf26,generic,wide,0825,0825,rep16,446.02549407029414,21.637206779010214,615.9129796549147,511.07249051414425,412.1658072589673,355.51409208351646,357.7925636573439,479.5683046615105
dscf26,generic,wide,0825,0825,ref16,430.9519199907975,21.78651540933285,597.2324085596015,371.92586458251185,371.5865676875057,359.9794661663798,364.8254468751354,479.70409553767064
dscf26,generic,wide,0826,0826,m0,297.51585672902047,23.395702435549506,374.1197871363025,224.96174504169664,307.03903290421306,316.8336843315095,259.8409396040863,316.70483414920955
dscf26,generic,wide,0826,0826,m4,295.2396722430427,23.429056463395327,327.8830208360503,221.75862592106165,327.25311947660197,318.8063735729801,261.37120091711205,316.7446158480137
dscf26,generic,wide,0826,0826,m8,294.89172704181465,23.434177719393286,325.0024403965347,220.52549896968173,327.3398013978863,319.0031214745934,261.3926046676568,316.74143892172606
dscf26,generic,wide,0826,0826,m16,295.0764692309831,23.43145782647499,326.29756797728703,221.12315853154655,327.5708305723446,318.9279413384342,261.3875215895956,316.7416586358956
dscf26,generic,wide,0826,0826,m24,295.0761865719213,23.431461986662008,326.2945152594201,221.12315853154655,327.5708305723446,318.9279413384342,261.3875215895956,316.7416586358956
dscf26,generic,wide,0826,0826,rep16,334.77762136560517,22.8832394154149,641.6131143617686,286.8288030241473,342.5627681300591,351.691928215718,264.42436825124435,316.77092555098204
dscf26,generic,wide,0826,0826,ref16,356.75879420687863,22.60705673465398,957.8352380662691,233.69393341003345,315.2669461047271,344.69375665817904,265.34632083452817,316.725420867591
dscf26,generic,wide,0827,0827,m0,55.466344297334444,30.690508177367555,40.71438359732963,28.779510349040752,39.687584253939185,36.09896536900086,44.52844136099403,80.61115839556236
dscf26,generic,wide,0827,0827,m4,54.59242282256142,30.75947992058929,39.33685353094387,26.291016751240225,36.558304360380056,35.43744220311851,43.84913984415185,80.54495224807859
dscf26,generic,wide,0827,0827,m8,54.43128774720842,30.772317517962694,38.98166861999175,25.573244139353825,36.2646966599554,35.230063837850345,43.76591461900931,80.54245930565824
dscf26,generic,wide,0827,0827,m16,54.44240469322765,30.771430613473587,38.987809624875325,25.609816450112085,36.3032167589056,35.27380825207612,43.76816680914699,80.54244236876333
dscf26,generic,wide,0827,0827,m24,54.44240469322765,30.771430613473587,38.987809624875325,25.609816450112085,36.3032167589056,35.27380825207612,43.76816680914699,80.54244236876333
dscf26,generic,wide,0827,0827,rep16,56.80187374729677,30.587176986658804,46.28094172746936,32.7171191883109,42.14213681828843,38.565165562850346,44.90139768177743,80.52799874864614
dscf26,generic,wide,0827,0827,ref16,55.97312377484615,30.651008159707978,45.012651431636776,28.5998665113648,40.01067245328815,36.570720537110724,44.751399927484904,80.60807401817321
dscf26,generic,wide,0828,0828,m0,650.1231088061063,20.000847574363263,767.5871593287465,734.4293650808116,642.9441615910218,611.1696304191781,616.416937338278,636.0576431347473
dscf26,generic,wide,0828,0828,m4,655.2422061960228,19.966784969512037,733.5275277025152,681.4456832713033,642.0640303569335,698.8376905101254,638.2235312163454,636.2256956486216
dscf26,generic,wide,0828,0828,m8,658.2635608653752,19.946805461116988,744.526428241441,695.226415844044,649.6459982352461,699.8081794168771,638.4466764185707,636.25874677571
dscf26,generic,wide,0828,0828,m16,658.5385879780708,19.94499132739524,747.7221786377222,695.6617643965517,649.3353782112023,699.5435527191219,638.3991485145185,636.2609907632137
dscf26,generic,wide,0828,0828,m24,658.5385879780708,19.94499132739524,747.7221786377222,695.6617643965517,649.3353782112023,699.5435527191219,638.3991485145185,636.2609907632137
dscf26,generic,wide,0828,0828,rep16,681.0715598425231,19.79887615457329,848.5375276140405,808.8742548191772,701.4153225203562,682.8124264736506,639.3541642946791,636.0218602256753
dscf26,generic,wide,0828,0828,ref16,684.3680670237032,19.7779062393652,912.3267287666324,730.6888358309487,699.0487833487038,705.7855788126298,648.5713279242217,636.3635419206087
dscf26,generic,wide,0829,0829,m0,115.4830213605794,27.505622231456975,104.98098972323233,50.481717750517,48.76014131904928,56.40283833293685,112.18795913455729,162.45059017990184
dscf26,generic,wide,0829,0829,m4,111.25123411600678,27.667755235358488,67.2791699791932,44.506518134547186,48.718868332887915,55.00248188604239,111.77312521021466,162.4900397402198
dscf26,generic,wide,0829,0829,m8,111.33463709800954,27.664500630171226,67.87221334788673,45.02544140782759,48.6365500847344,54.993102975813144,111.74004973994717,162.48855588326498
dscf26,generic,wide,0829,0829,m16,111.32244899172058,27.6649760902075,67.75437382521591,44.98715359142882,48.63774657880066,55.01381165843858,111.74119904063849,162.4886573213595
dscf26,generic,wide,0829,0829,m24,111.32244899172058,27.6649760902075,67.75437382521591,44.98715359142882,48.63774657880066,55.01381165843858,111.74119904063849,162.4886573213595
dscf26,generic,wide,0829,0829,rep16,138.66135347860805,26.711249258199416,333.26491832721575,67.09445325382733,56.059701485249455,56.877092889697224,111.84980271435771,162.49765326473891
dscf26,generic,wide,0829,0829,ref16,168.14881155547414,25.87386558719032,652.1537002796989,63.642613073828,56.07868624411758,58.0431500928936,112.4807910414329,162.4917848147183
dscf26,generic,wide,0830,0830,m0,402.86567841783375,22.079200910190238,414.5292344285313,497.0266638613356,508.2778852751723,512.1110500114402,355.22953966999313,366.5634293557611
dscf26,generic,wide,0830,0830,m4,401.64511585312204,22.092378707111106,386.9355017738957,482.5157914552768,529.7234903244826,525.0436469707828,354.5373427849988,366.50461208238715
dscf26,generic,wide,0830,0830,m8,401.09229045191796,22.098360465461198,385.1391283359987,478.28695072799263,529.5053075225652,525.6425484560467,354.36663777253335,366.51556080607435
dscf26,generic,wide,0830,0830,m16,401.0269193056663,22.099068348474358,384.71698521118816,478.1103525140384,529.3829720765116,525.650989896929,354.3625882203189,366.51556080607435
dscf26,generic,wide,0830,0830,m24,401.0269193056663,22.099068348474358,384.71698521118816,478.1103525140384,529.3829720765116,525.650989896929,354.3625882203189,366.51556080607435
dscf26,generic,wide,0830,0830,rep16,422.273642853577,21.874863860508178,619.0130932080143,488.8768434587449,513.3694027560705,503.81577134096017,360.2040604126874,366.72185243611256
dscf26,generic,wide,0830,0830,ref16,435.3738366501284,21.742180338658265,635.278418742151,572.9719668513977,526.9159963865798,549.1481952733952,358.1340999773906,366.7246970449855
dscf26,generic,wide,0831,0831,m0,171.22151943664826,25.795220141642265,145.65871356573422,121.11795941040134,179.85061454336875,193.04914467809255,197.17679144359434,163.8862090068208
dscf26,generic,wide,0831,0831,m4,169.99489681487677,25.826444766567242,127.31238519477839,123.62726438145052,177.98635114397962,192.69046110539358,198.77696598044807,163.8765885535718
dscf26,generic,wide,0831,0831,m8,170.24428201487476,25.820078266624712,128.53063998103514,124.33084788118789,178.4299617397984,192.67549722628456,198.91795774349103,163.87601174299377
dscf26,generic,wide,0831,0831,m16,170.2220641138084,25.820645083988953,128.4223275646781,124.25322287201821,178.36604381465514,192.68550163410896,198.91513832451895,163.87601174299377
dscf26,generic,wide,0831,0831,m24,170.2220641138084,25.820645083988953,128.4223275646781,124.25322287201821,178.36604381465514,192.68550163410896,198.91513832451895,163.87601174299377
dscf26,generic,wide,0831,0831,rep16,178.82545940456922,25.606510114427152,195.77847152618472,146.0158570179125,183.8812133890452,196.48427826899217,197.72105847286886,163.90115644417733
dscf26,generic,wide,0831,0831,ref16,184.18177541381297,25.478337058473915,253.6095422025663,139.8466553205643,183.57179616799243,197.990765645904,199.33652900866554,163.92377186978956
dscf26,generic,wide,0832,0832,m0,123.22613933370216,27.223775185893132,164.41659617363018,134.42937690845105,141.3204717707184,128.7518245438538,132.47140576276607,98.84014838209083
dscf26,generic,wide,0832,0832,m4,120.3844007096239,27.325101457454526,136.13253176861468,135.40503133165757,137.44287938413768,129.52332439499997,132.34729121073534,98.81138667062667
dscf26,generic,wide,0832,0832,m8,120.37255064340583,27.325528977270167,134.5741963845992,136.45117805239096,137.73990047334107,129.6130385697232,132.37714812283573,98.81109684777228
dscf26,generic,wide,0832,0832,m16,120.36964703955172,27.325633738225555,134.52024024387143,136.45330120211625,137.77762493143376,129.59351547561417,132.37821634145814,98.81109684777228
dscf26,generic,wide,0832,0832,m24,120.36966241180811,27.32563318359356,134.52024024387143,136.45330120211625,137.77780820067213,129.59351547561417,132.37821634145814,98.81109684777228
dscf26,generic,wide,0832,0832,rep16,139.1880043813183,26.694785527161002,295.37313159435047,154.72710610214665,150.39250023018394,139.4204961552595,134.14396943300386,98.77936345166128
dscf26,generic,wide,0832,0832,ref16,147.39122988890549,26.44608718078719,418.2609657121879,135.9779049824081,143.62718399669015,132.07183554656137,132.78535146062396,98.7894597662367
dscf26,generic,wide,0833,0833,m0,157.4744356703875,26.158703001925684,165.8975168066703,212.37482736582334,149.23135377978522,124.35820598938582,104.25140589445975,189.76446981869876
dscf26,generic,wide,0833,0833,m4,154.93617140862355,26.22927540853649,150.8147199066906,190.2247440005629,163.2211342574583,119.10279900292818,104.38030903863573,189.82165815493687
dscf26,generic,wide,0833,0833,m8,154.84145903653123,26.231931059416787,153.8798522550868,189.1749961145733,161.78952143671037,117.52322041516868,104.22709930949746,189.8265142904156
dscf26,generic,wide,0833,0833,m16,154.71342922784137,26.23552348484514,153.4314820464986,188.61112712501148,161.4253718474392,117.43145050298008,104.2310366645407,189.8265142904156
dscf26,generic,wide,0833,0833,m24,154.7133569944488,26.235525512501773,153.4307019258583,188.61112712501148,161.4253718474392,117.43145050298008,104.2310366645407,189.8265142904156
dscf26,generic,wide,0833,0833,rep16,163.01548418422362,26.00851502621136,177.23060044763076,215.2775326707192,181.57516089593153,146.91591907119377,103.19622464843967,189.81295772614212
dscf26,generic,wide,0833,0833,ref16,167.4379736821802,25.892264012944032,229.12239213797028,232.43483517541262,166.7131982471997,136.89462644531142,103.74847332780888,189.801701671873
dscf26,generic,wide,0834,0834,m0,82.52166759540869,28.965123652681246,171.14204502521443,98.37190711245306,103.29304194086808,94.8248191243685,73.12685620573379,56.95985359989316
dscf26,generic,wide,0834,0834,m4,77.25284383688462,29.251658851990825,123.28854022320556,92.16382541730883,103.0865053316314,94.87590526889272,72.08381771637447,56.98454515655554
dscf26,generic,wide,0834,0834,m8,77.48185018244989,29.238803782163615,125.09754861868562,92.5103858316483,103.51646623803359,94.76094812168685,72.1003086106497,56.98317342697646
dscf26,generic,wide,0834,0834,m16,77.48064475353362,29.238871348335273,125.09983011158928,92.5151939884283,103.51009536501128,94.75461861879756,72.09738257728661,56.98317342697646
dscf26,generic,wide,0834,0834,m24,77.48060998541014,29.23887329715844,125.09945461585568,92.5151939884283,103.51009536501128,94.75461861879756,72.09738257728661,56.98317342697646
dscf26,generic,wide,0834,0834,rep16,98.40787181459585,28.20050521085912,301.65796026425255,136.21597461224798,107.17476764938789,96.66101926903546,73.07596586726456,56.97185955872093
dscf26,generic,wide,0834,0834,ref16,104.37683783343334,27.944762253928566,401.2829347540439,104.06583103991754,102.32953910255836,96.83774259306227,73.00041811754241,56.956915077010095
dscf26,generic,wide,0835,0835,m0,222.1403508840069,24.66452907341628,215.24265437912024,213.6608670247886,248.00229485783467,278.9468673546972,231.09222158269876,201.79470971571126
dscf26,generic,wide,0835,0835,m4,220.6835107929427,24.693104764564428,200.94582381332765,210.5423256147084,247.82897904703051,279.7676622230623,231.47525936702627,201.75858119886186
dscf26,generic,wide,0835,0835,m8,220.84179106394424,24.689991001844795,201.4164787987012,210.7672862519952,248.62041754958332,280.11545274460207,231.4802725022369,201.757098400463
dscf26,generic,wide,0835,0835,m16,220.85005295417875,24.68982853140809,201.44797966094688,210.80369358462843,248.64683012515138,280.09400692395326,231.48618371092627,201.757098400463
dscf26,generic,wide,0835,0835,m24,220.85005295417875,24.68982853140809,201.44797966094688,210.80369358462843,248.64683012515138,280.09400692395326,231.48618371092627,201.757098400463
dscf26,generic,wide,0835,0835,rep16,230.99374408613298,24.49480142645298,258.7853960515039,255.66669445338675,261.5160792269236,280.1919119948443,230.65038074571422,201.80529294843203
dscf26,generic,wide,0835,0835,ref16,224.41801134803706,24.62022651264369,245.62503094239779,214.75130697829445,243.3969353246208,275.8730617346583,231.10291609143061,201.7843386871029
dscf26,generic,wide,0836,0836,m0,251.4790264907276,24.12578590399095,386.6295473692021,194.72653092545215,205.222065345662,154.2239063797708,216.04194603363229,287.7667748266558
dscf26,generic,wide,0836,0836,m4,244.2694223348368,24.252112555088527,315.2067108516067,181.77261252511641,211.97282339468055,151.39124671573964,216.8858520043686,287.6984987134826
dscf26,generic,wide,0836,0836,m8,243.4813184584176,24.266147160633274,305.647419355427,181.11224741257863,213.76136211057562,151.428335895519,216.8900941312644,287.7015158149468
dscf26,generic,wide,0836,0836,m16,243.47321354381273,24.266291729354098,305.4896055296852,181.03616694607206,213.86784196552333,151.4882995899351,216.88834842826617,287.7015158149468
dscf26,generic,wide,0836,0836,m24,243.47321354381273,24.266291729354098,305.4896055296852,181.03616694607206,213.86784196552333,151.4882995899351,216.88834842826617,287.7015158149468
dscf26,generic,wide,0836,0836,rep16,273.6765072287915,23.758428422988477,527.5466465573161,253.6026856543204,222.72349423112203,171.44986930277253,220.3136935050901,287.6204310356493
dscf26,generic,wide,0836,0836,ref16,275.1944571109808,23.734406786531203,588.3604300801056,205.63573955690572,221.59513600890196,173.58600808314014,220.32579679721968,287.72764374659437
dscf26,generic,wide,0837,0837,m0,320.28703763505996,23.075409982187,335.7443694595278,328.1306782707905,384.41003968426617,325.07127128448957,300.1970497262691,314.0777480414716
dscf26,generic,wide,0837,0837,m4,313.69350905341037,23.165748284993054,286.60652174572994,317.8672224974,374.0022483947218,325.7167268381012,299.12265327823314,314.0212546533273
dscf26,generic,wide,0837,0837,m8,313.73652380127976,23.165152806080943,287.95826109783627,317.53367717045643,373.96538079465245,325.02927091888404,299.1359695043395,314.0248954059756
dscf26,generic,wide,0837,0837,m16,313.72845841013674,23.165264453900896,287.84292079861126,317.5784762521628,373.9497066315344,325.0090593709948,299.14173745792135,314.0248954059756
dscf26,generic,wide,0837,0837,m24,313.72845841013674,23.165264453900896,287.84292079861126,317.5784762521628,373.9497066315344,325.0090593709948,299.14173745792135,314.0248954059756
dscf26,generic,wide,0837,0837,rep16,336.3539940649908,22.862837717505702,434.5793557901966,350.7174730679588,437.54702993031674,335.6518742677854,299.0710071790236,313.9028687305528
dscf26,generic,wide,0837,0837,ref16,331.44892805441265,22.92663742072534,445.7985351553399,328.53434525328305,385.37419065205324,336.06447811844293,300.2644024255252,313.97945573184063
dscf26,generic,wide,0838,0838,m0,14.42500853602658,36.539642820454695,18.526257206923777,18.178498570664377,27.29458777260791,16.03018731624135,8.896099642902469,13.375038704777753
dscf26,generic,wide,0838,0838,m4,13.276695438140141,36.89990368032478,12.29837090785386,13.772826427341297,23.84192026499865,17.265412178572667,8.930368034768117,13.37254357208046
dscf26,generic,wide,0838,0838,m8,13.255866425023449,36.906722416762676,12.232218556645229,13.644067575359635,23.82400526073321,17.243464895916954,8.930080357361607,13.372502099197229
dscf26,generic,wide,0838,0838,m16,13.255809165495734,36.9067411764196,12.228136655180087,13.648205336757336,23.822218804962024,17.24365070175606,8.930410642968791,13.372502099197229
dscf26,generic,wide,0838,0838,m24,13.255809165495734,36.9067411764196,12.228136655180087,13.648205336757336,23.822218804962024,17.24365070175606,8.930410642968791,13.372502099197229
dscf26,generic,wide,0838,0838,rep16,17.659597804614716,35.66099552522483,46.29928280833834,23.335366020408546,30.149428073773073,15.47441779067474,8.942888246713077,13.37474514200851
dscf26,generic,wide,0838,0838,ref16,20.05087497836336,35.10947031792821,76.82983082037013,20.655948626105403,25.68383584505454,17.324929171085643,9.045743370434757,13.374666436524453
dscf26,generic,wide,0839,0839,m0,95.87878906367747,28.313578205530593,101.80444656881522,87.64800379185296,96.39343535399203,101.75974027552766,101.4559717528299,90.98914757394996
dscf26,generic,wide,0839,0839,m4,94.69912590676613,28.367343904773094,92.65583636286424,82.61950044879677,95.9156388971902,101.96088307583477,101.93037790563297,91.00219446678918
dscf26,generic,wide,0839,0839,m8,94.53225299057209,28.37500352294958,92.02916683604636,81.99025568095122,95.20487429498347,102.00524866669981,101.93780685152444,91.00409301187779
dscf26,generic,wide,0839,0839,m16,94.53145406226398,28.375040226996177,92.02550257122898,81.99489533476942,95.21326554791068,101.99702036624133,101.9344607158951,91.00409301187779
dscf26,generic,wide,0839,0839,m24,94.53145406226398,28.375040226996177,92.02550257122898,81.99489533476942,95.21326554791068,101.99702036624133,101.9344607158951,91.00409301187779
dscf26,generic,wide,0839,0839,rep16,104.26093432817983,27.949587483552275,168.40444419546142,112.87149455713154,93.35549752043505,102.83271101595585,102.0227240516369,90.99908920936122
dscf26,generic,wide,0839,0839,ref16,107.8412496869546,27.802954489522236,226.84590023233972,92.69098729408448,94.62058304458832,102.22797900553633,101.61698275714237,91.0071105869065
dscf26,generic,wide,0840,0840,m0,183.11602823012205,25.50354000906797,209.47465078397227,189.20082476072892,156.3567795734334,126.51895570179497,156.8070486729421,211.94048495436735
dscf26,generic,wide,0840,0840,m4,180.16300872175577,25.574147349194302,179.49604522887867,185.3338739255826,158.55209552527393,126.5273688406531,156.73699225720927,211.93629441289838
dscf26,generic,wide,0840,0840,m8,180.2090673329122,25.57303721874262,179.9610961199483,185.3049337443595,158.56368444760855,126.67600580083477,156.7118459431522,211.93541058435292
dscf26,generic,wide,0840,0840,m16,180.19680629710635,25.573332713382662,179.7769740557136,185.32609039111924,158.58572543754767,126.67968377006487,156.7146848646742,211.93541058435292
dscf26,generic,wide,0840,0840,m24,180.1974328101633,25.573317613742663,179.78374039672832,185.32609039111924,158.58572543754767,126.67968377006487,156.7146848646742,211.93541058435292
dscf26,generic,wide,0840,0840,rep16,195.85648543081396,25.211424038751073,265.37375310861154,254.2854238584881,178.63405644338624,126.0703043021064,156.77434523249926,211.93507348552396
dscf26,generic,wide,0840,0840,ref16,195.4559316886779,25.220315059483468,324.49472332740896,209.03704438189482,154.39491549863314,125.87979453371538,157.36009720573745,211.94890063497505
dscf26,generic,wide,0841,0841,m0,211.3358740180085,24.88107136576335,188.8428860723918,110.828315874385,106.26790630947158,108.22290852025085,217.1556987785043,280.4898749901789
dscf26,generic,wide,0841,0841,m4,209.8363287408721,24.911996815582427,173.90695733031694,110.31678935252964,104.89966202373341,108.37811776736591,217.25967761187442,280.4962375498606
dscf26,generic,wide,0841,0841,m8,209.99812675256172,24.90864940156154,174.5105430107374,111.11715062868028,105.24210943681683,108.50862989981401,217.2459315470899,280.496136693794
dscf26,generic,wide,0841,0841,m16,210.01559705273655,24.908288115511226,174.72585105546958,111.11606458882683,105.23856825758598,108.49516197983563,217.24228214211186,280.496136693794
dscf26,generic,wide,0841,0841,m24,210.01559705273655,24.908288115511226,174.72585105546958,111.11606458882683,105.23856825758598,108.49516197983563,217.24228214211186,280.496136693794
dscf26,generic,wide,0841,0841,rep16,225.4171303018307,24.600934442205123,287.0584927014796,156.81471532609245,109.14844372311339,114.39305480444203,217.84002934537256,280.51471781029556
dscf26,generic,wide,0841,0841,ref16,226.60070857218585,24.57819097315337,334.875964874774,121.17977102724309,110.68029591991267,111.31337403105103,217.9157946756227,280.5039790095635
dscf26,generic,wide,0842,0842,m0,92.1935418982448,28.4837986081415,139.68893845277918,110.97111109587391,91.67171758262946,107.29583050518598,113.6591929169841,57.82290628433046
dscf26,generic,wide,0842,0842,m4,89.01584168174995,28.636130582371884,114.68261321493821,106.27198303026694,87.8099687620014,106.86787429606832,113.28459479582412,57.857284595115196
dscf26,generic,wide,0842,0842,m8,88.99691233893901,28.637054213850433,113.92483357249102,106.81500953655929,87.71622208773597,106.79772835136677,113.3430473354599,57.85916486309043
dscf26,generic,wide,0842,0842,m16,88.98219584011919,28.63777242109513,113.80137479205443,106.78628892588932,87.70218857405905,106.81149470715397,113.34061184524333,57.85916486309043
dscf26,generic,wide,0842,0842,m24,88.98219584011919,28.63777242109513,113.80137479205443,106.78628892588932,87.70218857405905,106.81149470715397,113.34061184524333,57.85916486309043
dscf26,generic,wide,0842,0842,rep16,101.44245040856102,28.068606295370436,196.8991297140531,133.4297722014645,105.14568994145188,114.3533568695718,114.61264582784281,57.867234215597
dscf26,generic,wide,0842,0842,ref16,101.91252097960006,28.048528161324274,235.81787520416847,118.52049607998626,91.14206256807543,108.51620424214964,113.96485628625061,57.86356906538792
dscf26,generic,wide,0843,0843,m0,67.00400022063272,29.869796294821963,21.316785120984274,22.52405525844109,22.91633606831635,26.248222021734424,36.378551953938164,128.64349661166875
dscf26,generic,wide,0843,0843,m4,65.19351969191064,29.98875932343275,8.54766639707577,20.06736639904353,20.293211148543563,25.240542731059683,35.970274363444595,128.64570496487642
dscf26,generic,wide,0843,0843,m8,65.207300271999,29.987841410506473,8.569772241812336,19.952613288876343,20.43325731703691,25.29350704118079,35.989391749136615,128.64741652726164
dscf26,generic,wide,0843,0843,m16,65.20833196344226,29.987772698206705,8.547223660545136,19.964665147684595,20.446417857033428,25.30871018599913,35.988411278132,128.64744912477835
dscf26,generic,wide,0843,0843,m24,65.20833196344226,29.987772698206705,8.547223660545136,19.964665147684595,20.446417857033428,25.30871018599913,35.988411278132,128.64744912477835
dscf26,generic,wide,0843,0843,rep16,77.24667751292378,29.252005519792498,111.53251240232815,44.1841678086731,25.789100345914594,24.74346984787629,35.85959460608732,128.64176269685493
dscf26,generic,wide,0843,0843,ref16,82.7146301902503,28.954980284744316,178.81011868284455,34.49076942455199,24.594657736323306,24.92508926769463,36.52160649577204,128.63615172584605
dscf26,generic,wide,0844,0844,m0,25.89449376489312,33.998729358504534,16.212681885270914,14.352955081679541,14.38555270987923,17.70725918037629,15.621511495021972,42.552970224954585
dscf26,generic,wide,0844,0844,m4,25.123823971030095,34.1299461899044,10.218157562167717,12.77786135823759,13.716048157185265,17.79976318018598,15.532517502803401,42.54402117611665
dscf26,generic,wide,0844,0844,m8,25.107105890669885,34.132837066237585,10.250347764947538,12.759881934227435,13.565087704334754,17.709058637954147,15.53622946506668,42.54597243411645
dscf26,generic,wide,0844,0844,m16,25.110535924748962,34.13224379071856,10.267778928015064,12.762436366098832,13.586346113693097,17.704746710769886,15.536777427789431,42.54597243411645
dscf26,generic,wide,0844,0844,m24,25.110535924748962,34.13224379071856,10.267778928015064,12.762436366098832,13.586346113693097,17.704746710769886,15.536777427789431,42.54597243411645
dscf26,generic,wide,0844,0844,rep16,28.76976710177852,33.54144014682201,34.347007161734886,25.53303005387345,16.90957616500702,18.65311644449394,15.367502733086486,42.53328457837164
dscf26,generic,wide,0844,0844,ref16,28.97085143857568,33.51119101782847,47.21838571914319,17.53549390663041,14.36394017813761,17.62985888972318,15.4010796411401,42.53493904518442
dscf26,generic,wide,0845,0845,m0,73.18652203226875,29.486492517488504,181.3841707261739,155.79403978264315,111.22578255459163,78.18197499885382,98.15172993491763,0.40671461795630826
dscf26,generic,wide,0845,0845,m4,66.71535658390933,29.888545492598432,141.31442699546298,134.5729396613663,102.87456984916602,76.22429483334342,98.0336726911697,0.40674862128323613
dscf26,generic,wide,0845,0845,m8,66.46831900639434,29.90465665326483,138.4110748267371,133.96635672183962,103.48265873203935,76.3146997345718,98.09593612261926,0.4068196778215209
dscf26,generic,wide,0845,0845,m16,66.47084566834401,29.904491567927458,138.454489063575,133.98051075408014,103.48520701593192,76.29881554900953,98.08976873001848,0.40682053367525295
dscf26,generic,wide,0845,0845,m24,66.47084566834401,29.904491567927458,138.454489063575,133.98051075408014,103.48520701593192,76.29881554900953,98.08976873001848,0.40682053367525295
dscf26,generic,wide,0845,0845,rep16,82.60393878269817,28.96079604699977,252.86926913699708,174.03392542892982,119.46923628162902,82.37638774486595,98.74905604588942,0.4068866957259203
dscf26,generic,wide,0845,0845,ref16,102.83834621857527,28.009252768908837,452.2159452996816,182.72301486353234,126.88906549109537,83.64045971503029,99.79404480680034,0.4067753740222871
dscf26,generic,wide,0846,0846,m0,720.8215910905875,19.552525740857718,524.447163737682,604.0754638033435,652.8028193011651,623.769066103711,783.7375040638856,785.4379691415022
dscf26,generic,wide,0846,0846,m4,697.8849084713582,19.69296553913939,397.98132637489385,525.4011173085152,612.5679607255835,627.5649460910164,779.2388463891947,785.4979411493139
dscf26,generic,wide,0846,0846,m8,697.7040926726706,19.694090903469235,395.50700508490075,525.0612929505625,613.0501022119187,627.6934047110467,779.3288400817605,785.5055794213481
dscf26,generic,wide,0846,0846,m16,697.7214349726817,19.693982955534363,395.3458373394437,525.39059439994,613.2078868120115,627.636199308685,779.306472357296,785.5073203330757
dscf26,generic,wide,0846,0846,m24,697.7214349726817,19.693982955534363,395.3458373394437,525.39059439994,613.2078868120115,627.636199308685,779.306472357296,785.5073203330757
dscf26,generic,wide,0846,0846,rep16,749.2679250623378,19.38443219310233,637.6116573440898,777.5047802462935,678.1209907932484,645.9230065654325,779.1716523761006,785.5260713254135
dscf26,generic,wide,0846,0846,ref16,714.8591096979665,19.588599049549916,536.4816306270792,565.2137785604006,616.0554137551492,629.7418186168944,779.8528590695295,785.5059083781078
dscf26,generic,wide,0847,0847,m0,312.69204829314197,23.17963523521105,406.1518857794646,321.17774844878585,295.46016181236087,325.5692635894118,256.94635820755076,329.2729184217616
dscf26,generic,wide,0847,0847,m4,305.5724982196745,23.279660960719184,344.78379624153496,312.58804412432903,292.06453555298043,321.9207228366782,256.6738062735211,329.19519407278773
dscf26,generic,wide,0847,0847,m8,305.89327188667943,23.275104360722576,347.8472768689301,312.3106754841774,292.71538543085677,322.0482094263451,256.6554219696967,329.2002001178044
dscf26,generic,wide,0847,0847,m16,305.8429028417663,23.27581953825229,347.59738581961,312.07420321918505,292.65498343248174,322.0433402505666,256.65209900593914,329.2002001178044
dscf26,generic,wide,0847,0847,m24,305.8429028417663,23.27581953825229,347.59738581961,312.07420321918505,292.65498343248174,322.0433402505666,256.65209900593914,329.2002001178044
dscf26,generic,wide,0847,0847,rep16,343.1166532456875,22.776385637176197,566.7323749203147,447.9395893977195,322.65078324777437,350.5682967859429,257.4286588331181,329.1946030534309
dscf26,generic,wide,0847,0847,ref16,333.03889563653445,22.905854031157634,605.7989680115263,338.61129058189977,300.9243518484827,326.04211599961934,256.3887740667837,329.2201678602576
dscf26,generic,wide,0848,0848,m0,230.03078593535793,24.512943976019905,297.5113075600128,240.85257084043738,214.33327045673013,189.04823798957608,238.5024235439712,217.03985193284012
dscf26,generic,wide,0848,0848,m4,219.78774781245295,24.71076882087776,213.05614980004526,214.2602391684465,212.76739600712645,189.79986469866776,238.43849013271964,217.07234644910554
dscf26,generic,wide,0848,0848,m8,219.45093814387465,24.71742919091625,211.5017013808201,212.61505172550142,212.1654551164543,189.65027612412624,238.49972060531712,217.06673604392427
dscf26,generic,wide,0848,0848,m16,219.46129938677146,24.717224146252107,211.5956961435772,212.59599109459396,212.18341965937003,189.63357268659166,238.51074597195583,217.06708937532713
dscf26,generic,wide,0848,0848,m24,219.46141023408217,24.71722195268252,211.5956961435772,212.5965016094475,212.18420415454008,189.63357268659166,238.51074597195583,217.06708937532713
dscf26,generic,wide,0848,0848,rep16,257.5594469795472,24.02202876945063,494.96371168678655,311.8165771641243,238.670076484743,196.03513963250862,239.936828073276,217.02363521882717
dscf26,generic,wide,0848,0848,ref16,269.4398049364825,23.82618605459875,677.340697660607,268.72003221969277,230.03463482733395,193.22219207006916,238.97322848771623,217.04662439719982
dscf26,generic,wide,0849,0849,m0,528.8883236855644,20.897163817008902,659.6445394656715,590.1520323409934,642.6959229312596,541.5344817558737,429.84908571132826,526.588022388586
dscf26,generic,wide,0849,0849,m4,527.7858443838187,20.906226229346903,631.6135489623375,605.6813246439633,646.1579387107367,542.1137994288364,429.1432044621688,526.5357429225359
dscf26,generic,wide,0849,0849,m8,527.9460421725718,20.904908223950102,634.3403009259237,604.9874580239084,645.6284259373535,542.5466952947273,429.06728743920934,526.5351515640249
dscf26,generic,wide,0849,0849,m16,527.8875018031517,20.90538981045735,633.7380897484097,605.0753580915912,645.5385193307775,542.5334022002768,429.0602286696855,526.5351515640249
dscf26,generic,wide,0849,0849,m24,527.8875018031517,20.90538981045735,633.7380897484097,605.0753580915912,645.5385193307775,542.5334022002768,429.0602286696855,526.5351515640249
dscf26,generic,wide,0849,0849,rep16,556.1727600516678,20.678706464745215,879.3109107021974,660.5102325724843,641.2302684813214,549.127352067115,430.9099756908554,526.4957035180465
dscf26,generic,wide,0849,0849,ref16,557.9831487697738,20.6645927753393,972.3231734974296,592.991842999832,635.0613610740967,547.6351097406488,430.1649686430614,526.4858903673145
dscf26,generic,wide,0850,0850,m0,141.2021946872744,26.632389139172425,182.42409548330298,118.25810528678142,145.13460632208606,95.05501608602076,85.68447186464425,185.23369230753534
dscf26,generic,wide,0850,0850,m4,138.8189162532009,26.706317112863115,152.84425332319861,115.76425392600558,152.06716795306463,95.90465567866781,85.48296896570935,185.1862258390646
dscf26,generic,wide,0850,0850,m8,138.59572436851917,26.713305282241613,151.40435482073502,115.55763917083056,151.45174026482994,95.7613616118512,85.45211096838261,185.18583050174678
dscf26,generic,wide,0850,0850,m16,138.60179162688078,26.71311516676979,151.46127223567467,115.54656513651307,151.46922329572877,95.76281532823096,85.4528957522261,185.18576958598203
dscf26,generic,wide,0850,0850,m24,138.60179162688078,26.71311516676979,151.46127223567467,115.54656513651307,151.46922329572877,95.76281532823096,85.4528957522261,185.18576958598203
dscf26,generic,wide,0850,0850,rep16,162.83349798370915,26.01336608392268,297.7630891360787,203.99871209512818,179.1712712313295,101.15088445027247,85.90090662900616,185.20046277880326
dscf26,generic,wide,0850,0850,ref16,155.86798472581265,26.203234405781362,303.13855924338657,137.9685937848877,163.65641308013676,97.4075434429455,85.7667777564313,185.19729677973157
dscf26,generic,wide,0851,0851,m0,185.24712101764678,25.45328893667909,79.53206199624618,65.7939991080026,74.73192741727824,112.1198816857872,204.18359117545532,264.49698041818
dscf26,generic,wide,0851,0851,m4,183.18401791735917,25.501927803629115,64.90617219662848,64.13300540236425,74.78372521855137,108.66515358233995,203.1185290486521,264.49816571494637
dscf26,generic,wide,0851,0851,m8,182.82288974991258,25.510497916268562,63.56320549926082,63.10492607119066,73.72927676175088,108.05131779212368,203.08502074732095,264.499187352604
dscf26,generic,wide,0851,0851,m16,182.88779462834896,25.508956379088843,63.929189907474,63.32070558207169,73.82648645414585,108.11492565159169,203.08052607775562,264.499187352604
dscf26,generic,wide,0851,0851,m24,182.88778146686766,25.508956691627954,63.929189907474,63.32055641861752,73.82648645414585,108.11492565159169,203.08052607775562,264.499187352604
dscf26,generic,wide,0851,0851,rep16,193.10478502646458,25.27287325385554,121.76383347606408,103.81995812434934,78.54461682792498,116.83463444521625,203.79216120715662,264.50960504657786
dscf26,generic,wide,0851,0851,ref16,193.21272683456567,25.27044631065956,161.64999319419627,76.64028233537805,73.76619221008818,109.07913891852942,203.16078810856268,264.519652568205
dscf26,generic,wide,0852,0852,m0,78.29587646211044,29.19341470801136,120.5231283506564,92.12182959499748,75.0293295764993,74.22401119782438,70.9727411891486,71.68153860205636
dscf26,generic,wide,0852,0852,m4,77.12711726936087,29.2587326154747,110.62633373554715,88.59451853240094,74.15554927478834,74.78397640281142,71.26975375233646,71.69746790707018
dscf26,generic,wide,0852,0852,m8,77.02315792741784,29.2645904026678,109.69308499885217,88.24795529921649,74.2661055579009,74.80141126087803,71.27836953160747,71.6974860036087
dscf26,generic,wide,0852,0852,m16,77.02745556310902,29.264348087570944,109.73572793208803,88.26249861605663,74.24599493942108,74.805972224468,71.27979071754517,71.6974860036087
dscf26,generic,wide,0852,0852,m24,77.02745556310902,29.264348087570944,109.73572793208803,88.26249861605663,74.24599493942108,74.805972224468,71.27979071754517,71.6974860036087
dscf26,generic,wide,0852,0852,rep16,80.80389617200275,29.056480589397786,129.6809370820202,103.38617262224528,78.87634248991536,76.4789895059948,71.55440472077629,71.69332130350917
dscf26,generic,wide,0852,0852,ref16,80.8315701728787,29.054993457116506,142.8872082718352,94.67035303325505,75.5821038832963,75.42770567155709,71.31044761898944,71.69540801965762
dscf26,generic,wide,0853,0853,m0,197.8830636854049,25.166717352452753,109.32103335953983,115.03558036644566,107.78468612256717,97.28305816018596,191.14349216383852,284.22068147297193
dscf26,generic,wide,0853,0853,m4,197.5999551732192,25.172935191386987,102.19083227391944,120.36417901596016,106.29066185429946,97.75623857151817,191.203927447019,284.1630386008247
dscf26,generic,wide,0853,0853,m8,197.5355513543734,25.17435091955739,101.22503756403759,119.93167334887612,106.6784412285935,98.18779043099913,191.19406029557445,284.160544395895
dscf26,generic,wide,0853,0853,m16,197.52958400968993,25.17448211740989,101.13568061056488,119.93308343098246,106.70980236126461,98.18607819737024,191.19292254880605,284.160544395895
dscf26,generic,wide,0853,0853,m24,197.5296330242693,25.17448103976075,101.13568061056488,119.93308343098246,106.70980236126461,98.18669457249133,191.19292254880605,284.160544395895
dscf26,generic,wide,0853,0853,rep16,202.12974281394438,25.07450137458665,132.94538229616936,139.30162850540657,109.63686211942257,95.76285318277249,190.84877925004517,284.1277013215408
dscf26,generic,wide,0853,0853,ref16,202.2997705661012,25.070849706424973,149.73615812910347,121.69935499983023,110.33313482007885,97.59867284619808,190.61819348041237,284.1995112221097
dscf26,generic,wide,0854,0854,m0,464.66748126391155,21.459380804738352,379.9049491284653,304.6379642658205,378.64121428411613,406.40031881784165,459.9113166958193,556.7911526796969
dscf26,generic,wide,0854,0854,m4,462.74879071286216,21.477350683698564,352.4753214202592,306.0520824485563,385.4376186596657,405.8501473979974,459.77093494039457,556.813531067214
dscf26,generic,wide,0854,0854,m8,462.6513015172739,21.47826572618021,350.87779172256745,307.73788849205187,384.4855483086362,405.9853758182699,459.66242094311787,556.815039418339
dscf26,generic,wide,0854,0854,m16,462.6673075180136,21.478115479168398,351.06716210608926,307.5904590077218,384.53759750122776,406.0401844051903,459.6724606242119,556.815039418339
dscf26,generic,wide,0854,0854,m24,462.6673075180136,21.478115479168398,351.06716210608926,307.5904590077218,384.53759750122776,406.0401844051903,459.6724606242119,556.815039418339
dscf26,generic,wide,0854,0854,rep16,484.65291514800225,21.27649531540621,489.7588195907824,342.6969194518192,423.7151591158867,422.4903239724784,464.9116184222166,556.8509634878269
dscf26,generic,wide,0854,0854,ref16,474.89493278367667,21.36482825263211,460.5401568551456,322.56723920716433,389.403535219647,407.7291582998356,460.4176214044873,556.8747063577596
dscf26,generic,wide,0855,0855,m0,185.80316073124303,25.44027263285303,125.62593998911214,132.08164781326917,251.3778779817208,266.0608007769074,285.67960153099745,109.77339580632476
dscf26,generic,wide,0855,0855,m4,184.94282281933454,25.460428788009235,114.22439166026896,131.57473865541294,251.1161313974601,265.95922063436853,286.7100766055023,109.73994199267955
dscf26,generic,wide,0855,0855,m8,185.11568191714596,25.456371496698512,115.26616678058909,131.81842003680475,251.53282298460257,265.94854545442473,286.7803915240717,109.74385699587224
dscf26,generic,wide,0855,0855,m16,185.10114264407838,25.456712611723464,115.19711400669743,131.7954954691399,251.4550584373542,265.9570912088971,286.77937308417984,109.74385699587224
dscf26,generic,wide,0855,0855,m24,185.10114264407838,25.456712611723464,115.19711400669743,131.7954954691399,251.4550584373542,265.9570912088971,286.77937308417984,109.74385699587224
dscf26,generic,wide,0855,0855,rep16,193.23906457626808,25.26985434363241,162.73670561898223,157.22707493137264,265.6065320766717,270.8490606116393,286.49057501501267,109.73182553035099
dscf26,generic,wide,0855,0855,ref16,193.31292768158085,25.26819462695334,193.98612278462448,149.21905510149273,248.86723159238716,265.89383324108127,285.28133963888433,109.7765127530446
dscf26,generic,wide,0856,0856,m0,178.95542513849418,25.603354920508124,158.40738328854806,172.36498450430997,160.75080763788242,155.8964426888624,182.01449296664626,192.08281205932343
dscf26,generic,wide,0856,0856,m4,178.433300306588,25.61604452588979,148.34363349270296,173.5428107737822,163.4770378008424,156.144727913205,182.27105172629678,192.0485459386744
dscf26,generic,wide,0856,0856,m8,178.5192368906167,25.61395339157533,148.4313329720674,173.66749461482658,163.76138122886022,156.37019301643596,182.3617073980054,192.04893825725722
dscf26,generic,wide,0856,0856,m16,178.52351476295752,25.61384932244952,148.5267416081185,173.60664159451525,163.78414923647884,156.36012869398786,182.36132754266626,192.04843462836368
dscf26,generic,wide,0856,0856,m24,178.52369799473675,25.613844864968954,148.5267416081185,173.60871822134666,163.78414923647884,156.36012869398786,182.36132754266626,192.04843462836368
dscf26,generic,wide,0856,0856,rep16,187.5126919238843,25.40049692292383,186.06283322600726,211.30428166583843,177.5482971498993,162.77137721691173,184.21984989517304,192.0820913029195
dscf26,generic,wide,0856,0856,ref16,181.1887225270094,25.5494919786215,166.098514782923,177.56157714436267,164.61670233334215,159.58528873078285,183.5630743501972,192.1350825179674
dscf26,generic,wide,0857,0857,m0,17.768409121243877,35.63431815493348,10.06678515921016,5.908404299103229,10.858622301995231,12.07979314475346,2.1459820678146966,36.33833082466205
dscf26,generic,wide,0857,0857,m4,17.271691814300677,35.757454807625976,6.846121869882813,4.677427026063856,9.493122007034046,12.420591099541522,2.1433124667833288,36.33380814582645
dscf26,generic,wide,0857,0857,m8,17.35655344561995,35.73616870911854,7.117170426466873,4.934561298528984,9.709016153960473,12.62981860943339,2.151798643911631,36.33380814582645
dscf26,generic,wide,0857,0857,m16,17.3547865613228,35.736610840192085,7.0854347457356,4.945104557082053,9.714875424543317,12.626059789545845,2.151976259592121,36.33380814582645
dscf26,generic,wide,0857,0857,m24,17.3547865613228,35.736610840192085,7.0854347457356,4.945104557082053,9.714875424543317,12.626059789545845,2.151976259592121,36.33380814582645
dscf26,generic,wide,0857,0857,rep16,19.921672431404936,35.13754566075314,25.082554186526462,12.533575909973301,12.14111631498668,12.874222544074396,2.1776713954159796,36.335431839574035
dscf26,generic,wide,0857,0857,ref16,19.307122750927974,35.273628031164506,27.433417598259922,5.679909566062518,9.765811616941589,12.542918166665224,2.1720006456135175,36.334516660808724
dscf26,generic,wide,0858,0858,m0,191.09599578135771,25.318287739085548,159.712443061507,143.65422854408192,130.5457461271995,151.16574455427337,170.86775457030893,245.9107942828956
dscf26,generic,wide,0858,0858,m4,187.36715006092217,25.403869098435393,129.41150871823788,134.76249790901747,129.89811208847019,150.06550995066175,170.89005227179905,245.90306615583435
dscf26,generic,wide,0858,0858,m8,187.5274372442066,25.400155422867957,130.85465005522613,134.9681686928748,129.97091235030652,150.07572753332613,170.89426895683215,245.90421809524705
dscf26,generic,wide,0858,0858,m16,187.53313895789378,25.4000233789823,130.92811829582902,134.98300135621454,129.9611026187209,150.05190406952423,170.89554228841064,245.9041081227182
dscf26,generic,wide,0858,0858,m24,187.53313895789378,25.4000233789823,130.92811829582902,134.98300135621454,129.9611026187209,150.05190406952423,170.89554228841064,245.9041081227182
dscf26,generic,wide,0858,0858,rep16,203.22762858957975,25.050976113488524,234.7344333907638,196.09130658588148,136.3322207425614,151.00476376076125,171.20980349141556,245.88954612003823
dscf26,generic,wide,0858,0858,ref16,202.07315489259807,25.07571738873613,271.3637904706601,149.00350975849085,131.69942899376048,151.14859809198958,171.1467647691446,245.89788941686265
dscf26,generic,wide,0859,0859,m0,322.2059005099165,23.049468715400398,331.755910185506,339.17320876881047,337.5081989337819,330.88845352324824,335.70528568207374,301.06289707165945
dscf26,generic,wide,0859,0859,m4,323.2513991359083,23.035399475453644,322.92686296303935,344.6883417305148,348.5433504356168,333.67184163551894,336.4598868779001,301.12134702447867
dscf26,generic,wide,0859,0859,m8,323.81526865058265,23.02783037962736,325.95865430307913,345.9813937108882,350.34047504267375,333.6280944348529,336.53489347011623,301.12450710969057
dscf26,generic,wide,0859,0859,m16,323.80844876023053,23.027921847579123,325.9781861448221,345.9040591551541,350.35819359619074,333.59327254161326,336.53299229038925,301.12450710969057
dscf26,generic,wide,0859,0859,m24,323.80844876023053,23.027921847579123,325.9781861448221,345.9040591551541,350.35819359619074,333.59327254161326,336.53299229038925,301.12450710969057
dscf26,generic,wide,0859,0859,rep16,335.70229033358606,22.87126056629594,402.2721344498228,380.88492312598055,364.58149444446707,334.36815445686847,338.3661073183842,301.08566552281263
dscf26,generic,wide,0859,0859,ref16,327.8367696489754,22.974226991255065,370.1879523180758,345.1443580852622,349.56445389683,331.33901301695494,337.3999412502809,301.14996997272095
dscf26,generic,wide,0860,0860,m0,444.0099912550408,21.65687618009798,411.28753507494736,363.06420365090116,383.3582054159152,348.18656576291517,335.7225246144735,581.9864390699096
dscf26,generic,wide,0860,0860,m4,436.8791792341403,21.727190132496403,360.6453547387478,347.03526164929303,374.05998301672287,347.5447211691436,335.0277563492321,581.9714207226084
dscf26,generic,wide,0860,0860,m8,436.81337785523107,21.72784430256078,359.67096611418896,347.0560811822812,373.86601671038346,347.9502363298572,335.0488942585713,581.973526524835
dscf26,generic,wide,0860,0860,m16,436.7994365245487,21.727982914149038,359.7265254376004,346.982493985596,373.74226512023705,347.9208506632612,335.04934626245165,581.973526524835
dscf26,generic,wide,0860,0860,m24,436.7994365245487,21.727982914149038,359.7265254376004,346.982493985596,373.74226512023705,347.9208506632612,335.04934626245165,581.973526524835
dscf26,generic,wide,0860,0860,rep16,452.2556459508132,21.576963635782306,446.3429407586594,403.65291525316417,405.06347152295734,348.36778152399216,334.3218975887884,581.9022666627437
dscf26,generic,wide,0860,0860,ref16,449.33761250250967,21.60507587459389,466.67591426520664,361.31685085585275,389.0065878439187,351.20865328608124,334.4746401150399,581.9384639502329
dscf26,generic,wide,0861,0861,m0,406.2638162536562,22.04272217106967,399.56196660513393,411.0897302141413,408.05309246681793,480.2127357569031,418.1789611060015,382.3783770947524
dscf26,generic,wide,0861,0861,m4,403.9996400933827,22.066993826521752,389.67110628274884,389.2928982550799,404.5505179678021,485.87167326456745,419.2681309251971,382.6923136801323
dscf26,generic,wide,0861,0861,m8,403.64915510661194,22.070763130858097,387.6046839505835,390.3198991600701,403.8705606566232,483.96296861624126,419.12960852790206,382.68463769007883
dscf26,generic,wide,0861,0861,m16,403.7036042329837,22.070177340944333,387.9108925601288,390.60534004462545,403.8642955960888,483.96727903922147,419.134465682409,382.68400797692675
dscf26,generic,wide,0861,0861,m24,403.7036042329837,22.070177340944333,387.9108925601288,390.60534004462545,403.8642955960888,483.96727903922147,419.134465682409,382.68400797692675
dscf26,generic,wide,0861,0861,rep16,417.5375233234709,21.92384850054156,431.7228515595428,452.8911088190818,425.8126505443221,501.9580371918339,422.5946209799614,382.8413397719218
dscf26,generic,wide,0861,0861,ref16,410.99076367821453,21.992482989155825,431.99395098893234,414.75010248949366,408.4143994549845,487.6689430463149,420.3824058954042,382.8319115281031
dscf26,generic,wide,0862,0862,m0,35.063114290725466,32.68229873547948,34.777997487627054,31.45086505615084,33.70661479065244,38.943780873049306,34.00612699517015,36.21839919283928
dscf26,generic,wide,0862,0862,m4,34.37706571988241,32.76811556464756,31.09223289730892,31.190096391287007,31.592048673157432,37.737951084904836,33.840625146014,36.21032289445668
dscf26,generic,wide,0862,0862,m8,34.42995452440643,32.76143911785438,31.518873291095765,31.185191625751468,31.67129873064255,37.8551643839403,33.83167808096049,36.21112463796267
dscf26,generic,wide,0862,0862,m16,34.429557175428094,32.761489239170785,31.519804347553112,31.182547534917713,31.670311645825276,37.854400749948084,33.83128925559901,36.21112463796267
dscf26,generic,wide,0862,0862,m24,34.429557175428094,32.761489239170785,31.519804347553112,31.182547534917713,31.670311645825276,37.854400749948084,33.83128925559901,36.21112463796267
dscf26,generic,wide,0862,0862,rep16,36.35016634931521,32.52573958205884,43.934025371156764,37.02333453899424,34.42332619483535,37.935007199022486,33.90286793543632,36.20798883486741
dscf26,generic,wide,0862,0862,ref16,36.597152467115976,32.496330655261865,49.968958443432314,32.685222118933204,34.245759398967046,38.82569695492214,33.941551686393794,36.219574654531755
dscf26,generic,wide,0863,0863,m0,140.95349218028468,26.640045207039947,141.31902248133684,120.96401256777878,113.93200960523491,107.49107257403979,170.60563398932433,137.06534597079977
dscf26,generic,wide,0863,0863,m4,137.69090231232076,26.74175114918064,107.65959817426285,121.57789018159778,112.44572874628834,107.70286967414359,170.22915537473398,137.0942731973687
dscf26,generic,wide,0863,0863,m8,137.64036269190802,26.7433455252141,106.70367020414577,121.7268537288389,112.63452957788881,107.7210950739014,170.26523317614718,137.0880810100054
dscf26,generic,wide,0863,0863,m16,137.62295022756896,26.743894972731002,106.5663893589742,121.72098824082993,112.60978390402566,107.70735219146624,170.26153468968013,137.0880810100054
dscf26,generic,wide,0863,0863,m24,137.62295022756896,26.743894972731002,106.5663893589742,121.72098824082993,112.60978390402566,107.70735219146624,170.26153468968013,137.0880810100054
dscf26,generic,wide,0863,0863,rep16,154.7871423827427,26.23345478320391,219.62593191800542,175.22322480303092,131.94603303761227,112.07971659133217,170.2836539899839,137.08619035640712
dscf26,generic,wide,0863,0863,ref16,146.2485607119561,26.47988760150828,196.01283597160167,126.64640996800975,114.09793999779279,106.06993537659602,169.94595566234068,137.09057422671248
dscf26,generic,wide,0864,0864,m0,99.69768505024378,28.143952866242298,176.49037835655523,149.98396397157853,96.19138891937305,92.97904318575692,99.30475910620044,71.86595782858355
dscf26,generic,wide,0864,0864,m4,96.70190754933854,28.27645319773733,150.84074007764426,144.28406826863215,93.66194266373948,93.4361287411678,99.4901864088091,71.88441353057355
dscf26,generic,wide,0864,0864,m8,97.07162751070993,28.259880497665527,152.20454720053897,146.49741575750832,94.22703834240451,93.30256126634083,99.53226410706932,71.883935390395
dscf26,generic,wide,0864,0864,m16,97.07626003351247,28.259673245439792,152.17606900176085,146.59441981040058,94.20351139890363,93.32129284310986,99.52932817091862,71.883935390395
dscf26,generic,wide,0864,0864,m24,97.07626003351247,28.259673245439792,152.17606900176085,146.59441981040058,94.20351139890363,93.32129284310986,99.52932817091862,71.883935390395
dscf26,generic,wide,0864,0864,rep16,108.09430149917877,27.792775613891095,215.1042442566969,194.94074153140525,101.80391501324316,94.87943511948096,100.15296280068414,71.86531744248232
dscf26,generic,wide,0864,0864,ref16,101.49339993093665,28.06642559670618,187.98598294316673,156.92684924806895,95.48479899674813,92.82294014552336,99.96567631647427,71.88943774917928
dscf26,generic,wide,0865,0865,m0,132.0077744572747,26.924808515979137,128.84153249712486,131.5609026612229,98.1069229907439,115.70030348911331,145.459268805516,134.05452174280268
dscf26,generic,wide,0865,0865,m4,130.23852819318387,26.98340881194332,118.97135679345304,121.65595955353807,107.3763051469056,113.07910556501731,143.674380424088,133.8959336018129
dscf26,generic,wide,0865,0865,m8,130.09319961626477,26.988257656615943,118.80200879246956,120.90751151462084,107.13240906566705,112.54451883971021,143.66619798534353,133.90014514864305
dscf26,generic,wide,0865,0865,m16,130.10351164502242,26.98791342035198,118.91114717020169,120.8653637051728,107.15788825681521,112.56347792893598,143.6670327507881,133.90028052216783
dscf26,generic,wide,0865,0865,m24,130.10351164502242,26.98791342035198,118.91114717020169,120.8653637051728,107.15788825681521,112.56347792893598,143.6670327507881,133.90028052216783
dscf26,generic,wide,0865,0865,rep16,144.446373069515,26.533737193306237,166.93544851644356,159.5633446490691,125.45085823490302,139.3174636628806,153.80389875269904,133.99758005767
dscf26,generic,wide,0865,0865,ref16,134.61177383000737,26.839973137156242,151.063293978211,130.37170943288427,104.7687552922957,117.0869561297275,145.80339166649205,133.76035219657814
dscf26,generic,wide,0866,0866,m0,78.81216600720458,29.164870974143273,217.4477132250964,175.36445959206222,136.39718080444692,150.0343587364403,68.26496281886897,2.8689422956172264
dscf26,generic,wide,0866,0866,m4,74.20662450225566,29.426376839398877,181.62073164617306,169.29416313818717,131.3391172836918,147.23828246480537,67.88096176243656,2.867379640125012
dscf26,generic,wide,0866,0866,m8,74.2513197526212,29.42376183603413,181.6190671466357,169.42255186068238,131.78934177276162,147.2923389521756,67.84984599472916,2.867379640125012
dscf26,generic,wide,0866,0866,m16,74.25384369615861,29.42361421359117,181.620941484361,169.49509319814914,131.75855637169155,147.28707638470152,67.84602240914926,2.867379640125012
dscf26,generic,wide,0866,0866,m24,74.25384369615861,29.42361421359117,181.620941484361,169.49509319814914,131.75855637169155,147.28707638470152,67.84602240914926,2.867379640125012
dscf26,generic,wide,0866,0866,rep16,94.28184447868416,28.386522906316735,285.5022257756475,257.6596735062449,150.25317759473384,156.7963855165052,69.01478310098803,2.872155221565212
dscf26,generic,wide,0866,0866,ref16,88.98272215537382,28.63774673335696,314.893789325275,185.18405566760302,136.6587577475971,151.46320425363754,68.79280443137277,2.871238180349962
dscf26,generic,wide,0867,0867,m0,227.30834183207588,24.564649869768015,261.7565671128732,205.95945550533216,144.08884270862322,158.12284998896627,189.42250587239653,283.89929509633447
dscf26,generic,wide,0867,0867,m4,223.8479860559417,24.631271694467532,236.18615164044604,191.75347055747073,141.68219897740389,158.32682630574394,190.5584296318961,283.98995795984064
dscf26,generic,wide,0867,0867,m8,222.6366381966443,24.654837253198146,231.0776537493772,188.79152167011085,139.52022334543398,155.66480711538927,190.25589699140872,283.98755966196177
dscf26,generic,wide,0867,0867,m16,222.58187970924038,24.655905551486757,230.56888497720817,188.70736348314034,139.5541349043859,155.64989538833908,190.24830336809018,283.98808773754405
dscf26,generic,wide,0867,0867,m24,222.58187970924038,24.655905551486757,230.56888497720817,188.70736348314034,139.5541349043859,155.64989538833908,190.24830336809018,283.98808773754405
dscf26,generic,wide,0867,0867,rep16,233.34962781808943,24.450732483258825,285.4118959580692,242.3756448120946,149.83530401453325,157.50834121579152,190.19163965533585,283.88228411364025
dscf26,generic,wide,0867,0867,ref16,237.08677571535932,24.381730303988633,321.84088425982327,233.97076727835358,154.06358613716426,161.77310038307093,191.71789689554163,283.8637437624741
dscf26,generic,wide,0868,0868,m0,186.7387075104557,25.418460123037875,174.29016121295692,130.03753694821455,86.54174758185536,160.57371791261673,166.6787402665442,244.82797365742456
dscf26,generic,wide,0868,0868,m4,185.2422278607772,25.453403653662676,164.5145807650869,129.70178838572926,82.19070807702943,159.0626622007569,166.352426652757,244.86203020810208
dscf26,generic,wide,0868,0868,m8,184.68437413834772,25.466502088633405,161.89469342601575,126.27180161628034,82.24842126946018,158.6974408137327,166.38024137129366,244.8723661261607
dscf26,generic,wide,0868,0868,m16,184.66315419641396,25.467001114780395,161.59724241675698,126.3360182010446,82.25983550947143,158.69633455367213,166.37938335879267,244.8724231701027
dscf26,generic,wide,0868,0868,m24,184.66315419641396,25.467001114780395,161.59724241675698,126.3360182010446,82.25983550947143,158.69633455367213,166.37938335879267,244.8724231701027
dscf26,generic,wide,0868,0868,rep16,197.48321953655199,25.17550162030964,249.17484025026218,179.2585193779071,101.13415910036235,144.2057075333564,165.00582196486766,244.83994287960675
dscf26,generic,wide,0868,0868,ref16,197.30470437719563,25.179429205184064,280.91905509654646,131.64305082048773,88.64443998784876,167.36686455826555,166.09056958033315,244.81795797867983
dscf26,generic,wide,0869,0869,m0,295.97288085028356,23.41828441148964,297.3258272692081,261.546031444943,263.97134656438175,278.50168196532866,327.869054643404,291.33075004735156
dscf26,generic,wide,0869,0869,m4,292.6585852899099,23.46719091979155,268.05356192340014,258.1227264834848,264.45890721302413,277.49799729559254,326.94522499929883,291.306289513376
dscf26,generic,wide,0869,0869,m8,292.66268679773407,23.467130055363732,267.85651934506194,258.2526107119519,264.4708110538627,277.422917294468,327.00426121399903,291.3053760821433
dscf26,generic,wide,0869,0869,m16,292.68006193625484,23.466872226021852,267.88741450403467,258.34667938994613,264.5024798331306,277.4452801621453,327.0105473625797,291.3055178848445
dscf26,generic,wide,0869,0869,m24,292.68006193625484,23.466872226021852,267.88741450403467,258.34667938994613,264.5024798331306,277.4452801621453,327.0105473625797,291.3055178848445
dscf26,generic,wide,0869,0869,rep16,310.07531758426416,23.216131636843848,381.961431716386,318.9396158023086,275.5461019514495,282.4142481916695,327.60726570510036,291.3085429729598
dscf26,generic,wide,0869,0869,ref16,300.42744183217474,23.353407611244382,340.66643739250975,260.07825121706725,269.72436277737035,279.8995661623962,327.82910309910454,291.30007951515387
dscf26,generic,wide,0870,0870,m0,332.5445525890648,22.912305228155777,288.0307487292238,306.3651207962495,335.61525603663705,325.0279791283131,312.0436573079941,365.06654862136804
dscf26,generic,wide,0870,0870,m4,327.97908991711915,22.97234204421737,264.90413817580514,289.3401982029078,330.12558881705166,323.7387636923702,310.6996333184004,365.0928258852672
dscf26,generic,wide,0870,0870,m8,327.97808840264344,22.972355305821168,263.9126177845884,289.77123291324034,330.6457357804383,323.8531027796453,310.7003419529098,365.0924527023516
dscf26,generic,wide,0870,0870,m16,327.9608770398756,22.972583217266337,263.836540190675,289.80299998224467,330.5828324825386,323.7685652657309,310.6992316243909,365.0907042083894
dscf26,generic,wide,0870,0870,m24,327.9608770398756,22.972583217266337,263.836540190675,289.80299998224467,330.5828324825386,323.7685652657309,310.6992316243909,365.0907042083894
dscf26,generic,wide,0870,0870,rep16,350.3938752146954,22.685238546495732,374.69893514319057,377.258016526431,367.94506139326995,340.531137471449,310.6346989647002,365.0965191985037
dscf26,generic,wide,0870,0870,ref16,344.7471497147452,22.755796766459117,394.0571094486698,327.1703041597858,341.65044435081415,328.8110697694766,311.10302483674354,365.0685140886076
dscf26,generic,wide,0871,0871,m0,132.16013214452028,26.91979896648207,237.3220928712651,202.17419169588973,135.69070317595498,93.09973891221885,95.65020124802359,124.07485167886442
dscf26,generic,wide,0871,0871,m4,124.79774489554757,27.16873623183913,174.93668052394295,182.11273376384682,137.9937673394628,93.76627301280708,95.41717961819629,124.07998073099117
dscf26,generic,wide,0871,0871,m8,124.89102549931516,27.16549129188404,176.43403755639068,181.91859034581944,137.78581157385818,93.63069925801467,95.417510424791,124.07971781142072
dscf26,generic,wide,0871,0871,m16,124.9050698783565,27.165002941870675,176.53085998275824,181.9847253896492,137.78729787375826,93.62632073601209,95.41557027472102,124.07971781142072
dscf26,generic,wide,0871,0871,m24,124.9050698783565,27.165002941870675,176.53085998275824,181.9847253896492,137.78729787375826,93.62632073601209,95.41557027472102,124.07971781142072
dscf26,generic,wide,0871,0871,rep16,142.91992920991842,26.57987568449105,310.4681941816621,244.55333509269883,136.79047816450702,94.50954493915224,95.82681961276408,124.06130350032426
dscf26,generic,wide,0871,0871,ref16,145.22222892106095,26.510472626934714,371.8876826255619,209.77270881420122,138.60966088205012,92.65390617987887,94.69334727695544,124.03588902734029
dscf26,generic,wide,0872,0872,m0,276.206152965158,23.718470118640692,307.87299547292105,242.8425214899678,283.57898227871084,290.7977881891046,311.26401130168347,246.3298529852565
dscf26,generic,wide,0872,0872,m4,270.1302166739568,23.81507193930478,248.36375650733308,237.14824960559744,284.2446027592938,290.52410443723613,310.89230179818287,246.34187798854208
dscf26,generic,wide,0872,0872,m8,270.17352983629524,23.814375639582295,248.94409121326476,236.99601713037802,284.23837075206575,290.4415184093988,310.92680993614465,246.34352500950638
dscf26,generic,wide,0872,0872,m16,270.1836995040655,23.814212168813103,249.0487700960399,237.0533810281191,284.211419234885,290.41931879239183,310.9247758612424,246.34352500950638
dscf26,generic,wide,0872,0872,m24,270.1831434875429,23.814221106256642,249.04276511759633,237.0533810281191,284.211419234885,290.41931879239183,310.9247758612424,246.34352500950638
dscf26,generic,wide,0872,0872,rep16,302.6044071350118,23.32205112063496,479.24914342935836,346.21717685279333,302.11503894572314,293.22342295485726,310.013515137209,246.34143869790623
dscf26,generic,wide,0872,0872,ref16,298.34646496881714,23.383594645018757,539.5261940043597,257.72422989557407,283.5402120151444,287.1070335561851,310.05990881765274,246.34331123613137
dscf26,generic,wide,0873,0873,m0,313.5365680719637,23.16792160563359,288.9202844205641,274.53666872943194,300.8557782118847,366.727418019468,274.15908384135435,348.58797023278055
dscf26,generic,wide,0873,0873,m4,311.9567316640124,23.18985999229814,266.0566214345022,270.1846803621933,304.2245802090143,370.9241172836678,275.2823223693094,348.57888360407213
dscf26,generic,wide,0873,0873,m8,312.03684282650875,23.18874485786649,266.8261766947765,270.73874981839265,303.8425723969988,370.6987341968209,275.31774879947494,348.5794274056704
dscf26,generic,wide,0873,0873,m16,312.07314661008405,23.18823960933134,266.9811035087362,270.8889674756342,303.8937856777004,370.76678517697667,275.3140953063546,348.5794274056704
dscf26,generic,wide,0873,0873,m24,312.07314661008405,23.18823960933134,266.9811035087362,270.8889674756342,303.8937856777004,370.76678517697667,275.3140953063546,348.5794274056704
dscf26,generic,wide,0873,0873,rep16,326.67486070723686,22.989646462767933,335.5178945769173,337.15563788200285,330.22570974510415,376.4343178116782,274.41221734103436,348.5712308605629
dscf26,generic,wide,0873,0873,ref16,315.6450129965059,23.138814287448767,313.5870392917875,276.12442027428904,299.0960216050736,365.28515750855536,273.960973376151,348.59077170362235
dscf26,generic,wide,0874,0874,m0,104.82386331845414,27.926201991383532,81.63736052638603,80.91848959153441,79.70333635532373,75.09023793130191,107.54065180837588,125.7592705732232
dscf26,generic,wide,0874,0874,m4,103.22179811391821,27.99308940699461,70.00814904121428,78.25804065224884,79.22102879333653,73.24102453288495,107.08037871869529,125.8204207489795
dscf26,generic,wide,0874,0874,m8,103.09865279126468,27.998273705518276,68.943983284603,78.08294242749915,79.05138031900722,73.12308074065744,107.12631127514132,125.82524207598607
dscf26,generic,wide,0874,0874,m16,103.09417040135982,27.99846252656176,68.90922528695731,78.08872726967881,79.04361046704102,73.10672971693774,107.1269578107906,125.82524207598607
dscf26,generic,wide,0874,0874,m24,103.09385303722124,27.998475895863415,68.90922528695731,78.08513047610802,79.04361046704102,73.10672971693774,107.1269578107906,125.82524207598607
dscf26,generic,wide,0874,0874,rep16,107.36850183868987,27.822034676234697,92.368508087933,92.12809377883768,85.91764780582994,75.52787603538061,107.50169225772275,125.80275892508378
dscf26,generic,wide,0874,0874,ref16,105.27128200965403,27.90770448996504,85.60947674690092,82.4116225741875,79.61056908806127,74.13005356183392,107.59043981414932,125.80740391401837
dscf26,generic,wide,0875,0875,m0,215.28492171862024,24.80066747410962,270.12184421079377,201.1792604130877,228.64477933773378,266.23856703633646,195.70227270681633,205.764700461543
dscf26,generic,wide,0875,0875,m4,204.55640445200575,25.02267279504192,204.49483475526188,177.8244120445193,223.26384845215117,243.48757728879758,194.43855346626341,205.80718860211914
dscf26,generic,wide,0875,0875,m8,204.2422614884158,25.02934750285473,201.90337252807402,177.11708189741591,222.96887694692458,243.30456621680798,194.53805761464136,205.80770962902554
dscf26,generic,wide,0875,0875,m16,204.21654144501693,25.029894440409116,201.68153801566157,177.1100896604919,222.8875545947102,243.30856427935552,194.5451261363091,205.80770962902554
dscf26,generic,wide,0875,0875,m24,204.21654144501693,25.029894440409116,201.68153801566157,177.1100896604919,222.8875545947102,243.30856427935552,194.5451261363091,205.80770962902554
dscf26,generic,wide,0875,0875,rep16,282.87221267748174,23.614900732679285,706.4795043130067,492.204078982886,239.7272374742059,273.4811326340484,195.53959240851032,205.88087348275693
dscf26,generic,wide,0875,0875,ref16,263.29802182343104,23.926327646345932,779.7039672033422,215.71979159327753,236.0757350186969,254.51715175846886,195.13351686164103,205.79489651036772
dscf26,generic,wide,0876,0876,m0,182.40529315885072,25.520429240447754,170.82356038706178,150.84224091033286,167.9210632432121,203.54891822225778,191.1456425752751,185.00611469790363
dscf26,generic,wide,0876,0876,m4,178.7206716915639,25.609055728705954,145.6992826263686,142.38902290957466,163.19146149078597,201.43264594069203,191.03396682183234,184.96211830393142
dscf26,generic,wide,0876,0876,m8,178.4718748139282,25.615105750163742,143.9993684583492,141.82648766195754,162.97915044289667,201.32948172814878,190.9769349028774,184.96187118235667
dscf26,generic,wide,0876,0876,m16,178.47661099082453,25.614990501293203,144.04440118206892,141.8480064850543,162.98629897412548,201.32266786110296,190.97187132983572,184.96187118235667
dscf26,generic,wide,0876,0876,m24,178.47633847594395,25.614997132514993,144.042975444347,141.84641412759782,162.98629897412548,201.32266786110296,190.97187132983572,184.96187118235667
dscf26,generic,wide,0876,0876,rep16,187.34208469909427,25.40445012219116,199.35478223387764,171.0134815508306,169.9504652731709,206.81988298713668,191.49175400313044,184.97950275825042
dscf26,generic,wide,0876,0876,ref16,186.67045723768564,25.420047696133597,206.92410963350028,158.07083097741787,169.41414961987255,203.93428589384516,191.63963923026796,184.98831896905335
dscf26,generic,wide,0877,0877,m0,21.50685242326599,34.8050350581434,24.395916988568082,15.571473246225118,13.189609018297926,19.267750019883213,16.551781021744194,28.043296526416295
dscf26,generic,wide,0877,0877,m4,20.55198884129593,35.00226505409782,16.324171388137234,13.974675082755722,11.840802829407608,19.33474252150951,16.692383222853948,28.05018260720289
dscf26,generic,wide,0877,0877,m8,20.535666557751558,35.005715568847044,16.16851353500478,14.00733971087744,11.807852536455925,19.326532096262973,16.68726302525423,28.050262749317387
dscf26,generic,wide,0877,0877,m16,20.537147178783247,35.005402453924724,16.17520544926175,14.009845099797246,11.81440711515672,19.32817140788062,16.687116551383962,28.050262749317387
dscf26,generic,wide,0877,0877,m24,20.537147178783247,35.005402453924724,16.17520544926175,14.009845099797246,11.81440711515672,19.32817140788062,16.687116551383962,28.050262749317387
dscf26,generic,wide,0877,0877,rep16,22.638680396908796,34.58229252532035,31.343118107481732,20.297405789709302,12.645521743026109,19.997088030181658,16.770221573562317,28.041329312302565
dscf26,generic,wide,0877,0877,ref16,23.783431549652242,34.36805844665964,46.926413077806224,17.12538498545752,12.870744008643104,19.700585882110726,16.699933174593838,28.0563304259655
dscf26,generic,wide,0878,0878,m0,224.19196910222254,24.624603094200953,228.64906023390068,193.145213996994,187.18459212809051,160.77482942617215,185.04648473883992,279.84801396011716
dscf26,generic,wide,0878,0878,m4,219.56588745066344,24.715154934082918,191.41897968458184,188.02316421378896,182.8226659004916,158.3224337934429,184.40454959835662,279.8747590433075
dscf26,generic,wide,0878,0878,m8,219.45856391782672,24.7172782790981,190.00831810120337,188.17580529490388,183.0162104499953,158.23645055052336,184.4055951231975,279.87512955197667
dscf26,generic,wide,0878,0878,m16,219.46725835368434,24.71710622517349,190.11348426044955,188.11727399552873,183.03424055921195,158.23777682317476,184.414715232394,279.87512955197667
dscf26,generic,wide,0878,0878,m24,219.46725835368434,24.71710622517349,190.11348426044955,188.11727399552873,183.03424055921195,158.23777682317476,184.414715232394,279.87512955197667
dscf26,generic,wide,0878,0878,rep16,236.04173978293306,24.400915538530626,280.98217229264736,245.7173923287817,213.11290981093686,163.66744529201557,184.94385244530906,279.81844376928314
dscf26,generic,wide,0878,0878,ref16,229.00743448340506,24.53230779389555,274.9201093540449,197.9695735882113,187.67992574065505,159.62672384936852,185.59846260859715,279.85760685607454
dscf26,generic,wide,0879,0879,m0,330.1592948583655,22.94356832547157,169.19628031793513,172.1732040785697,269.0453018507845,346.06047930388405,338.24599335817913,410.1189307561022
dscf26,generic,wide,0879,0879,m4,331.0126878756911,22.932357200565644,160.1157816256254,186.04916416769387,262.4779339960104,361.60795418769465,336.9069427575513,410.5174073880733
dscf26,generic,wide,0879,0879,m8,331.86073944739485,22.921244843252154,155.03905165069415,187.77927303218954,269.8583765839583,369.7081855812327,336.5384727990699,410.5263731915191
dscf26,generic,wide,0879,0879,m16,331.78054263756195,22.922294477537616,154.2477645093158,187.6469159644094,269.7936183226554,369.81121102589105,336.54037267769996,410.5302200981656
dscf26,generic,wide,0879,0879,m24,331.78054263756195,22.922294477537616,154.2477645093158,187.6469159644094,269.7936183226554,369.81121102589105,336.54037267769996,410.5302200981656
dscf26,generic,wide,0879,0879,rep16,340.7473708782512,22.806478472562034,230.10324326648166,228.55287551960265,268.8155467226328,351.1788513259342,336.28402762428146,410.44599904497426
dscf26,generic,wide,0879,0879,ref16,345.7191284904387,22.743569513341292,236.83643941728968,217.05452970090752,306.1746411079847,378.92165830223183,336.1021478979181,410.63764573236136
dscf26,generic,wide,0880,0880,m0,180.22100291439787,25.57274958696007,213.23222977335593,215.15452729223188,234.89792429371934,208.86410004278545,179.0373320727026,146.96856365128696
dscf26,generic,wide,0880,0880,m4,175.7732382546652,25.681276070985884,176.07699012495786,208.47309757303177,232.52816547200095,208.92584447463665,178.24342820672462,146.95248102188148
dscf26,generic,wide,0880,0880,m8,175.63677289221144,25.68464911984527,175.26688557303382,208.67276151373477,231.99323807882027,208.48646122599047,178.24352273477197,146.9543423657163
dscf26,generic,wide,0880,0880,m16,175.63395951010278,25.68471868649074,175.20897821689184,208.70441849156117,231.9811297214722,208.50671505546708,178.24046336674172,146.9543423657163
dscf26,generic,wide,0880,0880,m24,175.63405564934376,25.68471630923235,175.21001652069447,208.70441849156117,231.9811297214722,208.50671505546708,178.24046336674172,146.9543423657163
dscf26,generic,wide,0880,0880,rep16,191.01180479887938,25.320201527793998,245.78955806591753,278.55325335325506,250.44808156591697,215.73365867054494,180.26552801947088,146.9541097820645
dscf26,generic,wide,0880,0880,ref16,187.26654796844062,25.406201559979174,274.26032557823345,228.40716242361623,237.57994477255937,209.39380022418683,178.89339618240686,146.96298343641857
dscf26,generic,wide,0881,0881,m0,190.83228119800208,25.324285190096813,163.45127329962352,169.8821205887156,154.67886231840626,186.45324663101638,197.96886786604497,206.05917153367756
dscf26,generic,wide,0881,0881,m4,188.17754827819854,25.385125549570482,141.28382915547928,165.07369454245386,153.86288997620608,185.26179000894894,197.88457609646468,206.08122345171864
dscf26,generic,wide,0881,0881,m8,187.7765375111202,25.39439034205218,138.32490841867136,164.16478903188127,153.59241862211752,185.0562048485813,197.86458234352233,206.07514962749082
dscf26,generic,wide,0881,0881,m16,187.7654249203154,25.394647364561,138.206567284487,164.15975728087878,153.62403960759772,185.05183961655706,197.85752252854772,206.074944282655
dscf26,generic,wide,0881,0881,m24,187.7654249203154,25.394647364561,138.206567284487,164.15975728087878,153.62403960759772,185.05183961655706,197.85752252854772,206.074944282655
dscf26,generic,wide,0881,0881,rep16,196.88106896393938,25.188764021688982,193.41842118392495,201.70047083817985,158.99430254396148,184.6423178909429,198.82612899015052,206.09394960836673
dscf26,generic,wide,0881,0881,ref16,194.10844939417706,25.25035920557345,197.5465265832392,175.56812129465828,152.60988146114465,184.78033298675604,197.65264573950688,206.08769157861377
dscf26,generic,wide,0882,0882,m0,431.12015522963446,21.78482033907327,361.04758163691275,302.4286115586473,263.6917277077758,372.12441350604666,401.424273644819,548.4407952785199
dscf26,generic,wide,0882,0882,m4,416.9608388379614,21.929850931249163,241.74629054943722,268.68735804631194,272.07479785434776,362.63541403324825,401.07254854456494,548.4728927495795
dscf26,generic,wide,0882,0882,m8,417.30522332954456,21.926265401413406,243.92809757704867,271.3776288930555,271.7434702209782,362.41950093360293,400.90234334143366,548.4641642426446
dscf26,generic,wide,0882,0882,m16,417.35576250910793,21.92573946604076,244.31026603650722,271.3979975667829,271.9225806607308,362.3801419422794,400.90795233262776,548.4639614481819
dscf26,generic,wide,0882,0882,m24,417.3536315134869,21.925761640935303,244.28725128380012,271.3979975667829,271.9225806607308,362.3801419422794,400.90795233262776,548.4639614481819
dscf26,generic,wide,0882,0882,rep16,470.08925524509544,21.409000361657107,661.245016008166,396.5410097115839,287.0447572733952,383.8615804893166,401.2311655261952,548.5191221979784
dscf26,generic,wide,0882,0882,ref16,488.68999819096933,21.240469102680613,949.8100774809965,326.0628257494944,272.9881530679726,371.11819177782866,402.57549161200103,548.3192377013613
dscf26,generic,wide,0883,0883,m0,262.0967828728234,23.946186706697084,264.0279235003605,208.44086297499496,265.6759063031428,278.08219256932955,275.97035373818557,259.93482655377386
dscf26,generic,wide,0883,0883,m4,257.3744119682294,24.025149934875532,234.93238945330933,199.02980873858638,251.62330889272832,276.03512975329147,276.5080479619536,259.9241578066718
dscf26,generic,wide,0883,0883,m8,257.2821844072222,24.02670646486215,234.28012082788828,198.25253742368224,251.9627955213263,276.42267941477076,276.4174554569649,259.93025673304487
dscf26,generic,wide,0883,0883,m16,257.28644872513877,24.02663448341513,234.37005153883544,198.20030907935978,251.9422695255803,276.451281374269,276.41946385274304,259.92879236790196
dscf26,generic,wide,0883,0883,m24,257.28644872513877,24.02663448341513,234.37005153883544,198.20030907935978,251.9422695255803,276.451281374269,276.41946385274304,259.92879236790196
dscf26,generic,wide,0883,0883,rep16,271.00888250893394,23.80096835449606,314.34384242860955,250.19016590739946,264.46608591519833,279.5874801748227,277.736759880926,260.1088169715557
dscf26,generic,wide,0883,0883,ref16,279.09353106587633,23.67330590502362,384.65645614595087,225.02181559804478,297.888068483774,294.46851312086073,277.0756658811796,260.0818432842754
dscf26,generic,wide,0884,0884,m0,306.04214592562397,23.27299122351868,370.9604349990944,352.2683722262174,365.06477511979887,375.33120297759507,313.89389482584613,246.4882509622116
dscf26,generic,wide,0884,0884,m4,301.75907834842957,23.334200162581922,330.42020039815,340.58255783460277,370.1504197822099,381.76807264268166,312.2374065590338,246.5355760754011
dscf26,generic,wide,0884,0884,m8,300.7381414459146,23.3489184939847,325.12607992991553,336.68815386283256,368.6026570737907,381.7300946651686,312.0463236139806,246.53080438415725
dscf26,generic,wide,0884,0884,m16,300.75308481354887,23.34870270290338,325.1690518207052,336.7480815342442,368.6645690517872,381.75560468156567,312.0403096409578,246.53108246154525
dscf26,generic,wide,0884,0884,m24,300.75308481354887,23.34870270290338,325.1690518207052,336.7480815342442,368.6645690517872,381.75560468156567,312.0403096409578,246.53108246154525
dscf26,generic,wide,0884,0884,rep16,331.1791703552637,22.93017347019093,533.535488235972,453.4356608768302,391.3354848551823,372.28882900828717,310.96859311583574,246.48477439544737
dscf26,generic,wide,0884,0884,ref16,334.77686493680613,22.883249228293764,628.6207921494939,385.3904613817982,385.03270396106626,379.4020971035639,313.54260881060986,246.62616741005564
dscf26,generic,wide,0885,0885,m0,171.29359750972344,25.793392303493462,261.53714447407987,203.09238721182317,149.68118431457356,114.1676442781834,128.50414613900895,189.49613662260526
dscf26,generic,wide,0885,0885,m4,167.95802605439243,25.878795989668006,232.6314260627097,198.711728553115,149.97436141291578,112.89392872637542,127.7973849027602,189.49120876709745
dscf26,generic,wide,0885,0885,m8,168.12564560784855,25.874463958135443,233.67478001696685,199.82393919576603,149.65931175041786,112.9398972955709,127.78392233979882,189.48948387062174
dscf26,generic,wide,0885,0885,m16,168.24345891445745,25.87142172444874,234.69185743637635,200.0374108121655,149.74181892895922,112.94333409262974,127.77521557375053,189.48948387062174
dscf26,generic,wide,0885,0885,m24,168.24345891445745,25.87142172444874,234.69185743637635,200.0374108121655,149.74181892895922,112.94333409262974,127.77521557375053,189.48948387062174
dscf26,generic,wide,0885,0885,rep16,185.11459438194984,25.45639701111831,340.0333808669335,272.0062038662235,158.34112957752345,114.7445003977768,127.3851664969003,189.51480083443033
dscf26,generic,wide,0885,0885,ref16,178.57353988565652,25.612632530846007,336.58498192144197,208.3814834280781,152.83787490225166,112.0632049069896,127.65799891228761,189.49411412130192
dscf26,generic,wide,0886,0886,m0,187.8258584066309,25.393249785276254,85.8738198920956,118.86572467742506,160.29178651243987,179.95993262456315,161.33317791154823,255.3178175737899
dscf26,generic,wide,0886,0886,m4,186.423318150918,25.425801271477077,81.3213132202198,112.6571811031744,157.88788528875955,177.00305576237886,161.37148517081062,255.29959505295568
dscf26,generic,wide,0886,0886,m8,186.2254936461593,25.430412266931917,79.6948553687184,112.22403884066858,158.13856431824877,176.66831045987453,161.3583510539022,255.30009352308483
dscf26,generic,wide,0886,0886,m16,186.22558580746136,25.430410117648584,79.7109657310551,112.22079570628864,158.1526005583295,176.66140900514273,161.35212152036715,255.30001002400323
dscf26,generic,wide,0886,0886,m24,186.22558580746136,25.430410117648584,79.7109657310551,112.22079570628864,158.1526005583295,176.66140900514273,161.35212152036715,255.30001002400323
dscf26,generic,wide,0886,0886,rep16,189.7911845035352,25.348043245910876,101.04846156690799,124.53365186183842,165.14287508119983,176.63308807070067,161.06237172634104,255.2972224422793
dscf26,generic,wide,0886,0886,ref16,190.49854513164098,25.3318869762117,119.04020992888222,117.39681147134526,160.89244528715292,177.76045124626728,160.84121618684316,255.2939632872563
dscf26,generic,wide,0887,0887,m0,565.8943758359844,20.603449831643104,383.467317884651,361.28327427275576,398.17240038637703,427.24388913288925,583.1495421808643,710.9445897574726
dscf26,generic,wide,0887,0887,m4,568.5485576182867,20.583127987832704,398.8120138663564,363.00760928304675,405.4657789910048,432.0919369647404,583.6687480253165,710.7909642283056
dscf26,generic,wide,0887,0887,m8,568.963128270012,20.5799623807166,399.99462154852176,364.41951876129446,406.23954599595123,433.4634071935467,583.70591772065,710.7813224804595
dscf26,generic,wide,0887,0887,m16,569.0134984323897,20.57957791792406,400.1723685708943,364.6544222588011,406.3271264328419,433.4864795198702,583.7205056389072,710.7813224804595
dscf26,generic,wide,0887,0887,m24,569.0134984323897,20.57957791792406,400.1723685708943,364.6544222588011,406.3271264328419,433.4864795198702,583.7205056389072,710.7813224804595
dscf26,generic,wide,0887,0887,rep16,583.492966092237,20.470447358005575,501.15670520670454,423.33324407157073,405.1150720502925,431.7907361637759,584.2697610164228,710.8790459895422
dscf26,generic,wide,0887,0887,ref16,586.0994884285851,20.451090185559714,538.3219946774186,391.3487627943141,425.63662753602193,438.1089451141176,583.4901510645348,710.8206276047258
dscf26,generic,wide,0888,0888,m0,242.90925498657344,24.27636298870407,232.99308314720574,215.5287030457282,218.89379302968425,139.47892607326125,234.2374983300699,284.75378805041885
dscf26,generic,wide,0888,0888,m4,235.21548857701973,24.41614444900633,191.57850371419823,199.49985709314737,192.40510203553214,142.199302658391,232.65731661458227,284.7393472450831
dscf26,generic,wide,0888,0888,m8,235.1340295275265,24.41764874377811,192.9370752608191,197.27442908976653,192.14977225018947,142.21083930400948,232.70479290730103,284.73036402209
dscf26,generic,wide,0888,0888,m16,235.13959524354266,24.417545945763234,192.94347139361147,197.26636723234856,192.08737846951522,142.2778627321237,232.71850016317913,284.73515273307453
dscf26,generic,wide,0888,0888,m24,235.13959524354266,24.417545945763234,192.94347139361147,197.26636723234856,192.08737846951522,142.2778627321237,232.71850016317913,284.73515273307453
dscf26,generic,wide,0888,0888,rep16,262.6212326546027,23.937505254360154,368.4682827465675,270.78243708770447,235.36740750184026,146.28202543313583,235.60606777493982,284.7385795023357
dscf26,generic,wide,0888,0888,ref16,260.5681337778186,23.971590583580337,428.7162410439416,218.43539931012577,204.249608997689,140.38363323390573,235.77518737670331,284.7909332495882
dscf26,generic,wide,0889,0889,m0,254.76629036792653,24.069383974702966,411.58834038138775,364.6911367507806,324.2485855691273,270.0562583485337,248.20151275272408,177.49266967592325
dscf26,generic,wide,0889,0889,m4,248.20199995883766,24.182750842386895,361.2465573314232,352.0903972494967,318.79682213065183,267.3072314391955,247.8280511031204,177.4591552420713
dscf26,generic,wide,0889,0889,m8,248.22100750518854,24.182418268256576,361.25316320803694,352.84711437163105,318.8587278341478,267.1070373761894,247.6897003833821,177.4600270990696
dscf26,generic,wide,0889,0889,m16,248.22730557357033,24.18230807687218,361.3197269994258,352.8422183506046,318.89755009006814,267.09926696507347,247.6821786651237,177.46000904625893
dscf26,generic,wide,0889,0889,m24,248.22767135019413,24.182301677308203,361.3229958747875,352.8422183506046,318.89755009006814,267.1000605066479,247.6821786651237,177.46000904625893
dscf26,generic,wide,0889,0889,rep16,263.42449238226686,23.924242090274195,473.940512329498,390.7677301096942,328.25845897668864,272.9735173551427,248.25347721894482,177.49631415063968
dscf26,generic,wide,0889,0889,ref16,261.4589181899182,23.956769009534714,488.0964678958731,363.57529220118914,317.1109469814174,272.2206419125345,248.67050117410633,177.50534967382976
dscf26,generic,wide,0890,0890,m0,116.6156640067393,27.46323471381537,95.4998397853479,89.14932318896146,104.70601673857631,67.94611711318338,85.6256839673645,163.1842737149074
dscf26,generic,wide,0890,0890,m4,114.62960063125661,27.537835815362037,83.51322142210726,84.49594084241508,101.11144985979811,66.09491369403545,85.66262892627458,163.11338720596737
dscf26,generic,wide,0890,0890,m8,114.54782279645164,27.540935218730308,83.27870173688949,84.0282649869848,101.06696880180716,66.01285066920414,85.6305648307372,163.11407194749827
dscf26,generic,wide,0890,0890,m16,114.55183601038651,27.540783065149995,83.28230947639751,84.06897263497959,101.07952915339023,65.99773257096453,85.63142446226914,163.11407194749827
dscf26,generic,wide,0890,0890,m24,114.55183601038651,27.540783065149995,83.28230947639751,84.06897263497959,101.07952915339023,65.99773257096453,85.63142446226914,163.11407194749827
dscf26,generic,wide,0890,0890,rep16,121.05384933130009,27.3010175695581,110.66128519145794,114.25703514616941,115.544450700424,66.28966329358562,85.9496327010266,163.06008295141925
dscf26,generic,wide,0890,0890,ref16,117.7263526711544,27.42206671697994,108.5503489337351,88.09008820297865,104.74612281610456,67.05856000293683,85.93154073413609,163.129258132155
dscf26,generic,wide,0891,0891,m0,277.23758104928595,23.702282599784198,235.64728404526832,300.6692718497727,333.4069313678975,350.67586374625864,312.695268093009,228.71139974663384
dscf26,generic,wide,0891,0891,m4,271.3226416159526,23.795943241333116,189.48352642228005,289.4054151620692,325.02062526821487,348.88664746375434,313.49004222329273,228.66126451041907
dscf26,generic,wide,0891,0891,m8,271.3995769239526,23.794711945513253,189.63116349479395,288.0271986169795,326.9330198607006,348.85930773393164,313.59497409771046,228.655583327662
dscf26,generic,wide,0891,0891,m16,271.42986546909424,23.794227294276375,189.65006269024997,288.2976215965981,326.94642404595123,348.9456257753114,313.58291398736174,228.655583327662
dscf26,generic,wide,0891,0891,m24,271.42986546909424,23.794227294276375,189.65006269024997,288.2976215965981,326.94642404595123,348.9456257753114,313.58291398736174,228.655583327662
dscf26,generic,wide,0891,0891,rep16,290.68197848187936,23.4966225337848,289.2038707439346,349.27971555396545,366.49735728787385,358.2547050943166,315.65100263162236,228.72893607725527
dscf26,generic,wide,0891,0891,ref16,292.4579286416843,23.470169611263174,355.93912043139363,311.32509076233936,346.349760083687,370.12117795765573,314.5537289984389,228.71115337053953
dscf26,generic,wide,0892,0892,m0,422.6796097303322,21.870690631103177,591.7104969698904,537.8216997932249,530.2763028769664,435.71362405619374,373.94849833167416,363.6786867129788
dscf26,generic,wide,0892,0892,m4,416.66064159449064,21.932978825983596,569.3555660102486,515.2818882828285,518.1206945987648,430.4234241763148,372.17674003855643,363.590488523629
dscf26,generic,wide,0892,0892,m8,416.40327302391034,21.935662263631368,570.0594683994447,511.975338106857,518.8242357166861,429.68506946366347,372.05362754659143,363.59759163590905
dscf26,generic,wide,0892,0892,m16,416.3878992713121,21.935822609613467,569.8611759070308,512.0239594402204,518.8335546330152,429.6565643125216,372.0516566653913,363.5994870944978
dscf26,generic,wide,0892,0892,m24,416.3878992713121,21.935822609613467,569.8611759070308,512.0239594402204,518.8335546330152,429.6565643125216,372.0516566653913,363.5994870944978
dscf26,generic,wide,0892,0892,rep16,445.3782747966284,21.643513321978617,675.3006130960808,645.4424882017834,582.1512374818816,451.7036196162457,373.4726451689278,363.6021328718084
dscf26,generic,wide,0892,0892,ref16,436.3452708856954,21.732500874274972,712.7883537072051,562.6490493284368,531.2951088681751,442.2880275001816,372.7867317083054,363.61248523284814
dscf26,generic,wide,0893,0893,m0,64.96445251881993,30.0040457803863,87.66311008377163,56.266061165352205,85.76065172316115,90.15950292006488,70.65210644784977,47.53973537158938
dscf26,generic,wide,0893,0893,m4,60.73657795902725,30.296300417640598,52.893412935853654,50.221339280273604,81.11012024721015,87.99962052469722,70.95420791572612,47.549708665817825
dscf26,generic,wide,0893,0893,m8,60.88592347083798,30.285634634004598,53.73161251513148,51.13369217567265,81.26697786460382,87.84721414036763,70.91837770229587,47.54979002118204
dscf26,generic,wide,0893,0893,m16,60.893800454502276,30.285072811324444,53.8201442640599,51.14367461212333,81.27540497267525,87.84434957174305,70.91222598788923,47.54981217321337
dscf26,generic,wide,0893,0893,m24,60.893800454502276,30.285072811324444,53.8201442640599,51.14367461212333,81.27540497267525,87.84434957174305,70.91222598788923,47.54981217321337
dscf26,generic,wide,0893,0893,rep16,82.80992018957498,28.949979947892288,208.15013086834583,109.45168827004755,103.51693120034804,96.71601518746971,70.62430471723229,47.522175029977014
dscf26,generic,wide,0893,0893,ref16,89.66636136006122,28.604508143197343,312.43476382802504,79.49539279190519,98.54176771293388,95.59259451930363,71.9030594942432,47.52026137330111
dscf26,generic,wide,0894,0894,m0,68.93017171244527,29.746710004982763,63.873766942683794,53.21180330965831,53.101275421197755,92.95581515157005,90.71553301608205,56.581669543613714
dscf26,generic,wide,0894,0894,m4,65.86184958682682,29.9444643810463,46.574619447599424,40.40568815781574,48.57645224831999,94.14293919048443,90.59038380238586,56.536789784716454
dscf26,generic,wide,0894,0894,m8,66.09264164513664,29.929272504110294,47.796497622488445,40.6807414488843,49.091379985682146,94.52543251485726,90.65918382833031,56.5391300506941
dscf26,generic,wide,0894,0894,m16,66.09868761628229,29.92887524175991,47.847457644687566,40.726003690498686,49.08246056534663,94.54252683739618,90.64724441513395,56.5391300506941
dscf26,generic,wide,0894,0894,m24,66.09868761628229,29.92887524175991,47.847457644687566,40.726003690498686,49.08246056534663,94.54252683739618,90.64724441513395,56.5391300506941
dscf26,generic,wide,0894,0894,rep16,74.746552609887,29.39489193530685,133.01632262805592,56.68752994136715,51.38751559007942,87.02500346036763,89.75018883855559,56.55013259109091
dscf26,generic,wide,0894,0894,ref16,77.08618743348612,29.261037942154164,147.38913441236843,52.48940784946026,50.368826611226794,100.6688302050389,91.10446440153135,56.57100662818414
dscf26,generic,wide,0895,0895,m0,209.48538841067898,24.91926624515076,247.22149878585992,207.94766860753884,218.3382588610154,198.79581726638406,158.33111376691477,237.78976212853667
dscf26,generic,wide,0895,0895,m4,208.78206282066245,24.933871766556514,240.01854037622115,204.6784276204488,218.24862659568416,198.75676844170414,159.27790008262068,237.7971026720014
dscf26,generic,wide,0895,0895,m8,208.80897923274156,24.933311905444675,239.71848854786163,205.22774370807312,218.37997581935454,198.90016342249567,159.21886660356233,237.79714204772688
dscf26,generic,wide,0895,0895,m16,208.79930919884416,24.93351303374977,239.65436799314955,205.22456049221884,218.38814965594258,198.86965993897923,159.2126299583097,237.79714204772688
dscf26,generic,wide,0895,0895,m24,208.79930919884416,24.93351303374977,239.65436799314955,205.22456049221884,218.38814965594258,198.86965993897923,159.2126299583097,237.79714204772688
dscf26,generic,wide,0895,0895,rep16,222.1345460946933,24.664642561168336,294.27830447955733,274.7771939113194,233.36036926767787,207.74810632705015,159.83633070172232,237.81654055722666
dscf26,generic,wide,0895,0895,ref16,213.36713214008657,24.83952840950833,288.3129780384177,206.9444146086256,216.05415513935574,201.78769474551035,158.71447066241686,237.82630948272458
dscf26,generic,wide,0896,0896,m0,126.62866348740309,27.105483377663187,81.88909872582363,31.73448397543417,49.05327220352901,28.061449582642737,102.21542370496805,214.65763409964075
dscf26,generic,wide,0896,0896,m4,123.32502815151366,27.220291375969335,51.36840706103037,24.19801131380505,51.77264800280142,28.763529949913497,102.16178476149487,214.44291709722182
dscf26,generic,wide,0896,0896,m8,123.4879775516612,27.21455682925093,53.4274042476412,23.96691843545356,51.72133676224165,28.71254166706748,102.16331776474752,214.44456882571095
dscf26,generic,wide,0896,0896,m16,123.47247192977915,27.21510218022068,53.28678876607653,23.955555719651738,51.703205718908116,28.711269008053634,102.16382383407253,214.44456882571095
dscf26,generic,wide,0896,0896,m24,123.47237527270707,27.215105579978438,53.28574486969829,23.955555719651738,51.703205718908116,28.711269008053634,102.16382383407253,214.44456882571095
dscf26,generic,wide,0896,0896,rep16,143.91146394939463,26.549849697690018,246.2301759000955,50.83335667664451,54.10875325317906,27.497563575441166,102.4465686290431,214.49550179202035
dscf26,generic,wide,0896,0896,ref16,163.53041322099176,25.994818267110862,460.2504274548943,47.76560051363466,54.54261860488573,28.673491157262106,102.25348430837244,214.48512808238223
dscf26,generic,wide,0897,0897,m0,547.6827490510957,20.745512991611577,650.8785792544742,618.5242806540513,502.44970956598064,572.3286716453719,515.4333314890613,534.2565641638894
dscf26,generic,wide,0897,0897,m4,543.291152057389,20.78047728618916,587.8785021326876,595.5703045723943,520.552319297469,580.2647279040094,520.0574533006001,534.3830808068333
dscf26,generic,wide,0897,0897,m8,545.8186757466391,20.76031969448012,594.8747551184016,608.099507041796,526.4636343268413,581.3092764174438,520.7670486441755,534.3844479999792
dscf26,generic,wide,0897,0897,m16,545.8241503333999,20.760276134759597,595.3255239049545,607.5521855499389,526.524994405922,581.3343801301124,520.7848504993964,534.3844479999792
dscf26,generic,wide,0897,0897,m24,545.8249201400372,20.76027000966347,595.3255239049545,607.5521855499389,526.524994405922,581.3440607122101,520.7848504993964,534.3844479999792
dscf26,generic,wide,0897,0897,rep16,642.7254632309371,20.050548549179457,1276.3457929679053,920.0701142323572,586.7521645098461,590.6539089674956,522.3426894495273,534.5111252221175
dscf26,generic,wide,0897,0897,ref16,737.9612712792374,19.450467905232763,1861.5690697706148,1211.6440847661863,745.0533610682364,602.5648413321583,526.2770342114178,534.5535725628501
dscf26,generic,wide,0898,0898,m0,194.0174263154074,25.252396215937058,102.2416538297059,128.65666001017004,113.69593044654086,125.8568468631012,182.6516440064896,271.5026187604851
dscf26,generic,wide,0898,0898,m4,193.96782425690574,25.253506665387594,95.98292965190522,131.54794261187513,115.21566290053192,127.4572651580666,182.7912442025958,271.4547153055191
dscf26,generic,wide,0898,0898,m8,194.04847773245814,25.251701207230106,96.64864938893948,131.9711251247096,115.13453387214295,127.27339573300605,182.8141661528837,271.4463410229831
dscf26,generic,wide,0898,0898,m16,194.06529278773485,25.251324890475647,96.75809091225456,132.07456826044455,115.0950517333943,127.27524078842993,182.81678612473056,271.4463410229831
dscf26,generic,wide,0898,0898,m24,194.06529278773485,25.251324890475647,96.75809091225456,132.07456826044455,115.0950517333943,127.27524078842993,182.81678612473056,271.4463410229831
dscf26,generic,wide,0898,0898,rep16,197.47728101688608,25.17563221900587,124.23059327299931,140.11180904114354,116.84708399056659,126.44504062090395,183.09159799081283,271.45340253336974
dscf26,generic,wide,0898,0898,ref16,196.611726528881,25.194709439388955,129.49980944557961,130.33549630262206,113.55597672373291,123.95859885475775,183.02553525705247,271.4562375463547
dscf26,generic,wide,0899,0899,m0,214.21058295324406,24.822394377676854,237.73895477647747,203.91320708900312,207.85404238717925,199.88843665902684,215.83515991830606,214.09559080438086
dscf26,generic,wide,0899,0899,m4,201.97809732304722,25.07776084131569,172.7426707542191,169.18954116580045,189.77256405707615,191.4771573199178,212.39272022921432,214.04322308430864
dscf26,generic,wide,0899,0899,m8,201.08168807287916,25.09707838411439,167.1973004007792,167.40427092343867,187.6890333726591,190.9983351866263,212.34491942775844,214.04462696549916
dscf26,generic,wide,0899,0899,m16,201.07771478762703,25.09716419963171,167.15973998854844,167.3601375094455,187.7189573860678,191.0014717882353,212.3472481768128,214.04462696549916
dscf26,generic,wide,0899,0899,m24,201.07771478762703,25.09716419963171,167.15973998854844,167.3601375094455,187.7189573860678,191.0014717882353,212.3472481768128,214.04462696549916
dscf26,generic,wide,0899,0899,rep16,227.31611737407871,24.564501313089306,362.2739953556454,241.40176985180523,204.9665149832317,199.09752656223614,210.69931350608013,214.04741339969686
dscf26,generic,wide,0899,0899,ref16,236.34670881330075,24.395308018455392,474.42572316815506,223.6887891627562,201.3657543045965,191.77233352307957,214.56126328024538,214.13519578249452
dscf26,generic,wide,0900,0900,m0,341.18296167340327,22.800930260511592,572.6957953588608,405.8350224592782,293.96942416646755,355.87965109869805,412.6848276726849,225.83640750554258
dscf26,generic,wide,0900,0900,m4,339.2325944491867,22.825827870080406,540.8957518837625,393.5587684607795,309.12088361437543,357.50748001494804,415.5386609620579,225.55721687735348
dscf26,generic,wide,0900,0900,m8,340.17893763956897,22.81372940333524,546.9023943176138,396.38222877914893,310.8018501955595,357.83442884072656,415.45246298095867,225.55121218109545
dscf26,generic,wide,0900,0900,m16,340.4421515868588,22.810370342842518,548.5436106225617,397.29258985408825,311.12445229039173,357.8732361575994,415.45510389493114,225.55135208071405
dscf26,generic,wide,0900,0900,m24,340.4421515868588,22.810370342842518,548.5436106225617,397.29258985408825,311.12445229039173,357.8732361575994,415.45510389493114,225.55135208071405
dscf26,generic,wide,0900,0900,rep16,351.3510074210853,22.67339157749786,697.8550135106102,396.88860859741186,296.1501862859612,349.08688151920416,411.94698605728246,225.6486405325943
dscf26,generic,wide,0900,0900,ref16,376.57527980765474,22.37228553406848,919.2992605961089,440.5441391291635,301.0868993605654,352.7095030434948,412.6779416030278,225.55790910398255
