model,dataset,config,subject,key,cond,mse_y,psnr_y,mse_ring0,mse_ring1,mse_ring2,mse_ring3,mse_ring4,mse_ring5
dscf26,generic,small,0801,0801,m0,230.2224399224622,24.50932708561398,281.3849784046099,234.5697773053335,273.91169110333817,241.53742818682275,220.57176372439318,169.47778330737756
dscf26,generic,small,0801,0801,m2,228.67279632991972,24.538658582922757,273.5520847501498,232.50104170240263,270.45771811931485,243.84029776058932,220.39555714062382,169.5109811910562
dscf26,generic,small,0801,0801,m4,229.5007934126947,24.5229616958217,275.8952500792512,234.52847599241312,271.848759794646,244.1366993561619,220.54837021128913,169.51910230258935
dscf26,generic,small,0801,0801,m8,229.46250891813725,24.52368623064542,275.35744435468456,235.04526969229795,271.70416765483543,244.095130362481,220.51714946606285,169.52798083294945
dscf26,generic,small,0801,0801,rep8,256.13425020859853,24.04612704765607,361.02120916795946,342.37299224641635,280.8650209887664,245.2077473897054,220.65845739619132,169.4719260610969
dscf26,generic,small,0801,0801,ref8,237.91626906975276,24.366562201100187,327.469623750347,245.8600320959478,275.4538300161412,238.5706304415501,220.78998585882775,169.45121561731747
dscf26,generic,small,0802,0802,m0,167.5553391086472,25.88922089791933,301.20021319530576,152.45676245158162,168.26040747535572,159.76516183986934,139.80867860297872,131.2148305573925
dscf26,generic,small,0802,0802,m2,154.3969261403749,26.244417110700194,214.50133654098926,145.08067286155003,164.46824115487644,162.93078899851378,139.1909673651109,131.17047468268345
dscf26,generic,small,0802,0802,m4,149.81530836788048,26.375241683321203,192.77800816316298,137.35232218156656,161.27373168695456,161.49379111466467,138.9422483903197,131.16312350575157
dscf26,generic,small,0802,0802,m8,149.47518131617358,26.385112719681235,190.93100162801557,137.36983996633742,160.8740012778588,161.3268861175169,138.87315280786356,131.15864410004164
dscf26,generic,small,0802,0802,rep8,212.0138639831687,24.867160996819926,558.4050936991182,229.36421458603274,161.42802745432274,161.60381268017466,139.7099065179166,131.1718296852316
dscf26,generic,small,0802,0802,ref8,214.75628148916317,24.811344853323373,627.2028436251751,167.41253350576048,171.65793297837945,162.0979462382284,139.5359000861787,131.15248657089828
dscf26,generic,small,0803,0803,m0,236.5627335419548,24.391340309387566,193.5868931337893,233.87528947675835,271.1461824644104,309.12973023556714,232.48470570723802,212.2301298887901
dscf26,generic,small,0803,0803,m2,231.23052036108788,24.490352043477557,154.89507422732044,222.1382897395888,273.5589136351598,316.63525126653127,233.60349073286199,212.276158809042
dscf26,generic,small,0803,0803,m4,231.50436507096902,24.48521176708916,157.2812301324477,224.38996601585688,274.1830317573618,313.62616707595964,233.33738396078473,212.2712879771031
dscf26,generic,small,0803,0803,m8,231.59501806667936,24.483511479948152,156.73847117951394,225.67121800712582,274.4312981367046,313.49576780272577,233.29925073928732,212.26799242162517
dscf26,generic,small,0803,0803,rep8,251.034950392272,24.133461704393746,245.62570587304208,258.6024017887082,295.2665366758723,314.22657974939506,234.7848092844863,212.3666389727555
dscf26,generic,small,0803,0803,ref8,245.2099679434404,24.23542240311736,248.73193391640885,240.05555306871685,277.3576312830093,302.9003728112244,233.14252455439177,212.30033079661007
dscf26,generic,small,0804,0804,m0,314.8362970476466,23.149955650754674,533.752837453543,428.80505283403,246.47410147880782,248.78583491094412,204.9949165967632,355.6742400895518
dscf26,generic,small,0804,0804,m2,310.95338391509597,23.20385073531982,521.9818071157821,420.0977254485951,240.1013548525801,248.82453313584418,203.77552766368163,355.64307586648255
dscf26,generic,small,0804,0804,m4,310.7650110781104,23.206482450475924,522.6148083623822,421.2264289266523,237.94950175508995,247.26889216827738,203.75824213854773,355.68600940137077
dscf26,generic,small,0804,0804,m8,311.0113273377895,23.203041541217452,525.8622931840639,420.43780245051585,237.56042617911535,246.89961518651342,203.72879725775954,355.6662146697817
dscf26,generic,small,0804,0804,rep8,351.44652334393913,22.672211094167487,650.2250424582598,562.4877499278748,285.8387941465019,247.9959335797603,202.1310422326093,355.64321125331554
dscf26,generic,small,0804,0804,ref8,323.8970208280868,23.026734074359144,602.6064865830751,426.6865765958047,254.03737647273655,245.70642184424986,203.03141657351094,355.54402750541
dscf26,generic,small,0805,0805,m0,145.31149565736547,26.507803879802466,210.92454986660258,224.1357320147683,167.18505431608148,158.80500202424358,116.33897553283649,69.2479722528197
dscf26,generic,small,0805,0805,m2,143.17498554983896,26.572132129143963,202.47368967597532,218.4012287836017,167.4377945243222,157.75725164185562,115.8809835553758,69.19245295544675
dscf26,generic,small,0805,0805,m4,143.53592257822532,26.561197557901195,203.5125082297546,218.9944450295881,168.25677246647697,157.7383948280496,116.02500999308351,69.1948472170369
dscf26,generic,small,0805,0805,m8,143.56774927857217,26.560234688962254,204.17292965010023,218.71743520102322,167.96236781680363,157.8389987836858,116.02658009906115,69.19342388385493
dscf26,generic,small,0805,0805,rep8,168.20774411960286,25.87234374453641,290.13703530432934,283.96840192404363,191.23600875300357,162.75447629588461,119.8020697782298,69.18224800976282
dscf26,generic,small,0805,0805,ref8,162.3115284039758,26.027309935714204,317.0245473405924,232.91621576628341,172.85344018915728,161.18960977261176,117.52371149332537,69.24379160743757
dscf26,generic,small,0806,0806,m0,113.27726151094983,27.589376195075538,210.67684954801098,110.32260695458343,101.16993219374096,106.61330463235767,94.43068568550905,87.39900219150054
dscf26,generic,small,0806,0806,m2,109.53627381061717,27.73522397791778,168.00456926972518,118.60183498929422,106.98892613890992,109.24371803441669,94.70112874761976,87.41253969896661
dscf26,generic,small,0806,0806,m4,107.98780307482248,27.797056549775675,156.3738928857619,115.79098001395802,109.87601292507117,109.95462663964445,94.67882359911026,87.39697903017112
dscf26,generic,small,0806,0806,m8,107.97614202526404,27.79752554745758,157.11604115395753,114.99277356680912,109.78885598000674,110.02555360392458,94.65443484773395,87.39098376815579
dscf26,generic,small,0806,0806,rep8,117.47953278601089,27.431181501950572,196.57222711156825,131.73289710081346,122.37759001364311,113.83520126774535,94.8410809540619,87.39213643075338
dscf26,generic,small,0806,0806,ref8,131.74216354796,26.93355569462242,313.63937182291994,122.36061828950999,115.44273842515065,112.79154112177895,95.77805317697471,87.4215453971607
dscf26,generic,small,0807,0807,m0,164.85651969078154,25.959742337154566,233.33676615403445,282.620986872117,288.5812186605312,224.49297662887832,100.70112506513824,28.796768550387597
dscf26,generic,small,0807,0807,m2,152.73446375814672,26.291433164034963,183.2490685986022,249.96741611461297,285.2382137043569,222.1495947721459,99.37301531318089,28.81473921480704
dscf26,generic,small,0807,0807,m4,152.7853761996594,26.289985729877046,181.68537507627622,251.0453056415284,285.59621299949566,222.99687664201144,99.35926310984756,28.81050017592398
dscf26,generic,small,0807,0807,m8,153.4334242155239,26.27160383450786,179.92640244849525,257.8150956274627,286.18389365586467,222.62995663428535,99.35053360392179,28.81050017592398
dscf26,generic,small,0807,0807,rep8,171.09909785283025,25.798326412074097,260.2825948661076,294.8319481888741,299.67646265962907,222.96949830470558,100.26606316241337,28.75045253435836
dscf26,generic,small,0807,0807,ref8,173.0283016984725,25.749632157379715,279.2658911029836,290.8975095554755,296.37416076209405,227.31815017175703,99.46376755949373,28.81883308466677
dscf26,generic,small,0808,0808,m0,211.17112801900737,24.884458210552335,142.05520944034646,95.43446996036073,90.80116898496784,128.2570813042353,214.86129586458114,472.4615574848471
dscf26,generic,small,0808,0808,m2,204.97350934613482,25.013826241448236,118.40677240998801,86.1561798817034,83.85941346655439,124.08860703991378,213.4702282564906,472.2387445191883
dscf26,generic,small,0808,0808,m4,206.57051818807292,24.980120219121567,126.26585314384693,87.97751182016609,84.67561161799155,124.91718683226381,213.79812749152256,472.1905849013808
dscf26,generic,small,0808,0808,m8,206.09571076408105,24.990114074723706,123.03633162827599,87.88823792895778,84.11518725760111,125.29636016221858,213.80596747635238,472.2034254995754
dscf26,generic,small,0808,0808,rep8,219.74835266672292,24.71154732778227,201.29675389135284,103.0074282489961,94.29216547836496,120.13052527452118,214.86632101504523,472.14912066767766
dscf26,generic,small,0808,0808,ref8,234.93309804778912,24.421361551293728,319.0108894452566,101.4327280097957,87.93728752032773,122.46005846846157,213.9961736364242,472.23444930433976
dscf26,generic,small,0809,0809,m0,136.63307086082972,26.775245315511597,145.9999455866845,115.75946439643191,140.3266646508562,112.96521960229335,140.29089939215936,149.51516564825084
dscf26,generic,small,0809,0809,m2,134.55473093909944,26.841813887226188,135.78072076551013,112.37731408646641,138.31936509759075,113.11059446508402,140.2430813246466,149.46853870121893
dscf26,generic,small,0809,0809,m4,134.63855114638008,26.839109313442737,136.18718344837296,113.39817894775427,138.26937761828142,112.50276192396664,140.1536654187385,149.4637658618122
dscf26,generic,small,0809,0809,m8,134.64158584651258,26.83901142627315,135.9307925750797,113.36807642922187,138.6564387053888,112.54174126451281,140.13162541573985,149.46188801132337
dscf26,generic,small,0809,0809,rep8,144.00207356175022,26.547116150925056,165.73217106891667,144.42513492242895,150.97738661434047,110.98395110718093,140.2178306569407,149.4708894697253
dscf26,generic,small,0809,0809,ref8,138.37255372580216,26.720304047609062,158.82191620312366,117.92632238027075,138.75122762541926,112.81475590595774,140.0065684539127,149.51394935227634
dscf26,generic,small,0810,0810,m0,143.97902704445283,26.54781126427032,221.3916253211956,145.84266345102833,163.70311800816194,147.7993815703362,105.57131288161293,139.48711821264453
dscf26,generic,small,0810,0810,m2,138.87427963265765,26.70458541681349,192.3823057192099,142.69082006601468,160.2640941430931,144.92940836471982,105.53698401211865,139.51075019238226
dscf26,generic,small,0810,0810,m4,138.97852732171316,26.701326554775807,192.24118067304062,143.79365093569004,160.16536154937634,144.69011289848387,105.59267681807218,139.5216223854394
dscf26,generic,small,0810,0810,m8,138.9796804417001,26.701290521038842,191.66768153680246,144.00714913729917,160.43258028845477,144.8046971797977,105.61911991732018,139.52190084028732
dscf26,generic,small,0810,0810,rep8,170.5975758803198,25.811075051341806,316.7849698952968,238.24052317673613,175.83302186687578,150.43075717937597,105.66657955911175,139.5243368653027
dscf26,generic,small,0810,0810,ref8,163.96476804135804,25.983298218995692,362.6726105721878,152.44821324207513,162.4451881232736,146.95417350695018,105.47766019495721,139.61580040981303
dscf26,generic,small,0811,0811,m0,152.26992578016348,26.3046622481655,181.13852121292544,175.0460658198532,176.04123111658365,196.91804386167533,145.69345191743784,82.65686977040596
dscf26,generic,small,0811,0811,m2,147.31354724716752,26.44837673603334,155.40182871858332,162.72520387396042,176.37880551621558,196.67295304350608,146.07279343791546,82.69474667928651
dscf26,generic,small,0811,0811,m4,147.90500463749723,26.430974914709058,158.63879985404017,165.27445185508162,175.6181190477164,196.3702051091035,145.9066681850356,82.69349988267498
dscf26,generic,small,0811,0811,m8,147.93342861387438,26.43014037972341,157.84464819656841,165.6307422641488,176.0200062919628,196.60761310679928,145.9640640253764,82.69349988267498
dscf26,generic,small,0811,0811,rep8,157.09725347741133,26.16911768507959,193.36602411369884,192.2531256980822,186.06332873028464,197.5631052212143,144.79143697882614,82.70232908623558
dscf26,generic,small,0811,0811,ref8,157.92357426892804,26.146333960862584,215.60796010422305,177.37095775432982,179.97648279271175,197.184587292569,146.06343668930796,82.72031011099882
dscf26,generic,small,0812,0812,m0,347.6156539689774,22.71981035325834,297.21141428087464,283.17449795069916,434.17961289662406,435.74733796202383,405.092773968784,213.22433579244145
dscf26,generic,small,0812,0812,m2,341.3660379698216,22.79860049291249,281.1300306443719,261.91623988020575,417.1648089912351,425.382880752978,410.3341181724341,213.44749507875434
dscf26,generic,small,0812,0812,m4,340.9284233873681,22.8041715076337,276.06703767207017,259.7660292705646,416.66147971336403,431.283194435219,410.19649905185656,213.448245248574
dscf26,generic,small,0812,0812,m8,339.91861352024245,22.817054142083634,273.21183713671326,256.8669378551443,417.0969966412619,430.13240850730875,409.708954878572,213.3743193270488
dscf26,generic,small,0812,0812,rep8,367.2717251501838,22.480928659119982,331.05894275494364,348.41758568933034,429.89017842736797,424.87449008058434,430.03279798898654,213.55808273043678
dscf26,generic,small,0812,0812,ref8,351.58472323007686,22.670503646624724,374.4895928178438,281.97280802650323,387.47259355198247,414.97477501025645,408.7479922025951,213.40642128048
dscf26,generic,small,0813,0813,m0,272.32675366332444,23.77990051890766,226.65876962747623,184.479378920266,255.27817945698106,304.6807434946914,278.9905647978554,350.2982576588056
dscf26,generic,small,0813,0813,m2,259.8518159364285,23.983546046949293,162.46643800146316,174.28878805898754,247.903775103286,294.4092391088923,277.7715625008143,350.3900440146362
dscf26,generic,small,0813,0813,m4,259.6933548960507,23.986195239413398,163.56026642833552,175.63955854317507,245.64538073919758,293.83987803567857,277.31365586663645,350.3842600894847
dscf26,generic,small,0813,0813,m8,260.0721879082325,23.979864495940134,167.485385492653,175.76099431904416,245.74363320046336,292.40535915728526,277.22229073142887,350.374133866151
dscf26,generic,small,0813,0813,rep8,289.77703047771524,23.510164032390733,287.83749430308933,248.19462565125164,261.83736538303896,300.6158687704564,280.574197816406,350.70313267711913
dscf26,generic,small,0813,0813,ref8,297.2349890685459,23.399804297195228,399.46168270246744,200.46958616719633,254.28565266868364,295.7246686181525,279.57235336488486,350.53008365297876
dscf26,generic,small,0814,0814,m0,192.02670134302514,25.297187392494234,305.48830072344055,211.1391612796567,163.40334096288424,110.2420874956187,154.48454049220484,229.95004441574895
dscf26,generic,small,0814,0814,m2,190.3292445142322,25.33574837134967,295.23624536281716,211.06336707231748,163.33935606190255,107.9578025940507,154.48698307397623,229.7936782021964
dscf26,generic,small,0814,0814,m4,189.1374808082221,25.363027606573006,291.6578971319787,206.53143822535964,162.3519249978019,107.65721793358799,154.54119667686362,229.83614452249023
dscf26,generic,small,0814,0814,m8,188.7114071910879,25.37282207759636,288.9376531767054,206.46142332924717,162.2328928377496,107.38033131433322,154.54249581314318,229.8341483099635
dscf26,generic,small,0814,0814,rep8,203.53569284505176,25.04439780985331,330.9495806796007,259.24974095069257,181.6769084423086,110.60598772497885,153.66508775133883,229.7610088052155
dscf26,generic,small,0814,0814,ref8,196.52396798545152,25.196648365429823,338.72211207415194,214.2889217288516,165.07052692408055,105.97349455212378,153.98834780131398,229.74558858865865
dscf26,generic,small,0815,0815,m0,161.54094643692093,26.04797737868421,230.48553052770504,196.7056265252067,216.5414427125008,131.2312745210691,132.62407080767395,118.99701247820515
dscf26,generic,small,0815,0815,m2,153.52152818549888,26.269110760605955,180.1663068465778,187.95198979688655,213.85001966197615,133.18265205286127,132.94275152452678,119.01270840834293
dscf26,generic,small,0815,0815,m4,156.3411196711605,26.190071429406498,188.81692704913607,196.3587715170165,217.2738749796392,134.46703950536096,132.99583914973863,119.02281848019415
dscf26,generic,small,0815,0815,m8,156.416098966171,26.187989105305665,190.01623559184432,196.55178565236844,217.0721357599913,133.8197737545359,132.933756168222,119.02281848019415
dscf26,generic,small,0815,0815,rep8,186.07410747705026,25.433944163356507,311.1093762945322,271.33237393468306,236.09516641595405,141.656650452291,134.21681892520942,118.99832433116823
dscf26,generic,small,0815,0815,ref8,178.75338068464458,25.60826096695199,334.80398075492815,205.89120721773705,223.57819158678163,137.56810096979217,133.2668409704612,118.9857445960776
dscf26,generic,small,0816,0816,m0,167.83191337423966,25.8820581507534,201.01241754358853,166.38162811194027,146.8395899320453,118.48931260393152,180.38343064536468,163.5125551853773
dscf26,generic,small,0816,0816,m2,166.19905427515758,25.924518126848547,173.98992751361166,177.04721457091335,153.1707501080154,119.21210443546015,180.01453986805208,163.60856976964544
dscf26,generic,small,0816,0816,m4,161.88510921048808,26.038734582858506,156.92995132355009,166.3761069108533,149.55080191693787,117.82795489177273,179.89762114147308,163.6186769708974
dscf26,generic,small,0816,0816,m8,160.2124392287419,26.08384128279031,152.10443341648084,161.42416025088957,147.20936504034853,117.10581057345183,179.82381922403835,163.61147221277355
dscf26,generic,small,0816,0816,rep8,199.87848668582527,25.123143082026417,316.11632499348383,218.5551887114345,206.2979233519142,137.15434713346775,182.1104514444493,163.5961883885757
dscf26,generic,small,0816,0816,ref8,209.24938882755762,24.924161626814985,406.25825004537995,204.45655590744943,205.52349328696448,124.89504409706669,182.65143847887998,163.75614556586035
dscf26,generic,small,0817,0817,m0,266.34811469649037,23.876307338218083,289.1591676655,236.18369270005147,177.1052470233166,197.68023110099884,273.57488714803804,358.1999820666817
dscf26,generic,small,0817,0817,m2,260.9399739116356,23.965397462390015,259.0643981576328,236.86402780762467,172.50407966467682,191.44077034410822,273.21873474533334,358.02272178767817
dscf26,generic,small,0817,0817,m4,258.4116585089313,24.007682574586482,246.57951443101825,231.2704670388324,173.07737644315156,190.86107620432276,272.8734443252755,358.07013509706525
dscf26,generic,small,0817,0817,m8,259.05628565508886,23.99686226540844,248.51464500085382,233.34575415445136,173.78841988312027,191.03308167177295,272.9101276266661,358.0706681392027
dscf26,generic,small,0817,0817,rep8,277.5953808683727,23.69668125598303,313.8982971656004,291.3839848933565,191.55272973880082,197.75349474544882,270.97572825753247,358.05916249001814
dscf26,generic,small,0817,0817,ref8,268.31290567877176,23.844387984073823,299.73488908348423,243.6134265220427,181.58167024612774,192.61297410909955,272.4225486779076,358.03133189316077
dscf26,generic,small,0818,0818,m0,477.6372902259491,21.339821350683014,437.69081937137975,326.0753172134433,367.27136012221996,378.1624172933007,494.87817564105865,719.969562476877
dscf26,generic,small,0818,0818,m2,471.30519929135477,21.397781300811364,401.61844498576187,329.8274455188867,360.6589185876503,372.91132239418124,493.0607498090804,720.4843468486372
dscf26,generic,small,0818,0818,m4,474.6451443052972,21.36711318536792,414.1294385074456,339.47217537753244,364.1121553374016,371.63020809270824,493.4118545133356,720.5318385336745
dscf26,generic,small,0818,0818,m8,473.55757894384186,21.37707569297796,411.46114800800393,335.3908527703364,363.8762896403628,371.30244027490795,493.0092187444797,720.5100076735996
dscf26,generic,small,0818,0818,rep8,507.1111816194949,21.079771741770532,546.2915046049249,412.2916261621358,383.83788996802247,390.5283079103048,495.63218122476746,720.2282273522248
dscf26,generic,small,0818,0818,ref8,504.0406700728921,21.106147806215354,535.2136040236437,417.8316618448305,364.6923729615883,385.1044004030691,497.37365633181616,720.2325051037011
dscf26,generic,small,0819,0819,m0,255.13680176300934,24.06307253689566,349.1222952529523,254.63125291968146,259.6405830277716,208.64118395108306,241.8999406783636,232.8165197483458
dscf26,generic,small,0819,0819,m2,247.42115273140791,24.19643534928786,302.2719960082709,249.2805497657748,254.93255635665756,209.21268577958654,241.57797835781287,232.79561130620914
dscf26,generic,small,0819,0819,m4,246.4884855572819,24.21283724377311,295.0697660239747,249.8472413309218,255.20269133787653,209.07720055554273,241.4690569963994,232.81140139789204
dscf26,generic,small,0819,0819,m8,246.7159127300049,24.208831992664557,296.9427319479902,249.94942340284095,254.4635620616576,209.35749235592718,241.5036827314893,232.8256651903324
dscf26,generic,small,0819,0819,rep8,296.8809022657861,23.404980996388222,495.4114580141876,382.3504372604002,299.7369069645785,215.85569361643732,241.52305948881093,232.91646658616844
dscf26,generic,small,0819,0819,ref8,280.8373374157049,23.64625513978384,509.94167411960314,277.38131679973907,264.84185231531933,209.38741634000036,242.00713035526945,232.81453448488062
dscf26,generic,small,0820,0820,m0,446.3819847753685,21.633737019780956,797.9095799768295,373.3408169488918,613.4424825886258,428.5184286506476,359.6985230756844,289.0019675712487
dscf26,generic,small,0820,0820,m2,421.4178063492109,21.8836747877517,634.8423961147179,380.26050634541895,579.8455232645089,440.08431517805747,357.5329465392674,288.791232836399
dscf26,generic,small,0820,0820,m4,423.96251666348377,21.857528993832233,660.6268251882383,379.191255469963,570.8062590977815,444.7296174516748,356.614049208596,288.8520139831346
dscf26,generic,small,0820,0820,m8,417.9746662718951,21.91930401178386,613.6725737465889,381.3697661586547,571.7512537832796,446.0786542087046,356.3724352609438,288.8694403695193
dscf26,generic,small,0820,0820,rep8,412.0669143005213,21.981126153400552,497.3688701055393,436.96645759273457,566.8310303657945,459.8960887715939,362.6234345939192,288.7261672999864
dscf26,generic,small,0820,0820,ref8,432.439960403292,21.77154541958565,633.1867839464303,411.2526307688418,612.0707726401492,462.5321868779072,360.69767071139785,288.97514746469574
dscf26,generic,small,0821,0821,m0,902.8587884039965,18.574605310556574,1006.0633887238245,889.1338350155839,910.7461127469898,1245.433561964791,935.928931712122,555.4257170601544
dscf26,generic,small,0821,0821,m2,859.3280422701071,18.789213766042888,797.9648212127021,830.721291218778,868.767917070274,1229.4518873942434,933.348920236629,555.4181652502014
dscf26,generic,small,0821,0821,m4,855.1112448610882,18.81057743348444,788.0972891808136,820.566609449714,863.2015429842655,1221.3952529850487,933.2150987564687,555.4188526714813
dscf26,generic,small,0821,0821,m8,854.592121052085,18.813214763644723,784.4889090241593,820.5996772758996,861.9131489726263,1222.3271553449524,933.2777977193856,555.4307887479246
dscf26,generic,small,0821,0821,rep8,953.9738188894145,18.335439048932503,1279.6191171044604,995.0951285638621,897.3360986970764,1251.4820275973104,938.9794193064945,555.2660817539704
dscf26,generic,small,0821,0821,ref8,942.7047377186576,18.38704671162217,1306.9017919065336,903.2417084444858,902.5111423547775,1227.4159499569955,934.893861641317,555.5008609580127
dscf26,generic,small,0822,0822,m0,307.68712391933406,23.249710385814115,368.55518946955937,317.6675718775444,323.18265957887223,285.64365285761124,325.61633340105544,222.41156226522725
dscf26,generic,small,0822,0822,m2,301.51496123067994,23.337714940808993,331.636704498897,308.62790239291064,324.0513521378268,284.92326933250087,325.8091537885528,222.17589079526286
dscf26,generic,small,0822,0822,m4,300.39538640560454,23.35387102555667,322.7822723609501,307.5613166477646,324.99729315684107,285.9986701587044,325.79503222514387,222.22758325637173
dscf26,generic,small,0822,0822,m8,300.2252031872653,23.35633213447953,322.39532697183324,306.91048507369845,324.6820874483954,285.91729918000857,325.8247009560655,222.2380371483472
dscf26,generic,small,0822,0822,rep8,325.29312190467346,23.00805480341748,433.97350155493325,357.4410911566087,341.0756916888575,295.80710254606805,326.8310483786906,222.13850857351088
dscf26,generic,small,0822,0822,ref8,323.4062080854315,23.03332008527681,458.97832478912926,334.4989394365926,327.8490991538678,289.8808273334312,326.1527090234894,222.28778153764992
dscf26,generic,small,0823,0823,m0,321.69599706517744,23.05634703955125,311.95532729728137,249.35173496656296,287.8372196105607,356.74898198208115,323.57735415578793,379.11828252746824
dscf26,generic,small,0823,0823,m2,317.71754812943107,23.11039158488628,279.29499252041677,248.54966073073535,293.41214180037394,356.4482086158865,323.53364689523346,379.10524631107756
dscf26,generic,small,0823,0823,m4,318.5683046781111,23.098777965218865,285.3315587487155,248.93259562739877,291.80098679229155,356.8600954043099,323.91098975089994,379.0641649468679
dscf26,generic,small,0823,0823,m8,318.63069986448124,23.097927433908193,286.4818802267842,248.46191445546128,292.10769282496915,356.5878608797891,323.7793277000674,379.0735694278617
dscf26,generic,small,0823,0823,rep8,348.1254564397198,22.71344578930726,404.65894728663187,308.9970399928901,307.8940487955899,380.29145624907164,327.1737837746567,379.15369568365617
dscf26,generic,small,0823,0823,ref8,333.2385775663979,22.90325088858237,364.022494877416,255.45726471775117,293.6800524748753,373.47513255599165,326.98338410479784,379.069633043359
dscf26,generic,small,0824,0824,m0,457.7485770065432,21.52453357974278,247.52976260396522,296.21374157395337,304.99076334811394,394.670609308269,597.7981825022725,613.764192783606
dscf26,generic,small,0824,0824,m2,455.2158159476637,21.54863018158683,219.56669885126206,291.2628428631871,315.41203971837786,397.515257345023,599.048045208099,613.6898133906361
dscf26,generic,small,0824,0824,m4,452.99784154262045,21.569842281892125,210.49393141968318,289.50388644419866,313.927660613809,395.7388623141053,597.9432711488643,613.6102023230492
dscf26,generic,small,0824,0824,m8,455.18643582187246,21.54891048903309,215.07282468190812,292.6859442100256,317.4411877903694,399.4905656117877,598.9483987149993,613.6190890016597
dscf26,generic,small,0824,0824,rep8,466.7347831536801,21.44010193218657,260.5668148659045,317.91580911314276,322.9740183203071,398.30198510395263,603.7188823137552,613.4808278015007
dscf26,generic,small,0824,0824,ref8,466.26905793120943,21.44443764661977,283.6010570702356,309.7296234410673,312.9925533424066,388.86315657106604,602.5108576619746,613.5427490204695
dscf26,generic,small,0825,0825,m0,731.1087397831923,19.490983853113192,671.9075630126487,663.3146608992037,555.5962607399264,641.9071626568146,751.9234114146434,958.320282100941
dscf26,generic,small,0825,0825,m2,708.794402255348,19.625600818410792,507.85927513985524,646.7719337001391,548.6723242472564,655.7010141793511,756.4151761001474,959.1149447578199
dscf26,generic,small,0825,0825,m4,710.2954521407714,19.616413268751323,495.14929392063704,670.467842930251,555.8181053542177,654.989977733756,754.8788050172715,958.9654253037414
dscf26,generic,small,0825,0825,m8,711.8239872864002,19.607077419505885,497.7681042591245,676.9448986742017,558.2347849333655,655.5991300180044,754.8528060420884,958.978128110612
dscf26,generic,small,0825,0825,rep8,795.7854784068936,19.122843510453475,910.811173338594,825.2423321991289,598.0309029905993,668.4882665449976,761.9423700633115,958.6016501188557
dscf26,generic,small,0825,0825,ref8,750.8377793677879,19.375342442838463,837.6154571110764,632.1902862119545,554.3706200423195,647.1636727257718,752.8798702066958,959.5111082047162
dscf26,generic,small,0826,0826,m0,426.70183233987467,21.829558530604196,347.9499616837252,243.39477556475055,233.11916146789952,495.07357199995437,456.7117169955172,650.9287636273014
dscf26,generic,small,0826,0826,m2,417.0549048640779,21.92887127693068,279.84004073349814,234.09031931596277,234.6576295796099,487.8856817362482,460.6881936697737,651.8129408851726
dscf26,generic,small,0826,0826,m4,415.8030218917193,21.94192719580662,271.3501702596391,232.31413088328597,231.88114113056614,490.21777812586095,461.40268461001517,651.681201008107
dscf26,generic,small,0826,0826,m8,412.867823892625,21.97269322629642,264.2196113180561,228.77493009055462,228.48927368810632,487.6202151548785,458.9769612056531,651.5810586369224
dscf26,generic,small,0826,0826,rep8,461.21236958766644,21.491794144316586,501.1586742524723,304.13088961635736,264.372335378702,477.0701290806679,468.2061542665362,651.9161113278175
dscf26,generic,small,0826,0826,ref8,460.89895883944564,21.494746338039114,552.7878382186638,262.76159007291824,238.57578117056292,485.58624847274945,467.88062453341104,652.4702252350695
dscf26,generic,small,0827,0827,m0,63.0040554089407,30.13711856096229,49.13295591166692,60.551922860672406,47.766883038114095,29.932990050736272,61.82867795671582,108.1520407897815
dscf26,generic,small,0827,0827,m2,62.0876967510802,30.200748116170274,43.13408549296728,57.88486374476793,47.485580817489904,29.95858743873564,62.6765255659596,108.12174123044771
dscf26,generic,small,0827,0827,m4,62.172969626984546,30.194787493818232,43.98645032703611,57.11853895189646,47.17944366670281,30.15547830053849,62.88877964884011,108.17830542401911
dscf26,generic,small,0827,0827,m8,61.91978525428599,30.21250919379126,43.02657427129093,56.736228636515,46.86452921027294,30.12098469948912,62.811790160070906,108.14272423357421
dscf26,generic,small,0827,0827,rep8,63.61180685819647,30.09542629221584,47.010665835024255,63.78356942935336,48.54245619267553,30.75715303254492,62.88453945493061,107.89755978479815
dscf26,generic,small,0827,0827,ref8,62.3278123563796,30.18398477008576,45.00545819530941,59.185664753039504,48.07650049322592,29.80108419353776,61.99358099343282,108.07972877791839
dscf26,generic,small,0828,0828,m0,402.2030710043953,22.08634978557533,407.42427503342464,407.0388087254917,431.6764396364165,415.90541119781125,343.3700888861985,477.7560587558507
dscf26,generic,small,0828,0828,m2,395.4811550874398,22.159545669318778,369.245028370562,383.72658822808194,438.14924668617596,424.7252436946838,345.6716125309711,472.1443504354039
dscf26,generic,small,0828,0828,m4,384.861773733464,22.27775583784907,335.85077261669045,362.5555787819033,422.5085276708917,420.12593599135965,343.2428536273208,471.0568293739086
dscf26,generic,small,0828,0828,m8,384.7457029660112,22.279065827570413,335.98546523116016,365.65709207659944,421.06441651213134,418.31366598188816,342.8019194281718,470.9574670998293
dscf26,generic,small,0828,0828,rep8,424.42524580996525,21.85279152014981,511.9868443127718,456.00620366519075,442.14566770436386,422.43852105325516,344.16356895351464,474.51919534069424
dscf26,generic,small,0828,0828,ref8,408.7665527311571,22.016050083757193,436.1672858572853,432.2367546007651,430.2948159971531,422.5539647515894,343.05408659790686,471.8499010113293
dscf26,generic,small,0829,0829,m0,194.53508090761417,25.240824309347442,174.62249095218974,249.99681424008855,186.3145817693246,217.58753828121755,187.43614464599347,174.76877632420934
dscf26,generic,small,0829,0829,m2,188.92606581635957,25.367884799219482,137.68345927687622,236.337522895741,195.81170773319627,217.2044657506487,187.81606305675328,174.7648180979263
dscf26,generic,small,0829,0829,m4,186.7265740658705,25.418742317302865,130.12415299003436,232.06929609566095,190.84794114823612,215.65375430347711,188.21963015747176,174.75764150797755
dscf26,generic,small,0829,0829,m8,186.71170408341007,25.41908818175811,130.10145911639884,231.52928635444295,190.62618577606318,215.99603347367486,188.357974844164,174.75838466920698
dscf26,generic,small,0829,0829,rep8,215.83281601772407,24.789628837651733,279.2139665320508,293.012494453855,201.3183735991872,214.06765055488114,187.64313632612073,174.79766667094347
dscf26,generic,small,0829,0829,ref8,220.44594696043308,24.697782424136662,375.59096879576083,256.6539031383279,164.42473411959259,215.05762111699707,188.37658360735742,174.84321120294578
dscf26,generic,small,0830,0830,m0,349.592049522838,22.695188135863866,173.79650960849307,336.11449550099746,283.2130563530505,325.3305271749048,444.4827232241276,375.8969116953724
dscf26,generic,small,0830,0830,m2,347.82085557567206,22.717247418272084,165.6670210553269,338.9312396290376,281.78518384519384,320.84078531298377,443.34138637545294,376.00027096755207
dscf26,generic,small,0830,0830,m4,348.7479995564974,22.70568635723364,168.41911204801485,345.1465725214269,282.9026616479033,319.2084892085068,442.7656112918584,375.9648243511318
dscf26,generic,small,0830,0830,m8,348.16914358675905,22.712900816334233,167.89714401085442,344.1004795268081,281.0525991697887,317.87863212636887,442.72054780222743,375.9773126192056
dscf26,generic,small,0830,0830,rep8,354.0368550555512,22.64031886655338,191.451099282983,340.8371465917709,289.32138270854,322.3482486647259,447.40176476171575,376.17853279436866
dscf26,generic,small,0830,0830,ref8,357.3251451952528,22.600167820142048,209.45775893180826,348.41094323293817,286.2653043844453,330.2995358530605,445.4561195859104,376.19040610690604
dscf26,generic,small,0831,0831,m0,250.71435702842206,24.13901156547948,244.67307784505428,173.69704962204042,221.07413454791944,211.94600732892823,323.0266848565255,217.89870564814734
dscf26,generic,small,0831,0831,m2,248.0262650121356,24.185826875181004,222.14735864488134,172.64526210396068,222.7048932622895,216.1071261284772,322.80036829391685,217.74322079467277
dscf26,generic,small,0831,0831,m4,246.53590513977164,24.212001826156392,219.63425432479266,169.28431437943212,216.11189535320239,215.71137579438582,323.1147962982048,217.7230958145201
dscf26,generic,small,0831,0831,m8,246.10668466615422,24.219569508457376,217.22922986885987,168.7145775937949,216.04415297948762,215.6653976105791,323.0765979242794,217.7183094538131
dscf26,generic,small,0831,0831,rep8,270.8187201963791,23.80401679447907,322.72866666651527,240.01593634992912,222.72694232920253,217.24881158194196,323.6360976144244,217.72296666156447
dscf26,generic,small,0831,0831,ref8,269.92449757662837,23.81838059195628,372.90716520655457,183.30944870177817,224.89456690413854,213.9522273054739,322.17797781959945,217.90639209583097
dscf26,generic,small,0832,0832,m0,305.83329122637133,23.275956024568707,581.0401734241567,472.1385127418314,303.5451146588555,240.12384908452879,229.7188877771321,157.12703951385012
dscf26,generic,small,0832,0832,m2,296.3264745351822,23.41309906718582,545.3979063049035,438.6562504949906,299.1811716002965,244.94575621808744,228.6608702612262,157.11952730004703
dscf26,generic,small,0832,0832,m4,297.47098021079347,23.396357563463603,547.0278846595022,446.349445187869,299.90770616369633,244.47169953971482,228.40116159536882,157.07700809343618
dscf26,generic,small,0832,0832,m8,296.928346099933,23.4042870161085,543.1475606784815,446.1857753219548,299.97366764895827,244.49628071568102,228.40156794907526,157.0785535322478
dscf26,generic,small,0832,0832,rep8,359.50213680680974,22.57378884784201,774.3428981276829,651.4378378685595,322.49649055493194,258.58271075718244,229.9459154739379,157.06648095076
dscf26,generic,small,0832,0832,ref8,344.7083157134941,22.75628600451196,837.1362975846932,489.9864766399934,315.5849144903903,245.68981077847457,228.03909731278193,157.08775773268266
dscf26,generic,small,0833,0833,m0,250.1689085066703,24.14847027145337,325.8899160961044,323.1793894728962,255.14124757363734,126.52439371316683,217.41738754517203,272.6546278290515
dscf26,generic,small,0833,0833,m2,235.41037995351212,24.412547525850204,252.61784991308272,305.4207835453853,245.2451654773446,124.63668100438719,214.44392137065623,272.2055481670202
dscf26,generic,small,0833,0833,m4,229.92819056430938,24.514881392464872,243.09426055923606,285.11145796991127,232.6384415083066,123.2864285697562,214.64958763693704,272.05604689436376
dscf26,generic,small,0833,0833,m8,230.72516946889317,24.499853872171688,252.4313033046612,284.7517662688821,230.006229444683,123.27242952908827,214.2774572639682,272.03616960751657
dscf26,generic,small,0833,0833,rep8,246.52255239540756,24.21223705275512,353.680564732817,322.9014981603387,209.74898010724237,121.90625175711838,212.83213921612858,272.32242766800823
dscf26,generic,small,0833,0833,ref8,268.8514476253837,23.83567981598297,433.54883021636624,337.2394953723696,271.43080684565643,125.2372785296054,218.2963763390239,272.89966963438076
dscf26,generic,small,0834,0834,m0,193.98763574436248,25.253063108300484,286.86637117782703,309.6812447809583,277.3853600052868,202.08953535913986,131.67664573614348,95.34101684667105
dscf26,generic,small,0834,0834,m2,190.59839094774904,25.32961130911161,277.37869267088684,301.4647508575466,270.75279086422387,200.17141426936476,131.56178190638252,95.25959922106514
dscf26,generic,small,0834,0834,m4,193.1613399331547,25.271601514891728,288.7685067040679,305.73874373500473,272.7771155804087,201.17232857217994,131.9139007101925,95.21112696468545
dscf26,generic,small,0834,0834,m8,194.3370395721653,25.24524778236493,296.90801641802625,305.86637524685545,273.1914159924812,200.85377349886113,131.99244945159643,95.22061925265817
dscf26,generic,small,0834,0834,rep8,217.16450891273055,24.762915106822536,377.62875662321994,382.52566976599644,291.03527811344276,203.37559675034302,130.882217539273,95.08851730361772
dscf26,generic,small,0834,0834,ref8,232.18324534478714,24.472494836085,536.702261554956,342.46500617020683,280.2989311372914,198.4013531238408,131.08580120397608,95.21638801340481
dscf26,generic,small,0835,0835,m0,259.13536804175374,23.995536692363565,252.81431174273786,216.24569299615632,207.9180640040122,209.33793505950837,266.0577670449681,346.52861298215913
dscf26,generic,small,0835,0835,m2,256.61885127224326,24.03791804297452,245.27180531484845,211.38629632128433,201.06673641701946,210.69439348782862,265.40219613817936,346.6212149508772
dscf26,generic,small,0835,0835,m4,256.93259771148905,24.03261153027737,243.73336833308068,212.93065758974015,203.15770556273833,210.47835599074526,265.6711745367613,346.7102746856216
dscf26,generic,small,0835,0835,m8,256.73538702784776,24.035946272501157,242.72608123011904,213.05694145553963,202.9188702235946,210.32102805596452,265.57933253696365,346.7138357300715
dscf26,generic,small,0835,0835,rep8,285.4112172267812,23.57609323119553,352.8304238593832,271.23613518621727,238.07607956420745,215.99169130936505,269.79512720323964,346.6884767553246
dscf26,generic,small,0835,0835,ref8,268.7862726368277,23.836732760631747,310.98875519284354,228.06714249790548,205.76835868041357,210.72313897492978,266.7298246238067,346.7497507602902
dscf26,generic,small,0836,0836,m0,310.2875435390234,23.213160196403418,254.88187838374182,335.1259708125405,482.4622815777196,337.1788778769249,239.12968873915784,338.6345039074888
dscf26,generic,small,0836,0836,m2,313.06247398066,23.174493479295293,246.87494800680665,362.13333018018994,484.66696653035797,344.5029763434122,237.3400922851918,338.51612809728897
dscf26,generic,small,0836,0836,m4,309.45997309526666,23.224758774246375,236.58312032443033,346.0864981035339,481.6213583904179,344.4490691987154,238.01589276149411,338.48292667041954
dscf26,generic,small,0836,0836,m8,309.366874495162,23.22606551162407,234.83369874457952,347.7372016742284,481.8123712847141,343.5613879785875,238.04359078438142,338.4866658037467
dscf26,generic,small,0836,0836,rep8,328.45505792636214,22.966044068498668,292.9170142186011,397.0082636289274,512.4415367448031,350.6893650891328,239.38978954051885,338.57422116426244
dscf26,generic,small,0836,0836,ref8,316.2753314927484,23.130150412707813,274.42527660014747,354.88096600183445,489.63054066800254,340.61784083559434,237.85279063567788,338.6288757229897
dscf26,generic,small,0837,0837,m0,435.6789126190848,21.73913820796279,465.24246719844706,370.45346746263874,346.03137415834453,263.18712396865436,470.9549407758921,558.3364794121347
dscf26,generic,small,0837,0837,m2,429.74360624732145,21.798709369216493,426.1758778251516,376.947820401948,343.6441702527024,262.5484071354316,467.7888883775608,558.3599531161161
dscf26,generic,small,0837,0837,m4,430.5567842709578,21.790499240811595,424.5110470692706,384.57054562602474,342.5446010069316,262.35514363961016,468.4671618747878,558.3274970926616
dscf26,generic,small,0837,0837,m8,430.6832716486012,21.78922357393664,423.75182715991207,385.8776146400532,342.77086006405915,262.52914509383777,468.522527606316,558.3290156767885
dscf26,generic,small,0837,0837,rep8,469.8110228167325,21.411571587874924,586.7299885709984,494.45118351094465,354.2355599289412,263.09161236891646,472.9649029856932,558.4998858306398
dscf26,generic,small,0837,0837,ref8,462.7875947893136,21.476986518733206,630.2026020154573,385.9181901958679,369.5067202040978,261.5592211555193,470.6461004260231,558.4090154501458
dscf26,generic,small,0838,0838,m0,40.1063136114737,32.09867615410077,41.228955963698105,32.116162353646935,24.372306977071172,30.18208363948952,47.49055013292622,47.60995477791132
dscf26,generic,small,0838,0838,m2,36.55806247000023,32.50097190241706,23.216832415916883,26.82160720001031,22.222644506457794,30.245047001865167,47.02857972525888,47.60371459779117
dscf26,generic,small,0838,0838,m4,36.62884999781029,32.49257077132257,22.78724901463514,27.155256637339797,22.68462860078161,30.432368011543623,47.05339260288342,47.628663191774734
dscf26,generic,small,0838,0838,m8,36.6128841784295,32.4944641910904,22.553516824858043,27.254920342314676,22.82952751199511,30.417993620753283,47.01684340524765,47.62922502505881
dscf26,generic,small,0838,0838,rep8,49.441804561651445,31.189860473133425,82.96968112611607,50.84907279348333,30.378448951795253,31.314107162511505,48.66377837830449,47.60475289644536
dscf26,generic,small,0838,0838,ref8,51.63790871450512,31.001117154249908,115.55902079562917,39.36946868930896,25.10596189907197,30.709598083821664,48.29014151934602,47.58307618950175
dscf26,generic,small,0839,0839,m0,101.9055446454473,28.048825464060254,166.71604651151173,104.85387988886653,61.71879058849581,79.06515896204279,103.6692157236084,86.78582743733827
dscf26,generic,small,0839,0839,m2,94.35797640871094,28.383017423884993,123.7602886771573,88.59455595845755,60.56066218977301,82.47184458448568,104.21805553048932,86.82267777806173
dscf26,generic,small,0839,0839,m4,93.47134589311467,28.424018647306177,116.42868817759322,88.02139552879201,61.610102986666924,83.19807760173452,104.19758674729222,86.80997032611542
dscf26,generic,small,0839,0839,m8,93.71182829527108,28.412859499250686,117.74176107640355,88.27581285210816,61.7984595961206,83.23712467581521,104.20383661087105,86.80644070075348
dscf26,generic,small,0839,0839,rep8,118.8642382213008,27.380291494728205,248.56278004288546,143.13622873691966,67.41647473847941,80.22404307676676,103.80869917271549,86.8080256563231
dscf26,generic,small,0839,0839,ref8,134.76884828018538,26.834908439171876,398.01351834190444,115.84614222990068,65.4077314092166,72.51735770086533,103.60851467826467,86.83112267346789
dscf26,generic,small,0840,0840,m0,268.1791456095381,23.84655358041514,270.35004510226673,254.58709474078296,246.9166324297255,222.92435959450552,308.62044075470095,241.74874770860413
dscf26,generic,small,0840,0840,m2,270.28654513541693,23.812559338109992,281.91062490799266,261.4298311273429,244.4697832661315,221.95933487564778,308.7189864128526,241.79196831013795
dscf26,generic,small,0840,0840,m4,270.2839631987725,23.81260082468094,283.65665804612405,261.74763236627507,242.23057668452896,222.02257848670118,308.65188906082983,241.77068340173366
dscf26,generic,small,0840,0840,m8,270.17181514242304,23.8144032027729,282.21319949195515,261.7910953416986,242.70286813165157,222.0654824774405,308.7126201804361,241.77068340173366
dscf26,generic,small,0840,0840,rep8,288.4958082801104,23.529408534421663,313.7089720429538,337.2135636265556,263.13007865875824,239.4328154365674,309.0666181889005,241.73797648304046
dscf26,generic,small,0840,0840,ref8,280.9364575350354,23.64472258978936,319.5458030229217,286.19395494488987,259.25582013001764,226.90715316100716,308.86243189122786,241.8324889631167
dscf26,generic,small,0841,0841,m0,215.62197588311562,24.79387339425566,266.36338340322334,260.4192381462644,221.6127216861457,206.70682840812853,141.7766948193332,284.74270444170764
dscf26,generic,small,0841,0841,m2,209.234611153508,24.924468346417076,237.13257013996244,253.8473336405911,212.20764184620637,202.13778971134917,141.91670445736307,284.8268709911663
dscf26,generic,small,0841,0841,m4,209.72988517186008,24.91420041797532,239.43101874477065,254.80927090577612,212.92356588974005,201.78809051369572,141.94970824264993,284.82509093056774
dscf26,generic,small,0841,0841,m8,209.70113836738415,24.914795728187258,239.0283108616758,254.83236323393814,213.19296619875772,201.61044026653573,141.98353092697005,284.82380836303093
dscf26,generic,small,0841,0841,rep8,222.4095861241094,24.659268589332378,276.7888885805584,292.1643754182552,231.02434406494618,200.43610074376357,144.39048556204614,284.7905954457613
dscf26,generic,small,0841,0841,ref8,216.83471713709866,24.76951543084641,266.835939989005,270.2570293926733,219.88641309084778,204.0627390375981,142.9368255586668,284.71763614082306
dscf26,generic,small,0842,0842,m0,161.40425879096478,26.05165371095154,198.09789540152795,202.92856834299556,117.68186887440879,135.779126934639,160.18361944964852,149.9886993631161
dscf26,generic,small,0842,0842,m2,151.13088879753823,26.33727124435314,132.53803944883015,185.0853093143428,121.96715824447735,138.4771778058967,160.69611743029725,150.17701314167346
dscf26,generic,small,0842,0842,m4,151.8683127190446,26.31613192975129,135.62324463823467,186.64396905299662,122.72486722258218,138.2943485594421,160.83286326632157,150.17873793547366
dscf26,generic,small,0842,0842,m8,151.9075508251066,26.315009991172037,135.90532993337206,186.16082117172226,123.16771814111178,138.37527488346117,160.834632941851,150.18259602371813
dscf26,generic,small,0842,0842,rep8,184.56184331567397,25.469384418070412,319.7051468018702,227.24810908216116,125.50728525976031,151.05906528772115,162.57393047858034,149.99776485281566
dscf26,generic,small,0842,0842,ref8,193.36181976522408,25.267096362203006,415.24252423434,205.3111724011208,124.48177695259847,140.09546989105505,161.87148926317994,150.11127268759006
dscf26,generic,small,0843,0843,m0,154.93178539674477,26.229398352565703,57.553609716266365,50.205351494315195,30.00406159005442,56.714195687710365,122.35592168452037,511.1453208941655
dscf26,generic,small,0843,0843,m2,147.1004319601133,26.454664128336628,22.73107151093425,34.50152483371282,29.320041898715033,53.86404081664006,120.53417328379561,510.8323551401966
dscf26,generic,small,0843,0843,m4,145.6195429525202,26.49860697244695,14.721469713444375,30.10997994799707,30.064104380861178,53.89289797239983,120.78075478897887,510.86257070849246
dscf26,generic,small,0843,0843,m8,145.81820033806503,26.492686269196938,16.215474210045645,30.62230074705108,30.144956665046312,53.58314738164774,120.66073516205621,510.8183771745411
dscf26,generic,small,0843,0843,rep8,178.61402138442054,25.611648124135698,132.49573112408794,145.06079959220213,43.73775917583847,56.98512637469409,121.52680283706532,510.79437522684
dscf26,generic,small,0843,0843,ref8,165.50365891322144,25.94272761376979,113.0921115157677,75.55729927907637,34.42016565029213,56.581147066777184,120.17088673979467,510.81077792270963
dscf26,generic,small,0844,0844,m0,134.9136956380343,26.830243219586865,79.5339794982943,56.24739703392649,44.099699285589054,33.43954439046545,87.18771335269982,447.50508038601964
dscf26,generic,small,0844,0844,m2,131.40527846830426,26.944675499545404,57.9267747621617,56.69656033825184,42.44788465192693,32.40952742637759,86.3289269078067,447.45807446226627
dscf26,generic,small,0844,0844,m4,131.73321623997137,26.933850657020194,60.88234619262172,57.166620187281666,41.65151052502812,32.072563620418755,86.29772381343537,447.47390064244274
dscf26,generic,small,0844,0844,m8,132.50812188931428,26.90837862341427,65.23207552142564,58.702057246844895,41.626382307787644,32.01270919584686,86.27253031733463,447.47390064244274
dscf26,generic,small,0844,0844,rep8,141.87591901210794,26.611716731459047,118.73116002593454,72.16034707543169,43.76366556028475,32.11516822422085,86.44876991076364,447.4074429297502
dscf26,generic,small,0844,0844,ref8,139.5923172601912,26.68218844180486,115.68183642604455,60.15992863032156,40.52023516503723,32.35194353674788,86.48484557138363,447.45514600383245
dscf26,generic,small,0845,0845,m0,154.67515909523743,26.236597894705337,355.9114749613304,327.2380226347734,236.94337244699273,103.99539672033796,74.98046097120286,0.18920987194504857
dscf26,generic,small,0845,0845,m2,150.8489748992096,26.345379976139753,349.23297655708274,318.81678192197273,233.08537179515983,97.17013667383807,73.04108599287247,0.190150790154271
dscf26,generic,small,0845,0845,m4,147.42665459808825,26.445043502190693,330.926104386505,311.5499517005178,232.02275001141288,96.51025203299778,73.67925119933363,0.1902012338848674
dscf26,generic,small,0845,0845,m8,146.43242909079333,26.47443094148507,330.74976887052395,307.8449915994998,227.99675626724692,96.13752825510251,73.72731408659624,0.19019707348478088
dscf26,generic,small,0845,0845,rep8,178.9050595299931,25.604577380485196,502.4635136783519,356.2200305381543,244.8157303513692,102.53659915828602,73.93713098836156,0.18959305580546287
dscf26,generic,small,0845,0845,ref8,179.7884962168763,25.583184609532587,532.5951419671967,337.60322866361116,246.58919624418945,97.05178403497372,72.44695966617242,0.18978033271314257
dscf26,generic,small,0846,0846,m0,513.7921920037925,21.022928607729927,304.6090659264797,311.2492472839907,328.10093742011895,456.28088732854303,667.9127610401154,690.5945312058276
dscf26,generic,small,0846,0846,m2,501.83829356711436,21.125165630954594,266.9465594584277,292.885235907289,310.72510899408013,449.3012954691807,663.0642933696981,690.4191395540685
dscf26,generic,small,0846,0846,m4,499.0355154114586,21.149489062297864,256.8134262008411,295.81494008066915,306.37289063780554,445.7245827752522,660.4918373449885,690.248489788736
dscf26,generic,small,0846,0846,m8,499.34358559909555,21.146808854215774,256.6166523753418,298.25673527447884,306.3865653317113,445.6207005521667,660.5784726893265,690.274470988515
dscf26,generic,small,0846,0846,rep8,531.2529128498192,20.877790365744644,371.33378521461697,339.20155533397013,359.09608000854024,465.9899449500046,668.0782882505666,690.5444301813056
dscf26,generic,small,0846,0846,ref8,521.4941663698195,20.95830906259852,342.3677819243585,327.12306725738523,341.29674561536694,458.35579941737456,663.9139956908255,690.8947529983868
dscf26,generic,small,0847,0847,m0,517.89162410493,20.98841473666246,616.7911341163816,630.8996055799046,645.9517348420518,624.0299846742045,361.81949588515204,503.9200777177069
dscf26,generic,small,0847,0847,m2,487.9745382763636,21.24683199058973,498.2403677256221,589.8487696517823,589.58017516371,612.1523258305219,360.3958809116286,503.7725618589765
dscf26,generic,small,0847,0847,m4,488.7473192265451,21.239959725577194,494.1269956908004,597.8020536673881,592.1709824891765,613.2686552075738,360.10362682122565,503.74953414917996
dscf26,generic,small,0847,0847,m8,488.7221729740119,21.24018317764,494.90421679603924,596.1753195746919,592.9012745253095,613.4975425539767,359.99457396215445,503.7566487012761
dscf26,generic,small,0847,0847,rep8,558.8671983344789,20.657717406067807,828.788016319851,718.357743209151,640.4296283306143,639.9324339690893,360.76140179588594,504.02618695736066
dscf26,generic,small,0847,0847,ref8,542.8716878496871,20.78383168192292,823.160387346883,632.5160439181842,623.0090509183168,623.8050449167708,359.3141112123375,503.9619044750873
dscf26,generic,small,0848,0848,m0,409.9912437509514,22.00305779346351,271.37889929656893,332.7442251607315,360.63224651719855,453.6463786726472,431.1589916665548,539.8346947270674
dscf26,generic,small,0848,0848,m2,400.04021227385294,22.109767118127838,226.071274879005,325.9898412941166,361.70433168268505,435.0374760248227,428.1714163713582,539.8635274284427
dscf26,generic,small,0848,0848,m4,397.7833668426365,22.13433741555324,220.05868492115837,319.19344187548074,358.5128063001407,433.68000461923015,428.0610134565271,539.8254944853511
dscf26,generic,small,0848,0848,m8,398.10087854124225,22.130872248683573,221.01126841623685,320.7839561389333,358.9508214608954,433.31230095336815,427.98442425763216,539.8124905997767
dscf26,generic,small,0848,0848,rep8,435.321889665599,21.742698551578744,424.7107330579375,360.9021172130209,356.99436433859273,461.32212237204806,432.1701407981272,539.6052474454851
dscf26,generic,small,0848,0848,ref8,443.75981851099624,21.659323856149626,492.00708607630105,351.06313669767485,370.5919866570387,457.4544866756988,429.89759443418814,539.7755612168937
dscf26,generic,small,0849,0849,m0,851.2307973364548,18.83033032957207,1043.6752445537247,1028.4976625341837,1154.9768092146712,969.5418269681269,664.1300254933842,652.1397565345186
dscf26,generic,small,0849,0849,m2,845.7634256405496,18.858314603667118,990.430200099718,1028.0059659367466,1177.4969367921956,970.6367489651498,661.589512266013,652.0421199774923
dscf26,generic,small,0849,0849,m4,844.2472096244232,18.866107269726236,982.8962781770759,1030.5572013874423,1172.3090877413965,968.0355345641846,661.8292324126974,652.0627796689364
dscf26,generic,small,0849,0849,m8,844.1633986857327,18.866538428213953,985.5919726342519,1030.9147372552272,1168.2693354321752,967.3609300700501,661.9593417391033,652.0926438700603
dscf26,generic,small,0849,0849,rep8,949.8147865933603,18.354414345291378,1348.8206857231485,1288.5101223775223,1332.6309986341184,986.6015711054265,666.5966394191471,652.1395575261535
dscf26,generic,small,0849,0849,ref8,896.6947521299675,18.60435732792547,1252.8430171053612,1092.6978885531435,1214.532904191645,978.0733968676595,666.1369828449014,652.0072385566741
dscf26,generic,small,0850,0850,m0,246.03565351557654,24.220823147275254,312.1578652373264,294.4817691579808,214.88519015163888,185.22827945411703,221.0752449947397,264.69288114313235
dscf26,generic,small,0850,0850,m2,240.1604615512771,24.32578851321063,265.78169387444586,298.5626660488915,217.06453223219305,184.16718045424395,220.59158637227213,264.63229982845456
dscf26,generic,small,0850,0850,m4,240.8563886053843,24.313221906024754,269.42016047676134,296.4667954810591,218.88032498578954,185.66168805085894,220.845481385585,264.65623412899794
dscf26,generic,small,0850,0850,m8,241.34137178158628,24.304485839391287,269.51970127244124,299.6132656703545,219.0155057762327,186.05506932207433,220.88488865876613,264.6496446631864
dscf26,generic,small,0850,0850,rep8,263.5245099663373,23.922593464498906,394.0831657218901,344.0146299041757,211.70157564308792,178.76634046706315,224.12374271642577,264.6160890273574
dscf26,generic,small,0850,0850,ref8,251.66499933930533,24.12257541230456,361.4720318150456,295.19225606882594,204.82462885978347,184.30772147955517,221.27284837362114,264.6202683893412
dscf26,generic,small,0851,0851,m0,274.2515859427018,23.749312131747715,183.4083323853391,243.0972426780348,119.25041665521506,172.92908628271812,243.8205704678669,590.1420340592462
dscf26,generic,small,0851,0851,m2,274.01721332155967,23.753025155082543,180.11080207520806,235.04743833962786,129.15182320743278,175.19863979219406,243.2624724856251,590.258713923135
dscf26,generic,small,0851,0851,m4,274.24755633681724,23.74937594353756,173.10727825843654,239.29446571202627,132.22064647205266,178.39779547788746,243.2093329348984,590.0433315984978
dscf26,generic,small,0851,0851,m8,276.60125826505214,23.712262094752184,182.54146725015536,243.98177454980453,134.07875657522445,179.35314916077812,243.6369310147877,590.0277421228694
dscf26,generic,small,0851,0851,rep8,289.2079228982792,23.51870174514189,235.90548442224437,291.7489368187968,135.30442886959096,173.9909077736261,242.56528405768793,589.9456880645741
dscf26,generic,small,0851,0851,ref8,281.3797868745484,23.63787464514533,223.8946729034737,244.43839408761576,123.54782240253739,178.1576123833259,244.76102679044416,590.2406223052311
dscf26,generic,small,0852,0852,m0,78.59101404086861,29.177074684616116,90.16284680665449,81.83714799692964,96.14000581735725,97.45394471791877,61.16761389326427,76.9304621577207
dscf26,generic,small,0852,0852,m2,74.63094493388904,29.401614204269904,72.68178855453951,69.31708521458876,94.76203400768526,97.83486830650263,61.663832462257176,76.87727625127661
dscf26,generic,small,0852,0852,m4,74.3288534846064,29.419229269637775,70.83760013273974,69.51584841648622,94.45903773903466,97.78105562625147,61.572222027162404,76.86416724869287
dscf26,generic,small,0852,0852,m8,74.43709293585945,29.412909570025143,70.914839327252,69.82980715626314,94.67631212501936,98.09600939345067,61.56460026860441,76.86777654910983
dscf26,generic,small,0852,0852,rep8,83.84756402449425,28.895899110526727,103.5814744599888,101.29773724619534,101.24802095857933,99.55719405760519,61.53227816931212,76.84652555360049
dscf26,generic,small,0852,0852,ref8,83.56856367941798,28.910374229996908,127.59115929286756,78.06702366415998,95.94152197152084,99.55170688696779,61.54839378580637,76.87964052411644
dscf26,generic,small,0853,0853,m0,193.09074697099334,25.273188982522775,197.11497696414136,161.53079561133796,165.03642514834482,140.3334520040566,204.02673540004122,243.04067184276587
dscf26,generic,small,0853,0853,m2,186.232174296979,25.430256470983196,154.28244173854017,156.21272761353242,162.7857078364659,139.35326885962596,204.24661873657234,243.01459146885782
dscf26,generic,small,0853,0853,m4,185.9792334804988,25.436159074474652,151.49234509263826,156.2122927750401,163.427496470037,139.88988618391326,204.22921190699822,243.02873706316646
dscf26,generic,small,0853,0853,m8,185.67481291751577,25.443273658670883,150.82766663345498,154.49515244689695,163.61838474632893,139.76507544798235,204.21622459732217,243.03436220643744
dscf26,generic,small,0853,0853,rep8,205.99499787593638,24.99223686233001,221.88632561009558,211.80628910318504,180.28918292325457,148.46846061312348,205.33480441529633,242.97738080662643
dscf26,generic,small,0853,0853,ref8,195.70180009858973,25.214855404767004,208.96950388343757,169.8191481795796,162.53229585374376,138.63459656699933,205.2593769259276,243.00970563277986
dscf26,generic,small,0854,0854,m0,487.3133659478268,21.252720375683314,305.9743522596168,302.58619014496264,334.6727830349951,376.3263697062694,597.6016061485234,723.0324361622497
dscf26,generic,small,0854,0854,m2,477.9535585690129,21.336946614044802,254.14605527206217,297.1707623756522,333.55144331929665,377.6570374142336,593.1134404885671,722.6275878526418
dscf26,generic,small,0854,0854,m4,477.2777093672645,21.34309209185207,250.11512081297096,295.2225196811879,334.5069675673281,379.10245249255695,592.6600229670969,722.6761410620327
dscf26,generic,small,0854,0854,m8,476.87729854460326,21.34673712268128,248.18154591748615,294.82055014562997,334.3499215195594,378.6881536066281,592.615142977752,722.6440026477975
dscf26,generic,small,0854,0854,rep8,493.0009387295487,21.20232614644078,318.5952106381952,326.7134074266083,331.3157672073971,386.2860431121642,598.2621575529959,722.9244148560497
dscf26,generic,small,0854,0854,ref8,489.1689153478795,21.23621509236716,315.497770138137,306.0111943577079,330.94975901195915,380.7615725377169,597.9098267623277,722.8559189401133
dscf26,generic,small,0855,0855,m0,142.65026808043365,26.588077687111724,75.74246005808345,122.00097441579484,96.38489703995691,107.59910083384032,195.3211769198743,162.37729705879326
dscf26,generic,small,0855,0855,m2,141.18028148097943,26.633063174241663,67.84853475476788,120.64735924142607,96.11187050048541,107.63165211056817,194.7621621373416,162.3827456923847
dscf26,generic,small,0855,0855,m4,141.32529003580188,26.628604754509915,67.83476445898681,120.76292302657413,95.64533110324221,108.420569646475,195.03622327898157,162.4429472802782
dscf26,generic,small,0855,0855,m8,141.3837553979845,26.626808477740532,67.98049885719345,120.96103863245564,95.82584222142599,108.32400416427696,195.0392886223781,162.45069993037623
dscf26,generic,small,0855,0855,rep8,150.34378134560208,26.359948917379526,100.23739407373128,140.39732591745582,104.43128254573078,112.61603465251129,196.9009768134282,162.22177555051647
dscf26,generic,small,0855,0855,ref8,148.90930669125544,26.401585192718883,122.73476203118403,121.9957534142138,95.30429128769795,106.25478977584243,195.49950512871666,162.50447012909393
dscf26,generic,small,0856,0856,m0,123.01778941661001,27.23112442218499,93.55174160058382,88.44399817851377,98.07517227901265,101.8331883001611,129.48070654718686,188.27261113950513
dscf26,generic,small,0856,0856,m2,122.26220352071253,27.25788142093174,90.5944723165285,86.33716000395495,97.96867383610771,101.4959842193107,129.36918211878887,188.3003867858519
dscf26,generic,small,0856,0856,m4,122.4733760009762,27.250386714534898,91.93852433723623,86.44603589897882,97.92706452958005,101.63084614134947,129.37757648303142,188.30249235325925
dscf26,generic,small,0856,0856,m8,122.46063012585236,27.25083871083593,91.812349783033,86.63201918069909,97.9223660424389,101.49508209925654,129.36428841073197,188.30527916441193
dscf26,generic,small,0856,0856,rep8,125.14571857455962,27.156643645445193,104.55026781512156,94.01499619073527,97.20316891362138,100.77044115847474,129.83346653105278,188.31743627507495
dscf26,generic,small,0856,0856,ref8,123.40301804534744,27.21754579579015,98.41866774374853,86.79042890243153,97.16058169890694,101.61378952302208,129.65529781240522,188.27845142885815
dscf26,generic,small,0857,0857,m0,40.28274796104721,32.07961271786416,100.65085412518543,53.25721642408586,26.786886131848505,18.32141531343386,15.783807587978098,52.65315892999412
dscf26,generic,small,0857,0857,m2,33.86025849888757,32.83390091554181,61.513175905061026,45.96313680545066,25.41882794573638,18.280087938838275,15.917251744357248,52.652647986700856
dscf26,generic,small,0857,0857,m4,33.53397184846492,32.87595365455392,59.14864733516822,44.890381325715495,26.10042116823944,18.52308791761324,16.017584378408205,52.62512325768155
dscf26,generic,small,0857,0857,m8,33.32495188132422,32.90310829869499,58.28094332124452,44.525418127833866,25.80457395889994,18.44840133356568,16.01520668535362,52.626506680986765
dscf26,generic,small,0857,0857,rep8,54.88305077647297,30.736421164315594,146.95007209138976,108.77765066292362,33.39858627198223,21.391210118694655,15.947706280759844,52.6862417326398
dscf26,generic,small,0857,0857,ref8,49.53714165382569,31.181494171522907,155.65518737268414,65.20801227694295,27.908107589230923,19.089683692536166,15.704168942590888,52.61589500753473
dscf26,generic,small,0858,0858,m0,172.72157898524236,25.757337612925273,116.108157478904,156.98903749648545,145.70342569762946,182.58381467322172,158.37712630864527,267.19688889249005
dscf26,generic,small,0858,0858,m2,169.1031468587802,25.84928671361905,107.76898615051037,146.70123388016694,139.24398835765462,179.175810284624,158.2299995108968,267.27540979183647
dscf26,generic,small,0858,0858,m4,168.23019999572867,25.87176399642697,104.49188988207118,144.28455384084566,138.86266646419494,178.67430156825947,158.18521951504275,267.2682201639826
dscf26,generic,small,0858,0858,m8,168.08319256390584,25.875560724236095,104.39185436180749,143.33781160055273,138.56011609064933,178.7772214879762,158.22388861227356,267.26250485405984
dscf26,generic,small,0858,0858,rep8,177.77170198362276,25.632177305017443,151.59370596045736,167.19330353832777,139.8172481410297,180.84243846688616,157.64300661282869,267.2195970678097
dscf26,generic,small,0858,0858,ref8,178.96176333039816,25.603201106058407,168.22049930221647,154.4883008632472,142.5137427519129,180.0254759731134,158.52310922821889,267.2463386533735
dscf26,generic,small,0859,0859,m0,289.04726813142946,23.521114917789944,242.66934993098565,222.851896477988,229.6293734434762,264.9885143983184,364.86918557112324,284.0220748353755
dscf26,generic,small,0859,0859,m2,286.23710721791923,23.56354426708487,228.47468551994248,221.05303432006352,228.98509743183183,259.6618551995998,364.91654997317437,284.0325342956796
dscf26,generic,small,0859,0859,m4,285.9960024108936,23.56720398169019,228.15807615103648,221.28603523882117,227.5484096959783,259.39396594685456,364.86832967354417,283.9568317235729
dscf26,generic,small,0859,0859,m8,285.7527672255942,23.570899160788528,228.2978947043958,220.73283864145077,226.73738201524256,258.94577517201355,364.72188444925547,283.9604803589144
dscf26,generic,small,0859,0859,rep8,310.8902338585798,23.20473281307658,304.7994325366338,264.3862209774325,284.9478208870942,274.7186484405584,366.2290117216421,284.08475240714085
dscf26,generic,small,0859,0859,ref8,296.4217650202434,23.411702719480843,282.62271804959755,231.8225195638558,238.51510095642666,260.8380319009891,365.32100394092885,284.0164182589309
dscf26,generic,small,0860,0860,m0,451.05631388010505,21.58849594420952,429.95050426497977,415.73768608480856,367.8581631992377,301.4353187581164,392.214799190795,751.0254110967403
dscf26,generic,small,0860,0860,m2,443.07361845737717,21.66604468880704,383.4640224736816,378.9828141007956,387.84664862337513,303.60411077727014,393.79982259851323,750.8465119072584
dscf26,generic,small,0860,0860,m4,444.8426685365489,21.64873923523161,388.0318331721815,385.62633584703144,387.87600266328155,305.33608717775076,394.12323970308313,750.8313899714758
dscf26,generic,small,0860,0860,m8,444.85174320840343,21.648650641218662,389.0180731235059,386.10210770641174,385.8268793195939,305.7034162714045,394.1907701034701,750.7861705003422
dscf26,generic,small,0860,0860,rep8,467.21014878745046,21.435680928711946,508.805719404014,454.71151143982974,363.4622097621481,303.55299279737477,394.31971869621657,750.7447545754275
dscf26,generic,small,0860,0860,ref8,470.997688574542,21.400615850379204,516.2542898784048,450.72912848216225,399.61790128289294,300.8536909285946,392.1288881962122,750.9743273198351
dscf26,generic,small,0861,0861,m0,373.4479815169402,22.40850244444681,358.2441063932565,304.69311239098573,346.1601339705362,354.1518441021516,379.40107027596207,453.6687712214824
dscf26,generic,small,0861,0861,m2,383.6879608972444,22.291021884559413,347.1646687750481,330.86904019638007,371.8371797863071,384.09097796844964,385.8702235635191,453.7741449926133
dscf26,generic,small,0861,0861,m4,381.92055514881025,22.31107327926718,333.71001758591734,333.26810556626725,372.4932488375923,382.9547487592134,385.4119005554566,453.6136202959084
dscf26,generic,small,0861,0861,m8,382.79595399357044,22.301130220649654,336.409924840019,334.236167235588,373.43545966128886,384.3005166083845,385.8071801576761,453.57793675181017
dscf26,generic,small,0861,0861,rep8,400.01954095729076,22.109991537333592,420.66779096637526,373.4547701104556,365.77170085301117,373.6163887604687,393.80801326449676,453.84549750468346
dscf26,generic,small,0861,0861,ref8,416.3310554848333,21.936415533377136,456.6467732938376,384.2876381639404,404.42037072289185,407.37097652179415,398.8604954581276,454.53286117873705
dscf26,generic,small,0862,0862,m0,41.75739546512456,31.923469582874915,47.96064435905647,52.722914967652216,42.35832044050065,33.076372265170555,38.15576962693523,40.72062857320855
dscf26,generic,small,0862,0862,m2,40.89555305570001,32.01404275070104,44.25454263509198,50.8522664869773,41.31805413012228,32.76102290322271,38.27808751798039,40.72558185284211
dscf26,generic,small,0862,0862,m4,41.002945788026516,32.002653018670124,44.6943067012581,50.99536470192365,41.16494863862096,32.9307937030731,38.359527397636626,40.73324386217686
dscf26,generic,small,0862,0862,m8,40.98427636057986,32.004630895038666,44.550339906322215,50.84824340092668,41.24136972456369,32.95622013959382,38.383853474385525,40.73324386217686
dscf26,generic,small,0862,0862,rep8,45.6164073650926,31.539592825348063,63.93597820743364,65.33958126439546,42.61254272212424,32.958652095649676,38.27680553292819,40.724901447835435
dscf26,generic,small,0862,0862,ref8,44.86923427327954,31.61131702828639,69.62007916700027,53.91004305626805,40.936420713740894,33.19333094003667,38.58470400536767,40.71703348429059
dscf26,generic,small,0863,0863,m0,253.8444924629349,24.08512615695354,145.0765566866899,163.2969271061375,185.6368751288126,192.83152852094017,316.44680413801564,368.3458738476272
dscf26,generic,small,0863,0863,m2,251.91660468475771,24.118235665921183,131.80888693323337,165.75662035264406,184.14898093611237,190.39568994012163,316.5037426075491,368.3369770535717
dscf26,generic,small,0863,0863,m4,252.07431788152584,24.115517602152625,131.3314044489783,166.2588668887198,184.43398868545327,190.84113358057436,316.72011631747665,368.36840020392316
dscf26,generic,small,0863,0863,m8,252.50283745811547,24.108140980747024,132.82374888050148,167.79785977034086,184.15439875421964,191.30955601067546,316.7531166994315,368.36227169097737
dscf26,generic,small,0863,0863,rep8,273.2529671647725,23.765154743585537,222.21560684354816,226.39187517466806,188.4618190176851,193.72529780349694,317.5824870612739,368.1869507551352
dscf26,generic,small,0863,0863,ref8,261.6287326706261,23.95394923375189,193.73789297147127,167.04641578045437,186.8509201652055,192.4081578889087,317.9983621312799,368.41954080185417
dscf26,generic,small,0864,0864,m0,181.44348942182427,25.543389714611425,227.3819471162464,228.04148854722675,182.75159645953977,211.92283648301654,161.68071994462062,129.89080407443987
dscf26,generic,small,0864,0864,m2,183.0939596975663,25.504063437824158,206.22785550978415,224.97005549700972,181.79340503730842,226.14105902469612,172.17401993180096,130.04411128628152
dscf26,generic,small,0864,0864,m4,181.61708139813697,25.539236686206827,201.89044357021973,221.3957583860693,181.93040547745727,225.82173013686753,170.958787553639,130.02936441940216
dscf26,generic,small,0864,0864,m8,181.31662483835808,25.546427346844336,197.97788499289996,220.61561956714888,183.84075516940345,227.72992940372797,170.6740741282274,130.03141574474498
dscf26,generic,small,0864,0864,rep8,208.71697621715094,24.93522586562438,278.1428965716183,326.35763819829776,193.9195905754199,239.95816288187717,172.0245905036115,129.83726499113303
dscf26,generic,small,0864,0864,ref8,197.9705629420157,25.16479742840106,286.5895401321375,236.66352495123041,188.66423137076313,223.76615145185878,177.50209007289075,130.2026960539886
dscf26,generic,small,0865,0865,m0,240.83970773466686,24.313522693602806,181.58555323050606,227.17019815802607,278.9877064994437,248.7654860766691,241.40229565312052,265.46049947843414
dscf26,generic,small,0865,0865,m2,237.69126655852918,24.37067136039682,177.3336832701231,220.11550101676437,268.1608633601578,246.25376926362935,241.04117286409056,265.45635613163427
dscf26,generic,small,0865,0865,m4,238.92859074713337,24.348122393274416,184.08034189382903,221.18424779764962,271.3554198899646,248.06051124285048,239.86510856678066,265.43621637239335
dscf26,generic,small,0865,0865,m8,239.1695259318726,24.343745181717367,185.50379002789063,221.53896851294115,270.67195647782637,248.6905915019527,239.92006992091106,265.4049795792182
dscf26,generic,small,0865,0865,rep8,264.6018732017509,23.904874464952478,233.5390070510623,280.66491805463505,346.66426324378796,267.7846841614555,240.71664356143316,265.62402596462607
dscf26,generic,small,0865,0865,ref8,249.88765451008504,24.153355601659754,233.60671637790037,234.94207095352473,289.9155445273045,251.34515975369175,239.37184539768015,265.63187628904774
dscf26,generic,small,0866,0866,m0,266.7212087943561,23.870228101343965,475.6019129636831,378.6173410211941,335.5165895068081,395.4287465578819,211.52766702555124,3.1808398427830045
dscf26,generic,small,0866,0866,m2,262.4601568225808,23.94016976879968,453.3780779359108,380.2405162528699,331.1120061475933,386.20432636503733,211.80979068122573,3.1884248091656464
dscf26,generic,small,0866,0866,m4,263.17006811921243,23.92843867984775,457.3556959702054,377.46920183608887,333.0282589214499,387.8962744970652,212.14086138392202,3.182231507176207
dscf26,generic,small,0866,0866,m8,263.3518071780919,23.92544057939817,457.7142540312638,378.8796240724445,332.99686327324457,387.93846707196207,211.99535359346123,3.1845635298725257
dscf26,generic,small,0866,0866,rep8,295.0820473581727,23.43137572819835,553.3778500906831,488.4112194452941,365.90523119487676,392.00347651940206,212.98460253184953,3.1864207966890747
dscf26,generic,small,0866,0866,ref8,277.5531595802627,23.697341852963632,534.6478637746739,398.5929193003989,336.3357176396941,393.25379445506957,212.48728959866278,3.1808909110858212
dscf26,generic,small,0867,0867,m0,365.4085810901023,22.503016189561492,365.35256140824123,338.3444940498482,325.3322873012133,436.37463490351496,323.1419320357666,448.1848260032077
dscf26,generic,small,0867,0867,m2,371.01545564980654,22.436883591676523,370.81025997773565,335.9324087965415,335.9424718503901,460.48086039366405,326.5700270257638,449.1739709347763
dscf26,generic,small,0867,0867,m4,367.6971081322037,22.475901466290864,378.64964558502885,329.7140301991831,323.87407158855757,447.38529865915484,324.3482197996584,449.00894340017885
dscf26,generic,small,0867,0867,m8,365.8470449008062,22.497808094620257,370.3914443767714,326.6140216648163,322.1718258935752,447.63169928306047,323.9162745935103,448.98734099716125
dscf26,generic,small,0867,0867,rep8,401.45589093248344,22.094425257661992,446.1359485067543,415.9646506730524,415.2771122215757,479.262591512767,322.9720853839872,447.71068782856463
dscf26,generic,small,0867,0867,ref8,381.46730931327403,22.31623034810761,429.00155162983594,358.8244953093305,348.60997094005023,460.694176753883,321.2160581155101,448.1457675896824
dscf26,generic,small,0868,0868,m0,225.37627576604268,24.601721627610374,94.04485739238507,139.04575996264413,142.19566458684855,198.45987105053,290.6527448811727,338.4754090317057
dscf26,generic,small,0868,0868,m2,218.06213503775479,24.7450010093716,71.48516516606917,119.2478970303474,130.72365368028235,192.54403872341663,291.41872093196565,338.68988990687217
dscf26,generic,small,0868,0868,m4,217.72502428667482,24.751720132000848,70.24844254668793,120.3689810481417,129.77656758845558,191.56677236309088,291.1561516853065,338.6563924225264
dscf26,generic,small,0868,0868,m8,217.55748315310962,24.755063348975973,69.96646536926865,119.57871361242877,129.69989670083592,191.46129897031906,291.1262336283258,338.6691387244014
dscf26,generic,small,0868,0868,rep8,235.96660473369283,24.40229817245807,135.68895125268688,180.29057195485532,138.89251003250675,198.30955632763406,290.70390581557973,338.5068273423427
dscf26,generic,small,0868,0868,ref8,229.99885343084122,24.513546898498824,127.01813174423542,143.62956600360042,137.59130355835512,195.61892188185385,291.6180437668494,338.6959764447873
dscf26,generic,small,0869,0869,m0,337.13441130268444,22.852772776553174,427.8992932573204,368.3228131052666,310.4943390390053,342.00788190864336,323.4419862782362,284.6598318877608
dscf26,generic,small,0869,0869,m2,329.1654539491491,22.95666111321975,373.29638029559993,360.9118008731181,315.80353754900693,345.1662459029451,322.0239435662615,284.53268503060576
dscf26,generic,small,0869,0869,m4,329.56481468765327,22.951395219286276,376.103282140485,359.92963570902515,317.7369601062648,346.18829872608893,321.43583483407764,284.51926068531776
dscf26,generic,small,0869,0869,m8,330.04089645150174,22.945126027998626,377.74277881793586,361.63018927688825,318.0598068970342,345.8280139713627,321.5393049036592,284.5232150460398
dscf26,generic,small,0869,0869,rep8,372.93674494379155,22.414451849613243,530.8546584891454,480.7181847106237,369.59560282827994,351.388471735205,321.6333316502461,284.5718147247562
dscf26,generic,small,0869,0869,ref8,337.69141615742944,22.845603395065343,432.20730152811393,372.54137577425143,306.9974497638572,342.32749198283744,322.86146195168146,284.65126812579297
dscf26,generic,small,0870,0870,m0,395.75617073193723,22.15652665649533,372.17666331779157,342.48391486413664,302.55470651780746,401.3074347219672,425.5340861400369,455.0648914476752
dscf26,generic,small,0870,0870,m2,387.9502898551402,22.24304280182711,334.3318004807917,331.4375857964415,299.0853440909345,399.8945640438202,423.62511400986654,455.02652962393245
dscf26,generic,small,0870,0870,m4,387.35625193242254,22.24969790992841,329.42291464025317,331.39615927613426,299.01005506935115,399.5241022715755,424.0303555297649,455.01938598456996
dscf26,generic,small,0870,0870,m8,387.14829438895373,22.252030105812814,329.0996237342518,330.73576414659544,298.4589669670442,399.6248736809579,423.95891983750664,455.0101040509843
dscf26,generic,small,0870,0870,rep8,428.46066912584087,21.811693991724784,469.6339315008693,425.1178354896666,343.3551848655595,422.58501771014875,430.7032012030685,454.94306079751397
dscf26,generic,small,0870,0870,ref8,405.172811208057,22.054400661798716,418.05580654667136,350.78234074900513,305.2826601072705,405.3721536721689,429.4704406991966,455.0108014654199
dscf26,generic,small,0871,0871,m0,236.88196550114185,24.385483629626947,274.31528605167205,230.745606106871,217.97622297982488,240.20058078023894,227.52743704313036,240.44442628870988
dscf26,generic,small,0871,0871,m2,224.37611864786712,24.62103729724859,210.94562033837707,209.86751609278386,212.50156509331586,239.70247557131003,226.1469510779364,240.5058532824967
dscf26,generic,small,0871,0871,m4,223.71628701854007,24.633827580641082,205.22376852129014,208.12789898775102,212.18685111352406,241.32517852605062,226.78718122156195,240.48236061501717
dscf26,generic,small,0871,0871,m8,223.8921004961927,24.63041590073314,204.9327744311366,209.38832909457003,212.39244149413898,241.52501931948242,226.81150851975465,240.48951834615016
dscf26,generic,small,0871,0871,rep8,280.5595738312438,23.65055267685367,353.9994345230704,454.75110190722876,240.07316785435785,248.55583205294633,229.61661083209725,240.40906597466105
dscf26,generic,small,0871,0871,ref8,255.24323279917354,24.061261242987232,358.333200685682,271.82622020056124,220.7931254655127,250.0788531752373,228.09171292697775,240.4944968487695
dscf26,generic,small,0872,0872,m0,369.29123119813033,22.457113653953172,420.956164993125,371.4359577438694,309.3983997034143,323.0681675304555,406.4848720399128,325.4797518334567
dscf26,generic,small,0872,0872,m2,352.8021916116045,22.65549086557023,334.9705292470453,340.756525656334,302.35298413808,320.93965675167175,407.36021416767016,325.4212214314751
dscf26,generic,small,0872,0872,m4,354.79347766661164,22.631047334721337,341.4338655036151,347.33079337430803,305.3690609380348,320.71396320591003,407.18842891316956,325.3817434171431
dscf26,generic,small,0872,0872,m8,354.84172362961243,22.63045680720807,342.38687076275085,347.4177941653715,304.78464708553304,320.54653904929285,407.1618973559315,325.39311615121284
dscf26,generic,small,0872,0872,rep8,409.2709396836105,22.010694522429386,568.9206954865571,478.09610683647986,332.90788278602264,347.49164201536473,408.57700023917715,325.36533657271815
dscf26,generic,small,0872,0872,ref8,399.0945008488259,22.120046172168458,598.5118599906473,406.4959398740908,316.8769322546826,323.9471624412949,406.5468782375749,325.3049996866675
dscf26,generic,small,0873,0873,m0,284.83532303266765,23.5848651478328,344.0330475408313,310.0673145989264,318.5106575115059,265.1480564669087,256.94988449258426,262.82292277513824
dscf26,generic,small,0873,0873,m2,284.3330379694303,23.592530355630036,338.85627352184736,307.45794650281283,323.59733835253786,263.9873093274357,257.1391767816611,262.84823697948553
dscf26,generic,small,0873,0873,m4,282.9102747886753,23.614316403356547,329.19087052128646,305.6451954409462,323.4288687220053,264.1856711023037,257.5203029132807,262.88384414297906
dscf26,generic,small,0873,0873,m8,283.0352240244774,23.61239873585597,330.39548665900793,305.3786496843693,323.20151554063966,263.9774610653397,257.66118078772655,262.8601770213701
dscf26,generic,small,0873,0873,rep8,297.69358858232096,23.393108795073907,380.0935316260688,359.450121224914,327.5193702911243,267.47628985432164,257.75745005385414,263.02000461032327
dscf26,generic,small,0873,0873,ref8,286.4643391179222,23.56009794907419,356.0139222162975,310.81001296108246,318.7718702789642,264.0337864700887,256.77524567122015,263.03583684254374
dscf26,generic,small,0874,0874,m0,128.84463835659494,27.030140100073194,97.78894726402574,119.87397384092584,112.7841738087454,100.58789131520743,147.02823790449602,153.1060673232887
dscf26,generic,small,0874,0874,m2,126.91552902017696,27.095655964945855,88.97815568806156,114.66539557534576,114.05139787616594,100.09137834461454,146.5543571303067,153.1427532894731
dscf26,generic,small,0874,0874,m4,126.5313883392823,27.108820875963527,88.81477759738452,114.60339084388299,112.78896702758192,99.2181365017531,146.2246742169517,153.13581189146146
dscf26,generic,small,0874,0874,m8,126.53486825984733,27.10870143607302,88.44071992093988,114.92384976110658,112.68003424066042,99.28155965643852,146.27993453789327,153.1445052955424
dscf26,generic,small,0874,0874,rep8,136.49259157648464,26.779712811011525,124.95251657700578,139.62054601700416,120.1411292187865,101.77345021854266,148.29100885951635,153.04145590274084
dscf26,generic,small,0874,0874,ref8,138.1568302045379,26.727080004115052,160.74160633543656,120.18632084365959,114.46456142434083,101.49449708896204,147.98452154180669,153.20578242817106
dscf26,generic,small,0875,0875,m0,444.0151002651894,21.656826208201085,551.098040790733,395.7177170924321,356.61075980878036,482.4357973572069,474.2598802945163,373.27102861829144
dscf26,generic,small,0875,0875,m2,421.45468485891917,21.883294750831656,455.0772189959886,358.093019538643,335.11796163206674,470.43938632119284,471.92516306764213,373.35462234698895
dscf26,generic,small,0875,0875,m4,421.38402733592875,21.884022913218306,459.27376062621937,355.96212859962793,333.6184316800398,468.0558205765096,472.1049904295741,373.34586592193835
dscf26,generic,small,0875,0875,m8,421.22310568379737,21.88568175002731,457.97066082380854,356.7862085961911,332.88929401279347,468.0064445899709,472.10978308556685,373.3595429395025
dscf26,generic,small,0875,0875,rep8,466.0722304918012,21.446271332913692,627.6021580611463,485.69564705688964,382.5434567385375,449.1473905541223,476.0056900235743,373.53098043382187
dscf26,generic,small,0875,0875,ref8,458.9017263447178,21.513606693955772,611.9506264215689,413.2282212225214,368.87485393889796,489.023378361341,480.4776738156985,373.7057845772888
dscf26,generic,small,0876,0876,m0,190.89626379393994,25.322829323671392,165.753609706464,195.6867335867352,183.49942887785218,181.17043313178465,203.2334769402964,194.5630393061049
dscf26,generic,small,0876,0876,m2,187.34424569096038,25.40440002659029,144.01107490749357,191.2086271380116,181.88855487972947,185.95898287102438,202.26915695940667,194.5490584567249
dscf26,generic,small,0876,0876,m4,187.24255324197085,25.406758063267407,145.8112496438785,192.66947510601523,181.08584393528562,184.24441905609712,201.51185032329886,194.53100619199296
dscf26,generic,small,0876,0876,m8,187.04451538894477,25.411353827428734,144.00485834573402,192.63408385684014,181.77279247433606,184.1540343259769,201.4634527521191,194.52801010240776
dscf26,generic,small,0876,0876,rep8,208.48147711237843,24.940128854681145,228.92026131682027,249.51326339042268,196.4571524042981,188.02512345246743,202.60269117552713,194.57227200860973
dscf26,generic,small,0876,0876,ref8,198.25084249351622,25.158653192817614,211.72135812392398,202.6911855070042,184.69066273156827,184.15589469167398,202.30652815400438,194.55981985496
dscf26,generic,small,0877,0877,m0,51.35452239214913,31.025016663236386,36.11358174905245,34.109147844780985,44.704802830770255,42.04773904372935,49.878238114852046,88.57274212083826
dscf26,generic,small,0877,0877,m2,49.91360620561307,31.148614125481622,30.21500751112426,32.194480340085256,42.75191561409583,41.33188509056561,49.61269408179873,88.6191200693976
dscf26,generic,small,0877,0877,m4,49.91266349773055,31.1486961505503,29.821798490679985,32.2667557367929,43.10829173711216,41.182347411178036,49.64918234113178,88.65228618632791
dscf26,generic,small,0877,0877,m8,49.96888602423541,31.143806932127998,30.144507865934326,32.368434777512384,43.262787703086154,41.08809561170287,49.62153415169569,88.65327482876951
dscf26,generic,small,0877,0877,rep8,52.736819533546964,30.909664261704542,43.497088886364544,38.01618305222584,45.23470067809661,41.14739374175104,49.581004354506625,88.59967116578359
dscf26,generic,small,0877,0877,ref8,52.99369222814535,30.888561817112453,50.055867694279534,34.09676208461364,42.323738637476474,41.49742582798697,50.05183229463339,88.6220948153236
dscf26,generic,small,0878,0878,m0,298.5202792303208,23.381065216883762,335.41338179164865,273.8370338318517,286.4008997383009,313.7176087823857,254.41871758841518,369.74771139575535
dscf26,generic,small,0878,0878,m2,289.09308503960847,23.520426571773875,291.736940326677,257.8289153883568,283.299133115827,307.5496996595472,253.34732641304495,369.71978987385984
dscf26,generic,small,0878,0878,m4,287.6292726213869,23.54247277867057,281.164360920794,256.8641203746711,284.6656048343989,307.26447880970676,253.29296538576702,369.71076897688806
dscf26,generic,small,0878,0878,m8,287.47053262546024,23.54487027230246,281.6408705740211,256.33701861780156,283.94972295141093,306.95320159047367,253.1681678137334,369.72451661945263
dscf26,generic,small,0878,0878,rep8,316.89619893913016,23.12163330859249,399.0029228804811,329.3338838636468,307.8164673277724,317.0273314142656,253.5648023154571,369.65163050118923
dscf26,generic,small,0878,0878,ref8,302.57633375300827,23.322454045383797,371.5791323318112,269.74443777134286,287.2051111235449,307.2786045078935,255.03400695312843,369.7954599810163
dscf26,generic,small,0879,0879,m0,361.14728274935874,22.553960092651174,201.69671964026264,155.8646892015674,213.7651847186013,237.09206391761745,429.43201204251653,678.5080264826648
dscf26,generic,small,0879,0879,m2,354.1166885410886,22.639339665285508,153.3201838973745,161.5325385791728,213.83114345907484,223.30246417572044,430.7110804923917,678.1677272730781
dscf26,generic,small,0879,0879,m4,354.7155693941812,22.632001096567997,147.15214087964668,165.65746885559622,216.48348154887358,224.14247540436207,432.2240426509894,678.240252922254
dscf26,generic,small,0879,0879,m8,354.78344001517763,22.63117020502675,148.83203623638562,164.1505427031141,215.61395423810282,224.57940889143376,432.51333137216585,678.172839098977
dscf26,generic,small,0879,0879,rep8,385.16624512005814,22.274321410873718,342.51770335159955,187.7395576062672,212.39464298156147,230.50449400858213,434.1943877689116,678.0111429125516
dscf26,generic,small,0879,0879,ref8,389.9967947540852,22.22019323139704,412.6893950317644,149.80004394847958,212.9650448490698,229.59336308939567,434.3108338063843,678.1636156418057
dscf26,generic,small,0880,0880,m0,213.94328400211253,24.82781702983704,113.97228965422498,131.36410981751402,184.5054126641436,185.64813610652288,291.06585602815835,242.57977396276596
dscf26,generic,small,0880,0880,m2,208.38770146133677,24.94208276495154,85.82859699259375,131.13773677247192,174.57265494552362,184.97981175727293,289.8210228396229,242.53278043857992
dscf26,generic,small,0880,0880,m4,209.30096271794196,24.923091349079705,87.29012533491388,133.05415665887173,177.65689333904592,185.616121683799,289.93207120744484,242.53232924069349
dscf26,generic,small,0880,0880,m8,209.42661162904542,24.92048494655308,87.06299930893712,133.53826913196465,178.00614583670207,186.115553814147,289.9290965857855,242.53893173384586
dscf26,generic,small,0880,0880,rep8,230.264697995347,24.508529997208676,160.68094991655522,208.79789076624945,189.58009165993303,184.7056332368318,289.69896215156825,242.58919655859506
dscf26,generic,small,0880,0880,ref8,224.89335298465312,24.61103741380463,178.79874746518854,147.44784822710469,184.89456332083793,187.76904781501756,290.2492919990965,242.58040551028262
dscf26,generic,small,0881,0881,m0,149.76333921937626,26.376748460578714,108.7420174588306,126.8542953742048,122.82162998834703,126.20102166031819,171.43290235948515,189.64316876344057
dscf26,generic,small,0881,0881,m2,154.63823341359506,26.237634811970633,135.1110368395844,129.29516993122627,123.82998158634739,129.51921857404577,172.77902992342854,189.75277125440738
dscf26,generic,small,0881,0881,m4,154.16231713513426,26.251021315126785,134.46155147909283,127.3634776004118,123.18353036445201,129.91058411832307,172.46183523664342,189.7471239194548
dscf26,generic,small,0881,0881,m8,154.07003516472287,26.253621791775473,133.0918152177496,127.09759075972059,123.99176445897915,130.03950369775322,172.51962692800237,189.75480356343087
dscf26,generic,small,0881,0881,rep8,166.6048239120421,25.913927889588987,156.56184362550826,181.82101750460197,141.71651535980163,133.31543380890687,172.09836100568688,189.98559835013347
dscf26,generic,small,0881,0881,ref8,172.9174017168978,25.752416597320167,268.0361323265573,130.19689716163595,128.87149230145275,121.84468592614517,173.2386091330111,189.75818311795
dscf26,generic,small,0882,0882,m0,929.1189737690767,18.450090318655405,359.9911091499185,452.2540965872735,504.0720433212094,747.000641173944,1028.5421788844658,1923.0361603262593
dscf26,generic,small,0882,0882,m2,917.5373247159496,18.504566208173884,290.4669460382547,432.7621541755503,493.2070099156204,751.5971894298349,1031.5444401314764,1924.3220947235168
dscf26,generic,small,0882,0882,m4,916.8591577600812,18.50777733709802,283.5410218623081,435.19082186118624,495.0034716655343,747.4416389088187,1032.0810534204095,1924.4401998323997
dscf26,generic,small,0882,0882,m8,917.3403086335479,18.50549883709918,284.86104124136534,437.2129679577802,495.3134520761776,746.7881339858734,1032.2903776377937,1924.4769211859946
dscf26,generic,small,0882,0882,rep8,929.1385726650077,18.44999870926175,342.4106632450183,453.65497900185176,518.9598417589597,751.3360465413739,1027.8362759687525,1924.56791129868
dscf26,generic,small,0882,0882,ref8,933.687484167485,18.42878823624115,373.475066583746,466.62133535127447,491.1450911769526,757.8985995068459,1031.5335624658094,1924.3682378226772
dscf26,generic,small,0883,0883,m0,394.1181052470384,22.174539746491696,319.20444802688723,364.57899461744427,373.72349270672925,430.5848907254096,399.9408229623892,454.0307689785126
dscf26,generic,small,0883,0883,m2,402.8209855254086,22.079682732155256,354.8254984178635,393.16617534302895,379.2200069444073,427.61287776985574,398.9690371616786,454.9830146657691
dscf26,generic,small,0883,0883,m4,401.6039034215272,22.092824355501925,343.0065695457851,383.46925594123394,383.1915731087065,432.7644573845386,400.38697554689264,455.8078206105551
dscf26,generic,small,0883,0883,m8,403.107821978568,22.07659135502825,352.73522998331725,384.79425380848346,382.036200519337,434.6743543314136,400.17037859679084,455.8185636871515
dscf26,generic,small,0883,0883,rep8,433.5541838506531,21.760369792936647,424.9489570573364,440.0857277431696,425.0297903228241,483.3804965734517,410.5484597245334,454.2186842492613
dscf26,generic,small,0883,0883,ref8,475.81262784663306,21.356443970394324,559.7474277268979,514.5366883302534,458.90369641174976,529.3452651842366,424.778832466639,457.51802922518823
dscf26,generic,small,0884,0884,m0,512.8762815123258,21.03067745729819,470.5675607408183,394.44525609835335,466.83045904932686,680.5438161171277,510.6847938344639,563.6897810197269
dscf26,generic,small,0884,0884,m2,487.5290996479593,21.250798178808147,390.7355888679807,356.37848023669505,443.8584499256517,625.7281088358212,508.02728946111347,563.4728466046321
dscf26,generic,small,0884,0884,m4,488.597231144608,21.241293593480222,386.48385987963485,358.6446749382745,445.26925437198526,635.8157348340532,508.34501626184925,563.4904486497926
dscf26,generic,small,0884,0884,m8,487.9089111813379,21.247416107172334,384.2221273809995,356.3314131628814,443.66842699385023,636.8123951911655,508.33442879374854,563.497929779363
dscf26,generic,small,0884,0884,rep8,499.0096355819901,21.14971429193045,436.9762152035919,377.7318587644014,448.19147309485015,644.5376478700404,507.6023190479215,563.5617222909724
dscf26,generic,small,0884,0884,ref8,519.6942994360155,20.973324078261943,531.4089735419001,404.6145770861728,455.1202448502151,672.6339272156324,508.9077277850981,563.6569182499366
dscf26,generic,small,0885,0885,m0,203.74183374386848,25.040001502340573,315.5056442674174,209.9063288676672,241.32900266327567,281.2235695895557,148.71261638901532,143.89830512111814
dscf26,generic,small,0885,0885,m2,196.38813446888744,25.199651161662512,288.1957072427438,195.9395658007211,234.53658915256298,273.5295521505015,148.16646663313966,143.817302778095
dscf26,generic,small,0885,0885,m4,197.20956520826127,25.18152385270723,296.6177139034245,195.92498023543524,233.27047587643116,271.9005439931356,148.14149993799222,143.81890117781373
dscf26,generic,small,0885,0885,m8,196.5527355749234,25.196012682608917,292.8580932228638,194.26320659586193,233.65572865601314,272.3016703897231,148.08309101650312,143.8295458364261
dscf26,generic,small,0885,0885,rep8,220.42952507654175,24.698105959194162,365.0244161191835,265.6052759891666,260.69368623917137,285.128552169692,148.94416334295593,143.98673788235297
dscf26,generic,small,0885,0885,ref8,209.00013893455488,24.92933786055945,347.1868193616776,214.1434770952415,243.92356210539234,278.9210999333308,149.710826357696,143.7861420738867
dscf26,generic,small,0886,0886,m0,191.09588801355252,25.318290188272208,80.8791216454886,59.38752564496048,102.93810108860457,125.93620917325738,230.7686356708027,395.59699523248065
dscf26,generic,small,0886,0886,m2,186.0039516593637,25.435581899530817,46.85279691008604,55.270923265680636,103.6190706640614,127.97634879112957,230.2515545110174,395.4566873341273
dscf26,generic,small,0886,0886,m4,185.47955696015146,25.447843110066156,42.92454100206292,55.00940874307284,102.90771380680597,129.22300090723604,230.1966930681799,395.5453212370688
dscf26,generic,small,0886,0886,m8,185.30351280366892,25.451967085388183,41.628380528851174,54.411250206407445,103.16724817167808,129.53794252692612,230.24095984746504,395.53876362316
dscf26,generic,small,0886,0886,rep8,207.5542123033522,24.959488090770616,141.25493880283003,104.03445127057451,114.1825832568303,135.92382040593012,230.99052947389907,395.6378677513928
dscf26,generic,small,0886,0886,ref8,212.3902441046066,24.859457968051977,220.55175284366297,74.05368131264972,102.28973030161484,128.54682376039113,230.94280213405523,395.546411347366
dscf26,generic,small,0887,0887,m0,525.0248853790143,20.929004720778575,340.56206238882777,288.64220768556464,392.66830453300986,448.52954102002155,547.7012584336262,931.3685190524387
dscf26,generic,small,0887,0887,m2,506.2509516003988,21.087145083006643,219.8294034300928,277.19158167977025,380.118733579486,446.43072021511654,550.523181650271,931.4746639973912
dscf26,generic,small,0887,0887,m4,503.41943208572275,21.111503854825013,213.22825029985816,269.41910559212835,373.6621071218245,446.0424380810106,550.1892342337827,931.3495626414671
dscf26,generic,small,0887,0887,m8,503.3318003033055,21.11225991051017,213.63570405604145,270.0355098479434,373.3377996344646,445.3813145587261,549.8451844747575,931.360989901556
dscf26,generic,small,0887,0887,rep8,547.3694024479,20.7479984386146,398.3011533843801,316.2699145044054,416.0545094570723,507.86212872698593,553.4237481328538,930.4671693193591
dscf26,generic,small,0887,0887,ref8,539.6917491898577,20.80934582248141,424.98828088195074,296.77015408701016,402.51102183958034,448.2768482325889,550.6947904907919,930.8838895870374
dscf26,generic,small,0888,0888,m0,493.3430128386097,21.199313791497314,461.84366539336514,474.7916838278943,421.13719503046286,477.0817962511375,526.4861268118939,526.7116496408884
dscf26,generic,small,0888,0888,m2,478.3513523818354,21.333333547420757,414.43808894455117,436.15007732077356,402.9516256541861,471.596326280223,524.2056762026714,526.3212002627738
dscf26,generic,small,0888,0888,m4,476.9809872595811,21.345792927142,413.5346788410134,428.76158768177663,400.36005531883484,471.9130308938086,524.1834399421031,526.1707552861432
dscf26,generic,small,0888,0888,m8,477.8383036336795,21.33799400908235,414.38981826639736,431.6422152912577,402.5143712329595,472.78641210064376,524.2575148545245,526.1734568423876
dscf26,generic,small,0888,0888,rep8,515.7961421530014,21.006022713171145,550.2021675816393,534.0455433764754,414.6017279976408,497.8738300287971,530.546125555717,526.4101641325651
dscf26,generic,small,0888,0888,ref8,509.3258323133137,21.060846573078322,575.4894552552132,471.82720645790454,410.0034776240015,493.1606064012751,527.74510019717,526.2492794348017
dscf26,generic,small,0889,0889,m0,487.88136445117027,21.24766131135623,573.8339660599225,560.1966704416615,574.2222357418145,505.31318300856583,493.3511533364752,290.25643766681696
dscf26,generic,small,0889,0889,m2,473.94379642794456,21.373535178192235,513.7446560847952,516.4928248338011,569.3735162865194,505.80365543706887,494.40747844914813,290.51436972815384
dscf26,generic,small,0889,0889,m4,474.53602887068814,21.368111692980364,522.2280976946582,512.7530512043172,567.9400401466386,505.75431220935917,494.59394568860927,290.6066578863063
dscf26,generic,small,0889,0889,m8,474.3934683490808,21.369416600215693,522.904923847902,511.2523408845969,567.134509844939,506.3135985699315,494.56859923204706,290.5993516632081
dscf26,generic,small,0889,0889,rep8,516.6602640774051,20.998752992748592,659.106776393646,624.5563246811843,637.1791570915962,514.865599222551,494.4338305663373,290.6776738736783
dscf26,generic,small,0889,0889,ref8,506.0835325011687,21.088581548774936,672.3317482536586,565.8745696313619,598.6593779775056,512.594652141439,493.98303047936645,290.7572049319953
dscf26,generic,small,0890,0890,m0,106.72762720336516,27.848035066832722,124.66907944860009,78.77697944359619,92.2592004419359,102.92163637519589,86.39942295214756,163.32896354959394
dscf26,generic,small,0890,0890,m2,106.19655479604316,27.869699331746016,123.0706027877507,78.04188200739993,90.66444320325377,102.32922033175183,86.58134080513035,163.17529747827473
dscf26,generic,small,0890,0890,m4,105.84701042282532,27.88401764692977,122.14098483779924,77.75983907255298,90.28964938233328,101.04887646596976,86.56462735399013,163.18514465035963
dscf26,generic,small,0890,0890,m8,105.83445721025697,27.88453274076542,122.6096517079815,77.48528720268556,89.9878571336598,101.00476787596482,86.55859955066431,163.18731449652452
dscf26,generic,small,0890,0890,rep8,111.96342025597737,27.640042040533363,142.58409888751535,99.44910328410649,98.41633632168333,96.87032254335885,86.67916914153199,163.1995446856587
dscf26,generic,small,0890,0890,ref8,110.9108036158922,27.68106508837397,144.03700134819914,83.57883522591213,98.3023594871136,102.93614021666207,87.09937484550856,163.14191616852352
dscf26,generic,small,0891,0891,m0,393.5461114315085,22.18084735311326,597.4567911952493,463.13317824479697,403.6692673556784,346.40387299756327,372.2447326548213,246.98790281070876
dscf26,generic,small,0891,0891,m2,386.3611008500556,22.26086966045205,531.9892433670756,454.0003270724398,405.29538863236075,358.1093624507843,376.91679961850286,246.72554389160229
dscf26,generic,small,0891,0891,m4,399.76439755843296,22.11276247004781,612.2562274920317,461.64456869118925,413.1413103457001,359.47028768516634,377.952143645586,246.7089000250611
dscf26,generic,small,0891,0891,m8,402.4312733643819,22.08388638020243,626.083537088863,468.07758095004124,413.10456769454476,359.87250875048824,377.6806795130301,246.71201664107826
dscf26,generic,small,0891,0891,rep8,423.65619378654225,21.860668007619633,688.9944861593459,533.6378586408975,423.12142228648617,369.98665012255526,383.41997883866907,247.00707213133936
dscf26,generic,small,0891,0891,ref8,420.89548561492165,21.889060931931663,743.2544164240633,492.6844388948018,424.3687330445125,354.74881107220233,372.97716072023456,246.9441563520191
dscf26,generic,small,0892,0892,m0,612.728622157571,20.258121930302284,741.9413083343104,678.0798731757023,680.8154425294866,669.2372258566793,588.7163793678343,430.4639499346714
dscf26,generic,small,0892,0892,m2,601.917093154837,20.335436843359137,689.673150622082,660.8807652830102,678.6788567562512,663.232754166383,587.2537593646023,430.1297249501875
dscf26,generic,small,0892,0892,m4,602.822726513294,20.32890743945184,688.013397938675,658.231842305856,685.5411233195902,666.0092042612038,588.3363257017016,430.1492657040132
dscf26,generic,small,0892,0892,m8,602.5315500756021,20.331005682683156,683.5759674563086,659.3954466918626,685.8395699242386,666.8364192883141,588.4761844332006,430.1415574632089
dscf26,generic,small,0892,0892,rep8,615.8222704652741,20.236249702836982,719.0863071375882,720.4252900772682,685.5611665007901,669.6796294589482,589.6794179093981,429.93468808609924
dscf26,generic,small,0892,0892,ref8,610.586937469787,20.273328518411876,732.2003599637312,681.3915598097776,677.7404036727559,666.2511865868399,587.1955680912879,430.25972740371265
dscf26,generic,small,0893,0893,m0,185.90086699827745,25.437989456431357,268.80284930732967,218.97271127772507,144.47896727922014,187.5665268800111,178.4271228763068,138.25009533811465
dscf26,generic,small,0893,0893,m2,173.73266931972503,25.731988684357276,203.90198642788508,194.53497131637243,140.13969831707493,189.65149064946297,178.8328818031722,138.27717084732637
dscf26,generic,small,0893,0893,m4,174.2143774459721,25.719963675568266,203.72409713088928,195.88626060901092,141.3987638024707,191.08607531581967,178.94050127781188,138.24992856612744
dscf26,generic,small,0893,0893,m8,174.57450781004474,25.710995345895284,204.04515075787165,197.90365267325143,142.13163924441554,191.23347775132126,178.82720792468174,138.21928920141067
dscf26,generic,small,0893,0893,rep8,216.10984857174623,24.784058018379657,409.20203611113845,298.5328859666849,143.98378284646643,194.84653474909754,178.64502457112707,138.24446774329368
dscf26,generic,small,0893,0893,ref8,209.9380712728881,24.909891579003293,430.3645454619282,234.59469142819054,142.47422562290538,191.11862874765785,177.54885288732623,138.3440012740513
dscf26,generic,small,0894,0894,m0,144.7772915252614,26.523799132241624,239.26066824872603,175.80289975343965,130.44632600693208,91.1987359205376,150.44425062979153,80.47500859320975
dscf26,generic,small,0894,0894,m2,139.7740300238779,26.676538737575473,198.81910805533394,161.76969742331914,130.53843913952437,95.61829941831705,155.97119852040825,80.51078723267011
dscf26,generic,small,0894,0894,m4,142.64547507949217,26.588223611045798,221.38173353987335,157.7292068322789,130.84681718724866,95.10176545004255,156.8911679620141,80.52408682357878
dscf26,generic,small,0894,0894,m8,142.87264174187501,26.58131285877122,224.16024263805494,155.84183131500873,130.23155217218027,95.58170608398363,157.21620023056917,80.51633626744633
dscf26,generic,small,0894,0894,rep8,171.77695536778486,25.781154599751176,353.65445338932824,244.2355165088942,129.457591137118,97.23883123877987,156.58150777842852,80.45199353940406
dscf26,generic,small,0894,0894,ref8,169.5203812759029,25.838584403728497,378.8921978419226,200.65814652377802,134.88450348423612,96.53534579047515,154.3793978711153,80.47943569011593
dscf26,generic,small,0895,0895,m0,195.60820072487033,25.21693302569188,211.25582698778786,202.72206318351493,191.47881662020578,180.93208502248896,160.63852823456588,256.0755211142758
dscf26,generic,small,0895,0895,m2,194.7194489212407,25.23671029084236,200.32760534185692,200.4228268490723,191.91677438674307,185.47857373056354,161.56215978191298,256.38452943780317
dscf26,generic,small,0895,0895,m4,193.4549490429408,25.265005163710136,192.21253972603827,199.71542847191316,193.00123436312606,183.76042669850887,161.54537799381168,256.4003510138803
dscf26,generic,small,0895,0895,m8,193.6865712733225,25.259808497206322,193.4178862987985,200.29732696869274,193.46215765098643,183.55570363261998,161.43058278997555,256.3897869151603
dscf26,generic,small,0895,0895,rep8,203.66148792458455,25.04171448525237,248.54902574661688,227.06266642816465,191.29821848704296,172.45188206366555,162.66446049346519,256.6016534981221
dscf26,generic,small,0895,0895,ref8,214.1154281971587,24.824323991340222,329.0747161943785,218.21747945986874,196.4202592450033,175.89555677601177,161.2623816096484,256.7269559003545
dscf26,generic,small,0896,0896,m0,191.934197357499,25.299279999912404,106.89984381943376,98.86100777166547,78.95014993401888,125.10962685593671,114.77104221262783,587.2041158949055
dscf26,generic,small,0896,0896,m2,185.68094485049681,25.44313023476528,70.11353394126931,94.04773446234812,79.6571709182469,120.60637731378007,114.4277914997246,586.7858466167332
dscf26,generic,small,0896,0896,m4,185.6088696956385,25.44481634848045,67.54668898004479,95.55629570880099,78.8520157651629,122.68124217877045,114.30845171586873,586.7785559740067
dscf26,generic,small,0896,0896,m8,185.59725606178318,25.4450880970724,68.57377175970859,94.7449779465037,78.3169505592719,122.78227440312088,114.31376571059977,586.7847856141905
dscf26,generic,small,0896,0896,rep8,194.24050561320848,25.247405609911745,130.69134468438452,94.26872003218242,77.01029714613321,124.41325527427313,114.80806603178326,586.7342093164598
dscf26,generic,small,0896,0896,ref8,203.88048122124084,25.03704710880204,199.18418306373044,94.91570152919009,82.81216622812103,120.45208277793468,114.56442241291633,586.6342852478319
dscf26,generic,small,0897,0897,m0,1508.4872642997475,16.34538712957958,1597.8944939060418,1543.1470679953368,1422.6518205345976,1543.3709396366373,1455.271521697212,1550.3406799903833
dscf26,generic,small,0897,0897,m2,1491.8017806625567,16.393692396638368,1559.9606011154667,1488.6116546389808,1401.6419706578235,1529.1885561197341,1453.661208979962,1550.395712840435
dscf26,generic,small,0897,0897,m4,1491.7417126376445,16.393867270655257,1558.4127457007853,1488.1622879914441,1400.5713899086625,1529.9278446998046,1454.4102875336025,1550.4307643664263
dscf26,generic,small,0897,0897,m8,1491.832188275879,16.39360387466274,1559.1466145209129,1488.068857734665,1400.2657667516805,1530.743555462144,1454.2683067192645,1550.4135950409702
dscf26,generic,small,0897,0897,rep8,1530.9822779481449,16.281101973635582,1714.0921899132688,1610.0606573228958,1420.5805249283273,1536.9308787195303,1452.1051771367,1550.4072866124895
dscf26,generic,small,0897,0897,ref8,1549.243994473237,16.22960539552529,1816.9295531300952,1593.4993403999656,1451.785335972044,1548.4127540014485,1456.2115137968972,1550.2903595819075
dscf26,generic,small,0898,0898,m0,204.89411835962977,25.015508690387964,72.31352506046288,100.53201774233504,137.67687994034375,122.74995899100904,201.97177433307203,483.91566975976275
dscf26,generic,small,0898,0898,m2,201.19259487138712,25.094683689058797,59.32597961682557,89.73728847714656,136.78049964750397,123.23012754436496,200.62261837478968,483.69054380789504
dscf26,generic,small,0898,0898,m4,199.7627605977237,25.12565829802182,53.55850687702475,86.68059749834623,135.33992570084925,123.34164251487387,200.36831972301272,483.6541483641518
dscf26,generic,small,0898,0898,m8,200.0891843941839,25.118567469187155,54.979977611779766,87.92711408988129,135.39407382514398,123.45675407791883,200.24751819424668,483.6197688394533
dscf26,generic,small,0898,0898,rep8,218.58687436281897,24.734562808523208,156.3292614307372,118.16356532823903,141.9072133035519,124.52383858651588,199.81651179539415,483.5952772540226
dscf26,generic,small,0898,0898,ref8,207.54845669851247,24.959608524947928,87.49254582185947,102.53820407478914,144.75835572348765,124.95413359839925,199.83287498416624,483.6742667246713
dscf26,generic,small,0899,0899,m0,479.8413052287864,21.319827311151617,306.5683099834135,429.51092357043257,490.76196959352745,379.83852307807064,503.48608168222796,660.1289233875519
dscf26,generic,small,0899,0899,m2,466.01095927098106,21.44684230669441,234.33406577041964,405.9916730750376,489.2361143027488,379.57646033939915,501.2452553215249,660.3353365878046
dscf26,generic,small,0899,0899,m4,453.8570613178362,21.561612640797346,220.29311880760318,368.07727276635705,456.0452058489074,368.59090837574865,500.36502090629375,660.2699373342277
dscf26,generic,small,0899,0899,m8,452.9296577302261,21.570496017506898,215.42088331232713,364.1485750772824,458.1803207574462,368.80218222468596,500.2631538576102,660.281453410343
dscf26,generic,small,0899,0899,rep8,510.0574118477183,21.05461298014392,455.62113823626754,489.6390398167392,505.12465119721884,389.00591437142793,501.6384740947803,660.3101979926133
dscf26,generic,small,0899,0899,ref8,508.56165425073544,21.067367497689375,404.86756558143225,495.95314277603336,535.7820079772754,387.52385083687494,505.31863375135885,660.2651087148555
dscf26,generic,small,0900,0900,m0,411.62067234673276,21.985831831626772,606.3172026204405,553.7853799685356,435.4779283810727,433.32179353845,333.95278982208947,275.05489331348645
dscf26,generic,small,0900,0900,m2,380.0150781736677,22.332795320466087,433.0441656466038,502.8723526888884,422.7871708249101,432.36790147032394,334.8266206528226,274.88783341320254
dscf26,generic,small,0900,0900,m4,377.44915320217393,22.362219054882274,427.50291961669626,499.3663826512516,418.73597869660824,424.95840724403934,334.55977667998405,274.92239701991855
dscf26,generic,small,0900,0900,m8,379.3547419627316,22.34034843720292,433.06318059508874,502.8595356238649,421.7140234541552,429.0000165143828,334.30382404850957,274.90148377776353
dscf26,generic,small,0900,0900,rep8,461.6858689787978,21.48733778754391,815.7749271770871,663.340761967007,469.53753244117917,442.8439028371127,340.75037619749617,275.35742436498924
dscf26,generic,small,0900,0900,ref8,446.7224556575003,21.63042576914044,853.1650256525742,564.6683063352883,433.8180774064302,432.4423861256708,334.2448680123766,275.20463593832767
