model,dataset,config,subject,key,cond,mse_y,psnr_y,mse_ring0,mse_ring1,mse_ring2,mse_ring3,mse_ring4,mse_ring5
safmnpp,ami,small,000,000_back,m0,16.946911690072127,35.83989794503577,31.10138371756418,25.402898025131257,15.727428798012001,12.04924547849078,11.085075084820947,14.709141516183198
safmnpp,ami,small,000,000_back,m2,14.543050107954253,36.504248603878494,20.059405428405828,19.430533099735324,15.074773478407579,11.906690597950025,11.105052700315424,14.473324143779312
safmnpp,ami,small,000,000_back,m4,14.38918704154407,36.55044102952494,19.479230035421782,19.63619684289917,15.153433176044636,11.869359823533934,11.033966318116029,14.008793766474849
safmnpp,ami,small,000,000_back,m8,14.431401137987574,36.53771862279224,19.39243588900279,19.458616667771075,15.2183957254282,11.814970693710775,10.95101687098107,14.590377611019798
safmnpp,ami,small,000,000_back,rep8,20.710018195823704,34.96899880403122,55.59728669360262,29.31320818108622,16.2569343624435,11.115928602987868,11.046489256604733,14.44717078903949
safmnpp,ami,small,000,000_back,ref8,23.336734324382533,34.45040278829925,75.27682580098987,27.738756498087486,15.772491555940382,11.586348819807819,11.198269945715955,14.911477308583894
safmnpp,ami,small,000,000_down,m0,17.197608630887533,35.77612299461142,22.320945042200236,25.038261474506662,18.87589030183156,11.085822137543547,12.7964066767274,18.479605358191623
safmnpp,ami,small,000,000_down,m2,16.89816424130083,35.8524083395704,20.4622011400655,24.879312757562047,18.360925349628022,10.964401672459301,12.802287418689257,18.74964310974655
safmnpp,ami,small,000,000_down,m4,16.626748012663988,35.92273045999712,19.72150848711683,25.314078104227352,18.858414425541465,10.98486577422794,12.568494070212541,17.571159339272455
safmnpp,ami,small,000,000_down,m8,16.955353898011833,35.837735019145434,19.80638128685345,25.341046955869288,19.327786200018195,11.252626325399886,12.61518781451554,18.78302441565624
safmnpp,ami,small,000,000_down,rep8,19.334249189079564,35.26753049179325,31.005864782458836,24.990237974535113,21.944945228803245,11.837561223005167,13.281165544860382,20.44589288548815
safmnpp,ami,small,000,000_down,ref8,20.02600332354098,35.11486076962483,40.781473141166884,24.63665850140154,20.064452437272745,11.118810053027481,12.787714010713922,19.64291879509858
safmnpp,ami,small,000,000_front,m0,15.317764842195553,36.27884962902942,25.100601928004973,24.079458805719817,16.144124498009116,10.943863852717639,11.009264010394489,11.641313873783522
safmnpp,ami,small,000,000_front,m2,15.15453190195281,36.32537834584496,23.531913684853173,24.282459178743007,16.57444126145455,11.033313930257053,10.945201072308668,11.56927268104479
safmnpp,ami,small,000,000_front,m4,14.929735331776314,36.39028252069068,23.83729600750517,23.460066622901998,15.775952586721901,11.031555867341831,10.866702727708153,11.333530850826966
safmnpp,ami,small,000,000_front,m8,15.03922666834056,36.35854855882712,23.257359348551493,23.71168117297644,16.391707921555195,11.157299450149809,11.003947145855127,11.476735670718774
safmnpp,ami,small,000,000_front,rep8,20.688938062329704,34.9734216143013,34.729890230286856,49.38156144563497,21.62563898700701,11.006041745491308,11.373047428157598,11.935287818806227
safmnpp,ami,small,000,000_front,ref8,19.447915653560184,35.24207298582241,48.57932214665262,29.861842530529593,17.04223448870954,10.718743359374212,11.012165537274958,12.141461923785442
safmnpp,ami,small,000,000_left,m0,15.258691598580388,36.2956306551106,21.125179014310497,20.567255404992764,17.65067665556003,13.61218246299799,10.610339840923317,15.053668613269776
safmnpp,ami,small,000,000_left,m2,15.211613425547208,36.30905080762926,21.426211835825963,20.2366266100559,17.131371229591178,13.522351945106067,10.654502699522345,15.109224435472473
safmnpp,ami,small,000,000_left,m4,15.260204231956035,36.29520014914972,21.477449507746762,20.023132014776916,17.434996066315243,13.792757664194813,10.79713187869072,14.86183618786392
safmnpp,ami,small,000,000_left,m8,15.053193676592288,36.354517115042626,21.199474293587027,19.998343293452884,17.22352046940456,13.219135722628279,10.625342980026748,14.73890289914624
safmnpp,ami,small,000,000_left,rep8,16.414984292455138,35.9783988937997,28.71104713225214,21.548597261546448,18.190546583812992,13.296087136390469,10.40288990326818,15.222233297867827
safmnpp,ami,small,000,000_left,ref8,17.711178426445247,35.648329026097294,38.23936285947269,20.763056624099843,17.071582773011734,13.478191319193037,11.04662236195171,15.142506958770968
safmnpp,ami,small,000,000_right,m0,15.631452829017805,36.19081016482548,27.180144413191424,27.117978116591356,17.200386487892516,12.158688004000867,9.577507495233563,10.864832806821532
safmnpp,ami,small,000,000_right,m2,14.185081653043667,36.612485208161075,21.198158263714316,24.09825786295681,16.54792967421037,11.906991129494925,9.163719970712394,10.87267906560139
safmnpp,ami,small,000,000_right,m4,14.223601237605301,36.60070792630914,21.251000108610974,23.102501831781918,16.680865762659767,12.133319202798543,9.520106169496428,10.868905042024583
safmnpp,ami,small,000,000_right,m8,14.185354976426389,36.61240152750543,21.173433612690925,22.661687488121586,16.79009234998613,12.19420144525401,9.517413286476918,10.925934657466417
safmnpp,ami,small,000,000_right,rep8,21.246069980621826,34.85801753238165,43.750347383813555,50.681778854294144,19.477166563688183,12.83966970941796,9.47866940474955,11.027445789715133
safmnpp,ami,small,000,000_right,ref8,19.467721778644368,35.23765229936205,51.31552876391466,31.029375118337516,17.289570465929845,12.615571388973045,9.429037348734862,10.948607858982543
safmnpp,ami,small,000,000_up,m0,15.254842528547126,36.296726319662476,29.85888554541808,18.534497205333295,15.80681438942537,12.762048756215098,9.290338469767484,13.949181091280876
safmnpp,ami,small,000,000_up,m2,13.84205440171226,36.71879809105998,22.738034998689212,16.322559027281734,14.718564393726027,12.525027136687829,9.431140783666896,13.683718542521445
safmnpp,ami,small,000,000_up,m4,14.166824528171665,36.61807846149128,23.211881399048515,16.94249231609645,15.48048009334324,12.984770726523863,9.704809769635183,13.401977272116616
safmnpp,ami,small,000,000_up,m8,13.91918277256122,36.69466623279138,22.537709320520573,16.647022316734176,15.310216146215213,12.98556592817228,9.371376697776084,13.479266417085977
safmnpp,ami,small,000,000_up,rep8,20.355634063826994,35.04395725971092,59.7829522794381,25.532199402606793,15.84308453360916,12.768208179301466,9.788585933247376,13.55641801434971
safmnpp,ami,small,000,000_up,ref8,25.10181017165478,34.13375319896255,100.88289760782654,20.237183955620008,15.01625263724688,12.421571063351774,9.33232323638704,13.933854233064686
safmnpp,ami,small,000,000_zoom,m0,8.720674145200945,38.72530301827085,7.5763485837661415,5.124104632112308,10.670289072753027,8.445234214625179,8.851190748245886,10.830277319224276
safmnpp,ami,small,000,000_zoom,m2,8.537983548463664,38.81725047225742,5.780285512587197,4.788933862887779,11.247893834112332,8.734169941335521,8.70414918938044,11.15013981925323
safmnpp,ami,small,000,000_zoom,m4,8.328611412076526,38.92507761182885,5.767627278001959,4.923241365214183,10.770298645189682,8.273509604040184,8.707352451700748,10.470403980413902
safmnpp,ami,small,000,000_zoom,m8,8.481873586078876,38.84588565424896,5.68943278763439,4.8714848946256994,11.073979373124189,8.639063247742802,8.799709096954986,10.836788090216626
safmnpp,ami,small,000,000_zoom,rep8,9.591749395576796,38.31182537476442,9.665604489790686,7.392998002074465,11.974985921375975,8.888066486351939,8.862299010714526,11.341348483006596
safmnpp,ami,small,000,000_zoom,ref8,9.361039391384711,38.41756288103997,13.09133906712872,5.459309467770748,10.2186604053617,8.410879774296456,8.614427002403925,10.69678485761576
safmnpp,ami,small,001,001_back,m0,9.039034076417433,38.56958337217212,12.965834339808993,9.620266647627428,9.058307977953609,8.083894512456059,5.60153819183477,12.62897192906965
safmnpp,ami,small,001,001_back,m2,8.8343542375284,38.66905551374626,11.046176253442907,9.606543773169584,9.720173948917962,8.282123948150852,5.568022041447563,12.473021966811082
safmnpp,ami,small,001,001_back,m4,8.797165375611154,38.687376046320054,11.062277667738044,9.605272132211372,9.437983443019208,8.307778064164046,5.581075915660684,12.398472338375505
safmnpp,ami,small,001,001_back,m8,8.741955946129222,38.71471747275383,11.000811272714179,9.406841275182575,9.280219510148317,8.23890618718229,5.5981941621368705,12.391667134242779
safmnpp,ami,small,001,001_back,rep8,10.803434936400249,37.79518500126747,21.4137279404438,12.917180321554014,10.409827558591946,8.529778688045573,5.632782625987336,12.443040145068663
safmnpp,ami,small,001,001_back,ref8,11.796032738061879,37.41344391669407,32.077941930147524,10.82730370276359,9.24763612390102,8.088885635269934,5.558980912945726,12.46635986718798
safmnpp,ami,small,001,001_down,m0,7.010285728998882,39.67344641332261,7.67412643419357,9.046031115349848,7.6780844511349295,7.422628554877615,6.601923649448433,5.097868787839353
safmnpp,ami,small,001,001_down,m2,6.811772036172962,39.79820255501124,5.959445352881242,8.70536313848142,8.216823074215055,7.487141116245184,6.645826907759451,5.071124884219292
safmnpp,ami,small,001,001_down,m4,6.653134451033197,39.90054060817052,5.909521079507693,8.695506865219675,7.652616423709541,7.306022479943085,6.473242118694916,5.030941846939279
safmnpp,ami,small,001,001_down,m8,6.737699455234339,39.84568726120163,6.001210338756565,8.797397780940248,7.893972235891092,7.356807268471908,6.500182398294767,5.122415567398958
safmnpp,ami,small,001,001_down,rep8,8.397706480894662,38.88919669889103,11.374756980559892,12.539681231394395,10.39133807986069,8.109533715043154,6.622902656024545,5.290221621480681
safmnpp,ami,small,001,001_down,ref8,8.555933772704094,38.808129466164424,18.385677610429592,9.529604615393348,8.398109041944835,7.43352458560475,6.370388962654564,5.126755255246901
safmnpp,ami,small,001,001_front,m0,6.027311044481285,40.32956756687837,7.424240354255822,6.514184749600911,6.44469929505803,5.572565452161744,5.700416555222114,5.206288080037245
safmnpp,ami,small,001,001_front,m2,5.95205302091231,40.38413569615861,6.0525191317866405,6.771277267352692,7.114465364944402,5.818402529917034,5.60056226430662,5.252911478756247
safmnpp,ami,small,001,001_front,m4,5.823375664060803,40.479055536611035,5.964049121223739,6.686900311547613,6.576766399147111,5.678985737220724,5.599555030733861,5.099056391267
safmnpp,ami,small,001,001_front,m8,5.898827589876485,40.42314658012799,5.8325752644074385,6.7646135776720975,7.0765878225280225,5.824595411169292,5.60473433242736,5.140767403346188
safmnpp,ami,small,001,001_front,rep8,8.323133462025131,38.92793502236843,17.958800264992124,11.312068214183276,8.15266393198989,5.945265896299642,5.697189887176971,5.196954134727751
safmnpp,ami,small,001,001_front,ref8,9.056503449836784,38.56119803979469,27.220035772683747,8.165236355537164,7.590639552026566,5.684128087591811,5.585955840739841,5.166622015045174
safmnpp,ami,small,001,001_left,m0,5.89618790290845,40.42509045464687,9.303805374166071,6.948005258147872,5.68948273754271,5.44325849296585,5.200623200079478,4.2146109681430834
safmnpp,ami,small,001,001_left,m2,5.795462548251757,40.49992257214245,8.020254586288308,7.132122176676702,5.873151440928129,5.495542933903744,5.231246654013364,4.296936200906264
safmnpp,ami,small,001,001_left,m4,5.786174470707307,40.5068883606285,8.059875057965657,7.066503906802466,5.959793447165784,5.503658963501004,5.219330223659106,4.220666491293555
safmnpp,ami,small,001,001_left,m8,5.719845161171105,40.55696088466347,8.034054503722887,6.959197901916671,5.6931623281048145,5.379303654655259,5.204128780851536,4.22484466527766
safmnpp,ami,small,001,001_left,rep8,7.505784475787357,39.37684271123927,17.126273983865776,9.681756481486225,6.681879586807057,5.481298911570757,5.293366039200242,4.417114338616519
safmnpp,ami,small,001,001_left,ref8,8.209026686501595,38.987886933635465,24.910756332228203,8.060173509745141,5.6502346371765055,5.3444954509823255,5.2772679493319705,4.320472325615029
safmnpp,ami,small,001,001_right,m0,7.998443559529479,39.10074876284889,8.783739662246663,5.804510314006935,10.262722029564138,10.149689459049325,7.466255719872784,7.153239491026467
safmnpp,ami,small,001,001_right,m2,7.562875858836219,39.34393389159477,6.458937981862874,5.696464264104004,10.329969621071944,9.875423967806991,7.394814734747704,6.828953907872211
safmnpp,ami,small,001,001_right,m4,7.6037417041450714,39.320530052218174,6.376908953058037,5.805205954089032,10.005601500106598,9.806484642263975,7.475631681603813,7.151512490895267
safmnpp,ami,small,001,001_right,m8,7.619005103548927,39.31182096385017,6.3147364869371,5.725230040237638,10.227057136197644,9.806943913345096,7.45048483357381,7.243703677728034
safmnpp,ami,small,001,001_right,rep8,11.502773146569325,37.522778059869914,28.708560486063085,10.19195592241158,11.986596037387182,10.104883962217478,7.398392643231254,7.351631180607579
safmnpp,ami,small,001,001_right,ref8,13.76768292864671,36.74219505286113,48.61538502555974,7.979707925314077,10.651345624456097,10.230050630276521,7.408561989089565,7.095236293304738
safmnpp,ami,small,001,001_up,m0,8.291417175603003,38.94451594015727,11.578716681357593,10.955473154877394,9.361327348253313,7.259344845503992,6.3307208418111065,7.43156318099625
safmnpp,ami,small,001,001_up,m2,8.17096229763843,39.00807154281148,10.747863037883635,11.128787020565195,9.289194708505711,7.041310458005662,6.40000447221571,7.320496498107578
safmnpp,ami,small,001,001_up,m4,8.088985513786364,39.051863032101,10.52943539308345,10.897510573902464,8.992339478979327,6.944446647567042,6.3860361682313185,7.47636515841413
safmnpp,ami,small,001,001_up,m8,8.069155012759664,39.06252302293234,10.553663415897262,10.815072262588835,9.063106984567382,6.912896100023593,6.324588912897606,7.492856672871249
safmnpp,ami,small,001,001_up,rep8,10.173370152176103,38.056155145297,17.946958145485663,16.18806797223466,11.258230508031824,7.290630427632413,6.639184489044053,7.497415801015355
safmnpp,ami,small,001,001_up,ref8,9.974892187076865,38.14172150525228,22.21451819003422,12.430561581516999,9.641558801271442,6.97227139024939,6.362110537786834,7.562944370493739
safmnpp,ami,small,001,001_zoom,m0,5.081511136155077,41.07087479193809,8.525168482061295,5.604927225619344,5.300404033584919,4.708528433201477,4.378766942798952,3.434499221250481
safmnpp,ami,small,001,001_zoom,m2,4.565849330495465,41.53558784860004,5.338011934495335,5.231301762262196,5.18841240565744,4.734807960231399,4.304853770252741,3.4593709499536844
safmnpp,ami,small,001,001_zoom,m4,4.532140099727562,41.56777034345978,5.666647179811157,5.159742626345406,4.916317096162775,4.481230122328659,4.329600827019324,3.354045049674404
safmnpp,ami,small,001,001_zoom,m8,4.529333284600242,41.57046082062348,5.641917051695965,5.158159686752979,4.8690892634363285,4.433385560622441,4.335727602548213,3.4076683090539097
safmnpp,ami,small,001,001_zoom,rep8,7.011266201251728,39.67283904305164,19.761191294824357,8.039961062738554,5.86037023039603,4.819354936073252,4.339864973325426,3.5044569127728527
safmnpp,ami,small,001,001_zoom,ref8,8.201222424935514,38.99201770333431,29.82430343102246,6.905262872795782,5.652622189657312,4.828390498429143,4.315168572836448,3.4198071515397337
safmnpp,ami,small,002,002_back,m0,9.468502831982853,38.36799047462488,15.369494008762436,13.255778597782223,11.17121523745954,8.575760273196757,7.077898928827249,6.069596751866829
safmnpp,ami,small,002,002_back,m2,8.907859247449421,38.63307014712799,12.210148784990809,11.875956353172578,10.980427981962677,8.720233560211247,7.234579139505362,6.08937399831489
safmnpp,ami,small,002,002_back,m4,8.827954081501957,38.67220295349994,12.329531418139677,11.910378311573147,10.720080349630278,8.423833937449865,7.0746789096600535,6.17559655404664
safmnpp,ami,small,002,002_back,m8,8.75419614192083,38.70864087907745,12.079089630088514,11.593225650468709,10.525298963111032,8.49808297543675,7.147949649861083,6.127557212009923
safmnpp,ami,small,002,002_back,rep8,11.913164038521842,37.370532390176834,28.68257916701325,16.59022390400003,11.421290290235547,9.074273939959694,7.364715510037018,6.146716037522226
safmnpp,ami,small,002,002_back,ref8,13.326095101007553,36.88377452604003,42.37940932085191,13.634516033288195,11.093773133441017,8.911596819223615,7.210993457372149,6.243035623038434
safmnpp,ami,small,002,002_down,m0,9.715988045958564,38.25593389067612,16.37066842743319,9.557437070527266,6.58084335257551,7.848489981038065,10.095296386392448,7.16950853484369
safmnpp,ami,small,002,002_down,m2,9.228206827941621,38.47963041249116,15.324418802698577,8.109076720685636,6.190329720193284,7.306956460950868,9.918926339473208,7.189625699360221
safmnpp,ami,small,002,002_down,m4,9.13968366071122,38.52149196510999,14.496888755832073,8.189533356222881,6.2210745860743755,7.267666363872484,9.9788639134375,7.163819949312944
safmnpp,ami,small,002,002_down,m8,9.270007682664149,38.460002667949055,14.864405970117094,8.290085851377759,6.308056467803308,7.391139633849778,10.043694864124866,7.287952500886677
safmnpp,ami,small,002,002_down,rep8,11.770624685387746,37.42280848728163,27.916072101639198,13.8330008771153,6.549716417043954,7.099259206655691,9.952101685843585,7.493877304871142
safmnpp,ami,small,002,002_down,ref8,12.103657661314507,37.30163729222294,34.77226228718881,10.214022960618847,6.042054019577296,6.668638102068754,9.925719613875431,7.313609817552384
safmnpp,ami,small,002,002_front,m0,10.779415770451735,37.80485137544528,13.4749906451062,15.287422863837836,12.84245289436445,8.984910130217637,9.232782713836503,8.069776882749427
safmnpp,ami,small,002,002_front,m2,10.67066816353466,37.8488874644336,11.58182243031204,16.357470126127893,13.674721989460418,8.880568729295964,9.118484658998414,7.8780071508209595
safmnpp,ami,small,002,002_front,m4,10.640180785257831,37.86131353832483,12.133531003525475,16.087940236375683,12.761144919118452,8.866427482779471,9.213385260270073,7.909235710271109
safmnpp,ami,small,002,002_front,m8,10.646204068829052,37.85885574297286,11.572063440168916,16.47761724178442,13.53492141613907,9.110695797395012,8.924678756816578,7.978839678790191
safmnpp,ami,small,002,002_front,rep8,14.024307078828816,36.66198948285539,20.95996208030254,29.08097996245275,16.90535385214073,9.396799942291208,9.20200937567633,7.771652724473942
safmnpp,ami,small,002,002_front,ref8,13.175272301024767,36.93320761073618,29.261174103112946,17.762024621700327,12.611652928610416,9.005693306699431,9.050142185393504,8.067095631024607
safmnpp,ami,small,002,002_left,m0,7.897626641948867,39.15583762130091,10.209520952216463,9.146873413886246,10.643918579446545,7.125944551326186,6.218090502702331,7.010432203189278
safmnpp,ami,small,002,002_left,m2,7.424658145923103,39.42403898670857,8.937960895081408,8.498054284206232,9.35639216584793,6.7400760008822544,6.2098511955608515,6.897582778299272
safmnpp,ami,small,002,002_left,m4,7.382097090676118,39.44900608051134,8.88452150058028,8.629598758719723,9.343066456231798,6.699734223076536,6.121534326924326,6.80332096296851
safmnpp,ami,small,002,002_left,m8,7.3143615811638965,39.48903935242865,8.867481686807341,8.577714922531275,9.010744588119772,6.501516842693653,6.14298099955243,6.772381631036559
safmnpp,ami,small,002,002_left,rep8,9.24557020471184,38.47146660178185,19.428804519449532,12.422905658135313,9.31625266566942,6.53647622049131,6.133892938931022,6.516582984192378
safmnpp,ami,small,002,002_left,ref8,10.922790923863124,37.74746740084537,31.225374698870723,10.992121304535035,10.823007829519982,6.80375901451331,6.098737561589659,6.777629515719914
safmnpp,ami,small,002,002_right,m0,8.493974710989752,38.839693972311395,11.829231890509687,9.29515984100005,7.343944445447846,5.3912620746086635,7.226019252928423,10.379068075287929
safmnpp,ami,small,002,002_right,m2,8.121516426758769,39.03443233808262,9.511206672914918,8.71782045256579,7.4966014199854,5.364501311030986,7.255481098515736,10.347279300807202
safmnpp,ami,small,002,002_right,m4,8.074632650572024,39.059575873209276,9.515182258711073,8.813800366168316,7.296871600109662,5.3048077821532935,7.1631909723779055,10.353152006130694
safmnpp,ami,small,002,002_right,m8,8.044364169030676,39.07588637951092,9.36884752111051,8.798393683913856,7.233503028499136,5.311094767443773,7.1787474223214565,10.315592828438941
safmnpp,ami,small,002,002_right,rep8,11.08262098850787,37.684378796960395,25.412112271381144,12.899449568269727,8.591168630273573,5.747422459507511,7.347342237374089,10.6022009973542
safmnpp,ami,small,002,002_right,ref8,12.76754142208381,37.06973085344582,41.5517526641368,10.367193436356466,7.537694934381669,5.373966785411983,7.206270548585288,10.622888920999314
safmnpp,ami,small,002,002_up,m0,8.884025687917525,38.64470555239031,11.302268153751083,8.616108539987104,8.759068429092055,8.122480639666168,8.492922260606587,8.484110552732423
safmnpp,ami,small,002,002_up,m2,8.508066321258099,38.83249494253561,9.56779821380422,8.442892096188697,8.50842520319177,7.934855959546142,8.24700024900182,8.574081448069073
safmnpp,ami,small,002,002_up,m4,8.516903407907984,38.82798639024579,9.253777683898448,8.483224574444868,8.633078007578217,8.048091744764763,8.291459084611743,8.602988133561253
safmnpp,ami,small,002,002_up,m8,8.271842414274714,38.954781087233165,9.189348712754493,8.486714793739687,8.487191895465237,7.686556796622563,7.781660441297197,8.543048302572569
safmnpp,ami,small,002,002_up,rep8,12.610814496842218,37.12337223536653,31.54503180820857,12.411226953663078,10.521178635686995,8.96480177146803,8.872968870430872,8.709932125351369
safmnpp,ami,small,002,002_up,ref8,15.29469365236527,36.28539578234347,56.57906840374111,10.171330964599994,8.914747941495367,8.11541142529687,8.296843534806445,8.743628399414048
safmnpp,ami,small,002,002_zoom,m0,7.36581389706952,39.45859618993165,11.04156521592491,6.735397271786495,6.877202640706817,6.796168264500529,7.341037992003772,5.682853645488995
safmnpp,ami,small,002,002_zoom,m2,6.80544605536173,39.80223765048833,8.410129679507616,6.215219651139372,6.373160914488987,6.653531157649024,7.209774742670308,5.600928428343366
safmnpp,ami,small,002,002_zoom,m4,6.610796896733942,39.928265463151256,7.780541296603512,5.889363007085023,6.3519271947560725,6.613836609649261,7.072534625761468,5.520582216844604
safmnpp,ami,small,002,002_zoom,m8,6.607406703283232,39.93049321267769,7.816763141648465,6.010089815939494,6.475886395525879,6.515577695843229,6.962661881112736,5.570952043676591
safmnpp,ami,small,002,002_zoom,rep8,9.268299917236932,38.46080281985023,20.101995654827913,11.297192290559451,8.044472201447787,6.843064206269167,7.204526551679727,5.5729931761032425
safmnpp,ami,small,002,002_zoom,ref8,9.601271623301201,38.30751604660667,26.24271076930587,8.229305984075724,7.060458669762741,6.72510822032626,7.197607932090181,5.640578492313774
safmnpp,ami,small,003,003_back,m0,10.107600739085356,38.08432282372378,12.844043724054773,11.797364431028244,10.822743941834721,7.226160778313936,9.64778730435608,8.911525635277535
safmnpp,ami,small,003,003_back,m2,9.941184358588185,38.15642233034112,12.17569328661772,11.298697460013805,10.599479406139167,6.890338421231522,9.677869511220361,9.14572181635879
safmnpp,ami,small,003,003_back,m4,9.803312865375375,38.21707497826217,12.01854081319706,11.217412980656105,10.506674296827242,6.843785308583284,9.545721994507813,8.885316353632854
safmnpp,ami,small,003,003_back,m8,9.855453434859493,38.194037505449685,12.120251080536406,11.37504141639714,10.39623498504866,6.921394979673739,9.534247378881348,9.035701185335265
safmnpp,ami,small,003,003_back,rep8,11.982465366670937,37.345341784584505,21.88463182210848,15.071239486556179,11.874368672662557,7.290629814730362,9.813069732343115,9.087043646224227
safmnpp,ami,small,003,003_back,ref8,12.581374636679122,37.13352266300049,29.477820106379063,12.823747292208793,10.942351977321673,7.4297931766187295,9.779942420222085,8.797112538612913
safmnpp,ami,small,003,003_down,m0,11.622514127018487,37.47780278133031,16.857937853644806,12.432346135622417,10.297976658214209,7.329212448922613,12.505974555479751,8.803589973263108
safmnpp,ami,small,003,003_down,m2,11.108119997592757,37.674397982150694,14.546167016784787,11.768251749955413,9.979268694339405,7.120491028487631,12.342153018900555,8.815822248999902
safmnpp,ami,small,003,003_down,m4,11.069519786156434,37.68951579984313,14.400403415104964,11.767173966088299,10.120701967310767,6.986588829342853,12.40151188999189,8.586655768172998
safmnpp,ami,small,003,003_down,m8,10.910423437138448,37.75238754840149,14.456937754197435,11.832498908696433,9.776190545194185,6.530118181518261,12.157185002185303,8.564094422387363
safmnpp,ami,small,003,003_down,rep8,12.635332125373349,37.11493698836653,18.642613415873235,16.03831682631546,11.88424532849382,7.200052909433489,12.850134421557538,8.921837441394713
safmnpp,ami,small,003,003_down,ref8,12.38477661533755,37.20192183260642,21.84282251076758,13.174250665871542,10.339772602671477,6.801262098697601,12.575106319756545,8.87431509821667
safmnpp,ami,small,003,003_front,m0,13.871212271161935,36.709659430772774,17.94841296388509,15.736205160886346,14.165717156710999,14.583729530439797,11.001953748319284,14.141063606354345
safmnpp,ami,small,003,003_front,m2,13.556728712279446,36.80925455525823,16.87187848586969,15.518449207335724,13.961535876330379,13.900191785636691,10.811149664793849,14.267808966333563
safmnpp,ami,small,003,003_front,m4,13.611000116503936,36.79190323164869,16.611873254299773,15.587038083987558,14.210747222557396,15.054424717122124,10.989287088243529,13.520049537336357
safmnpp,ami,small,003,003_front,m8,13.516637652396607,36.82211689278443,16.42114537834775,15.242529564052186,13.873414595760162,14.520703983650515,11.002179867284243,13.909182580998053
safmnpp,ami,small,003,003_front,rep8,17.855443101969495,35.61309728722056,36.83439287280076,25.038398582428552,16.03917055705747,14.402889396306518,10.909105769271827,14.347949356155745
safmnpp,ami,small,003,003_front,ref8,21.337625245220735,34.83934277564166,63.66077846704824,19.43009609593783,15.643306728435606,15.12576701421624,11.414958981870546,16.132439108080185
safmnpp,ami,small,003,003_left,m0,9.59190512528836,38.311754864159326,12.559262239411684,10.742216278192787,8.187601399281284,7.405419014868863,9.780668362243759,8.36901608555123
safmnpp,ami,small,003,003_left,m2,9.490443432807167,38.35793855930386,11.111180428710457,10.181927410979833,8.68196156333216,7.617123331110114,10.010414532393744,8.432092127670124
safmnpp,ami,small,003,003_left,m4,9.227657844496084,38.47988878075009,10.792599495265536,10.024975341666885,8.565210247068736,7.692834076058995,9.571618854307768,8.164516050848654
safmnpp,ami,small,003,003_left,m8,9.25711783783423,38.46604568782199,10.774552008142917,10.015624972346451,8.576352472212461,7.678327191560333,9.597773548581475,8.304279848839087
safmnpp,ami,small,003,003_left,rep8,10.852570247175244,37.77547755220399,16.661937094525765,14.498625574599076,8.730484259600903,7.950854452769244,9.952224324770983,8.589559793380008
safmnpp,ami,small,003,003_left,ref8,10.806167121709949,37.79408681074395,20.656496315015982,11.367108659745472,8.082589949826087,7.725912175103409,9.794372749618262,8.3489388120238
safmnpp,ami,small,003,003_right,m0,11.044499706552028,37.699343128745596,16.340159325377304,11.392987842055994,11.603036456606473,11.117890751809632,9.707044984240026,8.783062908497334
safmnpp,ami,small,003,003_right,m2,10.392943063452298,37.96341812807689,12.326555256098926,10.803330480582579,11.22097936849454,11.360275112904514,9.594150118223144,8.958291108650277
safmnpp,ami,small,003,003_right,m4,10.432304299030388,37.94700114395104,12.148685487217701,10.457039154743146,10.915919163488411,11.347070877855952,10.037066183644413,8.944604044789141
safmnpp,ami,small,003,003_right,m8,10.30987948298003,37.99826772226747,12.218222604831935,10.37866975239087,11.096117644700564,11.256403963963807,9.718041857368874,8.791255862482458
safmnpp,ami,small,003,003_right,rep8,14.792513853453084,36.430383761941414,36.33331148836073,17.496238213492727,12.21233701185833,12.159717478291524,9.908243919239867,8.640762543449815
safmnpp,ami,small,003,003_right,ref8,16.358729869436612,35.99330779876653,51.51335708784431,14.386928237723831,12.391702478595823,11.243646451219725,9.684641074021886,8.817502396610738
safmnpp,ami,small,003,003_up,m0,13.220231712917938,36.918412937092306,17.94173845518228,18.67525666595413,14.658738266414089,10.335412212426958,8.361702797162152,15.589370613916401
safmnpp,ami,small,003,003_up,m2,13.464284611510564,36.83897077574674,15.700721108010303,22.28246832252254,15.33446298192907,10.463270942743687,8.343761720559325,15.615411778710772
safmnpp,ami,small,003,003_up,m4,13.164617055360576,36.936721304043765,15.313273950276741,21.11768601404395,15.253120125877217,10.45424219093445,8.28198590293351,15.236308880543781
safmnpp,ami,small,003,003_up,m8,13.256182150997766,36.90661897847268,15.345959526454058,21.46531454504134,15.490769562760237,10.5326774086111,8.321149722036338,15.19834889715542
safmnpp,ami,small,003,003_up,rep8,16.715775321306747,35.89953835760072,29.586554695594177,29.801186982772826,16.520368337447824,10.618085177097946,8.431281271941437,16.759720334192377
safmnpp,ami,small,003,003_up,ref8,16.842397653326167,35.866764439247284,38.77878384373231,21.8056293103253,15.854469564484665,10.472911834930597,8.563948824428461,16.38436004467597
safmnpp,ami,small,003,003_zoom,m0,9.840730943677816,38.200530029837154,11.202353373171183,9.583240605452321,11.875119008309182,11.490188367383123,8.89862270425952,8.382933837450679
safmnpp,ami,small,003,003_zoom,m2,9.450335381799306,38.376331394612734,9.036508452040824,8.86001453668793,11.588696879001944,11.215081786463314,9.025855988862295,8.496307545420931
safmnpp,ami,small,003,003_zoom,m4,9.279391573978536,38.455608592962705,9.05886930186627,8.704877895141902,11.533006411705776,11.247414675189033,8.730812331389041,8.196950002670127
safmnpp,ami,small,003,003_zoom,m8,9.279612693390419,38.45550510579384,8.815702730700766,8.687850658154193,11.719723826886716,11.264023710529846,8.71376435971062,8.297203498409864
safmnpp,ami,small,003,003_zoom,rep8,11.2613585319311,37.61489575385286,15.593519222040978,14.6687583060062,12.330749023077056,11.673991356997089,9.06955834957463,8.60597589338265
safmnpp,ami,small,003,003_zoom,ref8,11.31623821501923,37.59378279773003,20.656942275495933,10.347075817748866,12.19012579738556,11.652335568813799,8.91545683055999,8.498021521092488
safmnpp,ami,small,004,004_back,m0,8.888298064084298,38.64261750869329,10.872426385367726,13.221631815317739,12.502099128026154,7.078614587421754,6.731720254707442,6.985710049128519
safmnpp,ami,small,004,004_back,m2,8.168030973200162,39.00962984939839,8.282037160284771,11.561579283083661,12.035910128283325,7.0400257707764835,6.538010526610461,6.818141412202517
safmnpp,ami,small,004,004_back,m4,7.9932329616777125,39.10357890260505,7.939728078483687,11.352488977051253,11.308018225231583,6.728354727400714,6.574652143327652,6.851384372964543
safmnpp,ami,small,004,004_back,m8,8.046357101343354,39.07481057999132,8.001164183835732,11.645573735179912,11.603617853791,6.68806084291385,6.454399712123831,6.947666304234908
safmnpp,ami,small,004,004_back,rep8,12.210306581287506,37.26353792345644,33.04832140941323,16.013302277180426,11.804688062953616,6.901280972795987,6.779749752166289,7.028889051463438
safmnpp,ami,small,004,004_back,ref8,14.902027330346455,36.39835005308708,55.62539075060515,13.653829752760261,11.602452080298894,6.8664743176174685,6.449785646406156,7.20545422032193
safmnpp,ami,small,004,004_down,m0,10.012852224717722,38.125225542164905,14.743217270576418,12.510242258555776,14.749487001464283,9.447819116089573,7.171904331585525,7.083785233524905
safmnpp,ami,small,004,004_down,m2,9.248931811823287,38.46988783266052,11.407387089400798,11.058199947545498,13.8582136756013,9.440736678227529,7.124844788155499,7.0855353261815175
safmnpp,ami,small,004,004_down,m4,9.26934212248518,38.46031449022574,11.053798881434364,10.975437352858664,13.864922051352005,9.71641152464346,7.202902159158481,7.215597875975225
safmnpp,ami,small,004,004_down,m8,9.279936863602995,38.45535339377723,10.952674735770286,10.843153749094771,14.223147210981296,9.76114448320777,7.1947247480523595,7.19911765375823
safmnpp,ami,small,004,004_down,rep8,11.970761542794332,37.34958581112046,22.57943413927243,16.642592662167456,16.009705334492324,10.878555962930461,7.227918029157051,7.2790056783082235
safmnpp,ami,small,004,004_down,ref8,12.656638979543537,37.10761968490806,32.13846729519132,14.777463433139973,14.24491450634705,9.287810876817396,7.1711502587308855,7.333755923996481
safmnpp,ami,small,004,004_front,m0,10.052174901854245,38.10820324416398,16.80186471556398,9.833466955104722,13.150921843277196,8.019564138057072,7.681662006449979,8.614327094312346
safmnpp,ami,small,004,004_front,m2,9.542754307526502,38.33406618457534,13.61936158413827,9.508840488963104,12.952294152952353,8.273238925539872,7.641851385802274,8.489935872200178
safmnpp,ami,small,004,004_front,m4,9.58165930657169,38.31639636206191,13.551179867907498,9.715940793099879,13.186216583965631,8.235889849973262,7.613200257082868,8.53485026173323
safmnpp,ami,small,004,004_front,m8,9.583014197262875,38.31578229310673,13.481870567183561,9.664380289500683,12.9903820164623,8.273263389761029,7.66494948389181,8.643641804416331
safmnpp,ami,small,004,004_front,rep8,13.90363519400254,36.699519967079496,37.93394114884615,15.838021774503176,13.420746758482826,8.64813613688139,7.793205655937055,8.89188220702903
safmnpp,ami,small,004,004_front,ref8,17.44595974386466,35.713854948510864,68.34164460725638,11.6469562242494,12.938137437512706,8.50223812656722,7.634820680817728,9.051570370398288
safmnpp,ami,small,004,004_left,m0,9.762922169799458,38.235005337469445,9.260047723756797,9.403219739104504,17.65988468602157,14.376760126143639,8.235673752804262,5.214425075744845
safmnpp,ami,small,004,004_left,m2,9.52902667289116,38.34031818275782,7.37115580590869,9.281731102750364,17.795125145360704,14.621969570195523,8.240965953228265,5.195890310565646
safmnpp,ami,small,004,004_left,m4,9.609201204011146,38.30393073835041,7.388470241072895,9.2642024192029,18.031147315507674,14.867532261654999,8.258996425724607,5.307933713641387
safmnpp,ami,small,004,004_left,m8,9.5000501211615,38.35354464285753,7.180659543397259,9.177307040160033,17.925382929675603,14.64102527595608,8.19800067108192,5.237943956690095
safmnpp,ami,small,004,004_left,rep8,12.226352333860504,37.25783453918762,16.819887474071923,14.726306409892866,22.622821910302587,15.902562760341795,8.244028590703842,5.192694706490893
safmnpp,ami,small,004,004_left,ref8,12.486046491534406,37.16655413183159,25.49484251693416,11.982544000223745,18.9984764068267,14.643988914589396,8.143673814572466,5.273631681036381
safmnpp,ami,small,004,004_right,m0,9.34869260293858,38.42329481014658,12.144985312251606,10.98340202349348,12.641708052594344,9.939795719904554,6.559659075754917,8.704775927613777
safmnpp,ami,small,004,004_right,m2,8.77981572809343,38.69594959894839,9.52672636548304,10.221870187937519,11.86533354082234,9.926426330278295,6.552379930923379,8.60706182951419
safmnpp,ami,small,004,004_right,m4,8.77021958084295,38.700698938924496,10.042883966808963,10.048404902037365,11.945246383234482,9.996990951579608,6.521388198028095,8.238650121390272
safmnpp,ami,small,004,004_right,m8,8.669595578795288,38.75081521983869,9.683081418460054,9.852967027788383,11.878342524615682,9.753499439502402,6.380182678856001,8.549567922578396
safmnpp,ami,small,004,004_right,rep8,12.412896209728455,37.19207236810392,30.983470535009342,14.548382407351447,12.58758337712893,10.340270719999806,6.491741085493017,8.761371069683056
safmnpp,ami,small,004,004_right,ref8,15.956866856537852,36.10132739548427,60.447296813418724,12.12044193668993,12.27703444906214,9.762337689305209,6.369349281588006,8.472473069829693
safmnpp,ami,small,004,004_up,m0,9.428892865503766,38.38619659713855,15.353849113176668,10.134874845375801,8.35041039445015,8.286652052799525,7.921461550712683,8.575112314922086
safmnpp,ami,small,004,004_up,m2,8.426176235852596,38.874498225905064,10.344963482917697,8.985336006115501,7.435677763860473,7.9291109347290805,7.849733982186581,8.582878354107015
safmnpp,ami,small,004,004_up,m4,8.28169268698114,38.94961249990677,10.162319902717268,8.8989580317321,7.401150861886896,7.855212272939409,7.695215797272895,8.32862436495903
safmnpp,ami,small,004,004_up,m8,8.286032617505906,38.94733722326231,10.03496990707203,8.88905369091163,7.480455680842074,7.909514023883787,7.690981830744072,8.381363645923201
safmnpp,ami,small,004,004_up,rep8,11.829944881943568,37.4009763969928,27.103217328123453,15.797615920104887,8.673806355630047,8.39642790901974,7.9565383039834385,8.603980155607637
safmnpp,ami,small,004,004_up,ref8,13.343194532695207,36.878205431440776,41.96644419648611,12.776422918527167,8.786430322593803,7.942465810101351,7.560146379955921,8.751825607917267
safmnpp,ami,small,004,004_zoom,m0,7.324653484938069,39.48293276980182,10.207610621045323,10.24788235987914,6.139369456366243,5.808277614835346,6.098118206855633,7.004784989885801
safmnpp,ami,small,004,004_zoom,m2,6.488094759545276,40.00963176685913,6.103089054554421,8.689951069780989,5.8077336725143285,5.6306080727853685,6.05472490126374,6.9934952938291755
safmnpp,ami,small,004,004_zoom,m4,6.441200305314673,40.04113556023405,5.908776730095622,8.28512307341005,5.710930530604455,5.610831306094685,6.220208699360277,6.9353083585490545
safmnpp,ami,small,004,004_zoom,m8,6.418182401981796,40.05668305470762,5.709386427829494,8.381644129356449,5.7733984773973654,5.502857723981598,6.155805671447214,7.0362339893958445
safmnpp,ami,small,004,004_zoom,rep8,13.009363089760319,36.988243259030554,34.594509314090146,27.326190944778162,7.440346810792875,5.800989723299877,6.079519019802247,7.088484839838042
safmnpp,ami,small,004,004_zoom,ref8,13.547875111647807,36.81209176332888,52.821332521892224,12.779194894790638,6.1213614690347455,5.6832759913459405,6.254111319697266,7.091273002576533
safmnpp,ami,small,005,005_back,m0,8.831243619811172,38.670584954340086,13.862090599177739,11.81932358739286,7.62338971730392,7.818766863302139,6.8249796350903225,7.9738863610612505
safmnpp,ami,small,005,005_back,m2,8.51581959798095,38.82853908246208,11.233213755735447,12.25824934965863,7.995853948990768,7.784138169734979,6.751367950373371,7.8260604055849905
safmnpp,ami,small,005,005_back,m4,8.593582865124763,38.78906091781978,11.069445561695115,12.426606527715096,8.197765749851765,7.837470677373486,6.780330885215913,8.050595165112634
safmnpp,ami,small,005,005_back,m8,8.482066790349604,38.84578672965149,11.47205398949572,11.862460642055824,7.828300282110091,7.712637556373763,6.796331053997367,7.805344226369483
safmnpp,ami,small,005,005_back,rep8,11.436379302134474,37.547918100116,27.01848118197139,17.441680082678168,8.312129743647274,7.4798448494293615,6.8036980117773,8.231140473743451
safmnpp,ami,small,005,005_back,ref8,11.861444270705737,37.38942788145782,35.22760867295075,12.849593644769431,7.671058911144388,7.763994208186142,6.803812342954503,7.8249896624688215
safmnpp,ami,small,005,005_down,m0,9.997695309614045,38.13180463835383,17.470827324098646,13.012647606579636,11.300025003744048,8.79897880365229,7.523167466106311,6.546231079166546
safmnpp,ami,small,005,005_down,m2,9.312363675844834,38.44020432723554,13.828132741948991,12.036431624896776,10.865884354826179,8.553369281237519,7.529307426856234,6.62886103114391
safmnpp,ami,small,005,005_down,m4,9.301853883685915,38.44510847666969,13.70853399190319,12.104950518973833,10.950876790280782,8.38050574672303,7.503650544587127,6.710281127187439
safmnpp,ami,small,005,005_down,m8,9.296192565486486,38.447752495585306,14.031839899711287,11.892585048565678,10.550774240984358,8.447359375486693,7.61701527786491,6.591861887929822
safmnpp,ami,small,005,005_down,rep8,12.391608614102466,37.19952672984086,27.943991657986594,18.375890648273224,12.69115179344678,9.539037872845922,7.567506267869078,6.629064764937343
safmnpp,ami,small,005,005_down,ref8,13.263334946358777,36.90427623624296,39.020096117005906,14.848636215226993,11.535108665134805,8.794615921681544,7.587146822656026,6.6900820556745595
safmnpp,ami,small,005,005_front,m0,8.829116396355015,38.67163118602778,19.06220271830836,10.546392427768081,9.015049128974372,6.048676339339807,6.397724764989375,5.797625640046679
safmnpp,ami,small,005,005_front,m2,8.213128127305746,38.985717628612676,14.539761748283025,10.14804120892043,9.200236999762291,6.2169816950972185,6.404273128969886,5.873496653614716
safmnpp,ami,small,005,005_front,m4,8.033864976220306,39.08155832523194,13.611517427190048,10.093662164579866,9.025697019451863,6.269263490603175,6.3103009460267065,5.880826703294828
safmnpp,ami,small,005,005_front,m8,7.996984564209685,39.10154103125629,13.965951448033783,9.84869407261204,8.88961518306102,6.112423532721178,6.300881272977938,5.7774487775024035
safmnpp,ami,small,005,005_front,rep8,11.224169857007015,37.629261305558494,28.83943899695339,15.600550384400451,11.011621955926236,6.789834110896703,6.6273461751671885,5.897145322972174
safmnpp,ami,small,005,005_front,ref8,11.181873645991578,37.645657803999754,34.49652883843124,11.592003329710455,9.267253110431623,6.152146237022157,6.473359962857817,5.99604334429324
safmnpp,ami,small,005,005_left,m0,8.797457537905089,38.68723181535505,14.745419132687376,12.35550894310878,9.150845557309415,7.539602274655649,6.5494346108662285,6.380924237216934
safmnpp,ami,small,005,005_left,m2,8.342412993750234,38.91788674942483,13.388760984059411,11.28709729827472,8.759847769891776,7.10649297265374,6.43412348572658,6.372300680862468
safmnpp,ami,small,005,005_left,m4,8.27071778424926,38.955371589077046,13.228364653112179,11.16794129754134,8.72668503784836,7.259141280826123,6.285482988402484,6.386426435159133
safmnpp,ami,small,005,005_left,m8,8.289632616434904,38.94545077144003,13.247959939954123,11.503731803260582,8.814167695564713,7.24198918126435,6.269305457907973,6.218571964725524
safmnpp,ami,small,005,005_left,rep8,10.800832439773071,37.79623132226521,22.053725651773046,18.219352093739936,10.891275482557306,8.274272223396407,6.520231632395557,6.260055375773018
safmnpp,ami,small,005,005_left,ref8,10.35434027992788,37.97957927548069,26.005990896538403,13.031641414511661,9.084899292273823,7.561851655333731,6.391744355786148,6.284946099987144
safmnpp,ami,small,005,005_right,m0,9.369368626418067,38.41370034793501,16.231288593778345,9.316475645524186,9.150715595227075,8.400465837132252,7.491269433744179,8.355916893969445
safmnpp,ami,small,005,005_right,m2,8.612041265705791,38.77974258733486,11.081099685695133,8.561942340934838,9.177734405061994,8.660579476557189,7.541222848125348,8.343711062831721
safmnpp,ami,small,005,005_right,m4,8.650788399136877,38.76024671693058,10.870651498104069,8.314219623070102,9.396531642016738,8.944558599411566,7.692224170139171,8.301238586451843
safmnpp,ami,small,005,005_right,m8,8.585030506463102,38.79338518125192,10.664912778454257,8.213947496151185,9.33386014534467,8.715181281821026,7.743488074787266,8.246172495776502
safmnpp,ami,small,005,005_right,rep8,16.6900786114153,35.90621978627041,55.33788976084658,21.57565058003693,11.649076875901995,8.914818093068176,7.660787907782158,8.269744098492286
safmnpp,ami,small,005,005_right,ref8,18.700517590445628,35.4122673381999,81.14404698768605,12.414873618805897,9.049190644117914,8.4923578185993,7.59833664611776,8.316283869520074
safmnpp,ami,small,005,005_up,m0,10.189237517906776,38.04938674815885,22.078674527699036,11.391947674216215,7.052059738198076,8.653237840321742,7.935830722159799,7.359827001030251
safmnpp,ami,small,005,005_up,m2,9.252109496134478,38.46839596984893,16.193337448884932,10.663445719922482,6.842115595891812,8.660674960410802,7.893579364702191,7.368285547068914
safmnpp,ami,small,005,005_up,m4,9.299428367328346,38.446241074263355,16.206732622118142,10.565238097354609,6.890268299867267,8.750475011832238,8.009241216246787,7.39148307840416
safmnpp,ami,small,005,005_up,m8,9.111663131737481,38.53482705847343,16.079401671786794,10.520462873854559,6.626229308860474,8.35645319458635,7.838816601036473,7.197583188337957
safmnpp,ami,small,005,005_up,rep8,13.041814580579828,36.97742339448506,36.345657833293295,15.90126465672295,7.581604465804767,8.798441161257177,8.284743323676343,8.070336535953118
safmnpp,ami,small,005,005_up,ref8,13.09653350259753,36.95924002610414,42.757618096575705,13.186335958806398,7.058578723547612,8.236191615179992,7.369597855293513,7.775000939937462
safmnpp,ami,small,005,005_zoom,m0,5.7989845118278875,40.497284120501426,8.687971812725532,5.565796612747122,4.2907665881632076,5.055504009903862,5.7051104722165675,5.357553313350572
safmnpp,ami,small,005,005_zoom,m2,5.507314411684857,40.72140489877462,7.1255868745225985,5.203627814116315,4.2894119404783915,4.8523830244055715,5.6997962020801936,5.3165813744499095
safmnpp,ami,small,005,005_zoom,m4,5.514233104263878,40.71595239693785,7.307472014775088,5.2399204818326615,4.194601375226984,4.797025245843916,5.709354884827339,5.267091215172408
safmnpp,ami,small,005,005_zoom,m8,5.484050255364572,40.739789348949444,7.1876340215561685,5.219910656416521,4.239578272082251,4.882155313125393,5.6259833258858825,5.27918502347216
safmnpp,ami,small,005,005_zoom,rep8,8.848485382331313,38.66211423095542,22.695361157609746,14.018790851381834,5.155679952812861,4.81491815644965,5.673297622300559,5.268988522798562
safmnpp,ami,small,005,005_zoom,ref8,9.990047935026862,38.13512788771286,37.139162689728586,7.3374825448492,4.610035595243026,5.140749463592521,5.766232912126562,5.318263798820164
safmnpp,ami,small,007,007_back,m0,7.369708967024731,39.45630023146017,9.923296844315834,6.987011240752428,6.2682097989983445,5.587427028316686,6.440341326529009,9.238955149159398
safmnpp,ami,small,007,007_back,m2,7.063964093567883,39.64031877830245,8.838049070986854,6.3682279382052664,5.847995260075152,5.504666000861906,6.4134531571774485,9.178889493279089
safmnpp,ami,small,007,007_back,m4,7.075123689331057,39.633463241451665,8.583071547506796,6.265789143980569,5.852594071924652,5.4449072984944165,6.476974638546648,9.427894939878051
safmnpp,ami,small,007,007_back,m8,6.988324659541702,39.68707287886695,8.437331142485865,6.140306176030742,5.725257295194727,5.417511984325553,6.430036967315571,9.330306818411366
safmnpp,ami,small,007,007_back,rep8,9.062927105310614,38.558118739665126,16.99070329324997,10.896049108152281,7.237300659849429,6.007086577708595,6.445765967768102,9.601026502950004
safmnpp,ami,small,007,007_back,ref8,8.947679048783371,38.61369963208429,21.54457304918252,7.48233984131288,5.585062708359647,5.371849589134062,6.432829884162139,9.385639350443219
safmnpp,ami,small,007,007_down,m0,7.7815354008917765,39.220150633197875,7.923435721663448,6.526820007002261,5.402131008516975,5.877790506691471,5.896563501380966,14.88752355410449
safmnpp,ami,small,007,007_down,m2,7.363912132791881,39.45971763066255,5.6246536312357875,6.192497638478089,5.695660341032654,6.086967488316689,5.671409390960842,14.652162869483972
safmnpp,ami,small,007,007_down,m4,7.332691378752596,39.47816954247496,5.582223968350917,6.153026426425422,5.578133737286347,5.84814932924534,5.756707312085029,14.599930302905314
safmnpp,ami,small,007,007_down,m8,7.336008751360908,39.47620520121774,5.58671067749019,6.0859762648361375,5.581180962881702,5.916555967470608,5.706292390054097,14.71505684736021
safmnpp,ami,small,007,007_down,rep8,9.680372608045925,38.27188286771926,16.586658218959695,11.116873779632849,5.741053711031481,5.6128525276735015,5.960587668158075,15.409523820325596
safmnpp,ami,small,007,007_down,ref8,10.287753336300025,38.00759817998495,24.61711031547215,8.0019330339023,5.678808518032817,5.671775890642007,5.813271348830749,15.138872420642302
safmnpp,ami,small,007,007_front,m0,7.009177791587316,39.674132846301205,8.6243483696193,5.617398571413192,5.140975492178307,4.493256453924878,9.424268303199039,4.979245940599108
safmnpp,ami,small,007,007_front,m2,6.7710499403589,39.824243438889305,6.920159719365578,5.784489560559286,5.106239442224893,4.447919782124194,9.376822796904003,4.975140419634335
safmnpp,ami,small,007,007_front,m4,6.725426312773232,39.85360542168656,6.690932688875585,5.857094081881318,4.9715615886417766,4.41974903370773,9.357366647427456,4.98620881928525
safmnpp,ami,small,007,007_front,m8,6.783344405915575,39.81636493118603,7.250326373461597,5.820394388208758,5.009686806436435,4.312952854772237,9.303436703729615,5.047547895648547
safmnpp,ami,small,007,007_front,rep8,8.104863427626068,39.043346597744446,14.613281681355817,7.445961402245804,6.090137089192436,4.364965637614227,9.231482016474816,5.0192206780818065
safmnpp,ami,small,007,007_front,ref8,8.99606440518571,38.590278048650276,22.448530485291485,6.26804215931303,5.347475953589423,4.298059683254563,9.445561454725123,4.957618724681372
safmnpp,ami,small,007,007_left,m0,6.328664083648461,40.11768316305627,7.025599324807912,5.032439881844805,5.262026581931138,4.397519074166994,4.818757798514782,11.466046309574262
safmnpp,ami,small,007,007_left,m2,6.260538780736121,40.16468650751439,6.789426745510071,4.937565956040473,5.093370288979059,4.356765133874844,4.7426819858384,11.61325423947442
safmnpp,ami,small,007,007_left,m4,6.246449559460752,40.17447123502208,6.864631013759036,4.897310884895775,5.0282656862303545,4.3532456842294165,4.804944182673104,11.431943688697316
safmnpp,ami,small,007,007_left,m8,6.1900420182511535,40.21386763829589,6.744859755695363,4.938251742986674,5.0977308161224935,4.216975233649044,4.671533044597082,11.464853096841416
safmnpp,ami,small,007,007_left,rep8,6.635407022872322,39.91212792768317,7.986985930532778,5.86805619400727,5.565711375187337,4.533438610034503,4.720737113943427,11.752642205373293
safmnpp,ami,small,007,007_left,ref8,6.6889927158343925,39.87719637852136,9.785118812279409,5.1141170079366,5.244517832045756,4.234005847642437,4.71508079987304,11.61005816865118
safmnpp,ami,small,007,007_right,m0,8.938959087191876,38.617934113122956,12.164044328132263,11.115520248472762,8.240096548218084,6.344693669422478,6.443873401294205,11.62283102685037
safmnpp,ami,small,007,007_right,m2,8.627266472293375,38.77207148472858,11.280245812236236,10.060900702260442,7.682825827275899,6.26873274099884,6.467334232783336,11.679260871127752
safmnpp,ami,small,007,007_right,m4,8.595923314452227,38.78787828438779,11.432177812911828,10.101419214583936,7.630685289060878,6.4314333715051895,6.368109908943904,11.476972858021675
safmnpp,ami,small,007,007_right,m8,8.451595702849096,38.861416472416934,10.723114913609663,9.66864487822148,7.570678564178562,6.2797913762120565,6.369285139600962,11.653623712682501
safmnpp,ami,small,007,007_right,rep8,12.502913383951464,37.16069138327982,29.680578602370783,19.118199844140765,8.455103804272001,6.642607681482283,6.607531581326615,11.780359046853015
safmnpp,ami,small,007,007_right,ref8,13.306341962497308,36.89021680588689,42.427327640942295,12.612549254178028,7.7793709917272205,6.026629065470862,6.5753487415465335,12.005218003540586
safmnpp,ami,small,007,007_up,m0,7.315111199739773,39.48859428483641,10.461939394176031,6.340023983634046,4.71577720547767,6.952670661600541,7.48009898661539,7.214544987749363
safmnpp,ami,small,007,007_up,m2,6.903966655638983,39.73981675684941,8.308661616765862,5.869630543743179,4.777158708734139,6.892360447964571,7.4081686311252675,7.0310297933952075
safmnpp,ami,small,007,007_up,m4,6.9873408751372,39.68768430182624,8.574297388025983,5.971916182408585,4.801384754932597,6.792340538742724,7.527620983055764,7.042345502836769
safmnpp,ami,small,007,007_up,m8,6.986779838033469,39.68803302547537,8.415035351801702,5.965787806256486,4.819795934204331,7.045961363604807,7.465665867066583,7.1172245212492795
safmnpp,ami,small,007,007_up,rep8,8.669650919110321,38.75078749776502,17.28333959103026,8.96652968524371,5.469099121883649,6.908728646848851,7.526202802693492,7.125369649841165
safmnpp,ami,small,007,007_up,ref8,9.652346791402762,38.28447443933794,26.10798563761338,7.216182009464747,4.997731777219577,7.3752090307917175,7.450371429114372,7.266916578790007
safmnpp,ami,small,007,007_zoom,m0,7.343459175260925,39.47179676041917,8.102542825552476,5.521846400218926,6.248511924282816,7.896869568519091,8.815623916860753,5.67968397764802
safmnpp,ami,small,007,007_zoom,m2,6.813456279555431,39.79712887375767,5.769561742210129,5.020226596989373,5.8781861973042835,7.433940774386204,8.665676973406399,5.666173910062956
safmnpp,ami,small,007,007_zoom,m4,6.745020466648072,39.84097089063273,5.645920710726024,4.9031090256341505,5.900021530865774,7.477195349814209,8.53150341574509,5.671569831167581
safmnpp,ami,small,007,007_zoom,m8,6.721980872108618,39.855830885496104,5.51181705423126,4.926852170952889,5.89629867291108,7.21697868679272,8.589753791044073,5.679641858239019
safmnpp,ami,small,007,007_zoom,rep8,8.94125918853628,38.6168167650998,13.87055314024685,10.392289616831913,7.3390112740945765,8.098578347015767,8.925530251808308,5.67224458781328
safmnpp,ami,small,007,007_zoom,ref8,9.059804799334513,38.55961520308663,19.890356342387157,6.712607857186419,6.080086158984284,7.89769708110648,8.718682305809619,5.67223879987595
safmnpp,ami,small,008,008_back,m0,7.982663204653883,39.10932554463689,11.363199468145778,8.351385424724015,9.136233351529969,11.350797261568989,6.300171936965765,5.43774599148825
safmnpp,ami,small,008,008_back,m2,7.883253929382336,39.16374844916038,9.678632902435663,8.331803950749768,9.715628070764579,11.784459197969289,6.334072796572898,5.483473649602017
safmnpp,ami,small,008,008_back,m4,7.697428679358059,39.26734687236129,9.392263038943401,8.165928927401767,9.213029487168304,11.459757544219487,6.367784695411184,5.24281112314873
safmnpp,ami,small,008,008_back,m8,7.672579831706633,39.281389449905994,9.277120905518956,8.207442024899022,9.112476890803327,11.24494258085876,6.370700764371215,5.354377042523129
safmnpp,ami,small,008,008_back,rep8,11.472082216407818,37.53438110096113,22.672346956628456,16.02901444565419,15.140399226009222,12.578906733270783,6.628559168725732,5.496586909585016
safmnpp,ami,small,008,008_back,ref8,11.0187582359779,37.709477066107034,30.978677102966742,9.827105087246723,9.606818039175135,11.41722318632648,6.547201163092528,5.499076857175847
safmnpp,ami,small,008,008_down,m0,7.038056200832516,39.65627630392894,9.427665364609101,7.207150182910066,8.219380983650789,4.962751323798266,5.971673122828049,7.552319025600789
safmnpp,ami,small,008,008_down,m2,6.732268519556904,39.849189311879854,8.326097785203672,7.242797999694403,7.829160169196673,4.662384437911783,5.758255499187676,7.497378232564156
safmnpp,ami,small,008,008_down,m4,6.690470085350674,39.8762372765891,8.172551454627717,6.952333810028029,8.074193490299704,4.669493016832141,5.728875849635786,7.477520269680529
safmnpp,ami,small,008,008_down,m8,6.744402644523541,39.84136870859346,8.239937819090228,7.368705098846484,8.273479027561633,4.637515676777879,5.702792571100586,7.365966988689864
safmnpp,ami,small,008,008_down,rep8,7.747919348589602,39.238952695545485,12.680922038406989,9.235862346500282,8.33053431593092,5.16921678116831,6.045175433494331,7.240271855061573
safmnpp,ami,small,008,008_down,ref8,8.046567723659741,39.07469690008444,18.287014687567886,7.338334427768084,7.733962878334594,4.610678880343269,5.637897505034568,7.451100957299534
safmnpp,ami,small,008,008_front,m0,10.233669293346688,38.030489824701625,14.438811331838545,10.440023227873553,6.514042139727956,8.363078712920533,9.847599328600014,11.166103256778044
safmnpp,ami,small,008,008_front,m2,9.852900788688036,38.195162510754685,12.726057776069494,10.819862876410285,6.339638339530889,7.710123249331352,9.461560738650421,11.310709625374615
safmnpp,ami,small,008,008_front,m4,9.630808293438887,38.2941762279333,12.415274768011768,10.734135520604953,6.163669943185912,7.555658588115463,9.088360713396504,11.272460520430847
safmnpp,ami,small,008,008_front,m8,9.850745990632952,38.196112402842324,12.426807115932323,10.741963222056993,6.258737650358452,7.811996396251771,9.712088580590716,11.105969201756238
safmnpp,ami,small,008,008_front,rep8,13.418017581757482,36.8539200426745,29.284975035009733,16.965710508107364,7.737631480139128,8.756477764057779,10.320947201264024,11.000492679691646
safmnpp,ami,small,008,008_front,ref8,14.257045490478268,36.59050825543161,42.01457166270412,11.890812441980387,6.258210096837513,8.220425417073274,10.23194787702333,11.00136924647395
safmnpp,ami,small,008,008_left,m0,7.648280741686321,39.29516539872949,9.38495755872799,9.377847929685418,7.356701710630134,5.386966070204957,6.032435004277936,9.67685384992425
safmnpp,ami,small,008,008_left,m2,7.3530624723163465,39.46612105073376,8.608799774042186,8.86898834503169,6.636947922297884,5.1315198648283635,5.950560417724246,9.765732170608537
safmnpp,ami,small,008,008_left,m4,7.3253479761225435,39.48252101053999,8.672287311431585,8.868380181505852,6.576481547155872,5.212491840097219,5.907127281741839,9.632611803262146
safmnpp,ami,small,008,008_left,m8,7.265934392640336,39.51788888761929,8.666716156636957,8.81362620914343,6.667607229628028,5.191411587371323,5.746395703694758,9.595548499738321
safmnpp,ami,small,008,008_left,rep8,8.40274468523261,38.886591930261154,13.559537378630978,12.225394232681909,8.210342813623667,5.197133478017065,5.6235729128133265,8.967902695039047
safmnpp,ami,small,008,008_left,ref8,9.058728787135246,38.5601310352967,19.960243960537642,10.176102357958143,7.3924695724581895,5.191578864580745,5.860034690010686,9.28885601925347
safmnpp,ami,small,008,008_right,m0,10.123089860813996,38.077672688497366,16.37557644828712,9.751010792988586,11.054583479397076,14.085505522758432,7.343208902598495,7.737182779261101
safmnpp,ami,small,008,008_right,m2,9.457782936851391,38.37291018455307,13.128187105070825,9.829234266626129,10.299701832167946,12.766739016412197,7.334339171631801,7.762283978871107
safmnpp,ami,small,008,008_right,m4,9.191246028757813,38.49705969532769,13.028571208983179,9.51741858013899,9.39153858712082,12.00047442313493,7.311534976793361,7.671376975267624
safmnpp,ami,small,008,008_right,m8,9.274611695380964,38.45784625015709,12.7814987835868,9.520961596976477,9.61304383348589,12.566146820779432,7.363554526902924,7.741773014046942
safmnpp,ami,small,008,008_right,rep8,13.341195157761996,36.878856237033446,27.207858185728956,19.14708143772782,13.472296682671297,16.04898318217315,7.497972330454059,7.65791102053657
safmnpp,ami,small,008,008_right,ref8,14.074492443762846,36.64647618648084,42.63124003756294,12.088118561485475,10.306135857768346,14.362357695870163,7.595229672620407,7.873219645651795
safmnpp,ami,small,008,008_up,m0,9.277968268760823,38.456274779972674,14.824364607374955,15.486599110220425,9.203700577492341,5.254123441460858,5.420287898162941,10.275350952998426
safmnpp,ami,small,008,008_up,m2,8.285031076942731,38.94786219081845,10.479355901142563,12.984258937957232,8.491533982682112,5.2058907414571225,5.38905572776753,10.39865113035605
safmnpp,ami,small,008,008_up,m4,8.300150426645857,38.93994397543616,10.376720387659958,13.130425094249151,8.659239310167603,5.202789591700223,5.3943405780044955,10.338699721251801
safmnpp,ami,small,008,008_up,m8,8.252942449457636,38.964715442294384,10.19305224472944,12.890968847122291,8.580797478430922,5.250588233946505,5.476915564726522,10.254090771699586
safmnpp,ami,small,008,008_up,rep8,11.919217847963797,37.368326034048266,24.21482478460354,24.982824464271275,11.193188096157547,5.47282319437972,5.322436630242087,9.805210986224049
safmnpp,ami,small,008,008_up,ref8,11.742608873839037,37.43315765349791,31.631341085680994,17.06857359310645,9.13767116255848,5.131641059137308,5.4139649209929015,10.15783112814963
safmnpp,ami,small,008,008_zoom,m0,6.740545835346168,39.84385294647046,8.997070916958414,5.736599286474247,4.12463037112862,5.835839682889565,6.352998158789691,8.739397404419334
safmnpp,ami,small,008,008_zoom,m2,6.152133418022169,40.240546156606015,6.443909649502671,5.276832198110528,4.098572740965071,5.501787340312401,6.014703057944262,8.58342318692582
safmnpp,ami,small,008,008_zoom,m4,5.9771574512104895,40.365856646308096,6.267178321338666,4.960095483930996,3.978954341452835,5.376495329068987,5.855430429061864,8.41526594046274
safmnpp,ami,small,008,008_zoom,m8,6.027293290808324,40.32958035920565,6.264967791864725,5.073126315468875,4.015225621295234,5.406962351694617,5.901381223496115,8.489859419566452
safmnpp,ami,small,008,008_zoom,rep8,8.298444373872611,38.94083673692202,16.912899084466215,10.535896899680342,4.9167518185959125,5.395567870777463,6.013424267932908,8.326965874734057
safmnpp,ami,small,008,008_zoom,ref8,9.180515457107811,38.5021329471101,26.89595150291692,7.486299464640088,4.120747637411601,5.571236283958988,5.950185814778458,8.306026337160167
safmnpp,ami,small,009,009_back,m0,6.631284443875507,39.914827038266466,8.133776726268149,5.852465607973447,4.451316995090653,5.682020444204347,6.943293066650405,7.469227395024628
safmnpp,ami,small,009,009_back,m2,6.376840381019829,40.084748145894345,7.097270880779781,5.294182621856283,4.280294886115557,5.72213164616251,6.910520724040747,7.388158949467453
safmnpp,ami,small,009,009_back,m4,6.358895075490418,40.096987018713186,7.057683398836041,5.236659158123084,4.296923486651889,5.706327809059746,6.875855288212715,7.4228551956669895
safmnpp,ami,small,009,009_back,m8,6.310555342594487,40.13012781083085,7.049685519467529,5.343119036654658,4.294304164736071,5.737281244898158,6.769971697291688,7.2610954898306534
safmnpp,ami,small,009,009_back,rep8,7.3383534465629765,39.47481735460072,12.069343962033797,7.165015797522374,4.480799043650611,5.756564573575613,6.9391712702566855,7.409578260627402
safmnpp,ami,small,009,009_back,ref8,7.964758452969491,39.11907751368945,17.685826336183418,6.21709149297403,4.377042970911819,5.6108215981452485,6.968373966034373,7.3785186673305345
safmnpp,ami,small,009,009_down,m0,6.8485011214547695,39.77484829654426,8.733734687072031,6.827090556210738,5.997297693074536,5.278149046861139,6.492929034961582,7.596436250976546
safmnpp,ami,small,009,009_down,m2,6.596449757431081,39.93770101931892,6.985394209903761,6.604208835943737,5.771398231561869,5.1726674081994135,6.616170066043691,7.671207718757087
safmnpp,ami,small,009,009_down,m4,6.588942732622261,39.94264627946907,7.0261215698537125,7.211261173702171,5.201271434974949,4.968715081833221,6.571419289932926,7.747815695211454
safmnpp,ami,small,009,009_down,m8,6.570050280975684,39.95511667614564,6.9550097589169075,6.9309021827314,5.428918209781845,5.044324771282143,6.568810022006602,7.705507328303595
safmnpp,ami,small,009,009_down,rep8,8.212142150618288,38.98623902549433,14.546603843153267,9.414591245059805,6.774060282203088,5.522064169596964,6.779485120010971,7.725690891153641
safmnpp,ami,small,009,009_down,ref8,8.647381920672174,38.76195720398408,20.730286153838588,7.466865850203368,6.17690848800245,5.190890430993727,6.540858429275963,7.840433917213027
safmnpp,ami,small,009,009_front,m0,7.522166376981913,39.3673742585145,10.279374334735929,6.202975161067006,5.150689191323079,6.702331186508828,8.01224981004389,7.486702543500816
safmnpp,ami,small,009,009_front,m2,7.210487337165407,39.55115742377434,8.275596821437762,6.127088033545546,5.140441409940888,6.693405567256509,7.958844460121171,7.446985480634372
safmnpp,ami,small,009,009_front,m4,7.033957963091267,39.658805923450544,8.29130315906984,6.030209137536347,5.030049228234753,6.4488584555457695,7.743295023952619,7.134593592008303
safmnpp,ami,small,009,009_front,m8,7.082188784786971,39.62912861617452,8.139356915979905,6.0230162539185175,4.921653782146589,6.360746072357659,7.878537600381992,7.4019287404961425
safmnpp,ami,small,009,009_front,rep8,9.237284949791826,38.47536020015056,16.216728494938287,11.185730806171147,6.911561185733132,7.406250027807979,8.048802804714185,7.315976976357651
safmnpp,ami,small,009,009_front,ref8,9.44479679043101,38.378877425744705,23.934567668376182,7.380957670360827,5.317631719248667,6.59125319420946,7.78414992874927,7.297578455957924
safmnpp,ami,small,009,009_left,m0,8.1575991967909,39.0151799733451,13.862550298691607,10.217018127320584,5.87761705514868,5.937495319253105,7.701142660899971,5.971970810647466
safmnpp,ami,small,009,009_left,m2,7.384422827144469,39.447638047246166,10.315308766846885,8.726564662763675,5.352884466979166,5.718423836000904,7.6110315043101195,6.0799510039248705
safmnpp,ami,small,009,009_left,m4,7.3529868231317845,39.46616573169838,10.401655647618869,8.263415878782356,5.2543703778207,5.797002577003578,7.69490806850454,6.028373514364726
safmnpp,ami,small,009,009_left,m8,7.315529318818598,39.4883460567311,10.904713464529319,8.128014682360758,5.204157759113773,5.5969239393345,7.552579479259299,5.947225133807548
safmnpp,ami,small,009,009_left,rep8,10.069363852308564,38.10078326675657,22.309668032866874,15.111060214325423,6.333247055030545,5.993867542385084,7.788926617842363,6.196720280881329
safmnpp,ami,small,009,009_left,ref8,10.939613904636836,37.74078366296883,31.94999742740646,11.789343109627026,6.089537315947141,6.10269626377654,7.828198328383021,6.0509080003436155
safmnpp,ami,small,009,009_right,m0,9.154212208293016,38.51459385066072,15.470909442937009,13.255102787197064,9.386754839629107,7.412128762708201,6.826766735557609,6.585335185383867
safmnpp,ami,small,009,009_right,m2,8.770002213666325,38.700806578800965,13.118154983097968,13.193933056808122,9.222284765349807,7.3233835649608725,6.753846469236019,6.5838616632942255
safmnpp,ami,small,009,009_right,m4,8.80905760362712,38.681509109616584,13.04838032260867,13.227208480131752,9.339662952681389,7.24296185891711,6.792943586522777,6.732456832760716
safmnpp,ami,small,009,009_right,m8,8.82972525450199,38.67133170575742,13.269527980020698,13.439568287502242,9.267884439620099,7.232674844862573,6.712014010240212,6.731204643571521
safmnpp,ami,small,009,009_right,rep8,13.287200479687298,36.89646873100256,37.454273751130195,21.395110065268167,10.505992445956691,7.430156080638661,6.6838947087111045,6.541229957172902
safmnpp,ami,small,009,009_right,ref8,13.676179619956121,36.77115564777025,46.508489942671154,15.107172530547889,9.82367875394779,7.370063774112435,6.707224786560592,6.692096101963066
safmnpp,ami,small,009,009_up,m0,12.288450184158048,37.23583247624292,17.207540247273077,13.23946373378768,11.96928757686428,14.072638417365033,9.922464623484695,11.367169781732867
safmnpp,ami,small,009,009_up,m2,11.24148003388421,37.62256867407639,12.02850047020367,11.735382209430982,11.536752807805833,13.566337286794395,9.869487389204757,11.24659294829807
safmnpp,ami,small,009,009_up,m4,11.290418439505723,37.603703230527046,12.088403146668313,11.7280420074911,11.513335188712967,13.611121675698628,9.851390389456958,11.50504759667033
safmnpp,ami,small,009,009_up,m8,11.213659143497205,37.63333009956879,12.245773106361758,11.617199030892086,11.398089527675443,13.486667315595021,9.847691591929129,11.187605156489573
safmnpp,ami,small,009,009_up,rep8,14.681545490287501,36.46308585766416,28.291654847069555,19.00300139096711,13.08682279972156,14.412233648614638,9.84019036718489,11.347363214004048
safmnpp,ami,small,009,009_up,ref8,15.074883043010496,36.34826409473446,36.52166247398905,14.539226904415843,12.148092440254382,13.82973270397344,9.892945423423091,11.281140698370699
safmnpp,ami,small,009,009_zoom,m0,6.82436280933992,39.79018253331857,5.89534162023202,5.857581198420366,6.408611699472495,6.75597063863833,8.473398296676422,5.449283821348278
safmnpp,ami,small,009,009_zoom,m2,6.505163689428387,39.99822131681131,4.391747804382646,5.4186028651157,6.170453209499528,6.668724937717244,8.423133280226281,5.4340247476253705
safmnpp,ami,small,009,009_zoom,m4,6.493055799376144,40.0063122578246,4.339088814173565,5.406106994858181,6.178953253576265,6.657070813679812,8.409614064551667,5.442386723146144
safmnpp,ami,small,009,009_zoom,m8,6.423803848042087,40.05288089651696,4.303959273774792,5.353889755749186,6.057454350823957,6.5018671366467435,8.325150789714055,5.450382126634826
safmnpp,ami,small,009,009_zoom,rep8,8.404172236776873,38.88585416525324,14.34471638956438,8.739597354506335,6.7439252515506025,6.771130606943319,8.525330921066463,5.417443448750778
safmnpp,ami,small,009,009_zoom,ref8,9.013009830775493,38.582105161024174,21.346068686992478,7.050671059687582,6.329336928651596,6.578677720185002,8.287919249178456,5.484253600408074
safmnpp,ami,small,010,010_back,m0,10.75340457026615,37.81534375500747,15.26056222407424,12.123983248321878,12.742544240441532,11.706858636070107,8.189480612522772,9.192183116337766
safmnpp,ami,small,010,010_back,m2,10.24724314847919,38.02473319519396,11.896926861333258,12.013516642542752,12.6845999234575,11.71165973934148,8.154596109970614,9.121465821106062
safmnpp,ami,small,010,010_back,m4,10.266954137996725,38.01638738814613,11.735927128726903,11.979361307455248,12.5770311067055,11.64810124435819,8.2064764542932,9.395608825677561
safmnpp,ami,small,010,010_back,m8,10.177944269319068,38.054202923610404,11.957115673964873,12.076641038021942,12.541038882433588,11.49562162306995,8.056043487029946,9.05025441882004
safmnpp,ami,small,010,010_back,rep8,12.788321524656892,37.062668140761346,24.01551874649136,18.421955294829317,14.095302817901613,11.887000400793092,8.048278514139145,8.62022258483714
safmnpp,ami,small,010,010_back,ref8,13.187511936232347,36.929174951389385,31.254588091488422,14.431460360616102,13.134786324100977,11.701806525311223,8.119521320467001,8.75288705351884
safmnpp,ami,small,010,010_down,m0,9.731847785814399,38.24885053282562,12.11588802722998,7.790515464954167,6.691964682332126,9.960343731107265,11.69611443865325,7.456338476837153
safmnpp,ami,small,010,010_down,m2,9.102867591408696,38.53902135256216,9.43694494890324,6.768264572095507,6.5751449715690775,9.552763635156397,11.448739170384943,7.508253009064601
safmnpp,ami,small,010,010_down,m4,9.09037545781164,38.544985397044314,9.073624194935432,6.605652321017434,6.682392382528383,9.77372078281653,11.456170936887048,7.616923818832358
safmnpp,ami,small,010,010_down,m8,9.07038001576771,38.554548780753294,9.295663655179652,6.726297722375731,6.6382150426366975,9.77661136981136,11.412760689206408,7.353468390684652
safmnpp,ami,small,010,010_down,rep8,13.451685300608768,36.843036623359104,31.775025276756367,15.744373375970437,7.545056112152177,9.760677135439604,11.447297942578997,7.523802278696773
safmnpp,ami,small,010,010_down,ref8,14.924738025667159,36.39173644182463,48.184071380642685,10.093266513013871,7.0168408691087265,9.724616558095706,11.453047426528117,7.553184974975488
safmnpp,ami,small,010,010_front,m0,11.220702600454883,37.63060309121824,9.418964420843425,11.339623992959806,17.54328492279952,12.002756482731108,9.997267050195557,10.154123964212623
safmnpp,ami,small,010,010_front,m2,10.707368964999374,37.83397592590424,7.884605531729797,10.79756421304781,16.557962351767586,11.697011380285959,9.93607538168911,9.78942143523951
safmnpp,ami,small,010,010_front,m4,10.824731844003143,37.78663214282433,7.793880837862397,10.897138273058458,16.92825059432886,11.808157282656595,9.964865351982528,10.083964422217354
safmnpp,ami,small,010,010_front,m8,10.7299726683137,37.82481745147594,7.584176617311853,10.827658492782389,17.131616784433117,11.849359352832552,9.880377932825347,9.759109728280166
safmnpp,ami,small,010,010_front,rep8,13.045956924979645,36.97604420628593,17.79082937456199,15.62606389032672,18.631797986973307,12.149025617810434,10.100447627417786,9.880060419889402
safmnpp,ami,small,010,010_front,ref8,13.943165656243817,36.68718973694433,28.15939355880345,12.484093751730601,17.557861348369915,12.004744267621795,10.104679278847,9.965141652002593
safmnpp,ami,small,010,010_left,m0,10.345138345838816,37.983440579944656,11.527650398740036,9.537071229932959,10.31557692393625,13.16949128184757,9.613599252066583,9.684520997013768
safmnpp,ami,small,010,010_left,m2,9.583156711868392,38.315717707116065,7.554962262385535,8.45630346944437,10.116256581739114,13.047153335393107,9.55347422113131,9.558259924763554
safmnpp,ami,small,010,010_left,m4,9.472343503707002,38.366229220106575,7.155311455103807,8.301730585159369,10.021081413890927,13.198178635974852,9.454110486264375,9.511637828010318
safmnpp,ami,small,010,010_left,m8,9.60636302018803,38.30521366459456,7.512550323595295,8.609067059737907,10.12923073562716,13.236186755689287,9.47602398296681,9.634545177292928
safmnpp,ami,small,010,010_left,rep8,13.01185958103838,36.9874099297107,28.121350070973644,12.721274539261376,10.609787399996845,13.38251201164271,9.66315457812144,9.170103926540273
safmnpp,ami,small,010,010_left,ref8,15.484927577079848,36.23171182363231,45.89337602507732,11.202972099422327,11.414325080848199,13.589222146845998,9.812254240031454,9.513706804000984
safmnpp,ami,small,010,010_right,m0,10.324426208782704,37.99214436257044,13.503528387597393,7.70832609148556,11.123908242845298,12.75898726488794,10.528420018068994,7.335099846550183
safmnpp,ami,small,010,010_right,m2,9.803031516031542,38.21719962002623,10.065056443283952,6.991404944604321,11.796979917707882,12.768515456959735,10.348463808302272,7.458053423780935
safmnpp,ami,small,010,010_right,m4,9.687991994445985,38.26846589606714,9.860235104201063,7.009798643413877,11.64953426973048,12.528673631499492,10.245972669099203,7.390645426536788
safmnpp,ami,small,010,010_right,m8,9.592484699233083,38.31149245730832,9.68521959409834,7.043944054887793,11.704825094199641,12.382568776695699,10.195769116001456,7.108154704042134
safmnpp,ami,small,010,010_right,rep8,13.549720007802852,36.811500398510326,30.423676406152683,13.72567849303666,12.298452427844035,12.758490210752596,10.259980951599806,7.830109827415356
safmnpp,ami,small,010,010_right,ref8,15.401015348035896,36.25531007205914,48.48935488638392,9.107490464725846,11.721817693729,12.774330423854105,10.40803996454181,7.700134181515883
safmnpp,ami,small,010,010_up,m0,10.955961310960214,37.734298709174354,22.24058999819752,11.364829247636326,8.725364335551651,8.623828285895131,8.787234257796024,8.892475865965192
safmnpp,ami,small,010,010_up,m2,9.978336089878097,38.140222331307214,16.558555763472487,10.739630613474844,8.369699651034187,8.504060725973181,8.736650869390107,8.629339397022179
safmnpp,ami,small,010,010_up,m4,9.840907846607958,38.20045195913662,16.308820368797114,10.644368452219355,8.323387545224014,8.208473028704681,8.574187752079972,8.632004882380095
safmnpp,ami,small,010,010_up,m8,9.922894524657933,38.16441985818241,16.281183658327976,10.741542645767233,8.505179260869017,8.4485632555091,8.647893652199045,8.64077137709709
safmnpp,ami,small,010,010_up,rep8,13.021365379521137,36.98423835491206,34.38136564864078,14.586499816084892,8.913587408359463,8.613395534209458,8.675312910993572,8.919145181704572
safmnpp,ami,small,010,010_up,ref8,13.585944080939504,36.79990538143703,40.62305193875779,13.021557442455665,8.632389091134389,8.29836192473134,8.630405094015876,8.858827716616625
safmnpp,ami,small,010,010_zoom,m0,10.04651842762506,38.11064775691847,19.736131278839746,10.987311989746221,10.713213632336808,7.773748115844603,8.056831956400748,6.533439248185614
safmnpp,ami,small,010,010_zoom,m2,9.00411479918228,38.58639337407757,12.46085277744176,10.506557432920461,11.058823797196597,7.804904785289006,8.006249320995382,6.478344938114487
safmnpp,ami,small,010,010_zoom,m4,9.04296837765063,38.5676934870811,12.510454327987903,10.320573728334024,11.114343225662482,7.773982319862771,8.127908681448547,6.546340892472247
safmnpp,ami,small,010,010_zoom,m8,9.021655969614107,38.577940991067685,12.573454912114743,10.36198279145004,10.971253624619285,7.864880328211897,8.070105145965456,6.4956923207552375
safmnpp,ami,small,010,010_zoom,rep8,11.991885877177895,37.34192874045344,29.27172359808414,14.95339243474547,11.383948153951215,7.784707904624489,8.261749391849715,6.435304629227883
safmnpp,ami,small,010,010_zoom,ref8,13.074073034970507,36.9666945415601,39.62234705383512,12.86018693073454,10.910502490163458,7.733235501806778,8.094278015489676,6.692393765848112
safmnpp,ami,small,011,011_back,m0,8.611296145981973,38.780118358158916,8.617782038727444,7.171256379035383,5.211590331155294,5.911583444924409,7.69273835274527,15.297628864396987
safmnpp,ami,small,011,011_back,m2,8.028762636222575,39.084317423224874,5.380124068055797,6.527059874944602,5.226498773843532,5.768936288574633,7.625838231955908,15.183638290038743
safmnpp,ami,small,011,011_back,m4,8.06692792812028,39.063721839992596,5.52576166616612,6.530663396215479,5.186929967327169,5.6426334357868075,7.700201404445922,15.247132557688872
safmnpp,ami,small,011,011_back,m8,8.02498459873307,39.086361532728276,5.504633259544457,6.462517521943536,5.274037741014813,5.757349832066887,7.582074726852929,15.170055216331756
safmnpp,ami,small,011,011_back,rep8,10.38099680028836,37.96841303686877,15.89873566623231,12.159768056895045,5.763736399578739,6.111232483829428,7.764478172317511,15.434540977036717
safmnpp,ami,small,011,011_back,ref8,10.834131136774722,37.78286272866407,23.665952162844167,8.735863332486359,5.111200863866421,5.8678912684317,7.585309042014425,15.356116700069142
safmnpp,ami,small,011,011_down,m0,8.02729220370059,39.08511288728932,10.706568597867959,7.340977643505204,7.303567374131433,7.262089374272767,7.822587358741637,7.775854068774872
safmnpp,ami,small,011,011_down,m2,7.613711041780323,39.314839705726,8.651634495586846,6.813412433757317,7.146571218990773,6.948246264169944,7.739254132663598,7.865393202233936
safmnpp,ami,small,011,011_down,m4,7.73585792447338,39.24571875902561,8.608271624257602,6.874241404507169,7.152675022438185,6.987173867401305,8.087806679754161,7.861118187542833
safmnpp,ami,small,011,011_down,m8,7.6241248039690515,39.308903639470515,8.402333067930982,6.801098568370789,6.976066597231565,7.0675356520544,7.9601611484486945,7.75070084879758
safmnpp,ami,small,011,011_down,rep8,9.250327371662522,38.469232580542055,14.836300432196538,9.622820236130554,8.899241416324612,7.4126275329692906,8.099169674022429,8.168164111878244
safmnpp,ami,small,011,011_down,ref8,9.363189058200597,38.41656568273865,19.783952590978434,7.606172723933407,7.2247732375641585,7.138629828062971,8.055370420798647,7.7824944991673295
safmnpp,ami,small,011,011_front,m0,9.44754741852019,38.37761280490557,11.400623878317475,10.449716783215997,6.8863455578337645,7.314183102093523,8.232059399466785,12.511811322883444
safmnpp,ami,small,011,011_front,m2,8.895268263731554,38.6392131078619,8.756975514611499,10.082835073526919,6.699952972708331,7.175033259671967,8.164814432727171,12.03968652769956
safmnpp,ami,small,011,011_front,m4,8.955994597781693,38.60966537925445,8.941512607808562,10.01347323035409,6.791003736286132,7.180724816904587,8.08521625209489,12.376541670955524
safmnpp,ami,small,011,011_front,m8,8.994322687675925,38.591118962524995,8.871731829785979,9.993734862400105,6.765704676134479,7.13027194574424,8.11953897894858,12.645130139649293
safmnpp,ami,small,011,011_front,rep8,11.19997428933782,37.63863335163044,18.503555838297313,14.439964766257237,8.28180490194375,7.630529800786705,8.186481932809256,12.998343414858768
safmnpp,ami,small,011,011_front,ref8,11.613280501769287,37.4812544495593,25.617540888522846,11.869893465423461,7.454887923382891,7.188541849307467,7.97953617385212,12.875754353149631
safmnpp,ami,small,011,011_left,m0,7.308527654097802,39.492504662773676,11.752295423961785,7.0411591758876755,5.266545852539649,5.437755450260696,6.737827355279267,7.627923624062918
safmnpp,ami,small,011,011_left,m2,7.130926422236182,39.59934405500094,10.324751497435509,6.790669513157439,5.596508526982954,5.522336170813248,6.640024436840939,7.825813298756306
safmnpp,ami,small,011,011_left,m4,7.07778216978961,39.631831684768585,10.021090612348386,6.68463712038894,5.566527421049597,5.459301181141575,6.577270575557132,8.014466031472871
safmnpp,ami,small,011,011_left,m8,7.013762661288939,39.6712929516453,10.065743998378029,6.712654469979205,5.660968471320469,5.481520782637622,6.499612683465552,7.666871436764525
safmnpp,ami,small,011,011_left,rep8,9.339089406271935,38.427758277973865,19.969287171709095,12.839366891559008,6.546201028791361,5.852581382713117,6.510470742645659,7.878695368902764
safmnpp,ami,small,011,011_left,ref8,9.017870291053041,38.57976376546842,22.16608767028037,8.626767730129258,6.007688789291291,5.787091943480262,6.500683503808202,7.809780324030421
safmnpp,ami,small,011,011_right,m0,9.504750980573617,38.3513961780211,7.924037680271256,7.072130041636945,9.721712218914634,5.212615061697565,8.477583298679047,16.909624305149705
safmnpp,ami,small,011,011_right,m2,9.375348077154245,38.410929601821664,7.0954011958284395,6.576675836089052,9.638083584121075,5.182365305515689,8.47834035065674,17.251472664806805
safmnpp,ami,small,011,011_right,m4,9.187090924475786,38.499023462666116,6.80432805025295,6.771584483156607,9.567063963281793,5.110547150220293,8.354125729347999,16.596167905684233
safmnpp,ami,small,011,011_right,m8,9.197391000472484,38.49415711217024,6.739968930859953,6.63852253484762,9.57068344749126,5.143403459394268,8.33292106631841,16.818253799170932
safmnpp,ami,small,011,011_right,rep8,10.699786064071997,37.83705266558576,13.035812108742041,9.714805626207578,10.444079836224502,5.510654843877791,8.4325352217475,17.218443167527333
safmnpp,ami,small,011,011_right,ref8,11.126697566090083,37.66714077184089,18.44156519828859,8.615596457058242,10.043660018005971,5.180682105181169,8.3409317400866,16.86863236041012
safmnpp,ami,small,011,011_up,m0,9.485371242773077,38.36026027695666,10.240153780076307,9.764245269897774,13.412726006997907,7.756806917974506,5.427034720413539,14.800764258742191
safmnpp,ami,small,011,011_up,m2,8.900514943071688,38.63665227204447,7.496125100274109,8.587364920887259,13.007070380492808,7.786864092997605,5.338803589779253,14.889519843142118
safmnpp,ami,small,011,011_up,m4,8.88499755176229,38.644230483952754,7.360839937488181,8.685134801636526,12.893270744200729,7.710913388513588,5.383709766358036,14.873656137411814
safmnpp,ami,small,011,011_up,m8,8.777002751908691,38.69734126344227,7.22482766699572,8.469018141463268,12.970575698114187,7.743062621925038,5.2955141355560515,14.618965538348473
safmnpp,ami,small,011,011_up,rep8,11.266204791688196,37.61302719499222,18.22257879463444,15.116135858548628,13.807405639488087,8.141848617450949,5.228360255783445,14.695198239095966
safmnpp,ami,small,011,011_up,ref8,11.573540424093519,37.49614127979742,23.264932320101718,12.312125642050756,13.613354006063652,7.792008557095002,5.234870296221949,14.870916953172221
safmnpp,ami,small,011,011_zoom,m0,7.961699311644584,39.120745892474915,8.02566530020097,6.260457072217028,6.761838812109917,7.347113099381189,7.8867678798213605,10.457647549648572
safmnpp,ami,small,011,011_zoom,m2,7.508390387271195,39.375335158543976,6.069289598755485,5.548837557385379,6.2233151689647315,7.2321003675779485,7.835110599074585,10.451346135200284
safmnpp,ami,small,011,011_zoom,m4,7.543276697160266,39.35520322375634,6.066796187182946,5.456217743085405,6.379429071506993,7.403369354634806,7.893414819929681,10.39899612183331
safmnpp,ami,small,011,011_zoom,m8,7.533388751659329,39.360899816015014,6.139113710711816,5.474073769358447,6.412433801024545,7.320985042450058,7.885707124569159,10.316723244612769
safmnpp,ami,small,011,011_zoom,rep8,8.808867205214185,38.6816029787652,10.799947794921215,8.91570928517143,7.676486006117899,7.3805718540796015,8.01816683856516,10.304398339789744
safmnpp,ami,small,011,011_zoom,ref8,8.783999911676144,38.69388038128761,14.042467033395173,6.6316596867350945,6.8006132376729225,7.277305056422023,7.812270534259077,10.32705355324178
safmnpp,ami,small,012,012_back,m0,7.695943417657043,39.26818494859159,8.242305057927812,6.042992400306426,6.5581469285614915,9.90477967381173,7.63890492819398,7.981219415154625
safmnpp,ami,small,012,012_back,m2,7.026587199463836,39.66335920673654,4.915247781692102,5.535420349552002,6.34800175355257,9.427442673458337,7.394247902268342,8.036424540536089
safmnpp,ami,small,012,012_back,m4,6.987757093834477,39.68742561099781,4.915836822397584,5.549023249702386,6.310203920445051,9.421123644915163,7.363511240641536,7.893223138344445
safmnpp,ami,small,012,012_back,m8,6.981147723024754,39.691535329724296,4.827647773432015,5.434420753672975,6.294334641904285,9.475742935174482,7.3322818539585,8.043319894353791
safmnpp,ami,small,012,012_back,rep8,12.544310068832962,37.146335805531464,32.90587663560368,16.73014239687907,7.8339840580185784,9.991526990023788,7.429171882692185,8.046614075836876
safmnpp,ami,small,012,012_back,ref8,14.889991924887877,36.40185898641428,57.70087714287869,8.238421471639688,6.69809663954882,10.383600769862868,7.7510624956595695,8.096362456191306
safmnpp,ami,small,012,012_down,m0,6.703879382152251,39.867541691086,8.507429917404535,5.516950410723816,3.795513880958316,6.621240607882786,6.771422891550606,8.020173956973636
safmnpp,ami,small,012,012_down,m2,6.359787611978212,40.096377484405735,6.66570302257569,4.625172760277317,3.8355543737948743,6.881494419054834,6.733407494386957,8.032905684323033
safmnpp,ami,small,012,012_down,m4,6.50268741380574,39.99987483028259,7.598710742463001,4.869603022796031,3.8310200980868827,6.572651877267519,6.692436733091256,8.209614764737056
safmnpp,ami,small,012,012_down,m8,6.522924480106688,39.98638010409626,7.876012998737717,4.930577830063383,3.883487032269771,6.519743150014353,6.675993417637072,8.092989331148594
safmnpp,ami,small,012,012_down,rep8,10.328182136110565,37.99056472816914,26.873261200277742,13.495500539157739,4.913661532091353,6.372337412175607,6.655307336241794,8.137073039949415
safmnpp,ami,small,012,012_down,ref8,11.659765777453853,37.46390534508467,40.122948268094646,9.886253594565895,4.249464031909963,6.848022448197549,6.661684628258636,8.124135785762503
safmnpp,ami,small,012,012_front,m0,8.708975027902632,38.73113315609907,13.10811264493095,7.140058075569602,7.3414126566403555,5.699341678016376,5.699951504249695,14.855169964015342
safmnpp,ami,small,012,012_front,m2,8.161678559691136,39.0130087438819,9.415964252948438,7.075205110980999,7.375334656897617,5.454431364740089,5.6093145287123125,14.970588457407429
safmnpp,ami,small,012,012_front,m4,7.825422591631907,39.19572561070097,8.85276161548018,6.754034029981033,7.062422676803993,5.179992886869986,5.515673255192602,14.288339710345124
safmnpp,ami,small,012,012_front,m8,7.953458096946896,39.12524363546972,8.85364540950105,7.062711361703068,7.237310341519158,5.213090413337921,5.560626855891989,14.568522817119678
safmnpp,ami,small,012,012_front,rep8,11.829384436043288,37.401182149707665,29.881664921284678,12.36709996180796,8.071079712708782,6.075251989734488,5.697160023239428,15.00541304695562
safmnpp,ami,small,012,012_front,ref8,13.48915236128932,36.83095700772038,46.059887851919406,8.832436520205032,7.557538488406592,5.463203768956236,5.611520405446169,15.258668836522556
safmnpp,ami,small,012,012_left,m0,5.944529263040328,40.3896289157819,8.758651009554884,5.170801478189879,4.064554235176164,4.758882423354534,6.291186222728824,5.637653468226824
safmnpp,ami,small,012,012_left,m2,5.738762313201805,40.54262123262013,7.1233808952290065,5.155589217734563,4.4106047407379085,4.7115339319972875,6.221912709953536,5.683588961310194
safmnpp,ami,small,012,012_left,m4,5.656138803619002,40.60560302210233,6.7829158095139475,5.11404022980528,4.340672486847967,4.725973447559571,6.172087672421605,5.642114167822714
safmnpp,ami,small,012,012_left,m8,5.520050371030313,40.71137320138584,6.605204304589873,4.875720341929149,4.053851545449196,4.72444743093298,6.055306151085226,5.594020206289108
safmnpp,ami,small,012,012_left,rep8,7.530157055192983,39.362763265672946,17.614283967055115,8.576741283859379,5.043677648253857,4.418053968218093,5.925050698846206,5.522442122806912
safmnpp,ami,small,012,012_left,ref8,8.647701702138331,38.76179660420994,27.695879433855964,5.678719444979537,4.319633734488359,5.037212936647039,6.28175542940585,5.537515391256428
safmnpp,ami,small,012,012_right,m0,8.875857338409554,38.648700476638915,10.434331158657315,10.079176995873867,8.203752028239261,5.833502714079503,6.812176776653837,12.999997041679766
safmnpp,ami,small,012,012_right,m2,8.80794436543966,38.682057980762025,7.12986538749498,11.033203481922326,9.083808013664848,5.993198733712248,7.09693639508186,13.274102495407176
safmnpp,ami,small,012,012_right,m4,8.456312198843936,38.85899352541543,7.856448152211288,10.104316220488668,7.684134817162811,5.703876956762148,6.802077687119948,13.05414186624195
safmnpp,ami,small,012,012_right,m8,8.5396593431449,38.81639814340873,7.879564330328102,10.122714698483579,7.73519019539973,5.603119719037235,6.9000831013553,13.337590921978508
safmnpp,ami,small,012,012_right,rep8,14.215652826175686,36.60313552255054,29.531793035559353,27.201853511919914,12.130778525208788,5.6347792589003,6.922483091835243,13.333947269129062
safmnpp,ami,small,012,012_right,ref8,15.201180991498257,36.312030309384916,52.01368866636022,13.365377088610595,8.516235178839482,5.662314258161565,7.039257577031407,13.5979933914957
safmnpp,ami,small,012,012_up,m0,9.556091139394113,38.32800077769643,12.879382511833525,10.777753279223532,10.435320037971723,6.060172185874881,6.339530396288607,13.714965580473732
safmnpp,ami,small,012,012_up,m2,8.932541563059937,38.621053152192275,10.169107678600549,8.945444634433642,9.65281056537008,5.948000789409992,6.358234719709601,14.16773531922175
safmnpp,ami,small,012,012_up,m4,8.990349909521134,38.59303765818008,10.747459967638253,8.760902088713816,9.567457067308245,5.951913590687321,6.553966567152863,13.863562582360203
safmnpp,ami,small,012,012_up,m8,8.88404332544005,38.64469693031809,10.306341883870337,8.879191985991813,9.664439100659513,5.924566140501825,6.482098702573621,13.606626908992748
safmnpp,ami,small,012,012_up,rep8,12.614001462284923,37.12227483864784,25.524696172816743,18.334574957460493,10.405178203931843,6.5717398790133466,6.7751606532556155,14.634788275534529
safmnpp,ami,small,012,012_up,ref8,12.442202599371223,37.181830920823984,32.80374102003962,11.66473929857624,9.36186195822385,5.882556915515884,6.518651925703233,14.418113607252671
safmnpp,ami,small,012,012_zoom,m0,7.531405338710839,39.36204338996455,6.933681299531171,5.47944610737648,4.546026165956152,4.8123875519749735,5.379335517503975,17.19516790560229
safmnpp,ami,small,012,012_zoom,m2,7.385691624941863,39.446891902881205,4.8804402899284804,5.423806499486458,4.690998582853321,4.962270670293233,5.404213191309153,17.771371573320597
safmnpp,ami,small,012,012_zoom,m4,7.049319860605547,39.64933143881488,4.729322672340816,5.274646196867929,4.467179749236682,4.72858156266613,5.267491849411542,16.640801708308402
safmnpp,ami,small,012,012_zoom,m8,7.091423138405601,39.623469607857245,4.590604125800867,5.064212652521211,4.413525602824124,4.7266014364318565,5.232607089757912,17.242131877054135
safmnpp,ami,small,012,012_zoom,rep8,10.278307056045344,38.011587731313064,20.26234503145367,10.647853973887909,5.073269875867213,4.841622935353686,5.31693190096237,18.409978454650734
safmnpp,ami,small,012,012_zoom,ref8,11.11861733832344,37.670295771894594,29.733656171305142,6.653963275557375,4.692409837237509,5.032070952445637,5.386274617590002,18.696179111481158
safmnpp,ami,small,013,013_back,m0,5.79834837493793,40.49776055891019,8.284604862246434,5.22050050017509,5.100877353982933,4.322719779527366,5.400727557679371,6.3997431603471036
safmnpp,ami,small,013,013_back,m2,5.409090877498303,40.79956082834148,5.929765550931476,4.908734011106018,5.018150023961577,4.165323531836269,5.385601327814313,6.430566964665753
safmnpp,ami,small,013,013_back,m4,5.3508110530928255,40.84660745353936,5.818716945377226,4.987797227769246,4.959024790090109,4.121680999362123,5.3251167597066456,6.309920439727569
safmnpp,ami,small,013,013_back,m8,5.290324479977833,40.89598050734021,5.749431496571073,4.892272418319802,4.823993163243403,4.083492681205765,5.291725535382212,6.266472717355945
safmnpp,ami,small,013,013_back,rep8,7.6007441573502375,39.322242465332266,16.611951860671805,9.327648340116948,6.094333087974697,4.50968447833566,5.47608985631755,6.251309341478519
safmnpp,ami,small,013,013_back,ref8,8.003780725650717,39.09785178822824,23.200887093181613,6.40589770012327,5.358488573434886,4.228568113055993,5.427987350684186,6.273825697896181
safmnpp,ami,small,013,013_down,m0,6.091371844348338,40.28365249296307,7.82774352532177,5.531602054386312,5.4053540643175095,4.181538618882411,6.758177683167839,5.510082069710027
safmnpp,ami,small,013,013_down,m2,5.763490617548573,40.52394770364308,5.991232468269124,5.223643852650719,5.189517507128479,4.065218498900891,6.83325864466476,5.376056158759671
safmnpp,ami,small,013,013_down,m4,5.710989656937801,40.56368987244709,5.801484026971777,5.047678848912697,5.1439826705614715,4.177745552473753,6.703411909533667,5.560074752560674
safmnpp,ami,small,013,013_down,m8,5.70112776947042,40.57119586667119,5.759137853207875,5.120846623070518,5.175902273714496,4.121612337045257,6.763332821051546,5.384123196296197
safmnpp,ami,small,013,013_down,rep8,7.225726527790725,39.54198840076388,12.973617884897587,7.991478919658638,5.92052520266481,4.17540048497503,6.951828848057703,5.453685604992251
safmnpp,ami,small,013,013_down,ref8,7.774615227112253,39.2240145627218,17.914292205260747,6.819066393982316,5.810440856471309,4.3603873100950565,6.895443229903603,5.634898814700295
safmnpp,ami,small,013,013_front,m0,5.905646952423247,40.4181288017542,6.736629355319759,6.301854318573414,5.015035139043485,4.207970497647158,6.388482345525295,5.692365285596645
safmnpp,ami,small,013,013_front,m2,5.740865813270733,40.54102965060583,5.424269675361545,6.12779498374576,5.1741435149982875,4.372249491853865,6.428987931111145,5.622063692317078
safmnpp,ami,small,013,013_front,m4,5.60023503932633,40.64874106336642,5.325359880417389,6.148636428636298,4.963637830085333,4.356569187517106,6.266797349665714,5.3433131778235525
safmnpp,ami,small,013,013_front,m8,5.583920289861295,40.66141150737131,5.257765905075772,5.9202163661325535,4.805013083833802,4.258154828654354,6.29549712005152,5.5800873295618265
safmnpp,ami,small,013,013_front,rep8,7.254960650000465,39.52445299646741,12.59342916991581,9.480229749123636,5.630727150705106,4.413659549031732,6.469224835490088,5.799020329341419
safmnpp,ami,small,013,013_front,ref8,7.507277240546552,39.375979063953885,16.299965042413106,8.13359488834634,5.4753329724077275,4.538611734374805,6.315378117761964,5.636358535696666
safmnpp,ami,small,013,013_left,m0,5.95401972006189,40.382700921460724,6.116726928768535,4.542280379369926,5.286294509682546,5.569507479520978,7.427543362819498,4.743866599164444
safmnpp,ami,small,013,013_left,m2,5.748099623390134,40.53556074350456,5.1325002723434405,4.5612231853890215,5.1458561644109535,5.508058238233624,7.320670475093789,4.6618636453465605
safmnpp,ami,small,013,013_left,m4,5.812233212293798,40.48737329092524,5.300202817791182,4.680278384849862,5.105658957889005,5.5363248780573695,7.3200300134644385,4.819601532819588
safmnpp,ami,small,013,013_left,m8,5.76080440097646,40.5259723117492,5.405226717439833,4.746461186353223,5.075617879096923,5.343703359418941,7.256844846242464,4.655777953213007
safmnpp,ami,small,013,013_left,rep8,7.480743261549365,39.391356108172076,12.568890754831159,8.878063177162462,6.25633511150573,5.374299209865231,7.381309331709845,4.805482826809219
safmnpp,ami,small,013,013_left,ref8,7.7544994428236835,39.2352659175964,17.99427620644309,6.015292558922595,5.6715923818741905,5.427495856501063,7.290559335755171,4.733316255118944
safmnpp,ami,small,013,013_right,m0,6.1961899262103834,40.209556395404306,9.048964428948729,5.657996675213351,5.4052298203843145,3.5689553445654085,5.815526411262469,7.217930504036009
safmnpp,ami,small,013,013_right,m2,5.6438276157894025,40.61506620607492,5.33171898485966,5.207230845146142,5.360236116741997,3.5311416426205167,5.86785989650551,7.258873449148164
safmnpp,ami,small,013,013_right,m4,5.645164023647286,40.61403795735352,5.378283041626142,5.335699449352126,5.395482267088288,3.569796779982501,5.895329816153605,7.038439414088332
safmnpp,ami,small,013,013_right,m8,5.617256187090151,40.63556129603054,5.310355924758327,5.286163030482931,5.372745912069004,3.5517772511465853,5.813517967782416,7.149606507125445
safmnpp,ami,small,013,013_right,rep8,7.7384303533348175,39.244274826161174,16.072300860370966,9.42705803905859,5.945167086710278,3.5526295846955604,5.9150745339833435,7.234581381088223
safmnpp,ami,small,013,013_right,ref8,8.717379223578972,38.72694421785374,25.633324664009358,7.547380557585506,5.529050730588504,3.4777556270612795,5.79125294947391,7.260203739636858
safmnpp,ami,small,013,013_up,m0,7.234056909470664,39.53698439885513,11.61054586543685,7.151894043253762,5.972712691839949,5.362782597999075,6.250873409013205,7.731037961170823
safmnpp,ami,small,013,013_up,m2,6.767286052206825,39.8266582643124,9.099340085975115,6.777098227792456,5.748418155561201,5.3051038856118256,6.188743933144368,7.611982490264982
safmnpp,ami,small,013,013_up,m4,6.560446473163418,39.96146964444529,8.972992701886895,6.335405909396629,5.659563737969651,5.156660664895603,5.951009732798538,7.456166807192125
safmnpp,ami,small,013,013_up,m8,6.5527355387537005,39.966577202088274,8.735089206407872,6.269470808167757,5.707789298886786,5.096084323426097,6.07289637959632,7.419765528132386
safmnpp,ami,small,013,013_up,rep8,9.270268731612461,38.45988036975325,20.726015084146297,11.747456241449129,7.22182328244936,5.694670278439368,6.289841366113214,7.751578300417204
safmnpp,ami,small,013,013_up,ref8,10.0443822329037,38.11157129698163,30.23762778173396,9.023369671394066,6.4721279705682315,5.288232863979041,6.229954378939644,7.5689915027357255
safmnpp,ami,small,013,013_zoom,m0,5.796948717801739,40.49880902428178,6.082050003925792,4.883354367581765,4.764556313292602,4.490309289260578,7.021751610858405,5.408268315093892
safmnpp,ami,small,013,013_zoom,m2,5.805931678098327,40.492084399474315,6.208811877545107,5.14012877518557,4.451534483078412,4.423339721430187,6.983902873241273,5.496230132228288
safmnpp,ami,small,013,013_zoom,m4,5.595737382048244,40.65223036785723,5.630778780674741,4.770824069939697,4.36491326779673,4.327865378803182,6.91941560553099,5.259332675656058
safmnpp,ami,small,013,013_zoom,m8,5.618810535589178,40.63435972790701,5.723805746024083,4.903920195939829,4.291500994817258,4.359027866102451,6.901630955259866,5.285092260820656
safmnpp,ami,small,013,013_zoom,rep8,6.875351672584448,39.75785443739173,9.558018223683575,8.705850223992549,5.829301451629813,4.572277013491763,6.909649012263733,5.506823976400361
safmnpp,ami,small,013,013_zoom,ref8,6.7604736605503986,39.831032357906416,12.621854461418991,5.6397159898202505,4.3512995421916445,4.358623178925665,7.0905877133574835,5.461422851109727
safmnpp,ami,small,014,014_back,m0,11.832320652358208,37.400104304687595,19.460098962876916,15.126799189587599,12.952885366260901,11.0455437605263,8.914361162046482,8.76572479584006
safmnpp,ami,small,014,014_back,m2,10.977107413042427,37.72592446988381,14.367153311572773,14.146903088907708,12.69919617143274,10.937644609867093,8.94222471133564,8.77083248118698
safmnpp,ami,small,014,014_back,m4,10.961452467587149,37.73212255910817,14.400863659981926,14.213428144265869,12.781565628294855,10.932672403725027,8.890312666757483,8.654037773801
safmnpp,ami,small,014,014_back,m8,10.862405728157768,37.771543405176125,14.00831020836621,14.006205852553231,12.673347555755115,10.819669265648589,8.881216121109587,8.706138031269521
safmnpp,ami,small,014,014_back,rep8,15.03044846369006,36.3610842203747,34.00727004373671,22.5251223809909,14.488442690833603,11.613956918377731,8.93743617557618,8.81609463163567
safmnpp,ami,small,014,014_back,ref8,15.746243933297233,36.15903385826919,46.350488019110074,16.57235991906691,13.357281266933297,11.230344728599297,8.852601840606996,8.71998556569318
safmnpp,ami,small,014,014_down,m0,9.458980686173883,38.3723602216392,12.45182780280045,10.048880369367511,10.377049395608326,8.397511763961743,9.131305936882601,7.360742885770258
safmnpp,ami,small,014,014_down,m2,9.034799871316975,38.57161823865295,9.689880476567984,9.465634845321977,10.310710800138674,8.839070914497288,9.155796302319418,7.2545901818444225
safmnpp,ami,small,014,014_down,m4,9.100904020242288,38.53995826623466,9.71483013658204,9.657637767640816,10.366632473122202,8.83406098292427,9.2409934433952,7.2759588671202176
safmnpp,ami,small,014,014_down,m8,8.958345343483593,38.608525604196146,9.448429087549815,9.470932360410561,10.26166765049623,8.688934019631471,9.064559893768251,7.302098595237229
safmnpp,ami,small,014,014_down,rep8,10.979397074688634,37.72501869053032,20.101122493946722,12.775875466435235,10.853657979552153,9.20378018609144,9.057708805600383,7.386046024849094
safmnpp,ami,small,014,014_down,ref8,11.711016280398196,37.444857761441675,28.777822776077063,10.972952745615183,9.965134168660606,8.39879147882658,8.977837756074795,7.320608669165405
safmnpp,ami,small,014,014_front,m0,10.58830359948134,37.88253975491231,14.03149387362194,11.746978352611874,11.594136530085963,11.173564797259655,9.566982596682495,7.9743930507968095
safmnpp,ami,small,014,014_front,m2,10.266428642586908,38.01660967958173,11.781330728571115,12.072285387690975,11.884443852663457,10.674636617504717,9.488090001634916,7.925999567988094
safmnpp,ami,small,014,014_front,m4,9.952551778380073,38.15145915178843,11.141017853352691,11.285840374742897,11.157664130581656,10.523993677701911,9.365121807922794,8.022225838060901
safmnpp,ami,small,014,014_front,m8,9.967376403644009,38.144995017903824,11.018269186116068,11.638418342147988,11.117926729902232,10.555460329955174,9.367842338417718,7.949186790200224
safmnpp,ami,small,014,014_front,rep8,14.977460501256614,36.37642177930756,31.73867534135635,23.77491420870916,13.85805399575809,11.472894010635715,9.951728305528,7.968243732329152
safmnpp,ami,small,014,014_front,ref8,16.144112435029513,36.050661873378814,49.622662681597866,14.855391825547725,13.094026721667747,11.279356943625844,9.761488450249082,8.098346819452976
safmnpp,ami,small,014,014_left,m0,10.538690287017001,37.90293719295393,14.06570944598616,12.655661287930696,10.025134712006652,9.362827880552258,9.32879237882868,9.612845343249951
safmnpp,ami,small,014,014_left,m2,10.073633094616856,38.09894232083473,11.62307060048837,12.139558563302668,9.836131185309616,9.128475289690156,9.261540140032407,9.646342152763241
safmnpp,ami,small,014,014_left,m4,10.073700389105202,38.09891330893102,11.673002318376792,11.820388914438798,9.625858004048172,9.095624173944342,9.476939998394883,9.591790524242178
safmnpp,ami,small,014,014_left,m8,9.87131928831829,38.1870516145589,11.60199629635481,11.583290041488972,9.376884566055184,8.820002581382903,9.130491959215536,9.660248828829957
safmnpp,ami,small,014,014_left,rep8,11.720404256524505,37.44137769377814,17.740462126417064,16.475105702311104,10.947458691236301,9.650642649220964,9.351760166808274,9.85844284210382
safmnpp,ami,small,014,014_left,ref8,11.573603260405058,37.496117700677914,21.17899230357228,13.787999894508912,9.954310184831675,9.052197637582772,9.090674797140334,9.813822352695897
safmnpp,ami,small,014,014_right,m0,11.119140032281955,37.6700916118274,17.042730217927502,14.591557271744579,10.036648227407815,9.750407897116133,9.672720213455055,8.294281269691764
safmnpp,ami,small,014,014_right,m2,10.541543317814567,37.901761631465504,14.309947146480937,13.504216937262772,9.848461197475126,9.690929290462803,9.652773621312207,8.131515471807175
safmnpp,ami,small,014,014_right,m4,10.317728404275082,37.99496269204732,13.744340902483083,13.134357147057987,9.614476308599604,9.530808270402934,9.54032818731096,8.036506480185626
safmnpp,ami,small,014,014_right,m8,10.188098540082569,38.04987224025965,13.688642390155243,12.974618895129254,9.416659448750897,9.393110062919648,9.448572870706608,7.849967239356498
safmnpp,ami,small,014,014_right,rep8,14.002262869444456,36.668821343111915,30.680299581896236,22.443999747224844,10.969571669078356,9.588231149615739,9.608984386741296,7.951319444385932
safmnpp,ami,small,014,014_right,ref8,15.310896170625835,36.280797494925025,47.005992167185795,15.862737100625084,9.956720793343152,9.331280900413061,9.70143031128667,8.079920374816657
safmnpp,ami,small,014,014_up,m0,11.013886329685187,37.71139770894902,18.077557907923797,14.168711963341178,9.4955338497312,9.653738017792346,8.975344172625114,8.935450729543144
safmnpp,ami,small,014,014_up,m2,10.006695312670622,38.127896844307905,13.202533776072203,12.41359304845713,9.507923648440203,9.67645654775155,8.83333221562134,8.533407681098614
safmnpp,ami,small,014,014_up,m4,10.059924903541601,38.10485622106175,12.998176042949284,12.388989627611872,9.34930067314383,9.743736198969602,8.940766678211473,8.873457615300966
safmnpp,ami,small,014,014_up,m8,10.004879421753413,38.12868501956918,13.045068754858809,12.370529716119162,9.457347581042475,9.704261872963487,8.799456594667463,8.757404241526336
safmnpp,ami,small,014,014_up,rep8,14.323332823891565,36.57036277350336,32.493193512112036,22.59218784421787,11.037801962068642,9.571739132468345,9.129723794590245,9.12352410413861
safmnpp,ami,small,014,014_up,ref8,14.320483763958723,36.57122671634263,39.373754890428664,16.193158956215562,9.897802230611298,9.712412978368981,9.191453419708106,8.934784623750899
safmnpp,ami,small,014,014_zoom,m0,10.220376678751723,38.03613458563474,13.026617241767715,11.172492212744212,11.352246330743853,10.599595942130579,9.45181949114791,7.815500391714543
safmnpp,ami,small,014,014_zoom,m2,9.882903977383737,38.181957851018026,11.006080428067227,10.934278700527098,11.391445903193121,10.424457348723358,9.399045498038939,7.827307110319406
safmnpp,ami,small,014,014_zoom,m4,9.993927638550792,38.133441602772386,11.663120090992724,10.984363509417753,11.31935423791216,10.447746396724694,9.424283991473226,7.895394183713595
safmnpp,ami,small,014,014_zoom,m8,9.895388381497058,38.17647516481036,11.469858385271873,10.727735782290724,11.346027541501945,10.31055203873181,9.344987856938001,7.888502349397167
safmnpp,ami,small,014,014_zoom,rep8,12.198816433252146,37.26762664737628,23.603422057075424,14.473655760624748,12.26193478979527,10.515277833344403,9.392283501886578,7.973607210892563
safmnpp,ami,small,014,014_zoom,ref8,12.847304685701241,37.042683369288326,31.923344537134433,11.82319097714125,11.278784688067505,10.502691361133117,9.309256294352133,7.911502026753411
safmnpp,ami,small,018,018_back,m0,8.731314216850384,38.720007432597654,7.235036220719536,8.732756030901397,12.386691605144266,13.158328289321032,8.667281924683778,4.872678819079801
safmnpp,ami,small,018,018_back,m2,8.384990875895921,38.89577766501859,5.12246175912676,8.35886516673102,12.50931373668793,13.151812772761383,8.602185567994479,4.868519049647971
safmnpp,ami,small,018,018_back,m4,8.385406012970531,38.89556265312356,5.131944730925913,8.366520969547096,12.456309939464658,12.941707489687401,8.608310276203822,5.010131301936214
safmnpp,ami,small,018,018_back,m8,8.301799150931775,38.93908138775203,4.982923077461767,8.28550955534078,12.351991142361953,13.03388454237604,8.494559392446444,4.938851281860402
safmnpp,ami,small,018,018_back,rep8,13.326746879790615,36.88356211797551,32.42924742191184,16.284925250652527,13.066469643745043,13.712945414332046,8.74137378156657,4.931552539863213
safmnpp,ami,small,018,018_back,ref8,15.191069802885478,36.314920015456195,52.93196057471259,10.024737957730736,12.451816931141598,13.276956654484115,8.652048911272994,4.915671613418697
safmnpp,ami,small,018,018_down,m0,13.500960175847345,36.82715704651163,6.681666397035035,10.345734742966709,20.034600576972405,16.1635388247218,19.104093392616843,4.517041520821678
safmnpp,ami,small,018,018_down,m2,13.156289065328801,36.93946953787755,5.614644617840538,10.646204796346739,19.71107561457819,15.398387941526517,18.695435742751496,4.631989315332321
safmnpp,ami,small,018,018_down,m4,13.260819391664725,36.905100007294735,5.547079634000787,10.67548615624451,20.092110108137696,15.311603523262523,18.927313601539627,4.616751140929149
safmnpp,ami,small,018,018_down,m8,13.186514886499166,36.92950331474506,5.493551079425744,10.463186358190544,19.68709661086243,15.363618758760417,18.950110033676214,4.585815212931802
safmnpp,ami,small,018,018_down,rep8,17.334566726802485,35.74167369822736,30.109346232255394,13.711138635414976,20.947301619469698,16.66259299880406,19.1616900725941,4.566475096289046
safmnpp,ami,small,018,018_down,ref8,19.66837152111659,35.19311957667981,51.22749217747775,10.860815359774257,19.77553343069627,16.78059973041768,18.924661817469975,4.581494721956097
safmnpp,ami,small,018,018_front,m0,11.616402944007469,37.480086926596336,5.551973301309782,12.642738138024104,17.319124785594898,9.584286006492409,16.195974074669213,4.381673124377944
safmnpp,ami,small,018,018_front,m2,10.904967185637775,37.7545599779573,4.691080883082753,10.047602014411849,15.749719387098466,9.797668782244612,15.856326993955129,4.451477074455196
safmnpp,ami,small,018,018_front,m4,10.7868847067311,37.80184323972452,4.41272173948151,9.656999878486324,15.44455462755028,9.553090119698213,15.991245326278559,4.3790082984863385
safmnpp,ami,small,018,018_front,m8,10.813998994878139,37.790940359943946,4.469482855364249,9.70846622699228,15.412645640044152,9.751553576588252,15.979782731035678,4.37297925963097
safmnpp,ami,small,018,018_front,rep8,13.499765073297224,36.82754150021676,18.893888562355105,14.476359581414359,15.768444428316478,9.504938615072545,16.253625962484477,4.326110134160599
safmnpp,ami,small,018,018_front,ref8,13.558581507793884,36.80866104637876,21.87817776851164,11.99234404248245,16.075220375787644,9.635429572167345,15.98878918727706,4.348286128490484
safmnpp,ami,small,018,018_left,m0,8.082231155824395,39.05549093545817,5.2225357980768035,7.624780897440029,6.143860379207124,6.298610175423088,12.589735784157273,4.504881772933667
safmnpp,ami,small,018,018_left,m2,8.011389982105902,39.09372487831408,4.283377625549538,7.207483904531625,6.271456700748537,6.495530311942432,12.764745119079226,4.599308487175244
safmnpp,ami,small,018,018_left,m4,7.9103098135771575,39.14886867548229,4.238268101947292,7.1536167503036,6.067131079358958,6.360243929563737,12.646228363811318,4.543267180920439
safmnpp,ami,small,018,018_left,m8,7.9201716856783335,39.14345764968496,4.178089226448575,7.0022907426879,6.029033265270687,6.540607344289771,12.736450516038444,4.500004755456915
safmnpp,ami,small,018,018_left,rep8,8.748409286343522,38.71151267956073,7.605855323691452,8.179022783142635,7.137891137249763,6.8525009261146375,12.819196088315945,4.591311425416906
safmnpp,ami,small,018,018_left,ref8,8.713626856973738,38.72881402631846,9.365648713044749,7.506409531053285,6.061535661531952,6.3238553050397135,12.80517204127506,4.578380434879433
safmnpp,ami,small,018,018_right,m0,9.998980201703707,38.131246524036435,9.307229692956549,8.881931960507465,11.450483970824413,10.38181640559187,12.154654964560287,6.070310693296447
safmnpp,ami,small,018,018_right,m2,9.70474193416602,38.2609636962965,7.284877974277838,8.32161193328969,11.388200477078826,10.341020838773392,12.370509759994434,6.0393035400563475
safmnpp,ami,small,018,018_right,m4,9.675189721507119,38.27420870981014,7.421154142471038,8.423719379085039,11.492120244081965,10.152275568352957,12.212572687840328,6.036494227977158
safmnpp,ami,small,018,018_right,m8,9.698755314699618,38.26364358008102,7.613028169133792,8.207779377673091,11.544321562841873,10.30814298006802,12.200128949315975,6.0702055561191
safmnpp,ami,small,018,018_right,rep8,16.241480814525268,36.02454737424672,42.280559866114835,20.128047211134707,12.280787767637689,10.813759866263366,12.51928164311934,6.170122422478433
safmnpp,ami,small,018,018_right,ref8,20.014492453160884,35.11735779546266,77.5271238993272,11.919202380974259,12.534756171218186,10.611844941042486,12.502716976109397,6.050506615853276
safmnpp,ami,small,018,018_up,m0,11.72046006070686,37.44135701583032,6.452495829940836,7.758144593104618,12.924040128302963,14.268559172036806,17.278193873050068,5.821937819268069
safmnpp,ami,small,018,018_up,m2,11.483157100540879,37.53019054439713,5.165248464023803,7.772541762212369,13.441865727236063,14.100568212506884,17.041025832347184,5.6734436381034925
safmnpp,ami,small,018,018_up,m4,11.666273433192877,37.461482096949496,5.285052258243634,8.041554324431642,13.11461497722408,14.200964180093486,17.53653447146928,5.644488589721019
safmnpp,ami,small,018,018_up,m8,11.594150668802634,37.48841421034261,5.136825680367645,7.777619419260711,12.893046121011565,14.144317641385168,17.482129951841983,5.826793909573841
safmnpp,ami,small,018,018_up,rep8,16.12569061014113,36.05562037762101,30.06040500239959,14.264942806780835,14.241683870685554,15.542835594043625,17.411079913147354,5.815688926829645
safmnpp,ami,small,018,018_up,ref8,19.572537145998453,35.21433234898851,60.891888102736104,10.367845398886494,12.784156260064785,14.910236798350995,17.122544083887483,6.085632584066643
safmnpp,ami,small,018,018_zoom,m0,12.216396236301383,37.26137250338828,18.342438188724202,10.827104618798659,7.912526729037,13.173078908726701,15.70360769668755,4.152726165800293
safmnpp,ami,small,018,018_zoom,m2,11.712203536071296,37.4444174986666,14.804692437096746,10.524994647493674,8.076192715242936,13.50215272336525,15.56739247318889,4.212488861896926
safmnpp,ami,small,018,018_zoom,m4,11.622379272635788,37.47785317219532,14.305273278195825,10.283380865462801,7.9470906438774165,13.603944272592406,15.64112482611741,4.151010547225287
safmnpp,ami,small,018,018_zoom,m8,11.630159500722362,37.474946900080276,14.178360315539653,10.304143638632716,7.977843807509373,13.618001619627925,15.683523042749114,4.169635021911705
safmnpp,ami,small,018,018_zoom,rep8,16.79714197613627,35.87844967807759,44.14224760198954,16.458070810293613,8.576930997837373,14.425966275428102,16.049079715294116,4.115810182248413
safmnpp,ami,small,018,018_zoom,ref8,19.92151480814125,35.137580022920616,70.50598764741643,12.685217209855098,8.311721390102635,14.094034689723083,16.17209161151101,4.187594809938966
safmnpp,ami,small,019,019_back,m0,7.615097183943492,39.31404910690128,6.584863043359645,8.53691794531275,15.025567122377813,7.262797396104608,5.021823164276538,7.924018469724924
safmnpp,ami,small,019,019_back,m2,7.105611857046686,39.61478880335871,4.798692968119129,6.730767590006241,14.699978327349967,7.149694913415477,4.988286849134472,8.080144019370614
safmnpp,ami,small,019,019_back,m4,7.157327016018079,39.583295004224965,4.6861808883271285,7.0619815736279765,15.21327533847201,7.266193375321934,5.025621548712123,7.737583271871275
safmnpp,ami,small,019,019_back,m8,7.16669970401296,39.57761153638834,4.787611474952113,7.034754312648472,14.956669183613394,7.150140640932778,5.063585338814213,7.901751351236543
safmnpp,ami,small,019,019_back,rep8,9.958681109726957,38.148785349637905,21.911420798787454,9.907809058702089,15.854646224945123,6.626542043529704,5.121846080369969,7.940754463069491
safmnpp,ami,small,019,019_back,ref8,12.873279136928918,37.03391174516718,42.689031576873916,9.58023616982599,15.720142114644426,6.934738543074272,5.274029682908959,8.146895617462333
safmnpp,ami,small,019,019_down,m0,9.149696006321358,38.51673695759969,11.250769927925576,12.330722094984282,6.14452894743377,12.518206006734726,7.245590775885439,8.759673699757368
safmnpp,ami,small,019,019_down,m2,8.773841965225943,38.698905532572056,9.46795952269425,12.33971704042995,6.169969229734897,11.995530120799389,6.933823877586855,8.90131398256512
safmnpp,ami,small,019,019_down,m4,8.82936118407306,38.67151077932261,9.286442754011988,12.374101835367481,6.0202089544059065,12.7258097038889,7.135863600835922,8.604196763079827
safmnpp,ami,small,019,019_down,m8,8.86112108927674,38.655916895355276,9.356897552657331,12.213353307448596,6.420051310629053,12.516588477021667,7.147478541327156,8.684824055126816
safmnpp,ami,small,019,019_down,rep8,14.012085684436807,36.665775764868634,32.793332884827755,24.366684788802733,8.516788742063868,12.91076019701341,7.2900905445240936,8.95979286582204
safmnpp,ami,small,019,019_down,ref8,13.948498319784438,36.68552906414995,44.04514882862681,14.354512351462356,6.832191185736014,12.523775699656932,6.999571396377246,8.987379447018995
safmnpp,ami,small,019,019_front,m0,9.128204477536723,38.52695000878519,11.219160461374429,12.949677915395931,9.390251027808178,8.460601724137502,6.382459789476104,10.16164073377547
safmnpp,ami,small,019,019_front,m2,8.454203508443713,38.86007662971036,8.071479917362675,12.054085782671184,9.551591142441794,8.518429639409797,6.081981842764096,9.861984524814854
safmnpp,ami,small,019,019_front,m4,8.337695815597565,38.9203431416701,7.715744089304018,11.6002402042504,8.970692113004436,8.407451569003518,6.156878475725149,10.119849583094062
safmnpp,ami,small,019,019_front,m8,8.53371401894292,38.81942276138393,7.552710555734523,12.460735210710506,9.740946851039778,8.359768171201637,6.211303301623277,10.148788892320624
safmnpp,ami,small,019,019_front,rep8,13.191375504958245,36.927902777501195,32.74183715944057,19.401856474335574,11.179302635058031,8.531263522368866,6.404149881778032,10.509656708889073
safmnpp,ami,small,019,019_front,ref8,16.61207570118158,35.926564593468456,64.24516838894897,14.716765526074246,9.190961488610151,8.397612025832121,6.319356572882214,10.342112145044457
safmnpp,ami,small,019,019_left,m0,8.245532257672712,38.968616658225635,9.366494184709975,8.012411279884882,11.722282711596293,10.598352614265293,6.228051431633675,7.597166949253049
safmnpp,ami,small,019,019_left,m2,7.6841911611961145,39.27482200511159,6.390659854904458,7.455380737311933,10.903259807444584,10.367990245734406,6.2165019013498615,7.841679769443181
safmnpp,ami,small,019,019_left,m4,7.621845551853564,39.31020216832883,6.523554361990699,7.288009074083295,10.81334113703783,10.5561447037209,6.0867362263978535,7.69598056528889
safmnpp,ami,small,019,019_left,m8,7.639148572824531,39.30035404220203,6.566444038436264,7.309644912486111,11.112191070481728,10.411346840018675,6.095554967719378,7.617643168846115
safmnpp,ami,small,019,019_left,rep8,16.219094833618076,36.0305374772114,56.61146968440335,18.101663130926937,12.859085145334936,11.403388582040732,6.237805175928626,7.479655812072581
safmnpp,ami,small,019,019_left,ref8,24.83082936483939,34.180891353706194,126.32478527569263,11.007565431276786,11.497302096819764,11.705236227237629,6.3489906767946325,7.694908004158555
safmnpp,ami,small,019,019_right,m0,11.275985809754712,37.60925840205159,9.522967083036255,18.260762583696764,19.49672293438041,8.09137633510636,7.62603656277688,10.954891211737012
safmnpp,ami,small,019,019_right,m2,10.220383389659428,38.03613173396956,5.513422351684071,16.57405335482541,18.47036583069069,7.560996705688305,7.325076796212475,10.886696355937257
safmnpp,ami,small,019,019_right,m4,10.540137271387614,37.902340938416714,5.408495697065699,17.53734561081223,19.138058433332702,7.929385240352314,7.5449091830957435,10.999039884051928
safmnpp,ami,small,019,019_right,m8,10.399521942852266,37.9606698525694,5.450108080881736,16.712536611623467,18.904982950100738,7.85564119646351,7.471616756207608,11.104440600784194
safmnpp,ami,small,019,019_right,rep8,15.13442906629091,36.33114318663277,32.53312728109622,21.00902329940985,20.070657966920056,8.191662318729259,7.982131625752087,11.82122353052023
safmnpp,ami,small,019,019_right,ref8,20.764019328100087,34.95768936399718,71.40039324533319,22.122237645621837,20.67402721110177,8.259546403998408,8.083950177505438,12.05209631255953
safmnpp,ami,small,019,019_up,m0,9.287615727103931,38.451761225967736,10.758021695618051,11.225020652527869,9.817556094725887,8.706111606489365,7.526505539930828,10.073341265408017
safmnpp,ami,small,019,019_up,m2,8.68685561873872,38.742177575552404,8.173574117847876,10.631667307927955,9.509566641046804,8.480546673770641,7.2091524552508,10.050309104213882
safmnpp,ami,small,019,019_up,m4,8.567845837474229,38.802087172990824,8.00281999178896,10.263290657801436,9.169537284114135,8.402103650760164,7.346272319174574,9.790398364791125
safmnpp,ami,small,019,019_up,m8,8.60491517014338,38.783337675895986,7.8964126364563025,10.702948011307397,9.455554508629437,8.268197392317946,7.216651360658426,9.90168192310019
safmnpp,ami,small,019,019_up,rep8,13.307727067159151,36.889764756776046,31.469823549959763,18.33642026998495,10.90147826784881,8.738263061015944,7.652788121083412,10.627985479933079
safmnpp,ami,small,019,019_up,ref8,16.671499086043035,35.91105707919039,60.981609661497934,13.610270438764806,9.445830355182922,8.787499381844528,7.777012297347185,10.854776679954824
safmnpp,ami,small,019,019_zoom,m0,7.3527619215431415,39.46629856889099,13.470836187625197,7.783400024351545,6.124923291558807,6.4509060109589305,4.726835647460341,8.613019523398451
safmnpp,ami,small,019,019_zoom,m2,6.487678231998566,40.00991058741999,8.594504777229206,6.492744183605354,6.023156155128407,6.100343440709537,4.698595102673329,8.771141844196462
safmnpp,ami,small,019,019_zoom,m4,6.383006630804826,40.08055065283405,8.006183633687826,6.436064325873205,5.919150361865448,5.837205871947839,4.7364492290830755,8.835162583970828
safmnpp,ami,small,019,019_zoom,m8,6.254869766610035,40.16862089241578,7.778493523643799,6.215944897614287,5.750557096285594,5.839286232288552,4.718335460963736,8.590460211714243
safmnpp,ami,small,019,019_zoom,rep8,10.709020862180715,37.83330596253717,29.05839753152465,14.257343782388874,7.511695225688437,6.930813985078346,5.02213305493439,9.05695960656334
safmnpp,ami,small,019,019_zoom,ref8,12.128208553160649,37.292837045136295,45.886750593701876,10.062894869431979,6.1567243204282,5.672597028000354,4.88207422324105,8.976408225811465
safmnpp,ami,small,020,020_back,m0,6.697731304656323,39.87152640065637,9.975764634341475,7.733245675255522,5.544828544673355,5.672500834332828,5.779392497923114,6.530049876261955
safmnpp,ami,small,020,020_back,m2,5.854101318513193,40.45620126253155,5.866767680449054,6.723582095907888,4.812872961233241,5.4032320338837865,5.637197757195547,6.595681559060399
safmnpp,ami,small,020,020_back,m4,5.572629881592354,40.670201614722046,5.076652186882336,5.919569363636298,4.566832179849428,5.166459052479947,5.672965940555797,6.437046548023656
safmnpp,ami,small,020,020_back,m8,5.646621988640416,40.61291645867446,5.010483095474618,6.4179653723054475,4.423823496763176,5.336384701248131,5.6572829360141785,6.568966453629855
safmnpp,ami,small,020,020_back,rep8,9.46363353585479,38.370224462849684,21.342036776919564,15.370894531920747,6.853390815062268,6.293397279501906,5.770373151356256,6.612207214664674
safmnpp,ami,small,020,020_back,ref8,10.11380037144294,38.08165983692839,33.000587495722776,9.819335057822734,5.889110501805528,5.506138017150734,5.679282632382932,6.534200193556746
safmnpp,ami,small,020,020_down,m0,9.474725512575024,38.36513723768778,8.834781474319463,10.688580819154415,8.726086771931769,7.030360708770939,9.388818257911888,11.250926731361496
safmnpp,ami,small,020,020_down,m2,9.212861642926907,38.48685811811394,7.651376274148,10.673229746458194,8.407243917744468,6.838755473408992,9.331862137015094,11.135782397642794
safmnpp,ami,small,020,020_down,m4,8.97060053403639,38.60258843142867,7.253311500036766,10.344980755334545,8.328229950803506,7.00158842056307,9.026685567690725,10.839255684140415
safmnpp,ami,small,020,020_down,m8,9.11339070341243,38.53400371402182,7.387778580732436,10.948454781116165,8.48018698364493,7.196033742933803,9.058029167084298,10.828635155912572
safmnpp,ami,small,020,020_down,rep8,12.291268786181718,37.234836449142364,13.959389264782581,25.649091951103777,10.22349633936779,7.169701416749371,9.123041269570558,11.839316460954143
safmnpp,ami,small,020,020_down,ref8,11.553408188530875,37.5037024338158,20.651560955213252,13.812909089246572,9.084467586418867,7.624949305596787,9.29926653412614,11.149713785448805
safmnpp,ami,small,020,020_front,m0,8.487734271583724,38.84288586368518,8.295026543042665,5.936467617583177,10.56482646574773,9.451312048553888,8.322491641729467,8.818743284916321
safmnpp,ami,small,020,020_front,m2,8.080075394895768,39.05664947688073,6.208444485570472,5.347997796348813,10.334226298597983,9.262897435647705,8.284980689686703,8.896309183566599
safmnpp,ami,small,020,020_front,m4,8.175720633324607,39.005543177884306,6.156903602473044,5.448775126421428,10.384568771823817,9.625022552938619,8.375876987903519,8.979049254893251
safmnpp,ami,small,020,020_front,m8,8.023174591716652,39.08734117912066,6.112130464587092,5.378948427465231,9.91563542783764,9.230224157361297,8.34185554567232,8.8180262708859
safmnpp,ami,small,020,020_front,rep8,10.893228996881307,37.75923727423864,15.184702810116168,13.385303577480784,14.363149689517641,9.491704604508886,8.356354601156147,9.090664914994354
safmnpp,ami,small,020,020_front,ref8,11.073092281329233,37.688114415987506,23.354507638001653,7.958738055441926,11.739118083632766,9.712445966643303,8.438567468844328,9.133949692524272
safmnpp,ami,small,020,020_left,m0,8.018410763289994,39.08992060554699,6.455769980431983,6.068925358425438,8.010469316847157,5.900388169746678,9.561270136531682,9.027111231030252
safmnpp,ami,small,020,020_left,m2,7.358717892209167,39.46278206970981,5.048107805367261,5.060997301542869,6.903076923709633,5.34111811813129,9.204695350343698,8.865215917471705
safmnpp,ami,small,020,020_left,m4,7.308610117403507,39.492455660897676,5.053342910718535,5.097301188066608,6.799008642332217,5.174175784771547,9.202543772864464,8.726443897909276
safmnpp,ami,small,020,020_left,m8,7.302259980126629,39.49623069925461,5.084761815058159,5.252470685514622,6.590518941610347,5.001412265918921,9.211006156631734,8.782542338916702
safmnpp,ami,small,020,020_left,rep8,7.879428714648391,39.16585630062345,7.21052368136423,6.748748828541971,6.560693879491873,5.362884744674228,9.298706164096497,8.952477458855066
safmnpp,ami,small,020,020_left,ref8,8.341445479445465,38.9183904531992,10.398632797146874,6.2343100618238445,6.789568051556284,5.166573229322309,9.546750464289287,8.961328389589701
safmnpp,ami,small,020,020_right,m0,8.916025229431908,38.629090721467946,11.484944026031965,10.023963766493628,13.828737121900318,8.941900964438403,7.128275543755755,6.203705750770439
safmnpp,ami,small,020,020_right,m2,8.451198689196763,38.86162048701296,9.312646578321415,9.569200645654194,13.245333573387759,8.770436379382666,7.094436058015468,6.145332043426509
safmnpp,ami,small,020,020_right,m4,8.434236258584582,38.87034598625575,9.015164800279987,9.688575766406707,13.109426885806927,8.579966483258984,7.135455621983766,6.323892284191119
safmnpp,ami,small,020,020_right,m8,8.309586726437207,38.9350093598765,8.874444741976182,9.427233927884366,12.756253491022292,8.389150437343014,7.172151283226832,6.198485461871038
safmnpp,ami,small,020,020_right,rep8,13.200731984939635,36.92482347222196,35.4092905541158,17.051255046110345,14.105169894344455,9.051624044553416,7.2138927067776155,6.387556880784857
safmnpp,ami,small,020,020_right,ref8,16.27558581767248,36.015437315045595,61.72901961460122,12.521005721550855,14.441230400543631,9.151025617848378,7.083868597730891,6.5734903051282565
safmnpp,ami,small,020,020_up,m0,8.025927018612238,39.08585154580244,13.046556940835854,7.664058993082248,6.750288050467667,7.376764935036861,5.490909963408687,10.417843453875793
safmnpp,ami,small,020,020_up,m2,7.847883066659564,39.183278374291014,11.804212256089423,7.672803370387609,6.678311821403096,7.375247592807781,5.501861585322646,10.397105451127329
safmnpp,ami,small,020,020_up,m4,7.847653695425952,39.18340530803349,11.247190541211456,7.668063042177518,6.583166033259263,7.492542991870772,5.718136950123939,10.415698233015304
safmnpp,ami,small,020,020_up,m8,7.7131128607702255,39.2585067472111,11.001255725110832,7.630447284788062,6.6822318882762906,7.407848793812814,5.467522728698829,10.330845820986099
safmnpp,ami,small,020,020_up,rep8,12.578693999847323,37.1344480863809,38.02244832724133,14.527348077873304,8.006653780026133,7.58760190267655,5.6273505227042735,10.610200129388575
safmnpp,ami,small,020,020_up,ref8,14.861205048286136,36.410263344445454,61.30945214932741,9.5745504529737,6.770882569673442,7.128799050962468,5.441278523624028,10.46503215255881
safmnpp,ami,small,020,020_zoom,m0,8.025139009267209,39.086277969953855,10.60081473774932,6.569594470342197,7.303202008026333,6.81059687250167,8.046766581903114,8.255721723543111
safmnpp,ami,small,020,020_zoom,m2,7.543485239954533,39.355083159576665,6.809831307960254,6.202105572290311,7.608559709489892,7.043535861879031,8.055605875750212,8.377681830782752
safmnpp,ami,small,020,020_zoom,m4,7.282138160026514,39.50821446560025,6.560048170759392,5.93803539294725,7.437597410107592,6.537429481721355,7.985396593442524,7.83758780147149
safmnpp,ami,small,020,020_zoom,m8,7.321379878502592,39.48487419544145,6.461974366806181,5.8291902798309,7.487215708651333,6.42579501207534,8.005017621059146,8.212927782306686
safmnpp,ami,small,020,020_zoom,rep8,12.07611416562022,37.3115315074801,22.893012434865835,20.836282420901153,10.537027677415567,7.147364967834321,8.198073891615136,8.699441124630372
safmnpp,ami,small,020,020_zoom,ref8,11.07071805216758,37.68904570523909,29.612732421089884,9.331662624434726,7.866067646433464,6.6687647307758935,8.033161655682058,8.469258512180952
safmnpp,ami,small,021,021_back,m0,6.69748462864632,39.871686353329785,11.214710526994404,7.062669731106848,5.573233342529195,4.3115931776673095,5.448362305402472,7.487340821735513
safmnpp,ami,small,021,021_back,m2,6.449032459481043,40.035857980198806,9.633022559765738,6.582129022657538,5.512079254789505,4.345417524249274,5.502120828176904,7.575259208531516
safmnpp,ami,small,021,021_back,m4,6.319148136069568,40.12421824474725,9.285562582025223,6.384154707704034,5.476205115963812,4.347795889616429,5.392578319267822,7.48185241656322
safmnpp,ami,small,021,021_back,m8,6.341262119946125,40.10904655482021,9.271106097644742,6.5341751940951065,5.527654932205881,4.357014720686832,5.37291529682898,7.50726845211283
safmnpp,ami,small,021,021_back,rep8,8.796188240423556,38.68785846079287,20.627326054238985,11.874315123210089,6.3989875699384555,4.5025081077336635,5.580229706587083,7.667738284101849
safmnpp,ami,small,021,021_back,ref8,9.255671119942997,38.46672446355886,28.680419769547854,8.646677270666006,5.619806166744792,4.261701990377969,5.36300909458134,7.415948212833167
safmnpp,ami,small,021,021_down,m0,6.661348613074495,39.895181983756174,7.611985948575834,7.203245914268948,6.42595730395518,4.983373506626296,5.811536069478519,8.318151988078862
safmnpp,ami,small,021,021_down,m2,6.271004356526286,40.15743258383955,6.443737311885042,6.747348018375449,6.015584935737187,4.812064894142124,5.637966732953102,8.050221987533037
safmnpp,ami,small,021,021_down,m4,6.29473459821318,40.141029369818284,6.220982382600023,6.600455753919102,5.960411916280997,4.894591454607089,5.695603351788208,8.341515994641481
safmnpp,ami,small,021,021_down,m8,6.231534972352401,40.18485324174628,6.174597144011061,6.596285387223184,5.852157539640643,4.725429338262033,5.631085644416122,8.319887334620574
safmnpp,ami,small,021,021_down,rep8,7.448621478764639,39.41004455846023,9.782335427653313,10.627100461663973,6.549397686411563,5.074059459770665,5.653316906504682,8.779677096091104
safmnpp,ami,small,021,021_down,ref8,7.095314326134235,39.62108721175638,11.303335032952608,7.113564770600627,5.8404682655831905,4.775548923239324,5.80969740804829,8.491814420570812
safmnpp,ami,small,021,021_front,m0,6.062428001959395,40.304337669544836,8.569736338283027,5.6496137651339975,4.913868239245513,3.608611295451301,4.945100825799568,8.786210962169896
safmnpp,ami,small,021,021_front,m2,5.836872769856238,40.46900134056223,7.104676895902592,5.590831362827554,4.73943007301047,3.633446050998249,4.968844016904036,8.746276347449898
safmnpp,ami,small,021,021_front,m4,5.767106769974927,40.52122369023216,7.033921074530093,5.498846713431178,4.455368708566446,3.4858639534750506,5.043741406933168,8.610491799592523
safmnpp,ami,small,021,021_front,m8,5.745328182736256,40.53765519509295,7.058640839923382,5.517825982568954,4.509722000993818,3.580919553562047,4.973886716365477,8.4917687582911
safmnpp,ami,small,021,021_front,rep8,7.330841780595221,39.47926514510908,12.326061267858304,10.279422995656024,5.471978224866366,3.853991730794274,5.306661026631067,8.50357679358768
safmnpp,ami,small,021,021_front,ref8,7.179240884051644,39.57001835469157,16.46057507460748,6.375206124611557,4.640681836976914,3.499355224174858,4.981351832504515,8.633877094111817
safmnpp,ami,small,021,021_left,m0,5.37029162155986,40.830824911468504,7.2914387194168615,6.619469172379643,5.142949820507589,3.897052617125178,4.350993139040968,5.9510978180263
safmnpp,ami,small,021,021_left,m2,5.050247806993351,41.09767672141457,6.105725774376002,6.175758344083544,4.869594920594905,3.727932203264393,4.264973009713514,5.828265632536945
safmnpp,ami,small,021,021_left,m4,5.059224465676935,41.08996412425489,6.260040624856183,6.181679416089631,4.813975239164054,3.75362060826626,4.222821757264654,5.8558347241111
safmnpp,ami,small,021,021_left,m8,5.0474069500154455,41.10012039486473,6.259387797248901,6.134828392304614,4.741577633695845,3.7502217677916616,4.2379292583806345,5.845019155840603
safmnpp,ami,small,021,021_left,rep8,5.691161301925959,40.578794660795424,8.956846862108643,7.6167930188116335,5.427772188106079,3.7668730687532443,4.274489867966046,5.7879312198873025
safmnpp,ami,small,021,021_left,ref8,5.78970710673445,40.50423766941242,10.91256622504333,6.813682901872256,4.848774862950369,3.711273020487181,4.233684202423003,5.9023197527123585
safmnpp,ami,small,021,021_right,m0,6.917297648574551,39.73143897267836,8.378268310362547,9.542329558538476,6.3771258069840355,5.401197217927905,5.440904406916949,7.960493924018708
safmnpp,ami,small,021,021_right,m2,6.524768963577435,39.9851522257711,6.673645974620148,8.658632534476059,6.221388077791147,5.380704625643087,5.3700667689509975,7.950360540673659
safmnpp,ami,small,021,021_right,m4,6.507647318119233,39.99656352550396,6.401222796677272,8.550845282202888,6.171606736126012,5.417056800305815,5.416818445486305,8.065732546812885
safmnpp,ami,small,021,021_right,m8,6.612910975248861,39.92687684711398,6.5892585344510755,9.110857149481632,6.3276143266164775,5.294212178201476,5.410822389362056,8.09391610732687
safmnpp,ami,small,021,021_right,rep8,8.059753814804601,39.06758584385991,15.140111588893273,10.644745504323595,6.9184731761891785,5.429686313432779,5.438749347297411,8.004773885511884
safmnpp,ami,small,021,021_right,ref8,8.980284472541799,38.597902666395434,24.139563794888854,8.924182695255688,6.2411480290949415,5.149495354818338,5.4832304059992945,8.002927165354372
safmnpp,ami,small,021,021_up,m0,6.432067250692836,40.047297843233935,10.773820903027834,5.061436646618146,3.8103112442295615,4.556769340613891,5.10718986368827,9.44144652662972
safmnpp,ami,small,021,021_up,m2,5.968068611997019,40.372465535010846,8.342359919853635,4.698624398630555,3.798728425321691,4.381600064386992,5.016229318067723,9.251872429840446
safmnpp,ami,small,021,021_up,m4,5.893493669922612,40.427075394667256,8.152254035650797,4.640453818484327,3.69309252881722,4.291505611488873,5.0264476903125015,9.125333591660539
safmnpp,ami,small,021,021_up,m8,5.909493178070224,40.415301252329996,8.1738150967162,4.584389940652947,3.708342301984301,4.312486724950455,5.01013902891541,9.247535277736509
safmnpp,ami,small,021,021_up,rep8,7.646354622481712,39.29625925017027,17.41125012197255,7.713488374511328,4.1316565358514445,4.492912729024554,5.029893704046185,9.215389807211888
safmnpp,ami,small,021,021_up,ref8,8.341273754644044,38.9184798620451,24.892459584538578,5.752712723453053,3.8688679798854686,4.386423013163829,5.00464434693072,9.038624815899473
safmnpp,ami,small,021,021_zoom,m0,4.214200571505147,41.883651592054676,4.1092219460077075,3.2367528839977036,3.0246377926442647,3.42730806771872,5.158066674190985,4.492847465462021
safmnpp,ami,small,021,021_zoom,m2,4.142574223619489,41.95810062335477,3.3632331280330114,3.13719192441584,2.9321418859570527,3.3607785520373934,5.285545257664105,4.600611474158016
safmnpp,ami,small,021,021_zoom,m4,3.9752621490488136,42.13714587339237,3.286121103549879,2.990371281251414,2.913608879568104,3.3437057583342833,4.982193608484378,4.414309139558282
safmnpp,ami,small,021,021_zoom,m8,3.937130997865145,42.17900495810091,3.160054239829383,2.9321194212667185,2.8618506318927506,3.2909132797419587,4.971865634577015,4.424631372926278
safmnpp,ami,small,021,021_zoom,rep8,5.430399737127762,40.782485612534515,9.784216843467622,6.145792162207711,3.644779310421532,3.4518610412850936,5.076774524498142,4.594904569869641
safmnpp,ami,small,021,021_zoom,ref8,6.257429540384524,40.166843927825326,17.341964470661765,4.556675381842727,3.1630774296612767,3.380210155865249,5.200323446032719,4.682405140579764
safmnpp,ami,small,022,022_back,m0,5.259607055936175,40.92127061545578,3.976978825947,4.407319175620507,5.096141262376011,4.318935769401343,5.857409167237843,6.427398142286201
safmnpp,ami,small,022,022_back,m2,4.969446806699264,41.167723146234216,3.715111354352215,3.8919646297557877,4.759971187930092,4.2395779188341445,5.622494557719697,6.075369378375687
safmnpp,ami,small,022,022_back,m4,4.798285053039956,41.319943162179634,3.6080497337116912,3.720309336418435,4.608320383872457,4.139757369363005,5.3805679885751445,5.931770582425269
safmnpp,ami,small,022,022_back,m8,4.885558240368631,41.24166166024971,3.550104234490237,3.729943461779843,4.53014502086334,4.202063275897687,5.587334500182455,6.087911496675617
safmnpp,ami,small,022,022_back,rep8,6.136255188045385,40.25176948575054,9.470159288552969,6.311621122843525,4.649560886586738,4.157268533139548,5.827147090692422,6.200946608711315
safmnpp,ami,small,022,022_back,ref8,6.894840867141999,39.74556113752655,16.010829177177303,4.965156187770077,4.950262890508758,4.406741715183233,5.707648192209824,6.257654302151997
safmnpp,ami,small,022,022_down,m0,6.256067146635159,40.167789594899304,7.06365999466201,5.463917877256038,6.636408510868385,6.285466134689957,6.628867859294251,5.224341099954165
safmnpp,ami,small,022,022_down,m2,5.662963180633099,40.60036622921384,4.40819165771858,4.59614302213917,6.307489584960083,6.0625704737018316,6.5071626413955,5.14089010505659
safmnpp,ami,small,022,022_down,m4,5.551200485154977,40.68693448429906,4.443548391029953,4.648636693371537,6.19264600853563,5.749816098708123,6.321612188836281,5.060330632717105
safmnpp,ami,small,022,022_down,m8,5.463764220130945,40.75588411062928,4.376786883839517,4.4942867499717165,5.8575855868386855,5.446508263088924,6.3116470459491065,5.155810490647708
safmnpp,ami,small,022,022_down,rep8,7.339758180987166,39.473986091797556,13.817543874232266,7.545206916534303,6.597918751941769,5.982558534064171,6.422935419096657,5.208836508844436
safmnpp,ami,small,022,022_down,ref8,7.922996157535937,39.14190915563732,20.533460390839796,5.925552260978422,5.949060476410484,5.716093403765039,6.306927801154811,5.274649155921342
safmnpp,ami,small,022,022_front,m0,6.517693431643449,39.98986431875446,6.486872459756008,4.748187371632285,5.058082050596434,6.625748641822704,8.218935388582267,5.513225382267997
safmnpp,ami,small,022,022_front,m2,5.9649753014853975,40.37471711093035,4.881700423171418,5.2400036574767075,4.762205432260759,5.859931706442277,7.495594014729194,5.305984267840374
safmnpp,ami,small,022,022_front,m4,5.990512504572922,40.356163818197295,4.355120359019169,4.912522392702537,4.630048213540856,5.733632923428849,7.748775075558562,5.783828113657666
safmnpp,ami,small,022,022_front,m8,6.027046276967781,40.329758347800244,4.1543246865278975,4.626773871589531,4.834385272669316,6.349427491240073,7.964440942594583,5.43348869915393
safmnpp,ami,small,022,022_front,rep8,11.304603815036762,37.59825014350916,33.8802742282851,11.711290358667485,6.100721698275122,6.499408636693536,8.015476875689593,6.070589228816919
safmnpp,ami,small,022,022_front,ref8,13.454802404502944,36.8420303671419,55.152149995096536,7.3619342369759755,4.823664218406232,6.210627095185692,7.872720404684255,6.148957656671049
safmnpp,ami,small,022,022_left,m0,5.755048492145732,40.53031373513293,4.7932574012901625,4.621009877071133,3.8185526328139416,4.447900857070817,5.731780988139439,9.455895531143911
safmnpp,ami,small,022,022_left,m2,5.409069823367819,40.79957773268029,3.7751589010681075,3.9006511009939784,3.4803907548217623,4.066323845751022,5.5712357486634625,9.569342568886787
safmnpp,ami,small,022,022_left,m4,5.293236399892949,40.89359070527426,3.859141815592637,3.9281370634167057,3.4624145097486836,4.068808330132018,5.431564545656071,9.102071402534662
safmnpp,ami,small,022,022_left,m8,5.2969512972494,40.890543810289856,3.7862397743733776,3.871347920493662,3.3692852580189405,3.941373959052571,5.497021476906103,9.237160313954485
safmnpp,ami,small,022,022_left,rep8,6.936891632743211,39.71915450809671,12.83221659688836,5.271600529132451,3.7038956448591587,4.583662069861197,5.796259602359906,9.302291684312703
safmnpp,ami,small,022,022_left,ref8,8.01009540817703,39.094426718750526,21.59334630597179,4.946525699873818,3.6231463982835024,4.22607453991379,5.5516270392071405,9.53878628892199
safmnpp,ami,small,022,022_right,m0,6.370185896669635,40.08928254636199,6.573951357325522,5.164335308667319,5.480691114416089,8.197923008426294,5.893048402939523,7.459899515524679
safmnpp,ami,small,022,022_right,m2,6.162033963924443,40.23356273134259,5.6430249895352675,4.936090192184005,5.377073832124783,7.881263390232877,5.887213787218859,7.442882773605946
safmnpp,ami,small,022,022_right,m4,6.024750088864831,40.33141324106979,5.101621311213778,4.85641052798501,5.374076028567437,7.86148939574532,5.7664997780309895,7.385676983019632
safmnpp,ami,small,022,022_right,m8,5.925145646459309,40.40381330628611,5.183278590901587,4.838999557253292,5.31076086844597,7.613625735351722,5.619956156416014,7.24080214408719
safmnpp,ami,small,022,022_right,rep8,9.222057317151593,38.48252543738664,23.704865568599846,10.40275274069545,5.477821472213901,7.710913845832807,5.71553544591635,7.147990423785564
safmnpp,ami,small,022,022_right,ref8,10.872632307763968,37.76745659620701,37.72991831558237,7.264923046804214,5.398735667302749,8.13011299472751,5.805054383586849,7.4865399652071325
safmnpp,ami,small,022,022_up,m0,6.375917952291295,40.08537641108526,6.029024845413372,4.672276964309788,5.422387802059634,6.878342576535858,7.157643390367169,6.728188084600214
safmnpp,ami,small,022,022_up,m2,5.950031775688435,40.3856107581679,3.9489189314185302,4.07676602851236,5.013902517178938,6.811688808845349,7.148496996862245,6.693117372940996
safmnpp,ami,small,022,022_up,m4,5.993077596523276,40.354304600238024,3.970084242451804,4.221240014984695,4.961884612326719,6.727676306118767,7.169287822108977,6.862987477184195
safmnpp,ami,small,022,022_up,m8,5.979755493163449,40.363969344281344,3.958668668087694,4.184914579131038,5.053736700942095,7.198805492411429,7.1553111452939895,6.499862758495231
safmnpp,ami,small,022,022_up,rep8,8.669490941772857,38.75086763699618,17.081908284069065,9.974282963656588,5.6862043773287,6.870612870626965,7.2635235040628165,6.928038239630671
safmnpp,ami,small,022,022_up,ref8,9.422895453481377,38.388959881969484,26.43861726210609,6.48435637998062,5.634790215004684,6.751842730218326,7.011173703305515,7.023911284501214
safmnpp,ami,small,022,022_zoom,m0,4.925010632118148,41.20673188477882,6.028032251661828,5.157355445867131,5.101448183539954,5.222349347584932,4.937889646259032,3.5756412865439984
safmnpp,ami,small,022,022_zoom,m2,4.565757572725804,41.53567512763747,3.9092378750468058,4.682053989174955,5.11120700362583,5.086768623448214,4.899766505952734,3.6794577891260576
safmnpp,ami,small,022,022_zoom,m4,4.453117503814922,41.644162059151874,3.8795226072092035,4.50785882920806,4.97529370137381,4.9885757081924345,4.747481487814569,3.6283486842328077
safmnpp,ami,small,022,022_zoom,m8,4.573727105343572,41.52810112311008,3.8790923120267697,4.674521513454134,5.42619255996783,5.412341495464081,4.767011041371394,3.595313895856642
safmnpp,ami,small,022,022_zoom,rep8,7.010847495319444,39.67309840719591,12.568148323862378,12.941124814545683,6.88228956102824,5.0844609670717,4.786896028645876,3.869263058629374
safmnpp,ami,small,022,022_zoom,ref8,7.271639311373949,39.51448032040809,21.561694307685134,6.535163323246356,5.431084728042822,5.149960275075299,4.877252039898453,3.7354009517477067
safmnpp,ami,small,023,023_back,m0,7.318886308611328,39.48635359976463,14.74644544798806,9.515665393925422,6.9471320816208015,5.772532148247482,5.111103086894273,5.318420751161933
safmnpp,ami,small,023,023_back,m2,6.984090976327295,39.68970472916733,12.236431989882062,9.287611935983834,7.13792566655367,5.823097873534227,5.148758680462643,5.3089609342219335
safmnpp,ami,small,023,023_back,m4,6.911198825924408,39.73526973649231,12.249269854721334,9.14783647514207,6.973106417347715,5.830594766241151,5.11065564254249,5.164139823226343
safmnpp,ami,small,023,023_back,m8,6.8566009697753305,39.76971485088873,11.987384232619718,9.020174692457912,6.865167515625001,5.901703631992765,5.108220558405887,5.183744418513012
safmnpp,ami,small,023,023_back,rep8,11.129527425949396,37.66603636844047,33.59151614244153,18.20453353718409,7.694345990961829,6.07979892304852,5.140709995504464,5.237641976502006
safmnpp,ami,small,023,023_back,ref8,12.059892401639454,37.31736927821879,47.48899084516064,11.222985777175692,7.312040729510525,5.869785498800625,5.137652367694288,5.1317793493973465
safmnpp,ami,small,023,023_down,m0,5.0750751230885545,41.07637885651851,9.646978611154458,5.669604026120241,3.7750266159447996,3.5602906576230735,4.317063384075667,4.3139687764190455
safmnpp,ami,small,023,023_down,m2,5.013713454693723,41.129208514693715,8.847757423446769,6.0405178425612185,3.4347611130897673,3.543014582119966,4.388035281379312,4.4233301761064245
safmnpp,ami,small,023,023_down,m4,4.892484813042799,41.23550874646598,8.577813127780525,5.726714881088885,3.6436879180065964,3.572301156963962,4.2695016246979,4.2396750391595175
safmnpp,ami,small,023,023_down,m8,4.874020660925023,41.25192995045321,8.500204429812394,5.690158589572298,3.4758291916143134,3.3935081329731234,4.306128317666109,4.373793398323061
safmnpp,ami,small,023,023_down,rep8,6.608144064881159,39.93000858350241,16.005860842046776,9.847935797365333,4.452943699039432,3.6758491142707994,4.375211893636048,4.405478246355368
safmnpp,ami,small,023,023_down,ref8,6.8966580135685716,39.744416698220476,21.795731208078653,6.736639192878377,4.024286910258436,3.550128414187145,4.2680947251075905,4.349138601703132
safmnpp,ami,small,023,023_front,m0,5.585828118875104,40.659927929423354,10.699701609333525,6.066980377147323,6.027603451391651,4.2856750564523045,3.860462804359321,5.019916572543552
safmnpp,ami,small,023,023_front,m2,5.227865174782878,40.94755982151227,8.528351390632105,5.7042558158193035,5.843673933081838,4.298517360790343,3.861403735411376,5.055249865760583
safmnpp,ami,small,023,023_front,m4,5.174037012535481,40.992508297455174,8.376423197619868,5.56965780400469,5.816354121373901,4.306702131805501,3.8950545220602533,4.91524846686022
safmnpp,ami,small,023,023_front,m8,5.186545082808217,40.982022036185526,8.350407090167218,5.70255128935437,5.649897317277251,4.276114676021941,3.912968222017034,5.006210201685708
safmnpp,ami,small,023,023_front,rep8,8.927574476966244,38.623468789506624,26.966634102400366,13.65640209187541,7.020010567682109,4.435393298356105,3.799031985724385,5.186108411879986
safmnpp,ami,small,023,023_front,ref8,11.164399575823781,37.652449892972925,47.26123704041205,9.308292402291304,6.368016588905708,4.531073820709736,3.8225632218331147,5.548804238970468
safmnpp,ami,small,023,023_left,m0,4.535584761009206,41.56447073417171,6.975228341851908,4.831683991477573,4.301105821036081,3.7844248768412836,3.681249501243893,4.6533405782124655
safmnpp,ami,small,023,023_left,m2,4.28636989385916,41.80990714943632,5.740107291697896,4.558490635410067,4.1864043791295416,3.7409307237632707,3.6593845126574576,4.5434269382349335
safmnpp,ami,small,023,023_left,m4,4.179191719235902,41.919880661309904,5.429524501042157,4.454112727729155,4.0728361578893635,3.6711346145833015,3.5727619993268807,4.535018014155011
safmnpp,ami,small,023,023_left,m8,4.273414695202238,41.82305321760236,5.5895208268903716,4.663067661186617,4.27253225806814,3.736595823128539,3.6820145774313993,4.414093941935432
safmnpp,ami,small,023,023_left,rep8,5.183979723474593,40.98417066693706,10.043231875944453,6.105681384606649,4.762656540831081,4.0268926088545935,3.691347942007555,4.5462944619816295
safmnpp,ami,small,023,023_left,ref8,5.907897157043833,40.41647434234281,15.994538593507398,5.550500158488902,4.298346494742557,3.879259374346297,3.756138523696315,4.698041488256499
safmnpp,ami,small,023,023_right,m0,8.046160776829055,39.07491654557592,15.546245222305284,8.890303321553763,7.4484081156143676,6.001643380960011,4.688834912707199,9.592647851895187
safmnpp,ami,small,023,023_right,m2,7.1695170928408265,39.57590456382451,10.749884720261523,7.75892409853698,7.005118195643653,5.628109220303947,4.671537688015754,9.729080163417738
safmnpp,ami,small,023,023_right,m4,6.964654529885031,39.70180782029776,10.363939245109597,7.433824492158801,6.9871167293455345,5.464950442370242,4.4802649413862765,9.576168366295656
safmnpp,ami,small,023,023_right,m8,6.893184051701587,39.74660486323926,10.118316427734259,7.139101178673889,6.870256354801309,5.535190323019423,4.511599799329808,9.550859165248824
safmnpp,ami,small,023,023_right,rep8,13.182855658475324,36.930708639344125,42.21019260627154,17.67832645294392,8.949800360967684,6.455596594370181,4.819999499647428,10.088954829484093
safmnpp,ami,small,023,023_right,ref8,15.626362629734599,36.192224624183936,66.66214596697417,12.668189427219357,7.620204557927028,5.844591380445598,4.7351228366579425,9.95585254528018
safmnpp,ami,small,023,023_up,m0,6.680154179789789,39.88293874640987,14.673524612116134,7.963779084923644,6.310754594822842,4.4990345084002445,4.4017082354295685,5.418929940557958
safmnpp,ami,small,023,023_up,m2,6.320799661863286,40.123083353125104,11.521732685664004,7.839381917567541,6.397905505770524,4.433528696824866,4.518745273597885,5.6846845525407295
safmnpp,ami,small,023,023_up,m4,6.298525556478104,40.13841465006329,11.593895389872483,7.718572632526866,6.45200862917261,4.488813496039045,4.501785368749205,5.551770696429378
safmnpp,ami,small,023,023_up,m8,6.03714389546998,40.32248833471648,10.620541952244503,7.395676354265289,6.145818491387867,4.376085152859784,4.475663742605811,5.38322064301981
safmnpp,ami,small,023,023_up,rep8,11.496189352695346,37.525264524576876,31.825677542353635,22.849609240133752,9.295225638204652,4.875577405232188,4.602249607230434,6.019797916577277
safmnpp,ami,small,023,023_up,ref8,11.479750816865426,37.53147899638258,43.93578803293191,12.294538807315593,7.062012867311398,4.535053703330944,4.522553521781433,5.978221193287678
safmnpp,ami,small,023,023_zoom,m0,3.980863472385337,42.13103077583341,6.785763379465597,3.740282551998187,3.378964443706204,3.148528122780354,3.6481346157504957,3.511430782457466
safmnpp,ami,small,023,023_zoom,m2,3.557822833860155,42.61896042806513,4.430211727641806,3.391078356124567,3.1727846096934442,3.0803235636002855,3.578623867803562,3.5089311231047535
safmnpp,ami,small,023,023_zoom,m4,3.5316209466933377,42.651062768325914,4.290529576794209,3.320512992893432,3.224709092819346,3.1107188667326584,3.605986525463311,3.4151830592412757
safmnpp,ami,small,023,023_zoom,m8,3.4998500930683774,42.69030917988337,4.278391407037195,3.349509375580167,3.0714629141045786,3.0416375234025037,3.5809326971525786,3.415351582335638
safmnpp,ami,small,023,023_zoom,rep8,6.72120532628141,39.85633197990724,19.229564383836344,10.269214041387162,4.825964530696996,3.286011738063463,3.6502098791743194,3.593578888331829
safmnpp,ami,small,023,023_zoom,ref8,6.7079170939926165,39.86492674531362,25.579326943240385,5.291628129554332,3.2682478530746266,2.993483484924504,3.606690304219544,3.4739465435080836
safmnpp,ami,small,024,024_back,m0,7.444142507639605,39.41265682372493,7.834800438507399,6.43164307056295,7.330694822557668,8.25440679282803,6.5678756662780815,9.107188026531261
safmnpp,ami,small,024,024_back,m2,7.125838202368789,39.60244403730847,5.295605885626466,6.071675144854188,7.448306520987599,8.550266500218227,6.6707159877519455,9.084904667884649
safmnpp,ami,small,024,024_back,m4,7.020326280126259,39.667230637857635,5.153416417476519,5.950602681928733,7.476295552065128,8.170803756866544,6.460926320099831,9.29454072385699
safmnpp,ami,small,024,024_back,m8,7.0153193027986545,39.67032918106861,5.040570835189691,6.073299139696649,7.506000844697321,8.245499198658381,6.464687882588031,9.192766613730415
safmnpp,ami,small,024,024_back,rep8,14.764849815922965,36.43851327070887,50.03623047745366,16.757940429201323,7.718807659191083,8.506145150849813,6.787457021792534,9.482633424977053
safmnpp,ami,small,024,024_back,ref8,20.587277727353438,34.99481437569516,99.28485104747529,10.336460213404811,7.5707285365187955,8.116304414158146,6.605984326704057,9.489381813846176
safmnpp,ami,small,024,024_down,m0,6.757420078289222,39.83299442977093,7.6253975012235085,6.850740006535882,10.44198978068132,6.250444644245832,5.3058869868049685,6.610152048730894
safmnpp,ami,small,024,024_down,m2,6.7106060825829745,39.863186147027264,6.733910661869207,6.821453581109427,10.829268728887149,6.491527355916265,5.298908024635629,6.667070894640881
safmnpp,ami,small,024,024_down,m4,6.5424946381266205,39.97336985480023,6.569237270879187,6.529460221453537,9.77470536639724,6.218244567727959,5.3019435054504624,6.917717477256703
safmnpp,ami,small,024,024_down,m8,6.354066885486866,40.10028578792743,6.388033638981788,6.408713493564429,9.575116001801291,5.835134882722358,5.1758441623981,6.683472150248941
safmnpp,ami,small,024,024_down,rep8,8.144194079371195,39.02232246342362,14.804483280267622,9.167457895340032,10.98533616066321,6.3181877395174375,5.3408268366773415,6.741992556834148
safmnpp,ami,small,024,024_down,ref8,8.654363789653013,38.75845213878765,22.80037496907022,7.549686960434271,8.824089086261175,5.639286065464572,5.193445752862177,6.716419729967798
safmnpp,ami,small,024,024_front,m0,8.227623526028161,38.97805949540553,10.864710413029767,8.715790375458976,8.57673135145455,6.563590827615503,6.81066389973514,9.284640615514945
safmnpp,ami,small,024,024_front,m2,7.590382094081337,39.32816722367115,7.973629524177582,7.657666211669715,8.274685871559166,6.529753288971668,6.758910674379704,9.006223329988645
safmnpp,ami,small,024,024_front,m4,7.586132044445941,39.330599630923395,7.867763205662229,7.72216322978482,8.090455387390877,6.298718776952165,6.793018705742733,9.217480804255272
safmnpp,ami,small,024,024_front,m8,7.509344176447488,39.3747835102578,7.6805987197930055,7.326782506900785,8.12741604226229,6.508769179100049,6.702492773805527,9.231463530233082
safmnpp,ami,small,024,024_front,rep8,11.1030196647491,37.676392518660286,26.467845687400136,12.380816068634381,10.087043541652337,7.01187322764637,6.950412766538297,9.251021956795523
safmnpp,ami,small,024,024_front,ref8,12.549647723339662,37.14448825804396,43.52613507353998,8.61889565964591,8.534992105413691,6.237141961936044,6.603362132352972,9.061652990523715
safmnpp,ami,small,024,024_left,m0,6.21630887751906,40.19547775205463,9.316896630749198,6.778387934089034,6.563204473500306,5.491333528369279,5.212496860239574,5.506660766171484
safmnpp,ami,small,024,024_left,m2,6.246578969574312,40.17438126148509,7.7188811519781115,7.657139550940078,7.139140763163836,5.507396429216538,5.373435742915032,5.588668859344783
safmnpp,ami,small,024,024_left,m4,6.071494133480508,40.2978478114749,7.678225956530215,7.3504648765135085,6.720797636449501,5.353754550765275,5.232655551436335,5.4883352435703205
safmnpp,ami,small,024,024_left,m8,6.068678853268867,40.29986205078464,7.5971169441452995,6.803940639796047,6.903615026610708,5.585992076362752,5.340169267716039,5.463296068687644
safmnpp,ami,small,024,024_left,rep8,9.1659922086636,38.5090087712081,22.218696275525442,12.992106773866283,9.295140929596938,5.562344381129582,5.36297210400115,5.5501965823578665
safmnpp,ami,small,024,024_left,ref8,11.66286246107351,37.462752068016265,45.37830822754766,8.965519191614899,7.040781257070357,5.6267472555552045,5.467241634083744,5.860783105446583
safmnpp,ami,small,024,024_right,m0,7.353850587021571,39.46565559089656,9.391406293285419,6.495654436213318,6.643882200474336,8.087795533965478,5.690872535732877,9.554864478066731
safmnpp,ami,small,024,024_right,m2,6.36764431834651,40.09101564130371,4.352898001545893,5.628378331773687,6.075682225192022,7.504434084271782,5.610478820438983,9.398721589579132
safmnpp,ami,small,024,024_right,m4,6.368179836307245,40.09065041563379,4.059156057686063,5.440768249400948,6.270993314099985,8.168140541865464,5.5252510029375514,9.39089841244029
safmnpp,ami,small,024,024_right,m8,6.247253492939925,40.173912323268155,4.05932800181908,5.382351320910798,6.164584719798424,7.483641337612554,5.347263820469991,9.573147546403668
safmnpp,ami,small,024,024_right,rep8,12.506544363240614,37.15943032892494,40.1230633676951,13.086892091481984,6.829362253893815,7.782935585712294,5.742428731875318,10.055990296679102
safmnpp,ami,small,024,024_right,ref8,15.514386630311291,36.22345750676176,66.83322656178463,9.395898032461238,6.336547463828395,7.636388931202816,5.556819610522816,9.760270857656854
safmnpp,ami,small,024,024_up,m0,8.60315432040864,38.784226476730204,12.448465845559037,6.636824192246057,7.487898448360814,8.353579760991272,6.86372065633078,11.214102404343098
safmnpp,ami,small,024,024_up,m2,7.804105663501805,39.20757219985882,7.9203762034468435,5.904556584746473,6.881945088640605,8.12085438055157,6.985700413350264,11.052651217975596
safmnpp,ami,small,024,024_up,m4,7.836971004702203,39.18932120903756,7.648999563279625,6.002896054231682,7.081420829272003,7.906349675019859,6.996954723013338,11.355780162764558
safmnpp,ami,small,024,024_up,m8,7.747413698464458,39.239236137093386,7.598069876211766,5.929858318507036,6.847667325676361,7.950332156498605,6.837624015128771,11.370565705102182
safmnpp,ami,small,024,024_up,rep8,10.247958853613985,38.024429878553505,19.972560605202123,11.445366413466276,7.190081893664304,8.323417887629857,6.961372263858449,11.242275264535992
safmnpp,ami,small,024,024_up,ref8,10.322153842026543,37.99310033333617,25.465803894459267,7.42522663487157,6.473557871362364,7.912996726646154,6.770302360121457,11.383030689853419
safmnpp,ami,small,024,024_zoom,m0,7.5656609084681365,39.34233488473875,11.150860754501435,6.547344346162742,4.826665045744665,6.085495755953425,7.165806123979047,8.998446862272383
safmnpp,ami,small,024,024_zoom,m2,7.228204815143411,39.54049910832592,8.269456328568413,6.7628613843517895,4.769948113052913,6.052819285337861,7.217604769521135,9.131575160501491
safmnpp,ami,small,024,024_zoom,m4,7.015977932875522,39.66992146479918,8.502503951017976,6.600331895359991,4.545851958326215,5.785754346564663,6.894414502681691,8.788153599781573
safmnpp,ami,small,024,024_zoom,m8,7.341327103710499,39.473057857309904,9.119483310844117,6.9762376240939385,4.787739200634191,6.3147197851690775,7.101164127450799,9.005396707535263
safmnpp,ami,small,024,024_zoom,rep8,16.28426091310811,36.01312308660467,56.24826316115939,24.520225060101886,5.937413902156412,6.419336542029038,7.154738118313117,9.424068793812715
safmnpp,ami,small,024,024_zoom,ref8,20.295705234589363,35.05676214100083,99.78904152960493,9.641804170980167,5.2139242987970364,6.3465986685328515,7.199089859211657,9.479064785460102
safmnpp,ami,small,025,025_back,m0,6.219559731632392,40.19320717799274,8.105430619016081,4.859323573991798,5.2089932090843964,4.537210452745162,6.642421545208916,6.63823841511516
safmnpp,ami,small,025,025_back,m2,6.380168824244649,40.08248190223894,7.469671062967358,6.159725606277949,5.877333482874224,4.615308840931504,6.688167793135653,6.523960461024906
safmnpp,ami,small,025,025_back,m4,6.402403448707499,40.067373230456354,7.638779930247388,6.327827037191908,5.8767338191131415,4.575864745664319,6.5683310170509355,6.647883813878315
safmnpp,ami,small,025,025_back,m8,6.170047850867849,40.22791828716795,6.703297230825199,5.692756583896976,5.774506142623719,4.531538199831804,6.60375826064071,6.5457838441604785
safmnpp,ami,small,025,025_back,rep8,12.017129777821646,37.33279609549301,29.045926367180783,24.60161148699195,7.546586529537737,4.752177459818141,6.861639392290797,6.841921617557909
safmnpp,ami,small,025,025_back,ref8,10.50549111206868,37.916640011962905,36.84309720275673,6.931876052339631,5.803531692916848,4.488537587441215,6.648922156446704,6.697927600886255
safmnpp,ami,small,025,025_down,m0,6.386856497621032,40.07793202497848,8.166592498931042,6.144871199183107,6.098311627580828,4.6880810594680895,6.653202224133644,5.90479085429264
safmnpp,ami,small,025,025_down,m2,5.878981978390113,40.43778231976282,5.839551694760411,5.324373314186517,5.859368663054984,4.629687703811438,6.664210524973794,5.603524357612579
safmnpp,ami,small,025,025_down,m4,5.627803158460727,40.62741461993142,4.9841566982382295,4.729917221989203,5.374381610049831,4.5400137713931255,6.6142785269588025,5.747255765515429
safmnpp,ami,small,025,025_down,m8,5.674321388610881,40.59166430651043,4.899641120792294,4.773463379262377,5.657292392896662,4.667549773681384,6.621676846372857,5.764622945270811
safmnpp,ami,small,025,025_down,rep8,10.542641270695274,37.90130931624704,26.305850467530895,15.017233337465813,9.107809115424418,5.810984740339631,6.851145600136659,5.871665430275255
safmnpp,ami,small,025,025_down,ref8,11.140114840042466,37.66190692997914,40.62588826311673,8.257989305742697,6.266234552058104,4.6799880791787904,6.680773870716053,5.908578995890703
safmnpp,ami,small,025,025_front,m0,5.568438570576086,40.67346927857312,8.168959116672099,5.49544933674882,6.056186481382639,4.8597915612573725,4.740645835564859,5.270031212666042
safmnpp,ami,small,025,025_front,m2,5.475456071812845,40.74660061790009,8.272959103498826,5.373925055526433,5.4389236886754775,4.916244435489443,4.683211013759889,5.235506590653174
safmnpp,ami,small,025,025_front,m4,5.3946081376478965,40.81120457694777,7.873486648880916,5.177092126789077,5.239123463247999,4.939457758656417,4.697488311173926,5.32227221241025
safmnpp,ami,small,025,025_front,m8,5.798474836660846,40.49766584050768,9.779718680880267,5.9561033522878954,5.619012391796153,4.895713304237868,4.6955931179263235,5.342659287204139
safmnpp,ami,small,025,025_front,rep8,11.333987144116904,37.58697645172479,39.11251584627911,14.569117494756457,8.38703798874234,5.194609183290441,4.8507428992987665,5.354584664606762
safmnpp,ami,small,025,025_front,ref8,12.713406752850863,37.08818418833596,57.39636912081384,8.25196490191601,6.544838839180902,4.87987052271007,4.640862449744014,5.329822903511571
safmnpp,ami,small,025,025_left,m0,5.16391918188046,41.0010092416315,7.468037993568031,4.8548619704247065,4.516677790417117,3.834406481851112,5.797387879542889,3.6424570186948526
safmnpp,ami,small,025,025_left,m2,4.993988885687704,41.146327893904015,6.810012675967466,4.614426496055277,4.377660608811365,3.7836192485241025,5.743279903329336,3.590882704176879
safmnpp,ami,small,025,025_left,m4,4.839259403191999,41.28301458256004,6.610813364794629,4.512789478656756,4.3389690882477305,3.5432159450650755,5.4381369659959224,3.6915081942984074
safmnpp,ami,small,025,025_left,m8,4.897287137824775,41.23124792541545,6.589230533246263,4.599457821572978,4.546785040410991,3.7776510377819275,5.449797238374623,3.67069005038669
safmnpp,ami,small,025,025_left,rep8,8.131954337165109,39.02885429560652,20.068658461543578,12.77161506072057,5.152596477858997,4.100328652175016,6.14413403897981,3.7017665503509463
safmnpp,ami,small,025,025_left,ref8,7.883882562818659,39.163402144004955,25.67999753326595,6.7769695918210155,4.921547450406844,3.667655832298679,5.5912907867833725,3.7238211631835707
safmnpp,ami,small,025,025_right,m0,7.270309378168357,39.51527468802199,12.095619460635888,8.192729648969589,5.800520179343008,4.494937125645543,7.103615033581471,5.841885389537675
safmnpp,ami,small,025,025_right,m2,7.519878003724227,39.36869565853283,13.420565439112393,8.572831152272174,5.736189601647382,4.667741634025439,7.18654836925017,5.731708750233621
safmnpp,ami,small,025,025_right,m4,7.543447544619154,39.35510486163683,14.128921691496382,8.253579224027732,5.652322643732248,4.6500554191365175,7.044305150743561,5.8802977498485545
safmnpp,ami,small,025,025_right,m8,7.353498553246318,39.465863495563276,12.834873284407747,8.157081267477208,5.7929858830223635,4.648578553063756,7.000046388041642,5.8708221166014845
safmnpp,ami,small,025,025_right,rep8,13.417455513762162,36.854101968312996,41.96814552476458,22.264392405851577,7.182996660287897,4.963164283057366,7.191567425714495,5.90473690386594
safmnpp,ami,small,025,025_right,ref8,18.7051664462125,35.411187837867736,90.76018272428362,12.252009659090033,6.009722105601568,5.021641879743824,7.200952180925986,5.878955206091645
safmnpp,ami,small,025,025_up,m0,6.456562381913037,40.0307900942584,8.038542634510552,5.235705971722701,7.45478209584676,5.8510428167860375,5.5835266048566945,7.461490429980655
safmnpp,ami,small,025,025_up,m2,6.074977097006147,40.29535715908277,5.594707119981308,5.306180930248955,7.477925487238772,5.778034480614874,5.543437356039335,7.253947604593664
safmnpp,ami,small,025,025_up,m4,5.98666147834263,40.35895659636267,5.271160113942398,5.3188196047102085,7.1587433818122825,5.6223597684482165,5.552061868299823,7.287644043202794
safmnpp,ami,small,025,025_up,m8,6.00123606996772,40.348396499712,5.110219876127426,5.313532351882737,7.11065514819177,5.6118748582740245,5.599579497574261,7.447938453311527
safmnpp,ami,small,025,025_up,rep8,8.642937273243307,38.76418999780731,16.897719027155212,11.927111169448446,8.531818002981906,5.965970557409268,5.512215256157738,7.4742377450648165
safmnpp,ami,small,025,025_up,ref8,9.180574967031355,38.50210479537094,25.67717253887667,7.697038433593542,7.5156084229074755,5.833001312006528,5.555779418303958,7.423884207050713
safmnpp,ami,small,025,025_zoom,m0,4.810624407406349,41.30878910462637,8.437044172016268,4.34154398517118,2.8748764373591578,2.9040674051143265,4.982367899216109,4.460068447893296
safmnpp,ami,small,025,025_zoom,m2,4.0919349847631175,42.01151636116872,4.431613395983455,3.86920421561768,2.4886064207482685,2.783185041315962,4.810306469263402,4.500355202257184
safmnpp,ami,small,025,025_zoom,m4,3.9717641962983405,42.14096904349293,3.921713491611467,3.5022351211263136,2.392513781919512,2.6969008150362743,4.865498197159289,4.49354941740995
safmnpp,ami,small,025,025_zoom,m8,3.9358197754437314,42.18045157369354,3.8815530680806645,3.4435175547501333,2.4017641510786096,2.709857124394564,4.824449754950323,4.426958671154725
safmnpp,ami,small,025,025_zoom,rep8,10.304421336860138,38.00056752648339,29.07507240972063,22.318755746964584,5.28411945309355,3.2052668356712033,5.021340372794119,4.6923998115888725
safmnpp,ami,small,025,025_zoom,ref8,9.537959528172756,38.3362488558077,39.110796437464934,7.936196035713002,3.1668599641950492,2.993730621699829,4.95300051698046,4.60082218324827
safmnpp,ami,small,026,026_back,m0,6.292682780511515,40.142445217226516,8.708267492302891,5.198007605170266,3.8063291348618633,5.030151838253382,6.476640961850385,7.286132628370999
safmnpp,ami,small,026,026_back,m2,5.792087781171827,40.50245225739999,5.716322556467499,4.612328416841145,3.7012845539472488,5.0981634411995715,6.462547676891633,7.254574164176038
safmnpp,ami,small,026,026_back,m4,5.74915101440903,40.53476644348713,5.6798324553446315,4.662136829068904,3.696295260890462,4.950321531877065,6.391286672965666,7.231952414157476
safmnpp,ami,small,026,026_back,m8,5.706991230044153,40.566731557004765,5.384714319625557,4.5734968993243434,3.5866762619772725,5.123041077364737,6.462679643501108,7.119276134708467
safmnpp,ami,small,026,026_back,rep8,9.366494516124483,38.41503277680811,23.70279599799192,11.743615857511061,4.87424052638111,5.142369482630839,6.52222663626479,7.447979681480622
safmnpp,ami,small,026,026_back,ref8,10.458755258035886,37.93600360536826,35.907743449806745,7.326955961365034,4.278912565335566,5.530852919963235,6.538922746020889,7.462471903127102
safmnpp,ami,small,026,026_down,m0,5.257447813545164,40.92305390380089,5.697086219379557,4.817521499785318,4.937648829716424,4.162625618721294,5.204216008584781,6.2160376865927764
safmnpp,ami,small,026,026_down,m2,5.059009805890102,41.090148396645546,4.186103068286038,4.603093515688465,5.012272471560697,4.111502492544037,5.192329232690533,6.425575030702493
safmnpp,ami,small,026,026_down,m4,4.88237121481695,41.244495643984436,4.071007081634098,4.377408872802518,4.731960994226499,3.988458855904764,5.028956592908482,6.2477969954144426
safmnpp,ami,small,026,026_down,m8,4.826287181830241,41.294672004079885,4.034628570442952,4.354913996000467,4.747383979581531,3.9154081084831103,4.988308446336028,6.085668138264428
safmnpp,ami,small,026,026_down,rep8,7.887209026966625,39.16157010208584,20.053419305395373,9.575866003750084,5.10634936581513,4.196304736328443,5.087542552403445,6.602733397510993
safmnpp,ami,small,026,026_down,ref8,10.204478340908938,38.04289552644372,39.46604882728049,6.910164884365853,5.183482175011712,3.938376730243688,5.1922413817785715,6.468879254485354
safmnpp,ami,small,026,026_front,m0,7.322908475218797,39.48396754691708,6.940652547082611,4.2516512927381385,6.253899551157999,10.69567827364059,5.964358279702892,11.056034715206888
safmnpp,ami,small,026,026_front,m2,7.260239135464807,39.52129435277679,5.36034694522337,3.984326602085771,6.381760930617247,11.294917194070564,6.119188114309486,11.379204031581242
safmnpp,ami,small,026,026_front,m4,7.122626440277207,39.604401933281366,5.384973656856078,3.9173963602834694,6.066891376640263,10.740450552752735,6.1214925922542225,11.172984016222124
safmnpp,ami,small,026,026_front,m8,6.970883080932559,39.69792562270214,5.323429751125494,3.9822929000320237,5.9798480084813805,10.415415394375295,5.874348758528043,11.037591489393861
safmnpp,ami,small,026,026_front,rep8,10.629364517071744,37.86573060124382,23.07192512689732,11.443705603559938,7.495655167622097,10.447526255403629,5.996101935257448,11.315663305489895
safmnpp,ami,small,026,026_front,ref8,13.781624137096223,36.73779959536156,48.46791487904914,7.7370717859096345,7.608515521085366,11.729043123517021,5.968840896403641,11.29614829838145
safmnpp,ami,small,026,026_left,m0,5.254016106031087,40.925889610989195,5.796475847819683,5.4198452968384,5.07006979590497,4.047862065652523,5.6014850482656655,4.91573223181811
safmnpp,ami,small,026,026_left,m2,4.638298454726045,41.467216706689236,4.010919166524886,4.093323556950858,4.023453942362583,3.656799437999665,5.513086577282879,4.877176836465662
safmnpp,ami,small,026,026_left,m4,4.681824939671269,41.42665190113914,4.101437452193138,4.125814458514854,4.172076920178867,3.716934490515196,5.518423689791879,4.884045759129721
safmnpp,ami,small,026,026_left,m8,4.62782539067897,41.47703396347744,4.0288680145456945,3.966199776142366,3.69412107489304,3.536101322511402,5.63658313536574,4.955724805943747
safmnpp,ami,small,026,026_left,rep8,5.918382221193358,40.40877351514261,9.638725757871738,7.242788193986889,4.569489891828232,3.6945029218208347,5.450251362788713,5.210812347383579
safmnpp,ami,small,026,026_left,ref8,6.989302449770294,39.68646526657609,16.627784927514984,7.114491211825176,4.8535689792693,3.8067809642905583,5.694718133625171,5.216313346441633
safmnpp,ami,small,026,026_right,m0,6.525676078752514,39.984548483731125,9.59071264873718,8.002982776956514,6.582396042795469,5.07268556229042,5.622897856884414,5.630188112066151
safmnpp,ami,small,026,026_right,m2,5.671444896385991,40.59386644023307,6.824226532630916,6.186524763152365,4.9375603347796835,4.519911301217855,5.668758649702894,5.600880201828143
safmnpp,ami,small,026,026_right,m4,5.754204946962004,40.53095034813502,6.540454228186017,6.461849577377977,5.727797957505587,4.73115879484311,5.6051850399510235,5.555882627662797
safmnpp,ami,small,026,026_right,m8,5.70211229049239,40.57044595340798,6.702782397778283,6.277084835886179,5.383027360326827,4.689510676554931,5.5444306693554095,5.637933815038746
safmnpp,ami,small,026,026_right,rep8,10.819341181737482,37.78879544630368,31.862732092216763,16.92039455449145,7.063953997434308,5.180623046044156,5.691502639409983,5.681335045675701
safmnpp,ami,small,026,026_right,ref8,15.739490066093452,36.16089703052565,72.1608114190645,12.69580050793452,6.742742102721849,5.081318759687303,5.668890039401746,5.5878637412554655
safmnpp,ami,small,026,026_up,m0,6.936681386672878,39.71928613779018,8.781779987034726,5.10486501749509,4.948480070716009,6.3847079453737425,6.011285482989071,10.235337873632195
safmnpp,ami,small,026,026_up,m2,6.416967670347249,40.057505096124316,6.026222361142871,4.788941481127309,4.651663461745692,6.182112756497818,5.86381042833172,10.261921868836744
safmnpp,ami,small,026,026_up,m4,6.35294913539737,40.10104982678041,5.642368682717266,4.9937116899430185,4.8120133137634244,6.0018771412789995,5.776383014015971,10.218198193747655
safmnpp,ami,small,026,026_up,m8,6.328472403908677,40.11781470221344,5.806937661577019,4.993818892717592,4.83538282510903,5.974952122046633,5.738821093004624,10.023245995849972
safmnpp,ami,small,026,026_up,rep8,9.971552538668254,38.143175790373114,23.792035482535763,10.60186850392093,6.16243457518959,6.882187289633632,6.161627711058702,10.390941909636016
safmnpp,ami,small,026,026_up,ref8,11.353911188330736,37.57934868069298,37.0098596969968,7.807397857431128,5.834750215833963,6.7164427685659795,5.8821743090676835,10.809607430702252
safmnpp,ami,small,026,026_zoom,m0,6.702635775892614,39.86834740581708,7.213880036800618,6.332274875446334,5.804772830443071,4.125450807447507,5.740598494458707,10.563187421455567
safmnpp,ami,small,026,026_zoom,m2,6.038978137251902,40.321169035212336,4.264659437727693,5.053375949020326,5.357104837523429,4.042072182691391,5.696495882005236,10.452652138120975
safmnpp,ami,small,026,026_zoom,m4,5.868591565997746,40.44546475720635,3.851717724461657,4.8929383934993,5.3299110003675585,4.092032608530297,5.61217690125881,10.071043729598468
safmnpp,ami,small,026,026_zoom,m8,5.813811184130241,40.48619437840435,3.7561082574369737,4.750897900213767,5.248206847854042,3.8645290739532867,5.538883012434422,10.26951267021572
safmnpp,ami,small,026,026_zoom,rep8,9.702728850826379,38.26186465964081,17.42106224735603,13.453642526053862,10.978225130309255,4.807037161693339,5.7626688091616,10.574403812709654
safmnpp,ami,small,026,026_zoom,ref8,9.93125804418104,38.16076094543816,28.44906945985803,8.703970044957247,6.436749921037342,4.147641843517124,5.603849513898649,10.452988593351055
safmnpp,ami,small,027,027_back,m0,6.991207280453293,39.68528182265929,10.270764621365931,7.391043237694887,4.925227429926018,5.885687694110472,6.7027463385644594,6.7494559173089055
safmnpp,ami,small,027,027_back,m2,6.241350512745882,40.178017877283324,5.694060441645449,6.730523463704253,4.754112023594829,5.7881487573932455,6.662145337826113,6.787343277129828
safmnpp,ami,small,027,027_back,m4,6.050154855600247,40.313138701704844,4.97724988708516,6.691336329496358,4.728075697234355,5.703381357352452,6.531024134937347,6.606555593501176
safmnpp,ami,small,027,027_back,m8,6.115408865149496,40.26654862383226,5.206233387642347,6.792669201081481,4.647248240995438,5.5806307203728585,6.599268054955316,6.725039251092727
safmnpp,ami,small,027,027_back,rep8,12.50234689517796,37.1608881602345,36.02273758691755,19.77073510115593,7.169195980305379,6.099040700109904,6.874372006774914,7.058502948947697
safmnpp,ami,small,027,027_back,ref8,14.513947913994967,36.51294800666218,60.057105562308834,11.288619477231833,5.413364118522561,5.934605418499038,6.926677547274259,7.062393917670246
safmnpp,ami,small,027,027_down,m0,7.002764569823385,39.67810835083291,10.288509841098769,6.609398006873753,7.567660687555144,7.0273678514728495,7.104880985636737,4.146763673818423
safmnpp,ami,small,027,027_down,m2,6.469853060479119,40.02185943529619,7.17568983889088,6.34493351415433,7.653707128486786,6.755152112661807,6.926131750847498,4.185643357247514
safmnpp,ami,small,027,027_down,m4,6.4493832256573445,40.03562177163093,7.38342222242678,6.284366816603923,7.610825747459717,6.685403297518679,6.88611593407465,4.0986179048035005
safmnpp,ami,small,027,027_down,m8,6.522912511301586,39.98638807290043,7.29084694242925,6.306394561503444,7.987470179068803,6.8416232195873325,6.937268338712379,4.128192698816682
safmnpp,ami,small,027,027_down,rep8,13.700959529500167,36.763293773775885,43.54826536113792,19.72933539295614,9.641982705896046,8.114312152463237,7.387772181740949,4.177517584311983
safmnpp,ami,small,027,027_down,ref8,15.538612679729875,36.21668119403892,70.69189216509221,8.341886710500814,7.694150347475488,7.380755934234529,7.018140476288992,4.148476674696331
safmnpp,ami,small,027,027_front,m0,6.347708200249847,40.10463406542826,8.904720131869666,6.415184513636547,6.345233140788909,5.341597223665753,6.489863189056234,4.65816890690732
safmnpp,ami,small,027,027_front,m2,6.139919293766039,40.24917698277626,6.7338169372091246,6.380357660897492,6.846282972235528,5.443534663487632,6.544668139056807,4.694482642134397
safmnpp,ami,small,027,027_front,m4,6.204727410272321,40.20357654294238,6.66883667107104,6.579262733058457,7.148860153086704,5.557515053980612,6.496604819958655,4.788028645200045
safmnpp,ami,small,027,027_front,m8,6.157223444379071,40.23695446532555,6.758089776109505,6.471666871600429,7.149516006258651,5.573266998709595,6.414981086141645,4.6712432855889565
safmnpp,ami,small,027,027_front,rep8,10.738878609404237,37.82121427658446,29.572034884474867,16.399854956430744,8.131068022634624,5.486267006030588,6.635388385642555,4.701892049621421
safmnpp,ami,small,027,027_front,ref8,12.5957871391304,37.12855048144608,52.41787067905864,8.58002076687758,6.389077760078666,5.263397928228411,6.466898080219728,4.718832425341336
safmnpp,ami,small,027,027_left,m0,7.661820589090252,39.28748382638804,10.723850331414898,8.41488660413761,5.733407215001442,7.077669806765491,8.687744907081882,4.441093794354813
safmnpp,ami,small,027,027_left,m2,7.275599088702168,39.51211600982433,9.185622797062143,8.018447266875333,5.7016642939176,6.67742095547912,8.480097581932595,4.393202977576772
safmnpp,ami,small,027,027_left,m4,7.231782429804779,39.53835009074908,8.976978983796727,8.105062956750317,5.5921070354569435,6.681112454064563,8.450117671625598,4.372042298539743
safmnpp,ami,small,027,027_left,m8,7.284817807489367,39.50661666284408,8.801470203686279,8.394720219399954,5.640917557557849,6.875445502732384,8.436915844752093,4.473523373210362
safmnpp,ami,small,027,027_left,rep8,13.430146102296193,36.849996236216896,36.471236597459765,24.23945465139523,7.525285604745527,6.9694987151325085,8.718880519519772,4.4863793785867205
safmnpp,ami,small,027,027_left,ref8,12.59040099294728,37.13040798651151,44.35007524666885,10.823856284703886,6.020497813615372,6.973282525148632,8.626266130633173,4.4646992302533866
safmnpp,ami,small,027,027_right,m0,7.479794748291872,39.39190680237041,11.280093449725115,7.210789954980037,6.682245844152068,6.443462197665147,7.584962302800795,5.684651889750576
safmnpp,ami,small,027,027_right,m2,6.852545237556653,39.77228449621514,7.547755894605937,6.53197951169991,6.395213531475633,6.441982106260815,7.589181818599888,5.707708370845769
safmnpp,ami,small,027,027_right,m4,6.824207086859512,39.79028163441776,7.46974918818509,6.55057768579618,6.317356454439339,6.32573133693231,7.6311272490332085,5.6380819823928885
safmnpp,ami,small,027,027_right,m8,6.74140461465363,39.843299668788134,7.161020587995011,6.2789537641996604,6.371507311517625,6.306489931279099,7.549654987641493,5.734713164780674
safmnpp,ami,small,027,027_right,rep8,13.128340633347507,36.94870524292712,40.434961285596195,16.593528484168555,9.337709769211001,7.297058856572722,7.688721492901995,5.752706716522671
safmnpp,ami,small,027,027_right,ref8,16.62124316644293,35.924168576571745,74.07500465980658,9.175546358045564,7.555701311622962,7.4731594851386065,7.700992637530436,5.795984185181059
safmnpp,ami,small,027,027_up,m0,7.09396860460464,39.62191098761467,10.27123214406188,7.324600911622051,7.057104879728051,6.568894838498744,6.763499077065694,5.4258703000702235
safmnpp,ami,small,027,027_up,m2,6.7255123322820936,39.85354987493399,7.480830950535095,6.87143556570751,7.024728871946006,6.78712453797499,6.896247208916457,5.473024485935996
safmnpp,ami,small,027,027_up,m4,6.656509205628084,39.89833823917019,7.39363878907787,6.776974945022788,6.94100035441699,6.68708944973616,6.812351567691138,5.493465563337656
safmnpp,ami,small,027,027_up,m8,6.723808151587199,39.85465047518633,7.304121159068215,6.718247302996238,7.179116340505696,7.047236569710699,6.88220829473298,5.476079995676721
safmnpp,ami,small,027,027_up,rep8,10.251631403855361,38.02287378079606,26.817688240411513,12.644271698020274,8.22843211267112,6.956536753455293,6.786154733689637,5.547271398206275
safmnpp,ami,small,027,027_up,ref8,12.135660802870921,37.2901693164396,45.42762058007322,8.652021320534333,7.109882614140805,6.652354456427632,6.813372044786123,5.512516482874493
safmnpp,ami,small,027,027_zoom,m0,6.746050192334368,39.84030792740972,7.417873730800017,7.023527155643797,7.207209660578054,7.78609903670091,6.843816504743091,4.895425992868007
safmnpp,ami,small,027,027_zoom,m2,6.549046901846663,39.96902260171853,6.160443893856509,6.723404868892483,7.07622429460523,8.033847296019582,6.84613396707482,4.90537441704134
safmnpp,ami,small,027,027_zoom,m4,6.467722991506801,40.0232894979376,5.921104727779055,6.527916517988836,7.025909378747836,8.085395816033737,6.830606532481427,4.803248643623244
safmnpp,ami,small,027,027_zoom,m8,6.448751953583699,40.03604688421437,5.958730079347966,6.572678329007932,7.019509907901619,8.110255738281891,6.71119954040263,4.848774638219613
safmnpp,ami,small,027,027_zoom,rep8,10.411239640773953,37.95577917899617,24.518636712628904,15.433014005054813,8.561322077076396,8.019647648319047,6.898944594855549,5.141124557495072
safmnpp,ami,small,027,027_zoom,ref8,12.12653203152232,37.29343742599375,45.21513204798511,8.80664608792504,7.020583111051217,7.636609055236906,6.8403788890925545,4.921413346171783
safmnpp,ami,small,028,028_back,m0,17.272849297932165,35.757163769599096,59.36874857704822,35.02809489446541,5.567491554393743,4.426796041116507,6.688424369727318,7.355101722589991
safmnpp,ami,small,028,028_back,m2,15.522142981631045,36.221286812621585,50.32207125107884,29.78411438784985,6.39131238904466,4.623496241663162,6.7144798835068,7.539420900175173
safmnpp,ami,small,028,028_back,m4,15.694980593018226,36.1731957784047,51.18273015553216,31.095246388054047,6.2041960566097165,4.435221995375513,6.5485530133088234,7.455722121375493
safmnpp,ami,small,028,028_back,m8,15.799075079707492,36.14448697934813,52.513974329419874,30.321332413731618,6.264204778138335,4.451843626115426,6.555129522019673,7.5065308425653585
safmnpp,ami,small,028,028_back,rep8,24.328622507508488,34.26962841099598,90.02072911157995,52.781121328746245,9.624754631275229,4.910220544429265,6.716554428842993,7.622354376964389
safmnpp,ami,small,028,028_back,ref8,24.244206885872227,34.28472379499195,91.18730044560307,52.67667335737473,7.88426288874378,4.624695181799799,6.759486474056744,7.565822260666691
safmnpp,ami,small,028,028_down,m0,13.100757841520803,36.95783941786883,29.162949634477098,13.689299234832644,10.268387212364203,11.63599930736493,11.003154470663544,6.928401331537387
safmnpp,ami,small,028,028_down,m2,12.936778761113922,37.012542097615764,27.390976472600716,14.05858429098674,10.318625183389111,11.737692242747226,10.99430727327654,7.03175572622729
safmnpp,ami,small,028,028_down,m4,12.604918691536184,37.12540312277981,26.462215539959754,13.835816779597415,10.186014554049253,11.54923038085512,10.63090948009595,6.924468871179351
safmnpp,ami,small,028,028_down,m8,12.562566247553471,37.14001995884755,26.188983167492818,13.918076233157105,10.139401191863286,11.391822700183427,10.671881729936297,6.887453280683389
safmnpp,ami,small,028,028_down,rep8,16.951881998492972,35.83862440264613,44.212959753978545,23.798405486704482,13.499120794521696,12.982384156650774,10.932473037179706,6.901749857883144
safmnpp,ami,small,028,028_down,ref8,17.29826906247941,35.75077712896538,54.79433290919604,17.43020405520337,11.31356554155385,11.742915632389701,11.152709297765588,7.032397574863812
safmnpp,ami,small,028,028_front,m0,17.08630128036345,35.80432300919525,36.32228696855544,33.53332793232923,12.322537724403835,10.950215418502085,9.979547544556375,10.596111728096105
safmnpp,ami,small,028,028_front,m2,16.496097802497673,35.95699138064312,32.12416963700645,33.29178266126347,12.212614242211737,10.941759850073135,10.026767956902733,10.68053258601163
safmnpp,ami,small,028,028_front,m4,16.293435497441987,36.01067695204372,30.68717677592336,33.465507039115316,12.194149509313547,10.82541091793282,9.88920556626482,10.867558383646074
safmnpp,ami,small,028,028_front,m8,16.517660465062246,35.951318263015814,32.80785444028577,33.224654972440355,12.038161689847174,10.847114575337958,9.896697960412425,10.739275520539874
safmnpp,ami,small,028,028_front,rep8,23.164933024569454,34.48249311977428,60.37024703359174,52.54704138057234,14.41440289420244,11.038057469977193,10.188929816029283,10.761838413510308
safmnpp,ami,small,028,028_front,ref8,22.354072642405345,34.63723702975197,74.2707922774474,33.50857098624925,12.265768686350471,10.675857304663415,10.0473774246016,11.026578210882413
safmnpp,ami,small,028,028_left,m0,17.573549382575596,35.68220874751792,32.006785924632275,49.9954929734653,12.28657041163188,7.435328403491662,8.768069742739064,9.284655377316176
safmnpp,ami,small,028,028_left,m2,17.016578171854643,35.82208127709706,29.26498630347805,49.088012566198024,11.895139417753299,7.326015595295982,8.773892278419115,9.233156660686753
safmnpp,ami,small,028,028_left,m4,16.545249543305232,35.94407039087169,27.92567574767857,47.32494426901917,11.594151636986552,7.335634483775359,8.701464627330582,9.208895619876488
safmnpp,ami,small,028,028_left,m8,15.893574224685697,36.11858786410411,25.670818420493628,45.066118905034685,11.504114227589659,7.252342533846431,8.630279541893222,9.146606902101293
safmnpp,ami,small,028,028_left,rep8,26.505507657419127,33.89744234225689,67.23616399211427,79.22784420262293,14.33691501377811,7.472437520046986,9.100268355185221,9.369144087272261
safmnpp,ami,small,028,028_left,ref8,24.928789382841295,34.16379172501236,70.83808237241882,64.50576152832555,13.189103966932038,7.343811641185022,8.97496353957361,9.346029331444093
safmnpp,ami,small,028,028_right,m0,19.79746532783638,35.164707698285255,31.020159514204767,44.42616872397465,29.135720904236138,11.295664959719346,10.713703413719598,9.4095641863645
safmnpp,ami,small,028,028_right,m2,18.89068245576149,35.36832713088079,26.355638035047342,41.28606539404221,29.80439825158574,11.433881142775732,10.790498630718723,9.491633491136763
safmnpp,ami,small,028,028_right,m4,18.900001992899618,35.36618510900737,26.337111102151045,40.74622647168876,30.347102368363693,11.555726050389074,10.795788571802106,9.502482072098712
safmnpp,ami,small,028,028_right,m8,18.979178685582042,35.34802946245412,26.51005704823135,41.60696503132095,30.46840218656006,11.26068839290028,10.77769180390323,9.328608997423528
safmnpp,ami,small,028,028_right,rep8,27.76011043749608,33.69659171336543,62.230346745823574,68.24915015143024,32.07724265708711,11.977708878349814,11.254265454841303,9.652262400165561
safmnpp,ami,small,028,028_right,ref8,25.570716771184326,34.05337458989122,68.02313756701163,49.215105683891565,28.28694206716226,11.528533183530492,11.063254752404399,9.649165523639766
safmnpp,ami,small,028,028_up,m0,13.51992819323773,36.821059758720146,33.85796066164538,13.992107054520725,9.072904575510021,9.93151758347672,10.166847404337759,8.851637481477557
safmnpp,ami,small,028,028_up,m2,13.643029531898701,36.78169541654909,34.56962868387227,14.089357360872786,8.885638925816574,10.067003561337684,10.15262492038129,8.994367300590698
safmnpp,ami,small,028,028_up,m4,13.53859470794109,36.815067734951775,34.62694700854301,14.034317509716775,8.761268322750956,10.04432840912836,9.976292990407687,8.827582245377016
safmnpp,ami,small,028,028_up,m8,13.519376273434649,36.821237053017974,34.20520000852895,14.300156045264089,8.8300699711106,9.906382458777719,9.95301006923904,8.937120118249231
safmnpp,ami,small,028,028_up,rep8,16.214929037564296,36.03165308485603,42.93903960493775,22.73859796856942,11.57361485389625,10.853691078271074,10.080554241551718,8.675644969474
safmnpp,ami,small,028,028_up,ref8,15.207513446001391,36.31022151743364,46.1301221151978,14.568960911055862,9.026718450974625,9.925732651926017,9.9714224735137,8.856451408516614
safmnpp,ami,small,028,028_zoom,m0,9.897136635745387,38.1757079487282,13.810543262274082,9.029241694916074,11.900803044725075,9.544177193804556,9.921374675775526,6.314325805298024
safmnpp,ami,small,028,028_zoom,m2,9.229409724773411,38.47906434649278,9.69960297595225,8.859495972027714,11.065416984991169,9.50599783763821,9.9875501842849,6.305789795977509
safmnpp,ami,small,028,028_zoom,m4,9.10635939750757,38.53735574408781,9.615377856830126,8.643388833434921,10.933767678900665,9.007241042060297,9.742111354475467,6.68625911410329
safmnpp,ami,small,028,028_zoom,m8,9.029743052346623,38.57404968531778,9.451025586329012,8.625107786788249,10.75037946590515,9.005217859718757,9.817416838603291,6.374383852345673
safmnpp,ami,small,028,028_zoom,rep8,13.032914139178457,36.9803882673156,28.263949055766492,15.275024529386476,14.220253668087338,9.74899571263998,10.162116118652778,6.2051495357313895
safmnpp,ami,small,028,028_zoom,ref8,13.488893962446484,36.83104020217429,36.833194617483,10.953808047604888,12.312125019460877,9.658561994882627,10.32535734890679,6.263951270324756
safmnpp,ami,small,029,029_back,m0,8.245861201125797,38.968443406247985,13.198068936610232,8.550530434861757,8.780157381403816,7.3832386411995685,6.771494612861922,7.129980626763266
safmnpp,ami,small,029,029_back,m2,7.918575288801342,39.144333105752374,11.02165992494601,8.619721641791488,8.672682965013335,7.147699233089117,6.746235315562919,7.181453960662427
safmnpp,ami,small,029,029_back,m4,7.698447776771181,39.266771928304095,10.437715181083552,8.153764452558722,8.541645340977238,7.185498034180261,6.698446701845579,6.879295137875998
safmnpp,ami,small,029,029_back,m8,7.7404795358452585,39.24312494071282,10.471142785689954,8.16391314529844,8.560245563950131,7.276042933941488,6.716230905197402,6.98282071945598
safmnpp,ami,small,029,029_back,rep8,12.444298826592584,37.181099295352304,28.00519232741728,21.416351932044925,12.212396099239475,8.173124606352623,6.856518477545,7.181025584151949
safmnpp,ami,small,029,029_back,ref8,11.981583067917429,37.34566157819639,37.354225269335146,11.208132265014552,8.883308163949414,7.550309048562832,6.822863635065323,7.323674367660636
safmnpp,ami,small,029,029_down,m0,9.040488326517442,38.568884711243996,14.726289029448216,13.588264188231465,9.528116406203411,8.440153724405864,6.765607711141995,5.672476579097884
safmnpp,ami,small,029,029_down,m2,8.750943754463583,38.71025468388028,13.727921015076694,12.847799451177467,9.028866940355032,8.265690848701537,6.793444857957332,5.729880449354336
safmnpp,ami,small,029,029_down,m4,8.584443249076767,38.79368226973124,13.031397689229637,12.496358257024138,8.738177291223328,8.296769005916854,6.830905353539652,5.685978768621563
safmnpp,ami,small,029,029_down,m8,8.660628821371287,38.755309349317216,13.425946457284509,12.765090266169732,8.804730185712948,8.126991382947466,6.817391578518597,5.701651933726213
safmnpp,ami,small,029,029_down,rep8,12.947024442269159,37.00910392974955,33.99391647491596,23.102450848485738,9.914650858881016,8.282367060202693,6.876214193562899,5.582037271243092
safmnpp,ami,small,029,029_down,ref8,13.178842823899922,36.9320308242007,41.758786580377695,17.553250074786476,9.259826021724427,8.19108631495183,6.7040101143244,5.681694407115953
safmnpp,ami,small,029,029_front,m0,8.864797618291913,38.65411535681379,16.959966762026074,11.461443096107267,10.046927369294261,7.884259410524635,6.0159949843663485,5.885402818458765
safmnpp,ami,small,029,029_front,m2,8.053123888644635,39.07115980570855,11.977717250786425,10.091239173455632,10.154354227759514,7.742831225731657,6.092759664591516,6.020403503530312
safmnpp,ami,small,029,029_front,m4,8.009011411934758,39.09501448383934,11.558759795326015,10.135259145600882,10.157891965197338,7.764280314007354,6.169269525056833,5.904511505643801
safmnpp,ami,small,029,029_front,m8,7.940511125763048,39.13231902275327,11.80782495358108,10.14596587228116,9.74255744208171,7.630319643482915,6.05378166053544,5.891791516474611
safmnpp,ami,small,029,029_front,rep8,13.320494357123849,36.88560017971544,35.32918107661688,23.294946009165805,12.14124049756731,8.191073779271392,6.2910117906506,6.197582933884863
safmnpp,ami,small,029,029_front,ref8,13.424267220888035,36.85189772314598,45.47898345706964,15.198095894505842,11.05974405618305,7.863104051628756,6.090385667900212,6.039447530683812
safmnpp,ami,small,029,029_left,m0,9.144168785267064,38.519361270946845,12.438398514945082,11.455065450111457,11.89880678161792,9.529800956450337,7.448705558346573,6.043461397356004
safmnpp,ami,small,029,029_left,m2,8.779140959489958,38.696283386754125,10.594447538472409,10.929039027233582,11.667629095809902,9.592939945647215,7.420153739773751,5.958527181732205
safmnpp,ami,small,029,029_left,m4,8.860747126740153,38.65610018287793,10.683613511364461,11.244018481234365,11.741158090965072,9.720792618710583,7.51491852876059,5.817973979838282
safmnpp,ami,small,029,029_left,m8,8.82639855794017,38.6729682665249,10.588427011077064,11.051667067563383,11.677337323625196,9.677715235885206,7.492721254571419,5.947086930157031
safmnpp,ami,small,029,029_left,rep8,10.484855775476168,37.925178999669434,17.606285327471035,15.810221788308821,12.525710091917082,10.06547624818752,7.46739795425914,5.695228943782319
safmnpp,ami,small,029,029_left,ref8,10.898078225027712,37.75730439977747,23.317250779423425,13.260029152577271,12.31233347884263,9.86438988901217,7.368410373251355,5.8888803245334715
safmnpp,ami,small,029,029_right,m0,9.089181596082597,38.54555580429933,15.43708355822533,12.411357437125197,10.1802920548232,7.45884046297676,6.906326589088799,6.144658473500034
safmnpp,ami,small,029,029_right,m2,8.706324608713562,38.732455054041054,13.898626074509698,12.894126515434435,9.455797941494465,7.138331305998644,6.756545603363429,5.784829453706926
safmnpp,ami,small,029,029_right,m4,8.584513225363395,38.79364686826093,13.966935506132675,12.748112535992725,9.182810623301613,7.009548870474697,6.5333773875904475,5.829121816688168
safmnpp,ami,small,029,029_right,m8,8.464050821517306,38.855020984926945,13.51435426558553,12.458533023534645,9.16151367835658,7.019259913754227,6.463388177532946,5.8481151968289815
safmnpp,ami,small,029,029_right,rep8,13.948788756826369,36.68543863585539,38.66349907625107,22.000565268163264,13.179937766162503,7.812358623460208,7.193405393292761,5.93384090103812
safmnpp,ami,small,029,029_right,ref8,15.42502610601492,36.248544531422986,59.27252875200097,15.029292863933904,10.448285571418594,7.501042914502102,6.842239373980414,5.979411967915943
safmnpp,ami,small,029,029_up,m0,9.552885873874265,38.3294577150724,14.980926033153963,8.892304125152963,10.335514210372963,10.430218943373609,7.4680178315006405,8.688347548412452
safmnpp,ami,small,029,029_up,m2,9.081422892886028,38.549264610125604,11.96989800972851,8.987037277308936,10.364571578795143,10.252256719115781,7.383118056495522,8.539965642027587
safmnpp,ami,small,029,029_up,m4,9.04355834400857,38.567410161113884,12.168348393320484,8.81863441242131,10.303264704876097,10.153568986031381,7.418355991373587,8.327293733852787
safmnpp,ami,small,029,029_up,m8,9.012870520136765,38.5821722887766,12.232243824434546,8.764935861664723,10.133807802375378,10.00876482253421,7.395480463672463,8.387153937165575
safmnpp,ami,small,029,029_up,rep8,12.986703746150994,36.995814273867104,32.51693723521486,15.800593106573391,10.651053700168866,10.85608836345313,7.632200754620235,8.737472687324466
safmnpp,ami,small,029,029_up,ref8,13.720717594687,36.757035352651755,43.455577476215936,11.232372953581395,10.310803951996016,10.561549215349167,7.454028794663742,8.431699654618475
safmnpp,ami,small,029,029_zoom,m0,7.8235014663310345,39.19679192569913,14.585133462290843,11.27873739805355,7.189438782918107,6.372587313296337,5.567120778085022,5.640436812379431
safmnpp,ami,small,029,029_zoom,m2,7.645946997617216,39.29649077742337,13.435325785812454,11.238298326942953,7.183491245135163,6.302840524396921,5.516838620406891,5.699361150083379
safmnpp,ami,small,029,029_zoom,m4,7.506474375357606,39.37644354469198,13.14991230190458,10.862644973060451,7.0369740962718055,6.310313228426685,5.492279322625018,5.5418109873788906
safmnpp,ami,small,029,029_zoom,m8,7.444326170626706,39.41254967526856,13.120744241924895,10.891359640899736,7.006553263804515,6.172319607916406,5.421568280610307,5.429761016210771
safmnpp,ami,small,029,029_zoom,rep8,9.109378164128035,38.53591629241259,20.39975609118226,13.908824980293454,8.087750290356654,6.875750859964217,5.652780153711167,5.436915252812619
safmnpp,ami,small,029,029_zoom,ref8,9.423065914129944,38.38888131859178,25.526811969223388,11.92892268681162,7.267581048081385,6.576290071709068,5.535053694980155,5.608853986026345
safmnpp,ami,small,030,030_back,m0,7.541020858000764,39.35650218846153,9.562204327864402,9.297197935276731,8.610387866421386,7.298746771538413,6.261916328558067,6.5518705395791885
safmnpp,ami,small,030,030_back,m2,7.238485647792633,39.534326432340336,7.463304867981725,8.658574783105202,8.429224966149706,7.319929757125275,6.3895881521752225,6.797881758144704
safmnpp,ami,small,030,030_back,m4,7.105170597197082,39.61505850943358,7.430857619179126,8.507461549413593,8.592167986801831,7.338237202200768,6.2367328316199675,6.345714042350477
safmnpp,ami,small,030,030_back,m8,6.997179548731341,39.681573427478526,7.19951231942103,8.355002932492264,8.313036521189538,7.35138969207681,6.183785093505525,6.301871407221982
safmnpp,ami,small,030,030_back,rep8,10.014050430845863,38.124705866886906,22.798774043577218,13.49557635099115,9.129389998551668,7.675363487446031,6.387085186470841,6.425846671598724
safmnpp,ami,small,030,030_back,ref8,11.817741746332018,37.40545865778368,38.56435473154914,11.019607089655393,8.686088440121017,7.732223890205939,6.394748316333387,6.419157382755851
safmnpp,ami,small,030,030_down,m0,8.22937615150995,38.97713447189775,9.60176718244578,7.564719864472734,5.772596245753678,9.382401721135677,8.209321883395106,8.61309726359213
safmnpp,ami,small,030,030_down,m2,7.973872036688432,39.114110989679226,7.869910563156975,7.227712403608182,5.701445663068323,9.198774104800547,8.316592080346624,8.712663598316931
safmnpp,ami,small,030,030_down,m4,7.758275466379906,39.23315165211393,7.707314686142639,6.965404020724979,5.542622578962388,8.601587372694638,8.126824265742767,8.636137922938053
safmnpp,ami,small,030,030_down,m8,7.796855946930698,39.21160850506544,7.7136391701127645,6.98915193015837,5.53032902407935,9.016275312083401,8.103078837499586,8.632318106468786
safmnpp,ami,small,030,030_down,rep8,10.330477247788235,37.98959975331522,20.19236492219267,9.874660220847996,7.40619757125,9.744602792182487,8.56263712627611,8.636129090571295
safmnpp,ami,small,030,030_down,ref8,11.964249279001502,37.35194907748435,35.88245710731656,8.081157220726727,5.7391602478378205,9.253151427615704,8.349968297707294,8.799470682577736
safmnpp,ami,small,030,030_front,m0,9.01358994135104,38.581825642063166,11.091283749529241,7.274669986116914,8.933989796697395,7.9351184361597555,9.128864169802533,9.147884976303587
safmnpp,ami,small,030,030_front,m2,8.613929648786787,38.77879040372889,8.56238892108657,6.976577010969439,8.341392855954622,8.171202307165087,9.147990218615154,9.28001505862505
safmnpp,ami,small,030,030_front,m4,8.644179471630876,38.76356585681949,8.46253545825136,7.133711943740101,8.645532783246736,8.379474428487732,9.180824287441004,9.02355091871606
safmnpp,ami,small,030,030_front,m8,8.453487108383584,38.860444661749966,8.168048938602324,6.880289390878693,8.374955406576015,7.852109808324255,9.01532588845528,9.170304714183969
safmnpp,ami,small,030,030_front,rep8,13.020523091767549,36.98451928762866,34.94066285211644,11.90369918949436,9.469202597391325,8.095855414400852,9.091467248957008,9.576736598643853
safmnpp,ami,small,030,030_front,ref8,16.2331809370226,36.026767314892105,61.2946540182261,9.079372237623017,9.542591783607715,8.030553236651265,9.086388138876641,9.324615361321008
safmnpp,ami,small,030,030_left,m0,6.893254560946966,39.74656044019854,9.709832297102537,6.499394527736642,5.815076573624206,5.931882427737006,7.7315629309472005,4.709856608654244
safmnpp,ami,small,030,030_left,m2,6.730607067815988,39.85026123640595,9.308609649261694,5.899571149752296,5.58112908273104,5.80747058365347,7.739547954055759,4.750366946107266
safmnpp,ami,small,030,030_left,m4,6.619988775449424,39.92223107797472,9.183576278231742,5.8077225156519505,5.444414759404194,5.70338693476113,7.526225745567881,4.844804764032824
safmnpp,ami,small,030,030_left,m8,6.3697468717555035,40.08958186677627,9.107578279897973,5.752463863621075,5.402804637507297,5.474709214480381,7.004110672344482,4.67949082801843
safmnpp,ami,small,030,030_left,rep8,13.174800691168393,36.9333630695528,48.045472408150104,13.243004510409735,6.105115160958856,6.21685592811989,7.92076325599694,4.893402794723722
safmnpp,ami,small,030,030_left,ref8,17.583470195598768,35.679757712408566,85.05962097878322,9.34418932225512,5.832912342769156,6.080268013658679,7.583191172792241,4.805467162243427
safmnpp,ami,small,030,030_right,m0,9.812104870008108,38.21318179647621,9.966127913779967,9.12373582885131,9.284848538199972,9.15061946599284,10.893355115011353,8.90284831545187
safmnpp,ami,small,030,030_right,m2,9.843109286858471,38.19948053816036,8.975834742885798,9.613212005780126,9.315360557571099,9.127092149961266,11.178498717284025,8.950689336440973
safmnpp,ami,small,030,030_right,m4,9.483588744710248,38.36107648309077,8.921672486278347,9.117933700139405,8.667670278829748,8.757175508517516,10.718170733645431,8.840595564841228
safmnpp,ami,small,030,030_right,m8,9.389605591482843,38.40433010672093,8.313139891916398,8.955070437665107,8.972735613747476,8.867524663888405,10.60909273727016,8.834174689991471
safmnpp,ami,small,030,030_right,rep8,15.804205560424531,36.14307691087463,44.8023080742885,16.24050730959933,10.119657862471886,9.675859460667365,11.131790237524553,9.295491255868535
safmnpp,ami,small,030,030_right,ref8,20.319373002539372,35.051700581289865,84.16540446545268,12.123318659646909,9.37600531754992,8.719601461752122,10.73896833301598,9.061368775269607
safmnpp,ami,small,030,030_up,m0,10.852378189551096,37.77555440985387,15.308942072394112,12.31538829730112,11.531596568131306,10.234494807156437,9.331553473563407,9.126995481018177
safmnpp,ami,small,030,030_up,m2,10.46398690708048,37.933831732923686,12.896533058597843,11.947237167366,11.450232156174577,10.228771006037373,9.254297183292284,9.271985964090975
safmnpp,ami,small,030,030_up,m4,10.31648532266967,37.995485962271786,12.160141858033708,11.793371540014308,11.465451513378836,9.965434634899141,9.248794085259547,9.281193824243742
safmnpp,ami,small,030,030_up,m8,10.205058848407127,38.04264847409668,11.96567948299169,11.829738929154495,11.295831982164069,9.845234363508865,9.12633763296064,9.192602355078156
safmnpp,ami,small,030,030_up,rep8,12.803130643724876,37.057641837940665,23.518765613783906,16.64929175292554,12.97934386662711,11.032990037190842,9.32315069666236,9.228537432432537
safmnpp,ami,small,030,030_up,ref8,13.060918681479855,36.97106635363366,30.525450067320808,13.561279963144383,12.014939617241476,10.098205984706077,8.92199246132318,9.441860006884674
safmnpp,ami,small,030,030_zoom,m0,9.341052387251775,38.42684553135749,12.281203779383494,8.773459680142235,9.829758278790816,11.092593303930874,7.011877462741005,10.467558629141074
safmnpp,ami,small,030,030_zoom,m2,8.803631673717039,38.684184966161354,8.390377460217655,8.508379604679346,9.596619466624851,11.345060417684708,7.046250801637969,10.576032553641026
safmnpp,ami,small,030,030_zoom,m4,8.75622697593928,38.7076335019217,8.225637252988216,9.072920854674773,9.720807497562712,10.907337568297226,6.920223600207835,10.45056962578395
safmnpp,ami,small,030,030_zoom,m8,8.671267553392688,38.74997774209811,8.08019617533552,8.48682726815694,9.624656131018055,10.986142226568004,6.97444634536596,10.419065316578296
safmnpp,ami,small,030,030_zoom,rep8,11.32860673512121,37.58903860047401,19.497127359184226,14.3257902989794,11.357086353120941,11.557717738994377,7.0975190714182395,10.643736126246814
safmnpp,ami,small,030,030_zoom,ref8,11.657422248501573,37.464778333452266,27.021622581619734,10.60175310401459,9.973882988239886,10.799130076568497,7.144806718934872,10.64061709485426
safmnpp,ami,small,031,031_back,m0,10.13755397241709,38.07147181455305,16.54561860797686,10.151908998042407,16.587971206666758,9.281768079562363,6.383297527420589,8.457211578490485
safmnpp,ami,small,031,031_back,m2,9.302619913933995,38.44475083934706,10.992826472181553,9.75370288788603,16.337818179522507,9.167697212677925,6.425313394674748,8.489465564196584
safmnpp,ami,small,031,031_back,m4,9.19057123089076,38.49737855497693,10.761060618043205,9.44444882923468,16.05962506804399,9.086402502046733,6.413632705524121,8.515341210629986
safmnpp,ami,small,031,031_back,m8,9.170729817542066,38.50676462153274,10.444790104833787,9.348336691504027,16.767358586573398,9.154981600956473,6.2526708733645435,8.508616254903822
safmnpp,ami,small,031,031_back,rep8,14.223956549975133,36.60059943882299,34.160953441549985,20.68883497795889,19.42695974524356,9.480167284411076,6.341832018661366,8.367095527575932
safmnpp,ami,small,031,031_back,ref8,14.563747278269908,36.49807226764005,46.281981797023285,11.761796641441148,18.212120215051723,9.540132651588355,6.291036473239304,8.181609947124484
safmnpp,ami,small,031,031_down,m0,11.664216057048913,37.46224805353967,14.166787343625417,9.667857121580134,11.634041220721778,9.503755897981774,10.226991849400063,15.214741112312696
safmnpp,ami,small,031,031_down,m2,10.732712516275441,37.82370864253869,10.402873344616287,8.512127749276267,10.90202620079954,9.029927031111297,9.886975794686261,15.118227795762449
safmnpp,ami,small,031,031_down,m4,10.536502153956775,37.90383900594549,10.141402161419611,8.435446151559255,10.704964511670001,8.694023248157732,9.800078219557998,14.765905563261065
safmnpp,ami,small,031,031_down,m8,10.675728913937345,37.84682823541488,10.015419214055473,8.363702968248186,10.936041626624677,9.229445077132254,10.051785966758375,14.747956855548345
safmnpp,ami,small,031,031_down,rep8,15.780970831065328,36.14946643768575,37.433526626983976,16.79814382202455,13.22056472366998,9.455910176476293,9.831599383871394,15.015423034870123
safmnpp,ami,small,031,031_down,ref8,20.950103305984772,34.9189419203297,78.76774043051662,12.934292679192756,12.244488293689713,9.837908377229672,9.896084800010431,15.244368415530566
safmnpp,ami,small,031,031_front,m0,12.01007592443972,37.33534607964506,13.994895758502846,10.867919211894048,10.965035183037772,15.679510058132372,8.595665550934195,16.1949217973065
safmnpp,ami,small,031,031_front,m2,11.464373773526603,37.53730023924028,11.361239507698654,10.217664479560407,10.785167108373072,15.726064476209597,8.553193010114175,15.792325370832366
safmnpp,ami,small,031,031_front,m4,11.23165894442633,37.626364534755645,10.321231433877752,9.801523136843725,10.172169285660685,15.564674837955135,8.569921192134897,16.058744238900424
safmnpp,ami,small,031,031_front,m8,11.236600516235466,37.62445419772487,10.398430180147292,9.734999744581783,10.246702729800587,15.666627871681543,8.575086425954453,15.952997534768713
safmnpp,ami,small,031,031_front,rep8,16.055276574842555,36.07462569564369,34.16219232827013,19.156324468637376,12.518451563279177,16.59493700791493,8.572726242747304,15.894271213669438
safmnpp,ami,small,031,031_front,ref8,18.478005336340175,35.46425272672955,58.28512027814285,13.905019341857367,11.207479362412592,15.692432891513942,8.678440009756896,15.879229693400735
safmnpp,ami,small,031,031_left,m0,11.341822849910464,37.58397501193119,14.181974813758497,10.720763718578485,8.82670328450791,7.89209410026895,10.796936357004157,14.395502461196296
safmnpp,ami,small,031,031_left,m2,10.553133121227686,37.8969894433832,10.65152552142355,9.19236999207421,8.118447471541325,7.516486498779195,10.7913838965057,14.488202085670476
safmnpp,ami,small,031,031_left,m4,10.624940612438227,37.867538496055566,10.760119109378397,9.171917504255472,8.010212804460243,8.018724229656634,10.640493086432647,14.875670125756919
safmnpp,ami,small,031,031_left,m8,10.405853855640169,37.9580263868659,10.612538660404566,8.990452206482566,7.817688248192492,7.379046848479475,10.547706665477019,14.574548467086519
safmnpp,ami,small,031,031_left,rep8,15.953326890774285,36.10229096694718,41.0180660690476,18.834656871413276,9.452515038165819,7.404520417691884,10.435055880615204,14.359115198356701
safmnpp,ami,small,031,031_left,ref8,20.251059801668553,35.06632604725975,79.05227949282848,13.297691453168332,7.948880757815741,7.229236916952463,10.440824921393688,14.228331970652995
safmnpp,ami,small,031,031_right,m0,10.036259151163186,38.11508493950023,15.337109627358886,10.360799139895194,9.600555407268327,10.115845729570909,7.870321380342554,10.012034165157573
safmnpp,ami,small,031,031_right,m2,9.682355120094137,38.27099353636271,12.423374722063768,10.462276945085508,10.160306003253766,10.151093564219188,7.794244695351555,9.948519720399368
safmnpp,ami,small,031,031_right,m4,9.677678832148201,38.27309155550381,11.986827791867588,10.553710224007604,10.289763753292336,10.266650267547966,7.809827140169034,10.009165451810482
safmnpp,ami,small,031,031_right,m8,9.651278324405753,38.28495520843555,11.934360205581362,10.74177712903663,10.226857733273139,10.389708067463133,7.7243092327211285,9.892813782215613
safmnpp,ami,small,031,031_right,rep8,14.806447435914771,36.42629491682007,40.4172650979153,20.06801703232566,10.479009678516707,10.453751192480924,7.8273580475575315,9.814564044211782
safmnpp,ami,small,031,031_right,ref8,16.87029866881347,35.859575895372664,61.61290452996315,14.192846702217944,9.967693998391818,10.177121626966219,7.798276783330259,9.832262064449852
safmnpp,ami,small,031,031_up,m0,12.010967177792876,37.335023806867994,14.446469949677999,11.693198982116467,15.321675264289217,13.060390377464612,7.807022870521417,15.438517286142106
safmnpp,ami,small,031,031_up,m2,11.289548834876104,37.604037743405364,10.812107593572588,11.127607887117962,15.118778421480592,13.081667953744397,7.597519679328315,15.103678592705263
safmnpp,ami,small,031,031_up,m4,11.223423217102244,37.629550211001195,10.804193783673691,10.667776935770728,14.833220107726357,12.689435087581787,7.692311045353591,15.31824178943555
safmnpp,ami,small,031,031_up,m8,11.179048189002032,37.64675532618153,10.809779080453534,10.799922202907322,14.758500722898377,12.721959038831198,7.575002899191304,15.218520157757471
safmnpp,ami,small,031,031_up,rep8,15.125108244266848,36.33381869462771,30.433593940960595,18.56837699968509,17.084038993583746,13.12430219162266,7.510713052871212,15.031210495410473
safmnpp,ami,small,031,031_up,ref8,15.990090652836024,36.09229434963148,40.88892630616403,14.424378456756557,15.90913593614223,13.370801137589847,7.565310596724763,15.32324190718365
safmnpp,ami,small,031,031_zoom,m0,11.132031776307056,37.665059235135665,12.659674007523401,13.220660741324611,11.330796234672095,8.00728860258169,8.486322842578428,15.209917186035657
safmnpp,ami,small,031,031_zoom,m2,10.649669794579475,37.857442186908294,10.369550962158689,12.368673785842349,10.72642609494062,8.162531038073785,8.570378421087392,15.022334749214663
safmnpp,ami,small,031,031_zoom,m4,10.566005652920186,37.89169522164975,10.085456894313827,12.380259557277913,10.713504558300896,8.013791540505368,8.481798887621776,15.027660111585684
safmnpp,ami,small,031,031_zoom,m8,10.571168360580783,37.88957371241504,9.95963361238708,12.15766678934106,10.791857377451793,8.083393968445955,8.515072224396373,15.157919785143513
safmnpp,ami,small,031,031_zoom,rep8,13.496476186300438,36.828599681218805,23.424087508789388,18.221988356121408,13.080134537373219,8.353993649556564,8.549796364947493,15.126048680455531
safmnpp,ami,small,031,031_zoom,ref8,13.975916188897768,36.677000732725695,31.296348623908177,15.03755939761412,11.553579840314574,8.410163298083225,8.555433891967612,14.992599537460288
safmnpp,ami,small,032,032_back,m0,8.768724147843887,38.70143952890662,7.579075298787458,10.918700576633531,11.021193190659872,6.592839209756212,8.332936584603953,8.79246155161362
safmnpp,ami,small,032,032_back,m2,7.660176435007559,39.28841588119412,3.866643667268368,7.682729477290143,10.174405519914936,6.221054471667977,8.183794689921509,8.808667607754648
safmnpp,ami,small,032,032_back,m4,7.779661308042757,39.22119670722684,4.04579198043886,8.521406928149538,10.236386644195228,6.038214600006293,8.150766576768046,8.873500649319311
safmnpp,ami,small,032,032_back,m8,7.714115343304381,39.25794232613994,3.921959113268971,8.1348619863746,9.999923028420106,6.17500712579349,8.178630643819236,8.898974166321544
safmnpp,ami,small,032,032_back,rep8,12.27668130101103,37.23999379034217,30.982326334846295,13.436291208704167,9.93576627467948,6.531375927773376,8.558582077119153,8.985056509911692
safmnpp,ami,small,032,032_back,ref8,15.92029165368986,36.11129341283602,57.85586190091494,10.317347515369306,11.513031521763715,7.214817059306781,8.812837253325327,9.033685102064169
safmnpp,ami,small,032,032_down,m0,10.241850349520087,38.02701935088383,14.561777012837132,11.255994118416371,8.6112762506159,9.250565252307233,7.857414393098285,12.34623954354467
safmnpp,ami,small,032,032_down,m2,9.07072312358547,38.554384502064366,9.053894645874623,8.838702256491635,7.824900620111016,9.238728936586584,7.800942154627993,12.377735845996968
safmnpp,ami,small,032,032_down,m4,9.235700139711552,38.47610536859094,8.715763847953456,9.27698737521061,8.273833384260831,9.565913340256959,7.833515171906832,12.698295627927957
safmnpp,ami,small,032,032_down,m8,9.09978719692705,38.540491246216455,8.742077982546416,9.163891694888044,7.814449163038856,9.109024016421044,7.889444514773557,12.469157925442556
safmnpp,ami,small,032,032_down,rep8,13.496389714222937,36.82862750660513,29.92587608370342,20.536739764848697,7.862403814875289,8.934102710935337,8.019340584914573,12.522795180553931
safmnpp,ami,small,032,032_down,ref8,12.789869594761708,37.06214244423981,32.11472267975098,11.671306944006854,8.688590853065707,9.818645846885715,7.903097693703947,12.347781929923643
safmnpp,ami,small,032,032_front,m0,8.923400011378517,38.625499992233266,10.700954717476675,15.163690495703268,8.099052880580304,5.7405752424524215,6.270579087924987,10.539489302689049
safmnpp,ami,small,032,032_front,m2,8.352492356692085,38.91264273977433,5.558486208433329,15.14463581720846,8.942378295569041,6.010839370690073,6.3129053649548705,10.510477378218411
safmnpp,ami,small,032,032_front,m4,8.175331277239911,39.00575000885767,5.823115748160297,14.547120769792885,8.756298236970608,5.743177266779352,6.191088482480472,10.250003478575728
safmnpp,ami,small,032,032_front,m8,8.00265003795077,39.09846535590852,5.206869173579151,13.91747014584201,8.311343566806967,5.688603300364893,6.2762731664221825,10.374609821159588
safmnpp,ami,small,032,032_front,rep8,13.84039124556541,36.71931993768234,30.843437037798207,27.155098528395573,11.798030661227651,6.622598114161977,6.586047553566398,10.474719090976846
safmnpp,ami,small,032,032_front,ref8,15.104173155774326,36.33983405089351,50.78152664437925,18.23434076128061,9.35476170582234,6.156565224151558,6.4903016168916,10.666013670065237
safmnpp,ami,small,032,032_left,m0,9.351894614043026,38.42180756725832,16.330652017213296,18.62471535266494,8.074559834559814,4.812639040878716,7.129718757361272,5.049924310671737
safmnpp,ami,small,032,032_left,m2,7.920538403557557,39.14325656835654,9.756906578289128,15.363648531615983,7.171437462118745,4.596056122258866,7.136653879068954,5.128371965399906
safmnpp,ami,small,032,032_left,m4,7.62526310799645,39.308255273566786,9.408001758383588,14.892377711395817,6.945387016114293,4.552364539285841,6.700660662446283,5.0678214167462645
safmnpp,ami,small,032,032_left,m8,7.578694868531129,39.33485938903106,9.004358498974605,14.168106542239743,7.11634455245314,4.5477029152346455,6.8927864366769915,5.1669370561876455
safmnpp,ami,small,032,032_left,rep8,14.118512104920606,36.63291430346946,34.41792760968556,33.92128778335507,11.30766637850598,4.88449649786342,6.939878440311831,5.104621221862025
safmnpp,ami,small,032,032_left,ref8,13.362315960517039,36.87198624157704,41.83481799732682,23.85947335998528,7.845983193046602,4.557770605694697,6.7885184878447165,5.11103993135735
safmnpp,ami,small,032,032_right,m0,12.429422397048626,37.18629413690706,17.15494117744439,25.659013941045302,13.35896057900672,7.077913051874705,8.48821234129112,9.294496481030494
safmnpp,ami,small,032,032_right,m2,10.022246786279885,38.121152683285466,5.785701084964704,19.957159879072478,11.211353738354504,6.420492956716342,8.917060071782103,9.638031597687489
safmnpp,ami,small,032,032_right,m4,9.87006708410185,38.187602564093936,6.021560387947046,19.47846038170057,10.950146543546618,6.402692978301056,8.748560777976573,9.441253580552672
safmnpp,ami,small,032,032_right,m8,9.463179524596987,38.370432817614315,6.032484115598199,18.462872487486525,10.0848772097066,5.8489270113243155,8.43279079755855,9.372254488619765
safmnpp,ami,small,032,032_right,rep8,12.45744684898068,37.176513179843695,29.653034397006383,16.119848122095338,9.19838432279925,5.756015538012346,8.777598075140475,9.656886339122094
safmnpp,ami,small,032,032_right,ref8,19.050072236423656,35.33183734041537,65.3582026286284,25.467686554049692,11.542713597020073,6.226936620485017,9.112790553553866,10.009381183408967
safmnpp,ami,small,032,032_up,m0,9.19128948896238,38.49703916004625,14.748578143653374,9.164524071268628,6.299608970866582,8.494505478204623,6.366331547214976,12.577915578920248
safmnpp,ami,small,032,032_up,m2,8.926583301755947,38.62395098746881,11.156793586277109,9.964386054908168,6.5866110121185635,8.86999555808312,6.598587610742225,12.434339211547123
safmnpp,ami,small,032,032_up,m4,9.026638823694183,38.57554295168405,11.256742998442215,10.689674972019477,6.543771010841802,8.97166942330617,6.6695296522433765,12.23218663553435
safmnpp,ami,small,032,032_up,m8,8.884026013714973,38.64470539312464,11.218345764651277,10.502395215484675,6.350963995869285,8.756644274353864,6.493847663096501,12.180955521050196
safmnpp,ami,small,032,032_up,rep8,13.289155228787578,36.89582986481744,35.040736043592815,18.072076006445133,7.813652149662448,8.413146519722886,6.464363254270459,12.438319582452781
safmnpp,ami,small,032,032_up,ref8,16.082200106239004,36.06734899251584,63.112675821415436,11.847232115881184,5.9917127463560576,8.154991954656337,6.316206311937109,12.579802931486268
safmnpp,ami,small,032,032_zoom,m0,7.278305285465198,39.51050092935595,10.134465320311032,6.682478888686616,5.456378993458223,6.062487639203661,5.153600463174136,11.45811507663945
safmnpp,ami,small,032,032_zoom,m2,6.810419542440326,39.79906494277525,7.651399933027834,6.261664117046431,5.353637021121682,6.1420922713773,4.9759165492643564,11.397429935073406
safmnpp,ami,small,032,032_zoom,m4,6.530766757382231,39.98116187410428,6.639328822309378,6.2248935334542175,5.086720514173064,5.93860735092639,4.980397320664627,10.920286326271501
safmnpp,ami,small,032,032_zoom,m8,6.616398714331237,39.92458692283459,6.4765853531674775,6.411033522986757,5.105923975470551,6.204897030417189,5.026355455625541,11.135333199283865
safmnpp,ami,small,032,032_zoom,rep8,10.742685340400987,37.81967505691949,29.144129769572334,12.069838079103587,6.256458052192635,6.560366600840283,5.164590692339965,11.555032230190427
safmnpp,ami,small,032,032_zoom,ref8,13.32946882617967,36.88267517564734,51.3746404255853,9.070247496648422,5.584399104377705,6.615136539804872,5.136183289714595,11.557672989723361
safmnpp,ami,small,033,033_back,m0,6.252800682039053,40.17005775793548,7.732707601635721,8.336496875398506,5.411933127208045,5.3920649867744395,5.699168054204661,5.729204307829381
safmnpp,ami,small,033,033_back,m2,6.03089721529434,40.326984340237,6.415085018449239,8.161779284249985,5.314205037218137,5.255727898549368,5.725726980292656,5.721056130326256
safmnpp,ami,small,033,033_back,m4,5.985510316190994,40.359791772102454,6.469815189425049,8.125834488657256,5.2033886608502735,5.293664752422835,5.669669195835252,5.603836798985187
safmnpp,ami,small,033,033_back,m8,5.960368822153672,40.378072265521325,6.3710766804738475,7.723196706233198,5.124925602621738,5.356761916031183,5.745452310095315,5.699562350053585
safmnpp,ami,small,033,033_back,rep8,9.120624130958511,38.53055802434587,17.52944077415457,17.90355311671887,7.1179934399202525,5.525345625708459,5.841592051992672,5.963135948481774
safmnpp,ami,small,033,033_back,ref8,9.382735738014663,38.40750876145934,27.83240413862094,10.334064236069501,5.684222877783483,5.535268846773161,5.8556437029525625,5.825113028866962
safmnpp,ami,small,033,033_down,m0,5.109157872072434,41.04731038355816,5.760785897248671,5.101154312509646,5.1378856652193265,4.883438466004048,5.207813473219774,4.5405547293962645
safmnpp,ami,small,033,033_down,m2,4.997726591181781,41.14307867218521,4.635120012418669,4.960869719493693,5.24421905251018,5.073570984168662,5.273591708941584,4.574616567403942
safmnpp,ami,small,033,033_down,m4,5.046497646060005,41.100902858553646,4.6947610088552745,4.95729547660625,5.26828419148978,5.259922890932484,5.287744134695991,4.650522327803729
safmnpp,ami,small,033,033_down,m8,4.9199271084342655,41.21121692376826,4.5386079781233795,4.8754326355913955,5.085038471717038,5.108894823386085,5.166525597341937,4.5572918931334705
safmnpp,ami,small,033,033_down,rep8,6.807344313545864,39.80102643215968,14.18613208284347,8.575758123607017,5.663363287214441,5.162846547015961,5.174414315526918,4.643147612406344
safmnpp,ami,small,033,033_down,ref8,7.4680777754629935,39.398715286558776,21.84728994574626,6.1397987459592915,5.254906789958998,4.850875479180065,5.167760432323014,4.663451317213091
safmnpp,ami,small,033,033_front,m0,7.002411498490315,39.67832732263441,9.071232727570825,7.675179673365553,6.34916970520428,6.689255928053728,7.029350437388752,5.48342290911158
safmnpp,ami,small,033,033_front,m2,6.58768442192103,39.94347574423166,6.332823116312176,7.470209476342826,6.469507997989656,6.722287250623031,6.933185083812208,5.492445312931864
safmnpp,ami,small,033,033_front,m4,6.563347348110031,39.959549720954136,6.507809175984845,7.449097554028977,6.316456243548877,6.642206564328992,6.901120329704323,5.445221916717006
safmnpp,ami,small,033,033_front,m8,6.564806850175639,39.95858408071796,6.519783145764721,7.352462591062183,6.429088376690366,6.675967337776519,6.912767757686686,5.396250888679294
safmnpp,ami,small,033,033_front,rep8,9.770389352241162,38.23168490070263,23.626776516056754,12.426666652278165,7.114718934702999,7.0299328444673,7.216888357371418,5.3432268648879635
safmnpp,ami,small,033,033_front,ref8,11.892215591430038,37.37817587031974,41.45262533805602,10.093388714239085,7.105836440662216,6.787527782474635,7.005113459265088,5.741582322099492
safmnpp,ami,small,033,033_left,m0,4.328980534720797,41.7669472785733,4.655764662222873,4.361205927825557,4.351520959126027,5.1198526016376995,3.6886359555182358,4.762743310751213
safmnpp,ami,small,033,033_left,m2,4.176266984526988,41.92292105978957,3.7590951073595074,4.325880350118113,4.386537298268094,5.144965131204878,3.621627570095632,4.708169720081218
safmnpp,ami,small,033,033_left,m4,4.0818613388970375,42.0222211324991,3.625140553133575,4.058522964022408,4.1413754004421675,4.975529535868591,3.6282422172761035,4.724973622449357
safmnpp,ami,small,033,033_left,m8,4.035622582057827,42.07169817325338,3.6660437002770494,4.046141057522042,4.090069709121792,4.835509854996362,3.5506354814287335,4.706444807513034
safmnpp,ami,small,033,033_left,rep8,5.129320175965752,41.03020551972706,7.563978421078149,6.235876970179332,5.0108142945478304,5.445081305577912,3.843644940701455,4.751053642294489
safmnpp,ami,small,033,033_left,ref8,5.502023118318916,40.72557949998316,11.334759914060104,5.413325949016334,4.6485979273167155,5.04685385083556,3.9112030155111435,4.881500662228049
safmnpp,ami,small,033,033_right,m0,7.736400211134564,39.24541432756823,8.59436497370976,7.905444513383849,10.294414760299704,9.149763033857836,6.376528910185033,6.94658776597084
safmnpp,ami,small,033,033_right,m2,7.545945342646094,39.353667057057116,6.87735017548551,8.2902121411956,10.199375653476787,9.112230285166127,6.371599210803258,7.020519472872333
safmnpp,ami,small,033,033_right,m4,7.446951318961279,39.41101846016832,6.830153126687622,8.250611849472316,10.301070993713864,9.050776144329289,6.203386897999314,6.812355148506584
safmnpp,ami,small,033,033_right,m8,7.396664508091119,39.44044440096113,6.6705410842524255,8.180611456250416,10.091272329995945,8.952994980339335,6.222070328239523,6.866425100593161
safmnpp,ami,small,033,033_right,rep8,11.931958211760836,37.36368637166274,30.742569414467912,14.906878111705064,11.588718843071655,9.374902394107522,6.54847058661084,7.113210997115412
safmnpp,ami,small,033,033_right,ref8,12.903689136645166,37.02366468968859,43.73937471424971,9.450821580355337,10.289764596993043,9.154863598976684,6.588417943549448,7.3765266977972415
safmnpp,ami,small,033,033_up,m0,7.0309928886473285,39.66063702190526,8.853053958084915,7.823998480983414,6.39716085754064,8.088882963645604,6.394142256135125,6.02011440982615
safmnpp,ami,small,033,033_up,m2,6.792836061388164,39.810292274333186,6.854242636331639,7.859082657969539,6.606621847456386,8.01401116583625,6.453035490022006,5.994723063606788
safmnpp,ami,small,033,033_up,m4,6.7720931841818475,39.82357435486308,6.712975281677042,8.075846849000117,6.6725034654256765,8.176244577964866,6.417537670976585,5.754490502785709
safmnpp,ami,small,033,033_up,m8,6.712581117672957,39.86190813930148,6.636554772653006,8.086853612068138,6.684456018762703,8.189988696429891,6.30840705133644,5.658512366516305
safmnpp,ami,small,033,033_up,rep8,9.078414273327937,38.5507036394211,19.25701020652249,11.453308656237937,7.336556366253784,8.54298322954516,6.481626324802437,5.8400174163175835
safmnpp,ami,small,033,033_up,ref8,10.015219342715923,38.124198956768545,29.64770734261493,9.023058208311898,6.224348341228733,7.8509027317819085,6.431163566475041,6.081835669325741
safmnpp,ami,small,033,033_zoom,m0,5.923384429065511,40.40510441496595,7.335545174591881,6.182441096871589,6.768318120956966,6.254318292606656,5.541413849328091,4.593914195208514
safmnpp,ami,small,033,033_zoom,m2,5.797443289344809,40.498438518105935,6.2095262229321415,6.547441802182841,6.80331755151087,6.1505186242845635,5.5346510300103695,4.54530302545169
safmnpp,ami,small,033,033_zoom,m4,5.704120720414028,40.56891652640007,5.9351340944888475,6.093754341571398,6.747105673814523,6.164789359717776,5.523161571646462,4.608010291128291
safmnpp,ami,small,033,033_zoom,m8,5.6548275378106565,40.60660996614271,5.696031073510567,6.098187774894862,6.602268589008255,6.100683865891889,5.531258262720271,4.631889234917039
safmnpp,ami,small,033,033_zoom,rep8,7.517140225511251,39.37027709172069,15.101843241481706,9.698603650188065,7.40311480410197,6.280079468988381,5.542748719492069,4.60383010545181
safmnpp,ami,small,033,033_zoom,ref8,8.108188269170547,39.04156536570594,22.26051349977609,7.205263688364386,6.912783835793597,6.09464473609606,5.563697017610772,4.586632765802636
safmnpp,ami,small,034,034_back,m0,6.0371061316646,40.322515500978994,8.378442133014165,5.173027036477492,6.457228696702624,5.175404387795984,5.161559781897834,6.740447715703875
safmnpp,ami,small,034,034_back,m2,5.67582594246967,40.59051292155768,6.489750110700924,4.694574344003111,6.322445922669679,5.070284665177041,5.067791604311871,6.838937843025878
safmnpp,ami,small,034,034_back,m4,5.68075950763844,40.586739568602056,6.3375015109051365,4.714832877214449,6.407311062558755,5.229970865804597,5.188130178236662,6.589210160447722
safmnpp,ami,small,034,034_back,m8,5.726902527199776,40.551605694534665,6.4542349463249185,4.916509054197747,6.580212071406432,5.0860053209943175,5.125499287214056,6.70525398156472
safmnpp,ami,small,034,034_back,rep8,8.182811681623361,39.00177804384825,20.779394222817285,9.101365500314579,6.244960025446223,5.09268032095421,5.12739648507353,6.673724254094459
safmnpp,ami,small,034,034_back,ref8,10.159546240016486,38.06206049559546,37.32334940463305,6.9386746850801835,6.4265851887126955,5.065545351861826,5.07478232162827,6.564524102243487
safmnpp,ami,small,034,034_down,m0,7.080231195876362,39.63032921616843,13.005838040393519,7.392042168549707,7.63626726001766,4.565779826894268,6.526524159396022,4.458038588178886
safmnpp,ami,small,034,034_down,m2,6.604327074682635,39.9325178761386,10.696453781152062,6.659469925882188,7.346989505368637,4.468244156368748,6.458416961771575,4.4676201755732174
safmnpp,ami,small,034,034_down,m4,6.485866527694383,40.01112353762263,10.551081688843302,6.644308155822466,6.883715209225055,4.355529608724146,6.402926343669538,4.402907347994342
safmnpp,ami,small,034,034_down,m8,6.598619189480491,39.936272951939806,10.492719819925773,6.742313793758649,7.242718811691444,4.580189737192021,6.446669945017173,4.557194974955185
safmnpp,ami,small,034,034_down,rep8,8.84828486555465,38.66221264815631,18.269485096992167,14.34021503195668,8.685625613858763,5.092539853233032,6.429978180394584,4.5258203126645995
safmnpp,ami,small,034,034_down,ref8,8.355633953018172,38.91100954890711,21.581107834270036,9.036434000528182,7.514005679194511,4.315707619529136,6.318521973372177,4.455272914522118
safmnpp,ami,small,034,034_front,m0,5.9969684416759215,40.35148597446516,9.851651483882463,5.114924515618592,6.228057084843658,5.636834149231873,5.600074842116547,4.4516242378839275
safmnpp,ami,small,034,034_front,m2,5.544800387599206,40.69194444670305,7.6851586380619,4.631652685804165,6.003730029832937,5.309496326224639,5.505197951125648,4.45222130011444
safmnpp,ami,small,034,034_front,m4,5.349789805145372,40.84743642072627,7.771154832668379,4.397554833637043,5.430320329437175,5.012594886502733,5.301231328272123,4.398329264675606
safmnpp,ami,small,034,034_front,m8,5.564563175464955,40.67649283469632,7.507880709142285,4.669524107890519,6.009842056120963,5.234188848300861,5.632713133510202,4.475826223486039
safmnpp,ami,small,034,034_front,rep8,7.835502677689303,39.19013497505066,19.49549562993752,8.533031265066622,5.861605629124765,5.337703830953426,6.0215607905835915,4.531547293860594
safmnpp,ami,small,034,034_front,ref8,8.835618380382467,38.668434108972555,29.523226074128072,5.98290418023714,6.074119296277392,6.018152451976054,5.591656429819134,4.49581823762333
safmnpp,ami,small,034,034_left,m0,6.781361559087465,39.81763460771903,13.37301811533219,8.579745813012709,5.601516009785271,4.610887026071089,5.114507423750603,5.617151557298875
safmnpp,ami,small,034,034_left,m2,6.652367241033407,39.90104144621098,11.970794882996861,8.564850731867928,6.013593420307274,4.4939114408706535,5.093058724817162,5.824840398451136
safmnpp,ami,small,034,034_left,m4,6.445885436737736,40.03797778375238,11.357832794875106,8.321086004818838,5.921936217912432,4.344658435104099,4.892321040704572,5.8390635872946115
safmnpp,ami,small,034,034_left,m8,6.468374079262574,40.02285232771808,11.600172128024356,8.528293225830115,5.993869124362116,4.3600291275163165,4.860199571910174,5.631688834259959
safmnpp,ami,small,034,034_left,rep8,7.363469291240012,39.45997880898999,17.842332687699038,8.3997507689819,5.536802614297057,4.3281314118202445,5.146518203497416,5.725097458968366
safmnpp,ami,small,034,034_left,ref8,7.620952187680939,39.310711239088114,19.767832711306458,8.726308830959292,5.820359609462588,4.408029383107009,4.863784675675853,5.746896271221525
safmnpp,ami,small,034,034_right,m0,7.0049496283996975,39.67675344184976,12.629661209340396,8.290271151856533,9.920168332592004,5.5179561040118745,4.453912028995934,5.4857518928206686
safmnpp,ami,small,034,034_right,m2,6.552448606731895,39.96676737567513,10.083895876227988,7.494997783222568,10.058048886075367,5.472468066881979,4.4540140981107825,5.4116683185108485
safmnpp,ami,small,034,034_right,m4,6.409110349613207,40.062826117030156,9.87790011110742,7.419827260901815,9.49868250284584,5.095080786416916,4.427934496109682,5.466724897825234
safmnpp,ami,small,034,034_right,m8,6.606937492362673,39.93080162860922,9.947649242018583,7.606719527098665,10.271518063249802,5.4861609289245825,4.469654711246501,5.565496323383375
safmnpp,ami,small,034,034_right,rep8,9.812764224838832,38.212889968629284,25.88016341922601,14.676130699850695,10.596455611605935,5.792634287874723,4.583344957020086,5.615543940097859
safmnpp,ami,small,034,034_right,ref8,11.165563232790587,37.651997254691075,39.59132613284091,11.844289818529576,10.054231394384912,5.327648190566804,4.431079821791197,5.595638637457108
safmnpp,ami,small,034,034_up,m0,6.832882200090564,39.78476427382401,14.693304191346234,6.528963299206979,4.484956168814606,4.350313083060808,5.516323969865948,6.507959440322952
safmnpp,ami,small,034,034_up,m2,6.598448591665945,39.93638523398718,12.724668638731078,6.48372742952505,4.382248196128079,4.331930617726386,5.437961015205577,6.971058286574933
safmnpp,ami,small,034,034_up,m4,6.420176010802961,40.05533426339142,12.140676061380686,6.423823089742561,4.367640535384044,4.165981989798285,5.439020705783126,6.567477542605728
safmnpp,ami,small,034,034_up,m8,6.5279483448939235,39.983036516442084,12.071301856686699,6.608225030251281,4.555027484941786,4.5979345402786835,5.5609178671328605,6.479820141523089
safmnpp,ami,small,034,034_up,rep8,9.223218480612628,38.48197864492887,24.58653367853234,11.1875121821316,5.547344538942561,5.100275692353235,5.901312187937614,7.100187426791619
safmnpp,ami,small,034,034_up,ref8,9.555142027589026,38.32843214077635,33.20131117081947,7.6887358135621815,4.53050162006812,4.2500840919949265,5.626973992090626,6.5232502590253745
safmnpp,ami,small,034,034_zoom,m0,4.370754641455852,41.72523933433999,5.513465318475268,3.6573322783212983,4.053375749149274,4.57085120058843,4.52540083245258,3.794424380667471
safmnpp,ami,small,034,034_zoom,m2,4.038667431851412,42.06842268643292,4.0430820350238665,3.1902820226437307,3.8327067830576866,4.505467587538434,4.423176463228137,3.7737021474872043
safmnpp,ami,small,034,034_zoom,m4,3.914137838303321,42.204442453812696,3.7654259607589298,3.0361678395336194,3.7147547673580767,4.410323105653014,4.283912443532813,3.795126649543385
safmnpp,ami,small,034,034_zoom,m8,3.969681315360703,42.14324717715787,3.8002939355530168,3.1175067533781093,3.695018891056444,4.499419458559394,4.3817415863212705,3.7979298112989
safmnpp,ami,small,034,034_zoom,rep8,5.982928589250021,40.36166541626022,13.693588292546806,6.902037070729303,4.76175492393283,4.645443501965631,4.491141533396346,3.771236019115245
safmnpp,ami,small,034,034_zoom,ref8,6.832393063043275,39.78507517794637,22.439777863742584,5.12139290053425,4.36283785048488,4.509206324632844,4.285359791946907,3.806196551560999
safmnpp,ami,small,035,035_back,m0,4.877298385447029,41.249010350099766,5.531181135934641,4.87008576883168,4.62026606803552,4.116283100266004,4.977382717099436,4.8213036176092725
safmnpp,ami,small,035,035_back,m2,4.710820232917514,41.39983829192097,4.535051325024019,4.769375670930844,4.314596523360906,4.127931658943261,4.984692872063149,4.9082831836830785
safmnpp,ami,small,035,035_back,m4,4.623184484946071,41.4813913686624,4.401912135539576,4.690995135762825,4.22158852395626,4.065633145474108,4.98011863182106,4.6805583573567855
safmnpp,ami,small,035,035_back,m8,4.620701920590917,41.4837240758789,4.423432096396132,4.713836063793168,4.280122542598398,3.939515158613068,4.937695550917876,4.7514384296824534
safmnpp,ami,small,035,035_back,rep8,5.980959009106431,40.36309534911227,9.844011294376314,7.776530824824909,5.017914032181463,4.509888326939092,5.081831160147408,4.9189311476302375
safmnpp,ami,small,035,035_back,ref8,6.238660634384444,40.17988998995003,14.01996615902388,6.186502735549307,4.678264423161673,4.110584662291109,5.032570019697677,4.843129882548599
safmnpp,ami,small,035,035_down,m0,5.268604822757935,40.91384735787594,7.353301080971714,5.530413649798209,3.264100848477597,3.6449438425806076,6.027765357865802,4.352693595709644
safmnpp,ami,small,035,035_down,m2,4.902353410626971,41.226757445367824,5.626650684604933,4.729044878820201,3.1051672155689496,3.6816530798352485,5.968891174062469,4.3937146939822425
safmnpp,ami,small,035,035_down,m4,4.893909035656867,41.23424468120105,5.762217412386152,5.017616817376231,3.0150755932393474,3.621215142126161,5.863277026670312,4.328498147147371
safmnpp,ami,small,035,035_down,m8,4.937112283829996,41.19607356457119,6.077199095552628,5.156821021953271,3.0581526172725617,3.6286612336344963,5.736577989265692,4.433846428624808
safmnpp,ami,small,035,035_down,rep8,8.032158387268185,39.08248097068166,19.559588975992337,12.39899679538445,4.285357032272472,4.108760896275853,6.121910505697066,4.416296669858888
safmnpp,ami,small,035,035_down,ref8,7.6660129197559295,39.2851081401976,23.69599653734429,7.082197353032589,3.2786832966400836,3.5984533360435673,5.861124396210563,4.439743609752319
safmnpp,ami,small,035,035_front,m0,5.410723593305431,40.79825012292624,6.633593373282409,5.2443913618596945,5.011186924066102,4.646298755966694,5.706844019650576,4.7538991952487635
safmnpp,ami,small,035,035_front,m2,5.100851499862313,41.05437680686877,5.017227992647984,5.3773429642663695,4.7686280503744936,4.458724631884437,5.5740139969982385,4.686345505569914
safmnpp,ami,small,035,035_front,m4,5.05936524994605,41.08984327375509,4.942438981965984,5.156121220584574,4.724975998448851,4.365822731892989,5.6184589823468025,4.671120358187417
safmnpp,ami,small,035,035_front,m8,5.135086419529935,41.02532604033121,5.01112233551486,5.335763612419898,4.758942562622276,4.412498389853924,5.69633998919722,4.718767914490041
safmnpp,ami,small,035,035_front,rep8,7.6221931572240305,39.31000410651964,13.96179964492755,14.018651051123488,5.860587997856652,4.84049195505387,5.6294116543601165,4.71019886750799
safmnpp,ami,small,035,035_front,ref8,7.097333754812773,39.61985132296015,17.99453098526137,6.764751160321068,4.963470633286565,4.3853960213884084,5.63475815132706,4.7044479518465865
safmnpp,ami,small,035,035_left,m0,4.706944693352755,41.4034126549584,5.213285724305562,3.6783188616012605,3.2462748762489184,3.588824768950241,5.638584745742863,4.953331169566092
safmnpp,ami,small,035,035_left,m2,4.456120893383349,41.64123396247777,4.038274754463125,3.2582309272814913,3.182888960034152,3.5987275148956055,5.586012301206047,4.884799671260632
safmnpp,ami,small,035,035_left,m4,4.331213102327297,41.764708086578075,3.858133807616394,3.1978523834482298,3.043774406146735,3.5227502654665397,5.371335721822779,4.905378989447808
safmnpp,ami,small,035,035_left,m8,4.281840238435794,41.81449901753521,3.8127847683652822,3.124575031993862,3.0169215052305014,3.451728730923542,5.308129267717503,4.894487385672036
safmnpp,ami,small,035,035_left,rep8,6.7380244081065,39.84547781013137,11.930741007361666,10.76775448632835,4.682158543717022,4.113977803300469,5.582935131311285,4.94488079866878
safmnpp,ami,small,035,035_left,ref8,6.201870488322222,40.205576681046686,14.872661937937542,4.936898688326708,3.5115159621354164,3.755568919121678,5.557796987615158,4.876627360811947
safmnpp,ami,small,035,035_right,m0,7.342493071539908,39.47236815478099,12.405836241452283,8.473745559844625,6.990048072144153,5.711006125524535,7.021744757248374,4.425162646989676
safmnpp,ami,small,035,035_right,m2,7.123429318459635,39.603912414539415,11.123884647076665,8.128896473529746,6.380272295864688,5.839962208772314,7.12665176644766,4.559485520101701
safmnpp,ami,small,035,035_right,m4,6.9090610461111766,39.7366133088888,10.787979915920971,7.858070198500716,6.0363234449301615,5.452462625387798,7.059657473812591,4.394237276215636
safmnpp,ami,small,035,035_right,m8,6.946295552832842,39.713271030227816,11.003164628048072,7.970952404111577,5.916258465076229,5.3637686327257965,7.045743923459255,4.516867244684073
safmnpp,ami,small,035,035_right,rep8,11.663550400096746,37.46249590507897,35.03340475226844,17.266519707231666,7.425720240972821,5.7149208231312905,7.084396913291334,4.550413949226377
safmnpp,ami,small,035,035_right,ref8,13.236099905316559,36.91320324338092,52.87142634762149,11.48584682528372,6.439197126567723,5.706321329061122,7.03042977123057,4.527316688143078
safmnpp,ami,small,035,035_up,m0,5.7145532935497325,40.560980735957095,7.4019099002936555,5.672814706510929,5.032730599367789,5.447160449019935,5.809527470246159,4.870868890739859
safmnpp,ami,small,035,035_up,m2,5.4653429768867134,40.7546293963334,5.63830852901021,5.516924560481685,5.176764466212064,5.488148853682663,5.800326722066583,4.839262523040116
safmnpp,ami,small,035,035_up,m4,5.49314855931311,40.732590164219246,6.031191000030354,5.465732159649653,5.165730437881255,5.397185786042584,5.768579016782516,4.851136972356544
safmnpp,ami,small,035,035_up,m8,5.49487358641225,40.73122655255827,6.109256464076326,5.702014853058624,5.2383925629699215,5.25098486486631,5.672219553458999,4.8524618411358
safmnpp,ami,small,035,035_up,rep8,8.594247201656648,38.78872519459125,17.352096927095353,15.474195862277165,6.972898125073439,6.060952886365502,5.703348244325291,4.90334510122657
safmnpp,ami,small,035,035_up,ref8,9.401301987776455,38.398923575926105,31.205077913749765,8.982970252185254,5.583824135068934,5.530035140993825,5.601280521078898,4.833515821880646
safmnpp,ami,small,035,035_zoom,m0,4.761602623003553,41.35327212100145,6.124541865779782,4.16431647553625,4.415311374368872,3.8623149459061397,4.932974972144883,4.589634294064123
safmnpp,ami,small,035,035_zoom,m2,4.522147080566693,41.57735677418559,4.77646649987503,3.843630153840333,4.22852942256623,3.865868285891984,4.956406323060692,4.590920001108768
safmnpp,ami,small,035,035_zoom,m4,4.477990528947541,41.61997190166697,4.586851142400674,3.707262278308077,4.190367316755154,3.8074679201026256,4.992019701167405,4.580526865508458
safmnpp,ami,small,035,035_zoom,m8,4.435668996007573,41.66121230643027,4.6313922280859945,3.747228427264026,4.140739079637939,3.716143554036448,4.888574886000819,4.561487926169562
safmnpp,ami,small,035,035_zoom,rep8,6.333412692300708,40.11442572801214,13.370036579921528,7.598109876101111,5.080350115226895,4.249018922183959,4.964794736344836,4.641429085776986
safmnpp,ami,small,035,035_zoom,ref8,7.453315490272553,39.407308560626475,23.651455175478866,5.979257753566011,4.60017832291937,3.952932582997107,5.022146908076912,4.552781310673479
safmnpp,ami,small,036,036_back,m0,7.075409570745068,39.63328776153396,10.573491934570484,6.970671063298676,5.060937242803308,6.3249728287344675,6.064300047148572,8.141778648686502
safmnpp,ami,small,036,036_back,m2,6.462077560890282,40.02708194548632,6.94283041692196,6.1724060952866315,5.133050260386931,6.4807793551787105,6.010865222923303,8.02424514023188
safmnpp,ami,small,036,036_back,m4,6.441987174961814,40.04060504999087,7.158486676318817,6.156320008527998,5.003556726777951,6.361717480203091,6.097131106683894,7.750427090886437
safmnpp,ami,small,036,036_back,m8,6.484137655880287,40.012281346799256,6.950373173710609,6.263611935162448,4.992634774266507,6.35687281531122,6.143003545843139,7.997251249580027
safmnpp,ami,small,036,036_back,rep8,9.159684647977992,38.51199838946846,23.66116384610155,8.7877070322943,5.311538513680975,6.457974554279058,6.216696908325043,7.924859538011942
safmnpp,ami,small,036,036_back,ref8,11.666926674816091,37.46123892479045,43.81661575599936,7.303677256942124,4.904072899451951,6.401801285963352,6.123038667802992,8.010782903482255
safmnpp,ami,small,036,036_down,m0,4.947705709047,41.18676501102812,7.447218259574192,3.537364917568705,3.9003513984148803,5.516679154016296,5.111457814726872,4.063440532471706
safmnpp,ami,small,036,036_down,m2,4.658547034777747,41.44829876189184,5.964621716659587,3.5161670669915335,3.646610123675389,5.232119956038551,5.065506105438472,4.0231707254316245
safmnpp,ami,small,036,036_down,m4,4.740450654928961,41.372607306609986,5.851277986143645,3.4719190875459156,3.6914518142505575,5.420057217776913,5.259418410174537,4.0963805414532874
safmnpp,ami,small,036,036_down,m8,4.739795141536581,41.373207894096204,5.837559908981325,3.414532424114986,3.846633070724119,5.759788908787353,5.136258526214857,4.066348858935686
safmnpp,ami,small,036,036_down,rep8,5.631354948914731,40.62467458727266,10.51437931511879,4.6459271204498265,4.531307052204259,6.281764118810062,4.960358973972241,4.1484748201874275
safmnpp,ami,small,036,036_down,ref8,5.908469948164753,40.41605329918956,14.152931969967483,3.8455930258139808,4.0791727622283185,5.757790159236097,4.991875862977972,4.028924086560576
safmnpp,ami,small,036,036_front,m0,5.142449323738805,41.01910340234554,7.014209986318586,5.170769464917405,3.2643917998919583,3.559521413162355,5.310120195079348,5.56885357737691
safmnpp,ami,small,036,036_front,m2,4.8884895740718175,41.23905667587835,6.444369559341477,4.607847966475496,3.0538402943953638,3.5052483329378346,5.093808728282585,5.5616348446497135
safmnpp,ami,small,036,036_front,m4,4.838104686983958,41.284050994696706,6.027547203259931,4.613058142860411,3.0411132290886314,3.344953263362791,5.210748779030536,5.482108790913711
safmnpp,ami,small,036,036_front,m8,4.8804259889788995,41.24622629728198,6.014781986546589,4.598061812754609,3.0061081250436126,3.372374695540658,5.350547765536967,5.485203128814338
safmnpp,ami,small,036,036_front,rep8,6.537873286341922,39.97643861811656,11.18840163735379,10.80154399033529,4.10433876640823,3.9788857590664333,5.149010334840697,5.651067804352832
safmnpp,ami,small,036,036_front,ref8,6.225414379235435,40.18912096405221,15.622085291720058,5.487635649719275,3.2457233596109965,3.265602690090732,4.9963473656752795,5.566538267349637
safmnpp,ami,small,036,036_left,m0,4.121523089713982,41.98022623664464,6.510840229129309,5.125897278741101,2.571353667772671,2.2556016177389706,3.406483493123696,5.062145930265284
safmnpp,ami,small,036,036_left,m2,4.044111906398575,42.06257196229124,5.685252939694296,4.897669856147691,2.7062177679273898,2.448243590018971,3.4693785615862245,5.1040000759858595
safmnpp,ami,small,036,036_left,m4,3.9175286895067085,42.20068175217052,5.340466894883063,4.761629790532754,2.5970399683028766,2.3528556781060277,3.3854380464089533,5.042745381538351
safmnpp,ami,small,036,036_left,m8,3.8634801285902514,42.261016780297886,5.26193864847828,4.815141611753476,2.560859937789522,2.2348343389934926,3.341791979902745,4.9375870436454745
safmnpp,ami,small,036,036_left,rep8,4.590161451453329,41.51252399460905,8.779446768564089,6.5456667337541585,2.7975178164934764,2.1767027218487542,3.3517495826155725,4.928728677908378
safmnpp,ami,small,036,036_left,ref8,4.734655837171598,41.37791945310993,10.724959548079198,6.056586466366283,2.6481636440402436,2.127758746393815,3.223916862965251,4.958519687555508
safmnpp,ami,small,036,036_right,m0,6.524165812563394,39.985553707059545,9.874492865680223,6.640620130469541,4.314739010821349,4.257932574130819,6.257766641823795,7.195319933251934
safmnpp,ami,small,036,036_right,m2,6.165696423427365,40.23098223039207,8.102582618947881,6.2623857208441756,4.070646997524868,4.190201571364325,6.129951807928009,7.2608623015826845
safmnpp,ami,small,036,036_right,m4,6.163742314397326,40.2323588685245,7.813397025241751,6.19014791312525,4.0046184709497545,4.203240935236907,6.272657211157801,7.293378762563679
safmnpp,ami,small,036,036_right,m8,6.094681469564505,40.28129348144907,7.663673181196166,6.123041108304914,4.003200530825673,4.1748486269192355,6.2016465378,7.2193792999805355
safmnpp,ami,small,036,036_right,rep8,12.17545369148264,37.27595207651768,40.585317089393456,16.205087466427916,5.462087330325114,4.4263682019575725,6.339392679893681,7.403402828574347
safmnpp,ami,small,036,036_right,ref8,16.418040753450587,35.97759031515277,79.14580803993064,9.727634364819004,4.5062516333217975,4.162371496434118,6.116180722974442,7.3515748282509135
safmnpp,ami,small,036,036_up,m0,5.819101810478588,40.48224405231081,9.962496104296065,7.768889723478007,4.557338397513246,3.5860062943345965,4.51702149025748,5.853611784825729
safmnpp,ami,small,036,036_up,m2,5.481071140445989,40.74214921922397,7.896563562090027,7.187919100082846,4.48776622183301,3.4890484374810256,4.563512803165931,5.982347520734693
safmnpp,ami,small,036,036_up,m4,5.448894611995777,40.76771952646552,7.748919101895235,7.327708941033238,4.644211861059868,3.5083135545859534,4.577296668452321,5.671782700170065
safmnpp,ami,small,036,036_up,m8,5.424799003864821,40.78696709246792,7.800529973804683,7.323549446075327,4.59266338321547,3.4001655525972194,4.478149074742202,5.785838096865388
safmnpp,ami,small,036,036_up,rep8,7.573938095621926,39.33758609705452,16.277014094083587,13.26854911871756,5.212150125856131,3.5929587157650773,4.75335480891614,6.027218833672205
safmnpp,ami,small,036,036_up,ref8,7.273686613558002,39.51325775303245,19.056819401790968,9.039486541389989,4.770354242819528,3.473421750549208,4.457936198859436,6.143639832704247
safmnpp,ami,small,036,036_zoom,m0,3.3297524438726014,42.906684145257294,3.2917148487242787,2.434766419934788,3.762912903287107,2.9116558245277613,3.3972877044433765,3.8448792818548756
safmnpp,ami,small,036,036_zoom,m2,3.139021938935562,43.16286009830067,2.340555455549616,2.2735615937313685,3.7788754849462953,2.9934510079257426,3.24723004211292,3.843104018713716
safmnpp,ami,small,036,036_zoom,m4,3.081045762384564,43.24382211981836,2.3405500644811235,2.3425564919214974,3.731928860019463,2.7368472139186855,3.175150955200869,3.789007461963428
safmnpp,ami,small,036,036_zoom,m8,3.1278161946163023,43.17839136943433,2.3367470562623582,2.284506618784768,3.8615703874725167,2.7803780227302224,3.2577285122596926,3.8299130390253158
safmnpp,ami,small,036,036_zoom,rep8,4.331378112944399,41.76454263215759,6.843189533738102,5.2055389625563935,5.2167619610448215,3.05160422960591,3.3083082790430987,3.8707019993941043
safmnpp,ami,small,036,036_zoom,ref8,4.331144841462817,41.76477653287634,10.339764390052133,3.08627449916822,4.036668375682219,2.7249908185838723,3.235031959892663,3.80513876279616
safmnpp,ami,small,037,037_back,m0,5.541522886960552,40.694512296201964,8.168820874331669,5.824816892170949,5.544847096485095,4.726924277087626,3.983125526270992,6.732701251783989
safmnpp,ami,small,037,037_back,m2,5.11192306393464,41.0449605193824,6.181800255252719,5.160086393919185,5.3663353525848825,4.67183219261344,3.972569821811394,6.4964596408606665
safmnpp,ami,small,037,037_back,m4,5.226675252621214,40.94854843815119,6.097659085002937,5.373452183016453,5.762136412178848,4.945871637197231,3.9714931971106644,6.628765363390581
safmnpp,ami,small,037,037_back,m8,5.286023034509709,40.89951309575309,6.042650410885445,5.460505245034603,6.013770336230896,4.985912054730654,4.002303224345742,6.694560517643394
safmnpp,ami,small,037,037_back,rep8,6.943171376021248,39.71522475930842,14.2777442993689,8.16444550762901,6.249983547685717,5.646328283331924,4.212612912349634,6.768834214169909
safmnpp,ami,small,037,037_back,ref8,7.173254968662509,39.57364093044431,19.70357021296605,6.190210866990869,5.684888833275032,4.868194293862456,3.9583359298033294,6.610947650337189
safmnpp,ami,small,037,037_down,m0,4.8071602743744055,41.31191758790018,6.594389391898402,5.616552372365002,4.898560612795651,4.170268857246776,4.720361841720308,3.3247626809507755
safmnpp,ami,small,037,037_down,m2,4.5244432178255805,41.57515218719812,5.502027969100654,4.7499618177296545,4.817626155906864,4.372234207543448,4.635862136604066,3.2883283456620047
safmnpp,ami,small,037,037_down,m4,4.5389221913738735,41.56127622968994,5.317381776943507,4.728007422376895,4.72424523454585,4.353359477091263,4.717580839332193,3.4492764751209855
safmnpp,ami,small,037,037_down,m8,4.53675819658842,41.56334728325689,5.265670005042094,4.907085604830149,5.129156146074108,4.0767764140792115,4.624962962373486,3.4219271161210227
safmnpp,ami,small,037,037_down,rep8,5.89365431840169,40.42695701361688,12.118416063390615,7.682742503251929,5.1038937107926055,4.2989103855411495,4.70149651634102,3.5129801511761096
safmnpp,ami,small,037,037_down,ref8,6.407723930971327,40.06376568440685,16.8131831329791,7.131251241731766,4.799313879774999,4.397601656694323,4.636435176295955,3.4384905655475047
safmnpp,ami,small,037,037_front,m0,4.695058063042002,41.41439393381261,6.057129909176731,3.8350412773613436,5.768395830147779,4.38155966628401,4.688597111980108,3.7450199443273013
safmnpp,ami,small,037,037_front,m2,4.402896695654978,41.69341865059377,5.230690181834758,3.813669451937467,5.645442986173136,4.022082300003929,4.427930832625558,3.5416793384746836
safmnpp,ami,small,037,037_front,m4,4.433301531874299,41.6635308993952,5.029396338065063,3.6175948113012377,5.741650824962872,4.335188952762758,4.45249720959562,3.710260081397539
safmnpp,ami,small,037,037_front,m8,4.388658971247518,41.70748526356881,4.929656781205433,3.566197088120425,5.648056370010991,4.0975614182663564,4.483198816953585,3.7216025648511977
safmnpp,ami,small,037,037_front,rep8,6.94500808006809,39.71407605520418,17.68097201527789,9.054338173702757,6.028337886377142,4.601715458654351,4.524066829688294,3.687423489099624
safmnpp,ami,small,037,037_front,ref8,8.129123668941709,39.03036630311485,30.259757729354607,4.891324054100597,6.086399467195608,4.363643120184511,4.511112771181209,3.7517828427357847
safmnpp,ami,small,037,037_left,m0,5.3567039874606674,40.841827130323615,8.373154916058757,5.926063126283268,4.800191556605571,3.430686409500825,5.251893029755557,4.345366947723231
safmnpp,ami,small,037,037_left,m2,5.029642085823907,41.11543279526133,6.884561017712012,5.3879817052398,4.501663062087746,3.364407957358739,5.125852713438674,4.516024433613273
safmnpp,ami,small,037,037_left,m4,5.007805597028842,41.13432899646441,6.906119136286299,5.395248360384031,4.457602351214134,3.3399178795914577,5.169202007224421,4.332726731568626
safmnpp,ami,small,037,037_left,m8,4.958396862256374,41.177390768003036,6.745678932627748,5.342020354157321,4.540242462173983,3.3496415465578777,5.081013205627321,4.321516374431287
safmnpp,ami,small,037,037_left,rep8,6.405716073045385,40.06512675781813,11.640459615804417,8.997869987960469,6.059386103720082,3.7040129646580082,5.272755847820895,4.4841011280050935
safmnpp,ami,small,037,037_left,ref8,6.375595608736376,40.08559598035684,14.160428207490341,7.516556252633913,5.054323747127845,3.539472374949865,5.181126831424821,4.366951807976559
safmnpp,ami,small,037,037_right,m0,4.52810407534511,41.57163960614233,6.45286468390015,4.211078913295433,5.208878673711794,3.4971286589306776,3.5469027898935535,5.289601669366591
safmnpp,ami,small,037,037_right,m2,4.344339442152304,41.75156609642939,5.757723490048273,3.843251501582214,5.062757186867882,3.4568272959910744,3.427195615661,5.402743738194445
safmnpp,ami,small,037,037_right,m4,4.43349216134525,41.66334415922688,5.514967692947741,3.9651011986966833,5.583009253676921,3.637508986038358,3.485643872488932,5.44109642320676
safmnpp,ami,small,037,037_right,m8,4.246930903756902,41.85005165655711,5.4763359785469445,3.715843169088369,4.983420491199991,3.32786003278124,3.4101976404737426,5.325447847460953
safmnpp,ami,small,037,037_right,rep8,6.392363757579179,40.07418880323171,17.496348771587982,6.8321182818092066,5.460258149250379,3.4054325337195266,3.493273300026237,5.361140830250745
safmnpp,ami,small,037,037_right,ref8,7.858180592544101,39.17758355551687,30.212160902658024,5.07319140893083,5.338946058738107,3.20726116185072,3.4106671835190117,5.405709431184641
safmnpp,ami,small,037,037_up,m0,4.883504646514413,41.243487555941904,6.5363882734620615,3.6405611089501257,3.7515119616663966,4.797017744341869,4.8129962338471275,5.436307390060553
safmnpp,ami,small,037,037_up,m2,4.581269836920022,41.52094488381479,5.0832243047968655,3.5589908212765335,3.511262436074467,4.788312886646545,4.760792665011513,5.176886712538566
safmnpp,ami,small,037,037_up,m4,4.539357657712128,41.56085958549952,4.948117712408397,3.6454722356349816,3.4115809460467132,4.769366669813421,4.715903815241546,5.144831089496888
safmnpp,ami,small,037,037_up,m8,4.551122491807555,41.549618363260976,4.960664600314431,3.519642775417221,3.426435296811112,4.764841524381584,4.741683806576144,5.236783551445837
safmnpp,ami,small,037,037_up,rep8,6.933820768359497,39.72107749437131,17.067084769094162,7.540997104937115,4.506245371593136,5.200209500361352,4.839241545627671,5.248117095929691
safmnpp,ami,small,037,037_up,ref8,7.920707395773128,39.14316390848921,27.543442796159475,4.71235593031982,3.8900434141610787,4.709560210327538,4.796699061004733,5.526104265042891
safmnpp,ami,small,037,037_zoom,m0,4.069166902258442,42.03574857487147,6.866413936587679,4.019789344895113,3.5486022635864507,3.1339554152204894,3.6461134115973244,3.6468541505402974
safmnpp,ami,small,037,037_zoom,m2,3.5102339434696535,42.677442993957506,3.8112873770708737,3.300103960555548,3.390551045101553,3.183148465164163,3.5481003800741338,3.6359904937302963
safmnpp,ami,small,037,037_zoom,m4,3.429225368678209,42.77884332983339,3.6275383602926508,3.120680128020614,3.3053099143367923,3.0964136186277127,3.5160067543353097,3.6198950262480767
safmnpp,ami,small,037,037_zoom,m8,3.394998922794892,42.82240720049419,3.4806029038077733,3.166445385342612,3.3283075078115076,3.0745703164664593,3.4449642097164097,3.639384042060505
safmnpp,ami,small,037,037_zoom,rep8,8.272564017998581,38.954402241951676,29.384984076557707,11.820046761646342,4.654127033245115,3.467406825145977,3.487738689860957,3.6765016628791805
safmnpp,ami,small,037,037_zoom,ref8,10.24612304510055,38.02520793878893,49.264062253030154,6.60245488023789,3.778033314134045,3.229223031223654,3.6131364118095806,3.6595152500081696
safmnpp,ami,small,038,038_back,m0,6.748108291537385,39.83898317472495,7.437824841333568,7.825688642410417,6.273799835772329,5.621324835662352,6.220134734300516,7.435488523279809
safmnpp,ami,small,038,038_back,m2,6.577297313375792,39.9503288716433,5.905250320157873,7.425483165247288,6.578443998368837,5.742557751146978,6.3004472192572,7.51971509089545
safmnpp,ami,small,038,038_back,m4,6.58735429978961,39.94369338339476,6.2181480767019135,7.375853560242297,6.602121594927913,5.5183658698941285,6.318618089664283,7.4560816925004225
safmnpp,ami,small,038,038_back,m8,6.608245233999625,39.92994209455616,6.191198364850701,7.626142593374199,6.75594546901231,5.598357867689622,6.222442618288946,7.444891769534975
safmnpp,ami,small,038,038_back,rep8,7.953228682156873,39.12536890804064,12.852449440347872,9.546005974132285,7.207011345772961,6.26982221316196,6.338333057447174,7.568969516897228
safmnpp,ami,small,038,038_back,ref8,8.711393396319545,38.72992734455727,20.22841549729687,8.839970005662845,6.596872762821961,5.812566467143558,6.2867317187266565,7.421950925537292
safmnpp,ami,small,038,038_down,m0,6.9814862791691255,39.69132472037177,10.84403002156922,6.914837508779864,6.670020414860058,5.038300038398376,5.827098437670848,7.601077793201772
safmnpp,ami,small,038,038_down,m2,6.57950209210389,39.94887331514376,9.761776173477122,6.691002167278416,6.221197432643275,4.8033526559536215,5.654876572332174,7.094681495821917
safmnpp,ami,small,038,038_down,m4,6.517907788738635,39.98972148820598,9.285530545133541,7.046163315838521,6.37316931356077,4.741584896279589,5.526061527614907,7.039304786269944
safmnpp,ami,small,038,038_down,m8,6.493406402907942,40.00607775950341,9.225597377315635,6.865017488566011,6.164327285919389,4.677085104752477,5.61548851498623,7.087632742777295
safmnpp,ami,small,038,038_down,rep8,8.719429801363452,38.72592275272288,19.0371470467067,11.588139996197015,6.568546927093245,5.3898217474513395,5.967396346277224,7.289660167450437
safmnpp,ami,small,038,038_down,ref8,9.376161847490522,38.410552655145665,28.818112260915026,7.50192054490834,6.142174270469019,4.909450041685869,5.708987713758047,7.420796985303787
safmnpp,ami,small,038,038_front,m0,7.740491559166497,39.243118194802584,11.416002958582396,9.049837479839134,7.56644450186518,6.5946130939259575,7.3948936349015675,5.405208263038855
safmnpp,ami,small,038,038_front,m2,7.154609277483567,39.5849443951093,8.62024840481826,8.2831591535794,7.382467712786098,6.374832227885043,7.243751453482404,5.355849064486977
safmnpp,ami,small,038,038_front,m4,7.1244713100498345,39.60327718944848,8.436018266663988,8.097828890224747,7.2766637719406,6.279804995209969,7.290882954818114,5.501788980247381
safmnpp,ami,small,038,038_front,m8,7.1458167163343305,39.5902848811504,8.45033026275318,8.16234503749243,7.325018913666109,6.382082620291854,7.301863410568929,5.449539119644907
safmnpp,ami,small,038,038_front,rep8,9.884428355229183,38.18128802984359,20.380458199271036,13.65075062452172,9.02165843111637,7.207161345343366,7.637428471385099,5.456348629196282
safmnpp,ami,small,038,038_front,ref8,10.19767008106694,38.04579403470799,28.08082390472851,9.842867287346202,7.416364791459324,6.524802372008589,7.58852820361178,5.5719097974845
safmnpp,ami,small,038,038_left,m0,5.35649535659319,40.84199628097899,8.441857622382832,5.5192757046967325,4.48896564779493,3.8489777278753134,4.48443314756157,5.9860480944904
safmnpp,ami,small,038,038_left,m2,5.143643054233674,41.01809537995944,7.5588570364848,5.30126045042088,4.410859544114674,3.85326708517291,4.398905865824533,5.835119736736892
safmnpp,ami,small,038,038_left,m4,5.073148005137093,41.078028281628264,7.401706359675373,5.0597231929789395,4.2974362084233535,3.7432669911409815,4.278301753364288,6.102965275654736
safmnpp,ami,small,038,038_left,m8,5.068127385782808,41.082328386645415,7.279222795700614,5.14482168565012,4.4612953972899545,3.7941508104976,4.320036850896919,5.889151982396554
safmnpp,ami,small,038,038_left,rep8,6.1557077432422265,40.23802368374842,12.379170202784849,6.957897682919384,5.181204249841498,4.133741804341477,4.4506969293306655,5.841768369481689
safmnpp,ami,small,038,038_left,ref8,6.624198038712959,39.91947053118474,16.351224779107145,6.1685185369505255,4.770500294759407,3.9066879004725332,4.64746917033527,6.018154990397504
safmnpp,ami,small,038,038_right,m0,7.80048075205596,39.20958991314479,7.987268998672221,7.86539366486999,8.871811442850253,5.381273095439896,7.626276210499249,8.701556697998365
safmnpp,ami,small,038,038_right,m2,7.55598015551267,39.34789552216667,6.571423521611547,7.799848354920564,8.320846879071603,5.091790274022784,7.688476090479245,8.891331961464399
safmnpp,ami,small,038,038_right,m4,7.580327045956136,39.33392417611837,6.563605717431029,7.568267175130339,8.295173147617142,5.230886265927078,7.865406511495651,8.800542071074526
safmnpp,ami,small,038,038_right,m8,7.54203823016189,39.35591631378755,6.448310948196523,7.808728309141851,8.21577007858582,5.218862630576044,7.760657431409049,8.757721979757966
safmnpp,ami,small,038,038_right,rep8,11.515338067847155,37.51803668342275,19.973634766750184,16.318831885036932,11.376490608944907,7.829503354577302,8.724545577582402,9.083989324163124
safmnpp,ami,small,038,038_right,ref8,10.510988132823714,37.914368151098444,26.884090895807503,8.147087162456666,8.91396738724562,5.6426934305161796,7.677091851697728,8.876279141912725
safmnpp,ami,small,038,038_up,m0,6.89545520520545,39.745174193504816,9.847166721998112,9.214795724055179,6.384071952192726,8.475825113137189,5.121067096636794,5.651362858544008
safmnpp,ami,small,038,038_up,m2,6.625162486442886,39.918838267722464,8.52005580022808,8.735095131409784,6.225258980490465,8.395439560456808,5.192721980187133,5.518003636021182
safmnpp,ami,small,038,038_up,m4,6.470751517644907,40.02125638002533,8.085067652746464,8.627572147874217,6.099175008558336,8.079837470181072,5.157019168392816,5.403350318828755
safmnpp,ami,small,038,038_up,m8,6.405635744681828,40.06518121915137,8.069577457118605,8.546324980470287,6.0234858327414935,7.900292032438955,4.978653561539793,5.602181853871828
safmnpp,ami,small,038,038_up,rep8,10.648375578423314,37.857970001480815,23.988761588970426,19.475572822909317,9.545809539988195,9.473916350333635,5.346613099525876,5.364531129909049
safmnpp,ami,small,038,038_up,ref8,10.541801544126551,37.90165524771746,35.511591192434956,10.82810994229039,6.139200809862042,7.9951845345751416,5.135471489121274,5.617365629347186
safmnpp,ami,small,038,038_zoom,m0,5.665533240387237,40.598395689175604,8.15929918092993,4.814653895045915,4.082160295398193,4.455510186921202,6.551652060216961,4.461721983477448
safmnpp,ami,small,038,038_zoom,m2,5.207863176962131,40.964207951140175,6.4916172803965315,4.140718515592062,3.7630089190209577,4.173664204703524,6.339356490954866,4.438084858301854
safmnpp,ami,small,038,038_zoom,m4,5.177278914817342,40.9897879857039,6.2418339769113755,4.118693992719839,3.8781632135621202,4.15409144953297,6.3366906827371565,4.415183556032234
safmnpp,ami,small,038,038_zoom,m8,5.193407150864192,40.97627989275709,6.252586176140244,4.185807130780793,3.8703982801037147,4.187643820567198,6.322101806642421,4.461972633817101
safmnpp,ami,small,038,038_zoom,rep8,8.01169457831512,39.09355976097679,19.621202097148338,8.715616748124916,5.500195354776618,4.770024680933175,6.658347505048596,4.685364943511389
safmnpp,ami,small,038,038_zoom,ref8,8.616030962617556,38.77773109892077,28.443552191052657,5.831777477771078,4.258395649308137,4.398691677850052,6.563265987216568,4.565273360434328
safmnpp,ami,small,039,039_back,m0,6.993613087675289,39.68378758993575,6.797450105065339,5.826723274723349,9.169832147668325,6.8439627379651595,5.602243806739548,9.257720310098883
safmnpp,ami,small,039,039_back,m2,6.7802465646896195,39.818348735293,4.658940575740313,5.4162130667679484,9.359192490137596,6.891772196099202,5.742385298674592,9.588239304239714
safmnpp,ami,small,039,039_back,m4,6.466130678933282,40.024358835174986,4.527087075007413,5.114358395803499,8.565330106831476,6.7641687132949615,5.612126021775773,8.98207495483594
safmnpp,ami,small,039,039_back,m8,6.469295211241561,40.022233912565746,4.416719509413385,5.164627207762842,9.140442556125109,6.661416208035839,5.46173539880292,9.012999566263337
safmnpp,ami,small,039,039_back,rep8,9.662165266854442,38.280058992482424,18.298689653904628,11.104558977646557,10.302919253373071,7.845921999491289,5.883720620193936,9.722958957422687
safmnpp,ami,small,039,039_back,ref8,10.66696161833222,37.850396284448756,30.825525515250483,7.040401265440593,10.003621807050893,7.416766041975561,5.599980188269131,9.606683158786646
safmnpp,ami,small,039,039_down,m0,5.667611037201175,40.596803234903746,4.191771775983841,4.5858403680008974,4.1845605199673805,4.22868067330371,5.555264644042463,9.677021366852294
safmnpp,ami,small,039,039_down,m2,5.505433012770148,40.72288878130343,3.448509060577421,4.148697133717726,3.703648507778258,4.020483422419491,5.635790995392644,9.947554674046522
safmnpp,ami,small,039,039_down,m4,5.439831019796586,40.77494951667839,3.1987118896407702,3.990514742433873,4.027235394539269,4.26795403134604,5.522685614114371,9.731026441859681
safmnpp,ami,small,039,039_down,m8,5.3077115330762785,40.8817304935025,3.10419969191856,4.022760573117514,3.7211071374236777,4.019354061333556,5.395051811856013,9.629663961640837
safmnpp,ami,small,039,039_down,rep8,6.672294996298808,39.88805121734543,8.801651628905168,6.876834206088718,4.479015623135273,4.2955801869533445,5.56365604272043,9.877124841780446
safmnpp,ami,small,039,039_down,ref8,7.3599452144716935,39.46205779294159,16.284709757511667,5.1510587920366975,4.29118930670884,4.108417892190252,5.423614587493607,9.70416369472727
safmnpp,ami,small,039,039_front,m0,5.402302373624908,40.80501472330501,4.7857101293067235,3.801487302707781,5.071241952134606,4.521260860724284,5.196949986605563,8.185027384781876
safmnpp,ami,small,039,039_front,m2,5.15761573295412,41.006313788772204,3.762228057790101,3.7465564809839975,4.576654378329279,4.479171228227528,5.067167919528071,8.234774021392134
safmnpp,ami,small,039,039_front,m4,5.189845471014221,40.979259340570124,3.626205676471746,3.671437238054383,4.756774271485366,4.542845283011659,5.163070280331329,8.237316420884516
safmnpp,ami,small,039,039_front,m8,5.108468023459233,41.0478968161592,3.6224603882476516,3.622300821751315,4.620396918956802,4.463964286480617,5.059520595389497,8.149295102922014
safmnpp,ami,small,039,039_front,rep8,5.977103296635469,40.36589599467702,8.00449337730907,5.059461276157257,5.071342714585315,4.337639853254364,5.084503329804632,8.35474267834817
safmnpp,ami,small,039,039_front,ref8,6.655747376681318,39.898835312083484,13.754218664475331,4.508718700928435,4.8947796792283915,4.3016172239767805,5.1159063677705845,8.20654810489361
safmnpp,ami,small,039,039_left,m0,4.503406111909676,41.59539247969234,3.5828401203097195,3.6609401417271927,3.879091524920341,3.1748909494853916,4.271459274790861,7.4940514334291475
safmnpp,ami,small,039,039_left,m2,4.532436988937416,41.56748585727942,3.101618136911225,3.6364606024903514,3.6167280058762237,3.3629522631230326,4.340763452636628,7.9795979315539665
safmnpp,ami,small,039,039_left,m4,4.426531167128346,41.67016834441671,3.150037595466819,3.6660192517684487,3.646996568852812,3.2793614396278303,4.32460119281708,7.381890401091407
safmnpp,ami,small,039,039_left,m8,4.398532453533684,41.69772560209944,3.1660933009263004,3.6782735918739187,3.765454940393146,3.3721850804087357,4.206468926783789,7.289333815180218
safmnpp,ami,small,039,039_left,rep8,4.976044204410386,41.161961311372714,5.948024701083865,4.735672301744494,3.835492963715757,3.4299167580102816,4.306309604540727,7.363938703051108
safmnpp,ami,small,039,039_left,ref8,5.469165674613631,40.75159281435366,10.503932350466512,4.078180320307758,3.7101871743556245,3.2404960160954697,4.207719252933575,7.475185826166615
safmnpp,ami,small,039,039_right,m0,6.924744398087218,39.72676613246798,7.708653486673642,5.675728672273757,8.44824084929787,7.463267043805442,5.239057730604484,9.056417585439975
safmnpp,ami,small,039,039_right,m2,6.682183885126566,39.88161938174458,6.378269912617477,5.4923946203869445,7.942210615104618,7.15237855848498,5.188437883108302,9.472014882831242
safmnpp,ami,small,039,039_right,m4,6.465636651139207,40.02469065918558,6.214463529578209,5.527433183679132,7.444546577656792,6.991723133410075,5.1072148882880235,8.930388778505021
safmnpp,ami,small,039,039_right,m8,6.484529509990225,40.01201889873804,6.029807143453023,5.439043503373869,7.665567276187827,7.058183715945168,5.1562084388138905,8.964401630970961
safmnpp,ami,small,039,039_right,rep8,12.208864026734014,37.26405103955953,34.76282437966788,13.959843479416005,10.657080826251802,8.009359800298638,5.550921231603367,9.579298588127223
safmnpp,ami,small,039,039_right,ref8,13.706105364332924,36.76166294777714,53.247676705555406,8.08393179845921,9.065527629611898,8.116195856108446,5.303381808705984,9.39359402420409
safmnpp,ami,small,039,039_up,m0,6.854432671153041,39.77108846014284,6.404200779613352,5.683596791573811,4.543956490803147,7.407019414755328,7.160675757322187,8.674383113981282
safmnpp,ami,small,039,039_up,m2,6.636519553027977,39.91139982584216,5.053677774357311,5.7561916641009265,4.642847735787737,7.437663259623111,7.06808710603857,8.527754646884492
safmnpp,ami,small,039,039_up,m4,6.645892790986127,39.90527029742052,4.804846580160651,5.741616465241299,4.799521680810895,7.94243472968111,7.004353515785606,8.492396487625854
safmnpp,ami,small,039,039_up,m8,6.6446551193583545,39.906079163937584,4.935512457480689,5.874358099977124,4.771452469354274,7.745629902563303,6.934531778271167,8.558752969358478
safmnpp,ami,small,039,039_up,rep8,11.267238665063562,37.61262867134617,32.360293781887975,11.744724451654077,5.4578146311290725,7.807777671463016,7.019605864345645,8.527049092841935
safmnpp,ami,small,039,039_up,ref8,15.296929808658629,36.28476086975582,65.91544322014637,8.163168242196397,4.600041890224013,7.594015558058155,7.06856950229315,8.460189519626823
safmnpp,ami,small,039,039_zoom,m0,5.190389584389554,40.978804041753875,7.084754489989341,3.675627857556644,2.9203078339141784,3.3391650740019467,4.9129347472728595,7.979762298409925
safmnpp,ami,small,039,039_zoom,m2,4.627303899126021,41.47752338052814,3.337584302659185,3.135810425136827,2.826851363164197,3.26625230026158,4.93334719152106,8.161582543015726
safmnpp,ami,small,039,039_zoom,m4,4.51377445487214,41.58540506492068,3.2817361706878714,3.081768676390321,2.67218854324989,3.162861427131567,4.90188769902071,7.826431957227988
safmnpp,ami,small,039,039_zoom,m8,4.527132337480631,41.57257170857406,3.2737166257930674,3.0905108400756083,2.6580615364474287,3.140739429501613,4.89570383340665,7.936667902401418
safmnpp,ami,small,039,039_zoom,rep8,6.592886762640687,39.940047443662266,13.79432019620111,6.408929996157339,3.4291129176296664,3.5543016679297725,4.898399684024557,8.291423026492815
safmnpp,ami,small,039,039_zoom,ref8,7.150623497598315,39.587364491702274,19.857707616702527,4.709191961567989,3.131548828245746,3.5217916845609873,4.9336548128389595,8.11520202862024
safmnpp,ami,small,040,040_back,m0,7.736998521116011,39.245078470232635,13.14731663454685,7.040654402248966,6.906353863990232,6.116976222076025,6.985541542436074,6.99508398818862
safmnpp,ami,small,040,040_back,m2,7.165527400335546,39.57832199822466,8.750874724998301,6.697224707832128,7.306366093132838,6.479504940083161,6.957112293473246,6.989714558101816
safmnpp,ami,small,040,040_back,m4,7.075400926407182,39.633293067503175,8.476933111331254,6.554479255008733,7.000686537375469,6.160137897268302,6.969721518910574,7.170295203242505
safmnpp,ami,small,040,040_back,m8,7.037927412824299,39.656355775350384,8.259494705373518,6.500176716197097,7.162325839709485,6.321275564678947,6.904853979311106,7.082577574318172
safmnpp,ami,small,040,040_back,rep8,11.046902272239114,37.69839848881244,28.53325997085586,15.098131837988252,8.519193763038944,6.213536266732759,6.904384457789823,6.9841323681766045
safmnpp,ami,small,040,040_back,ref8,11.485478141447148,37.52931281243729,38.36867977727926,9.53004862618046,7.238143181203234,6.070728813970785,6.799960946635933,6.979567449534135
safmnpp,ami,small,040,040_down,m0,8.402312167962918,38.88681548185665,11.656292106414899,9.608545238993129,5.614058234528187,4.909263978766611,8.832530313418928,8.181112794360223
safmnpp,ami,small,040,040_down,m2,7.839333680285256,39.188012103356556,8.28701309139706,8.873472355628909,5.494824844893761,4.7686658739396215,9.051360217259598,7.894402297081892
safmnpp,ami,small,040,040_down,m4,7.786715891149956,39.217260317036455,8.492573518475886,8.758817495117864,5.5242763219080695,4.909608207084772,8.861556509459882,7.771913152201977
safmnpp,ami,small,040,040_down,m8,7.637748010438071,39.301150351209415,8.347662840796465,8.687430605792938,5.3390785168684225,4.6373312037370225,8.46720149633307,8.126776838853987
safmnpp,ami,small,040,040_down,rep8,10.642168930545608,37.860502123662684,20.23942760710779,15.428968623231306,7.60159273875126,5.450410816329622,8.729298022362611,8.53349376162035
safmnpp,ami,small,040,040_down,ref8,10.432685921337852,37.946842278348356,25.9873149301096,10.660883329243244,5.697260605504432,4.699461709228923,8.583348537335512,8.323611963210304
safmnpp,ami,small,040,040_front,m0,7.95694684217676,39.123339041800136,13.816472048484611,7.471596958690278,6.169608708306209,5.421564698569125,6.930603600470786,8.42967612001832
safmnpp,ami,small,040,040_front,m2,7.514480478414135,39.37181400317201,9.782344162517843,7.791750215494995,6.07425662069285,5.485637686584618,7.225057048212523,8.297022448977012
safmnpp,ami,small,040,040_front,m4,7.488333396287368,39.38695189007437,9.54927148835169,7.851642024875815,6.020390548858852,5.546477605272196,7.089092555933236,8.542431784165101
safmnpp,ami,small,040,040_front,m8,7.319114764877799,39.48621803850132,9.5158657291385,7.622013800981002,5.85930436893121,5.308378490840379,6.939100155345544,8.311565849370913
safmnpp,ami,small,040,040_front,rep8,9.379588346369442,38.408965824913295,19.042284256707937,12.352265075260677,6.682599882002505,5.259812466936538,7.01113527299098,8.506602819742103
safmnpp,ami,small,040,040_front,ref8,10.08150314755134,38.09555070820123,28.352138378442596,9.040124582581265,6.17435110389886,5.2149857946006986,6.844425913022815,8.316345897128564
safmnpp,ami,small,040,040_left,m0,7.124477762048275,39.60327325643235,8.435505976449658,7.399260393995125,4.924995600946963,5.592585946949413,6.4319152982996,9.616986120372154
safmnpp,ami,small,040,040_left,m2,6.728402630195049,39.85168388952013,5.663212326252163,6.524369315485676,4.774630657756092,5.540657310844605,6.496011169270524,10.171562030193856
safmnpp,ami,small,040,040_left,m4,6.613126551358672,39.92673527256493,5.6841359245436065,6.680295500437682,4.908065916904648,5.509108614055813,6.226735897466349,9.828397639886582
safmnpp,ami,small,040,040_left,m8,6.582376540849447,39.946976386470624,5.66289258090143,6.5458385778696435,4.845427107992812,5.584943550771368,6.281670219164971,9.659428761983913
safmnpp,ami,small,040,040_left,rep8,8.339957736836707,38.91916511034142,13.182580072903098,9.927404879097518,6.232044001432652,5.6498250954138465,6.553656469729161,9.850354481716527
safmnpp,ami,small,040,040_left,ref8,8.557376583229187,38.8073971652385,17.85765876525712,8.226980415284137,5.106939445866044,5.464829970971412,6.391031364255419,9.844609664517854
safmnpp,ami,small,040,040_right,m0,9.077748895340191,38.5510219555608,14.167006316578567,10.217836560374549,6.7303127053017775,6.532645931545688,9.143636909718412,7.291883942593355
safmnpp,ami,small,040,040_right,m2,8.125103613549161,39.0325145293937,9.097520573604871,8.518176037061817,6.653003591948617,6.247585392785169,9.219190530323662,7.147057311928767
safmnpp,ami,small,040,040_right,m4,8.186916684449484,38.99959990127546,9.099444100093226,8.934410468841245,6.743845188338828,6.2063594948632606,9.138625878989224,7.312031762689472
safmnpp,ami,small,040,040_right,m8,8.27320327292887,38.95406665776992,9.052221412644588,9.046335660093575,6.907094610644552,6.4209072826946345,9.273233183273142,7.262679267324527
safmnpp,ami,small,040,040_right,rep8,10.661542399160359,37.85260322501175,20.3986181036309,14.254548956282607,8.507708903209702,6.369992425873307,9.267773929600104,7.1844887612402095
safmnpp,ami,small,040,040_right,ref8,10.959912382824692,37.73273278599839,26.48195485575321,11.367019300238054,7.154185002290494,6.451041131764507,9.231493986183818,7.150554230962972
safmnpp,ami,small,040,040_up,m0,8.867473247774546,38.652804739423026,10.7828062534392,8.456039768074342,12.839757072755903,8.804616005378262,6.276540535174377,9.959123756207106
safmnpp,ami,small,040,040_up,m2,8.48635299180765,38.84359268482582,9.270194245207378,8.096123684248486,12.112018602704724,8.527153389156082,6.276988669480079,9.889730697819466
safmnpp,ami,small,040,040_up,m4,8.49576664700977,38.83877785721357,9.474064731600652,8.224551683109194,11.816626826561956,8.18848238748545,6.326705823031307,10.001738539334449
safmnpp,ami,small,040,040_up,m8,8.52408006410467,38.82432840609937,9.415270231700289,8.266821341782505,12.41530586790792,8.109715009898748,6.24755495726793,9.975905654489377
safmnpp,ami,small,040,040_up,rep8,11.397311337759302,37.5627794890799,23.97504610320888,15.667787528624732,12.293229280350253,8.490430227500196,6.326734639411701,9.287300640427778
safmnpp,ami,small,040,040_up,ref8,12.910785139302273,37.021277071918625,38.478755793000104,10.014792718129572,13.293779029504753,8.515655903500903,6.445618138319825,9.758700987539164
safmnpp,ami,small,040,040_zoom,m0,6.070785691532911,40.29835459015794,6.188786491028253,3.8924572559659443,5.083772667109552,5.073736700835166,7.684227146645696,5.771949257441609
safmnpp,ami,small,040,040_zoom,m2,5.8504867406709335,40.45888361453449,4.471386579615904,3.8968650491505845,5.104495985368004,4.788083597893303,7.813460921700399,5.772802614211059
safmnpp,ami,small,040,040_zoom,m4,5.665244581644604,40.59861696771635,4.293712655353668,3.917412426094372,4.970409693234029,4.658513388884277,7.46702293778165,5.669403618469998
safmnpp,ami,small,040,040_zoom,m8,5.726196980087076,40.552140772777825,4.312838728256692,3.841869138397406,4.8495188341068305,4.784165659763387,7.647039522837845,5.718258829497547
safmnpp,ami,small,040,040_zoom,rep8,7.855986477115081,39.178796336602176,14.148401612024452,7.490118744720437,5.777195310185172,5.085662892617567,8.098686921859416,5.846525751766387
safmnpp,ami,small,040,040_zoom,ref8,8.423271809109313,38.87599545776314,22.224967081773276,5.234520852104236,5.13896115601274,4.883315733677649,7.705250312306253,5.700716485886076
safmnpp,ami,small,041,041_back,m0,7.783929336194852,39.218814761872586,11.005768276228682,9.377931860194305,5.903788448533015,6.160005569095923,6.427003417388719,8.935737967137758
safmnpp,ami,small,041,041_back,m2,7.165502047678607,39.578337364209425,7.672660478862455,7.90598676741358,5.677634316177101,6.372764374936988,6.494773092980516,8.979546061277636
safmnpp,ami,small,041,041_back,m4,7.1532950289930834,39.585742235039795,7.362340932706532,7.647056464509415,5.590123549829691,6.523269612411724,6.505324442815712,9.285172581697843
safmnpp,ami,small,041,041_back,m8,7.050875915544272,39.648372890314,7.172531135797777,7.500974087132852,5.561715277770868,6.512983909024652,6.548731057349187,8.901165670512544
safmnpp,ami,small,041,041_back,rep8,10.326941842172065,37.991086296390804,19.139078441697897,17.84330559933624,7.202223074854563,6.6805910944339795,6.759809189112271,9.09396141997573
safmnpp,ami,small,041,041_back,ref8,10.369704002066056,37.97314001017351,28.754401384375,9.989111735045165,5.9672113396793,6.7705024603928115,6.425808954965333,8.929453814700356
safmnpp,ami,small,041,041_down,m0,6.0008092200031165,40.348705411368016,6.322583975333507,5.619454804165475,7.752963748219973,8.685624389407932,4.974905631361406,5.154957089060158
safmnpp,ami,small,041,041_down,m2,5.77916082599571,40.51215580422877,5.2704165963633836,5.335752390952971,7.518733825993096,8.32963590048551,4.969723280380049,5.305688803883723
safmnpp,ami,small,041,041_down,m4,5.775694314196095,40.51476161273598,5.254268109207473,5.521831747064646,7.422948089180001,8.241373653840142,4.960181986810439,5.300032166294454
safmnpp,ami,small,041,041_down,m8,5.736049674213692,40.544674571998875,5.2761466267450094,5.552678670036182,7.390811639098092,8.266481028220058,4.884157072937836,5.185767768078445
safmnpp,ami,small,041,041_down,rep8,6.8430131473836315,39.77832986466999,10.421326134062806,6.580661746708727,8.828418375349804,8.75297707707288,5.0388610930664175,5.166395940710004
safmnpp,ami,small,041,041_down,ref8,7.732541298933812,39.247581126516444,18.0906370117593,6.34119980950559,8.105588213171314,8.23106291838078,5.040650834713229,5.212434320141772
safmnpp,ami,small,041,041_front,m0,6.248656592332076,40.1729370308373,11.91974300866635,8.602968903444816,4.154888971041848,3.2495614466875393,5.268538528485269,5.21743450095534
safmnpp,ami,small,041,041_front,m2,6.485129590700861,40.01161701964548,12.490670746821706,9.727394677281822,4.043967890791613,3.171744242247463,5.358612784488919,5.252670053581975
safmnpp,ami,small,041,041_front,m4,6.169646097475595,40.22820108069936,11.865474424778098,8.844430241342161,3.9770027800774934,3.1773814324487843,5.067593550421554,5.179792056998328
safmnpp,ami,small,041,041_front,m8,6.054562338562232,40.30997605761599,11.468866898298703,8.678285514938946,3.937452872553074,3.040528083728668,4.995262581858494,5.202741060451027
safmnpp,ami,small,041,041_front,rep8,8.868688638235144,38.65220952905608,21.922037139221295,16.383913186265055,5.43542964600283,3.312336668563128,5.509008645247526,5.31887203804426
safmnpp,ami,small,041,041_front,ref8,9.687715498619784,38.26858984572074,35.36591459366079,9.675834803992547,4.321883343103554,3.1281339075611423,5.407088400455901,5.395846965563785
safmnpp,ami,small,041,041_left,m0,4.24579724676375,41.85121109783604,6.449869541989078,3.8977358435833946,3.3517654103719727,4.942119585984389,3.4941307422478625,4.37320188937512
safmnpp,ami,small,041,041_left,m2,4.10242691455577,42.00039508105087,5.603066394388437,3.7116277059781737,3.386381335975796,4.9282062227372,3.493722081915803,4.340003351032114
safmnpp,ami,small,041,041_left,m4,4.061683884716197,42.04374241027507,5.372781884698621,3.8027378101101266,3.3658831052540186,4.9688579974956735,3.445690948634013,4.301982824154592
safmnpp,ami,small,041,041_left,m8,4.049427695077589,42.05686712081051,5.3161524141150975,3.7372903679655467,3.361274108011371,4.888514970264626,3.49928444599007,4.2747828435578255
safmnpp,ami,small,041,041_left,rep8,5.018909301327356,41.12471013420354,10.323848171595708,5.353625959965647,3.9444627092421776,4.841056929213588,3.5040322961619057,4.33752555842981
safmnpp,ami,small,041,041_left,ref8,5.779567567811843,40.51185015516366,16.455468069077945,4.723934075093992,3.5708907249336796,4.942617715579485,3.5613330386171573,4.412410504996275
safmnpp,ami,small,041,041_right,m0,6.551587744795176,39.967337990071044,9.444073862776198,6.304154768938399,5.527201234429968,6.078994865751218,5.632536989003982,7.18829377397131
safmnpp,ami,small,041,041_right,m2,6.286178524601907,40.14693650246079,8.010778308666739,5.95647269040932,5.213911819997748,5.87124958979445,5.664857827702492,7.324961930174573
safmnpp,ami,small,041,041_right,m4,6.0226671252208535,40.33291500631876,7.614699299937671,5.8023816279713705,5.043534557189665,5.5790827131349285,5.312188198140647,7.209365119012761
safmnpp,ami,small,041,041_right,m8,6.094237312733256,40.28160999001631,7.72868242772306,5.843571833919019,5.094694937989567,5.69435017226968,5.38689299781285,7.250870277402441
safmnpp,ami,small,041,041_right,rep8,9.635911198314146,38.29187571851677,24.60290760356069,12.478155060301605,6.341266242523879,6.21306676804508,5.884708342019069,7.315955944824527
safmnpp,ami,small,041,041_right,ref8,12.607315178194277,37.124577506977516,48.01981363988106,9.726260510818141,7.464946370546606,6.375233138118414,5.733862362172075,7.364951627618526
safmnpp,ami,small,041,041_up,m0,6.2506223727294605,40.17157098790213,10.8745562509073,5.177826952910983,5.626264915609139,7.434003216533005,4.579285891012779,6.2790560807918245
safmnpp,ami,small,041,041_up,m2,5.891687016467513,40.42840693069252,8.345785107520697,4.911800730838268,5.385182545531195,7.5574813651058665,4.672460823646226,6.3133067281660304
safmnpp,ami,small,041,041_up,m4,5.806333944394177,40.49178350723107,8.325657593636228,4.905684733494311,5.356696034037088,7.280998946373168,4.521945687294899,6.3219700164053485
safmnpp,ami,small,041,041_up,m8,5.722925106586702,40.554622983439266,8.098258669615591,4.945549227466812,5.352679577358978,7.077781665057012,4.39581439163094,6.362508721153885
safmnpp,ami,small,041,041_up,rep8,9.751622998725965,38.24003457914872,29.436095261285143,11.030009914313032,6.300108203510759,8.058505586064797,4.666169857897415,6.459747126035179
safmnpp,ami,small,041,041_up,ref8,13.262417884898873,36.904576529120064,59.18931291391776,7.729381609483297,5.5425353099607095,7.49266188282046,4.648583893169334,6.480706985735716
safmnpp,ami,small,041,041_zoom,m0,3.9470832739280994,42.16804071810638,5.606176485256271,3.34553437437525,3.1580892424910787,3.1313805104997643,3.8519387408134342,4.2953279203973835
safmnpp,ami,small,041,041_zoom,m2,3.81038364724676,42.321116561912014,4.86437328619215,3.2248598719358865,2.9626749964053474,3.1443722675983015,3.8110907836883325,4.384302562859116
safmnpp,ami,small,041,041_zoom,m4,3.7169743337707994,42.42890798626152,4.52533566552189,3.043028676594025,2.99383392677732,3.0921357671255705,3.7898825527614557,4.301211254333008
safmnpp,ami,small,041,041_zoom,m8,3.7110751593112656,42.43580610791936,4.595880974272045,3.0044700198876266,2.9459963102030167,2.998587670356244,3.7964135211241863,4.317485696490231
safmnpp,ami,small,041,041_zoom,rep8,5.325982135127212,40.86680655510892,12.589974938062747,6.20610920516827,3.4932325557419612,3.12217668243345,3.850523553641073,4.396142999080101
safmnpp,ami,small,041,041_zoom,ref8,6.593185188979515,39.939850865162306,23.252615132543717,4.474014332655128,3.397674498072105,3.318849789566294,3.8793062456070637,4.4239020601692856
safmnpp,ami,small,042,042_back,m0,8.28044409088529,38.95026731685805,12.1658027923524,10.237611556338418,8.496910531003456,5.934959718317082,7.192313609435045,7.189386775035865
safmnpp,ami,small,042,042_back,m2,7.518918524419513,39.36924982065254,8.650053135251946,8.450689841075741,8.439260537355462,5.7931178864526975,7.059880030642589,7.27436852345474
safmnpp,ami,small,042,042_back,m4,7.476726955849871,39.39368840022347,8.51320906997737,8.537377639824161,7.884218138992573,5.505369984874077,7.185662174372711,7.387395098282872
safmnpp,ami,small,042,042_back,m8,7.536614715457726,39.35904046900037,8.56553635183329,8.753720186318207,8.123787588510668,5.64085559185072,7.146849485207199,7.360615808853025
safmnpp,ami,small,042,042_back,rep8,12.691714073490093,37.095600813746316,27.895805766712034,23.233428153997373,12.654280787898282,6.3267426677506675,7.223223359670485,7.496880873956773
safmnpp,ami,small,042,042_back,ref8,12.874344249234737,37.0335524324723,42.52866545616071,12.554433891751811,8.796689045194364,5.769915504373132,7.23309196442932,7.756649475660323
safmnpp,ami,small,042,042_down,m0,6.559639880935274,39.962003632629234,11.60185560255584,6.267909537141085,5.085960012821239,3.8980831396355002,5.326225990195687,7.7873526155712955
safmnpp,ami,small,042,042_down,m2,5.692639155760175,40.57766705183698,7.4102959571734415,5.219326259829984,4.366921746556913,3.9499724043792273,5.303470704124453,7.382391542346332
safmnpp,ami,small,042,042_down,m4,5.826633510983911,40.476626585771236,7.784607691733888,5.195729050318072,4.408804284383019,3.872404721270152,5.33410700279364,7.829216185577662
safmnpp,ami,small,042,042_down,m8,5.900895109071796,40.42162465930011,7.9526027567721185,5.269473761508517,4.448520629999819,3.932106542136383,5.335980351737546,7.999608452684906
safmnpp,ami,small,042,042_down,rep8,10.178144777678215,38.054117367221096,26.64435236548411,15.68859179764107,7.557596534727327,4.773694536218448,5.22866367670393,7.790098750777885
safmnpp,ami,small,042,042_down,ref8,11.11780950363591,37.67061132452338,41.79817212198366,9.108840671909768,5.485906567282562,4.036652791687145,5.209083817354564,7.949128979014442
safmnpp,ami,small,042,042_front,m0,7.832286054679454,39.19191820262289,15.147543394133711,9.586511748167087,6.517364650891362,3.53241274123496,7.382416234896703,5.229769410138408
safmnpp,ami,small,042,042_front,m2,7.295293614686554,39.5003758517688,13.144445306932615,8.413653325206447,6.123784335456311,3.4318039824372835,7.28464979181874,5.100381801064734
safmnpp,ami,small,042,042_front,m4,7.472740736558937,39.39600446005698,13.189063627144552,9.071574279529878,6.314521186438415,3.4027459577209807,7.396931236773071,5.274559827367962
safmnpp,ami,small,042,042_front,m8,7.28470994949563,39.50668096435377,13.249619194602074,8.636700732764172,5.947747575344124,3.3417970241883252,7.153792466559416,5.217053031387207
safmnpp,ami,small,042,042_front,rep8,13.306482128333153,36.89017105858186,37.29230197775788,25.06850565408579,10.075865425374763,3.8140828745198974,7.408448872068556,5.251434306872717
safmnpp,ami,small,042,042_front,ref8,12.972969267170537,37.00040971617989,47.98838518983517,13.678763884189596,7.2562670441285455,3.5223319257655707,7.348650877425613,5.439253141877945
safmnpp,ami,small,042,042_left,m0,6.028218015824162,40.328914102981045,11.177444309162368,8.32275206819437,5.279013155507046,4.966563345119631,4.165353660733003,5.03310340399678
safmnpp,ami,small,042,042_left,m2,5.827673129173313,40.47585176413992,9.711434102173598,7.950075071448547,5.419371042847462,5.199888573321996,4.224440640153895,4.958299846137362
safmnpp,ami,small,042,042_left,m4,5.6971194000205125,40.574250393879446,9.763176714049061,7.7987475248482845,5.192027952276799,5.044886266567906,4.076552632061397,4.81317295181787
safmnpp,ami,small,042,042_left,m8,5.759243201522586,40.527149425482605,9.747597240219582,7.944818120482433,5.250875747390697,5.1203454848959975,4.0806500785560615,4.978744314028197
safmnpp,ami,small,042,042_left,rep8,8.753608921424686,38.70893220813933,18.912080140168452,18.681204129861094,7.202086589818066,5.6718653104322305,4.304928954214137,5.003344022161849
safmnpp,ami,small,042,042_left,ref8,7.873448834731843,39.169153512789045,21.680725464818106,10.382688973249849,5.730100256358582,5.2268744600143515,4.250882213402101,5.21110281060079
safmnpp,ami,small,042,042_right,m0,8.60493394691185,38.783328199174974,14.71106562338606,12.972138789149671,8.702295451047615,5.507321344000473,6.756100962892168,6.02194592576377
safmnpp,ami,small,042,042_right,m2,8.237591176883416,38.97280126297929,11.366042919268413,12.612130650820385,8.707522685952009,5.750858674958812,7.08393388201452,6.0304739481789476
safmnpp,ami,small,042,042_right,m4,7.899596635172216,39.154754447156044,10.729739425482345,11.832752252505324,8.316839413064175,5.391074164601684,6.7917975595083835,6.20509554208724
safmnpp,ami,small,042,042_right,m8,8.122124474846855,39.03410719924076,11.371796212164096,12.549813758590629,8.75058625111015,5.447416230333439,6.80019517556769,6.109373393672928
safmnpp,ami,small,042,042_right,rep8,16.49729252778486,35.956676855464195,45.96846258874242,38.06382478296363,11.159932797132981,6.090815754674821,6.9051096990108505,6.035763487763723
safmnpp,ami,small,042,042_right,ref8,18.343088105355616,35.49607908802371,78.74393321356747,18.566120510112704,9.858295235135976,5.859484614301175,6.875544093065718,6.149887910093536
safmnpp,ami,small,042,042_up,m0,8.186241311931544,38.99995818348101,13.668036360701308,10.94909699423218,7.868577536477617,7.916323901583832,5.580177277377047,7.2265179475671
safmnpp,ami,small,042,042_up,m2,7.6990002677225595,39.26646026136955,11.835237896841017,9.8639280379801,7.652465258664847,7.634382540805973,5.518560453538569,7.107488099168348
safmnpp,ami,small,042,042_up,m4,7.776159640794617,39.22315193002609,11.801146857006534,10.109945782134682,7.7053300070963076,7.792768762036215,5.521960233411133,7.255103766204223
safmnpp,ami,small,042,042_up,m8,7.634297913304805,39.303112574450466,11.730468708920693,9.51164732464533,7.433255276311904,7.574772832308214,5.533001693731427,7.232043775211634
safmnpp,ami,small,042,042_up,rep8,11.051024782878915,37.69677808012998,30.073181463882463,15.506444182286064,8.746253802345551,7.392306372007806,5.635183257509826,7.040531473000526
safmnpp,ami,small,042,042_up,ref8,13.477770293662223,36.83462310601412,52.18354278567968,11.784687359079467,7.519801471378315,7.499291052898415,5.5710984156327585,7.156381662003434
safmnpp,ami,small,042,042_zoom,m0,5.345671937867752,40.85078058139406,9.93069015638879,3.618279346935968,2.967894914595048,4.726698143470331,5.971201643640914,3.808998306988597
safmnpp,ami,small,042,042_zoom,m2,4.6043359794603065,41.49913354185173,5.4387368002904095,3.080857224308041,2.85255893964623,4.545774109856087,5.9188788753091925,3.7762614744553766
safmnpp,ami,small,042,042_zoom,m4,4.63388406940022,41.47135196465651,5.23394375793739,3.0175707664850604,2.8202595799368333,4.590053408798069,6.063582573883288,3.8698351408522558
safmnpp,ami,small,042,042_zoom,m8,4.542500421191895,41.557853846189765,4.906198624210794,2.8817037129649656,2.7944007524553967,4.590530368651501,6.018765886412133,3.8066350406352125
safmnpp,ami,small,042,042_zoom,rep8,8.471410484473738,38.851246347609305,23.90883618365646,11.398176111846718,4.229256842879,5.24919295089926,5.991951605684757,3.831406345744545
safmnpp,ami,small,042,042_zoom,ref8,9.257445598541453,38.46589192274183,35.17781529783188,6.17269218108073,3.2974032900596515,4.971677396179026,6.09586710636268,3.88934811513979
safmnpp,ami,small,043,043_back,m0,5.458003004479527,40.7604659046688,6.987620175005328,8.238579330587571,4.642940356070412,4.489455078764549,4.4387208768569675,5.320682930933716
safmnpp,ami,small,043,043_back,m2,4.967934609904632,41.169044900328174,5.160643855204755,6.726333305631405,4.4591523441848695,4.350463410647313,4.450052309843431,5.242848837899006
safmnpp,ami,small,043,043_back,m4,4.974455415386835,41.16334818105376,5.339200964739172,6.98700402809206,4.459558786557722,4.170158286049563,4.416810258945304,5.125366172696319
safmnpp,ami,small,043,043_back,m8,5.138852790171568,41.02214183994545,5.438567258636153,7.6000724985216745,4.496567928529592,4.355111742581689,4.530557192288571,5.184339535958165
safmnpp,ami,small,043,043_back,rep8,6.828298272924861,39.78767877210204,14.333458544495798,9.471498709388973,5.452436606691627,4.835912234099266,4.60040231807138,5.425031573528873
safmnpp,ami,small,043,043_back,ref8,8.032265391759605,39.08242311431432,25.29879624695656,8.320501110899151,4.9174814919785375,4.527720583290932,4.520810528029208,5.245508099303513
safmnpp,ami,small,043,043_down,m0,6.345317186277074,40.106270246173494,10.39872528043708,6.659864048215247,7.149902957560463,3.564449535931405,4.656350447649411,7.31879282451629
safmnpp,ami,small,043,043_down,m2,6.348426844736339,40.104142414490134,10.401468904595358,6.386073864892117,7.515713935436402,3.7773422933495193,4.577831251899202,7.306356568806647
safmnpp,ami,small,043,043_down,m4,5.952220249573356,40.384013678656046,9.945900709169008,6.265125342528113,6.132022513944366,2.936453115520013,4.516787376741743,7.054511157109944
safmnpp,ami,small,043,043_down,m8,6.165006084903379,40.231468512843094,10.208671474910789,6.295219580153378,6.7874260342294725,3.222545678662806,4.5810063589814,7.301113021554869
safmnpp,ami,small,043,043_down,rep8,7.886224500464795,39.16211224711323,15.980557008836195,11.391833101425421,7.640171017584701,3.6150727388583292,4.711099644255195,7.830446131224288
safmnpp,ami,small,043,043_down,ref8,7.888445011701417,39.16088958342104,20.07052904212517,8.182916651670048,6.769421571041128,3.4337989754751885,4.708279215856337,7.676095956124745
safmnpp,ami,small,043,043_front,m0,7.382376725784166,39.44884157213008,11.120528441049187,9.797920592952156,9.476661656449055,6.943040016402565,5.875795016167533,4.448424974411402
safmnpp,ami,small,043,043_front,m2,7.262191155199364,39.520126846529664,10.44260016950491,9.508497024576375,9.702159230228157,7.1125624390057824,5.773556630930089,4.44286728301939
safmnpp,ami,small,043,043_front,m4,7.219394342535142,39.54579596086077,10.659962924752765,9.572184033273057,9.369697189670559,6.716490419867099,5.828245476482067,4.34568013691783
safmnpp,ami,small,043,043_front,m8,7.247971948368646,39.52863857034181,10.616788854832551,9.489255770355502,9.541993749624782,6.900344636568007,5.834569362574451,4.361927523669319
safmnpp,ami,small,043,043_front,rep8,8.3580175107093,38.9097708417798,14.777384160332659,11.926458775630406,10.990642640528941,7.807156866117097,5.7051602088945765,4.380475524913613
safmnpp,ami,small,043,043_front,ref8,8.554262209491643,38.80897802533041,19.684649425431594,10.66577121867963,9.374612345588686,6.587555322490369,5.703381425329418,4.4122890229784195
safmnpp,ami,small,043,043_left,m0,6.335205483009404,40.11319655036005,11.048660876232004,8.18141513641752,5.568338190049018,4.862564130033127,5.0020754032602275,5.265137933582395
safmnpp,ami,small,043,043_left,m2,6.1496902878693005,40.24227116581323,9.646176751249458,7.785901708472684,5.598924751362278,4.9186124113810346,5.007453784368766,5.525552801386364
safmnpp,ami,small,043,043_left,m4,5.960073544587584,40.37828742098899,9.33179324207674,7.653693057955484,5.420357351066446,4.572661859405178,4.88882641462456,5.345595535663806
safmnpp,ami,small,043,043_left,m8,5.956417049771014,40.38095262776142,9.199107046815524,7.766607880110128,5.463085991532583,4.631969148410172,4.8881295140529915,5.28311344283833
safmnpp,ami,small,043,043_left,rep8,7.856645581567047,39.1784319858994,17.403392270031045,11.438138806952521,6.667866150667622,5.213254923058844,5.004558762816507,5.639964286200077
safmnpp,ami,small,043,043_left,ref8,7.902562343472121,39.15312430184939,21.958071670772362,8.686790821276116,5.381937174639201,4.760472029878695,5.031182053419053,5.428413707009442
safmnpp,ami,small,043,043_right,m0,6.620610856668013,39.921822990050856,7.189076238981246,8.383071433372702,7.323004433442364,6.583265816419964,6.488039447307464,4.710555167231835
safmnpp,ami,small,043,043_right,m2,6.259923079825844,40.16511364113139,5.632693613869641,7.8891413025875,6.961171088086252,6.573156370043156,6.419441879384766,4.610878310435108
safmnpp,ami,small,043,043_right,m4,6.116175863412015,40.26600396323289,5.252449739424356,7.732635431972899,6.804021749645869,6.389075615838217,6.260142645669175,4.723246576539672
safmnpp,ami,small,043,043_right,m8,6.100119619901304,40.277420095040775,5.356291138780433,7.824625524108746,6.728274947197771,6.356334310662453,6.187565953518378,4.692654126128232
safmnpp,ami,small,043,043_right,rep8,10.33228581795147,37.98883949483329,18.941690687179705,22.573106634639835,9.070546864680109,7.149811480052003,6.564834275857959,4.697791306906238
safmnpp,ami,small,043,043_right,ref8,10.64406305928804,37.85972922062995,30.847283118588035,12.896932767791874,8.214852984557472,7.182582125425253,6.589134175202749,4.697507847477352
safmnpp,ami,small,043,043_up,m0,8.004050130990048,39.09770560820757,15.60952076533111,9.484458955826959,8.106442932891165,8.408346852318632,5.947788638279437,4.588217330494401
safmnpp,ami,small,043,043_up,m2,7.699308365731785,39.2662864692103,13.695239339583152,9.76907054367281,8.423421587382226,8.30932862935131,5.6596812261676295,4.538074990087827
safmnpp,ami,small,043,043_up,m4,7.782513540588554,39.21960475895269,13.698801580493313,9.75655134928866,8.49420826951431,8.387661014112043,5.883214152835239,4.49855221592062
safmnpp,ami,small,043,043_up,m8,7.628313660347007,39.30651818843536,13.66664355111422,9.446304222285319,8.171391451968894,8.183429880697547,5.6425943803060115,4.668355206021242
safmnpp,ami,small,043,043_up,rep8,11.49282100264444,37.52653718123159,34.43107515885264,15.351197003794413,9.675496966296498,8.745469855132903,5.82420465400201,4.463224375465567
safmnpp,ami,small,043,043_up,ref8,12.532982607897583,37.150259238715584,46.78139618183631,11.14083624266286,8.524220172684453,8.365816666350367,5.989241205699642,4.480276772742935
safmnpp,ami,small,043,043_zoom,m0,4.982129176855664,41.15665377115776,7.947374279743265,5.407392134288996,4.182612295459557,4.605230051181976,4.891291676745529,3.3036135144028127
safmnpp,ami,small,043,043_zoom,m2,4.784124923901765,41.33277849366476,6.719582490928153,5.424180463869944,4.271925691039323,4.43123260805786,4.836116154885857,3.2754236159693977
safmnpp,ami,small,043,043_zoom,m4,4.760453743072365,41.35432011357307,7.175578929325336,5.384292470684723,4.045366595307813,4.08349711714985,4.758655939930096,3.325289181886654
safmnpp,ami,small,043,043_zoom,m8,4.752271905651714,41.36179079621659,7.185760618669133,5.328781922518799,4.012028271235401,4.183661545008747,4.741950837723768,3.3036653327685253
safmnpp,ami,small,043,043_zoom,rep8,7.124877668388755,39.60302948804881,18.32997067687245,10.203065453035416,4.4766793361569155,5.155235769773807,4.919082582412095,3.3223071392540118
safmnpp,ami,small,043,043_zoom,ref8,8.282589682436647,38.949142138235416,30.742972885606612,6.952858625040012,4.232862861010488,4.457233818884967,4.829180612358824,3.3344054402480405
safmnpp,ami,small,044,044_back,m0,6.873570856951625,39.75897946868823,6.844082114072853,7.17773806827755,6.477805021841118,5.926267337107385,6.9285816917883984,7.415672468519858
safmnpp,ami,small,044,044_back,m2,6.531126631707247,39.980922565102254,4.496233234330668,6.891228866811202,6.449199515413514,6.0408509557535774,7.02060386175564,7.283410549278939
safmnpp,ami,small,044,044_back,m4,6.290697663213582,40.14381547778476,4.572424309720096,7.004532239571967,6.120768433390282,5.149700431845117,6.53707878731735,7.45676097097216
safmnpp,ami,small,044,044_back,m8,6.460089528758788,40.02841824052937,4.406752565944298,6.933946634615885,6.540445765454241,5.822562953052847,6.845063318754579,7.3237552918601
safmnpp,ami,small,044,044_back,rep8,8.716343746355925,38.7274601168908,14.718655512305133,10.490011521776431,7.306262646878333,7.055480392529001,7.376931318191976,7.251924126336263
safmnpp,ami,small,044,044_back,ref8,9.221681664219439,38.482702347280814,24.21531736189724,7.50260162580641,6.2975092254903755,5.9903446892998,6.821366859105115,7.259605002810094
safmnpp,ami,small,044,044_down,m0,7.158178858331246,39.58277815149235,8.358754754308654,8.298218461486643,7.364480495282042,5.87837985549436,6.712699932223022,6.887060830040787
safmnpp,ami,small,044,044_down,m2,6.349594626116934,40.1033436112872,5.348255320662615,5.768081267967959,7.032404735675551,5.987375674939253,6.586666882708917,6.86674209036254
safmnpp,ami,small,044,044_down,m4,6.561679237096383,39.960653644679745,5.394356156310245,6.3116896116458445,7.93583998950692,5.86101966154186,6.702892721499178,6.895482353448672
safmnpp,ami,small,044,044_down,m8,6.452974498163545,40.03320412067733,5.323475656291862,6.169336075070785,7.743245541494917,5.866669153263607,6.548145119705214,6.854673855269966
safmnpp,ami,small,044,044_down,rep8,7.830918422014467,39.19267661105977,11.333901557008542,8.166357170689214,9.50446651827386,6.26667745725749,6.6239777740462475,6.984117747872512
safmnpp,ami,small,044,044_down,ref8,8.342439811168095,38.91787278867045,16.700969955377918,7.923075631158669,7.982507554061328,5.99426045031781,6.670772751587719,6.976781611254323
safmnpp,ami,small,044,044_front,m0,6.669451780890855,39.889902238507574,10.552952937443232,7.162470603399901,5.438103768128516,5.465936313132567,6.230326887957491,5.678720212772671
safmnpp,ami,small,044,044_front,m2,6.181748512243823,40.219690278802545,7.885571120335902,6.310773266904695,5.478842015377919,5.516171627113576,6.16869398570139,5.663372916543036
safmnpp,ami,small,044,044_front,m4,6.2969665477253685,40.13948974724315,7.919732012332935,6.556972580209692,5.605933666079063,5.399874406619514,6.260682113535581,5.924482323701521
safmnpp,ami,small,044,044_front,m8,6.185124167004577,40.21731938308811,7.629563358645265,6.198383428642534,5.788760463239079,5.563292918823035,6.172227097007525,5.720706915383445
safmnpp,ami,small,044,044_front,rep8,7.777150147857448,39.222598772199106,14.873208229997065,9.455750231163078,6.44509373498396,5.958704666438246,6.3068657781787785,5.822185235981894
safmnpp,ami,small,044,044_front,ref8,8.490277217103666,38.84158490188988,23.14817405275696,7.447879612195984,5.180919995691682,5.538150112942159,6.386020594525748,5.827556280160516
safmnpp,ami,small,044,044_left,m0,6.853055478957061,39.771961132023634,6.927102261473526,7.24338540643191,6.01189980085613,4.409276749315825,7.374725647207092,7.582372391754855
safmnpp,ami,small,044,044_left,m2,6.148396599361517,40.243184871802555,4.398458373727757,6.4347370208362715,4.805992372578127,4.066638672581493,7.247762306947195,7.393200129237552
safmnpp,ami,small,044,044_left,m4,6.170852406565352,40.22735201713414,4.26562164302467,5.789396994479056,4.327269549084939,4.254921828998212,7.4886336152183315,7.838953550759442
safmnpp,ami,small,044,044_left,m8,6.039231665064148,40.32098671393843,4.184539977820456,5.870067845408654,4.496169746932673,4.106349220467916,7.204975588298042,7.611896653681757
safmnpp,ami,small,044,044_left,rep8,9.199561570186017,38.49313230499098,13.447232061421234,14.426662513301254,9.188717350364042,4.809846962959167,7.53177274304139,7.960790031435203
safmnpp,ami,small,044,044_left,ref8,9.354888898513382,38.42041726813719,23.458501690043175,9.095863410206697,5.560648769004651,3.965510467769642,7.440765288350582,8.011055526535108
safmnpp,ami,small,044,044_right,m0,6.8829219465585885,39.753075162554964,5.196668369361947,5.095483859618296,8.650486553958602,8.242256301943712,7.025166024160359,7.20761602291859
safmnpp,ami,small,044,044_right,m2,6.716481828098889,39.859385167940076,4.080503409684025,4.825147255168934,8.868137542586055,8.276765283691509,6.963527448045937,7.2780656971173965
safmnpp,ami,small,044,044_right,m4,6.734370027894457,39.84783385338312,4.170696698463684,4.783638511331348,8.842949097503874,8.248730354893734,7.003298473202695,7.298062069814796
safmnpp,ami,small,044,044_right,m8,6.705165164860394,39.86670880797516,4.076113407209049,4.905545446083062,9.265662693296477,8.286711394814409,6.802651634378341,7.192068615798553
safmnpp,ami,small,044,044_right,rep8,8.016026781333421,39.0912120137594,9.82433911504302,7.15619104107458,9.82115425544433,8.710235117730026,7.119717233344729,7.295926514297449
safmnpp,ami,small,044,044_right,ref8,8.489058079661696,38.84220855959542,15.710025203597066,5.831550298472769,9.169338543377036,8.5833714548495,6.884618678315979,7.311512989354217
safmnpp,ami,small,044,044_up,m0,6.380183635684748,40.08247182018717,4.64841011373517,5.708785878047312,6.797935057428454,7.341410335470274,6.854937250276275,6.4493428857905
safmnpp,ami,small,044,044_up,m2,6.110303837195704,40.27017554629172,3.376702210930161,4.959261389315528,6.477379134015643,7.422030918800822,6.897404370949837,6.534673558474805
safmnpp,ami,small,044,044_up,m4,5.937266897088103,40.394937887268824,3.3646437547351544,5.058954579674358,6.418708744142969,7.114708469967952,6.477184514528704,6.512179433754925
safmnpp,ami,small,044,044_up,m8,5.753206553646246,40.53170394369189,3.3344982929674356,4.743886706311968,5.906691517033683,6.537698757880819,6.478959595798773,6.4107752438925525
safmnpp,ami,small,044,044_up,rep8,8.276496145365673,38.952338437441995,13.676299690306084,10.02623800713593,7.4899749245002525,7.640207395329605,6.771304310318288,6.569277226488669
safmnpp,ami,small,044,044_up,ref8,9.334209923988057,38.430027970373885,25.718642636845107,7.474822929194005,7.1995065002253655,6.8998458982616375,6.375694821149374,6.432761691598183
safmnpp,ami,small,044,044_zoom,m0,5.914664865583019,40.41150219030145,11.484284455267318,5.156612767909818,4.775541739276422,5.140379920848045,4.7254432228354295,5.609117686435986
safmnpp,ami,small,044,044_zoom,m2,5.266780390433819,40.915351509613835,7.359480697160158,5.319812181491383,4.386294748959866,4.836555854069283,4.643934873854059,5.62721525618338
safmnpp,ami,small,044,044_zoom,m4,5.220506779425397,40.95367696788066,7.545497360420632,5.260405936810619,4.165846721049326,4.570345573682073,4.627565226530314,5.603792867324347
safmnpp,ami,small,044,044_zoom,m8,5.171278702417025,40.99482416470411,7.172713653389228,5.071821617813746,4.21169764286044,4.728724816210484,4.654415116913163,5.572905377767806
safmnpp,ami,small,044,044_zoom,rep8,12.744267004584477,37.07765499094692,51.60135622162537,15.024538956578633,5.193947138978338,5.361469511403251,4.684989775970543,5.6435587918425005
safmnpp,ami,small,044,044_zoom,ref8,18.653273850843775,35.423252946654685,100.31792362486776,8.889181524146592,5.0095240072535505,5.388437903147018,4.749408051170299,5.6531479701422525
safmnpp,ami,small,045,045_back,m0,4.525534331445581,41.57410496995584,7.922527275996122,6.668938421576142,4.128119427947844,2.6281075744355546,2.737008549752983,5.1382229620692765
safmnpp,ami,small,045,045_back,m2,4.194921864244754,41.9035648491496,5.94704276516768,6.2089280318097035,4.200447822586773,2.6111871057510228,2.7358810477724593,5.097721076029171
safmnpp,ami,small,045,045_back,m4,4.194685170901328,41.90380990142095,6.22578103901523,6.39244679597468,4.0044570417601095,2.5753380985287246,2.6376761017793995,5.085108527367478
safmnpp,ami,small,045,045_back,m8,4.2012525925355035,41.897015673931094,6.181351693493727,6.346855290541654,4.081417725447574,2.638974525317612,2.644843198671064,5.086073372999266
safmnpp,ami,small,045,045_back,rep8,7.515387464049841,39.371289848390695,19.948933972995317,14.991825654458422,5.194258909199916,2.939252954246324,2.9336836438563507,5.443476605831411
safmnpp,ami,small,045,045_back,ref8,8.423400797443135,38.875928953328796,34.07802839888671,8.154286340751845,4.958898192726534,2.7798069179784335,2.673192816850861,5.284197285644524
safmnpp,ami,small,045,045_down,m0,3.9980926715638136,42.11227504481922,7.631162821330402,4.023641315542985,2.6697898526712094,1.9309429263276572,2.701413768709227,5.75199540783623
safmnpp,ami,small,045,045_down,m2,3.7883677610553947,42.346282287509275,6.085388611395049,4.127071850124934,2.7172671591021484,1.8824443546520124,2.687101615487672,5.7161437933064825
safmnpp,ami,small,045,045_down,m4,3.7886309156257836,42.34598062036446,6.118343483338713,3.969002444332413,2.6192428533319814,1.791800575978884,2.696896356535911,5.908406452933007
safmnpp,ami,small,045,045_down,m8,3.8000026231538873,42.33296464456136,6.136273217720897,4.036186065847334,2.873861524948998,1.8252561985906532,2.7017089078099863,5.711098017120218
safmnpp,ami,small,045,045_down,rep8,4.990475563398816,41.14938427525318,11.38994657040611,7.1498320676777505,3.380732286730916,2.1524620831683503,2.7079427236471147,5.572528646753232
safmnpp,ami,small,045,045_down,ref8,5.037075516904101,41.1090189892644,14.161719103327512,4.858990768136977,2.898757700004326,1.9334139273873463,2.7361489775041337,5.737169136411057
safmnpp,ami,small,045,045_front,m0,5.0181243200851595,41.1253894445166,11.86174190916337,6.5187741083899216,3.285966850583911,2.5942143643791287,2.6290451729983273,5.7602630230116425
safmnpp,ami,small,045,045_front,m2,3.9966112755933025,42.11388451555666,5.977349830984229,5.274855246999019,2.9290918713954377,2.4369039580731955,2.592188158464501,5.850493937911501
safmnpp,ami,small,045,045_front,m4,3.9919058378429146,42.119000723877306,5.857503580762328,5.300369870373471,2.977917727528656,2.415117246153763,2.604624022430064,5.855889878544009
safmnpp,ami,small,045,045_front,m8,3.9650377337048393,42.14833036184827,5.860350129958909,5.270317966348316,3.0009045046354186,2.4284320576380156,2.5860111190046813,5.7348238177854665
safmnpp,ami,small,045,045_front,rep8,6.401239505658108,40.068162840174146,19.1572368824267,8.030303941703153,3.7309004810511297,3.2500937851225817,2.7336189198804512,5.9370156275619355
safmnpp,ami,small,045,045_front,ref8,6.808030155421035,39.80058890127461,24.617094419269957,7.072736132498087,3.245687922740595,2.3991652140493285,2.5629340549339763,5.853075220305892
safmnpp,ami,small,045,045_left,m0,3.3944811728564406,42.82306956620863,4.229045104527388,3.7525217451622797,3.4201327944034747,2.9773349255149992,2.5497588547566075,4.3201992614240305
safmnpp,ami,small,045,045_left,m2,3.266651785808388,42.989775182693705,3.643333552595309,3.5406109046233682,3.309989472233817,3.034763543481635,2.5646679499718847,4.214604872881643
safmnpp,ami,small,045,045_left,m4,3.3047377641335163,42.9394335759337,3.741853178732621,3.5568565457837855,3.3341971222033604,3.0805774166296374,2.5532113178900357,4.319570582585842
safmnpp,ami,small,045,045_left,m8,3.2792905075242014,42.97300468984722,3.7786079966298494,3.4757688414709205,3.3183728258276575,2.9429259610006087,2.5203829280069137,4.362024769019726
safmnpp,ami,small,045,045_left,rep8,4.105688283842483,41.99694387520161,7.150019176355738,5.377531195110043,3.8296865390782693,3.072459169584184,2.689180966265614,4.310366042173682
safmnpp,ami,small,045,045_left,ref8,4.249764014133569,41.84715546159967,10.451327570994966,4.186235987534434,3.383804371485096,2.9035903247758714,2.475502895444642,4.2235572852374075
safmnpp,ami,small,045,045_right,m0,4.404802458479109,41.69153924423175,7.76880909760033,5.98910370827314,3.943414411830215,2.716905537811124,2.689462098674785,5.22330722100478
safmnpp,ami,small,045,045_right,m2,4.028237356797441,42.07965308194293,5.719498602930054,5.015619413549955,4.056821329691554,2.642167356316157,2.7375416875337115,5.265670184680349
safmnpp,ami,small,045,045_right,m4,3.928268061868331,42.18879244833954,5.321973027042216,4.952867437707362,3.824284588498775,2.6623372216202035,2.6617315230464773,5.339580386577517
safmnpp,ami,small,045,045_right,m8,3.9650672178937354,42.1482980676463,5.4049317488603705,5.1891168665323875,3.85076193839695,2.629045414630878,2.654434492629885,5.329437605837537
safmnpp,ami,small,045,045_right,rep8,7.277021577477238,39.511266981952694,20.652109129907313,12.308166111364036,5.834908481025896,2.9485311058538453,2.7665950805716975,5.36686316445015
safmnpp,ami,small,045,045_right,ref8,7.5720032966580675,39.33869566495314,28.49403178564052,7.714636688817537,4.901344859712821,2.660867483022079,2.6968303989074265,5.186650006271025
safmnpp,ami,small,045,045_up,m0,3.7124592139867443,42.43418669785146,5.782846879281928,4.549806559970137,3.232312075597516,1.9068246857586915,2.063997457651893,6.03470934591161
safmnpp,ami,small,045,045_up,m2,3.553372335805114,42.624396439743236,4.344011075383867,4.664819488377527,3.0827861243351706,1.7973511075923065,2.144702577400837,6.183388141148537
safmnpp,ami,small,045,045_up,m4,3.473331408077931,42.72334137351906,4.395702268780816,4.423350181625215,2.8216839373724043,1.713387006840891,2.1336260509480907,6.110314969107556
safmnpp,ami,small,045,045_up,m8,3.506637658247411,42.681894684262744,4.348861779606014,4.534695441207912,2.878373382323835,1.7063873233282885,2.0740213925444606,6.33413705555778
safmnpp,ami,small,045,045_up,rep8,5.50165096905105,40.72587326072573,14.902492518170103,8.749878479704465,3.34968481560932,1.9459192304129642,2.1227531010676395,5.833897144139635
safmnpp,ami,small,045,045_up,ref8,6.423198485819806,40.053290183393464,22.90512932064492,6.562832144250979,3.4983569715251046,1.8535810829679151,2.1288392649022683,6.357078145094617
safmnpp,ami,small,045,045_zoom,m0,2.515283517305055,44.12493415984364,2.9936002210632404,1.4953545900583902,1.7185968101822908,1.8865067433187521,2.1615585322433457,4.463398889139092
safmnpp,ami,small,045,045_zoom,m2,2.375604112642076,44.37306292412357,2.1223415832024686,1.391976815785616,1.748882062298425,1.8736384115973976,2.1420027778941386,4.448802055327276
safmnpp,ami,small,045,045_zoom,m4,2.3149833613139137,44.48532486946129,1.910849577654087,1.337871688091063,1.6454380046801103,1.8357076238827075,2.133028669492195,4.417947896670692
safmnpp,ami,small,045,045_zoom,m8,2.308386589323711,44.4977181827739,1.9219017311100466,1.3530276031833073,1.621932064960892,1.7735085535096538,2.1511723913735876,4.380433825514225
safmnpp,ami,small,045,045_zoom,rep8,3.3414196256203246,42.89149341785391,6.334976537832891,3.3755953341188953,2.530468000030727,2.0047966613491868,2.209808378035632,4.483362600646986
safmnpp,ami,small,045,045_zoom,ref8,3.7164561128468576,42.42951352226446,10.945386809249257,2.1248716428263905,1.7592511397033588,1.9737805413462375,2.1876729861539217,4.500905314648031
safmnpp,ami,small,046,046_back,m0,5.629631710622667,40.62600376545166,8.014589035522507,4.791351938747088,4.681250206985112,4.281688112885145,4.507401621427558,7.955854773799438
safmnpp,ami,small,046,046_back,m2,5.212465903267692,40.96037133763051,5.219784710058702,4.4889462638810045,4.557729271038963,4.3212404215101055,4.534091426401066,7.991818354184147
safmnpp,ami,small,046,046_back,m4,5.155404716281081,41.008175963602426,5.0753129990406425,4.4014357586482715,4.460785807343208,4.306311349123742,4.5047641831793825,7.973188747505286
safmnpp,ami,small,046,046_back,m8,5.104993621395659,41.0508515708835,5.154362212489418,4.439996836861773,4.644326377224715,4.319664964117943,4.332411193717339,7.793228211662158
safmnpp,ami,small,046,046_back,rep8,7.302365518331806,39.49616793193457,16.676224302319035,7.653287248293518,5.230333854556929,4.399113908693279,4.46689169257248,8.26960175621047
safmnpp,ami,small,046,046_back,ref8,8.634329195365366,38.76851758173189,28.886603086064092,5.80527926728881,4.712626720423244,4.2802822983995545,4.497941330413761,8.014215171448539
safmnpp,ami,small,046,046_down,m0,5.376016994859483,40.82619727912538,6.713814909931103,5.766482296695336,3.5038276551409324,3.5979293278379596,5.32860410864559,6.477797817651866
safmnpp,ami,small,046,046_down,m2,5.064426371905839,41.08550099251386,5.527888515127519,5.481830873883003,3.2153506156832106,3.378034358817238,5.176740763360186,6.45363767070538
safmnpp,ami,small,046,046_down,m4,5.123918937570329,41.03478110451853,5.333084481016823,5.787225230616683,3.331704287686707,3.477526725955489,5.273434658075323,6.400699838200513
safmnpp,ami,small,046,046_down,m8,5.083214317933639,41.069419401021,5.4103788308766365,5.441566192506655,3.2466392257835026,3.523880423848988,5.205325428891652,6.516598685573039
safmnpp,ami,small,046,046_down,rep8,6.636157241916567,39.911636929056364,13.216334161901642,7.757590884012094,4.173937140027934,3.5822495038697313,5.245022241717032,6.843774026412678
safmnpp,ami,small,046,046_down,ref8,7.78955203313205,39.21567878180309,22.436991489291966,7.189369833277382,3.7391261235968147,3.600000252106302,5.349201956103641,6.700679774051147
safmnpp,ami,small,046,046_front,m0,6.489976869655419,40.00837211894801,6.793209612749629,5.713177556662895,7.17201422495179,6.00700684491389,4.925134253974245,9.611421514507878
safmnpp,ami,small,046,046_front,m2,6.1129957588105,40.26826266391042,4.776863732883172,5.430591800418634,7.0049203975272105,5.882552312464319,4.760324997603679,9.74631175593918
safmnpp,ami,small,046,046_front,m4,6.095929450899155,40.280404286621035,4.744885109027357,5.426736024418669,6.899804981767498,5.947762718346573,4.8361995788053695,9.564167154749073
safmnpp,ami,small,046,046_front,m8,6.0956843780589125,40.2805788882508,4.624962332633465,5.23335945953204,6.78133151773239,5.941219065915777,4.810253143672559,9.927703672694157
safmnpp,ami,small,046,046_front,rep8,9.069054239346631,38.55518361575073,18.71973303921929,10.844002612111058,8.501260274912323,6.5410961839660695,5.094755960269724,9.711463996394293
safmnpp,ami,small,046,046_front,ref8,10.723963267995984,37.82725043111523,35.87213045387791,7.35971309041456,7.4446790602769966,6.311664708883396,4.897031914532554,9.483033955042353
safmnpp,ami,small,046,046_left,m0,4.623202116762767,41.48137480565022,5.561922991548674,3.9118087501509677,4.0873201053144825,3.4931959372889465,4.160842230194064,6.328030437533761
safmnpp,ami,small,046,046_left,m2,4.406816016645794,41.68955441654436,4.361599414118034,3.823301483357898,3.961269798337207,3.4315331310671593,4.1064542311582475,6.3237987075222275
safmnpp,ami,small,046,046_left,m4,4.348661438112236,41.74724763568903,4.3861412985351285,3.904795316033736,4.019934038846597,3.356424846310455,4.03485044605937,6.058352914329164
safmnpp,ami,small,046,046_left,m8,4.362988228322266,41.73296319639417,4.418073502319499,3.803552685592061,3.9858334885658153,3.2991586196238,4.12243594862972,6.080112022868848
safmnpp,ami,small,046,046_left,rep8,5.089837834747682,41.06376415190514,8.810594120774763,4.710324323093555,4.078629496762453,3.275210640101939,4.15080070562888,6.026823903308223
safmnpp,ami,small,046,046_left,ref8,6.349056373310615,40.10371177673061,17.846269707475436,4.665361899763107,4.157229433306299,3.3233509914817954,4.016410343465233,6.339150205128497
safmnpp,ami,small,046,046_right,m0,6.788185705326017,39.81326646006133,8.936856440568771,8.603305317402844,7.131564737991908,6.389471109484214,5.775474747392377,5.733715676526876
safmnpp,ami,small,046,046_right,m2,6.333931383984168,40.11407006555487,6.808880023096114,7.50663877237814,7.127884949109717,6.337565185853159,5.744759282485402,5.6989291535510365
safmnpp,ami,small,046,046_right,m4,6.4614810280782695,40.02748287361604,7.282580460008419,8.307128248161263,7.045203782530456,6.448223912288455,5.612136622084712,5.713150978963919
safmnpp,ami,small,046,046_right,m8,6.390049850151256,40.075761146717696,7.200212225239821,7.9135747294674905,6.922771693491295,6.352978216701005,5.67351945375528,5.680553330317064
safmnpp,ami,small,046,046_right,rep8,10.446425968759943,37.94112629993959,26.62141381521271,15.856008258086232,9.2079443651731,6.692578235920493,5.803035108626858,5.849481187494411
safmnpp,ami,small,046,046_right,ref8,11.568225357513166,37.49813620460063,41.73628102411571,10.37247508288303,7.525607082087116,6.225995582722063,5.779352222986018,5.862092448596152
safmnpp,ami,small,046,046_up,m0,7.709578654113523,39.2604971734273,10.997155478778962,8.80147209585083,8.525937131480678,7.057399005922654,4.570448573982801,10.14776792290447
safmnpp,ami,small,046,046_up,m2,7.155798200276954,39.584222762813965,7.766778981233701,8.156893018016786,8.486247892810425,6.8508082163690425,4.559320099643802,10.161452943060299
safmnpp,ami,small,046,046_up,m4,7.038704866546671,39.65587605284972,7.712204929806211,7.992357555731967,8.26694148847958,6.711341166228275,4.437762232581226,10.120245141551685
safmnpp,ami,small,046,046_up,m8,7.180504016351738,39.569254314114154,7.998873329581532,8.167530422130358,8.39113513816645,6.918430476167523,4.511959036013797,10.22479574698511
safmnpp,ami,small,046,046_up,rep8,12.930124682612327,37.01477648152292,36.439343153556294,20.130084098868775,10.530178452145867,7.425533455492683,4.771111250562889,9.820557124225957
safmnpp,ami,small,046,046_up,ref8,15.3077161364151,36.2816996072096,63.48478162525047,11.47536253639315,8.735727871518796,6.919333033634694,4.636559232925275,10.268665468892008
safmnpp,ami,small,046,046_zoom,m0,5.131329264826427,41.028504777055694,7.072164357465627,6.481544863959109,3.976869054715434,3.4135990811136567,3.7698614849149883,7.037660652242406
safmnpp,ami,small,046,046_zoom,m2,4.672333513392412,41.43546525510065,4.941386464952886,5.721715946735594,3.716914906242881,3.1813776627916615,3.6788435697364124,7.1298603340256745
safmnpp,ami,small,046,046_zoom,m4,4.67296624423868,41.43487717013257,4.817708841869206,5.578734061646508,3.689368436283972,3.2297538646436594,3.8069557991924152,7.0797155225412105
safmnpp,ami,small,046,046_zoom,m8,4.581008942989602,41.521192212666264,4.671395162692628,5.433126755329302,3.6879062232412423,3.230854795455923,3.6890667969111592,7.000565753559567
safmnpp,ami,small,046,046_zoom,rep8,6.226042963014058,40.188682476477304,11.632506934070838,9.350875353807224,4.816713458534007,3.567934894078818,3.6445419736747517,7.20431295048509
safmnpp,ami,small,046,046_zoom,ref8,6.691124744958272,39.87581234210418,17.639975241022302,7.727684862159799,4.070959768950764,3.3238679041674843,3.6014179521308565,7.067382936536308
safmnpp,ami,small,047,047_back,m0,5.563231900993017,40.67753197166074,7.813869440153318,5.217577097936934,3.9342232476997716,5.128224816435199,4.696095178121757,7.052143969813171
safmnpp,ami,small,047,047_back,m2,5.4250689061201145,40.78675102152378,7.793714431737209,4.655761477809006,3.6522718740493425,4.950223430879304,4.662684936762417,7.050506616123727
safmnpp,ami,small,047,047_back,m4,5.397227322764943,40.809096506138275,7.4854046930380305,4.51917988022824,3.6747659736390745,4.953744128330447,4.762574274998061,7.025348907293708
safmnpp,ami,small,047,047_back,m8,5.516671222548107,40.714032588184295,8.239831596354502,4.800457284615549,3.694339127588847,4.870736465422794,4.68174409563594,7.102633763811273
safmnpp,ami,small,047,047_back,rep8,9.560743898007654,38.32588675889841,29.854746551553156,11.720498155163776,4.877965064054119,5.049060344323293,4.848781132023171,6.996063711828563
safmnpp,ami,small,047,047_back,ref8,10.69597087369676,37.83860149243937,42.620389444131156,7.187445113227474,4.324658484583692,5.30999442386501,4.782738146696265,7.108214053449093
safmnpp,ami,small,047,047_down,m0,5.090638511438732,41.063081021847964,5.457062178513269,6.070554190519781,4.132539154357608,4.226540198272452,5.138993543708274,5.1733811484132275
safmnpp,ami,small,047,047_down,m2,4.942109852463988,41.19167966263059,5.332454547546265,5.620543302414744,3.813682290032619,3.997586042402878,5.036708983080381,5.299335499040631
safmnpp,ami,small,047,047_down,m4,4.78439879764321,41.332529882994734,4.953094912055811,5.659763027014326,3.8170183047291295,3.8925482637406605,4.826103967852699,5.13214687637507
safmnpp,ami,small,047,047_down,m8,5.024811464909275,41.11960589558593,5.15921539080782,6.258472638059042,4.199301238123736,4.0004624949334495,5.028812387455444,5.198071454412844
safmnpp,ami,small,047,047_down,rep8,8.080019690763228,39.05667941729538,15.723650609370363,15.338207206813868,6.150426513356671,4.629162423703111,5.381191524894286,5.385988309481328
safmnpp,ami,small,047,047_down,ref8,7.5846797343293515,39.33143113589593,22.286937986635255,7.141195023907459,4.405626789381217,4.211184498387367,5.164319378597026,5.222625330598266
safmnpp,ami,small,047,047_front,m0,4.742173133102303,41.37102955178004,6.083873989096562,5.76179037823754,6.011904497152623,3.7709330325280153,4.066052648964832,3.9864023013083902
safmnpp,ami,small,047,047_front,m2,4.280816353941276,41.81553763769567,4.507419788712928,5.094565339820336,5.19704154026456,3.43321898573903,4.034612924127219,3.8890719386519614
safmnpp,ami,small,047,047_front,m4,4.232426210231571,41.86490965680228,4.411094236078458,4.967107536862774,4.887662926883738,3.339447111096454,4.079289685690006,3.96100186117665
safmnpp,ami,small,047,047_front,m8,4.253330566087506,41.84351223757284,4.3676570245571265,4.99409492192133,5.175776424973235,3.3244709033991624,4.051243982634973,3.963805164749435
safmnpp,ami,small,047,047_front,rep8,5.561636158027151,40.67877786934814,10.32296344325468,8.433122401446717,5.671248819934218,3.743287157190056,3.9084347844733998,3.9453823029999873
safmnpp,ami,small,047,047_front,ref8,6.0162013192289905,40.33758000311024,15.22782585586567,6.663996917233165,5.541755266157094,3.5854679698895096,3.998505285643096,3.9967012267039714
safmnpp,ami,small,047,047_left,m0,5.251025606449173,40.928362247533045,7.213347300203749,7.248072715471368,6.6216340341193565,4.391203782230948,4.64218055831566,3.0442119642850107
safmnpp,ami,small,047,047_left,m2,5.1748955811790465,40.99178769825962,6.969493399498114,7.4636932494857104,6.359017762606688,4.284877250755938,4.555140570665452,3.0512103962085515
safmnpp,ami,small,047,047_left,m4,5.234314696551655,40.942205312023134,6.656780788989819,7.29893488133293,6.41244315328125,4.732424957238714,4.747357878104549,3.0779363511404276
safmnpp,ami,small,047,047_left,m8,5.218216142194635,40.95558296947261,6.767050091679667,7.400362611015188,6.4918638050929935,4.520212552005938,4.654560005540911,3.0797159641982055
safmnpp,ami,small,047,047_left,rep8,6.363976166681402,40.093518163387046,11.43454017023526,9.279830428890989,7.868219924543863,4.975759179790717,4.806946566049447,3.1008909847067243
safmnpp,ami,small,047,047_left,ref8,6.629588048592816,39.915938179505225,15.986707991198632,7.904520144823996,6.912302278607265,4.435455183128735,4.7498017435190425,3.1341340866457617
safmnpp,ami,small,047,047_right,m0,4.949333545406023,41.185336381038155,5.332356549297532,6.007708723581316,5.052408884572519,5.123492113556739,5.075418890636258,3.4737363549480365
safmnpp,ami,small,047,047_right,m2,4.879134687712796,41.247375539622276,4.48721900725238,6.46124751659968,5.084365351252072,4.963905407362378,5.082359821108507,3.4688264842042127
safmnpp,ami,small,047,047_right,m4,4.729124888739144,41.38299577667862,4.232960058295771,5.634521236525154,4.742520087245079,4.97470781075289,5.150747545080908,3.5057265701361855
safmnpp,ami,small,047,047_right,m8,4.77829381116747,41.338075104214695,4.240749413456347,5.810895910240967,5.283719017946582,5.0019512608893315,5.063094329745065,3.439029490060373
safmnpp,ami,small,047,047_right,rep8,5.854960763256433,40.45556371853776,9.363809383208803,7.820996895492663,6.116814516207377,5.000748340556288,5.068186122876615,3.5395207070786476
safmnpp,ami,small,047,047_right,ref8,6.17424569879214,40.224964530029354,14.159040212739049,6.317709358182559,5.271291957150103,4.90832052082632,4.985789836591792,3.480688499059256
safmnpp,ami,small,047,047_up,m0,5.1521176198426675,41.0109459171306,12.306943820747192,5.462030395136162,3.561411403637273,3.428171281588746,3.615427917569903,4.380056581012291
safmnpp,ami,small,047,047_up,m2,4.477079518665391,41.620855527898264,8.211816400196492,4.9000499241414355,3.543254481281629,3.362313608707336,3.58159220293367,4.262077439798635
safmnpp,ami,small,047,047_up,m4,4.430577902433816,41.66619983748882,8.165255874090073,4.960798529933039,3.424957785270419,3.246764766240267,3.5169579279235883,4.262472640031599
safmnpp,ami,small,047,047_up,m8,4.528601816676462,41.57116224424846,8.059683081926051,4.854549363742264,3.4993006673360014,3.517664797644404,3.6254670463629015,4.5567155592736555
safmnpp,ami,small,047,047_up,rep8,9.103265300212339,38.53883161129213,34.32452195861229,11.155727346915503,4.545388806012291,4.096772571416915,3.7608449071462497,4.1937448272488345
safmnpp,ami,small,047,047_up,ref8,11.539503206079852,37.508932487121825,56.65461936486299,6.995463669317605,3.7705264244009524,3.669290662088903,3.6390740973572973,4.643699695833154
safmnpp,ami,small,047,047_zoom,m0,3.3435418874869707,42.8887359250935,5.016874921702298,3.0643029919205804,2.763414214100166,3.105604264061419,3.4152107181848534,2.6405168240393717
safmnpp,ami,small,047,047_zoom,m2,3.0743584082523934,43.25325864765723,3.5604912133185542,2.785046381974564,2.661210441663872,3.0226009333759634,3.375327698643967,2.6437666871454484
safmnpp,ami,small,047,047_zoom,m4,3.049713982258061,43.28821249964295,3.3616233516057514,2.7602153753653176,2.65671397498423,3.0725716303008026,3.3591549420678866,2.679731984703599
safmnpp,ami,small,047,047_zoom,m8,3.048491441201616,43.289953808126214,3.4264267628734393,2.7823252254458337,2.6340625417787624,3.0865854791014287,3.322452435688797,2.6822972670367164
safmnpp,ami,small,047,047_zoom,rep8,6.017009247752062,40.33699681893356,17.832923290114078,9.334155497071382,3.531120178869214,3.1494862437474453,3.4722089271179764,2.6476167443067573
safmnpp,ami,small,047,047_zoom,ref8,7.001705105953857,39.67876545434892,29.357286893759575,5.140330593153032,3.1436697294063585,3.1487100027740653,3.426353287006188,2.638430446781586
safmnpp,ami,small,048,048_back,m0,7.760743907949528,39.231770082137416,19.04693615365183,10.07326223272932,6.123062505080917,5.17924544810229,4.18236155271553,6.740978925101163
safmnpp,ami,small,048,048_back,m2,6.258823202892856,40.16587676944027,9.514812160500725,7.960005753638707,6.070863887891975,5.123138495264823,4.318611118835646,6.9819363059849575
safmnpp,ami,small,048,048_back,m4,5.9409414823912945,40.39225086222197,9.105058732468178,7.308031436993194,5.619509174010775,4.9448322689911315,4.196375890065959,6.610930831065095
safmnpp,ami,small,048,048_back,m8,6.17433702512169,40.22490029185423,9.355198446167508,8.19624107318447,5.8982606737021515,4.839214233430322,4.1621510315907395,7.040824702134698
safmnpp,ami,small,048,048_back,rep8,10.962370790996662,37.73175873315967,31.15215664793499,19.318172073108112,7.927017741555201,5.150466722851328,4.224132695467763,7.52752956467963
safmnpp,ami,small,048,048_back,ref8,11.884779989025946,37.38089214386075,47.78031863290495,11.253757660022377,6.250306792140912,4.864645429109289,4.22947687004745,6.92818075734333
safmnpp,ami,small,048,048_down,m0,5.27520220674116,40.908412493931976,5.11976616684511,3.9976071501290082,5.825102648034892,4.957056904260674,4.361084264869479,7.87329350395785
safmnpp,ami,small,048,048_down,m2,4.977888565064475,41.16035190595994,4.130579179984863,3.6789883664276677,5.544745947958478,4.778736275312598,4.241768976665639,7.709248930147595
safmnpp,ami,small,048,048_down,m4,5.01465350461819,41.12839430736013,4.053647156191069,3.8180454122547918,5.635664799866638,4.837317687129796,4.294211293961653,7.681519487419138
safmnpp,ami,small,048,048_down,m8,5.088037617303391,41.06530047353556,3.9462229522377816,3.7726591586928566,5.843475000267175,4.866868590913611,4.357719607227318,7.937134745645841
safmnpp,ami,small,048,048_down,rep8,7.504730593974372,39.377452543819416,14.088381602646052,9.77300701618645,6.912328617723744,5.326188204969032,4.518404033339005,8.113018674280383
safmnpp,ami,small,048,048_down,ref8,8.203527879255715,38.9907970250825,25.93497223896812,5.253306617869144,5.586115383219346,4.6952857885765935,4.2769519294533325,7.848852912880139
safmnpp,ami,small,048,048_front,m0,6.115740171100153,40.26631334855959,6.522581293884159,4.629113483615251,6.727299345862529,5.146332044220959,5.650308668616012,7.936841371172987
safmnpp,ami,small,048,048_front,m2,5.7234888249802705,40.55419521664813,4.741207992012714,4.235699979715698,6.571795581551236,4.827305555455035,5.622987361075781,7.733965008794935
safmnpp,ami,small,048,048_front,m4,5.876215511189361,40.43982645634648,4.548532071694187,4.2206283554994,6.4663608968617545,5.390511924928041,5.741458853773629,8.262488975069504
safmnpp,ami,small,048,048_front,m8,5.761907251326666,40.52514097649171,4.5990804091966595,4.190843475047411,6.459121599990176,5.125875213985134,5.705192340307794,7.831990144820381
safmnpp,ami,small,048,048_front,rep8,8.940243328025604,38.61731021649096,20.523467407415037,8.920522281643931,9.47616286942483,5.676177475020051,5.646645079584012,7.803980373847496
safmnpp,ami,small,048,048_front,ref8,10.766914801738572,37.80989084360118,37.923866765967155,6.701593972768747,7.077156022543162,5.165740865903289,5.688000352994161,8.057189978363608
safmnpp,ami,small,048,048_left,m0,4.110347561342653,41.99201814517067,4.194589264942227,3.9067170786801304,3.9063377454701005,3.900902288967247,3.9630574498693836,4.734108228059881
safmnpp,ami,small,048,048_left,m2,3.9111541457243852,42.20775428240175,3.2668759768553026,3.7467959158653015,3.7562348133666745,3.827882516672402,3.937376093472229,4.6355999811006585
safmnpp,ami,small,048,048_left,m4,3.9736438118293402,42.138914254946876,3.3677028844062806,3.6568154534405775,3.7017549951246216,3.9967529309290466,4.015601908648292,4.761634469690023
safmnpp,ami,small,048,048_left,m8,3.9397181110565285,42.17615211933774,3.353876745914328,3.6619271104344384,3.7343434935163464,3.8097179107775645,3.932407862426756,4.826168565892145
safmnpp,ami,small,048,048_left,rep8,5.3673307594899375,40.83322001542281,9.227173249445672,6.258978205569104,5.90086072543613,4.084261312764431,3.976061103369027,4.7776285912859215
safmnpp,ami,small,048,048_left,ref8,5.996340282219239,40.35194090511412,16.813833816177553,4.993992633968424,4.081941566109157,3.905942810638861,3.896157097400581,4.827395560907223
safmnpp,ami,small,048,048_right,m0,6.905705170142362,39.73872328081458,8.698470093369222,6.416838290401168,8.649088888582034,4.403111390508808,6.893075039265181,6.255366943252175
safmnpp,ami,small,048,048_right,m2,6.856422912120055,39.769827633390705,6.33823962383303,6.816582868726543,9.859406022583169,4.664895969084127,6.99298802507391,6.3675491236500985
safmnpp,ami,small,048,048_right,m4,6.900344581856713,39.742095822665476,6.1564201354183155,6.83871671889897,10.519285386659817,4.621719881264353,6.994727231113022,6.325048828676291
safmnpp,ami,small,048,048_right,m8,6.818001486087007,39.79423269313947,6.028770804172948,6.824402477211952,10.172119828568519,4.5334213167673605,6.985199265805736,6.2714600363355455
safmnpp,ami,small,048,048_right,rep8,10.383520649117697,37.96735729971734,23.637005486528285,13.307142379527296,12.171102476994031,4.62137582110137,7.061286732788456,6.56867032188353
safmnpp,ami,small,048,048_right,ref8,11.596120458141291,37.48767642798753,39.565155796294796,9.206501084403444,8.985650711947175,4.2729219838430925,7.019041976415374,6.4294563289598345
safmnpp,ami,small,048,048_up,m0,6.651770151083466,39.90143126911042,13.34333971486267,6.910442925508217,3.386323147517659,5.388007999503481,4.929898351535467,7.46208509188185
safmnpp,ami,small,048,048_up,m2,5.726044520778546,40.55225640470265,8.495133931917094,5.555947632818323,3.142958852734372,5.199263058059532,4.814932541975721,7.460124474849577
safmnpp,ami,small,048,048_up,m4,5.529690088421524,40.703795689230624,7.676268289489234,5.3418982610865555,3.107781110333132,4.941711279018559,4.815056266084876,7.319546951774078
safmnpp,ami,small,048,048_up,m8,5.530199271531035,40.70339580202073,7.724236872299956,5.301629477819902,3.1284690709531766,5.0699132601532515,4.7846690961997185,7.27946679379962
safmnpp,ami,small,048,048_up,rep8,9.675762856107923,38.27395145198928,28.74198575198792,13.609089290719405,4.1969637184875985,5.279180076456237,4.987408498987285,7.20085642152153
safmnpp,ami,small,048,048_up,ref8,11.381691298955609,37.56873558630769,46.571797584739485,8.56931829323787,3.459435839998106,5.120381809033796,4.854498828942856,7.479767685090049
safmnpp,ami,small,048,048_zoom,m0,5.520226501130716,40.711234631798156,12.361990225347023,4.191730770568439,3.013581923173389,2.895865445601604,5.098968965317237,5.228905119033364
safmnpp,ami,small,048,048_zoom,m2,4.495648169227283,41.60288044993297,5.565379487996245,3.6481432909468148,3.004389671883922,2.9207837218874833,5.0413955441254705,5.20145511907175
safmnpp,ami,small,048,048_zoom,m4,4.513744326771447,41.58543405288115,5.325757211385087,3.6186313408964095,2.9777030097795927,2.866243000956668,5.18297047862374,5.295389307697639
safmnpp,ami,small,048,048_zoom,m8,4.517383417835186,41.58193407525188,5.421536961757831,3.6868997825229566,2.9592457443769837,2.894529990700101,5.152748057904218,5.24431562126736
safmnpp,ami,small,048,048_zoom,rep8,9.583824554380799,38.31541506131701,31.321126045910535,14.788149162343958,4.168247153291342,2.936210533078405,4.956907979893236,5.330902654105212
safmnpp,ami,small,048,048_zoom,ref8,9.737935446724176,38.246134696089904,39.75804150976798,7.155238904747471,3.2812735192848,2.9079660913097665,5.193515579384793,5.316460540693843
safmnpp,ami,small,051,051_back,m0,6.744661161381094,39.84120224419482,10.275120300951793,7.509234718417203,5.4178463373685295,5.573109309488441,5.623272720151799,7.165226220564809
safmnpp,ami,small,051,051_back,m2,5.973359005649045,40.36861743745659,6.037347826215553,6.606515986565243,5.243623870879109,5.3898020251014485,5.631508074675924,6.955136551010551
safmnpp,ami,small,051,051_back,m4,5.978667551421994,40.36475956067441,6.08291704068818,6.5408304135982815,5.208666329081062,5.428041800837823,5.5860461275908,7.083024011241952
safmnpp,ami,small,051,051_back,m8,5.981405942814356,40.36277082993233,5.972354023136588,6.609949708460206,5.167064336386965,5.397541204275914,5.596173432358794,7.161860091627322
safmnpp,ami,small,051,051_back,rep8,8.879546510422095,38.64689574486876,20.84207806747011,11.606774832877132,6.653407261201612,5.748164201953052,5.687759058771596,7.032337607607352
safmnpp,ami,small,051,051_back,ref8,10.387501680506553,37.96569253814885,34.519977234867156,8.543645700101557,6.129517026318031,5.771319482247955,5.726124924899756,7.413951664170693
safmnpp,ami,small,051,051_down,m0,4.333901145218109,41.762013598776306,5.171140560263607,4.738224303391418,3.883252630891904,3.7889114979741083,4.478498472083377,3.751057051400843
safmnpp,ami,small,051,051_down,m2,4.129728566177213,41.971588530578444,4.219484850868218,4.367122966202755,3.808218380032169,3.6893525068112027,4.4209525382082315,3.821835713494208
safmnpp,ami,small,051,051_down,m4,4.074450594889112,42.030113047720626,4.184663755896951,4.502590412097749,3.762987146068428,3.4066496288531187,4.322656948947341,3.8264258224692416
safmnpp,ami,small,051,051_down,m8,4.027191758668467,42.0807805141225,4.159192694606401,4.526406182239817,3.7846568607483597,3.484054355974166,4.201564012865199,3.7282180338035236
safmnpp,ami,small,051,051_down,rep8,4.824845116453118,41.29596984358955,8.326395735787349,4.840166261361208,4.083055712032602,4.042217966421143,4.50037381336817,3.6760402416643227
safmnpp,ami,small,051,051_down,ref8,5.3498737240035785,40.84736829615964,12.410856132945577,4.771746519201407,3.9970435795156605,3.8622217423624776,4.457549539769745,3.772043486953454
safmnpp,ami,small,051,051_front,m0,6.06354790376958,40.30353547897214,8.409738507644276,7.380367881122739,8.159697249201088,8.364448789454135,4.125087230699006,4.145694172483721
safmnpp,ami,small,051,051_front,m2,5.538368725428518,40.69698494671754,6.100447225195178,6.4790018692725235,7.860380097641381,8.176358300631096,4.0390521071188035,4.093780578875314
safmnpp,ami,small,051,051_front,m4,5.506138154994636,40.7223325675301,6.089978703677629,6.443235425678733,7.895082473036061,7.958519673000649,4.0564124320024675,4.02231114758993
safmnpp,ami,small,051,051_front,m8,5.510582025752212,40.71882889561812,5.972985534661548,6.474505831812366,7.870720587661925,7.917704408453132,4.048947752444439,4.171187455548047
safmnpp,ami,small,051,051_front,rep8,7.999603000563185,39.1001192624383,18.358271284379015,9.607079000263177,9.728460163604383,9.032064736558665,4.187639660182519,4.198761031172988
safmnpp,ami,small,051,051_front,ref8,9.402096177782116,38.39855671421929,31.21364331029766,8.719003835950808,8.671115871376875,8.412574860216164,4.038334816722661,4.154480901932069
safmnpp,ami,small,051,051_left,m0,4.329834293064181,41.76609085065334,5.059929028618079,4.921420715449245,5.918602961449774,4.589225030290086,3.6690298201272773,3.365216524229863
safmnpp,ami,small,051,051_left,m2,4.024183728844997,42.08402560141607,4.088996289404737,4.264745600156791,5.663673272555239,4.272341635794962,3.6097991789458455,3.338116118884383
safmnpp,ami,small,051,051_left,m4,3.990823255912958,42.12017866529496,4.022061076867201,4.184286456234279,5.644054120350078,4.282297191895643,3.5714784196354383,3.3386226818487477
safmnpp,ami,small,051,051_left,m8,3.9825649767053184,42.12917490696218,3.977241451819855,4.221590677847602,5.662939946337499,4.357874481351447,3.5477607288616624,3.285766947457407
safmnpp,ami,small,051,051_left,rep8,5.032453291844394,41.11300608144451,8.233004353882075,5.9800054310068695,6.412895462336362,4.848270171898297,3.785108342994288,3.4071501727759146
safmnpp,ami,small,051,051_left,ref8,5.365065790092802,40.83505308918396,12.275806688435026,5.535834520350428,5.753307005016041,4.317674292301431,3.6914522491085195,3.409227246756776
safmnpp,ami,small,051,051_right,m0,7.841902857386483,39.18658902750995,9.303610600105118,7.175452666894382,9.644441644964767,13.910757652838157,5.738814817830532,6.248406703071535
safmnpp,ami,small,051,051_right,m2,7.501451411583639,39.379350602685534,7.330641660700847,6.860568131716795,9.416030897004033,13.982809286622365,5.754661654480396,6.159439213898499
safmnpp,ami,small,051,051_right,m4,7.601113187899853,39.32203161224011,7.771468610717917,7.240632223333027,9.562788319536656,14.372588865118452,5.706335140080113,5.862079644385452
safmnpp,ami,small,051,051_right,m8,7.497413379482177,39.38168903979556,7.390684972106401,7.0971250103848655,9.633039203698454,13.856038575838511,5.6178645730652725,6.110203316659157
safmnpp,ami,small,051,051_right,rep8,14.741402985928033,36.445415421989566,48.45357651372846,15.750518050642798,11.395544977234445,15.72069202040638,5.792912432702238,6.3268402250525035
safmnpp,ami,small,051,051_right,ref8,19.484489135562665,35.233913373706955,89.9614171012086,9.68605822347518,9.483462304341836,15.252184576075907,5.845381775820273,6.762263174359322
safmnpp,ami,small,051,051_up,m0,6.611519134426764,39.92779101700401,10.209895236757365,9.141297309790973,7.632184225413513,6.587593029586643,4.785596048863379,4.76886409321523
safmnpp,ami,small,051,051_up,m2,6.1484093965858655,40.24317583244076,8.580948190103962,8.014897800220924,7.255634715656538,6.389271662250903,4.8639456259426845,4.449280901818952
safmnpp,ami,small,051,051_up,m4,6.1288766541459845,40.256994797609956,8.494706763620243,7.758402676205833,7.189892462446655,6.447249758432289,4.73836871053894,4.836516455060673
safmnpp,ami,small,051,051_up,m8,6.05335752027686,40.31084036121374,8.310958630536025,7.844161436693256,6.955592811741458,6.257470545822387,4.760187332900214,4.72051602778733
safmnpp,ami,small,051,051_up,rep8,10.312932872259745,37.99698169968031,29.347563531261045,14.896465912184672,10.403945146148443,6.998021420195323,4.90110059904997,4.38534494060055
safmnpp,ami,small,051,051_up,ref8,10.625650491973419,37.86724834246544,38.84786226900511,10.508474171260978,7.739746544181443,6.407444463746264,4.612284353943238,4.619977695742683
safmnpp,ami,small,051,051_zoom,m0,3.2945046110680645,42.952902411349044,5.568672820862348,3.344888482678336,3.070962566450135,3.0033048804328217,2.8422760353839625,2.6705117153796616
safmnpp,ami,small,051,051_zoom,m2,3.1254411633048385,43.18169033182617,4.428059480401015,3.421615339484547,3.1484672262904603,2.9785332244618004,2.802632463578802,2.5825661428853084
safmnpp,ami,small,051,051_zoom,m4,3.0589239884068533,43.27511675588237,4.251355293620322,3.311309738883836,3.0116435863384887,2.9588836443762787,2.774569839959005,2.5789682454731957
safmnpp,ami,small,051,051_zoom,m8,3.044897338319489,43.29507706313781,4.107836953428773,3.178022985798513,3.0528806839977123,2.934392712736907,2.7835463526071456,2.677891572693495
safmnpp,ami,small,051,051_zoom,rep8,4.9048589605655275,41.224538371292674,13.018045195906065,7.691976395554132,3.616032102130731,2.9393366656658944,2.7971217141927034,2.6233367367972056
safmnpp,ami,small,051,051_zoom,ref8,5.526160407112285,40.70656873897144,20.006418036596095,5.1164215601918945,3.3878517891461217,2.9782311627571563,2.7374169733211953,2.809893743200572
safmnpp,ami,small,052,052_back,m0,6.711859736307117,39.86237488789867,9.072647483391853,6.962355809587019,5.309465587134965,4.966350382610294,6.650558230221638,6.812198984963355
safmnpp,ami,small,052,052_back,m2,6.354263225649838,40.100151593350155,6.2266265329065735,6.456140015573346,5.307045813642407,5.170085926044354,6.722550851213966,7.106112970092572
safmnpp,ami,small,052,052_back,m4,6.232767769390499,40.183994153253664,6.73821911301146,6.64850980486184,5.334840678790279,5.108769397957594,6.353588482581385,6.596669861204584
safmnpp,ami,small,052,052_back,m8,6.298703682998836,40.13829183041213,6.8555277492620785,6.4467409080479765,5.385714267615519,5.061340903500119,6.482636726807641,6.776099195013397
safmnpp,ami,small,052,052_back,rep8,9.998252310942132,38.131562686726575,24.680350923155817,14.017010456346735,6.44595846146482,5.526436040797813,6.595579504370197,7.2046492069148895
safmnpp,ami,small,052,052_back,ref8,12.291109195146138,37.23489283872857,46.52904347691462,9.733297448580648,5.645799718391632,5.24456466976742,6.596186739066285,7.002416960008772
safmnpp,ami,small,052,052_down,m0,8.03404370592109,39.08146170864749,7.984185303789546,8.711998432744377,7.475988312953341,7.075987286385556,8.312055785705684,8.01557041697478
safmnpp,ami,small,052,052_down,m2,7.748791077992559,39.23846409214593,6.318669022799909,8.276383005882018,7.417746300231397,7.000060360929635,8.24237891732877,8.225991210966393
safmnpp,ami,small,052,052_down,m4,7.718490049529023,39.25548012254458,6.534569236483793,8.518810941774188,7.083628278301973,6.783720001178239,8.39550928968238,7.776983238685419
safmnpp,ami,small,052,052_down,m8,7.806950291922726,39.205989467155185,6.63907097175922,8.58227761282772,7.500920180822426,7.043917013093147,8.278596714556913,7.934772755327758
safmnpp,ami,small,052,052_down,rep8,10.134456311687549,38.072799060300525,18.413004017532362,12.801647676021009,8.21569177240358,7.248741369165813,8.404530583068357,8.079587311356269
safmnpp,ami,small,052,052_down,ref8,10.853027103440764,37.77529473285839,28.924374875648788,9.057513385641052,6.997972566357679,7.0102605398595275,8.231994634978946,7.963527108583899
safmnpp,ami,small,052,052_front,m0,8.633247001884042,38.769061943780784,9.548984053603172,6.659816622934356,11.434879462565325,10.033904189353569,9.053903796861485,5.827976256478758
safmnpp,ami,small,052,052_front,m2,7.7079985649043765,39.26138735742586,5.371669548145852,6.025355213914774,9.494099322268687,9.484959360211446,9.046709786343692,5.935054700004264
safmnpp,ami,small,052,052_front,m4,7.653194403777668,39.29237615601233,5.268052280260364,6.186258809598997,9.849387430554081,9.592557653492351,8.851592431416842,5.654822595202925
safmnpp,ami,small,052,052_front,m8,7.558829904834495,39.34625788277193,5.21021714565296,6.030102430765154,9.63624189447502,9.447517466129382,8.80101199298338,5.604126446192869
safmnpp,ami,small,052,052_front,rep8,13.080642342975862,36.96451289726735,33.65431287231486,13.19225732380465,12.739568094109984,10.67032706063178,9.141274096347953,6.139669971642757
safmnpp,ami,small,052,052_front,ref8,17.07665231850494,35.80677624614418,66.86794576152774,9.658322120654113,12.308631588555272,10.10081392851437,9.125279511430833,6.168726255146816
safmnpp,ami,small,052,052_left,m0,7.349785045288593,39.468057231456385,5.826439713968269,5.4026520840003665,6.061607786658105,7.26841387021656,9.270648947403698,7.221085072659491
safmnpp,ami,small,052,052_left,m2,7.416857969846854,39.428603983590655,5.156237417338419,5.706660532831631,6.47174098037071,7.321204072165875,9.459944794378467,7.239630143760511
safmnpp,ami,small,052,052_left,m4,7.174915403691672,39.57263576009126,5.1463786278077865,5.613760042676088,6.390197749481868,7.16242693152957,8.955581466844276,7.0474639288410685
safmnpp,ami,small,052,052_left,m8,7.212917385028219,39.5496940295094,5.131732053726596,5.510893760472035,6.306779574077727,7.0859080731290325,9.085319864974078,7.205804807338824
safmnpp,ami,small,052,052_left,rep8,8.825063749862439,38.67362509571395,11.989534422709776,8.68293734577439,7.158813631781197,7.365226279126888,9.440943936017739,7.3060826998106485
safmnpp,ami,small,052,052_left,ref8,8.95367550990882,38.61079009798552,17.200126239802735,6.380953911920415,6.195082963846686,7.093794753206691,9.008808322417723,7.26936183249219
safmnpp,ami,small,052,052_right,m0,7.749334230528116,39.23815968352305,9.438943006975254,8.502898754065496,7.098150330074702,8.757686166983033,7.322289103593239,6.51550134963794
safmnpp,ami,small,052,052_right,m2,7.116084319552018,39.60839275404983,6.030002982721283,7.548264282680083,7.110344232235168,8.331664085050722,7.329293253571772,6.506928712085918
safmnpp,ami,small,052,052_right,m4,7.045980257956591,39.65138938865225,6.022624499996832,7.484308644494029,7.11290460986763,8.604002536805798,7.14613505902653,6.339430872389827
safmnpp,ami,small,052,052_right,m8,7.045621112622433,39.651610761415725,6.081721525768506,7.468793555581916,7.100450463253137,8.469977868306268,7.087518769692938,6.503563090233206
safmnpp,ami,small,052,052_right,rep8,12.83234923363871,37.04774190400211,33.183968507250135,20.142734303746344,9.736773578394967,8.815533786794393,7.305149309064758,6.682293648736905
safmnpp,ami,small,052,052_right,ref8,14.866135582922857,36.40882271507214,57.020070365918734,13.073751213823112,7.893462414490879,8.463952941074924,7.119254682035861,6.568132668924154
safmnpp,ami,small,052,052_up,m0,6.264170485174579,40.16216791932485,9.311152467849029,7.536419773011043,6.006860035097046,6.174057402632215,5.104787402288,5.3920041311592275
safmnpp,ami,small,052,052_up,m2,5.836528721366846,40.469257338542945,6.909301299870549,7.410258670042002,5.9572099645228676,6.153620810736473,4.995143383379268,5.180618063522982
safmnpp,ami,small,052,052_up,m4,5.890928630285149,40.42896599659856,6.856265588067844,7.570871163604853,6.079526901620437,6.339267497207061,4.962128625266004,5.281502132305842
safmnpp,ami,small,052,052_up,m8,5.903880736097799,40.41942785118266,6.8057176782123525,7.558428773947382,6.012874461011298,6.1447832042188955,5.0042920482579065,5.4868430614652395
safmnpp,ami,small,052,052_up,rep8,9.984553389982178,38.13751717260004,30.387987409246787,12.960466132904493,6.940084190524257,6.429380964212701,5.211219777571813,5.1844938328275765
safmnpp,ami,small,052,052_up,ref8,11.59301255634436,37.48884054620441,46.10174711399183,9.79695900906832,5.992238282582361,5.992347273417741,5.1449625475715886,5.386163778740746
safmnpp,ami,small,052,052_zoom,m0,5.824869278763231,40.47794177461497,8.420541887038278,6.1713889417375905,5.899930317551271,6.708939379621146,5.869069321658324,2.8819538805496685
safmnpp,ami,small,052,052_zoom,m2,5.516429821440025,40.71422263297545,6.864628873054556,5.512294529859013,5.6530221446103655,6.751659014137701,5.914482599960215,2.8730158548036218
safmnpp,ami,small,052,052_zoom,m4,5.438039183713394,40.776380283024906,6.389812256528977,5.49686859478357,5.712002932310409,6.781371057204996,5.857530569807143,2.85934317915285
safmnpp,ami,small,052,052_zoom,m8,5.410156488753849,40.79870533613584,6.317519096118616,5.495300054359779,5.623204325256723,6.737141386042288,5.857452038781167,2.8450787406916214
safmnpp,ami,small,052,052_zoom,rep8,8.032952953180942,39.082051374416324,19.55491890878506,9.692937432163795,6.461488633784962,7.221673672097947,6.1296641179907265,3.0110719929530116
safmnpp,ami,small,052,052_zoom,ref8,9.552900845416666,38.32945090869657,34.27447455213127,7.486886912600395,5.597693896708567,6.691902270437538,5.981544967878937,2.9482184442031913
safmnpp,ami,small,053,053_back,m0,8.131482021988612,39.029106547185336,11.2451518323921,9.47132911745683,5.219302426476174,4.989128889488046,7.730831423365053,9.360635931439768
safmnpp,ami,small,053,053_back,m2,7.205753527468219,39.55400957853932,6.879357766092746,7.724843745064546,4.889522447090271,4.647369871975266,7.665481159736288,9.323954722376428
safmnpp,ami,small,053,053_back,m4,7.177371347790937,39.57114944226741,6.682440981788417,7.640725009326757,4.9050249660031895,4.709711334162865,7.781192652372056,9.110033564439458
safmnpp,ami,small,053,053_back,m8,7.069918018551334,39.63665983039498,6.613781823427382,7.637880916654495,4.857060691080683,4.609740038550743,7.594753278676789,9.001820014205954
safmnpp,ami,small,053,053_back,rep8,11.801787635547727,37.41132565303073,25.501544653936914,21.00290893457745,7.2277886728817045,5.06384044169845,7.787926326009343,9.249871861314638
safmnpp,ami,small,053,053_back,ref8,12.673590502861638,37.1018069036689,39.67493761394162,12.703836649154246,5.502911690269247,4.989891701096453,8.205903075810383,9.565709704714113
safmnpp,ami,small,053,053_down,m0,7.10542788611405,39.614901247715096,10.607592004382953,5.697908474787647,5.572371127942709,5.498275846345155,6.932440555574304,7.729004411966492
safmnpp,ami,small,053,053_down,m2,6.4405507418073755,40.0415735470358,6.853761169627565,5.424556302339467,5.348066843247278,5.281330187669766,6.779133947873084,7.650127719340759
safmnpp,ami,small,053,053_down,m4,6.553004230694351,39.96639912526205,6.761505980720388,5.363676505206032,5.311407503335316,5.140417064807821,7.0380573446544235,8.024562542327772
safmnpp,ami,small,053,053_down,m8,6.3346790716720625,40.11355743374168,6.672871265153548,5.275641631320036,5.330043014318501,5.239821004323785,6.554188692486259,7.760709090406875
safmnpp,ami,small,053,053_down,rep8,9.1999466719221,38.49295050930734,20.47758336450298,10.020326042709275,6.539881233160233,5.802768888380386,6.9883412469648745,7.862862217271062
safmnpp,ami,small,053,053_down,ref8,9.663744212072201,38.27934934702168,28.022939452422374,7.6071962328858636,5.871785483236015,5.445557818065233,6.543382641527355,7.869424147803069
safmnpp,ami,small,053,053_front,m0,7.466337660840497,39.39972734114514,10.537960363614756,6.7199485506971115,5.21914372718894,5.90819620296634,6.416508390740764,10.049694272887711
safmnpp,ami,small,053,053_front,m2,7.002375762063646,39.678349486673916,8.548611319086444,6.539466812550153,5.132120345661222,5.898039008376551,6.279566185798326,9.421087619050546
safmnpp,ami,small,053,053_front,m4,7.033454444405679,39.65911681984065,8.757525620096702,6.411610135112786,5.064613107060626,5.770071799111158,6.22687736564459,9.749782521371827
safmnpp,ami,small,053,053_front,m8,7.0664589794729435,39.63878518629716,8.915350010479177,6.503534191867842,5.098979126785429,5.721509241508925,6.15403404147205,9.892025704287594
safmnpp,ami,small,053,053_front,rep8,9.239319426109375,38.4744037886543,20.046452007919083,9.646682088931325,5.89072666501766,6.102298470962074,6.578793113694948,9.714467620542159
safmnpp,ami,small,053,053_front,ref8,10.241212141073575,38.02728998463974,29.902255465308013,7.854579229216875,5.413148490325835,5.778571195799189,6.270658503298677,10.11878209697316
safmnpp,ami,small,053,053_left,m0,5.738295563585777,40.542974470854105,8.034493437045075,5.309214011289258,5.2025929929772206,3.959806685498387,4.984678839780046,7.129743733979298
safmnpp,ami,small,053,053_left,m2,5.6162284422320035,40.636355962933415,7.002752631379451,5.837311565637476,5.078402059747332,3.9179720464478796,4.986824025991246,6.963398877970432
safmnpp,ami,small,053,053_left,m4,5.562241903387684,40.67830488345899,6.8777666583701516,5.72023808317582,5.0888635403872895,3.8552561781118273,4.932669949805934,6.972882617210928
safmnpp,ami,small,053,053_left,m8,5.534869083186369,40.69973007942628,6.8688325527443,5.627376429331163,5.028375680409097,3.8505306451396852,4.895821329796171,7.0046014828204894
safmnpp,ami,small,053,053_left,rep8,6.854965294448359,39.770751004976994,10.636356415414994,10.181180115625583,5.983444281077349,4.094382294796024,5.045263040724607,7.1979804841371715
safmnpp,ami,small,053,053_left,ref8,7.009309088241538,39.67405149456488,15.974202255362396,6.319064017428965,5.146643245456404,4.031475899832691,5.000875233251958,7.390397301376873
safmnpp,ami,small,053,053_right,m0,8.436191340148532,38.86933939512612,9.346271988384363,8.829168987809755,9.448093909589817,9.329897374608267,7.341624182681692,8.291293987183114
safmnpp,ami,small,053,053_right,m2,7.973204709904293,39.11447446236422,7.018116905756767,8.450378135975845,9.163163789357787,9.040575310065663,7.286272424796489,8.22337620199226
safmnpp,ami,small,053,053_right,m4,7.960421910749489,39.12144274455054,7.245175155243451,8.835153912604472,9.427588657952802,9.098230985717304,7.027584475509585,7.973561386307312
safmnpp,ami,small,053,053_right,m8,8.050360325487206,39.0726504151015,7.276519821466495,8.791448435411898,9.438305058656647,9.23789887809836,7.118373431065476,8.226411167756751
safmnpp,ami,small,053,053_right,rep8,11.857877197656663,37.390734124687,26.424823506245442,14.817756292295297,10.669909684985582,10.323633043274613,7.433398427852286,8.477260390604393
safmnpp,ami,small,053,053_right,ref8,16.15102555769807,36.04880256497505,61.098685390665544,11.857083000480683,9.717616863975183,9.8691060456306,7.477057486711054,8.804967166212332
safmnpp,ami,small,053,053_up,m0,8.722826341904353,38.72423134443143,9.691214725272257,8.73540481393291,8.512143879617845,7.251482445253027,7.767274812305235,10.8050911704294
safmnpp,ami,small,053,053_up,m2,8.5006359348898,38.83628944249786,7.861036824080265,8.262010010179251,8.299227191954206,7.303893906736295,7.921531373506734,11.129921872918166
safmnpp,ami,small,053,053_up,m4,8.340454545292515,38.91890641029572,7.637234116061309,8.118690639782573,8.18167091654565,7.290826474045099,7.679427943124172,11.04346752214106
safmnpp,ami,small,053,053_up,m8,8.298429540626058,38.94084449982624,7.712749978437885,8.083287749377163,8.135984969195862,7.100618701461543,7.64824156831407,10.977763001928825
safmnpp,ami,small,053,053_up,rep8,11.89356408243567,37.37768343979083,25.07198568903755,13.816698081649754,10.301091459098362,7.628442710571915,7.971830385821829,11.330581180947348
safmnpp,ami,small,053,053_up,ref8,13.599243511124438,36.795656104448966,42.1281174389261,9.772943636795151,9.329938357936674,7.392897711432742,7.826731391446765,11.716162460066677
safmnpp,ami,small,053,053_zoom,m0,5.361726040899962,40.837757410690536,5.741137000597582,5.218317794097019,4.87327826675362,4.063193769112632,4.6673918681418565,7.6009007034479525
safmnpp,ami,small,053,053_zoom,m2,5.173779028467204,40.99272484760807,4.377603303086845,5.089981767294135,4.921746017793937,4.106507656172341,4.66531981823221,7.6342134130165045
safmnpp,ami,small,053,053_zoom,m4,5.157310367078796,41.00657092820949,4.364109289893568,4.915121457490267,4.885235164405005,4.162867138799345,4.70148561571316,7.599259833458524
safmnpp,ami,small,053,053_zoom,m8,5.126995660715268,41.03217410996891,4.301465567088791,4.955108264831728,4.911029475432886,4.137552823541796,4.626735091806815,7.586789118073093
safmnpp,ami,small,053,053_zoom,rep8,5.992294708418111,40.35487196514894,8.903932476512296,6.2213774710093634,4.871513209333819,4.115272145046594,4.806919570564384,7.6955378309803315
safmnpp,ami,small,053,053_zoom,ref8,6.48223052489895,40.01355889260989,13.440661219450536,5.630569425583575,4.91369190723769,3.916040923042327,4.709992719544354,7.646686023887385
safmnpp,ami,small,054,054_back,m0,7.379453863888015,39.450561389739065,12.0807351728678,9.9361359055345,6.656949962884138,4.277950378435631,5.7539812289101295,7.323778856896325
safmnpp,ami,small,054,054_back,m2,6.908092542945904,39.737222139902165,9.374219133107001,9.304139026924656,6.524331496779577,4.221802447071701,5.778371289182081,7.2908964142016295
safmnpp,ami,small,054,054_back,m4,6.962921792001471,39.702888436893076,9.128419100304233,9.168029513744841,6.491231295587877,4.197072133701439,6.015092165175524,7.481114948192764
safmnpp,ami,small,054,054_back,m8,6.906009468179405,39.7385319143379,9.35286430860572,9.082538099964149,6.424884638622768,4.129146683306072,5.905614711243353,7.3383189317872946
safmnpp,ami,small,054,054_back,rep8,10.628710153263597,37.8659979693809,26.859373669542453,16.966176007498333,8.423178710581746,4.701563233025126,5.955769919434537,7.34696660059905
safmnpp,ami,small,054,054_back,ref8,10.66114463177306,37.852765257293285,32.7740846629404,12.253648339444451,6.977225617756631,4.369957824887051,5.9510854697738464,7.50938829376448
safmnpp,ami,small,054,054_down,m0,6.483491340856582,40.01271425716192,7.838460375967314,5.4315879564913825,5.034157770259515,5.51583502340172,6.892117608806674,6.975052826082276
safmnpp,ami,small,054,054_down,m2,6.241461557814887,40.17794060901967,5.979635290465583,5.603401113652432,4.931948778595553,5.725422939090024,6.774842412816477,7.086793924678971
safmnpp,ami,small,054,054_down,m4,6.057202728138708,40.30808251586549,5.551466414923382,5.306020519476728,4.660113811034279,5.587957048724738,6.613613335964215,7.160229723158699
safmnpp,ami,small,054,054_down,m8,6.075175239817078,40.29521551093377,5.79357001744941,5.447395986150436,4.864608366564212,5.61897923069568,6.489863640720983,7.050128370897672
safmnpp,ami,small,054,054_down,rep8,9.91677260699667,38.16710005954435,25.802926580270714,11.411964455204288,5.803514572563167,5.602345795567004,7.06225288910483,7.251651056703071
safmnpp,ami,small,054,054_down,ref8,11.240920787338853,37.62278473435452,40.589744399231336,8.462063520758086,5.082591900522816,5.196233096614108,6.552043744394751,7.077306598389923
safmnpp,ami,small,054,054_front,m0,8.331966098068326,38.92332866689154,11.05680086734352,10.006068717742211,7.882726635561563,5.187753314363303,8.113966549275425,7.636309320522873
safmnpp,ami,small,054,054_front,m2,7.724002341128499,39.25237964126809,8.118043646499707,8.72664599047378,7.733646533785773,5.017431739250749,8.11501074681998,7.602408718826954
safmnpp,ami,small,054,054_front,m4,7.633453130350644,39.30359317512927,8.114872209898746,8.833781688455632,7.805909388677914,4.999708518174054,7.792514401090094,7.586202800341514
safmnpp,ami,small,054,054_front,m8,7.721475315731669,39.2538007345093,8.197892664349128,8.680427551842893,7.798792959983962,5.015633748124117,8.029015865128232,7.679466698125121
safmnpp,ami,small,054,054_front,rep8,11.330543635526631,37.588296132070425,24.689165448560377,16.332739511222716,10.292143090135434,5.5119004049067115,8.141958985379764,7.598794103303596
safmnpp,ami,small,054,054_front,ref8,11.064408055825444,37.69152176672894,27.630751035166366,10.743975503768297,8.751278578851554,5.772350381928772,8.524293418498468,7.985014015360857
safmnpp,ami,small,054,054_left,m0,5.542922983728395,40.69341516548252,8.011407205741628,6.147794228643032,3.4982832987339587,3.5710104879155207,5.117730701174752,6.557431094207457
safmnpp,ami,small,054,054_left,m2,5.1905094162728025,40.97870377620722,6.104885201511907,5.722693614603822,3.3364194726109226,3.42871482879748,5.066350471923277,6.642207656406371
safmnpp,ami,small,054,054_left,m4,5.21226529870028,40.96053848142538,6.2299393514929875,5.57016432318522,3.3313798374645853,3.497435574086191,5.108948381318886,6.659287723097426
safmnpp,ami,small,054,054_left,m8,5.096612930985523,41.05798709096017,6.111679595427737,5.691005480099731,3.258606229596038,3.2931733094382083,4.960803777144501,6.461801322297374
safmnpp,ami,small,054,054_left,rep8,6.550745310667182,39.9678964623555,11.538532314946549,9.944363222590246,4.424885546928883,3.475695113746264,4.994542638588693,6.456340269930917
safmnpp,ami,small,054,054_left,ref8,6.565821049441341,39.95791318950257,15.074206426055905,6.81609324646177,3.5458129294949345,3.350185149818339,5.097070218239206,6.520192536230959
safmnpp,ami,small,054,054_right,m0,8.532742877874739,38.81991701887401,10.443759838634763,11.889123452078783,6.728859820506056,5.8708177337697585,7.286650048049022,9.805395354116987
safmnpp,ami,small,054,054_right,m2,7.741423415457438,39.24259539120079,6.558370325609785,10.071676244865916,6.815903239085298,5.893144115899554,7.2216740606082075,9.706881690570395
safmnpp,ami,small,054,054_right,m4,7.833599515086983,39.191189959580406,6.1996144718541455,9.840281244087702,6.873476933281428,6.027431047282753,7.507851203849068,10.014360339412129
safmnpp,ami,small,054,054_right,m8,7.712439894701728,39.25888568397256,6.218999103250354,10.165114596828253,6.911700684946836,6.004439985449334,7.161048386670982,9.721749936065878
safmnpp,ami,small,054,054_right,rep8,10.328749651312686,37.99032609764717,18.789207050297904,14.404240004677352,8.910252851531682,6.457461623361318,7.2512045951670006,9.929576519882495
safmnpp,ami,small,054,054_right,ref8,10.111243130041684,38.08275807519452,23.27581171529018,10.74698974288586,6.977497799831405,5.875239052022354,7.030368653956755,9.910246177106703
safmnpp,ami,small,054,054_up,m0,8.012513956807895,39.09311561853127,7.636500725360385,6.796583662392535,7.010938852748612,11.844812047586505,7.56689364963426,8.350624610236508
safmnpp,ami,small,054,054_up,m2,7.588078061248114,39.32948570887062,5.863577200180577,6.30765729700692,6.4446090848686195,11.73562531910536,7.469102967497296,8.306536008899943
safmnpp,ami,small,054,054_up,m4,7.512109181655493,39.373184694897915,5.9140110892255455,6.247085918230718,6.4812107376448935,11.353996449985745,7.344489054722262,8.324763704475803
safmnpp,ami,small,054,054_up,m8,7.425798033630038,39.42337227730099,6.025092293086766,6.134904434631106,6.330668581290367,10.637276305924324,7.366477351682907,8.32711429883188
safmnpp,ami,small,054,054_up,rep8,9.211962894876592,38.48728180879104,13.553419955649328,10.299871969785066,7.693686487835926,11.674641216519541,7.588390436711754,7.623524122620564
safmnpp,ami,small,054,054_up,ref8,9.704954429803612,38.26086860394564,20.682820100683465,7.788528469663462,6.814475174072501,11.274169612530278,7.2177171723525575,8.216836035449166
safmnpp,ami,small,054,054_zoom,m0,5.562138631132857,40.67838551818785,8.653088871110276,4.095417149971803,4.193729656162326,4.600048379739206,5.656419239972967,5.539496167789671
safmnpp,ami,small,054,054_zoom,m2,5.263196245756624,40.91830797261379,6.468882192951988,3.8141037447817414,4.168866373910037,4.788001941529077,5.6831637677321325,5.598685096502907
safmnpp,ami,small,054,054_zoom,m4,5.173477896320401,40.99297762963653,6.216132111787181,3.8414040472451436,4.317648165299706,4.759605921748977,5.557737912408343,5.422228394486375
safmnpp,ami,small,054,054_zoom,m8,5.155269128501043,41.00829018508897,6.288533179179127,3.657245272502828,4.256755583483458,4.869791479942002,5.512172971524368,5.455063541281657
safmnpp,ami,small,054,054_zoom,rep8,7.922724648099854,39.14205798452474,21.188753272663124,7.358615179182528,5.8575639670680175,5.0776549118898435,5.576994672490554,5.558365581069179
safmnpp,ami,small,054,054_zoom,ref8,9.721443177082094,38.25349618851267,36.99486143616319,5.67958399748245,4.544405455787832,4.781426138980614,5.586280911739708,5.709024888412568
safmnpp,ami,small,055,055_back,m0,6.802636505501814,39.80403095533149,8.420220098531036,8.120877575851909,6.610552405126065,6.505434981457316,6.146433250835601,6.1416271949845616
safmnpp,ami,small,055,055_back,m2,6.077025861747882,40.293892763075775,4.54622237463073,6.684795538282537,6.363691415559129,6.5847864651770385,6.179420712805917,6.133885017595697
safmnpp,ami,small,055,055_back,m4,6.023540067989093,40.33228557296792,4.789531331249769,6.824499265688629,6.258986816738845,6.337195232411921,5.925650815712619,6.241113375100684
safmnpp,ami,small,055,055_back,m8,5.9976069569945905,40.3510235926458,4.760764623518831,6.743871118921096,6.300237071231169,6.465924013337723,5.893931447518923,6.128511228948782
safmnpp,ami,small,055,055_back,rep8,9.84607344673073,38.19817289801791,24.416398562629986,13.66749230363313,7.448269483150682,6.478371078096,6.20368666102852,6.290324978369439
safmnpp,ami,small,055,055_back,ref8,10.813474978465583,37.79115081210931,36.707426386770344,9.412617745582162,6.636088214323638,6.598652637585423,6.005416014172573,6.12800364605254
safmnpp,ami,small,055,055_down,m0,6.078783784785443,40.292636645544576,6.713391411413356,5.193260660922278,5.744469693861373,6.836902735985177,6.576217111173894,5.044729416347378
safmnpp,ami,small,055,055_down,m2,5.7820014338377135,40.51002165835635,5.241090680728574,4.533334163707329,5.187860113026148,6.720119202857129,6.728855380294148,5.138823170850454
safmnpp,ami,small,055,055_down,m4,5.6318072726581265,40.62432576568591,5.139474928722889,4.3228498541463445,5.335566018422811,6.513001913153409,6.472395660654894,5.031298832059906
safmnpp,ami,small,055,055_down,m8,5.473153881342442,40.74842702077059,5.112431190924214,4.271396318839335,5.044919662614167,6.121636824099952,6.289893298237805,4.9681163290291
safmnpp,ami,small,055,055_down,rep8,7.6402694134985625,39.299716877983954,15.144832509459418,7.634060102465397,6.263023628356849,7.14497760904628,6.598251573017217,4.996969610555255
safmnpp,ami,small,055,055_down,ref8,8.34829404580437,38.91482623370846,24.411740308193043,5.794654591269047,4.938878117497385,6.448358754930795,6.301518646847425,4.998944497990316
safmnpp,ami,small,055,055_front,m0,4.966345183748494,41.1704345914366,5.812230453583786,3.619331020812981,3.769772962211738,6.10562447719507,4.489852605757015,6.2828080961210855
safmnpp,ami,small,055,055_front,m2,4.651559881178124,41.45481744712206,4.07876774081786,3.1508864504411753,3.799019221633415,6.0585448046780614,4.474380349173112,6.224093348335437
safmnpp,ami,small,055,055_front,m4,4.517895085129059,41.58144219382849,4.027666367686913,3.1350740241266304,3.648626407507478,5.5710109114927056,4.332344893399877,6.184313551655316
safmnpp,ami,small,055,055_front,m8,4.617143966989238,41.48706944386032,4.0056258246274865,3.2005897697925527,3.636942545235454,5.946659360546948,4.4593794429713896,6.254821750608062
safmnpp,ami,small,055,055_front,rep8,9.320431731486618,38.436443311040925,30.482604961651322,9.331560769099596,4.387722085038295,6.984016527098539,4.902835644350036,5.913556579098726
safmnpp,ami,small,055,055_front,ref8,11.455101128284738,37.540814332733405,49.925326863571115,6.352083342108146,4.164544261799667,6.268048066020565,4.670203569327009,6.065481906816732
safmnpp,ami,small,055,055_left,m0,5.765101003095762,40.52273440442242,5.7958687232857296,4.00147966568888,3.3415994545132293,4.55694793293813,7.205322411743333,6.648462323336698
safmnpp,ami,small,055,055_left,m2,5.445001561453711,40.770823522342184,3.923703892785699,3.4347533980357494,3.3762304303547634,4.535666140206533,7.2476143247972535,6.610029491398802
safmnpp,ami,small,055,055_left,m4,5.301927876268373,40.88646545270102,3.9219554072695257,3.29125178163686,3.337189444347158,4.504419120618022,6.961949907310643,6.488989667155301
safmnpp,ami,small,055,055_left,m8,5.279278140209437,40.90505817340897,3.8059867931632314,3.3356659851561243,3.337877393680438,4.452456518214849,6.845890941103513,6.6692808315555325
safmnpp,ami,small,055,055_left,rep8,7.002031262756908,39.678563153911234,10.186869848218223,7.523088359577704,3.7376647830664296,5.019266089612988,7.437758221400652,6.713509907859838
safmnpp,ami,small,055,055_left,ref8,6.774843434556141,39.82181097674825,13.026948976462942,4.882919864634183,2.99114392559923,4.332599518072607,7.164970367258168,6.556526228957433
safmnpp,ami,small,055,055_right,m0,7.329422444377947,39.48010607113824,6.455573678942784,4.584348745334043,10.097137881870673,14.00658976996638,5.76252371275112,7.025698658132929
safmnpp,ami,small,055,055_right,m2,6.964769273633547,39.70173627020708,4.638804918864619,4.242161815081848,9.637874274315886,13.766263054643069,5.72642182371349,7.140742586185002
safmnpp,ami,small,055,055_right,m4,6.726418757333774,39.85296459777761,4.57656863126792,4.062015160681894,9.193834812939283,12.827241386890137,5.571511903777956,7.131082087884228
safmnpp,ami,small,055,055_right,m8,6.944873305849531,39.71416033482875,4.45808508000502,4.008732266517583,9.703974870794854,14.187447330424169,5.739556285425401,7.010879656843642
safmnpp,ami,small,055,055_right,rep8,14.293968002162861,36.579275552938675,44.95441030439322,13.137450899639173,12.188147442630294,14.918667282846712,6.144051007576456,7.6986270324067085
safmnpp,ami,small,055,055_right,ref8,19.160037482238724,35.306840065265575,85.62051204108101,9.474790509602741,12.034587798609428,14.066626192921614,5.732614003348514,7.689308898282214
safmnpp,ami,small,055,055_up,m0,5.475628226585547,40.746464072758464,6.880304344370522,4.233492874172129,3.9655982302797006,6.031365169169944,5.007441011323593,6.831623384281829
safmnpp,ami,small,055,055_up,m2,5.155920769496701,41.007741258938296,5.268924266450044,3.8792814235883006,3.722377619600094,5.9213279594660255,5.044385118345461,6.688671513257884
safmnpp,ami,small,055,055_up,m4,5.114638165752606,41.042654458256735,5.093788264855182,3.8435033259098,3.7759254405154263,6.05475983538652,4.844090313635316,6.877887767940456
safmnpp,ami,small,055,055_up,m8,5.1217446525682195,41.036624381890206,5.1319927685648645,3.8606700409088024,3.894355181453919,6.0047186400579,4.975752440903375,6.578977503413173
safmnpp,ami,small,055,055_up,rep8,9.729420313316297,38.24993395443103,28.797247455234263,11.620407314154743,5.107940284272725,6.810648527572348,5.403671368684773,6.568714930617793
safmnpp,ami,small,055,055_up,ref8,12.770681731716175,37.0686627923333,56.93297964240785,7.794238875427369,4.118568342150916,5.5727992449593025,5.087356243830335,6.69605512056607
safmnpp,ami,small,055,055_zoom,m0,4.550330840332907,41.550373868684886,6.082055474432077,5.383832845764488,4.245856138621233,3.8131599482745178,3.259715448023737,5.848321319427081
safmnpp,ami,small,055,055_zoom,m2,4.1762576036281285,41.92293081509784,4.043175632501158,5.118079495583577,4.107548161172055,3.87444458450063,3.166912517153884,5.736349406981266
safmnpp,ami,small,055,055_zoom,m4,4.0807804239743835,42.02337133705957,4.098737703627347,4.99040119452422,3.9888706790687167,3.7940201355892187,3.0494619937215353,5.59442680216395
safmnpp,ami,small,055,055_zoom,m8,4.105293168763908,41.997361843015725,3.8707592080508513,4.944415723227474,4.063208514296243,3.8310320244012477,3.1028285940290106,5.770880181238584
safmnpp,ami,small,055,055_zoom,rep8,7.832308097500965,39.19190598005822,20.036122758963707,14.053328731844223,6.25560821940627,3.9692348058565994,3.1511007288410533,6.101673751540992
safmnpp,ami,small,055,055_zoom,ref8,8.348136201375294,38.9149083482246,30.84913463903832,7.8167564376242655,4.678391645737729,3.816648264067219,3.2451547127612965,6.085837945397321
safmnpp,ami,small,056,056_back,m0,10.396171033839833,37.962069451330244,14.903015673251973,11.915116455861305,9.149370466426253,10.743495279375296,8.729226159196358,9.5614516120566
safmnpp,ami,small,056,056_back,m2,8.702171464752578,38.73452724629868,7.677219911449501,7.400890353289275,7.050336125354761,10.91173274549151,8.970127582574705,9.683966918861437
safmnpp,ami,small,056,056_back,m4,8.785098988719055,38.69333701466619,8.066956191034816,7.770597317273921,7.563360063162126,11.177566974323982,8.832414510984059,9.339405233407104
safmnpp,ami,small,056,056_back,m8,8.592663088253008,38.789525770960424,7.702266070684083,7.6946458409604555,7.439387865943988,10.631566459589694,8.520001581936569,9.59386526928255
safmnpp,ami,small,056,056_back,rep8,14.792076604522025,36.430512136067975,44.73279005919982,13.075993040932842,8.411070219072501,11.770668684914282,9.069073800074037,9.654785329715434
safmnpp,ami,small,056,056_back,ref8,21.025509694672458,34.903338282219494,88.6228693305632,13.87383240790599,9.598006110590667,11.411205497625533,9.142484330090827,9.554344216770595
safmnpp,ami,small,056,056_down,m0,8.005436728433546,39.09695331473917,11.860461712321042,9.4195539618582,6.173709108162934,4.87154585811104,4.745310919400378,13.280099768154493
safmnpp,ami,small,056,056_down,m2,7.586569329871736,39.33034929890564,9.845968649428446,8.43011909567973,5.994114069837984,4.705785101949019,4.7779348136200515,13.347342982694755
safmnpp,ami,small,056,056_down,m4,7.439660233401859,39.415272589414045,9.796311716746017,7.962606259008185,5.669216978779647,4.693241863429438,4.618157155757461,13.417193937033652
safmnpp,ami,small,056,056_down,m8,7.6422305268065385,39.298602268861046,9.836209851911686,8.21374026425589,6.406750431840308,4.8871832577325796,4.745334716624484,13.502252832766782
safmnpp,ami,small,056,056_down,rep8,12.420620772323968,37.18937058806933,28.19755653342251,21.743526356896215,7.568873357745455,5.314501145042071,5.148793917770106,14.72926103204927
safmnpp,ami,small,056,056_down,ref8,12.70361709846853,37.091529657194236,43.385791097211516,11.606064513931914,5.9948329369367235,4.710796281327755,4.87989874803595,13.767539901702527
safmnpp,ami,small,056,056_front,m0,8.368780847797966,38.90418165674934,14.1331539515048,8.02198006444753,6.82228492546965,6.640228249036943,7.159693112954533,8.50701414616728
safmnpp,ami,small,056,056_front,m2,8.197239334927094,38.99412745493288,12.026915536402852,7.998234773326871,7.169542819088631,7.158592563904137,7.076802191571563,8.798568669679572
safmnpp,ami,small,056,056_front,m4,8.05571589845812,39.069762193486156,12.351750143874272,8.127060662195984,6.2767737722514765,6.582170107323649,7.151597471471637,8.457070030129277
safmnpp,ami,small,056,056_front,m8,8.185877110211948,39.000151403189136,12.587263043746447,8.231645692287978,6.32130396151366,6.952429003750493,7.190287187155823,8.606903204817078
safmnpp,ami,small,056,056_front,rep8,12.636075575660652,37.11468146136047,29.56727505009137,20.129889181509515,10.523223809905835,8.039438070153157,7.08891865636182,8.750753324979275
safmnpp,ami,small,056,056_front,ref8,12.854388560806786,37.040289372972815,42.65007571717414,10.866915026683522,7.30988722258389,7.361629190506844,7.209681028421153,8.830608615670416
safmnpp,ami,small,056,056_left,m0,5.633208342468323,40.623245470884285,5.402606747468025,7.041429889123136,4.871469176031936,4.704951777792936,5.199096733051535,6.690598850931012
safmnpp,ami,small,056,056_left,m2,5.285874865310115,40.8996348318243,3.8553228432585422,6.490318443851143,4.67635743866773,4.317744333909837,5.2006523972818925,6.687606568963438
safmnpp,ami,small,056,056_left,m4,5.22554482987532,40.94948782970398,3.7442995026269763,6.496163826362457,4.515903039310842,4.481022099705094,5.052075285385203,6.715700588678333
safmnpp,ami,small,056,056_left,m8,5.135994504244775,41.02455810522348,3.7410910558345427,6.451066447117631,4.44158434221183,4.371831543991132,4.8855492780858825,6.67413701629944
safmnpp,ami,small,056,056_left,rep8,7.177937867466331,39.57080666125817,14.093949903854039,8.811870729966977,5.762739069468805,4.616288061968484,5.236935296941406,6.794011484819539
safmnpp,ami,small,056,056_left,ref8,9.398765634302096,38.40009540609916,30.79839097099875,7.723697841627294,5.443458324528907,4.3356069860127,5.388338005705303,7.270660012733864
safmnpp,ami,small,056,056_right,m0,9.531893179794285,38.339011941349355,7.425366357813426,6.245242234671779,6.627705092183265,19.21070425003195,8.547032682419502,11.425583734449008
safmnpp,ami,small,056,056_right,m2,8.488359618855354,38.84256590213076,4.092723363736407,4.043701363184888,6.313643859669209,17.829902873963313,8.28103618907824,11.249919330624758
safmnpp,ami,small,056,056_right,m4,8.426551447175827,38.874304842127295,3.9681544296762996,4.2324381529106505,6.204053225330431,17.007416682162333,8.317210581578335,11.367611534845192
safmnpp,ami,small,056,056_right,m8,8.510369523073381,38.83131943163162,3.7804713154446525,3.9789314080193634,6.170939358300084,17.68211427402318,8.396493338532494,11.631648989391518
safmnpp,ami,small,056,056_right,rep8,18.039137194563086,35.568645993139405,51.397098039698314,22.544198370787193,8.400779634645238,20.17823805159691,8.606115786675495,11.776673974397166
safmnpp,ami,small,056,056_right,ref8,22.067482913444884,34.693275618767785,95.95716938442034,9.986229096394645,6.620551874873036,18.448750875797028,8.385255696739197,11.676685095277056
safmnpp,ami,small,056,056_up,m0,7.437349080931171,39.416621947677825,9.302298830650022,5.91347087578778,6.6561645322651755,5.215655566105988,5.546289163020334,12.537904671311034
safmnpp,ami,small,056,056_up,m2,7.002322597930945,39.67838245973606,7.62856194359429,5.256884713537066,6.201856264215775,5.2770854941686665,5.440256509004617,12.314366643891832
safmnpp,ami,small,056,056_up,m4,7.108099184756004,39.6132688164859,7.004903543818354,5.260344941249668,6.035558210306913,4.9140586853311765,5.799341988685915,13.050778406542376
safmnpp,ami,small,056,056_up,m8,6.901659919144532,39.74126805344162,7.057898186693415,5.241873408029927,6.024765780500378,4.781436178001928,5.379546845422953,12.734266820346624
safmnpp,ami,small,056,056_up,rep8,10.083139947209997,38.094845659212304,21.38103414430703,13.347212106754144,7.910679099872403,5.031588767209324,5.415263993547857,12.290968766051037
safmnpp,ami,small,056,056_up,ref8,10.081132201366962,38.09571050862234,26.779335151807647,8.609315348213002,6.578247647076665,4.717358717896842,5.347772079064979,12.710529140964416
safmnpp,ami,small,056,056_zoom,m0,4.179581546023623,41.91947557884731,5.466110752353174,2.9317257851854026,2.671482477160557,3.168485863731715,4.213442005278313,5.639509419312043
safmnpp,ami,small,056,056_zoom,m2,3.7791742487767044,42.356834441989584,3.088092328020807,2.575196193892732,2.684016369098453,3.0534415035633247,4.155519753656657,5.64895587053459
safmnpp,ami,small,056,056_zoom,m4,3.7975885742224813,42.335724488143356,2.938289836855305,2.647337370490833,2.858799458623215,3.1953883789817934,4.1466989748441,5.631108901186683
safmnpp,ami,small,056,056_zoom,m8,3.870173684511584,42.253499052721565,2.9894514333004056,2.666554484107664,3.0519720841195372,3.271671049552138,4.225129258397301,5.665208117808896
safmnpp,ami,small,056,056_zoom,rep8,6.466206816164342,40.02430769827985,16.194367823333383,7.839192147739302,3.3905969516399055,3.310790923824315,4.338396210239957,5.906172948421099
safmnpp,ami,small,056,056_zoom,ref8,7.59919725795819,39.323126429097634,27.94413119438102,4.644926026949358,2.954655067972805,3.4567031566091915,4.318738326101988,5.733308145234285
safmnpp,ami,small,057,057_back,m0,4.681856326501449,41.426622786249894,7.978780490088124,5.598245741429748,4.183872285879109,3.3659371935545797,3.616839895465093,4.6036050443258
safmnpp,ami,small,057,057_back,m2,4.169759377202808,41.929693668457574,5.1148194569045815,4.974045708340681,3.7549011722448995,3.363659801443262,3.6415704172343766,4.620717988933884
safmnpp,ami,small,057,057_back,m4,4.1293129295314515,41.972025648377105,4.868297206141326,4.812703022896594,4.021267165200495,3.3590182753409112,3.614484170604232,4.576208323159662
safmnpp,ami,small,057,057_back,m8,4.137547957071767,41.96337320278471,4.87477130234622,4.911106204658306,3.9278475531751007,3.268364727428143,3.6246307140872425,4.6452825449521224
safmnpp,ami,small,057,057_back,rep8,8.536334635207316,38.81808929220079,28.875128894428677,12.032357023199612,4.904920120943808,3.5846216260175185,3.7103644230536323,4.755078735900436
safmnpp,ami,small,057,057_back,ref8,11.002587323289966,37.715855367915296,50.68355176393983,8.683177657415907,4.475895104101968,3.353223112516713,3.658008404061418,4.713577306056446
safmnpp,ami,small,057,057_down,m0,4.192690703493443,41.90587535364075,6.966601346028484,4.920002412631006,3.34215181725283,3.0538686826738966,3.889770631928652,3.345079041428236
safmnpp,ami,small,057,057_down,m2,3.8444038244212106,42.28251360251634,4.971303795371895,4.56063729813282,3.2168425248780843,3.0145201136920035,3.8890248612313627,3.2918875138341614
safmnpp,ami,small,057,057_down,m4,3.9124762099640304,42.2062865105788,4.952967769603544,4.613035105520362,3.3010309932681863,3.0830931684445786,3.9612457586716685,3.4196008723984153
safmnpp,ami,small,057,057_down,m8,3.849347169162776,42.27693279377786,4.951383225171389,4.496216282894429,3.1970918053023207,3.033636636623153,3.906623859495693,3.350162140846668
safmnpp,ami,small,057,057_down,rep8,7.694576477544673,39.26895640342677,25.692297202938317,11.209714608871025,4.04647560555733,3.1592443605238483,3.987683711822683,3.3632060288152994
safmnpp,ami,small,057,057_down,ref8,8.435772641164936,38.86955494639021,36.29777929630846,6.741197054344805,3.2846013250663226,2.9250211564281225,3.9011654813573995,3.3563479197980945
safmnpp,ami,small,057,057_front,m0,5.747307719785433,40.53615910310331,11.726744731428186,7.1970199894562645,5.317819885635543,4.782823102008101,3.9339419541996676,4.350599006815768
safmnpp,ami,small,057,057_front,m2,5.177423572330584,40.98966664187998,8.948534197106557,6.495668011369192,4.919589635466136,4.398663134425234,3.9781792739270183,4.205309780702133
safmnpp,ami,small,057,057_front,m4,5.006196469985169,41.13572471217744,8.057419651409187,6.0366609699461,4.805436772851337,4.329477577316078,3.979956474886017,4.374642079924548
safmnpp,ami,small,057,057_front,m8,4.983727473888228,41.15526075174766,8.206303165843195,6.078027761517831,4.681943787552445,4.307132814934728,3.9166559311329325,4.317194946757317
safmnpp,ami,small,057,057_front,rep8,10.866148593872156,37.77004721180932,30.725345678742126,24.571482432500503,6.937482444666145,5.054916549048835,4.105520999761412,4.462303337924717
safmnpp,ami,small,057,057_front,ref8,11.279176909723523,37.608029524092125,47.13232640575978,13.027751863740187,5.267868350281413,4.218800071457122,3.871457779987788,4.445106409641664
safmnpp,ami,small,057,057_left,m0,4.3304525454424585,41.76547077050641,8.757423778375864,4.617864610173176,3.3435229629600087,2.6958494716669943,3.178936349995579,4.5116406201061485
safmnpp,ami,small,057,057_left,m2,3.9922148416673444,42.118664559980765,6.638456407649529,4.557829177451672,3.3026119885185086,2.6266055799024843,3.1367501308991446,4.435679730243535
safmnpp,ami,small,057,057_left,m4,3.867636000617611,42.25634766801796,6.087657535879109,4.211081615826789,3.279336238876514,2.5917323064616427,3.1708692199981865,4.380942324300328
safmnpp,ami,small,057,057_left,m8,3.889319228575759,42.23206770119749,6.039365446152913,4.2895054907858645,3.4073426176905817,2.5808578624591068,3.1024488710862124,4.535281342894559
safmnpp,ami,small,057,057_left,rep8,7.10654271831934,39.614219898886745,19.061364593610048,13.854388729343558,4.4801418286487165,2.8931873837031117,3.2814329515456753,4.485873108860774
safmnpp,ami,small,057,057_left,ref8,6.748524275787047,39.8387154640003,24.452528114953115,6.876088357078536,3.4923521528505255,2.6322067230815516,3.132031911799053,4.404074949424619
safmnpp,ami,small,057,057_right,m0,5.738901008175438,40.542516273169696,12.015850961839472,7.193494261816024,5.291423897873684,4.749423496024691,4.3303590655279365,3.369867250323792
safmnpp,ami,small,057,057_right,m2,5.179056805221816,40.98829686370757,9.016103363984104,7.0841944731750734,4.8136848279678475,4.481510203898924,4.176929126572677,3.381522133533254
safmnpp,ami,small,057,057_right,m4,5.250847148820613,40.92850984628071,8.99006563051826,7.451911324893365,4.919240506157906,4.49827935335286,4.218924387067601,3.3830697226532447
safmnpp,ami,small,057,057_right,m8,5.231815231686893,40.944279629514995,8.827572585933408,7.141045772989584,4.797332494035736,4.66268908794894,4.323959483643936,3.4085194466872104
safmnpp,ami,small,057,057_right,rep8,9.770825172567074,38.23149118258707,34.01063282293291,14.02384527206822,5.837832330398462,5.018157763115953,4.417754228946926,3.483775133368955
safmnpp,ami,small,057,057_right,ref8,12.057362974482134,37.31828025771766,56.1748922225176,9.141766399111656,5.414607786190526,4.704944118612672,4.2731538172029575,3.474592253864077
safmnpp,ami,small,057,057_up,m0,5.485157407687332,40.738912658196924,8.613940236877006,6.492111738520095,5.924362391429497,4.891091562299463,3.8017905845241255,5.57434466171112
safmnpp,ami,small,057,057_up,m2,5.260631162845216,40.92042507570348,7.1048506135975344,6.161673596377262,5.808772067847554,4.910751712064229,3.8107122952393517,5.762608976773716
safmnpp,ami,small,057,057_up,m4,5.236545201923013,40.94035504146525,7.163249941756442,6.188656584780328,5.726879250025681,4.780959230720843,3.7695871056140904,5.772806204460904
safmnpp,ami,small,057,057_up,m8,5.233863279244893,40.94257987203909,7.123801866143181,6.133972655275485,5.86325187312437,4.779644127310573,3.734581801299963,5.80379415090476
safmnpp,ami,small,057,057_up,rep8,8.688144448418493,38.741533280166045,23.422339911906356,13.112339552719089,7.444572313169515,5.190893534268736,3.771748821738182,6.285744678475587
safmnpp,ami,small,057,057_up,ref8,9.574452065468662,38.31966431673986,35.783560692907265,9.064991176878742,6.300092272117215,4.69482558557005,3.8078474670941564,5.614909616099999
safmnpp,ami,small,057,057_zoom,m0,3.2899003844107364,42.95897612813285,4.321584167476596,3.7487320484254383,3.5383365724117826,2.794709432323549,2.9325828961905596,2.9680268411507
safmnpp,ami,small,057,057_zoom,m2,2.997782848446426,43.362801903733526,2.988629576062778,3.1923811754237104,3.2424904185385124,2.8265859541809544,2.887310448821335,3.0145108565427967
safmnpp,ami,small,057,057_zoom,m4,2.933987009017848,43.45622174306915,2.7217660052112413,3.044986904575376,3.223682699933048,2.7810171732298885,2.885938093025488,3.009991367766184
safmnpp,ami,small,057,057_zoom,m8,2.8943856223611784,43.515239686713784,2.6360249845540347,2.9721650455662765,3.1897480806598715,2.7636507124848624,2.8817864737084333,2.945942399632413
safmnpp,ami,small,057,057_zoom,rep8,5.01609897411823,41.127142637690675,9.438931752327452,9.33766826213543,5.261626924698312,3.3262470432580007,3.0396668625298635,3.0572471956378564
safmnpp,ami,small,057,057_zoom,ref8,4.841361665659973,41.28112833787138,14.532105886070655,5.082032657158471,3.596538119672631,2.7704839202753417,2.8475846672528555,2.9917402057539175
safmnpp,ami,small,058,058_back,m0,6.945023421642274,39.71406646161757,9.95028985264567,5.756901728617249,4.467140411270904,4.477605851240662,6.871465940028179,8.764412074366232
safmnpp,ami,small,058,058_back,m2,6.2593975416505225,40.16547825888759,5.707682115488832,4.648948103706249,4.161013744557561,4.586585086184629,6.89993374133129,9.062907010852378
safmnpp,ami,small,058,058_back,m4,6.142561460455457,40.24730850285898,6.016554004582999,4.643842779953005,4.062660742210478,4.4161697622027365,6.673418298446851,8.761863240275376
safmnpp,ami,small,058,058_back,m8,6.0385888976566005,40.321448966771314,5.844680101572387,4.447406281582297,3.9411405635063432,4.353076812426962,6.636782731156116,8.637006662239408
safmnpp,ami,small,058,058_back,rep8,11.726949294399489,37.43895313537278,34.34599230254071,16.563547836635696,5.036474415385938,4.797323314255959,6.611271972178054,8.99929541230074
safmnpp,ami,small,058,058_back,ref8,14.161910706034512,36.61958509130937,59.871086923805,7.983833614029312,4.678581718974643,4.9292763701509905,6.650616243634968,9.22465917316243
safmnpp,ami,small,058,058_down,m0,6.085008557271789,40.288191675584734,7.95406422242732,5.9445146043888055,5.99398411255758,5.484999476915794,6.287766789253701,4.777133857738609
safmnpp,ami,small,058,058_down,m2,5.696141687413855,40.57499577342924,5.425166306612162,5.287732687911648,5.794241476306229,5.730069228541405,6.405217049313809,4.776364443027321
safmnpp,ami,small,058,058_down,m4,5.524486723419997,40.707884266630565,5.382166176648078,5.263270051796146,5.703056521098076,5.487232165418176,6.048625962350173,4.737516324985221
safmnpp,ami,small,058,058_down,m8,5.614346980270656,40.63781111286942,5.453502989166846,5.421699800274404,5.960021690056679,5.302779072692474,6.218392967246018,4.697558987168997
safmnpp,ami,small,058,058_down,rep8,8.538726222362143,38.81687271895424,16.595552562471344,11.6599045528654,9.256015137502253,6.354139428263605,6.416083159820565,4.884390934681312
safmnpp,ami,small,058,058_down,ref8,8.771768217802554,38.69993213359378,26.45907187983286,6.94203291960507,6.189705125244288,5.408351693782734,6.304583992447205,4.773485448088234
safmnpp,ami,small,058,058_front,m0,5.515695875772131,40.714800488164556,9.913944599136338,4.79912784352833,4.646656662259318,4.843496123799838,5.1678671616350735,4.259515120582105
safmnpp,ami,small,058,058_front,m2,4.9890812722884,41.15059782200547,6.422649135772445,4.734408954104586,4.343646404119359,4.8717623293536665,5.196482984915974,4.168240083876513
safmnpp,ami,small,058,058_front,m4,4.8743825549456465,41.25160750056519,6.187850860760163,4.608831816877328,4.443763777208947,4.8035110984680705,4.968142103446944,4.197870889308677
safmnpp,ami,small,058,058_front,m8,4.782964533213974,41.33383200377835,5.936995394431228,4.501410449761943,4.285853613285846,4.642107756876179,4.951485237679846,4.18789912515
safmnpp,ami,small,058,058_front,rep8,10.153194874064607,38.064776390274425,35.274296452228434,12.632193910737952,5.440742459626315,5.092784149704996,5.26576399651244,4.290094163339159
safmnpp,ami,small,058,058_front,ref8,14.005006648838528,36.66797041528159,70.01342357784469,6.863891395122435,4.532699535808284,4.835904994521173,5.188934380963386,4.17116897960694
safmnpp,ami,small,058,058_left,m0,4.599747533669856,41.50346365652212,6.492625169010288,3.7313824362812746,3.3082404849835996,3.482084045078149,4.257169356694357,5.945775330736315
safmnpp,ami,small,058,058_left,m2,4.345370661411158,41.75053533054533,4.949804801153685,3.5435564102613455,3.4793813147014667,3.4797922461016624,4.175253169868366,5.881967147518262
safmnpp,ami,small,058,058_left,m4,4.2180722694620885,41.879663445067095,5.02296533089502,3.578234393282623,3.412194591614043,3.2004692531816206,3.918544796328618,5.779043876688293
safmnpp,ami,small,058,058_left,m8,4.2451342408209625,41.85188932689354,5.053191331060694,3.615593653097301,3.413700332794658,3.1987764061878736,3.9913756648924097,5.744365520593281
safmnpp,ami,small,058,058_left,rep8,5.782812913818494,40.50941218678541,11.32420292394788,6.545582888793667,4.2525838685877115,3.706310387141789,4.315581098842517,5.982517815424476
safmnpp,ami,small,058,058_left,ref8,6.595657969524868,39.93822234483572,20.09527322990662,4.519171953925838,3.5671147762594617,3.542486379464158,4.110268671301108,6.175121664352833
safmnpp,ami,small,058,058_right,m0,9.746522769773676,38.24230659143875,11.442716936106027,9.207349993518351,8.123378502670308,10.564589596129482,10.245267652798503,8.456755983948602
safmnpp,ami,small,058,058_right,m2,8.634981405588542,38.76818954165242,6.783954544687266,7.13432530621465,7.188363411692978,10.410349185297656,9.994768864849856,8.469453743340782
safmnpp,ami,small,058,058_right,m4,8.367769252765102,38.90470665161218,6.827805650985232,6.907668796793984,6.706020102305814,10.07024566599432,9.54951410851475,8.455281503712033
safmnpp,ami,small,058,058_right,m8,8.194001211658366,38.995843370310524,6.481328048332535,6.662784001922328,6.528928849319762,9.902643187882292,9.387913569184908,8.442669793148788
safmnpp,ami,small,058,058_right,rep8,15.469833723696379,36.2359471512389,46.720736620428816,15.390381191236939,9.40153568999198,10.813575039101325,9.8288205123579,8.767228917486664
safmnpp,ami,small,058,058_right,ref8,19.67541521867967,35.19156454638404,83.18347715777496,11.395418725351924,7.563394198226823,10.336600615362931,9.821266802305681,8.655378902266374
safmnpp,ami,small,058,058_up,m0,6.5569936294339435,39.963755991478685,9.769342497771564,6.249543022773987,5.172539695650953,5.628667261336603,6.305783331832989,6.24533591292015
safmnpp,ami,small,058,058_up,m2,6.175955868691524,40.22376176851796,7.549722558697326,5.953147282974779,5.135260363928868,5.622717053675489,6.279766856463019,6.104187946043407
safmnpp,ami,small,058,058_up,m4,6.124030479580937,40.260430173327265,7.331311488819128,5.902792263057624,5.106178906098706,5.54506618875708,6.129246204717363,6.367344596896444
safmnpp,ami,small,058,058_up,m8,6.049200833784124,40.31382357521687,7.154824941836073,5.6929031832579176,5.086141827683193,5.476947114221749,6.139343129311107,6.268078216261532
safmnpp,ami,small,058,058_up,rep8,10.821807399331355,37.78780560540608,32.609047890555324,13.899910187486439,5.888109141428058,6.015606518663888,6.400380500490026,6.230940744866636
safmnpp,ami,small,058,058_up,ref8,15.422919231086656,36.24913776649704,71.427993091727,8.868094267251795,5.33282831430093,5.772145044549584,6.451974760361319,6.166997538802562
safmnpp,ami,small,058,058_zoom,m0,3.889589088856457,42.2317663765744,5.026811587024221,4.140425210488756,4.2641490485324764,4.654761362292287,3.1908689979107097,3.426415978449814
safmnpp,ami,small,058,058_zoom,m2,3.517102200547283,42.66895372565511,3.123908979402882,3.9188358072957143,4.05300327137228,4.33698682078513,3.1217853583856927,3.4211798210622706
safmnpp,ami,small,058,058_zoom,m4,3.468960808132697,42.728809676006136,3.1144800384743414,3.816121183775702,3.9044434332935958,4.282663797948743,3.1070961420436856,3.3898785941869707
safmnpp,ami,small,058,058_zoom,m8,3.439281768634024,42.766126033215315,3.0173394104495173,3.8375396645449324,3.9542740999975674,4.1792972874133945,3.0624592747654504,3.3960443506527533
safmnpp,ami,small,058,058_zoom,rep8,5.756340691600431,40.529338709293576,14.553559713111943,8.054207065176339,4.552792503513463,4.811039538343719,3.209178464145508,3.4458449981941435
safmnpp,ami,small,058,058_zoom,ref8,6.303901087889973,40.134709706821894,21.816578588071007,5.451057251700077,4.11643410972787,4.5764284143950515,3.1041402362528947,3.412409808444648
safmnpp,ami,small,059,059_back,m0,3.952822805604094,42.161730143400604,5.800864899922297,3.6157656953481827,2.9490493058084617,3.877826998152523,3.0896593797230243,5.104319776289829
safmnpp,ami,small,059,059_back,m2,3.7504755905200056,42.38994017608975,4.554065357710624,3.270655125272657,2.81636487978743,3.9659116661193563,3.087280357096225,5.215785531695202
safmnpp,ami,small,059,059_back,m4,3.61842501253051,42.54560784038949,4.186145406572,3.2483183534255207,2.7500503223450097,3.9315310428244925,2.966500022507824,5.063151715949816
safmnpp,ami,small,059,059_back,m8,3.605161183809504,42.561556744271186,4.065814709288185,3.1262267666784487,2.746944297965053,4.143573949732717,2.97026527407166,5.035134583924333
safmnpp,ami,small,059,059_back,rep8,7.595854606134362,39.325037176462516,27.284355981140553,8.197925060942987,3.6931440536243856,4.02313324262956,3.122298444793818,5.082934381226152
safmnpp,ami,small,059,059_back,ref8,11.224240157396288,37.62923410445951,57.02536240429544,5.442446898585141,3.068179177639488,3.7134284539954567,3.01584681520281,5.308942103897721
safmnpp,ami,small,059,059_down,m0,3.984358559564494,42.127219464191356,5.040293338397258,2.9600032027769,3.0602750647765284,3.6496489800582905,4.288904474683555,4.148235166928706
safmnpp,ami,small,059,059_down,m2,3.7957435518611757,42.33783497938216,3.542410830717529,2.7429777881769035,2.9265442794061776,3.915490613480946,4.382472194980409,4.151133149055352
safmnpp,ami,small,059,059_down,m4,3.7440836771633603,42.39734814572085,3.334141883988042,2.708794239406691,2.960749764542603,3.795064516495948,4.334095849332161,4.187236547182394
safmnpp,ami,small,059,059_down,m8,3.6373698604514697,42.522928969904754,3.0557794871416206,2.5644285549836137,2.896678832499188,3.771738723183093,4.20882869357807,4.1968774558123085
safmnpp,ami,small,059,059_down,rep8,7.352157028950509,39.46665586635881,21.972141411637804,9.825667209360441,3.959882325076501,3.8404436121194734,4.362837585898031,4.248689884087311
safmnpp,ami,small,059,059_down,ref8,9.135018904989376,38.52370910402772,40.56315074403438,4.966404135369477,3.2011110259766062,3.9082331103626315,4.167418588406491,4.234913088950163
safmnpp,ami,small,059,059_front,m0,4.086855908183337,42.01691034970367,4.547278252315249,3.682831100508633,3.8463621136240267,3.623057716900557,3.673023599817194,5.245990008471981
safmnpp,ami,small,059,059_front,m2,3.9260995896418187,42.191190491282896,3.5001995085762156,3.4185796946519815,3.798063908010921,3.750829424555086,3.6992576713315435,5.244843200078515
safmnpp,ami,small,059,059_front,m4,3.8374665585629524,42.29035757006735,3.3159952584991337,3.3719716127891255,3.7830739725736184,3.689538072074943,3.536334808626825,5.274713023953045
safmnpp,ami,small,059,059_front,m8,3.83111599690764,42.297550593013675,3.2019929969069745,3.2860222003941804,3.7447019610367107,3.6371906363307045,3.6091092219782968,5.309578169078717
safmnpp,ami,small,059,059_front,rep8,8.600416058668634,38.78560899436757,31.457809874454163,8.823763105956544,4.620820599330844,3.947096393976288,3.7894052758259655,5.245360692256402
safmnpp,ami,small,059,059_front,ref8,14.48621503066769,36.521254333692696,77.11597753493633,6.539895395814895,4.38312248759155,3.845066379752083,3.6251545933338196,5.266841738426687
safmnpp,ami,small,059,059_left,m0,4.480273479855528,41.617758363413834,5.2671985054935435,6.054916378226976,2.711631117350058,2.702259032129502,4.445035466790594,5.06319857327212
safmnpp,ami,small,059,059_left,m2,4.126757519872256,41.97471409527502,3.622545465712894,5.22666768604272,2.4447805746396516,2.648379356445521,4.45051872021658,5.137765238027443
safmnpp,ami,small,059,059_left,m4,4.017282354939744,42.091480036488576,3.410725342975856,5.068957498838918,2.48265465389751,2.586430089233642,4.350861078878423,4.996907467059966
safmnpp,ami,small,059,059_left,m8,4.039150490265156,42.06790326496093,3.3106260242857144,5.040320908314063,2.513650481604041,2.5095422637974796,4.439931240591162,5.077443388769045
safmnpp,ami,small,059,059_left,rep8,5.69510118651505,40.57578916148184,10.88790900188921,8.750652994075145,3.3422067298280704,2.72369668585306,4.4759986244758165,5.136667141145054
safmnpp,ami,small,059,059_left,ref8,6.428704211473653,40.049569167956406,19.54226115411934,6.066934357874218,2.7277860291575657,2.588700072040146,4.454539726054124,5.033474607339126
safmnpp,ami,small,059,059_right,m0,5.52968899115018,40.70379655101298,8.295047225269014,5.1357115096218715,5.563075484180453,5.604825449022591,4.389831525134211,5.748283817471703
safmnpp,ami,small,059,059_right,m2,4.8160020139903486,41.30393701001715,3.560986058499521,4.3289330106590205,5.760479493468499,5.834690641361572,4.335896589227433,5.798579803284612
safmnpp,ami,small,059,059_right,m4,4.747633044132563,41.36603216943212,3.610133811801007,4.228938442620026,5.558872450077133,5.732437417115249,4.269511358962987,5.7674350104617815
safmnpp,ami,small,059,059_right,m8,4.690732000856486,41.41839740087462,3.5022782211159162,4.093775544128295,5.495270597861339,5.543852968526463,4.249028665339055,5.82283791491199
safmnpp,ami,small,059,059_right,rep8,10.528290980981366,37.90722481398163,38.08074877716185,10.156912508569834,7.065362564653346,6.136536377656693,4.408278552689547,5.919311824828729
safmnpp,ami,small,059,059_right,ref8,16.40176159025276,35.98189866000664,82.74295712575713,8.049696559399619,6.279837804153689,6.1233972034706285,4.612073428200787,6.133683762563255
safmnpp,ami,small,059,059_up,m0,5.605564570138333,40.644610013235294,10.475107569592577,5.603877873960108,4.1717994751787755,4.376170708747837,3.6130354866861194,7.290166098479609
safmnpp,ami,small,059,059_up,m2,4.83599500693232,41.285945170792715,6.054755495830451,4.466835445729555,4.010512980918577,4.387928882076028,3.602469880514992,7.308816864423177
safmnpp,ami,small,059,059_up,m4,4.796937579423998,41.32116293660736,5.805121707855291,4.2923535350846755,3.9080868263581316,4.256051648451066,3.6676792425378464,7.433368274423717
safmnpp,ami,small,059,059_up,m8,4.763325865250154,41.35170067695803,5.823471859968256,4.436996577149488,3.9660975344727696,4.272399636759201,3.571847990883402,7.25651547805315
safmnpp,ami,small,059,059_up,rep8,11.631158091708532,37.474574021326944,46.97857796074147,13.106365341863269,4.489032268938419,4.350512452764629,3.706797310459176,7.252230649799054
safmnpp,ami,small,059,059_up,ref8,16.292096076282544,36.0110339836407,85.05186146465614,9.368158112763423,4.450039056463109,4.50369389143009,3.542680929335818,6.993857262722388
safmnpp,ami,small,059,059_zoom,m0,3.462593617023119,42.73678836757304,5.417512518425913,3.0714261988102223,2.787683564666145,2.63059097916601,2.9879053238313853,4.079630474265305
safmnpp,ami,small,059,059_zoom,m2,3.0272006480490856,43.32039153174452,2.815184826906049,2.7874322007706454,2.706330227421695,2.5880822945351323,2.9046735728400743,4.078971692710796
safmnpp,ami,small,059,059_zoom,m4,3.0349527760351043,43.30928423040465,2.899507581661904,2.755104111539459,2.691896408399835,2.5597155018013713,2.91642794689968,4.085419219283267
safmnpp,ami,small,059,059_zoom,m8,3.0117748644063798,43.34257856420366,2.8237711365849756,2.657245932880706,2.6281305219424027,2.50930608225346,2.9310016423134426,4.129447451280997
safmnpp,ami,small,059,059_zoom,rep8,5.305404749861784,40.88361838996961,15.59601409683298,5.999304431279527,3.477627406424002,2.759578012395897,2.8872065159326668,4.142456720469592
safmnpp,ami,small,059,059_zoom,ref8,6.832105212890705,39.78525815097673,28.490547872864322,4.863372187150985,2.925870409358511,2.5873557080572698,2.850330567409234,4.127812559385692
safmnpp,ami,small,061,061_back,m0,4.899144763977023,41.22960088329825,5.892589143081516,4.4927198992395025,5.046655439249567,4.267703542467954,4.209510760055687,6.010177175131438
safmnpp,ami,small,061,061_back,m2,4.67547141928702,41.43254954328219,4.392038531477847,4.393423096694752,5.0261070517930895,4.167468659684648,4.266701795262186,5.948430230699548
safmnpp,ami,small,061,061_back,m4,4.592166972925157,41.51062690079548,4.193262551715273,4.3741336574523375,4.858523101963306,4.14339642448667,4.2250146087667915,5.85008240980488
safmnpp,ami,small,061,061_back,m8,4.604541775771348,41.49893943306958,4.265288252483625,4.49889162360452,4.915970432650302,4.084914541152781,4.17920768031673,5.858048233988608
safmnpp,ami,small,061,061_back,rep8,7.042615397898569,39.653463889502525,16.367006246781695,9.440594785922109,5.951639600813418,4.188459578531378,4.175958219895621,5.9447578257592015
safmnpp,ami,small,061,061_back,ref8,8.265714514470632,38.95799959550962,29.37964206193061,5.452514390829202,4.980473470070016,4.111176607808077,4.208379575609257,6.268426368375142
safmnpp,ami,small,061,061_down,m0,5.5400174599962355,40.69569227408782,7.68703050899314,5.404570933568839,4.815806368385506,4.503885148825199,5.564549580836236,5.03760182506566
safmnpp,ami,small,061,061_down,m2,5.353033883214112,40.84480368512622,5.813613467214995,5.329926450089665,4.852833475852346,4.64152199224068,5.75532643973937,5.0198878399805364
safmnpp,ami,small,061,061_down,m4,5.330025137574663,40.863511036079004,5.9847414357620154,5.344459744864169,4.860836267124423,4.656349420322033,5.635015835132905,4.9587661125088305
safmnpp,ami,small,061,061_down,m8,5.411488397477206,40.79763629234822,6.062557735965767,5.40251586702289,4.824912546836342,4.820133246245868,5.733594545992137,5.055592840743525
safmnpp,ami,small,061,061_down,rep8,9.28590851288284,38.45255960295657,19.84360449261887,18.11234170243429,7.188402925409728,5.192740437074548,5.8642126055374755,5.0626419324849214
safmnpp,ami,small,061,061_down,ref8,8.242774271487422,38.970069540230824,24.254774588908955,8.030941922168369,5.3283645214559,4.462188907772784,5.63298628458805,5.124883363324322
safmnpp,ami,small,061,061_front,m0,5.147000729234874,41.01526131086235,6.252063604288186,3.9139435783838508,3.5541099134903047,4.25445234864521,5.406700539412591,6.294878014773524
safmnpp,ami,small,061,061_front,m2,4.84303234605003,41.27962991209327,4.609731870190311,3.7766210532634075,3.527089301487619,4.167667142513957,5.2412458146284395,6.332511752174584
safmnpp,ami,small,061,061_front,m4,4.767752400611918,41.347666673740015,4.662128337013641,3.81192162247172,3.548825570564086,3.944178724044608,5.114752282311374,6.200695369013661
safmnpp,ami,small,061,061_front,m8,4.841643420061498,41.28087559736203,4.669538742618018,4.081160015604788,3.671451079311563,4.057651759980829,5.132563902306571,6.234458403155937
safmnpp,ami,small,061,061_front,rep8,6.884594926060621,39.7520196842485,13.701423387412648,9.008556742858664,4.479229334878081,4.0714516776773335,5.416233245928627,6.144937030149041
safmnpp,ami,small,061,061_front,ref8,6.968760066686788,39.69924848781325,19.568381385174323,4.643607098119594,3.4434625418513,3.9364914225761827,5.209339943976281,6.3749322715727725
safmnpp,ami,small,061,061_left,m0,4.5179702305619545,41.581369958916376,5.08575551888084,4.298583317553649,3.0765843104283808,2.9573470282111116,4.664402562547991,5.872849275705317
safmnpp,ami,small,061,061_left,m2,4.416985821512992,41.67954355688884,4.42740769248216,4.14635125139373,3.0447380847472414,2.9697405284730847,4.778752259360561,5.720261121279255
safmnpp,ami,small,061,061_left,m4,4.2650305703887215,41.83158212467874,4.368706744783661,4.172619763554281,3.1051244591026887,3.016723746970155,4.346775959865472,5.632851636952373
safmnpp,ami,small,061,061_left,m8,4.306092368315809,41.78997019398182,4.3546308168254155,4.167752246603339,3.0727020036037516,2.942924874016199,4.481633796737959,5.6919813433499735
safmnpp,ami,small,061,061_left,rep8,5.148186078990071,41.01426124963049,8.63553086485379,5.64216612017484,3.1793974234935476,2.888437274930206,4.605013586009821,5.798519297570705
safmnpp,ami,small,061,061_left,ref8,5.651254985353547,40.60935457704908,12.094053793586953,4.851028245077105,3.3692152260580652,3.05008856211859,4.830441287139444,5.879518197283316
safmnpp,ami,small,061,061_right,m0,5.899429971167925,40.422703106386635,6.948016850366718,8.021871886953189,7.954776429373648,6.032606822293471,3.9538751194427095,5.774307798046603
safmnpp,ami,small,061,061_right,m2,5.3456465987127375,40.85080116754564,4.541992814684102,7.026703426520495,7.338697809748865,5.843006436167821,3.929238797652847,5.7994080824070044
safmnpp,ami,small,061,061_right,m4,5.165263369614192,40.99987890374506,4.367739995891853,6.874812835857981,6.908384879691467,5.560894465460149,3.7464860426378355,5.826941875886797
safmnpp,ami,small,061,061_right,m8,5.313933767822518,40.87664223749704,4.437257378770931,7.261025216898623,7.314306289207217,5.713818184574848,3.833043769956589,5.808841639782654
safmnpp,ami,small,061,061_right,rep8,7.922208357668441,39.14234100507827,19.24658381173118,10.675134872380056,7.724770382626424,6.155217955432035,3.92887966943619,5.880543050827986
safmnpp,ami,small,061,061_right,ref8,10.149112223756825,38.066523061246905,36.897081502242955,9.05535588220821,7.988918471770112,6.093778302656791,3.804060382242838,6.038557963131427
safmnpp,ami,small,061,061_up,m0,5.493448908517857,40.73235271126316,6.837620331137543,7.055039708941725,6.5607628334174075,5.458462147043292,3.914352000778738,5.612743453982844
safmnpp,ami,small,061,061_up,m2,5.046605328133291,41.10081018986622,4.994683767879155,5.786431006428166,6.370833428984919,5.342117640893953,3.9604055097084587,5.540971394887844
safmnpp,ami,small,061,061_up,m4,4.994073369197464,41.14625442475421,4.918185859278997,5.726762399010263,6.345181040709433,5.299963868983171,3.936413926211454,5.434062327921353
safmnpp,ami,small,061,061_up,m8,4.9745327809539335,41.163280637624794,4.898836187509039,5.689312706565577,6.238825914079623,5.0924533889927055,3.916640575209425,5.600494113434796
safmnpp,ami,small,061,061_up,rep8,8.543779027024348,38.81430353461636,20.74984497626375,12.775035637417899,8.480957138815242,6.276122437136774,4.212937980637817,5.602413554799176
safmnpp,ami,small,061,061_up,ref8,9.596692417571557,38.30958785361013,35.81280780254657,8.266745188642034,6.190587070518582,5.320469241061557,3.9618585601145884,5.694457353472463
safmnpp,ami,small,061,061_zoom,m0,3.915902986451527,42.20248436922374,3.551299188406219,2.776850989096852,3.6886766473201402,5.067049067235273,3.928722430107941,4.445923943944998
safmnpp,ami,small,061,061_zoom,m2,3.7426702398176284,42.398987970012826,2.43802754003159,2.688620328183475,3.56590693778033,5.049481020385929,3.980685945994015,4.388300999620279
safmnpp,ami,small,061,061_zoom,m4,3.6628990814732596,42.49255407522243,2.2652908532675022,2.5296133377125205,3.4024994673303213,5.134918837836484,3.9246875963804255,4.347954548509168
safmnpp,ami,small,061,061_zoom,m8,3.5951649834486843,42.57361535757552,2.2378115580470683,2.547028932933275,3.2658582069483475,4.902884352021269,3.8602081122180634,4.327610455552553
safmnpp,ami,small,061,061_zoom,rep8,5.300345300841103,40.887761974246686,9.181695438238538,6.396794019124052,4.218688064829331,5.4814451222365514,4.040116140796102,4.480503355123271
safmnpp,ami,small,061,061_zoom,ref8,5.737554742444905,40.54353518666239,16.107163311151446,3.7751485584193656,3.292593544389146,5.0251865730960965,3.984252411852006,4.46670051522852
safmnpp,ami,small,062,062_back,m0,4.302273851383097,41.79382309916587,8.261060518127008,4.320985022404094,2.9538662899220545,3.2546379954751887,3.428224612864881,4.399846112741491
safmnpp,ami,small,062,062_back,m2,3.8931251571967227,42.227819951137384,6.1206640958958705,3.812502872827722,2.781033154083406,3.1047303123569705,3.406382250055369,4.3614168643307245
safmnpp,ami,small,062,062_back,m4,3.831168433066365,42.29749115190419,6.121519574665101,3.783547017029961,2.755547697059454,3.045015305715043,3.3237070207066717,4.240223081914585
safmnpp,ami,small,062,062_back,m8,3.826750071000502,42.30250261938366,5.999461041163883,3.789093817476211,2.73507848349562,3.0660528899811257,3.330882003003861,4.29335118581639
safmnpp,ami,small,062,062_back,rep8,4.919135872468589,41.21191542405266,11.780108873231587,5.488720878512859,3.0451679452169835,3.20210411492657,3.3844288472047697,4.368956774118245
safmnpp,ami,small,062,062_back,ref8,5.740757817885043,40.54111134950415,18.64776584459165,4.6600509597824065,2.86725997745855,3.205754070277504,3.407629094742775,4.3543394110561415
safmnpp,ami,small,062,062_down,m0,5.464281038493199,40.75547333018734,8.380330041736206,7.473191423823199,5.637683163418579,3.838051326018008,4.108164799279621,5.185121728309424
safmnpp,ami,small,062,062_down,m2,5.02668744034442,41.11798479251104,6.849708940354903,6.502478640388026,5.088185925307275,3.827622850502811,4.020362091894686,5.135532102304462
safmnpp,ami,small,062,062_down,m4,5.000095399123605,41.141020703483484,6.819282697679962,6.559629482359929,5.129662479345717,3.770459918765924,3.9379161062174974,5.130246289024473
safmnpp,ami,small,062,062_down,m8,5.049712680192929,41.09813692641646,6.856981618112335,6.651952531500864,5.0952439701041685,3.639800934835344,4.040651692822359,5.224148463121995
safmnpp,ami,small,062,062_down,rep8,5.516656865032492,40.71404389101107,8.813654808743745,7.355269994555248,5.933726908924904,4.0473558934204945,3.995067476446163,5.118410613766098
safmnpp,ami,small,062,062_down,ref8,5.6801933401994065,40.587172425595845,10.80826304679653,7.004538963764308,5.216324881819945,3.741570693037217,4.072686391988506,5.26558433241079
safmnpp,ami,small,062,062_front,m0,4.856733423363132,41.26736094318821,8.201768812549586,4.529218133095389,3.8232116494558284,4.113732959407437,4.017124420855638,5.220576523392323
safmnpp,ami,small,062,062_front,m2,4.635089128347484,41.470222712380234,6.500113828661562,4.353813680991566,3.8651078593631056,4.140316097684117,4.073976076865395,5.2632200909436255
safmnpp,ami,small,062,062_front,m4,4.545577587753547,41.554912857990985,6.340295237673396,4.252729438745343,3.7911427621776776,4.055282155969938,4.002871048453783,5.188881411695259
safmnpp,ami,small,062,062_front,m8,4.528991433760675,41.57078861618821,6.344938278743896,4.225656037658787,3.7273472424735066,4.087620349179574,3.976477674528642,5.183457231498821
safmnpp,ami,small,062,062_front,rep8,5.827623554800846,40.475888708504336,12.335517371984679,7.174957350120774,4.327501227763299,4.309032956927297,3.989846572616082,5.1923196167791215
safmnpp,ami,small,062,062_front,ref8,6.060721528818748,40.30556030871382,16.301964958012395,5.3992916234442365,3.8819253427356357,4.109159631492704,3.9858932644602976,5.13728135398146
safmnpp,ami,small,062,062_left,m0,4.111035353426549,41.99129149295041,5.836394181587834,4.201100690577838,4.221713357567583,3.083549199002536,3.337477792799779,4.719329560818614
safmnpp,ami,small,062,062_left,m2,3.9681947721068673,42.14487380254906,5.3862043462544795,4.0530794803260575,4.018336098993566,2.984218737537256,3.3260630252098706,4.5847994725072665
safmnpp,ami,small,062,062_left,m4,3.910914574381096,42.208020310523395,5.255128770366645,3.922855021505856,3.953841003501027,2.916797002003381,3.360247853138453,4.475837913966982
safmnpp,ami,small,062,062_left,m8,3.9427096586475403,42.172855640863176,5.282707024498039,4.0073748276132894,4.008310011137453,2.921510389561772,3.335131724412592,4.58176672395815
safmnpp,ami,small,062,062_left,rep8,5.04927328530351,41.0985148391626,7.437551764245938,7.736870680697697,5.82338050506515,3.6270083677607916,3.346076437127011,4.820920810220887
safmnpp,ami,small,062,062_left,ref8,4.6644908913941325,41.44276111525797,9.539770345054373,4.648002972152481,4.212100212949558,3.0178947864433585,3.295112753104678,4.778964924534852
safmnpp,ami,small,062,062_right,m0,6.379269541032337,40.083094082377656,10.820845521187668,6.405535057825806,8.000476491063202,6.366432818571091,3.987228786275665,6.35108013925125
safmnpp,ami,small,062,062_right,m2,6.116585974890088,40.26571276300466,9.218490178771933,6.124648719078717,7.835765589931245,6.442142349764373,3.963326097858169,6.420368518566537
safmnpp,ami,small,062,062_right,m4,6.025355049249545,40.33097717689597,9.003787866434289,5.977204917483861,7.826129420975344,6.4281527006417125,3.8801332617253013,6.348986517147795
safmnpp,ami,small,062,062_right,m8,5.963545231295796,40.37575843301777,8.887763929049756,5.852108715148552,7.620078891659456,6.268461095999135,3.9232377650813213,6.332855695548588
safmnpp,ami,small,062,062_right,rep8,9.809857865908219,38.21417645893562,32.13706703244585,9.348592157179016,8.395764484106472,6.655050683276188,4.007768072221403,6.607556669123657
safmnpp,ami,small,062,062_right,ref8,13.112775248351026,36.953857433585455,57.82299337044411,7.927961861044882,8.617224746385704,6.631795400415618,3.9494577800769006,6.348869614899379
safmnpp,ami,small,062,062_up,m0,5.484219547673095,40.739655284567824,10.854322436495687,5.839611305906474,4.40188968839479,4.54061029691235,4.085729451669709,4.9905967717438005
safmnpp,ami,small,062,062_up,m2,5.025161713380041,41.119303186363695,7.890083540978203,5.508498756969988,4.520198832953072,4.5507530799223375,4.023915571162444,4.965613447575213
safmnpp,ami,small,062,062_up,m4,4.928393835753231,41.203749551652436,7.208177495599898,5.281527556677537,4.532473351508705,4.459109293927233,4.059639792035288,5.091899593951065
safmnpp,ami,small,062,062_up,m8,4.847844717505607,41.27531660479175,7.024890510431599,5.30461520405701,4.548588119585047,4.407690691861234,3.9827950349551884,4.927167230712106
safmnpp,ami,small,062,062_up,rep8,6.134906133179107,40.252724386547996,14.596421971170908,6.595109167740383,4.789833559675246,4.70153353032488,4.02342682380664,4.982373069341601
safmnpp,ami,small,062,062_up,ref8,6.831388661597737,39.78571366297926,20.197122790799476,6.435339513345837,4.4568995643690545,4.561984983069652,4.023760271535148,4.995001773327267
safmnpp,ami,small,062,062_zoom,m0,3.453050325112403,42.74877453019657,3.860693929236902,3.1341046309599583,2.934809511539252,3.1900793255385924,3.53333101823771,3.7209009227884104
safmnpp,ami,small,062,062_zoom,m2,3.2982568535007992,42.94795887329443,3.002529271481943,3.063523931960425,2.9006427093841025,3.175297631475012,3.449201427214532,3.752896842040021
safmnpp,ami,small,062,062_zoom,m4,3.2293490239845712,43.03965375312188,2.9847292351440475,3.0571514507826234,2.8474727170465695,3.019178695234548,3.356914157326607,3.686039038499555
safmnpp,ami,small,062,062_zoom,m8,3.2611172278995033,42.99713950128556,2.9858365374810014,3.103363487024971,2.8735522339686077,3.0521037463502676,3.402244280843552,3.7086914901963186
safmnpp,ami,small,062,062_zoom,rep8,4.252136176879569,41.844731962865616,8.636546808789081,4.15253990503219,3.10399282163567,3.0362759143940696,3.536601931124281,3.7739889653923373
safmnpp,ami,small,062,062_zoom,ref8,5.380877098946131,40.82227288141071,17.244281007150423,3.877898734610395,3.0237972194371756,2.9656766981769036,3.525735465048054,3.7907683509799117
safmnpp,ami,small,063,063_back,m0,5.437594777350789,40.7767352108053,7.491550086354887,5.0160956091495885,6.49011656334766,5.418426619630093,4.851363881212249,4.5618477569193345
safmnpp,ami,small,063,063_back,m2,4.9390385655096285,41.19437943590219,4.52843976521603,4.42510198133426,6.197974059672451,5.281189538173364,4.9533220700797,4.554207066273668
safmnpp,ami,small,063,063_back,m4,4.881068368898204,41.245654700261255,4.535570998425605,4.401354733681961,6.148554754928003,5.281356987204901,4.7999460844699655,4.559867628968004
safmnpp,ami,small,063,063_back,m8,4.845668408796857,41.27726669010487,4.401732477708693,4.385357499789228,5.990061772446386,5.195649503852036,4.84212022539007,4.553294557617023
safmnpp,ami,small,063,063_back,rep8,8.191708327233062,38.997058803865826,21.606408294461346,8.633013572646808,8.026381203954456,5.912050995421715,5.133533098080953,4.719227559947795
safmnpp,ami,small,063,063_back,ref8,10.130811234695939,38.07436137556434,40.54472769395745,6.186144413224066,6.43739301833811,5.2781540668956435,4.941906157989964,4.553525584672242
safmnpp,ami,small,063,063_down,m0,6.060022154966044,40.30606148952134,8.800796558849557,9.798375681148023,7.7685028507063665,5.824925447399928,3.5209163211634626,5.029158615460279
safmnpp,ami,small,063,063_down,m2,5.484679789531694,40.73929083505743,5.946383599412305,9.104561086068088,7.316347751527085,5.370685553507391,3.5809123788486534,4.955774390767493
safmnpp,ami,small,063,063_down,m4,5.326143457290108,40.86667501079966,5.867951099009593,8.62132803981709,7.2827594015271755,5.191577432904411,3.417811664633084,4.907332864557501
safmnpp,ami,small,063,063_down,m8,5.346618806884784,40.85001139170389,5.912976281489664,8.810199433512027,7.270380705861895,5.086777000300112,3.3870177975050884,4.98239650760663
safmnpp,ami,small,063,063_down,rep8,7.823660137484554,39.19670384581837,16.752740971409494,14.018391289412097,8.256735093090215,5.817745627259455,3.6154862614696337,5.290739875246118
safmnpp,ami,small,063,063_down,ref8,8.15477887132302,39.01668171857803,25.036885198175508,9.778889134418833,7.391229542739332,5.12826351360402,3.410775075465283,5.1707493124839
safmnpp,ami,small,063,063_front,m0,5.169130738368762,40.996628443252746,6.1650948745904115,6.897073496673958,6.135797961296137,4.295935530276424,4.872038972324636,3.5968811213863656
safmnpp,ami,small,063,063_front,m2,4.730685797139009,41.38156256848137,4.743108800115315,5.734621291495044,5.467062877350867,4.1950736413595076,4.8537053504150975,3.5999891566583773
safmnpp,ami,small,063,063_front,m4,4.78591159705296,41.33115688585199,4.844986435888454,6.112800861940959,5.779844592359788,4.1088847155866635,4.722343374963838,3.652845547954993
safmnpp,ami,small,063,063_front,m8,4.8647970757961865,41.26015631515335,4.91762421679197,6.157064768458377,5.832581435859645,4.209579044940135,4.8893130561888105,3.5993183372826554
safmnpp,ami,small,063,063_front,rep8,6.737753651727464,39.84565232770038,13.811076262291612,8.96181808134715,6.858692974143146,5.033768399871716,5.108018718666738,3.669098067979443
safmnpp,ami,small,063,063_front,ref8,7.442188355844061,39.413797033967825,22.323076166808267,7.796386793894148,5.98370931978743,4.096774237253263,4.797293762470136,3.6250056260519403
safmnpp,ami,small,063,063_left,m0,4.39961474152847,41.696657123257445,4.84727426862534,4.243943633854969,4.03518556472147,4.516727859669216,3.8454085307051455,5.382081853224481
safmnpp,ami,small,063,063_left,m2,4.221407674029858,41.87623065564449,4.110015489228481,3.982884671953852,4.026050736941229,4.4921185467841696,3.7753092702014746,5.287746506759778
safmnpp,ami,small,063,063_left,m4,4.162948105584567,41.93679363768963,4.032464047387697,3.8938114143331606,3.9187760312795548,4.310608292262897,3.8394403061118147,5.142427095656597
safmnpp,ami,small,063,063_left,m8,4.206801159113247,41.89128375958289,4.026798862941253,3.9171558487335307,3.904062307704366,4.418518800468602,3.8368445537234446,5.32724104392409
safmnpp,ami,small,063,063_left,rep8,5.727877740255869,40.550866213479466,11.684453079567474,6.1926699604234585,4.151137642870078,5.058293742032479,4.0347422259994214,5.417797685881691
safmnpp,ami,small,063,063_left,ref8,6.816626607747779,39.79510855432751,22.424843317781676,5.17656214828886,3.753794263323961,4.217398507473458,3.6994682343863543,5.379664716796843
safmnpp,ami,small,063,063_right,m0,5.379925446124322,40.82304103521439,7.478218786458383,6.075354065730467,5.904055244272634,4.737194122026971,5.145874387346358,3.731122344245721
safmnpp,ami,small,063,063_right,m2,5.19155896233018,40.977825700574975,6.232906641196552,5.949836350505638,5.722336098893543,4.705686148650713,5.171167735760863,3.815564710366865
safmnpp,ami,small,063,063_right,m4,5.114263109277788,41.042972938126866,6.158432114037552,5.8054245781047875,5.5781887651081306,4.438284770130051,5.146297257746253,3.8462646454636436
safmnpp,ami,small,063,063_right,m8,5.086151809587106,41.066910421729226,6.191653726567133,5.835950436184371,5.635157717972714,4.426965468721589,5.0957023999369015,3.7035879092268593
safmnpp,ami,small,063,063_right,rep8,7.636695322669626,39.30174896744669,17.326788815768577,9.546226163284699,8.227438975134262,5.696553377040242,5.32964943035235,3.87041688265595
safmnpp,ami,small,063,063_right,ref8,8.512647159025628,38.83015728187847,29.508359840142038,6.750156314142681,6.006160514050786,4.602793233293682,5.134683615642873,3.8965025393373938
safmnpp,ami,small,063,063_up,m0,6.103454861711584,40.27504623785284,7.937095258934286,7.233626081662229,6.993805903101929,6.497197647019207,5.182760922620312,4.765955938020413
safmnpp,ami,small,063,063_up,m2,5.648675217377779,40.61133756100709,5.869309950380546,6.636798098213168,6.639840963869393,6.320238753374489,5.1220570462792265,4.686972231299379
safmnpp,ami,small,063,063_up,m4,5.683544578003437,40.58461090202235,5.886520084545075,6.687595817323162,6.754037356542855,6.355947882728355,5.11201463668841,4.755508195088128
safmnpp,ami,small,063,063_up,m8,5.684577198750604,40.58382192121719,5.849567986797841,6.490742194739819,6.648087919341838,6.396077883492549,5.171716278444879,4.865611594896014
safmnpp,ami,small,063,063_up,rep8,8.435048862727564,38.86992758145317,18.328036166977263,13.117196811841483,7.645035845338899,6.722850166060474,5.322928176394005,4.81042106324791
safmnpp,ami,small,063,063_up,ref8,8.964118178867386,38.605727874257184,27.257724701652712,9.253381289498853,7.050174973237003,6.2988639530183415,5.10688765065321,4.717453798533075
safmnpp,ami,small,063,063_zoom,m0,3.4063068082015926,42.80796598301798,5.44792531265285,3.4544783632604132,3.2546102517478546,2.852346903736532,3.218151376186679,2.5786575324785534
safmnpp,ami,small,063,063_zoom,m2,3.08724273621915,43.23509583392258,3.770008909814013,3.120500962203801,3.0355486786067254,2.751403691098812,3.185439241759013,2.5863979379518685
safmnpp,ami,small,063,063_zoom,m4,3.040336793264373,43.30158665629363,3.5183816847414877,2.9942067233292002,3.0369241378958507,2.7108369677628574,3.1815451198195794,2.638749530516568
safmnpp,ami,small,063,063_zoom,m8,3.0523752288030477,43.28442440437665,3.560587377500926,2.9549757621919905,3.0764278930226348,2.8486941264169157,3.1810223276190404,2.5928797721387205
safmnpp,ami,small,063,063_zoom,rep8,6.2263401326571595,40.18847519224067,19.812700032369076,9.137287628242696,4.079756331329926,3.1047170469563925,3.2230588409518437,2.5683994347703396
safmnpp,ami,small,063,063_zoom,ref8,7.1454731238031854,39.59049370812403,30.749178031373187,4.819904728193787,3.719021740721866,3.1159739596505385,3.2656998879746975,2.5418463381234973
safmnpp,ami,small,064,064_back,m0,9.640956319647724,38.28960245663572,11.674074494803202,9.327569195442257,7.654206962813942,10.771177095918231,10.348274240285848,7.583741464304834
safmnpp,ami,small,064,064_back,m2,9.537254378039194,38.33656994558795,9.56998007570139,9.688547102819236,7.570940788472103,10.766345004423853,10.75591716809555,7.660380274330667
safmnpp,ami,small,064,064_back,m4,9.33417909361789,38.43004231489995,9.045026155866209,9.303806260076357,7.455005215068574,10.687871395505566,10.634831719309929,7.549749644332408
safmnpp,ami,small,064,064_back,m8,9.275464238833738,38.45744705511477,8.990294822546728,9.19165083283288,7.4693577334189385,10.66230491558047,10.520814461479684,7.562023636435446
safmnpp,ami,small,064,064_back,rep8,11.793763130160999,37.414279598525304,20.79755749278771,13.308317269685586,8.982804360110292,11.739667395569457,10.611806520249656,7.836583028355863
safmnpp,ami,small,064,064_back,ref8,12.827101236420498,37.04951838496561,32.376207111772196,10.950409539733414,7.531073200499386,10.967514433828939,10.607342685345287,7.83760633631638
safmnpp,ami,small,064,064_down,m0,7.040933442272902,39.65450121902621,8.638763647187883,6.515659360991981,7.733784394577835,4.99245911793518,5.860267198718356,9.197633364981376
safmnpp,ami,small,064,064_down,m2,6.603024858891291,39.933374285715786,6.2749159962464445,5.719133254491864,7.098642695465685,4.598269871563973,5.948644933797992,9.627353926063531
safmnpp,ami,small,064,064_down,m4,6.59162210530121,39.94088059370406,6.134178951837462,5.72141240242048,7.1939534484669645,4.717878335733133,6.082986957495325,9.280162697445753
safmnpp,ami,small,064,064_down,m8,6.5359527821295105,39.97771454818257,5.880376069247559,5.575151406648174,7.054812290876224,4.892880477761088,5.959593192716232,9.48663051239331
safmnpp,ami,small,064,064_down,rep8,9.426415708527555,38.38733772469691,21.226373440195715,9.759455451277445,8.261494073620332,5.060261862196546,6.104598371492977,9.727505513449817
safmnpp,ami,small,064,064_down,ref8,12.134579109243216,37.29055643545914,44.51093487323358,7.737523070969687,7.078106986088975,4.833458409488637,5.964465995389752,9.616056156346538
safmnpp,ami,small,064,064_front,m0,8.32357139881985,38.927706516444886,10.019188525420788,8.95913455857599,6.982961159049434,6.674487680642102,7.869468385959443,9.305003919109355
safmnpp,ami,small,064,064_front,m2,7.777749055878046,39.22226434065412,8.562199592013021,7.79119289696949,6.537642783771442,6.3683860315952305,7.553562000584323,9.269390776561298
safmnpp,ami,small,064,064_front,m4,7.884782174483607,39.16290660885486,8.991889931382229,7.970921694898023,6.608256371843278,6.363063458161369,7.547868939646283,9.378834570801915
safmnpp,ami,small,064,064_front,m8,7.70111146964995,39.26526951240795,8.44930479245659,7.649648979304382,6.19323232146527,5.982417372244512,7.586663183094659,9.428096605636352
safmnpp,ami,small,064,064_front,rep8,12.233949984311213,37.25513660215531,31.28029291927189,13.270352313507535,7.820618954734176,6.956794778409383,8.526918185050631,9.840934952405803
safmnpp,ami,small,064,064_front,ref8,14.276221277098767,36.584670900994034,49.642649876646225,11.21087495713227,7.0681754935531105,6.435340838963115,8.214825510714524,10.029176390710122
safmnpp,ami,small,064,064_left,m0,5.993878712902472,40.353724101879,8.703308585162505,6.029620634626946,5.6294361013430825,5.813944198666638,4.4831704029192005,7.067212620717993
safmnpp,ami,small,064,064_left,m2,5.972107299930383,40.36952758842879,6.941291101405939,6.018642793564595,5.621611731882748,6.235363025777071,4.629800000995064,7.792943264272395
safmnpp,ami,small,064,064_left,m4,5.877277751144657,40.43904145576495,6.615247932694946,6.082487546849131,5.537070261420488,6.365499675719957,4.577451423539717,7.538768526648403
safmnpp,ami,small,064,064_left,m8,5.704645060759751,40.568517327883214,6.5218054759928,5.820595128177818,5.507381153724228,6.061908016684884,4.4424831855665134,7.282599584988767
safmnpp,ami,small,064,064_left,rep8,8.695824674088335,38.737695859814345,22.048226226013192,10.433508814376411,6.14707337830648,6.639958426504106,4.578333340906269,7.788643232438665
safmnpp,ami,small,064,064_left,ref8,10.569549139522037,37.890238986686995,40.738418907068315,7.236285545388442,5.566447195532277,6.354383808551233,4.53180807162175,6.828187375925064
safmnpp,ami,small,064,064_right,m0,7.13789723816996,39.595100695902396,7.0757658015442715,5.776963705752181,6.8059872707385365,7.105291265552455,7.303189732829261,8.098098156155745
safmnpp,ami,small,064,064_right,m2,6.9310627873151045,39.72280527803391,6.165237122159693,5.8420688616842735,6.938503884832393,7.009464210366567,6.993479419371566,8.142429789075297
safmnpp,ami,small,064,064_right,m4,6.9199260770290225,39.7297890579119,5.924650406938254,5.569274128327207,6.809452562280672,7.161264232238913,7.241008545329579,7.989175702687188
safmnpp,ami,small,064,064_right,m8,6.8954494220888884,39.7451778358701,6.055866881599263,5.622739010518783,6.838077597234446,7.225758931440509,7.0650696923220915,7.983636034573479
safmnpp,ami,small,064,064_right,rep8,10.209955492369605,38.04056511970071,26.15188758409919,8.371568437321084,7.2221268034196555,7.448694630124251,7.341391386027155,8.236120814545066
safmnpp,ami,small,064,064_right,ref8,14.40866730777141,36.54456547135568,57.399616591319436,7.924626663416789,7.294520155330159,7.748787965252339,7.133534564023033,8.20878899062626
safmnpp,ami,small,064,064_up,m0,8.501791478048258,38.835699119709346,7.55061980569374,8.201848135603125,8.745214422134604,8.297978391056933,8.288397140988131,9.823566086529517
safmnpp,ami,small,064,064_up,m2,8.207396636053168,38.98874938936458,6.026415355879573,8.311642214436969,8.556344737966946,7.9637813045881165,8.104952791318345,9.938175944251789
safmnpp,ami,small,064,064_up,m4,7.9783880269793155,39.11165206572961,5.9246159465764805,8.122382754171381,8.44526042876027,7.764201830589906,7.772776895321021,9.679789998503578
safmnpp,ami,small,064,064_up,m8,7.993925558468942,39.10320261189095,5.743739776197247,8.124992648144548,8.44172039119359,7.681724210091912,7.906296210070063,9.707192417970852
safmnpp,ami,small,064,064_up,rep8,10.848906657804287,37.776943882509386,18.37005136502673,12.22214783206947,9.57178712182598,8.72653626146282,8.791499825942937,10.041972208260944
safmnpp,ami,small,064,064_up,ref8,12.082726226419767,37.30915425630053,31.61187503301602,9.934518977964466,9.245006471573491,8.265724912435612,8.24585505125407,9.916719693374542
safmnpp,ami,small,064,064_zoom,m0,5.63513619472102,40.621759439638645,6.3615388097506775,5.090929299078719,4.162058916387327,5.629666250298246,5.612214976003872,6.491884594608384
safmnpp,ami,small,064,064_zoom,m2,5.50121956560527,40.72621381937446,5.510198448272674,5.310646967261777,4.023052544426812,5.859698888525676,5.564609253291298,6.278509662372704
safmnpp,ami,small,064,064_zoom,m4,5.311462370970055,40.87866251800414,4.946933341417525,5.178606132106984,4.064721570270779,5.439298071294433,5.430162613361107,6.21976382555243
safmnpp,ami,small,064,064_zoom,m8,5.305982345407571,40.8831456024701,4.898209545973567,4.974760155328304,4.082025325853697,5.401501921397551,5.425984506321684,6.393282517117754
safmnpp,ami,small,064,064_zoom,rep8,7.388015048965796,39.44552589465685,15.587947754845912,8.629810698879426,5.037666262927481,5.393369681326774,5.563878823094817,6.344876983682658
safmnpp,ami,small,064,064_zoom,ref8,9.26236716869218,38.463583680389775,31.628327377140767,6.296851117438613,4.433480566639453,5.373347265588827,5.647405781826372,6.432523338704585
safmnpp,ami,small,065,065_back,m0,7.002549850887962,39.67824151635283,9.500632618082907,8.58028088496673,11.850680051811564,7.625182638455883,4.510034064416153,5.015624933218955
safmnpp,ami,small,065,065_back,m2,6.536274731473472,39.97750062775712,7.4617997403517355,7.984594624608316,10.900850697138118,7.794570136696486,4.500435511620128,4.937211603392146
safmnpp,ami,small,065,065_back,m4,6.6608107454966845,39.895532667027375,7.404185614033689,8.509843726419017,11.554519626386602,7.7323771497691896,4.50078261555516,4.90995199487595
safmnpp,ami,small,065,065_back,m8,6.389890351143427,40.0758695502593,7.1246032996359805,7.829948487406343,10.758359058528958,7.328785518639805,4.414269701344964,5.024051112907176
safmnpp,ami,small,065,065_back,rep8,11.932312233482406,37.36355751821171,31.787906139668035,22.73153308352101,11.455610314586124,8.012562252811716,4.613382429245146,5.227484479099025
safmnpp,ami,small,065,065_back,ref8,13.155700006028924,36.939663993114515,51.72131445444041,11.197339663704916,11.702640229649925,7.979522619395348,4.459401154741564,5.132861766347739
safmnpp,ami,small,065,065_down,m0,4.663854233973969,41.44335392523906,8.978747054639147,5.888955155786281,5.189481662093244,3.249889532632413,3.283579161925758,3.5438888758679954
safmnpp,ami,small,065,065_down,m2,4.057108624203273,42.04863725295566,5.942232169622542,5.119668281278365,4.980861922458007,3.076534459577206,3.095413646403547,3.62343641860186
safmnpp,ami,small,065,065_down,m4,4.008080942228283,42.10143877447807,5.867738040673504,5.082582314891869,4.743834367428362,3.059339482016456,2.9819469412925526,3.8131894849440724
safmnpp,ami,small,065,065_down,m8,3.993167149473654,42.11762871215839,6.083554600186913,5.191071971332513,4.8832899459110966,3.0210570792042506,2.9034829486349034,3.5611012078114785
safmnpp,ami,small,065,065_down,rep8,6.712048576914499,39.862252699290345,17.936986639488378,9.922765971831748,7.42042624422812,3.3695787882928983,3.296065267281383,3.685471309394584
safmnpp,ami,small,065,065_down,ref8,7.206419343957749,39.55360830604537,24.96607998090127,7.404041233580232,6.146162399547649,3.391666552462055,3.2657013217772355,3.73227730569162
safmnpp,ami,small,065,065_front,m0,5.192448713862742,40.977081451930616,10.416990083432248,7.874133442951906,5.043895178498685,5.5889385505955085,2.8171923294077885,3.5354759716207704
safmnpp,ami,small,065,065_front,m2,4.598707525224032,41.504445712591725,7.560797268370687,6.436366822331315,4.7238494140624105,5.554600166729021,2.81248280955717,3.674057044313484
safmnpp,ami,small,065,065_front,m4,4.439759357608216,41.65720929603541,7.083628255115468,6.242908225844174,4.484023112660306,5.13887345055845,2.8259236748717047,3.6727534285968124
safmnpp,ami,small,065,065_front,m8,4.476226182949148,41.621683376307,7.446959468529951,6.697223128511279,4.48494940720408,5.070936903492845,2.7019028482462337,3.543852320305831
safmnpp,ami,small,065,065_front,rep8,6.4707506443699,40.02125696613738,19.224139186314797,8.892301027680578,4.996605251416792,5.021555258872974,2.7870523967380865,3.6290306335431066
safmnpp,ami,small,065,065_front,ref8,8.471692102556682,38.85110197596449,34.35062858563642,7.8848739448469525,5.187197026693249,5.516375336897313,2.7178759454460097,3.631453211528198
safmnpp,ami,small,065,065_left,m0,3.856880775811972,42.26844146737997,4.326479645391052,4.765560500276151,3.577962902317708,2.786181329294001,3.4110047413119844,4.517840385505693
safmnpp,ami,small,065,065_left,m2,3.716950487397434,42.42893584865888,3.629046543190729,4.252853145710923,3.4249898588626366,2.7137822586231923,3.4431366951687803,4.723170912704488
safmnpp,ami,small,065,065_left,m4,3.5280620284668225,42.65544148811742,3.6855607462431266,4.239458132588085,3.458232996015895,2.6377260291688636,3.1945248759323155,4.112438482101114
safmnpp,ami,small,065,065_left,m8,3.6048438254583397,42.56193906572757,3.766443253901925,4.412339672601394,3.4903627560361694,2.647841960782775,3.2195783720618447,4.284842755953238
safmnpp,ami,small,065,065_left,rep8,4.27145750801621,41.82504270460601,7.4172541394716225,4.821858723524337,3.712398041405889,2.7636299125798214,3.3773896261788554,4.410166201883588
safmnpp,ami,small,065,065_left,ref8,5.145176492038966,41.016800841593565,14.301226487325055,4.77006392282323,3.4780289148043715,2.586179668455785,3.3304858489551314,4.397731009643405
safmnpp,ami,small,065,065_right,m0,6.429378265266109,40.049113831255355,11.31453329885288,10.371117980853239,8.448408853302602,7.169974103682564,3.1076107619087114,4.258844213170836
safmnpp,ami,small,065,065_right,m2,5.74487462427307,40.53799805751443,7.827503649939061,9.193525819568306,8.226160554872225,7.113316760087289,3.0664937061469564,4.2030626607719395
safmnpp,ami,small,065,065_right,m4,5.845507335908495,40.4625815099472,7.873015915334049,9.653416241232865,8.254677800217523,7.149804277143262,3.0658159507373295,4.365743963094845
safmnpp,ami,small,065,065_right,m8,5.857419304978809,40.453740466366945,7.89165829398202,9.716127796124649,8.320511418963378,7.059675544161882,3.0969250225750242,4.3258818256432034
safmnpp,ami,small,065,065_right,rep8,9.807479104619896,38.21522969353917,30.641438415339064,15.759516187974365,8.894853070587242,7.067731829952913,3.084417935061508,4.286417980233085
safmnpp,ami,small,065,065_right,ref8,12.86478239556944,37.03677916237027,55.83778652198815,12.713373911128725,8.828024867480265,7.045116378594289,3.0696751275531753,4.300188849137053
safmnpp,ami,small,065,065_up,m0,4.951329514634504,41.18358530956251,8.16872496657285,5.690176963416788,5.553235895958135,6.352925282917582,2.992638934954267,4.3572459880136245
safmnpp,ami,small,065,065_up,m2,4.738667122302469,41.37424159031724,6.487015102044689,5.780673248963851,5.467425468895528,6.43729769011098,3.0185899724915393,4.351424640389814
safmnpp,ami,small,065,065_up,m4,4.662911266673738,41.44423209784129,6.365280968208029,5.7315384682751365,5.468093578056789,6.16020172289743,2.962290723653444,4.327543836970097
safmnpp,ami,small,065,065_up,m8,4.629802494105381,41.47517896318582,6.211573673201541,5.723318409091862,5.406008854340129,6.21149514836269,2.9158735918920144,4.3631349248518605
safmnpp,ami,small,065,065_up,rep8,7.6068026210576,39.31878213404484,23.372293110469673,10.12190169974722,5.850279668343428,6.121749276435003,2.967618083593495,4.369746044527826
safmnpp,ami,small,065,065_up,ref8,9.96128368951242,38.14765052228518,42.61260812741674,7.530551699785817,5.555798951632066,6.740413204399968,3.0123408180178863,4.352418331590254
safmnpp,ami,small,065,065_zoom,m0,2.7830261520979085,43.685630734492655,4.575689061444327,3.9021944396590533,3.2589131863538046,2.18385157891092,1.8060921745640703,2.474668522153017
safmnpp,ami,small,065,065_zoom,m2,2.534605754030929,44.091699444034205,3.344905852769787,3.4355671352364747,3.1870326556149067,2.1975643529363604,1.7699612262809121,2.46902504283743
safmnpp,ami,small,065,065_zoom,m4,2.504271917702184,44.14398877405383,3.266804352365608,3.3695948364138606,3.021055425503711,2.1508298893808,1.7896912303476422,2.5074692265594956
safmnpp,ami,small,065,065_zoom,m8,2.4476656772781387,44.24328262929016,3.1605362029167696,3.171285210766319,2.8200471421484807,2.148887521056052,1.8064552738714248,2.51610426403036
safmnpp,ami,small,065,065_zoom,rep8,4.462112029101777,41.63539891063089,10.03190082997814,8.884326542473133,5.226732037161817,2.5188322486053982,1.857360098943682,2.534132652880562
safmnpp,ami,small,065,065_zoom,ref8,4.449305172288284,41.64788166381827,15.842345006235785,4.970087720184574,3.185384872113609,2.134422903225857,1.7580809245305185,2.552618627156621
safmnpp,ami,small,066,066_back,m0,4.993861288842867,41.14643885793462,7.071610762068247,7.259776550338121,5.200512580208064,4.566851340503402,4.0286966204727905,3.687611379695128
safmnpp,ami,small,066,066_back,m2,4.869054505673108,41.256357246706365,5.752903872345448,6.860562942962971,5.959662716292982,4.842156432540303,4.050897786774884,3.578077166860941
safmnpp,ami,small,066,066_back,m4,4.7213340601176625,41.39015630647842,5.7310473426129205,6.848542198728542,5.754773124436274,4.42929901523327,3.858905843774872,3.518222077933485
safmnpp,ami,small,066,066_back,m8,4.680870543303894,41.42753730658267,5.653613955211552,6.954086529049859,5.491314989915658,4.173779102884458,3.848191007062609,3.6249572730856503
safmnpp,ami,small,066,066_back,rep8,7.176918823834926,39.57142326793868,12.1015805525095,14.280181828812466,9.991719009006452,5.259972046724797,3.9761509221156577,3.557320919304713
safmnpp,ami,small,066,066_back,ref8,7.079940759512349,39.63050737065787,21.930437529066285,7.956268098249931,5.401729938553653,4.209368138533836,3.9357208550451306,3.7087793848906663
safmnpp,ami,small,066,066_down,m0,5.559614917209762,40.68035649343875,7.2224805991837595,7.1950798919719015,5.541226286460226,5.530383009531104,4.996391641192626,4.179095012681901
safmnpp,ami,small,066,066_down,m2,5.185957158573767,40.98251436146082,5.425147446104331,6.879475724155656,5.3455659400322615,5.174828846576262,4.877172429961485,4.260478350201304
safmnpp,ami,small,066,066_down,m4,5.107887451445579,41.04839041531552,5.1375891232502005,6.747773896892546,5.169185949794101,5.1638908729186666,4.914152817780441,4.1912769365652025
safmnpp,ami,small,066,066_down,m8,5.007865211917128,41.134277296648165,5.054336742547191,6.67397368607133,4.8747355909420955,5.027457032604199,4.869563297339838,4.106437374525182
safmnpp,ami,small,066,066_down,rep8,8.330100968010496,38.92430095405413,14.465097630687792,17.677580927953816,8.763855455347821,5.802565569387192,5.0269170552340725,4.302261846591695
safmnpp,ami,small,066,066_down,ref8,7.752612263617082,39.23632297004479,20.769515573838273,9.408649592681243,6.0955986755345295,5.543834827149556,4.955491190793971,4.170262247683103
safmnpp,ami,small,066,066_front,m0,5.063360575125963,41.086415051359005,7.4503641081505645,5.958897356154429,5.856652336205848,3.7509382764834664,4.633156324787077,3.6458084111213234
safmnpp,ami,small,066,066_front,m2,4.726041094710547,41.385828672007534,5.676796816211072,5.451282712495177,5.73728360871819,3.7184418372023433,4.563250668470926,3.7118652627348854
safmnpp,ami,small,066,066_front,m4,4.656064151799806,41.45061405424376,5.611180096529442,5.348002337948997,5.459042258399474,3.543945799830037,4.584304010251564,3.6933191384085444
safmnpp,ami,small,066,066_front,m8,4.513116183867334,41.58603846899509,5.6542129202904885,5.30471507848142,5.161737373849751,3.409307905016122,4.356987660860918,3.5909309966387317
safmnpp,ami,small,066,066_front,rep8,7.750473025822139,39.23752151750599,17.24588949446282,15.846578713063199,6.83010567426786,3.725879951554734,4.570341504862928,3.597928539883397
safmnpp,ami,small,066,066_front,ref8,7.323301584555632,39.48373441463902,22.844640606470353,8.46358272413819,5.521700556941771,3.295151331375432,4.3750030708039915,3.6593356658070206
safmnpp,ami,small,066,066_left,m0,4.67923114189811,41.42905862123369,4.619249559186388,4.769640073974996,3.523684693011013,3.9170740600775598,5.857425477504387,3.6712369150660202
safmnpp,ami,small,066,066_left,m2,4.469207619357052,41.62849830363588,3.597276708198297,4.399213707401516,3.4166807696588446,3.6848341247797065,5.871907731229072,3.7294065329528903
safmnpp,ami,small,066,066_left,m4,4.424891615506605,41.67177723430424,3.5446826100230147,4.538813392447763,3.5557752965788105,3.8447637994380113,5.649442176490369,3.648115265894126
safmnpp,ami,small,066,066_left,m8,4.454257421067904,41.64305048637162,3.5065909046873434,4.566046173293267,3.5468611635213025,3.8986604587950224,5.732155931401478,3.641249075213319
safmnpp,ami,small,066,066_left,rep8,5.2558058145727635,40.92441049829395,8.306959211343841,5.175911605950807,3.77136271283773,3.897053513428948,5.825969605101229,3.6833891930574776
safmnpp,ami,small,066,066_left,ref8,5.804690499812115,40.49301292315643,14.088128510543203,4.818845587670763,3.37352781688347,3.5322107805793888,5.478119685487862,3.700384305441597
safmnpp,ami,small,066,066_right,m0,5.540978305141928,40.6949391111869,8.843996254661084,7.071702943722801,6.554548446113124,5.321150330824747,4.754857614134663,2.8099615232120447
safmnpp,ami,small,066,066_right,m2,5.03441524645211,41.11131326889328,5.7427048190524586,6.2590057082693145,6.59544066754163,5.21603333116723,4.8214845374085975,2.8496269188137973
safmnpp,ami,small,066,066_right,m4,5.005218240237911,41.13657342296391,5.7580666917742045,6.185149984076391,6.507896700586883,5.125339253665658,4.835145503107031,2.813552095746167
safmnpp,ami,small,066,066_right,m8,4.824362146451549,41.29640459683108,5.520401776800698,5.793825167241233,6.250574405650771,4.869880709051588,4.72194476345213,2.797660236886834
safmnpp,ami,small,066,066_right,rep8,7.692374398071316,39.27019947098219,17.29230359243172,12.98074732447207,7.840436835671586,5.264665429579268,4.977187023220983,2.9199612526749323
safmnpp,ami,small,066,066_right,ref8,8.09209613517566,39.05019327262433,25.682262469396544,8.567730833764806,6.673058173912557,5.216647683754618,4.878375932797999,2.8409458918910997
safmnpp,ami,small,066,066_up,m0,5.811061762909605,40.48824869502742,6.739122400161347,5.379275017098997,6.176648278122386,7.738320773185942,6.036153398971416,3.5544159769273223
safmnpp,ami,small,066,066_up,m2,5.200817093287239,40.97008780458366,4.883807124979685,4.857941264884216,5.366187270385127,7.036062791679575,5.73487282383431,3.454455186590252
safmnpp,ami,small,066,066_up,m4,5.290840796509197,40.895556672318634,4.877076443055409,4.661427082810336,5.571573576268922,7.511785904110567,5.82164395520456,3.520206479290535
safmnpp,ami,small,066,066_up,m8,5.115914691790879,41.041570668895545,4.617895786071892,4.530901178048558,5.279884832794838,6.995577266864775,5.713783411920479,3.5384687949269495
safmnpp,ami,small,066,066_up,rep8,8.136152785388285,39.026612654433855,17.457248459817254,11.16664371990609,8.232996521987905,7.717842940839787,5.67275968416249,3.541870968820404
safmnpp,ami,small,066,066_up,ref8,8.984810970322963,38.595714163632884,29.79622205536216,6.315536510559455,6.65237761356095,7.091344667822427,5.764452741365923,3.520939980298862
safmnpp,ami,small,066,066_zoom,m0,4.39172157409264,41.70445561909506,7.4172550906671715,3.5145023861312223,4.668796770577422,5.0809036516040775,3.862436423385692,3.0659532477064104
safmnpp,ami,small,066,066_zoom,m2,3.7821004407329197,42.35347302705573,4.072843800724327,3.2456669751305904,4.203980510785575,4.698887500678278,3.7932752822574667,3.0807707130154265
safmnpp,ami,small,066,066_zoom,m4,3.6061915857783133,42.56031565149278,3.8831765720171916,3.086777023283122,4.210233872548839,4.333615830160721,3.5206958565666024,3.080151595158232
safmnpp,ami,small,066,066_zoom,m8,3.6307279925467397,42.53086647278887,3.853276230996122,3.052350589327506,4.238977527884859,4.465420842446128,3.5810213800428703,3.0536524345322706
safmnpp,ami,small,066,066_zoom,rep8,6.658479437253587,39.897052979749816,18.130329885840492,9.837771911142365,4.820467953104455,4.712357467007509,3.9295396485754943,3.0090752070747424
safmnpp,ami,small,066,066_zoom,ref8,6.831037632162183,39.78593682999748,24.16848004364866,5.531849728951956,4.417233519545127,4.7456439061273175,3.7110905591301457,3.0615059544843923
safmnpp,ami,small,067,067_back,m0,7.47760258075535,39.393179812975646,7.700528007571059,8.576620206287929,7.195259719976121,5.323005203976486,8.15687478285925,6.732338441591033
safmnpp,ami,small,067,067_back,m2,7.3503526903690455,39.46772182626403,7.0146427288436115,8.485019456413278,7.036001257492161,5.182474611096355,8.234377968673735,6.6565353629770385
safmnpp,ami,small,067,067_back,m4,7.151006042047575,39.58713215881605,6.818289844212107,8.267790125029029,6.813039437001515,5.077269965921476,7.961714006934251,6.564475985532606
safmnpp,ami,small,067,067_back,m8,7.111426782387586,39.61123617866224,6.800553012780987,8.242666444512908,6.808806093538423,4.973210403555952,7.872826094235256,6.606447282242045
safmnpp,ami,small,067,067_back,rep8,9.869083175072904,38.188035517140754,15.172888758904476,17.54254244120458,8.535001521055994,5.248715822366801,8.334185459325258,6.814155087852687
safmnpp,ami,small,067,067_back,ref8,9.518251089897253,38.345232036371,20.239339503186095,10.663380408821865,7.690906215003604,5.350739463981206,8.162639326141518,6.678231502087897
safmnpp,ami,small,067,067_down,m0,6.797154857674801,39.807531964234286,9.768595605526908,8.708092328580484,5.633494077988121,5.367276362321977,5.2979938190866696,7.587249886864486
safmnpp,ami,small,067,067_down,m2,6.469334599175751,40.0222074708749,8.159369674357155,8.155632973076758,5.468409981669457,5.419018788306269,5.180116660082179,7.681312896151779
safmnpp,ami,small,067,067_down,m4,6.271723781525617,40.156934379135976,7.808234409552409,7.994223683111277,5.371508155588142,5.2312036716608015,5.0095538696940185,7.452748126472749
safmnpp,ami,small,067,067_down,m8,6.352818454690712,40.10113916244532,7.871570336825952,8.14725302793627,5.413878560348631,5.221997811064605,5.062827921098233,7.6292522409157515
safmnpp,ami,small,067,067_down,rep8,9.761294816797982,38.23572931060575,18.629201508019257,18.983833949052187,8.667849615410896,5.968521729724364,5.261876515824342,7.748981828528871
safmnpp,ami,small,067,067_down,ref8,8.886027081981412,38.64372728359956,22.491226426541335,10.86303033266719,6.148704281070859,5.540315624760342,5.218110696977597,7.674139506855535
safmnpp,ami,small,067,067_front,m0,7.120296912593151,39.605822570046136,10.64118744581801,7.33626697842469,5.390970425079655,5.477411963235391,6.63228724836556,7.304513721253002
safmnpp,ami,small,067,067_front,m2,6.604892658036385,39.932145969644935,7.702373027293315,6.5882122580697695,5.153621720200674,5.247895395346216,6.750158472003771,7.285742852408508
safmnpp,ami,small,067,067_front,m4,6.598391150982724,39.93642304026845,7.808442449724882,6.541850485544317,5.052341098958784,5.122442584796613,6.730534862695177,7.381138880006069
safmnpp,ami,small,067,067_front,m8,6.5926996494320536,39.94017070285069,7.8460151377410545,6.520989867175605,5.07232836445844,5.036125453010578,6.748000232427138,7.341164210070646
safmnpp,ami,small,067,067_front,rep8,9.458164903825098,38.3727347916514,20.357018034319232,13.99618440440461,6.861395510783414,5.252059536230633,6.622292282216091,7.36204621273032
safmnpp,ami,small,067,067_front,ref8,10.12331417605762,38.077576455238024,30.824794519208012,9.336624756135297,5.661883430406664,5.156626742600464,6.578695654611171,7.295202959385632
safmnpp,ami,small,067,067_left,m0,6.276126406902445,40.1538867877848,8.897602119496181,6.4787533201629435,5.172499050117142,4.595857757295337,5.121056873251831,8.03523961370933
safmnpp,ami,small,067,067_left,m2,5.985227130472639,40.35999724982746,7.728045297106091,6.173217511599347,5.171519666294423,4.532274490592167,5.036957903573237,7.715493410244196
safmnpp,ami,small,067,067_left,m4,5.948829792637421,40.38648817758349,7.650336761883724,6.180273512469307,5.131181729821764,4.470993475726644,5.058091369663266,7.589008497841032
safmnpp,ami,small,067,067_left,m8,5.937169212595654,40.39500934133308,7.744881161135532,6.253820869722683,5.096527273938329,4.508105371818969,4.929990508431012,7.638671581030071
safmnpp,ami,small,067,067_left,rep8,6.55548399308976,39.96475599583443,10.327385857584188,7.363329240933172,5.364880656017518,4.800906726778664,5.0745680076375494,7.701601723910752
safmnpp,ami,small,067,067_left,ref8,6.831336569709804,39.78574677968051,13.448686529141897,6.904471922495505,5.120217605240052,4.623124262502063,4.9706924773407914,7.636447851665644
safmnpp,ami,small,067,067_right,m0,8.186036040218235,39.000067085096184,9.470543943636073,10.373878731217228,7.264379435820357,5.345701296482091,7.290562766373493,9.648513102093606
safmnpp,ami,small,067,067_right,m2,7.907963999184307,39.15015677336947,7.740854279927708,9.413378132943338,7.371059406911495,5.484001817480146,7.300955380878664,9.936513135802995
safmnpp,ami,small,067,067_right,m4,7.813909568966189,39.20211980076692,7.528829392489494,9.131829916917754,7.289355242393131,5.5500904538565585,7.3065240875801445,9.775349930050162
safmnpp,ami,small,067,067_right,m8,7.8117614081514075,39.203313905513326,7.455211482570903,9.407387282703455,7.269074671088344,5.612973191324514,7.165521903640532,9.862851239938784
safmnpp,ami,small,067,067_right,rep8,12.973147098795712,37.00035018411548,25.07565560931738,28.491188536895883,9.236070843115536,5.506084168205018,7.282792219787171,10.155647951481521
safmnpp,ami,small,067,067_right,ref8,11.7722060939438,37.422225042565906,33.857816368038414,12.328608607751029,7.3045516977089635,5.2333159112898135,7.09433575268112,10.003064974506263
safmnpp,ami,small,067,067_up,m0,6.49408548901965,40.00562359429003,7.960222885971639,6.652406476096451,6.248242627213092,4.645591800165343,5.7160154641941645,8.002631565342774
safmnpp,ami,small,067,067_up,m2,6.258389571742761,40.16617767287482,7.188706847067552,6.189553883257751,6.509804402970732,4.624732027166266,5.707266082477292,7.456271557653303
safmnpp,ami,small,067,067_up,m4,6.234757208264192,40.182608148679684,7.047286656156234,6.175049493201938,6.2560093767648866,4.696052935550291,5.7137240247006025,7.556237055171266
safmnpp,ami,small,067,067_up,m8,6.215766974278592,40.195856362336635,6.909411934902372,6.207415333653514,6.288736505699521,4.557427437120851,5.637642344958465,7.739093630276454
safmnpp,ami,small,067,067_up,rep8,8.786965218138482,38.692414535517095,21.750547783044365,9.861851668111276,7.31846312961622,4.757123758538062,5.6218864564713185,7.348036287928859
safmnpp,ami,small,067,067_up,ref8,10.578864710032446,37.88641297764548,38.34395424009229,7.232072674438878,6.235214289684166,4.726509805479612,5.752522590572143,6.989552715465204
safmnpp,ami,small,067,067_zoom,m0,5.1010062369283125,41.054245063306674,6.303455524235817,3.580398618691526,4.215019551380478,4.213472463844861,5.569484907299797,5.512119900963572
safmnpp,ami,small,067,067_zoom,m2,4.869382020238578,41.256065130475584,4.693729989026196,3.2812271819386307,4.0995800835983465,4.25972417955145,5.694987862389228,5.47929325296034
safmnpp,ami,small,067,067_zoom,m4,4.762114899917723,41.352804910509946,4.681100182057973,3.279006336347983,3.98200709023861,4.109450334603156,5.526191433684039,5.371927075639838
safmnpp,ami,small,067,067_zoom,m8,4.842178500028887,41.2803956581823,4.704670571895387,3.2783716727668346,4.025492121116457,4.187021510206235,5.679442478825183,5.441877828039996
safmnpp,ami,small,067,067_zoom,rep8,6.344875177607431,40.10657278205436,11.911176180591786,6.466077610782872,4.680852747119648,4.651612901735413,5.51732231725257,5.635269943132388
safmnpp,ami,small,067,067_zoom,ref8,6.667584853099991,39.89111809547075,17.86760778089216,4.214572916222801,4.239153239001946,4.141778090667073,5.273933896425332,5.523030434943892
safmnpp,ami,small,068,068_back,m0,8.56150673098601,38.80530158414,11.41017967152396,9.980985100026116,12.245598958687465,7.50804869769975,7.637112330297263,5.25449013610246
safmnpp,ami,small,068,068_back,m2,8.289453229207417,38.945544753561535,9.098210113820592,9.492367363987558,12.289568010146427,7.520152114563345,7.909991181751728,5.311795694017624
safmnpp,ami,small,068,068_back,m4,8.098066641650478,39.0469901446886,8.739847985873931,9.32386017128327,12.006685042051975,7.386246197669962,7.723340799946631,5.250679307902909
safmnpp,ami,small,068,068_back,m8,8.059621101747807,39.067657355997994,8.61936348673203,9.38769853902299,11.936516597581639,7.390157637466578,7.648669719886651,5.2658599387483775
safmnpp,ami,small,068,068_back,rep8,10.075654437630805,38.09807096682925,17.034842244244853,13.372393486336923,13.092143063073458,8.115510356069715,8.005123484157876,5.3798509311954525
safmnpp,ami,small,068,068_back,ref8,10.587286235172797,37.88295706154611,25.671980915221663,10.53464140254608,11.792930816486987,7.234985578845549,7.845544946385577,5.316476977731579
safmnpp,ami,small,068,068_down,m0,6.198654952979839,40.207828987682355,8.20077817593124,6.814675047365418,4.257184715979221,3.6241910246566333,6.857430669160677,5.819787472817728
safmnpp,ami,small,068,068_down,m2,5.586934899640759,40.659067499859106,5.848286753971436,5.639207162162878,3.776678705825134,3.5115720970660975,6.664853506943281,5.784955295885538
safmnpp,ami,small,068,068_down,m4,5.471585411300737,40.74967177931731,5.379391603443137,5.5832671202845505,3.686724871778312,3.403599013656221,6.640574867364963,5.708217991044731
safmnpp,ami,small,068,068_down,m8,5.512913063165942,40.71699217016431,5.307637614914111,5.617550043929746,3.7017724420101636,3.421420391258553,6.681177067345246,5.875841186963189
safmnpp,ami,small,068,068_down,rep8,7.591531121403811,39.32750984114027,12.788006512847947,12.155650929667953,5.158849605287631,3.6867676123108684,6.676621991924804,5.9897130218510926
safmnpp,ami,small,068,068_down,ref8,8.385774917596352,38.89537159532742,22.09969381560406,8.001281248231383,4.640081610428562,3.810610518277563,6.971115464450851,5.962280618435459
safmnpp,ami,small,068,068_front,m0,4.9457201263564246,41.18850824462952,5.5823164899194415,5.3131428788610435,4.483682764178018,3.813812977600661,5.603455733081239,3.9425852086546644
safmnpp,ami,small,068,068_front,m2,4.861386139606624,41.26320242438895,5.808848860389969,4.9346267286793815,4.181765497498737,3.657067306055953,5.574168145346498,3.914261746844603
safmnpp,ami,small,068,068_front,m4,4.850137010840446,41.27326353768428,5.748230294646255,5.06065156546954,4.118273493482733,3.6107623286371493,5.5562921271101855,3.911037820612565
safmnpp,ami,small,068,068_front,m8,4.943463479736731,41.19049030751881,5.886712541738985,5.144602010674574,4.286834606238375,3.698547296929556,5.646431008627907,3.9352657430887157
safmnpp,ami,small,068,068_front,rep8,6.699817995395994,39.87017355878849,10.403557605717298,11.600170881240437,6.456206649091064,4.087167584813326,5.630258967936215,4.0592933034640515
safmnpp,ami,small,068,068_front,ref8,6.7539847074040065,39.83520287911362,17.317114168394017,6.440883733599364,4.6687652933860475,3.736707516931817,5.715197746098966,3.9605368714807403
safmnpp,ami,small,068,068_left,m0,5.246101234960127,40.93243693873898,7.2886560147453485,4.225778407764505,4.74597824118485,4.080788827655511,5.446697261528597,5.06099442045325
safmnpp,ami,small,068,068_left,m2,4.918132096969942,41.21280171517129,5.0476680620265375,3.550638724575875,4.548672391216297,4.312990083071524,5.6486588579619745,5.041247601332598
safmnpp,ami,small,068,068_left,m4,4.7483762734176755,41.365352346219694,4.886627274898356,3.4816782008825196,4.451169733062103,4.154556984787374,5.289534058195063,5.0945255455841485
safmnpp,ami,small,068,068_left,m8,4.644594595778907,41.46132548350921,4.971419457622419,3.460078248922428,4.430760859705341,4.0140987897835405,5.056175935225231,4.996308906944563
safmnpp,ami,small,068,068_left,rep8,6.463316665868646,40.02624926456873,12.47772403574155,7.125635066414611,6.07750409147284,4.301516864670691,5.314061845878155,5.056226121440069
safmnpp,ami,small,068,068_left,ref8,6.79676643729032,39.807780146971304,17.516300848957687,5.453288717259367,4.877673411076448,3.7814349525676305,5.409439327671103,5.172244935658579
safmnpp,ami,small,068,068_right,m0,7.252156411254739,39.52613198674954,8.225397631559487,9.875445847201389,8.670489981825078,7.082001374679831,6.199729470081227,5.746938567021761
safmnpp,ami,small,068,068_right,m2,6.798568136782517,39.806629063637786,6.285717597962572,8.555418065436685,8.587613017137038,7.03471464865789,6.121600665205356,5.87032382065558
safmnpp,ami,small,068,068_right,m4,6.78229905189459,39.81703425658185,6.227794542181554,8.880300949367015,8.15853147186743,6.792943086941353,6.2599904583763735,5.7609466754097
safmnpp,ami,small,068,068_right,m8,6.805043048663357,39.802494839754615,6.242093426507276,8.927795190685968,8.420718673789738,7.142614950210954,6.111982761837377,5.735496837409713
safmnpp,ami,small,068,068_right,rep8,8.295692057026173,38.94227738559307,13.133672532080453,10.247504691649171,10.6611950480102,7.430664774674525,6.3183194763887895,5.809838782296835
safmnpp,ami,small,068,068_right,ref8,8.759596328126644,38.70596267999662,19.54109964516081,8.598586136046297,8.878271559787068,7.364720518639313,6.387338035684345,5.744507390684414
safmnpp,ami,small,068,068_up,m0,6.20765509986862,40.201527815457645,8.536048439488228,7.075688293180482,5.938350885816752,4.874235397517201,6.000560947263606,5.1553512229425
safmnpp,ami,small,068,068_up,m2,5.9726941822570225,40.36910082577967,7.030702934268875,6.820235785107633,5.932852792732212,4.792048979356713,6.0526691807719,5.134687548449876
safmnpp,ami,small,068,068_up,m4,5.922444103001295,40.40579390396307,6.935943875577267,6.776723519625534,5.857731640699339,4.690402674295964,6.021349949920205,5.126420616110211
safmnpp,ami,small,068,068_up,m8,5.87983082988609,40.43715529809437,6.5985400672349215,6.710104093308491,5.822704305116602,4.710679342235373,6.005204523044155,5.236941793588465
safmnpp,ami,small,068,068_up,rep8,11.027842073322065,37.70589822800866,37.15051669897954,12.314500926426586,6.826528314589459,5.381437170367055,6.0534884682538035,5.428410504436155
safmnpp,ami,small,068,068_up,ref8,14.517825876222773,36.51178777606879,67.02480360223029,9.255265855881273,5.797573697470804,4.838639116527405,6.037001141332434,5.227698853349373
safmnpp,ami,small,068,068_zoom,m0,3.911480860230298,42.20739151382812,5.574503886239031,3.2516736549259706,3.2427073499815275,4.407175860423286,4.303383561162159,2.4972095598976956
safmnpp,ami,small,068,068_zoom,m2,3.462921916225447,42.7363766190717,2.573917485788742,2.800295704830565,3.304158783877957,4.5864843999974445,4.25877345921487,2.5488786150746106
safmnpp,ami,small,068,068_zoom,m4,3.4487123928722476,42.754233832000565,2.534777008952514,2.7517497142810905,3.3063474582862065,4.495578709942592,4.279025375879872,2.5497023096256246
safmnpp,ami,small,068,068_zoom,m8,3.464040191477606,42.73497438597751,2.483172620895714,2.7644553749070897,3.2689147031674417,4.522821807005544,4.352737809121909,2.536592285509359
safmnpp,ami,small,068,068_zoom,rep8,6.361610025397627,40.09513318072186,17.124597130248002,9.213944447067139,3.8491571116027785,4.633062988941,4.310445834207715,2.53610268747591
safmnpp,ami,small,068,068_zoom,ref8,7.783297992148614,39.21916702657565,32.328589762136446,4.8668361226993735,3.3389189001900412,4.4022160521896625,4.260785413307902,2.4816200836289526
safmnpp,ami,small,069,069_back,m0,6.273971270508377,40.155378352037054,7.221205736609846,7.486788051015769,6.686355894465919,6.048576867955924,5.97573971477337,5.087454335150604
safmnpp,ami,small,069,069_back,m2,6.153645150045584,40.23947911826211,5.577506045017995,7.509099464634847,7.089752312799251,6.40931040894739,6.04426636777157,5.049107159883279
safmnpp,ami,small,069,069_back,m4,6.032876270567787,40.32555942490124,5.693493707730937,7.259146480661349,6.708932719942688,6.339407630189428,5.893933653812239,5.035619035559522
safmnpp,ami,small,069,069_back,m8,6.15851017176988,40.236046978000815,5.80852307529736,7.558036250881685,6.879930364478355,6.494668151006706,5.999382944757786,5.034150502684664
safmnpp,ami,small,069,069_back,rep8,13.059693726234373,36.97147368811401,47.423194300952254,16.433642199832477,7.021958068057505,6.398845724017085,6.108002966637143,5.122432812122863
safmnpp,ami,small,069,069_back,ref8,13.057756387044703,36.97211798969594,54.919459544723104,9.944961480675987,6.456450992883955,6.0616228197397986,5.7977038479303955,5.136501380126094
safmnpp,ami,small,069,069_down,m0,9.29779344997335,38.44700466744351,9.681784151547207,7.833183976387743,9.52544618133155,7.18253059817346,9.590058037810751,10.645744335618211
safmnpp,ami,small,069,069_down,m2,9.124490401989789,38.52871742181468,8.381407244969722,7.866129559681927,9.438393295249062,7.5944354289665545,9.542617922850539,10.547228703276565
safmnpp,ami,small,069,069_down,m4,8.99901437973424,38.58885415082247,8.02801410905887,8.049124787185004,9.378542949356978,7.31326450597495,9.41025213563187,10.440647189065082
safmnpp,ami,small,069,069_down,m8,8.92853981079518,38.622999214604995,7.863890432127408,7.6454277862248805,9.141773892316087,7.299783303108089,9.424776163854506,10.599152267631437
safmnpp,ami,small,069,069_down,rep8,12.461961494954574,37.17493955832861,23.63697200782007,13.197981892481785,11.959831262138572,8.928334764105356,9.723200177073963,10.906124233460325
safmnpp,ami,small,069,069_down,ref8,13.145484420942621,36.943037660538366,36.08077893997891,9.384123460154878,9.32852448889661,7.559865054863163,9.576929219959165,10.722138769197963
safmnpp,ami,small,069,069_front,m0,10.35163689885249,37.98071330888569,10.53903474042689,8.12337342805488,8.839149167945502,11.091742411487495,11.179780936218897,10.80695079883963
safmnpp,ami,small,069,069_front,m2,9.828377429918168,38.2059853493783,7.278125237870195,7.322464164534285,8.666991822449988,10.777963713723459,11.277815505456095,11.0778600264811
safmnpp,ami,small,069,069_front,m4,9.725807162384385,38.25154706487347,7.054481328470017,7.413951975902732,8.77919911314816,10.698193951592975,11.130884269391508,10.855979349626645
safmnpp,ami,small,069,069_front,m8,9.819396132504867,38.20995580248457,7.012171468890803,7.402886244726342,8.815716525505785,10.80569467453405,11.369536287756878,10.886389458883603
safmnpp,ami,small,069,069_front,rep8,14.79041585940058,36.43099975721331,33.69987301770799,15.422817482341543,10.120784523689357,11.658502347248644,11.487600064466374,10.892012546924622
safmnpp,ami,small,069,069_front,ref8,18.040051087929506,35.56842597774268,63.61113607065884,10.888197508113937,9.26143572680859,11.019304190519422,11.158243725570173,10.902937604850118
safmnpp,ami,small,069,069_left,m0,8.983507858772239,38.59634408807062,9.726436013852956,7.049483592585754,7.345352142555506,7.867203366334539,10.533402645949486,8.649180999699091
safmnpp,ami,small,069,069_left,m2,8.673785726216954,38.74871671562317,7.877599894199286,6.890232932809672,7.5210354861881825,7.889295190324984,10.53132224303843,8.32039379098189
safmnpp,ami,small,069,069_left,m4,8.745327066899021,38.71304304549695,8.042867579490624,7.075909333384266,7.766132301411925,7.920558366430677,10.54265206426814,8.25924964133548
safmnpp,ami,small,069,069_left,m8,8.511062902128748,38.83096560630099,7.8219770902046,6.8586044100215435,7.110688602341495,7.661341488095804,10.199471438717557,8.50410171724661
safmnpp,ami,small,069,069_left,rep8,11.709973956796276,37.44524431673621,19.518147317577156,14.272472332190246,9.222719720196798,8.736761410127103,11.070138950903152,8.469966908011097
safmnpp,ami,small,069,069_left,ref8,12.64244507678543,37.112492852867476,33.73412639711119,8.750723906157587,7.811172951692616,8.357109137554557,10.688712170211776,8.578540431772034
safmnpp,ami,small,069,069_right,m0,10.334509318366969,37.9879049968056,7.700554631991321,6.619186821903195,7.2713781646637985,11.319958452558296,11.43779340231729,14.422316683773127
safmnpp,ami,small,069,069_right,m2,9.856539372723493,38.193558997947065,5.50677689457597,6.040545142250215,7.025672550950115,11.014796388644129,11.309063736473703,14.431447484327059
safmnpp,ami,small,069,069_right,m4,9.932071675148098,38.16040515872517,5.516238957771642,6.180395871493628,7.383526584068086,11.27497972236631,11.18510572666955,14.587673803626366
safmnpp,ami,small,069,069_right,m8,9.82771981384137,38.2062759452478,5.410922269349511,6.036522412134099,7.062493414649921,11.089941448571683,11.226392280262823,14.431283524675544
safmnpp,ami,small,069,069_right,rep8,13.368523036784213,36.86996932095565,22.344757110617127,10.547828090704517,9.311727612085585,12.497048615308962,11.795883724398914,14.631815126733462
safmnpp,ami,small,069,069_right,ref8,15.435441434652693,36.24561306583817,42.08994441357397,8.428203430461803,7.40241355579819,12.237429194954489,11.479204726559985,14.547528635078812
safmnpp,ami,small,069,069_up,m0,8.951074899991783,38.6120516967441,11.594101250650564,7.360284986740832,6.639944528731796,7.995168505876848,8.868326384069082,10.325512916369304
safmnpp,ami,small,069,069_up,m2,8.50955656658105,38.83173431300896,8.508808685023942,7.349821929808938,6.800020426279015,7.839137945921573,8.861338160823388,10.232639062496396
safmnpp,ami,small,069,069_up,m4,8.574462302725358,38.79873465538647,8.965327189423196,7.085984438105536,6.835821482471885,7.867455171642418,8.94501814509684,10.236683051092667
safmnpp,ami,small,069,069_up,m8,8.567883241303651,38.8020682134512,8.93271296320185,7.111200151405541,6.880322870183192,7.841972124449804,8.869062522019927,10.33593408889171
safmnpp,ami,small,069,069_up,rep8,17.13256408130293,35.79257995974322,61.292526578214584,16.550955971329603,7.985440616914558,8.21274704249705,8.924311909793436,10.259534820399486
safmnpp,ami,small,069,069_up,ref8,22.663944674440135,34.577448595220794,108.16060419864672,11.015007943775617,7.00584808655412,8.329848820039318,8.71511909278521,10.125901751609836
safmnpp,ami,small,069,069_zoom,m0,8.008572553224216,39.09525246469436,9.464487486485572,7.560924489627528,7.884684363587173,7.874517051093309,7.491101065837192,8.34145672718762
safmnpp,ami,small,069,069_zoom,m2,7.518665109481085,39.36939619617681,5.726348396680751,7.797252814017416,7.7651646458454096,7.618759974461801,7.571833639515158,8.385555434365207
safmnpp,ami,small,069,069_zoom,m4,7.329861369298756,39.4798460002186,5.486920668576604,7.203418269015253,7.551764260771157,7.403399806961408,7.524617394348095,8.293831799863211
safmnpp,ami,small,069,069_zoom,m8,7.368156131080043,39.45721540890288,5.480281875599667,7.451706678509864,7.401816862996864,7.267747820126809,7.595723098138326,8.385232143171132
safmnpp,ami,small,069,069_zoom,rep8,16.06891994810019,36.07093673671682,45.186598568381115,29.980952613495468,9.354127956936724,7.979350513879759,7.639313624964285,8.71700091048551
safmnpp,ami,small,069,069_zoom,ref8,22.3520684532739,34.637626420676675,107.60912596169526,12.693737070943738,7.8053013916316125,8.34551184368129,7.803023933718325,8.755420895635512
safmnpp,ami,small,070,070_back,m0,5.747234337116154,40.5362145549659,8.422964768551655,6.789878012776565,6.06548292754893,5.782132253112416,5.0196959246632655,4.053837228147468
safmnpp,ami,small,070,070_back,m2,5.14535001124031,41.01665437983258,5.249533182070796,5.747720703005637,5.880707081388138,5.840342897952579,4.957713619642624,4.068741529803442
safmnpp,ami,small,070,070_back,m4,5.011047899171002,41.13151806809083,5.0786310424112555,5.557437839282505,5.783608080482085,5.864182205225895,4.799310423536917,3.9274168659715007
safmnpp,ami,small,070,070_back,m8,5.019793381317825,41.12394519260789,5.19889144301015,5.356168313260913,5.666035193245205,5.754949852735041,4.895778596209737,3.9917174249847402
safmnpp,ami,small,070,070_back,rep8,9.193058327090117,38.49620345279319,24.71614197416545,16.27220196572781,6.013016723260795,5.647209302792349,4.991287576168869,4.230447531712622
safmnpp,ami,small,070,070_back,ref8,10.13741876828374,38.071529736612725,37.3210353734765,9.561959133758899,6.468862759024021,5.655915074078426,5.084906891494186,4.138249842413974
safmnpp,ami,small,070,070_down,m0,6.719385831593602,39.85750781584825,11.27945077039885,6.83397222186693,5.642442809977656,5.499928220325671,5.975519534733773,5.958178712690611
safmnpp,ami,small,070,070_down,m2,6.424156415962455,40.05264254225807,9.14314530439369,6.169407305854238,5.697051007582901,5.716350726762937,6.068590738532716,6.082281666391891
safmnpp,ami,small,070,070_down,m4,6.1667836291162885,40.230216500497356,8.52642334894896,5.79685509495891,5.415478718697557,5.432018690715928,5.96856987128549,5.922975622453201
safmnpp,ami,small,070,070_down,m8,6.106177495625339,40.27310936560316,8.706634583425528,5.897349667646144,5.34228573059148,5.358391380047283,5.7357641566736834,5.900331079550232
safmnpp,ami,small,070,070_down,rep8,10.542102976592277,37.90153106724945,28.76442993123555,15.948035896658233,7.052487264925393,5.947455164620458,6.017482533824165,6.145653209922564
safmnpp,ami,small,070,070_down,ref8,11.799892722620386,37.41202301882614,45.252721928727055,8.978981572102574,5.908932195002433,5.888616616819068,5.948582780830639,6.410578144138131
safmnpp,ami,small,070,070_front,m0,7.1025691616289786,39.61664889487709,10.847354325296513,6.016330644346054,5.273425001573402,8.395634343348341,8.041021557147682,3.6310547120429018
safmnpp,ami,small,070,070_front,m2,6.512558726575794,39.993287083203576,7.603455916663451,5.663088892775483,5.33130601027177,8.290301759846553,7.764549611613766,3.6138207441622194
safmnpp,ami,small,070,070_front,m4,6.572901077233233,39.95323264710321,7.150997028428463,5.528026780042335,5.313658124199287,8.417770091985885,8.108129053916585,3.690102611324489
safmnpp,ami,small,070,070_front,m8,6.536882020629197,39.97709714092613,7.2260527385369056,5.475258853959691,5.255547533349193,8.411357236520033,8.025597421925951,3.664280573099587
safmnpp,ami,small,070,070_front,rep8,12.086576921033787,37.30777040553221,34.77430874057564,15.298275141135546,7.606675408876335,8.839932820842934,8.514564078844678,3.8388001181176685
safmnpp,ami,small,070,070_front,ref8,12.880302954294399,37.03154282795127,47.97972403287938,8.77956875205566,6.09501098444835,9.270098419767518,8.360477944734663,3.8096059193995675
safmnpp,ami,small,070,070_left,m0,5.187224886386128,40.98145284110223,6.735800645852153,4.946913293490401,3.8139697590807007,4.174090996690487,4.784015805766207,6.452593393636941
safmnpp,ami,small,070,070_left,m2,4.879175715876415,41.24733902038006,5.229418716564199,4.70596143129059,3.7221367327232002,4.115679373933428,4.677815226864758,6.350151708965
safmnpp,ami,small,070,070_left,m4,4.864496147873031,41.26042497050891,5.482006095956886,4.569058586196432,3.7497320619328485,4.147252523418723,4.6949793465481875,6.0992722130922585
safmnpp,ami,small,070,070_left,m8,4.783925699072707,41.33295935024117,5.333864691447727,4.501809615017633,3.6704064016013356,3.7440690064791395,4.600206524538564,6.284785161395615
safmnpp,ami,small,070,070_left,rep8,6.764694451292584,39.82832175767883,13.832035263496895,8.61960362179939,4.272200702416646,4.34969653345529,4.879842800416847,6.625987097128566
safmnpp,ami,small,070,070_left,ref8,7.720013832272976,39.254622823878165,22.015693131297887,6.439918388689029,3.9518178308070198,4.60905041425743,5.119376785128549,6.851254932212729
safmnpp,ami,small,070,070_right,m0,7.4610205356970765,39.40282125525457,12.837252992509345,9.155991609300637,10.160797123982125,7.592889684751594,4.462412891379599,5.838959527672409
safmnpp,ami,small,070,070_right,m2,7.050433839703973,39.64864519281841,9.982384591917866,8.414580604184685,10.510042523411817,7.639131991625903,4.473373876396996,5.986424751234981
safmnpp,ami,small,070,070_right,m4,6.794295891341478,39.809359044129955,8.7217262631043,8.006837332229669,10.59855718748135,7.530695460495539,4.504493081795141,5.758445934340156
safmnpp,ami,small,070,070_right,m8,6.865241995000688,39.76424510447194,8.747148408824222,8.102309090594055,10.565100583003982,7.570452257342228,4.537527439616261,6.007359600835737
safmnpp,ami,small,070,070_right,rep8,15.05275897607859,36.3546425307945,51.47279041779118,25.29440868606185,11.440242669659119,7.439719687972143,4.5264512763595945,6.273103599572581
safmnpp,ami,small,070,070_right,ref8,16.753261084353955,35.889810042359535,75.14245667985301,14.538187733015365,10.409567746792641,7.237473909841734,4.558026805516455,6.018992177757293
safmnpp,ami,small,070,070_up,m0,7.468860413584855,39.39826017934248,12.888182860267316,7.9750980876582025,9.715498719008705,8.56063845202029,4.789035349147161,5.785150973945836
safmnpp,ami,small,070,070_up,m2,6.868202104239538,39.76237294608416,9.36721422986159,7.626799522143581,9.672472301651888,8.42377626179518,4.774020210845174,5.512184886566583
safmnpp,ami,small,070,070_up,m4,6.807371864417562,39.80100885530917,9.198117330111529,7.6748445382008565,9.128750567051254,8.126320038326911,4.882861947407389,5.602970839686475
safmnpp,ami,small,070,070_up,m8,6.874732550546741,39.75824553504672,9.180128286978803,7.644598113530492,9.385756224520257,8.392873632917683,4.882248291614752,5.687445671718267
safmnpp,ami,small,070,070_up,rep8,11.369409161502071,37.5734246474364,31.777946635363087,15.19268003629159,11.413855041112944,9.857022725144306,5.032236158776428,5.599672290999795
safmnpp,ami,small,070,070_up,ref8,13.048994849699042,36.97503301150816,52.89420563787636,10.021804056089547,9.191252780962188,7.862465016899475,4.7859585392283535,5.593911339925808
safmnpp,ami,small,070,070_zoom,m0,5.025617022460764,41.118909707954415,6.099094588493881,5.824033321638522,8.507960091206472,6.311764610870259,4.072528007482509,2.3067941556848326
safmnpp,ami,small,070,070_zoom,m2,4.317497091322373,41.77848307210479,3.142907114652512,4.521818473692606,7.022255840626438,6.484636009389546,4.1174215710054325,2.3338868859308914
safmnpp,ami,small,070,070_zoom,m4,4.12334176971044,41.97831027388943,2.9360238882015417,4.049851087428715,6.574036367563614,6.2352331224966555,4.025122541225003,2.3610163766218517
safmnpp,ami,small,070,070_zoom,m8,4.106746617109559,41.995824528001926,2.9459697843597072,4.1147458665647445,6.365753364392027,6.171216809586347,4.0356855499425,2.370397095699911
safmnpp,ami,small,070,070_zoom,rep8,8.30184337413623,38.9390582531975,19.559358304692207,15.220887080799834,9.67626098266778,7.040231885545964,4.095195238587614,2.3495086222671566
safmnpp,ami,small,070,070_zoom,ref8,8.423456058328446,38.875900461963596,27.84265631562963,7.660843721003459,9.501246976052204,6.885271442097456,4.015907369602013,2.4172533897485935
safmnpp,ami,small,071,071_back,m0,7.503126687316484,39.37838081465862,9.510140269516963,8.323936545978258,9.855723663703143,9.586973651140685,5.4403046196895355,6.403890668827614
safmnpp,ami,small,071,071_back,m2,7.043339164133368,39.65301759006168,6.631044098419271,7.663901612407506,9.915069433353159,9.655030227477486,5.486694273455756,6.345638077913904
safmnpp,ami,small,071,071_back,m4,6.902250953566727,39.740896154505585,6.504330595007491,7.469290382971705,9.531301193910215,9.506663492746632,5.414904189274662,6.267363265144175
safmnpp,ami,small,071,071_back,m8,6.761024282022122,39.830678651729876,6.316264229230954,7.328020024245078,9.458587607399979,9.238080580507626,5.2238899687676525,6.288795590519631
safmnpp,ami,small,071,071_back,rep8,11.674871360505854,37.458282568743215,33.41899199499251,15.041543897793453,10.693714228489403,8.69409733858662,5.5559031800377205,6.365031699043276
safmnpp,ami,small,071,071_back,ref8,15.431005664540503,36.24686130182062,66.6566910387265,10.268958432540508,9.314085115471725,8.315257612790576,5.515924329948353,6.471897848518477
safmnpp,ami,small,071,071_down,m0,8.285948679948381,38.94738121754085,16.039949967553913,8.842411965481016,9.097759668535268,6.954819062450652,5.940883953352394,6.554996118575849
safmnpp,ami,small,071,071_down,m2,7.329387276896329,39.480126909178296,9.730225783125462,8.899855301841146,8.762006387042064,6.779123546949904,5.754240633956944,6.684311396680245
safmnpp,ami,small,071,071_down,m4,7.4561292505292185,39.4056693304759,10.028753236651474,8.765388074902681,8.999272792446204,6.830927466392438,6.011866330295071,6.59098124430117
safmnpp,ami,small,071,071_down,m8,7.2957347021182954,39.50011327694057,10.0058522991463,8.609312628394663,8.669258122125505,6.6797258040308485,5.78597981353927,6.551697127150376
safmnpp,ami,small,071,071_down,rep8,10.88630673109462,37.761997940923365,29.877226623100825,13.83747546941068,10.054475809246503,6.986307106033245,5.7933835644549525,6.542044648728255
safmnpp,ami,small,071,071_down,ref8,11.750301119948954,37.43031364638321,40.071133969990264,9.757660163729867,9.159805467733113,6.9845193786586774,6.050482991706124,6.567858668355021
safmnpp,ami,small,071,071_front,m0,9.835583039096296,38.20280251502527,17.1354880612035,10.48657301094449,13.752873330768907,11.06805374453788,5.606666999104257,8.310968825555916
safmnpp,ami,small,071,071_front,m2,9.077694055556696,38.55104819189712,12.454334578855656,9.58788508001248,14.720448349560355,10.871127925316427,5.469132519822441,8.0412950264152
safmnpp,ami,small,071,071_front,m4,9.202499183695753,38.49174573273134,12.091669473154193,9.936673188005809,15.306518925813686,11.016363598050974,5.563195676689331,8.121550720720576
safmnpp,ami,small,071,071_front,m8,9.073305554038773,38.553148243763346,11.878323533563703,9.648874055068873,14.919229703378837,10.766498371375919,5.5164154457900265,8.26249503575698
safmnpp,ami,small,071,071_front,rep8,15.448653464856003,36.24189729422127,42.735273362332464,21.016767104040454,18.809937985392242,12.401827681488278,5.64377828428207,8.345724000192414
safmnpp,ami,small,071,071_front,ref8,16.11383354277108,36.058814878345096,61.21384209207581,12.243264787997571,14.082501909815093,11.07661082421447,5.601174291563962,8.121228996239187
safmnpp,ami,small,071,071_left,m0,8.083208936731577,39.05496556175898,11.782300045402788,8.812502557596734,7.5912898373500575,7.627551305826713,7.671535189276536,6.06343548969597
safmnpp,ami,small,071,071_left,m2,7.383007754145274,39.4484703631911,7.367316860114466,7.823273055876363,7.056423098005425,7.283253075446582,7.982789486558301,6.2230056447701605
safmnpp,ami,small,071,071_left,m4,7.071317479655421,39.635800247457965,6.96976356414105,8.005637105119607,7.213817312773753,6.809180318086269,7.405429231551655,5.909612529740724
safmnpp,ami,small,071,071_left,m8,7.155083565861607,39.58465650517658,6.951926208915596,7.845440635608197,7.222194721566915,6.836103152872854,7.678227343144621,5.976534862379854
safmnpp,ami,small,071,071_left,rep8,9.88572648400537,38.180717705362376,20.753759539840274,11.191031357119545,9.47629684016598,7.703984573765235,7.716229130708802,6.194270962817846
safmnpp,ami,small,071,071_left,ref8,12.459111678349107,37.17593282183935,41.50347309100801,9.930764878224235,7.887158423962298,7.375511898174445,8.055742256641118,6.16716976707318
safmnpp,ami,small,071,071_right,m0,10.113527729766096,38.08177691297046,13.548213618303956,14.856094257197064,11.612836809624511,14.0537759690509,6.393768507708535,7.635661433287798
safmnpp,ami,small,071,071_right,m2,9.60189272255148,38.3072351137642,10.809951284302857,13.849798538563181,11.605205618334958,14.264546932378009,6.357103415610148,7.5384643839870495
safmnpp,ami,small,071,071_right,m4,9.506400460910731,38.35064255695567,10.06395200729308,13.453324526276617,11.495848001935377,14.611556246981065,6.385300549567824,7.671488146881848
safmnpp,ami,small,071,071_right,m8,9.542662726072749,38.33410786385323,10.262011703468778,13.86450628202497,11.725680646337857,14.32468617410526,6.287486823546267,7.632810270708201
safmnpp,ami,small,071,071_right,rep8,15.280357694518974,36.28946840205623,38.91194974366033,24.119253353464526,13.797007446965651,15.43949367135754,6.4478464610121105,8.091866411762185
safmnpp,ami,small,071,071_right,ref8,18.15183926351368,35.541597236982874,68.22474991188102,17.958786361763536,11.712042828443629,14.276324949588803,6.470779326408985,8.071460995801615
safmnpp,ami,small,071,071_up,m0,9.809664079698958,38.214262251323,15.512456638782595,11.941342037799274,10.950706503434168,9.642374023775751,5.333093976387453,11.631894955279456
safmnpp,ami,small,071,071_up,m2,9.079747755223057,38.55006577328806,11.610888369098026,11.162129515601958,10.806997088732787,9.539196379793664,5.116794012890163,11.660446026764703
safmnpp,ami,small,071,071_up,m4,9.087054281502581,38.54657238550329,10.716911265224914,10.968849508255675,10.544607707884948,9.672056651735312,5.304243699444045,12.276418552665856
safmnpp,ami,small,071,071_up,m8,8.938875342559323,38.61797480018933,10.82778151482259,10.700241029659802,10.268525913975814,9.80265817374115,5.258586685726706,11.734984008577047
safmnpp,ami,small,071,071_up,rep8,13.384832839235033,36.86467409136602,32.67699957716224,20.1775509633722,12.188604831656846,9.633831986915697,5.334275831347827,11.770333605337905
safmnpp,ami,small,071,071_up,ref8,13.588396279695704,36.799121571138706,42.222907808456185,13.835280083996954,10.43098026624991,9.410073186967793,5.052076922055547,11.921327028726747
safmnpp,ami,small,071,071_zoom,m0,6.475568757023934,40.01802441830573,16.8515999426296,7.235281953254342,5.38544588483501,3.971219874072034,3.4929600646765278,5.747640955305891
safmnpp,ami,small,071,071_zoom,m2,5.038776402338862,41.107552740709735,7.096722214641543,6.780887855824627,5.059455304354905,3.8706928318810934,3.5095237293805335,5.768591572554064
safmnpp,ami,small,071,071_zoom,m4,4.943882859635299,41.190121888390706,7.742873550771748,5.991705298289859,5.0542716052714995,3.740659283588096,3.3813251984006074,5.62333805366001
safmnpp,ami,small,071,071_zoom,m8,5.008943472497297,41.13334230300581,7.751267632103465,6.172860600600961,5.148260396907619,3.7775969557238893,3.380076614168373,5.771777965549126
safmnpp,ami,small,071,071_zoom,rep8,9.852637449214741,38.19527858663015,33.50174182422539,14.808814258752328,6.34232365833811,4.102003925119141,3.453282083813671,5.821585055051962
safmnpp,ami,small,071,071_zoom,ref8,10.512703783995414,37.91365933378763,43.56177731245513,10.346441937400934,5.444887270217346,3.783203802558979,3.4585585063084543,5.743460006761342
safmnpp,ami,small,072,072_back,m0,5.549656319591635,40.688142720022526,5.9975404777463845,6.127246767037364,5.213228864200999,4.711144294970901,4.299114894747608,7.8829961056611655
safmnpp,ami,small,072,072_back,m2,5.359989971035562,40.839163837736464,4.5226214736834995,5.476608020821966,5.1082650466208905,4.98040218523956,4.408617702410092,8.123875870241314
safmnpp,ami,small,072,072_back,m4,5.170718937940159,40.995294291718565,4.487566087435971,5.382115499451773,4.891413305231942,4.7718899948975695,4.21748014708996,7.779879463622466
safmnpp,ami,small,072,072_back,m8,5.146005003029114,41.016101567652726,4.400142208404674,5.291353378700675,4.941213293787215,4.693510026935946,4.220173443641168,7.782992142369642
safmnpp,ami,small,072,072_back,rep8,8.235598111020337,38.97385215542701,17.976805592872513,11.863370875627577,6.090836848895076,5.72851277320826,4.478022902321997,8.09863590387339
safmnpp,ami,small,072,072_back,ref8,9.589322511570462,38.31292435645104,33.03649546352385,7.420161794568222,5.180525664769769,4.989346730069106,4.453902307272382,8.369780883678215
safmnpp,ami,small,072,072_down,m0,4.1416538462793655,41.95906562527976,5.008683761127116,5.80050935351893,4.126747704087189,3.1280117718975107,3.916278338556317,3.3243295898964345
safmnpp,ami,small,072,072_down,m2,3.8563760818941457,42.2690098026187,3.8934456931484034,5.03753507454069,3.9291745488932732,3.100125774631567,3.881196683579057,3.341222185041209
safmnpp,ami,small,072,072_down,m4,3.830216671833719,42.29857018565042,3.7619413939586166,5.0949545100982325,3.9376115526325495,3.0972085421128885,3.821021934269635,3.3636185566856494
safmnpp,ami,small,072,072_down,m8,3.8401100596830156,42.28736689201409,3.716017271592778,5.073307564145261,4.015668163206097,3.1289477482419787,3.821338811410002,3.39900128746696
safmnpp,ami,small,072,072_down,rep8,5.567447103746851,40.67424261369286,9.663066269951882,10.835761536391486,4.7567280806722145,3.5372118617419983,3.991769581802424,3.3345302000695645
safmnpp,ami,small,072,072_down,ref8,5.17488043433762,40.9918004100123,11.443758974327498,7.0519385437917546,4.116083991220171,3.1553748537045845,3.887256619843431,3.3156178462494603
safmnpp,ami,small,072,072_front,m0,4.168082447682116,41.93144059832861,5.875779423552814,4.897189529402864,4.635948562187499,3.3647739903222305,3.568247340020545,3.6253182028392326
safmnpp,ami,small,072,072_front,m2,3.779110473827293,42.35690773139222,4.141635948241551,4.059358086548358,4.337332432280042,3.352903257270171,3.5889722498393617,3.5422071343334895
safmnpp,ami,small,072,072_front,m4,3.7552450670439925,42.38442076573801,4.084807689313133,3.883229403468941,4.185182984776167,3.3696532925616336,3.587156173849768,3.6730008331457245
safmnpp,ami,small,072,072_front,m8,3.7391680840710446,42.403053727546606,4.061725648044598,3.999972208590712,4.1935977934724615,3.2740025331507536,3.582171518308092,3.5777952101188837
safmnpp,ami,small,072,072_front,rep8,5.3446331728982,40.85162457956066,10.643462563980396,8.486044210914875,4.934466112605788,3.5943445407383408,3.577399468396665,3.6356982096177544
safmnpp,ami,small,072,072_front,ref8,5.462603010062853,40.756807211814106,14.47817129365183,6.0871866868324105,4.574048720811526,3.415552966234664,3.4793607136763116,3.5888750246194365
safmnpp,ami,small,072,072_left,m0,4.620494101194663,41.483919407342114,7.946461778632523,5.354453944298228,4.398840623656736,2.9042550924859425,4.247923714564166,3.4038740193730774
safmnpp,ami,small,072,072_left,m2,4.215780877592463,41.88202331273847,5.616759331341295,4.987043871776769,4.204561891643508,2.8722197189888727,4.220216967005362,3.389272891987396
safmnpp,ami,small,072,072_left,m4,4.105974880801922,41.99664072716553,5.408843950294427,4.885995030608033,3.939607485366295,2.7556149149093656,4.198423305349805,3.2907911594154293
safmnpp,ami,small,072,072_left,m8,4.137699760152942,41.963213866792,5.393740098523078,4.840089593157358,3.985986787592271,2.7233727152573532,4.2551096742637515,3.3971766222958713
safmnpp,ami,small,072,072_left,rep8,6.228672119273028,40.18684890892517,13.697832759633359,8.670634347250052,7.654182585769806,3.562599365362338,4.146086737431304,3.2683843275468565
safmnpp,ami,small,072,072_left,ref8,6.033801487584661,40.3248934310729,17.335241693826926,6.231135550229907,4.667804148288638,2.8826107750002943,4.209809816521918,3.3829835444920815
safmnpp,ami,small,072,072_right,m0,4.701153147184786,41.40875961648619,4.868076966299431,5.154978485540656,5.896950186090415,4.289973273065724,4.144394535879807,4.749294484217008
safmnpp,ami,small,072,072_right,m2,4.490055221659013,41.60828678591911,3.8019147270799087,4.792611623320051,5.787323559777069,4.312952106193574,4.096142980201728,4.794203228590386
safmnpp,ami,small,072,072_right,m4,4.477305184666255,41.62063662843796,3.893680196395977,4.774315250656606,5.643387807114061,4.271267403939034,3.994650538870344,4.97693302097715
safmnpp,ami,small,072,072_right,m8,4.420914820049517,41.67568213647819,3.8969058811896,4.767360572328153,5.556346327077656,4.221461131871757,4.011574088520126,4.716399693495832
safmnpp,ami,small,072,072_right,rep8,6.82998618086483,39.78660535895048,15.145889810850301,9.55722132058291,6.960578115347192,4.509747144689367,4.155134357363977,4.775751766811443
safmnpp,ami,small,072,072_right,ref8,7.793291630307687,39.21359432727839,25.97082768315867,6.347507742426221,6.262212368587352,4.420747383574925,4.038797824441723,4.8729256890128205
safmnpp,ami,small,072,072_up,m0,4.101546843789044,42.001326848729306,4.495934712041831,3.7778714697982925,5.431294954538188,3.880526046969763,3.493929802787566,4.424856873589785
safmnpp,ami,small,072,072_up,m2,3.910686539159945,42.20827354368324,3.4955125013623793,3.5748280513059787,5.4105055462307154,3.863290279467796,3.474904055241769,4.328393877840494
safmnpp,ami,small,072,072_up,m4,3.8187653535212487,42.31157387176887,3.294331748198993,3.5196511733439246,5.378395674401851,3.642664162301628,3.4275676428466246,4.24947792199917
safmnpp,ami,small,072,072_up,m8,3.84572097684203,42.28102589705365,3.2852689212432806,3.43227770777166,5.214837173361446,3.729723088917998,3.432122258636748,4.519611538186934
safmnpp,ami,small,072,072_up,rep8,5.417626526372081,40.79271297993998,11.925461227924028,5.751326076643016,5.330287650549487,3.9535653504100154,3.5950093962699725,4.510623298242982
safmnpp,ami,small,072,072_up,ref8,6.304034946858928,40.13461748837883,20.267849106999815,4.568175559673192,5.110964035108311,3.675088657358741,3.5538643127192207,4.293692473397911
safmnpp,ami,small,072,072_zoom,m0,2.9003839705922214,43.506248645997076,4.494464181834682,3.3603122107825394,2.460796514006182,2.4848521426579704,2.7199491500242976,2.216189159800557
safmnpp,ami,small,072,072_zoom,m2,2.709535396874512,43.80185531938817,3.3897901179549246,2.9965317176611164,2.383086346055904,2.4457941563015098,2.7590368067565008,2.2584785110293515
safmnpp,ami,small,072,072_zoom,m4,2.691411079346791,43.831003249929815,3.412685067167573,2.88777423535409,2.3605022192306446,2.4231017396366776,2.769297130267085,2.2260569943095203
safmnpp,ami,small,072,072_zoom,m8,2.6609639939719565,43.88041362800959,3.31270511919697,2.8556509081962007,2.3690238283359473,2.434142676648317,2.7200945503127865,2.2349957675574297
safmnpp,ami,small,072,072_zoom,rep8,4.927582795121637,41.204464306739396,13.509828434361944,8.31123376031017,3.2379308783880294,2.7257265907348027,2.8112856890062394,2.2782184262420104
safmnpp,ami,small,072,072_zoom,ref8,5.995425152551213,40.352603752912444,25.120478395412672,5.039904034541023,2.6365719213767846,2.516385119818732,2.794114340992042,2.2227182559531187
safmnpp,ami,small,073,073_back,m0,4.927196841069601,41.20480448221027,6.291423673527713,4.071022195489585,3.7707019472820247,4.726266967924072,3.6401738071263114,7.809310464527944
safmnpp,ami,small,073,073_back,m2,4.603948129546199,41.49949938868184,4.217502493079276,3.5633026770358667,3.9936969635780706,4.778971933532559,3.6156493356624013,7.822755959156634
safmnpp,ami,small,073,073_back,m4,4.532490270971848,41.56743480316089,4.04399640806769,3.4581215328870276,3.959281401286584,4.746461998357779,3.435265559199287,8.012277232694395
safmnpp,ami,small,073,073_back,m8,4.571649389710653,41.530074449086,4.060517513628815,3.4892951899937614,4.090553274479077,4.818165184228925,3.53300182886885,7.882868699330905
safmnpp,ami,small,073,073_back,rep8,9.287620033878422,38.451759212094615,27.656666268969122,11.512091510665423,6.355889281958259,5.432628564927552,3.856241858147295,7.96360651537059
safmnpp,ami,small,073,073_back,ref8,10.808688720802548,37.793073510831675,45.56448160675729,6.826266919775501,4.34585762507254,4.9088907266551,3.7686660135759418,7.864405728584318
safmnpp,ami,small,073,073_down,m0,4.8092555489475295,41.31002506117028,4.242983674662398,3.929236084118313,4.5544373722376905,4.246055651815723,4.261107471288672,7.434706155177575
safmnpp,ami,small,073,073_down,m2,4.664295503370956,41.44294303804345,3.5962652255388803,3.5091698830796663,4.1829440686388955,4.220199594005482,4.287789579318642,7.6327138695387005
safmnpp,ami,small,073,073_down,m4,4.726600075567435,41.385315032914406,3.62617275506287,3.5389319221107254,4.39930673876712,4.398528711385065,4.370062075905473,7.5323926043517515
safmnpp,ami,small,073,073_down,m8,4.565005061518272,41.536390974667626,3.5455364045463873,3.4414802166680523,4.137554872485581,4.002167674354651,4.212777631856235,7.463601190204969
safmnpp,ami,small,073,073_down,rep8,5.833845662436933,40.47125425427176,8.026031557820378,5.469895596925738,5.198880962915134,5.282509190155019,4.464220420482425,7.738972558664336
safmnpp,ami,small,073,073_down,ref8,6.023712677533679,40.3321611240594,12.506939138947185,4.335104085210857,4.165126468110942,4.592502409817157,4.296055016918219,7.577793186383
safmnpp,ami,small,073,073_front,m0,5.326959217041533,40.86600989009234,5.923138053761815,3.861270696122571,6.467993875504433,6.023388491497817,4.154287411898885,6.950578689938123
safmnpp,ami,small,073,073_front,m2,4.924351019056085,41.207313579966026,4.054627925236034,3.622211095227991,6.350622471392104,5.927897529795925,4.016996393813544,6.6910027154628615
safmnpp,ami,small,073,073_front,m4,4.966082984255557,41.17066388439707,4.06428878212733,3.602915748713902,6.410303106190078,5.978239460970135,4.067414069389375,6.768120389267348
safmnpp,ami,small,073,073_front,m8,4.880475441156137,41.24618229149451,3.9688064834853862,3.5396047832709785,6.247889544468354,5.851969499544766,4.060629163580743,6.601256192013888
safmnpp,ami,small,073,073_front,rep8,7.821054425026969,39.19815052807991,20.329021640222596,8.595496633846151,6.586050274316878,5.799491268407126,4.09863336454305,6.623291695049439
safmnpp,ami,small,073,073_front,ref8,10.083118361985038,38.09485495627073,39.97229779906326,5.1935115761319715,6.30854266558364,5.981604781988636,4.086293296721485,6.717562031581301
safmnpp,ami,small,073,073_left,m0,4.73268148553879,41.3797308389361,3.530379811430888,3.8342385346805132,3.0847882174766603,3.2645503037402674,5.791185314669307,6.313071142469902
safmnpp,ami,small,073,073_left,m2,4.698658661309503,41.41106464449808,3.3260312021295726,3.6712554069397116,3.0374372880002873,3.2149956787788017,5.925810493861024,6.204481645538554
safmnpp,ami,small,073,073_left,m4,4.688956745699726,41.42004134354391,3.4194889808591813,3.7525644759196983,3.0213254404633427,3.2600100913948964,5.920203891724536,6.011914196269403
safmnpp,ami,small,073,073_left,m8,4.630967435110716,41.47408633815162,3.391803498877595,3.730014166861773,3.044096795856761,3.217292281440607,5.676042331858492,6.19324607213818
safmnpp,ami,small,073,073_left,rep8,6.110699408176033,40.269894400316105,10.539490534729437,7.31848243780726,3.6359539047146203,3.416720259671477,5.6351571255264075,5.988193804188293
safmnpp,ami,small,073,073_left,ref8,6.5732597382494555,39.95299567373519,15.6910814824128,5.294856070330634,3.351632440354941,3.400366666714572,5.7549964888959435,6.037262244043636
safmnpp,ami,small,073,073_right,m0,5.55470147510372,40.684196371407836,7.033780768865006,5.0671224937876795,7.196465571893022,4.014306192171182,4.447599939912221,6.6944819079786
safmnpp,ami,small,073,073_right,m2,5.599125491513851,40.649601595523805,6.206184188113105,6.067549185752845,7.343233498187355,3.9382530722780342,4.526246523086231,6.667450807100212
safmnpp,ami,small,073,073_right,m4,5.437647804035041,40.77669285920497,5.829272347556768,5.898243448444571,7.306376114299667,3.9836335896247816,4.402461608839398,6.398495597666218
safmnpp,ami,small,073,073_right,m8,5.318149701374998,40.873198026813064,5.6625489930995885,5.576169581902117,6.940367049230553,3.9031166464597735,4.21300024275042,6.73470461759942
safmnpp,ami,small,073,073_right,rep8,9.951940825062302,38.151725758589194,33.580939476040605,10.971000344676185,7.101501737387181,3.969982122043881,4.564931598741349,6.569239359036726
safmnpp,ami,small,073,073_right,ref8,15.342084605806795,36.27195987481154,75.67773560057378,7.960558079772758,7.812732092837639,3.9080558004180754,4.359419070666661,6.49752383477208
safmnpp,ami,small,073,073_up,m0,5.3175932018777985,40.87365250312607,6.524470172735108,4.77612300034444,4.520930454482411,6.495147538371342,4.1127757818133945,6.8572311228465
safmnpp,ami,small,073,073_up,m2,5.1502559179739436,41.012515510495405,5.154497681915779,4.410299721082395,4.527755364652987,6.528706706856028,4.204130061813778,7.041109969973866
safmnpp,ami,small,073,073_up,m4,5.02704892642619,41.11767248790122,4.910946381580108,4.435927055572764,4.45013425298614,6.393009868163532,3.9736134734602064,7.083950652645797
safmnpp,ami,small,073,073_up,m8,4.998711541384125,41.14222285047444,4.827483389883603,4.3247761437654715,4.421259738085351,6.311867158289065,4.0804275151163365,6.935640487872212
safmnpp,ami,small,073,073_up,rep8,5.93439130090506,40.3970418150573,8.21163346113198,6.414425679444122,5.368004012516669,6.856902984051195,4.299839235011863,6.71783307991824
safmnpp,ami,small,073,073_up,ref8,5.97213019263863,40.36951094077443,11.062562145589624,5.148324668055962,4.721496787045486,6.4230824589828766,4.019621843879376,6.854120985605655
safmnpp,ami,small,073,073_zoom,m0,3.621019961865172,42.542494418769145,3.8330751359003483,4.463999231488055,3.2368208621322627,2.9242644277416243,3.3669499699004235,4.009107565052143
safmnpp,ami,small,073,073_zoom,m2,3.456425848413011,42.744531165800204,3.291429512697572,3.7987522509923957,2.981295232900266,2.7955110998266943,3.479755514764559,4.014099539031562
safmnpp,ami,small,073,073_zoom,m4,3.3460175969892374,42.88552140244156,3.0809728050944605,3.7042732236622458,2.9466796059770584,2.852735379392104,3.30844828121756,3.9320632059742042
safmnpp,ami,small,073,073_zoom,m8,3.3640951213711596,42.862120936877666,3.0909813451557087,4.0075635779529035,3.0406546578246645,2.8125704301147167,3.2081051146497495,3.959107361724517
safmnpp,ami,small,073,073_zoom,rep8,5.258318545839576,40.922334689967826,10.275243559184068,9.065772510298522,4.550396924111159,3.126646859980437,3.3834284180927825,3.922533024939205
safmnpp,ami,small,073,073_zoom,ref8,5.464395106806601,40.75538267101067,16.692213512994623,5.105285561870423,3.474618346160882,2.8968801840506053,3.32030603989737,3.9365051040575136
safmnpp,ami,small,074,074_back,m0,4.424047329920354,41.67260596320526,8.354842160213172,3.7362308285121943,2.9309573219968286,2.214249820830056,3.74426633276012,5.493374746183138
safmnpp,ami,small,074,074_back,m2,4.091111980184851,42.01238993882178,6.222033062253998,3.4667329515892016,2.853761735609051,2.1989183892470114,3.769719879457784,5.472983984780493
safmnpp,ami,small,074,074_back,m4,4.014734525226249,42.094235280754184,6.1669044691727155,3.3085487017332658,2.7777270900418123,2.1366010544463663,3.7574027977280613,5.309338559997837
safmnpp,ami,small,074,074_back,m8,3.946808768025487,42.168342765304814,6.099751355886446,3.1409728885677586,2.741495819956478,2.1399947329236784,3.6636413418965303,5.2968683488160195
safmnpp,ami,small,074,074_back,rep8,6.797300028543585,39.80743921037578,21.00432925525496,7.370452739485213,3.427095980733853,2.4326522701548243,3.902757530276212,5.715001386370444
safmnpp,ami,small,074,074_back,ref8,9.217657569492165,38.48459790561976,40.45813710832489,5.518175869733999,3.303465311354257,2.3302329567861357,3.909554298004433,5.7695485484478315
safmnpp,ami,small,074,074_down,m0,4.812690235132715,41.30692451299816,6.816102707316174,3.9835830371733607,3.5913218053382696,4.428681571943221,4.504549702250661,5.4842409869944255
safmnpp,ami,small,074,074_down,m2,4.579629664548784,41.52250001018135,6.130470490233561,4.011482043194703,3.190607854420685,3.9471528998785987,4.425936187545925,5.386586990605595
safmnpp,ami,small,074,074_down,m4,4.555231828242535,41.54569876559013,6.1494521616917925,4.029060970687468,3.390454316759928,3.926790591187775,4.167390302668622,5.588450277955473
safmnpp,ami,small,074,074_down,m8,4.520070664903445,41.579351364242854,6.091548133114493,3.9929496332065986,3.128829196221884,4.143595165049152,4.189105183314899,5.46122862899738
safmnpp,ami,small,074,074_down,rep8,5.233324729735226,40.94302677158897,8.936466594863829,4.871700654321683,3.7426119549535017,4.725953971418194,4.430331550413476,5.434909541089843
safmnpp,ami,small,074,074_down,ref8,5.909173560717399,40.415536148627105,14.93910557294511,4.595052550957795,3.2667934604700104,3.918763039502203,4.439870447532981,5.588279546289226
safmnpp,ami,small,074,074_front,m0,4.927592417303815,41.2044558261989,9.130469567563413,4.789100901222551,2.934723155386209,2.609200642004758,4.061712855775525,6.139634382230752
safmnpp,ami,small,074,074_front,m2,4.539435339924742,41.56078526514374,6.985977302653007,4.209647128848316,2.812593645657079,2.501270499455608,3.993599975818746,6.3025450744677505
safmnpp,ami,small,074,074_front,m4,4.451870043123463,41.64537882738514,6.765559792163404,4.2395490301935554,2.7352154309588563,2.42612252850523,3.8966826300960453,6.236757083747777
safmnpp,ami,small,074,074_front,m8,4.497385780401167,41.60120218438181,6.725656252758204,4.276016058389257,2.734327625878208,2.493849679418057,4.012229177816538,6.240326848519138
safmnpp,ami,small,074,074_front,rep8,5.926203108485141,40.403038289141044,14.781387709055318,6.524225196584874,3.098383581906988,2.429276488417447,4.010413225378015,6.247870420265461
safmnpp,ami,small,074,074_front,ref8,7.105288406955506,39.61498650031975,24.272674710692737,5.336987268264988,2.924605117117936,2.420616622447409,4.123361878141378,6.312488275731928
safmnpp,ami,small,074,074_left,m0,4.02770282086151,42.08022941692698,6.056979168760658,3.720441838024768,2.9986547029822668,2.270037351119358,3.0609950403605537,6.25745204447466
safmnpp,ami,small,074,074_left,m2,3.7992568403105165,42.33381706808018,4.888588946345002,3.5910936677945307,2.654049759259029,2.1302435576559065,3.0658354701115647,6.271114030688738
safmnpp,ami,small,074,074_left,m4,3.710879350525232,42.4360352623158,4.790580739899051,3.5987963985583558,2.628522861500144,2.1439794197540505,2.9559481474534706,6.057162513611892
safmnpp,ami,small,074,074_left,m8,3.657697108412661,42.49872621890276,4.727262449462046,3.5041517841133207,2.4923358347904956,2.0863354489600705,3.03407709892972,5.851839791805135
safmnpp,ami,small,074,074_left,rep8,4.588055830622095,41.5145166681227,9.414040599688889,4.8947906775528995,2.8821280987438715,2.2341707221772773,2.9906682330211924,6.2060395815569125
safmnpp,ami,small,074,074_left,ref8,5.311859894870794,40.87833749268292,15.942873852895685,3.971632913802235,2.635056024094849,2.1153738194267073,2.9991610791606123,6.11761035903108
safmnpp,ami,small,074,074_right,m0,5.734549765581365,40.54581034881597,6.339724314958756,4.543888058405143,3.6803006277279766,4.83177254276826,6.431545892294836,6.72842917107771
safmnpp,ami,small,074,074_right,m2,5.575581445074302,40.66790196731568,5.03384288049246,4.326020584324012,3.5079843663777743,4.556885117811611,6.672135791734587,6.829059659057513
safmnpp,ami,small,074,074_right,m4,5.26430074678754,40.917396685334225,4.890535077618943,4.271333994397126,3.3820344684284875,3.947061269974046,6.177494834489174,6.607051733056276
safmnpp,ami,small,074,074_right,m8,5.369713119972892,40.831292769822916,4.740505512491735,4.2197791941718785,3.493258182250665,4.733500548479963,6.198461519006939,6.76395753731071
safmnpp,ami,small,074,074_right,rep8,10.31641437514848,37.99551582924871,32.29718507469229,10.004472370101393,4.209660116690094,5.06032095433597,6.9865052560342455,7.018605766944084
safmnpp,ami,small,074,074_right,ref8,16.693693975476236,35.905279130049614,82.13180453425814,7.250836097889026,3.6218708399772006,4.76576855602302,6.947152079748371,7.0311987688322395
safmnpp,ami,small,074,074_up,m0,5.122968742843222,41.03558654777266,8.650215405261136,6.2374277918908865,4.954801587842325,2.785331024607974,3.380868883963305,6.405968467901285
safmnpp,ami,small,074,074_up,m2,4.851915838413965,41.27167101902849,7.099316211747637,6.104357907527865,4.7026039795187256,2.738967895880582,3.4332962483597402,6.269798261264057
safmnpp,ami,small,074,074_up,m4,4.738789265387281,41.37412964874648,6.996524968085377,5.945271876547363,4.677470468620512,2.7329207962626794,3.322426284384636,6.05346405943213
safmnpp,ami,small,074,074_up,m8,4.732959939539285,41.37947532315965,6.941162434406591,5.937177312424058,4.6717439924284525,2.719648081720174,3.301375974096434,6.121027486803332
safmnpp,ami,small,074,074_up,rep8,6.8029494109865505,39.8038311945476,18.069186943813175,9.663129242212621,5.312926463294043,2.829722974947211,3.3407386302576074,5.935797713654062
safmnpp,ami,small,074,074_up,ref8,8.380038074271871,38.898343690385154,31.712511309207546,7.624813186417688,4.8757488005846294,2.7141415669510836,3.2524787754401583,6.262074034164022
safmnpp,ami,small,074,074_zoom,m0,2.840196062331198,43.59732039887945,2.9340337562103005,2.151857390054317,2.233794796171424,2.5200271519700554,2.723781065101676,4.084165958941513
safmnpp,ami,small,074,074_zoom,m2,2.63745233548216,43.918957411400314,2.02026210505113,1.8237232119661633,2.129623054133686,2.4422684136711608,2.680645718212523,4.081426854093978
safmnpp,ami,small,074,074_zoom,m4,2.612397324651541,43.960411305386714,1.964045934901368,1.8009577682031046,2.0744810672093057,2.306565755552256,2.671449953598394,4.136674361070321
safmnpp,ami,small,074,074_zoom,m8,2.648040806171329,43.901556875932656,1.942387031170059,1.8913820432795456,2.1196204472798614,2.3222664794804757,2.7420044147154554,4.117236138249532
safmnpp,ami,small,074,074_zoom,rep8,3.452795507781767,42.7490950289836,6.048836471001837,3.31254731651093,2.4473861365988143,2.437506938970193,2.7700530104586365,4.1152946534233825
safmnpp,ami,small,074,074_zoom,ref8,3.9570367609271213,42.157102759813014,10.815580408107,2.6074308908741193,2.2356884524030427,2.3720936588416155,2.69996077677377,4.087948012961241
safmnpp,ami,small,075,075_back,m0,7.886903993667959,39.1617380662411,16.585200027541013,6.771460391888143,5.457071258294225,4.903644704163752,6.651504270254491,7.703684991112613
safmnpp,ami,small,075,075_back,m2,7.213793543457387,39.5491665208161,12.13028226407316,6.152144692436452,5.442172388751892,4.96352104024595,6.661989509590055,7.755148072231413
safmnpp,ami,small,075,075_back,m4,7.264647246350955,39.51865830008499,12.480185073737873,6.156263598892816,5.385995425955161,5.017284839201105,6.68406428653728,7.731096512495494
safmnpp,ami,small,075,075_back,m8,7.187065253653212,39.56528772895417,12.33154488302768,6.201509042459408,5.161980054731112,4.876764520026148,6.541129966902257,7.879601150362782
safmnpp,ami,small,075,075_back,rep8,10.255075501389353,38.021414987265615,28.744208189722176,10.982693205856068,6.075098754049975,4.999382402421165,6.7334318241178694,7.999594517457469
safmnpp,ami,small,075,075_back,ref8,11.18050607722063,37.64618898858649,38.5387325598188,8.422371131978805,5.663477342873322,5.031919460869082,6.626263593237234,7.931818609400592
safmnpp,ami,small,075,075_down,m0,6.244873150796738,40.17556739689944,6.6742847236278084,6.560092300495824,4.659263271402467,4.967983901733053,7.171340811766265,5.770628087115891
safmnpp,ami,small,075,075_down,m2,5.900641452228621,40.42181134984965,5.446379391040533,5.9522583717859145,4.429201678704225,4.723594411667093,7.059404357498283,5.728169499544704
safmnpp,ami,small,075,075_down,m4,5.783004181269432,40.509268545574706,5.2490351046359836,6.107748888913777,4.2717205152235636,4.662250132737398,6.888203347873372,5.568604888789466
safmnpp,ami,small,075,075_down,m8,5.829533155560726,40.474465841675524,5.291752410947926,6.106418705372888,4.273408557702569,4.66658286726103,6.899186145332187,5.775486765026611
safmnpp,ami,small,075,075_down,rep8,8.510930050267666,38.83103339722341,16.932097065859335,11.865583403077586,5.19558827035332,5.333918990528468,7.298233780963642,5.980711404024772
safmnpp,ami,small,075,075_down,ref8,9.118292125756316,38.53166859142381,26.65713967002,7.593873386702987,4.291244311001118,4.9656448762961025,7.239562827315064,5.882406995541256
safmnpp,ami,small,075,075_front,m0,8.059764957958636,39.06757983944951,13.890099514399322,7.594071260579251,6.631320559570626,6.056558152870401,7.974533362065502,6.1988658564450585
safmnpp,ami,small,075,075_front,m2,7.887840139954849,39.161222605370625,11.276111009641,8.59656768642883,6.704083013014703,6.165091900743257,7.998771124882518,6.37308527258266
safmnpp,ami,small,075,075_front,m4,7.560252576309229,39.3454405601948,10.999485365389813,7.993052967094006,6.429996753278364,5.8233053539752095,7.654264568062445,6.210109102703948
safmnpp,ami,small,075,075_front,m8,7.48613158069469,39.388229046046796,10.695965705882116,7.514377655538244,6.262253347375736,5.917513709695661,7.728180943445578,6.286508265233383
safmnpp,ami,small,075,075_front,rep8,11.233704827157172,37.625573525456076,30.418374887513277,13.420357205268747,6.927973859392121,6.24647827690066,8.228637900027957,6.327520239821583
safmnpp,ami,small,075,075_front,ref8,12.410634312329524,37.1928638184263,44.25865344829676,9.941681441371607,6.681751619930433,6.084702496733053,7.596154268661809,6.202205600327519
safmnpp,ami,small,075,075_left,m0,4.7312860735427895,41.38101152746436,6.9653845417801525,5.265410324541522,4.741234496727487,3.5321725260620465,3.276618381592872,6.0817624986573655
safmnpp,ami,small,075,075_left,m2,4.64229505236334,41.46347621227746,5.954881537221331,4.92252140589591,4.69875765554498,3.6993071267956696,3.421816286310712,6.262986197081048
safmnpp,ami,small,075,075_left,m4,4.556830662131897,41.5441747094426,5.4917476995131,4.947616353676636,4.915144605718171,3.8387729322738093,3.3053613336707777,6.111262459890965
safmnpp,ami,small,075,075_left,m8,4.5469004175917735,41.553649181129835,5.456410515307634,4.919341248108032,4.868122360333673,3.8572802986649695,3.310105923551897,6.11397256358702
safmnpp,ami,small,075,075_left,rep8,6.007429736961027,40.34391660880705,12.4669491284168,8.305418307768498,5.455755665740967,3.773282059793075,3.3399024589881434,6.0954585066103775
safmnpp,ami,small,075,075_left,ref8,6.848863646167733,39.77461840928478,21.013569677540087,6.626168293722385,4.781091061368671,3.478252729914477,3.2859229645320776,6.161037502532379
safmnpp,ami,small,075,075_right,m0,8.306592374683207,38.93657461799006,16.72970669777373,8.95929903755107,8.048509770331604,6.05561944937372,5.939853617424372,7.302038154509564
safmnpp,ami,small,075,075_right,m2,6.90885452114824,39.736743129702006,8.249316725321926,7.655724059250896,7.656089580347824,6.023297656270544,5.862182637393395,7.346930854323696
safmnpp,ami,small,075,075_right,m4,6.916586106608021,39.73188572899849,8.432434562732174,7.762601905511128,7.639442687304462,5.990250749749822,5.865118207254318,7.1968769268097
safmnpp,ami,small,075,075_right,m8,6.8344338662828745,39.78377815472835,8.29512642845349,7.492490948467609,7.548894286754975,5.873584021085247,5.810164283644603,7.268686706417302
safmnpp,ami,small,075,075_right,rep8,12.532469580016622,37.15043701741762,38.929895120290716,16.34351936848133,9.135928725633471,6.434774908257117,6.051019986856331,7.482181413101269
safmnpp,ami,small,075,075_right,ref8,14.029604567487182,36.66034930508009,54.779455721026395,11.948451685046997,9.075111032939555,6.393137498467874,5.908960299820184,7.147051045078033
safmnpp,ami,small,075,075_up,m0,8.05464774929299,39.07033808525259,12.970387186879476,13.774137574840715,9.662029369942514,7.23107905064692,5.1377867488882485,5.041882771112013
safmnpp,ami,small,075,075_up,m2,7.315865557942586,39.488146449246784,8.794394888921001,12.606198487221352,9.482322911743083,7.147411413237554,5.1959457589337275,5.00803454672752
safmnpp,ami,small,075,075_up,m4,7.240576853541476,39.53307193243956,8.518678704506689,12.566811566931145,9.737597065822342,7.157797575461819,5.024215818704711,4.97213949289576
safmnpp,ami,small,075,075_up,m8,7.297005885236596,39.499356643446184,8.524297749177736,12.63114745531292,9.82495209327801,7.128753459955174,5.022541092765652,5.203744697427854
safmnpp,ami,small,075,075_up,rep8,10.82857302654063,37.78509131161405,25.70568174097387,20.349500379176785,10.755388119900433,7.591489547729628,5.196497987812214,5.046634741931409
safmnpp,ami,small,075,075_up,ref8,11.459231357505045,37.53924873113456,36.33875465734537,14.866798474162312,10.080644729151983,7.337009766833319,5.129215905585499,5.0423593402040074
safmnpp,ami,small,075,075_zoom,m0,4.643695303640639,41.46216645126263,6.1570117732868885,5.1121830513197875,4.02635298491746,5.909261281103926,4.177082276852006,3.647859397447257
safmnpp,ami,small,075,075_zoom,m2,4.33717524145138,41.75873390907806,4.492558280658214,4.6913843383984055,4.1387087669406,5.671152430958734,4.162407403450317,3.607723813250133
safmnpp,ami,small,075,075_zoom,m4,4.188604272986168,41.910110294340484,4.217499234071769,4.6064116169356355,4.191736173858132,5.431998270076776,4.059152480007347,3.346960898334955
safmnpp,ami,small,075,075_zoom,m8,4.179109497270008,41.919966105816286,4.105269097119069,4.503364386582712,4.152219536088974,5.500876849168666,4.073775537378384,3.411500905083922
safmnpp,ami,small,075,075_zoom,rep8,6.4320960927212365,40.04727836908167,13.571532834893414,9.651294856952108,5.223257717013679,6.030908512089888,4.195941238927495,3.82913445933295
safmnpp,ami,small,075,075_zoom,ref8,6.7253437313963165,39.85365874894765,20.351712249911486,6.383154607096836,4.3887149651912125,5.679817589364188,4.034744899210703,3.653121087385562
safmnpp,ami,small,076,076_back,m0,4.871261729492131,41.25438896329914,6.072583758103913,5.408073829096521,7.011948392749242,5.183937070303947,3.878469583183963,3.8062727612165994
safmnpp,ami,small,076,076_back,m2,4.675322571036737,41.432687807420635,4.127522435093921,5.113072210731968,7.7944328923861015,5.449253890366762,3.8681886895218676,3.757458137139201
safmnpp,ami,small,076,076_back,m4,4.516681383143255,41.58260905334898,3.9952323553610043,4.740139046637028,7.234946347832053,5.18054674864403,3.879508835804561,3.7465427596029173
safmnpp,ami,small,076,076_back,m8,4.405048226244689,41.691296934598434,3.8451737394622776,4.690005457875381,7.001440496565382,5.0347144891000495,3.756449526652757,3.744110362612637
safmnpp,ami,small,076,076_back,rep8,7.129236540755712,39.60037336470432,18.182758943973674,9.036407794351545,7.812977075768635,5.544485657886028,3.9129715970458467,3.7424499538529057
safmnpp,ami,small,076,076_back,ref8,8.734412466749609,38.71846664030967,32.5906706168156,7.286896439662547,7.115581558414701,4.971634645475091,3.885964210233277,3.76184923934971
safmnpp,ami,small,076,076_down,m0,6.082200538157089,40.290196255630455,9.79708930202538,8.21277260333336,6.295188378186995,6.660058772999961,4.858533924347808,3.470338908403619
safmnpp,ami,small,076,076_down,m2,5.633563534620194,40.622971642686984,6.860423155559039,7.798837783278712,6.379910212845388,6.804417095304833,4.836117060418596,3.4087319174488773
safmnpp,ami,small,076,076_down,m4,5.676121157554055,40.59028703910593,7.2727646788400575,8.016785972047012,6.052142516796063,6.65818831642065,4.8798835680328985,3.3969784408246224
safmnpp,ami,small,076,076_down,m8,5.618764822766703,40.63439506084302,7.308772735379773,7.7772341296884155,6.081467757552624,6.4460011899925265,4.818838889708746,3.442388972793937
safmnpp,ami,small,076,076_down,rep8,6.719390531675157,39.85750477804268,13.083718629233118,8.045923175810488,7.443610733976805,6.982465931004246,4.947864856100938,3.513939609992551
safmnpp,ami,small,076,076_down,ref8,7.69113999820242,39.27089644182886,21.1879219047048,8.20194896036823,6.4721037611117715,6.962316213938444,4.823070128792616,3.500273822243307
safmnpp,ami,small,076,076_front,m0,5.398544949730339,40.808036390921544,7.793038228427304,6.998629066240018,5.42206231749982,4.735769336389392,4.541974726812316,4.387862255082901
safmnpp,ami,small,076,076_front,m2,5.023918347895284,41.120377885278394,5.351008356758835,6.729783059206566,5.35351100383236,4.521100077657381,4.509977618016806,4.5958279337899475
safmnpp,ami,small,076,076_front,m4,5.071207259847238,41.07969000375537,5.660885888394015,6.998351706382005,5.250267306645221,4.496117519470844,4.55219473674432,4.433169135594844
safmnpp,ami,small,076,076_front,m8,4.976089147058316,41.16192208693046,5.383551751633634,6.782040085853657,5.218887586472121,4.432711073438286,4.5318176226787354,4.3642541858008945
safmnpp,ami,small,076,076_front,rep8,7.529747505485299,39.36299947590581,17.036796842846716,11.281160079785154,7.565258185677355,5.175621399125806,4.5731793802320695,4.425609787557609
safmnpp,ami,small,076,076_front,ref8,9.291558697080163,38.44991786082179,32.992497079968324,8.939775618134734,6.625831836509966,4.8642316165019475,4.613020801195457,4.431539327032332
safmnpp,ami,small,076,076_left,m0,5.7687380785879085,40.519995399902456,7.648419716778454,8.076714065471121,3.371668367265445,3.0254485412691676,6.749201801155543,4.062406084972726
safmnpp,ami,small,076,076_left,m2,5.088005464705151,41.06532791779043,4.812778928700259,6.3654984325079855,3.0723710986150157,2.990727153862357,6.620239383061236,4.110643437531658
safmnpp,ami,small,076,076_left,m4,5.041922630841432,41.104841837988914,4.811395582912057,6.209596804377329,3.1119351204792025,2.9975087081537026,6.563276687349349,4.040254840157391
safmnpp,ami,small,076,076_left,m8,5.004199409473643,41.137457535498584,4.719155601608996,6.002068807920216,3.023388522073693,2.970542585719073,6.582869332115943,4.086615491171482
safmnpp,ami,small,076,076_left,rep8,8.939179110292804,38.61782721740756,13.215832195719305,23.108679083548296,6.965485169913766,3.4556628800508182,6.786395639802534,4.112568052825415
safmnpp,ami,small,076,076_left,ref8,7.459773777049123,39.40354703484912,16.188050100630793,11.654226114718607,4.014199683632767,2.869050696353902,6.782921411004224,4.022777917844879
safmnpp,ami,small,076,076_right,m0,6.7261499194706635,39.853138177713596,10.09089888819536,10.189446584147175,8.512385359054027,6.2072365933220945,4.377104405706799,5.171229173785382
safmnpp,ami,small,076,076_right,m2,6.2175905483549485,40.19458242138715,7.813479476320673,9.317715857421232,8.04782310743782,5.811337897645386,4.380980306998811,5.234627361995926
safmnpp,ami,small,076,076_right,m4,6.225843513567236,40.18882160365991,7.966112976921652,9.044548540422877,7.735891380317902,5.987298663010576,4.4464522936839455,5.3367203244040144
safmnpp,ami,small,076,076_right,m8,6.294083349620691,40.141478710926386,8.319929613408226,9.659579252959476,8.053152587631736,5.661393263343425,4.326372239949816,5.2185079821372184
safmnpp,ami,small,076,076_right,rep8,8.893497249760447,38.640077857691765,23.42602383505237,11.704852487046264,9.730479674819781,5.9283120359779,4.414493982127615,5.274406642627654
safmnpp,ami,small,076,076_right,ref8,11.831210509670209,37.40051179149975,43.92745972938595,12.233961183506704,9.859359848576807,6.134718393874647,4.427138125402218,5.357812422786248
safmnpp,ami,small,076,076_up,m0,5.639493742148223,40.61840241788788,6.68376912654203,6.413361441477992,7.700366942231203,5.4054891640818665,4.452985489355537,5.278644691030731
safmnpp,ami,small,076,076_up,m2,5.508820555663429,40.720217349738846,5.264306831102709,6.277543882800687,7.713136833632316,5.751917168852038,4.4657916006256055,5.4958714046440065
safmnpp,ami,small,076,076_up,m4,5.480179026246375,40.742856146388455,5.381064685206298,6.140311122766835,7.588919264045917,5.6258586738263805,4.452469275020737,5.526882142051495
safmnpp,ami,small,076,076_up,m8,5.3921199675654625,40.81320814753093,5.10231514395151,6.113818230469126,7.558575518548513,5.4871063806300135,4.440011361002507,5.392373610925544
safmnpp,ami,small,076,076_up,rep8,9.274134525274494,38.45806969635852,25.038302875496317,13.022616653456378,8.652044145998053,6.028580436645763,4.572329288705922,5.585186358613094
safmnpp,ami,small,076,076_up,ref8,10.771690723651272,37.80796485395042,42.48397092588158,7.847704989427152,7.382431059584505,5.6984454088195005,4.4709662266991925,5.479542892651866
safmnpp,ami,small,076,076_zoom,m0,4.047175644761071,42.05928307972464,4.827889101744314,4.7890363560681735,4.5721184032150175,5.183413891349579,3.268840523630484,3.3300246814144794
safmnpp,ami,small,076,076_zoom,m2,3.781846010664553,42.35376519616473,3.208399831526893,4.70044272174516,4.470722155599948,5.0667826858593505,3.2566125269675807,3.3120465963983796
safmnpp,ami,small,076,076_zoom,m4,3.7356901302672965,42.40709515873091,3.1571235606587513,4.6003535070421036,4.387820126710278,5.088372372294353,3.2548570926903446,3.2080549488478582
safmnpp,ami,small,076,076_zoom,m8,3.716173965590218,42.42984324403296,3.0414312332562248,4.550328586015853,4.394270472661296,5.04160851982345,3.2363472186546542,3.2828161545642893
safmnpp,ami,small,076,076_zoom,rep8,7.017359044640219,39.669066630027956,18.814160056989152,11.550823386467178,5.6937218145211554,5.470480229082652,3.3250925090152093,3.3699215628167045
safmnpp,ami,small,076,076_zoom,ref8,7.801506753584219,39.209018720785316,30.38827791243443,6.717277561873671,4.734374049806174,5.112644602146704,3.2312561093757326,3.3377168248382225
safmnpp,ami,small,077,077_back,m0,4.547399074907145,41.553172917684094,7.97086844798883,4.304903546393563,3.6114003595428734,4.183146508222418,3.652713904807907,4.596395144285491
safmnpp,ami,small,077,077_back,m2,4.029636287710952,42.07814512088717,5.148335973804838,3.515483693130572,3.5830757891251257,4.213133688259576,3.6113621284523205,4.506512071934233
safmnpp,ami,small,077,077_back,m4,4.010761906043893,42.098534794797416,4.924119941068028,3.5227703236029404,3.534918810463433,4.184681759763783,3.63133492206547,4.580450477860979
safmnpp,ami,small,077,077_back,m8,3.990829193821441,42.12017220347291,4.872940853490947,3.521575305193222,3.5158693593595913,4.197844706691767,3.6002171209803073,4.571601147452603
safmnpp,ami,small,077,077_back,rep8,5.905031323033619,40.418581552122674,15.548762714642312,5.959286618629556,3.9139971534343463,4.342475211988147,3.8469973611948527,4.534815969363647
safmnpp,ami,small,077,077_back,ref8,7.946997870751843,39.12877264212015,32.084936871152756,4.538731728306411,3.6325734716007063,4.2690709311379385,3.7809824424679106,4.627616067051736
safmnpp,ami,small,077,077_down,m0,6.301944788271784,40.13605766894089,7.028062594882754,6.157080734979955,5.715965005106781,5.437021094070659,6.253662700000255,6.852227701364261
safmnpp,ami,small,077,077_down,m2,6.226310280018297,40.18849601485417,6.615851948865081,6.1091763103928525,5.712462468283953,5.571884872102566,6.248610413552024,6.7082995538524255
safmnpp,ami,small,077,077_down,m4,6.307185030697215,40.13244789010144,6.58506559450406,6.012093807878543,5.720091711426797,5.570077932082119,6.428150748892257,6.9175362251820225
safmnpp,ami,small,077,077_down,m8,6.204908121253202,40.2034500577098,6.549811395215952,5.990945343546463,5.73599215263192,5.54135742414458,6.240257379430276,6.742521720605358
safmnpp,ami,small,077,077_down,rep8,7.641393030145374,39.29907822952255,14.104949295386104,8.578745266933307,6.003325217718427,5.9661263602541075,6.321413922078828,6.546319141288509
safmnpp,ami,small,077,077_down,ref8,8.686903948166089,38.74215341359306,23.43019031192427,7.161643258242363,5.808168824240826,5.556126514951339,6.296710114796428,6.668700807245412
safmnpp,ami,small,077,077_front,m0,5.578120302166754,40.665924844976175,5.952729606085332,4.774626508954535,4.857698623895888,4.852161988352271,5.721626087587491,6.519914410155828
safmnpp,ami,small,077,077_front,m2,5.4613889320004745,40.757772550141084,5.129791060390356,4.935283854697646,4.877070830137328,4.879194597563403,5.762973629649622,6.274934009143416
safmnpp,ami,small,077,077_front,m4,5.463293785676289,40.756258057738876,5.106987018883079,4.923064015416887,4.900384771042028,4.8654954121527005,5.723257173051533,6.380139166903473
safmnpp,ami,small,077,077_front,m8,5.384615325930799,40.819256778936776,5.015590942303896,4.875493447201141,4.955759063297831,4.872329713213764,5.503342129994084,6.414039289685997
safmnpp,ami,small,077,077_front,rep8,7.2702686467645785,39.51529901913712,14.9671508492732,6.992343117483366,6.173180532309149,5.289899904129441,5.733982790569154,6.328019407799644
safmnpp,ami,small,077,077_front,ref8,8.257020025528064,38.96257022988023,24.50782886249235,5.64151370685354,5.182610371913118,4.80876311325564,5.751304970034507,6.396370702773932
safmnpp,ami,small,077,077_left,m0,4.058186855350378,42.04748321034232,5.442266649514181,3.7691866966735454,3.6450210251527366,4.59592114132068,3.687451828336747,3.8375084486652358
safmnpp,ami,small,077,077_left,m2,3.8063229523651962,42.32574727079853,3.674648922736345,3.313484269992931,3.580220091754254,4.992455951798423,3.708846225981803,3.8746740254898935
safmnpp,ami,small,077,077_left,m4,3.6391231142528753,42.520836125264594,3.5860185079234124,3.3118363038701943,3.447542692410792,4.457238859873389,3.568729525102789,3.677526831751188
safmnpp,ami,small,077,077_left,m8,3.6085077885896477,42.55752713853529,3.381910274504063,3.2016465455452336,3.390495193267013,4.415854176316649,3.585280782669385,3.774431146197374
safmnpp,ami,small,077,077_left,rep8,4.668845468906705,41.43870861131094,7.905465464951492,4.997039264012512,4.096582015454152,5.227342195953819,3.6792868916516763,3.8238171238834204
safmnpp,ami,small,077,077_left,ref8,5.084765664486281,41.068094179583255,13.02778211551362,4.115210162072635,3.540505087799256,4.442081856547559,3.601385256009598,3.83129754852917
safmnpp,ami,small,077,077_right,m0,4.614618103040254,41.489445953987286,4.794599445599666,4.221237288074263,4.248834848227905,3.2626809147629974,4.717215470176443,5.63498529442324
safmnpp,ami,small,077,077_right,m2,4.415174014899256,41.681325358034265,3.767897462317876,3.7301332617494847,4.043754599698674,3.1117176403928144,4.820675782274066,5.69158482258374
safmnpp,ami,small,077,077_right,m4,4.411636188992766,41.68480670251978,3.5737164847520697,3.6447782347132858,4.0885182602031085,3.1040901953579176,4.813049074046661,5.873436869472197
safmnpp,ami,small,077,077_right,m8,4.349056447491656,41.74685316349263,3.6150651787227353,3.745146417406841,4.131001907654178,3.0212130481088804,4.716181677191187,5.619466570566307
safmnpp,ami,small,077,077_right,rep8,5.136563222304408,41.024077229628745,8.434467687856678,4.30616246369053,4.206854126112224,3.1506270509101753,4.758791361054598,5.718263092659133
safmnpp,ami,small,077,077_right,ref8,6.323300828139829,40.12136517202198,17.053051982443304,4.527883671691592,4.078477724272455,3.0534277876535496,4.7635899593623074,5.715554000571594
safmnpp,ami,small,077,077_up,m0,6.243412648007009,40.176583210143136,8.290097159596208,6.01149125951873,5.27691128383218,5.032343229205921,6.116022209832969,6.444104301502908
safmnpp,ami,small,077,077_up,m2,5.660007583465763,40.602633477971075,4.979450811994795,5.39315781075825,5.389149784733907,5.034180678652386,6.105868435646466,6.10289438398669
safmnpp,ami,small,077,077_up,m4,5.686321038491524,40.58248985409823,5.057374136309319,5.490570487516967,5.4350160602652835,5.0869411889022675,6.1037685357325575,6.062189759114945
safmnpp,ami,small,077,077_up,m8,5.692215656419236,40.577990153764894,5.0507399544287574,5.4473643031036225,5.403958103629345,5.060384653193909,6.055513393005928,6.260039881195875
safmnpp,ami,small,077,077_up,rep8,6.3467512004970335,40.105288870330924,8.029856947328767,7.171560059430065,5.505641576353987,4.976848987216499,6.140867944923925,6.228766472914505
safmnpp,ami,small,077,077_up,ref8,6.394359296045472,40.0728332544367,9.125362358294462,6.16564732898373,5.485576320639687,4.990141797088608,6.14836361139534,6.364073416701931
safmnpp,ami,small,077,077_zoom,m0,4.128771020020216,41.9725956312259,5.404122391344769,4.495247076338502,3.8164556399092593,3.331413236566627,4.098864758918366,3.624127971470347
safmnpp,ami,small,077,077_zoom,m2,3.7136014913080833,42.43285063352055,3.497868157099527,3.9425890646118082,3.5443657887788347,3.2240569772585714,4.00568067503174,3.5762989393226743
safmnpp,ami,small,077,077_zoom,m4,3.703538437559397,42.444635044863944,3.517307137529119,3.853020061589035,3.5103326130657972,3.2808166189210435,4.002809489345073,3.562270172352219
safmnpp,ami,small,077,077_zoom,m8,3.7108225011584484,42.436101795212934,3.4471943099413,3.890923697299541,3.481275173574917,3.2878820133913957,4.017348154047743,3.6182958470145485
safmnpp,ami,small,077,077_zoom,rep8,6.866987268770122,39.76314118644523,15.152050090315743,13.49076081111617,5.073128671965107,3.7885391741210865,4.202161163150092,3.7499530599780724
safmnpp,ami,small,077,077_zoom,ref8,6.659449283154035,39.89642045087472,21.279798549476645,6.5168534166498375,4.132771093781266,3.542051809383452,4.178646253239045,3.6665420629927783
safmnpp,ami,small,078,078_back,m0,5.545970240027912,40.691028260671665,10.568494658564244,5.717253193362637,4.070903835003062,4.2052398209886155,5.399987279327102,3.5943164556222365
safmnpp,ami,small,078,078_back,m2,5.196033075644081,40.97408453931895,8.343157184714453,5.178540823222649,3.9870990857295254,4.3386641718339085,5.4694495927124445,3.574353408702722
safmnpp,ami,small,078,078_back,m4,5.115960775040591,41.04153154859716,8.296054838937454,5.159124278128242,3.8333788701453453,4.106903727622579,5.409421187018336,3.5287671049518203
safmnpp,ami,small,078,078_back,m8,5.182202785379392,40.98565957457752,8.651505628140834,5.280361458057208,3.7490469030064144,4.048395948915045,5.452065420099577,3.5515424334696983
safmnpp,ami,small,078,078_back,rep8,8.42807153044936,38.873521479864735,21.20922437764219,13.556672371466265,6.026644341356058,4.813390916114343,5.73649021360294,3.677206364097342
safmnpp,ami,small,078,078_back,ref8,8.481941691530006,38.84585078258698,29.836348104966085,7.921776629785399,3.9429804725933515,4.137826407826456,5.489262453448439,3.6110724058259445
safmnpp,ami,small,078,078_down,m0,5.047211925131855,41.1002882035395,8.741855993426684,5.327578178616248,3.743353513615736,3.765728792145819,3.8421108423188155,5.899782700979549
safmnpp,ami,small,078,078_down,m2,4.533657956652619,41.56631609334538,5.719091460365872,4.8477016723227475,3.526264990047487,3.5280364010876046,3.860286629855103,5.942910204757903
safmnpp,ami,small,078,078_down,m4,4.557662635941602,41.54338185870734,5.716251418894432,4.97092361486234,3.4421367067618207,3.4838045061905274,3.824295837295471,6.143250749501512
safmnpp,ami,small,078,078_down,m8,4.394736093200192,41.701475603450646,5.692185685434765,4.903605149576789,3.4081410101839134,3.4078382696160348,3.6661961102426273,5.6550574516445575
safmnpp,ami,small,078,078_down,rep8,8.591840274113997,38.78994166152525,18.97886595902805,20.40929634155651,5.55693469907881,3.829731395432525,3.8808538876613703,5.81019100965614
safmnpp,ami,small,078,078_down,ref8,7.862464413087726,39.17521668104201,25.549842549619143,9.323287959802036,3.952100418203756,3.430532842438855,3.8221272065484744,5.997635536385163
safmnpp,ami,small,078,078_front,m0,5.3919525328729785,40.813343005606164,7.154565722733253,6.768539470553383,7.241904096926722,5.875762520140764,4.319736223349182,3.523164257724613
safmnpp,ami,small,078,078_front,m2,4.954792245839174,41.18054911608112,5.466177247548657,6.120363291567241,6.679089545870099,5.66731379816363,4.214613477033889,3.5284011261192814
safmnpp,ami,small,078,078_front,m4,4.684221964541998,41.424428946871,5.310067236292093,5.659976876720538,6.0585922975588415,5.428256531857698,3.9396343497584194,3.528250131383362
safmnpp,ami,small,078,078_front,m8,4.625025398937713,41.47966238800814,5.220893371893226,5.723537938679465,5.865569648627272,5.035758840671298,3.993129617234727,3.48375001474535
safmnpp,ami,small,078,078_front,rep8,7.283767784288718,39.507242693806155,11.346907761645294,17.18585607339499,8.163668050962462,5.8045113762496054,3.9683936483716344,3.551802810297181
safmnpp,ami,small,078,078_front,ref8,6.741147443242936,39.84346534680533,16.362106251614474,8.30491346143582,7.255708686648103,5.570813544983287,4.07547843177501,3.5361087096981927
safmnpp,ami,small,078,078_left,m0,5.413316576048282,40.79616935068074,6.534855343839128,6.815809669496191,6.648879315890014,3.8208407356942042,5.558985481115186,3.402415777694095
safmnpp,ami,small,078,078_left,m2,5.148616310875684,41.013898326604696,5.039862906153762,6.455315805121691,6.744022092257606,3.8078797745664925,5.531527806411943,3.3219327506253586
safmnpp,ami,small,078,078_left,m4,5.058481864880917,41.09060163520453,5.045995279492785,6.887669240731053,6.5889822082342135,3.707300781330804,5.195839849397422,3.293048122360508
safmnpp,ami,small,078,078_left,m8,5.043384630254363,41.10358270276261,4.991454288593209,6.856654770123687,6.464450305631307,3.6389772903409083,5.224589602377017,3.3427866606604417
safmnpp,ami,small,078,078_left,rep8,7.1234141933116755,39.60392163590595,11.211511357136832,11.881204753731954,9.711693633608258,4.185824620410312,5.595913302275659,3.4625544563430513
safmnpp,ami,small,078,078_left,ref8,6.838217880491829,39.78137426620287,16.25816931863924,8.055556138068356,6.669373843356314,3.830574488828249,5.36211670876145,3.3711583310584854
safmnpp,ami,small,078,078_right,m0,5.71488105696864,40.56073164953712,6.620234370175715,6.042826599985444,8.022965135650049,6.128751818585644,3.943720941554358,6.327748732413314
safmnpp,ami,small,078,078_right,m2,5.3647764102118956,40.83528734441928,4.159862165460408,6.022723732934937,8.152108579082775,5.926242229600996,3.9373194631868578,6.3217158763364445
safmnpp,ami,small,078,078_right,m4,5.201220594867814,40.96975087346454,4.129110909021487,5.693341289876146,7.678839394722373,5.724281225670419,3.7972908310018703,6.36013648381776
safmnpp,ami,small,078,078_right,m8,5.1584075904602065,41.005647060256294,3.9208413881172772,5.365192006512676,7.7363305248568155,5.708366351145802,3.8608420251322695,6.367870760736194
safmnpp,ami,small,078,078_right,rep8,9.517958413400372,38.34536557954047,27.82674270750734,12.168993495420295,8.156339727099281,6.344599740349465,3.982663457980708,6.665734076716226
safmnpp,ami,small,078,078_right,ref8,14.167779345979817,36.61778576489506,65.05960342425313,8.052315818927172,9.153088638648713,6.150201018440944,3.9325931981834863,6.577860894415069
safmnpp,ami,small,078,078_up,m0,5.393116845163247,40.8124053122319,6.54992125727277,5.545912934420414,6.512935950137504,8.508485166883162,3.648951728970843,5.027179190832973
safmnpp,ami,small,078,078_up,m2,4.6170467559114945,41.48716088280914,4.305030019909323,5.014979308559105,5.637104088932019,7.039183529681306,3.3132297435511653,4.874863257697521
safmnpp,ami,small,078,078_up,m4,5.007471059034173,41.13461912924879,4.416527037402064,5.15335580007619,6.8786734578641315,7.630851609985944,3.5504351780276493,5.2632666022061825
safmnpp,ami,small,078,078_up,m8,4.526727397634538,41.57296019071521,4.350366204643707,4.886625875982665,5.6399592734557915,6.478485026016832,3.242018964406199,4.895746663803946
safmnpp,ami,small,078,078_up,rep8,7.772618563014928,39.22513005402547,15.992867971023076,13.7146535768656,7.803788772633539,8.40068412769867,3.380846593248747,4.978592804844531
safmnpp,ami,small,078,078_up,ref8,8.199878288723761,38.992729546949185,24.68796841567914,7.258091013843407,7.35867436356284,8.867816679761718,3.608013576344615,4.882128167472306
safmnpp,ami,small,078,078_zoom,m0,3.251303253898575,43.01022882189201,5.4710751950318235,3.083131156000964,2.7861585393780643,3.1325989781148746,2.965666822565324,2.5684450522319535
safmnpp,ami,small,078,078_zoom,m2,3.082552210580104,43.24169919695905,4.156697544045895,3.162478552457828,2.782119882855031,3.0949879728318646,2.982204789155239,2.571614975215962
safmnpp,ami,small,078,078_zoom,m4,3.0185958447546897,43.33275390985773,3.876472970148604,2.9844260376133716,2.643852730051992,3.0624504916386828,3.0456290814226286,2.548002175383626
safmnpp,ami,small,078,078_zoom,m8,2.938939069787426,43.44889778514046,3.771560648495428,2.9381681625030773,2.6055338149969356,2.9231494090875656,2.9194710965243367,2.5605935202826435
safmnpp,ami,small,078,078_zoom,rep8,4.843670831822651,41.27905739357354,11.541871471894849,6.955773947609207,4.5518304205973354,3.363635260740307,3.0178447341315775,2.6563605024820975
safmnpp,ami,small,078,078_zoom,ref8,5.504658249376558,40.72349999416109,19.65735977250834,4.660181308494725,3.208967019567653,3.5023530407410943,2.9768063048131554,2.63582475356942
safmnpp,ami,small,079,079_back,m0,9.333997134867241,38.43012697628345,8.26280332980907,12.376398266287763,11.754297700948944,10.906554613689053,8.34061350964679,7.271708399301831
safmnpp,ami,small,079,079_back,m2,9.018565301863827,38.579429065900335,6.647940308006519,11.82877261218392,11.427775184218028,10.764096772830195,8.309002215929548,7.500222803681936
safmnpp,ami,small,079,079_back,m4,8.975212983308356,38.60035597614427,6.54611996910861,11.920903072388954,11.432516469602348,10.727608005349264,8.261082347250118,7.376867738238957
safmnpp,ami,small,079,079_back,m8,8.838162857325546,38.667183609955416,6.4588036653135035,11.645047601038309,10.682457478537344,10.540473331514825,8.337944771116328,7.336606817347353
safmnpp,ami,small,079,079_back,rep8,12.018976330532714,37.332128809659835,18.516788676900944,19.695214134497427,13.401722706275768,11.25964014023366,8.585557248456327,7.448727779103469
safmnpp,ami,small,079,079_back,ref8,12.082913347424487,37.30908699913603,27.28743296867461,13.674093291217474,11.988653838785234,11.10594552496579,8.115719093915155,7.261455058714676
safmnpp,ami,small,079,079_down,m0,8.103430454410027,39.044114516152874,7.664743531788107,8.252902912563382,8.51796385436725,9.209858300124743,8.092564607727457,7.404697490275134
safmnpp,ami,small,079,079_down,m2,7.786532014956758,39.21736287292787,6.862843841625834,7.697484935922195,8.193926996135112,8.651351113026402,7.86153305309132,7.627502087434582
safmnpp,ami,small,079,079_down,m4,7.836463307821108,39.1896025640356,6.935900534646407,7.908946052991665,8.21118316402078,8.945353986502143,8.020085292801497,7.210242191599324
safmnpp,ami,small,079,079_down,m8,7.82491141001181,39.19600931500647,6.836415696923811,7.871929573176571,8.319867976883378,9.233791614524415,7.964193093047146,7.105742831500205
safmnpp,ami,small,079,079_down,rep8,10.024042146421483,38.1203747687226,16.97788906506441,10.97579582589092,9.241755301379575,10.027737400441765,8.28149361191609,7.738863803385897
safmnpp,ami,small,079,079_down,ref8,10.976290693185636,37.72624760612496,27.233986509560594,9.864873131857117,8.32865531713839,9.061563326271134,8.043827503632455,7.608405185488755
safmnpp,ami,small,079,079_front,m0,10.367493446096704,37.974065913748916,11.20203860894054,20.008984227656626,13.877065837594252,13.911902339094643,5.366879133892001,7.69496609353668
safmnpp,ami,small,079,079_front,m2,10.196977398292752,38.04608904182391,9.619150819041183,19.86260062109063,14.228039865492718,13.629108499138095,5.464852730252517,7.819339465560479
safmnpp,ami,small,079,079_front,m4,10.026640759861696,38.11924905795326,9.741657857501313,19.189765014100427,13.661535239320031,13.225928583129031,5.458110823436321,7.881544279693025
safmnpp,ami,small,079,079_front,m8,9.742393569750162,38.24414690803766,9.41447716428309,18.431642170305015,13.272964631905905,13.071377805507826,5.3569663471688935,7.617362686299379
safmnpp,ami,small,079,079_front,rep8,12.895773799729618,37.026329541481175,22.24002297904782,24.630807402661862,15.754083862876476,14.673605292551708,5.670211025577803,7.809015010495301
safmnpp,ami,small,079,079_front,ref8,13.67854636628423,36.77040413969559,32.43169669159007,22.393132147488934,14.625879974432129,13.753373437409662,5.358998937849677,7.836312576099636
safmnpp,ami,small,079,079_left,m0,6.569744826292732,39.95531859296735,6.740470851355274,6.085165983258583,5.975860002332396,5.394157005350344,6.978953053677933,7.1283206482572785
safmnpp,ami,small,079,079_left,m2,6.46858854414717,40.02270833578016,6.086632902766312,6.027440876644014,6.08929843916198,5.375396794860902,6.967537974922368,7.062733461507594
safmnpp,ami,small,079,079_left,m4,6.509163184781743,39.99555201422835,6.121198080036531,6.109406995845503,5.9482842434257845,5.141635455417286,7.098042621534257,7.196929484353912
safmnpp,ami,small,079,079_left,m8,6.361587699205211,40.095148422396754,6.106356048647044,6.000650746676452,5.8768897049442215,5.152080364565211,6.818135989984638,7.020684266780744
safmnpp,ami,small,079,079_left,rep8,7.554903463810764,39.348514415511914,10.613812218634608,9.57185002796771,6.428439293292243,5.213883938673028,6.954170963997016,7.035384681301361
safmnpp,ami,small,079,079_left,ref8,7.572528129965215,39.33839465569392,14.048005068392238,6.808023540573842,5.714453131849858,5.1718722128371715,6.835589240695539,7.185968120246959
safmnpp,ami,small,079,079_right,m0,9.790500492376646,38.222754672750334,12.409711871043314,12.658073525666255,12.873217463562304,11.206690687472578,6.991469577849296,8.048775301240447
safmnpp,ami,small,079,079_right,m2,9.622391685371253,38.2979732971758,11.555463251197404,12.12644603806561,12.655584261317491,11.081184831559945,7.051578150053366,8.252775917303742
safmnpp,ami,small,079,079_right,m4,9.240820769222163,38.473698139212395,10.406205413490795,11.300935931676204,12.747411160880821,10.76012594806317,6.92214057674626,7.960087588408964
safmnpp,ami,small,079,079_right,m8,9.074437745875548,38.552606353061364,10.150806366324764,10.951855663509617,11.793283022397636,10.95447208088019,6.916322767699662,7.996315225827325
safmnpp,ami,small,079,079_right,rep8,13.17454432947763,36.93344757751122,25.847549892715797,20.6689031190432,15.965862162507031,11.629757563675195,7.14125840457638,8.38453431416817
safmnpp,ami,small,079,079_right,ref8,13.387106006841659,36.863936584713215,35.93723970517811,15.54584697025178,12.59435405131749,11.180226212795592,6.890231179549983,8.438047175045657
safmnpp,ami,small,079,079_up,m0,10.539370058563156,37.902657071323475,16.676153449157965,13.393892157864816,11.849498943326756,12.44795889541286,7.117415988404392,8.128628936543096
safmnpp,ami,small,079,079_up,m2,10.468149243986774,37.932104551368006,15.298066336283288,13.535278754251477,12.107677205526512,12.268434256528092,7.3506735065683495,8.191770436775819
safmnpp,ami,small,079,079_up,m4,10.296162642425992,38.004049666228774,14.943141331429265,13.489653945227987,11.683784057077387,12.406873181810413,7.086731119081009,8.222735436993341
safmnpp,ami,small,079,079_up,m8,10.259731558144187,38.01944363088395,15.29328203999853,13.687285422558634,11.684620766164038,12.001156654886556,6.881396597252601,8.236461287397573
safmnpp,ami,small,079,079_up,rep8,11.898845709215623,37.37575527747035,21.004792288686588,19.016891560404908,13.066651747203542,12.577485596233874,6.829092728506003,8.058570262161007
safmnpp,ami,small,079,079_up,ref8,11.733432929200534,37.43655265710126,25.847598025844743,14.92251654721569,11.90138671754857,11.909985202644009,6.55344655629198,8.017078363846117
safmnpp,ami,small,079,079_zoom,m0,6.895206802079166,39.74533064735306,15.06091951254101,9.380172540157703,7.507541160320071,5.559342106617648,3.5721059668731217,5.434506535784973
safmnpp,ami,small,079,079_zoom,m2,6.280973897820249,40.15053372280934,11.605157198187252,8.735170293873269,7.180653783608439,5.407316354490899,3.6303346748057432,5.3083454853663845
safmnpp,ami,small,079,079_zoom,m4,6.213655859181561,40.19733164507245,11.150895947913526,8.54511698707321,7.264070821913388,5.443702181143245,3.6009583968930636,5.3950930102154215
safmnpp,ami,small,079,079_zoom,m8,6.1137921947678455,40.26769687714244,10.969208422960795,8.440003932353108,7.036752311508887,5.163060689230792,3.578418085107431,5.412051367276707
safmnpp,ami,small,079,079_zoom,rep8,9.304306969388527,38.443963305885816,26.79952439750116,14.324238949793301,8.16879574550966,5.90015952270712,3.7034271326772386,5.488168708798899
safmnpp,ami,small,079,079_zoom,ref8,9.732723875434603,38.24845958572996,35.86188961177799,10.32108371732191,6.698175127244359,4.958398327885242,3.648485485874655,5.418239041713583
safmnpp,ami,small,080,080_back,m0,6.232293378702909,40.18432471762962,6.279960243449547,4.952744882763923,4.000365022727797,8.498723351740525,5.415169650188181,8.76570513862192
safmnpp,ami,small,080,080_back,m2,6.030997379395186,40.326912211076944,4.79439980113762,5.025613705624503,3.9767406849561175,8.560494121968487,5.495052157253588,8.554947800084161
safmnpp,ami,small,080,080_back,m4,5.973505771552534,40.36851073226956,4.722736308719182,4.966313638910619,3.9438629489621184,8.762057845931702,5.368607743689701,8.46530822734489
safmnpp,ami,small,080,080_back,m8,5.945385779391591,40.38900320849243,4.722170554811849,4.863895567343544,3.9590205930849014,8.806649094207595,5.150212472683633,8.755539340586912
safmnpp,ami,small,080,080_back,rep8,6.711171467588392,39.862820258698044,8.345081058588805,6.405495282255624,4.07729279248369,8.780127689835348,5.373460409233635,8.67946356625072
safmnpp,ami,small,080,080_back,ref8,6.576205726849525,39.95104969864204,9.171467849079106,5.6571704652342305,3.8898160759555225,8.254886323727,5.076357802331664,8.81952835843107
safmnpp,ami,small,080,080_down,m0,6.716817416588367,39.85916817846259,4.5378651977106275,3.914923604373586,3.730910970887219,4.905570772960837,8.578802019987533,10.015543224134227
safmnpp,ami,small,080,080_down,m2,6.62519783882741,39.91881509349151,4.414083364178123,3.9548519298584326,3.6786740447880635,4.851056172134417,8.424607223982676,9.923199184855344
safmnpp,ami,small,080,080_down,m4,6.541201708155743,39.974228193818206,4.454345636838467,3.8380246525690396,3.6046875847357094,4.690681399623997,8.22871645291688,10.01762827893797
safmnpp,ami,small,080,080_down,m8,6.562952557699037,39.95981096029544,4.349172483042513,3.7637150923782277,3.628877151562771,4.67747370979848,8.306923314104672,10.120573367538567
safmnpp,ami,small,080,080_down,rep8,8.940267590303394,38.617298430504064,16.628038871207444,7.619431852077455,4.715971475129217,5.109189292962997,8.467066303159443,9.96606342808169
safmnpp,ami,small,080,080_down,ref8,9.560053202275892,38.32620051709953,24.565250760874783,5.130891183469441,4.084163891066448,4.773805480395367,8.348241993009871,9.952681991961628
safmnpp,ami,small,080,080_front,m0,5.8139408707790015,40.48609750293664,5.845318907791723,4.0976211044090185,4.196129956351013,4.2000484845519415,6.427076836383255,7.935762472763478
safmnpp,ami,small,080,080_front,m2,5.415955405051022,40.79405281154632,4.046750702820762,3.7647996150651273,3.921624140626172,4.041016413854984,6.205549210354766,8.01840017154922
safmnpp,ami,small,080,080_front,m4,5.359826221520668,40.8392965182031,4.019362770529534,3.7481658138070597,3.8291560150777655,3.849924291709853,6.3553768610989,7.629065975616587
safmnpp,ami,small,080,080_front,m8,5.461917461388439,40.757352279229266,4.011012967330001,3.7206263911740574,3.8538447655692223,4.060460073518597,6.457738543185903,7.895497109437893
safmnpp,ami,small,080,080_front,rep8,6.355964101989163,40.098989251884596,8.354197088286426,5.541478979384729,4.446375902458549,4.44698389221463,6.533769425642905,7.493825462175603
safmnpp,ami,small,080,080_front,ref8,6.373557624065584,40.08698444198736,9.66718240096129,4.577220281429164,4.157400540804318,3.9678766814368682,6.58829400403095,7.6511674588968175
safmnpp,ami,small,080,080_left,m0,4.796398528987337,41.321650997544054,3.0932131199176665,3.264850684537862,3.997456264409422,4.381757239713353,4.717847945898509,8.161609578253314
safmnpp,ami,small,080,080_left,m2,4.723786834033187,41.38790069490341,2.7447769047907653,3.013835201491216,3.9884427907553874,4.425020096129089,4.693764234826036,8.227500236353265
safmnpp,ami,small,080,080_left,m4,4.687761075390915,41.4211489230403,2.6678490961391645,2.944372210419715,3.885270069590361,4.222114503270583,4.794013824593139,8.136774066735631
safmnpp,ami,small,080,080_left,m8,4.609790462773996,41.49399175809974,2.648645038372235,2.9261608241007613,3.830133664920252,4.233879206886794,4.661593697953039,8.00272472040141
safmnpp,ami,small,080,080_left,rep8,5.329282159459215,40.86411646246788,5.1804977779197054,5.897865830745773,4.053226582671659,4.395867744215358,4.629869831754688,7.776595395343378
safmnpp,ami,small,080,080_left,ref8,5.385499056057632,40.81854406762318,7.5539644212120765,4.0283730468044645,3.888763063039306,4.064746561701202,4.667731926954223,7.839794320045716
safmnpp,ami,small,080,080_right,m0,7.049077748415013,39.64948060184926,11.014671804066362,8.02600295635206,4.764387788757659,4.677243937009772,6.407957846082235,7.442754617212788
safmnpp,ami,small,080,080_right,m2,5.9038657171574345,40.419438899256825,5.739104343456345,5.47529185613613,4.231524972573529,4.374033461143539,6.349212406730707,7.550119924421915
safmnpp,ami,small,080,080_right,m4,5.851342436286053,40.45824845933118,5.6353181891754955,5.500614940204702,4.112381274038891,4.30854222982699,6.375174141350116,7.38533438931066
safmnpp,ami,small,080,080_right,m8,5.606800592215263,40.64365250326853,4.61493067288155,5.023771495448249,4.10133892874946,4.282467396891024,6.390630577126309,7.13171963398326
safmnpp,ami,small,080,080_right,rep8,7.85172663593029,39.18115189982438,14.817679735127053,9.661313049829237,4.973162843753604,4.682936785003637,6.749398883415841,7.064539451617165
safmnpp,ami,small,080,080_right,ref8,7.925130175453537,39.14073956348236,17.06513533806483,9.041134472052255,4.556087917814392,4.280134259504561,6.451537491940038,7.267212690688314
safmnpp,ami,small,080,080_up,m0,6.229274970476585,40.186428590955565,5.86196240353173,4.356062483176488,4.717363861734069,4.897423058422851,6.640949021018725,8.912081908876452
safmnpp,ami,small,080,080_up,m2,6.038247852243463,40.321694253089426,4.68631023569266,4.186802629948262,4.775768786004272,5.043241773879168,6.567407768377169,8.877097465014597
safmnpp,ami,small,080,080_up,m4,5.93925796828215,40.39348171848114,4.4698361592725835,4.069050922486442,4.606295687042965,4.789968215653115,6.557337228122869,8.856348898320116
safmnpp,ami,small,080,080_up,m8,5.8947633234820564,40.426139881406506,4.414294692992924,4.105517166562416,4.667727759040514,4.842698002223184,6.466563312918341,8.719358130877367
safmnpp,ami,small,080,080_up,rep8,7.470225506080519,39.39746648668552,12.862820302359198,6.4578317771542295,4.776839980982914,4.81690100721689,6.675136702824489,8.926059196498102
safmnpp,ami,small,080,080_up,ref8,9.144944314711182,38.518992955483434,26.42736828278917,5.744006742748701,4.65486532514814,4.822041678131586,6.380147237155411,9.016846003402776
safmnpp,ami,small,080,080_zoom,m0,4.7115712992498,41.399145932739685,4.135775252979486,3.478076064343141,5.332825541181063,4.3842685052948065,4.734607200928563,5.792606958962178
safmnpp,ami,small,080,080_zoom,m2,4.488810553323421,41.60949084132423,3.2875052766435977,3.064849389949925,4.929700479949355,4.241629775038633,4.775529484784181,5.767123596063895
safmnpp,ami,small,080,080_zoom,m4,4.438667165585669,41.658277802869875,3.2768581229893714,3.090025692922626,4.852148800961376,4.125013449972082,4.690498384313207,5.75665691844525
safmnpp,ami,small,080,080_zoom,m8,4.501789593608263,41.59695167953363,3.29300126394062,3.1895815023139296,5.232504385798458,4.330847286632294,4.679402519321604,5.671494604628989
safmnpp,ami,small,080,080_zoom,rep8,5.998391029257952,40.350455872880815,10.471708807133897,5.475121094008349,6.394369440367915,4.601435211548149,4.863230040178449,5.630963638045344
safmnpp,ami,small,080,080_zoom,ref8,7.076836616221441,39.63241191755876,20.66000535976975,4.436954337962883,5.666186836082844,4.416558168710386,4.601815553170733,5.6599301515377505
safmnpp,ami,small,081,081_back,m0,7.079037838407426,39.631061271705576,6.210400575380236,7.187024673460541,6.713987955628966,5.609225186836761,6.3155727267976225,10.260340304076438
safmnpp,ami,small,081,081_back,m2,6.899412416942317,39.74268254905377,5.378961628893043,6.683652207502662,6.594166428328017,5.712184873943555,6.204810846111942,10.478862528053213
safmnpp,ami,small,081,081_back,m4,6.907262424492504,39.7377440459479,5.445553645878568,6.579515989102675,6.484901263182851,5.629790314246029,6.336163266099729,10.421847151961623
safmnpp,ami,small,081,081_back,m8,6.718661844752071,39.85797577592419,5.335730922707226,6.342742936737589,6.44680453913477,5.554599388291032,6.024951686473259,10.268722888239559
safmnpp,ami,small,081,081_back,rep8,7.140841142050512,39.59330989170857,6.256911805602447,7.419396160386695,6.913261900049381,5.859197040658128,6.193844997182125,10.350880054092597
safmnpp,ami,small,081,081_back,ref8,7.097412983701744,39.619802842110275,7.190601149091386,7.259292520633317,6.530152734919171,5.411951289538869,6.0691586363646515,10.258456380094977
safmnpp,ami,small,081,081_down,m0,8.143120593613352,39.02289494446309,6.993436287143473,6.442150343159602,8.994774754572068,6.073340186887486,9.54250522156447,8.319612301314399
safmnpp,ami,small,081,081_down,m2,7.921703643977923,39.14261769731284,6.193821995546528,5.826071114944437,8.731014579999188,5.871152558494122,9.629784440185222,8.266323065783112
safmnpp,ami,small,081,081_down,m4,7.7586468807815985,39.23294374590473,6.001412366352416,5.864852113254009,8.801229456820215,5.749552819035665,9.2057715565978,8.292392434607061
safmnpp,ami,small,081,081_down,m8,7.8425824092862895,39.18621269939281,6.061232494190171,5.9122153711181635,8.856212361742811,6.004170829251044,9.37532172156994,8.174776944886101
safmnpp,ami,small,081,081_down,rep8,8.439076369825791,38.86785443796549,9.836654307189507,6.998278397614786,8.84253813026375,6.26439543118758,9.141112886437448,8.126575822637987
safmnpp,ami,small,081,081_down,ref8,9.280766020651683,38.45496537147726,15.898849077470958,6.6766857758001725,9.016060296352185,5.812329890618219,9.256470169850045,8.35605521158599
safmnpp,ami,small,081,081_front,m0,8.632056726977575,38.769660751462084,8.785500811299586,6.843790806850626,7.329330137859626,8.110601552811518,9.345882282621645,9.64305099778234
safmnpp,ami,small,081,081_front,m2,8.256323063830632,38.96293682629603,7.331344256291552,5.821610467923624,6.727738513450745,8.12740281728531,9.491066873991418,9.499701665132218
safmnpp,ami,small,081,081_front,m4,8.026392717846443,39.08559955654354,6.916755703311063,5.760815443042071,6.610216461462566,8.117829915318397,9.034619599120347,9.509504646571688
safmnpp,ami,small,081,081_front,m8,7.990438116372377,39.105097684992806,6.979426872490885,5.536116838912447,6.841520479086917,8.03523532324945,8.922204040581299,9.527912281372066
safmnpp,ami,small,081,081_front,rep8,9.064818672077267,38.55721239750656,12.26269262456168,6.690652884714448,7.777204865784672,8.463632649463078,9.091752813443032,9.467183728675387
safmnpp,ami,small,081,081_front,ref8,9.185459358987305,38.49979480891847,13.150328211437685,6.723925151169398,7.363161668622763,7.777289055302768,9.383950237461326,9.579933610327036
safmnpp,ami,small,081,081_left,m0,7.10876911311779,39.612859519325774,6.946657802253462,5.579139274686004,6.694195631091948,5.498617708442318,7.648621750717706,8.580230435843184
safmnpp,ami,small,081,081_left,m2,7.02087336352921,39.66689221192652,6.119870271144263,5.273614654788395,6.56395597745873,5.444813100163573,7.691020322749401,8.985488998162603
safmnpp,ami,small,081,081_left,m4,6.749904492357297,39.8378273303476,6.068049562039515,5.222329528363472,6.375428739740573,5.3271632697967135,7.382394470587661,8.307884868807486
safmnpp,ami,small,081,081_left,m8,6.805856708272567,39.80197559725756,6.044765529395469,5.239130534177286,6.371980902767085,5.335468516925331,7.464153895002703,8.473711829915837
safmnpp,ami,small,081,081_left,rep8,7.529838667532037,39.362946896540876,9.137136076921575,6.55335534149779,7.32627660155583,5.542767946975171,7.4999541611353475,8.391433969883094
safmnpp,ami,small,081,081_left,ref8,7.728348200522804,39.249936798933206,11.444230591568372,5.983631555226994,6.796865616598184,5.485730646015159,7.560277505604614,8.407234347639788
safmnpp,ami,small,081,081_right,m0,6.159131693929762,40.23560870637774,3.057283147024607,3.278076487371905,5.33612445225409,5.197662136944399,6.668102904826193,10.827288816062689
safmnpp,ami,small,081,081_right,m2,5.863143483386486,40.449498384585674,2.606553937716881,3.07325928190378,4.918476139725254,4.857933009121774,6.341990403845281,10.750547722491888
safmnpp,ami,small,081,081_right,m4,5.877061454066051,40.43920128887179,2.532288884726582,2.987883309252229,4.936934870679694,4.926989394242194,6.383150957379718,10.816583698475284
safmnpp,ami,small,081,081_right,m8,5.831840372757532,40.47274732762952,2.498750762804467,3.0475048052144325,4.972466858375142,4.914965701791738,6.313303930876406,10.658949233567196
safmnpp,ami,small,081,081_right,rep8,6.085103520307591,40.28812389983678,3.2564525772392483,3.2697782923644194,5.230307974025643,5.277855958147313,6.429495787360128,10.73111873283971
safmnpp,ami,small,081,081_right,ref8,6.01184430142743,40.34072636442481,3.6375529524436163,3.630511804383067,4.919648816965289,4.786278398095607,6.212570595961766,10.676304194948456
safmnpp,ami,small,081,081_up,m0,10.01689503181099,38.12347238091593,7.279069308712541,6.974897972606551,9.037973382912522,15.306799205660388,9.344294816447594,13.0336752034682
safmnpp,ami,small,081,081_up,m2,9.781678704365957,38.22666967278635,6.246720668923551,6.610139543890321,9.040699365020725,15.240900014689172,9.122038232497168,13.22542955350502
safmnpp,ami,small,081,081_up,m4,9.721398994552887,38.25351592660287,6.1475904583865235,6.83047197080408,9.155365902111717,14.764119628406734,9.115086893398097,13.029868571843341
safmnpp,ami,small,081,081_up,m8,9.503142108202198,38.35213137196542,6.162775889479039,6.6615676394101815,8.898189036784169,14.553153249379818,8.757332877498122,12.879387847336721
safmnpp,ami,small,081,081_up,rep8,10.697930190401571,37.83780601298658,9.470738635378071,10.004795989477223,10.08236868341317,14.636368680320958,9.157952920817888,13.065406203898139
safmnpp,ami,small,081,081_up,ref8,10.46074295787319,37.935178301563454,11.531841791502254,7.576835556785251,9.163825221902844,14.923389051447787,8.878349107178181,12.836893472833765
safmnpp,ami,small,081,081_zoom,m0,6.368430804403452,40.090479264827025,5.983414033936989,5.014762864475979,4.8400726452302285,5.96032821516377,7.879635260287915,6.059341520916294
safmnpp,ami,small,081,081_zoom,m2,6.125100528054237,40.259671399258785,4.6053322849655505,5.122368177480038,4.83953002946673,5.771925411884829,7.756359580842057,6.022947218433895
safmnpp,ami,small,081,081_zoom,m4,5.982047664755007,40.3623049171497,4.39366075782416,5.262918669972136,4.727788259398878,5.395858309344723,7.5189590083821916,6.028175649181203
safmnpp,ami,small,081,081_zoom,m8,6.065132495898306,40.30240068178264,4.379962386585361,5.1975413145674745,4.761299501780564,5.673851152371029,7.732896537127804,5.960531395570093
safmnpp,ami,small,081,081_zoom,rep8,8.02312716138177,39.08736685323926,13.018527682953609,10.144498925671497,5.512170141091946,5.953130438040853,7.7651300099667,6.032011111968893
safmnpp,ami,small,081,081_zoom,ref8,8.585652728011302,38.79307042687513,21.490565061181645,6.2992884509947284,4.877611292711306,5.792358669488636,7.684033980903469,6.08186007278054
safmnpp,ami,small,082,082_back,m0,6.139213255782172,40.249676412845126,8.732159077539468,5.41609003355137,4.563138275667079,5.402679933286411,6.654129790146167,5.172933507163111
safmnpp,ami,small,082,082_back,m2,5.686169500364403,40.58260559334143,6.2126490012092175,4.593758221501947,4.362882524845641,5.416726671354103,6.716243705867851,5.166804247675834
safmnpp,ami,small,082,082_back,m4,5.562128334645434,40.67839355774261,5.508972248138592,4.496960883252678,4.527408114343552,5.364691968620243,6.621784161069548,5.181656481905518
safmnpp,ami,small,082,082_back,m8,5.619394771312928,40.63390817831479,5.720348251870752,4.569605710278978,4.423284813787845,5.5131218877903825,6.646560244033019,5.221206115879472
safmnpp,ami,small,082,082_back,rep8,8.804808250555372,38.683604584445106,22.691986425701,10.638068493916023,5.125666931271084,5.419519898595963,6.670769618576639,5.232158449139515
safmnpp,ami,small,082,082_back,ref8,7.7898187232290095,39.215530095390385,20.859668220102492,6.414036260056393,4.524775472808895,5.230129204597163,6.306317427685319,5.1611202134230245
safmnpp,ami,small,082,082_down,m0,6.921066353749522,39.72907347932727,10.987241092259561,7.596727916279196,6.257976291860491,5.092797949430442,7.128045894687594,4.438882028541606
safmnpp,ami,small,082,082_down,m2,6.438785884600188,40.0427637756531,7.93094130691547,6.598034025187734,6.005237380143363,5.019485938626925,7.329119093170319,4.63784980836415
safmnpp,ami,small,082,082_down,m4,6.413962846072388,40.05953920989938,8.181649663917526,6.568823556982634,5.9883954726676905,5.078424562332691,7.162200598695996,4.613787363912677
safmnpp,ami,small,082,082_down,m8,6.3645196329813105,40.093147303516396,8.145189282407701,6.713355695972435,5.907311609684526,4.97808306340388,7.0554138062368015,4.574667007613117
safmnpp,ami,small,082,082_down,rep8,8.962208135820664,38.606653352399185,20.113226345753755,11.82791932237074,7.557987446188363,5.14539475406594,7.245084617828114,4.731613398177443
safmnpp,ami,small,082,082_down,ref8,8.718031363750328,38.72661933777528,23.17019224868913,8.53072996675306,6.187927059371304,5.024653089005682,7.08602220083754,4.6392196962834005
safmnpp,ami,small,082,082_front,m0,7.626968532506571,39.30728406296025,10.894034181786177,8.380331531994276,7.672438213425424,5.703588222795987,7.646310655757301,5.65037280817384
safmnpp,ami,small,082,082_front,m2,7.374733947556653,39.45334003633606,9.051802490237657,7.917207589847864,7.350391214434381,5.45840362118345,7.75218166124774,6.1529232350430725
safmnpp,ami,small,082,082_front,m4,7.415006753097023,39.42968809976681,8.790043692013947,7.7680338534721,7.4957313105307435,5.5432731003230185,8.034627774537356,6.010195159353974
safmnpp,ami,small,082,082_front,m8,7.23217406138721,39.538114908300436,8.767103264047128,7.610026892244141,7.598589569507098,5.533559290078838,7.633619163611306,5.800926687662498
safmnpp,ami,small,082,082_front,rep8,9.21803403152282,38.48442053729953,16.252071367795274,14.08888550962445,7.509826093440292,5.822124141899479,7.870437147695018,5.988823263181528
safmnpp,ami,small,082,082_front,ref8,8.975479932992496,38.60022680589406,20.312525902071258,9.137602227803765,7.331889636257027,5.506647286371599,7.568773555936798,5.9133702715424965
safmnpp,ami,small,082,082_left,m0,6.50933291508361,39.995438770835335,6.8890101688271566,6.562772779428569,5.9048467627900605,5.559701139925387,7.041709493603067,6.153154020400687
safmnpp,ami,small,082,082_left,m2,6.0360243047124635,40.32329381026575,5.0175771624982985,6.1196783831542785,5.430988337757711,5.301587350132312,6.791038152094792,6.1937756527177035
safmnpp,ami,small,082,082_left,m4,6.132913208944985,40.25413542135574,5.15421834735263,6.069743270653697,5.405521225581926,5.3424906672270165,6.97026257700975,6.3260471258967685
safmnpp,ami,small,082,082_left,m8,5.9421074265499705,40.39139861778567,5.165354623373934,6.031592669143766,5.3361560826273235,5.123835078353746,6.599393939767613,6.144101959804162
safmnpp,ami,small,082,082_left,rep8,7.516979737981873,39.370369812609695,10.045788614255821,9.72755631853249,6.663201410594451,5.410167931579702,7.1612303623131535,6.482253557804991
safmnpp,ami,small,082,082_left,ref8,7.323918420531338,39.48336862719191,12.354463557798516,7.489966451737174,5.968103889075834,5.250780703525675,6.923615616361661,6.218269991580281
safmnpp,ami,small,082,082_right,m0,6.553143121078664,39.966307077880195,9.39763566222828,6.8462076003705565,6.022568897657334,4.705192642537255,6.369536913801521,5.958933298053392
safmnpp,ami,small,082,082_right,m2,6.134346950923241,40.25312025378882,7.201864759779721,5.97440944821325,6.049345358905081,4.834103693199609,6.3578386561633025,5.848675571604068
safmnpp,ami,small,082,082_right,m4,6.135834497499893,40.25206724039094,6.970766516086952,6.059743844789059,6.042344890799274,5.068745809562065,6.167958391104086,6.195154980288951
safmnpp,ami,small,082,082_right,m8,6.080706984241563,40.29126284637121,6.837698281427491,5.903900661281522,6.01160893107474,4.9524377674179165,6.249943562644512,6.035523561754854
safmnpp,ami,small,082,082_right,rep8,10.455734382629712,37.93725818967903,26.097891380468592,17.317024801192936,6.771635812414036,4.9313371223406515,6.638500860128421,6.376652108171134
safmnpp,ami,small,082,082_right,ref8,9.254898700743116,38.4670869131211,25.46889780965204,9.893866627174772,6.171823204662091,4.90632416159307,6.496708754372645,6.105293894736579
safmnpp,ami,small,082,082_up,m0,5.1866588148164,40.98192680392352,6.9492093894560965,5.303094084924807,3.7740031032616073,5.296447641526227,5.2332819951884035,4.518305301251743
safmnpp,ami,small,082,082_up,m2,4.9795916754918705,41.15886628620467,5.445018095208153,5.287905954878642,3.8131282163620956,5.136968756327561,5.180774289717395,4.696377743749701
safmnpp,ami,small,082,082_up,m4,4.919834319773009,41.21129883145243,5.331375360425881,5.189187005576505,3.6360520054504577,4.9312137032496475,5.222177017076666,4.683023395368427
safmnpp,ami,small,082,082_up,m8,4.830931018892776,41.29049524649887,5.122889622195609,5.097182667638573,3.6191160299074574,4.967994457268403,5.1349699538060385,4.561379151043109
safmnpp,ami,small,082,082_up,rep8,9.012719307468132,38.58224515277518,29.92455739122405,9.390127981293915,4.554770859229112,5.386736445665204,5.303653516829363,4.669240630140391
safmnpp,ami,small,082,082_up,ref8,14.15205877824089,36.6226073719203,69.69274847565273,7.274080318330946,3.8769547676376894,5.609093991747404,5.2535669721876275,4.800205800437634
safmnpp,ami,small,082,082_zoom,m0,4.536640855442766,41.56345961296214,6.808739442897306,4.225400300267917,4.389628274331116,5.174195864385715,3.8129996361931027,4.069507206685289
safmnpp,ami,small,082,082_zoom,m2,4.379954364223689,41.71610775356751,5.661962893238846,4.287442189431394,4.369639929355535,5.071031203450181,3.8107760542011304,4.1093171083226405
safmnpp,ami,small,082,082_zoom,m4,4.263951937630022,41.83268060097919,5.432649067286982,4.244476837928533,4.291067693277915,4.744489400865641,3.7213221386283832,4.08225907560842
safmnpp,ami,small,082,082_zoom,m8,4.258207054955496,41.83853585719965,5.372419199721948,4.173459107206381,4.165243630144264,4.9358914020977505,3.7017762442985753,4.151675618039576
safmnpp,ami,small,082,082_zoom,rep8,10.118094033024182,38.07981649638636,41.94789521733834,8.859644961424587,4.887766185862618,5.821346999907693,3.832330011358449,4.2562467895381575
safmnpp,ami,small,082,082_zoom,ref8,19.397617786083877,35.25331963199757,111.13411024253351,7.404699681387659,4.451366520850543,5.7101285697464785,3.8798167182914587,4.348710777095527
safmnpp,ami,small,083,083_back,m0,5.655450616307266,40.60613146411215,10.435658946969847,5.787168727454501,4.307562420552462,3.6918808535013956,4.250291451165115,6.59512202078311
safmnpp,ami,small,083,083_back,m2,4.836804278981475,41.28521846826175,6.061204825965537,4.571966249303301,4.0514946509489445,3.61705249682752,4.1695292855653365,6.605116592552142
safmnpp,ami,small,083,083_back,m4,4.616146252385209,41.4880080084206,5.58095208531165,4.3260757258039995,4.011611046588361,3.640652322838845,4.080662881768712,6.085864334614028
safmnpp,ami,small,083,083_back,m8,4.6396096977675505,41.465989133378976,5.58061094402921,4.21437446700035,3.9605433071996647,3.552203914266967,4.088684704114306,6.372706955647646
safmnpp,ami,small,083,083_back,rep8,5.751961415229058,40.53264396777039,10.672125812422992,5.624620981637776,4.340958553249622,4.05219569333684,4.371103119931845,6.604837159709303
safmnpp,ami,small,083,083_back,ref8,6.183763173839631,40.21827512277195,14.43606607694173,5.97434972435354,4.256621048514454,3.617871439263133,4.217873086438147,6.4827027158276245
safmnpp,ami,small,083,083_down,m0,7.9492988818094945,39.12751534750912,16.04320021591271,9.800717462468226,6.688477160212659,7.8807482340092205,4.82714013084915,7.09675749800996
safmnpp,ami,small,083,083_down,m2,7.424671507686018,39.42403117094848,11.49364523980382,9.612061813841828,6.336056988480663,7.879785103484588,5.138152227019769,7.446731173778114
safmnpp,ami,small,083,083_down,m4,7.421953266642697,39.42562145441928,11.70689641339942,9.918054021752312,6.525555635921371,7.535428013553496,5.126660181371044,7.1502866211345975
safmnpp,ami,small,083,083_down,m8,7.22238763560279,39.5439956696189,11.518562017922097,9.722258037497669,6.3528641092684905,7.304328754456393,4.832757169915658,7.11881037254061
safmnpp,ami,small,083,083_down,rep8,9.392797461004776,38.40285403219543,20.00751371590792,13.557759158304414,8.751183602257333,8.486179775862889,5.024615397609436,7.361676425639898
safmnpp,ami,small,083,083_down,ref8,10.231101907594741,38.03157950360386,30.305478858934823,11.529408383483913,7.081243620430093,7.571445274961565,4.997070701599837,7.291786457786248
safmnpp,ami,small,083,083_front,m0,6.893986116830974,39.74609956381095,13.709727042193293,7.8427230401975505,7.314954346911134,5.930365590497308,4.515614762181137,5.708368346162353
safmnpp,ami,small,083,083_front,m2,6.1039784049919,40.27467372390524,9.089422411636571,7.3034691881796485,7.1689198731255415,5.958733502170199,4.3195975982013906,5.664964375538916
safmnpp,ami,small,083,083_front,m4,6.0368518332258585,40.32269844083855,8.87923604442737,7.2813448870695545,7.375025361595481,5.933043485288319,4.274059981255118,5.428348710842164
safmnpp,ami,small,083,083_front,m8,6.0345311326923365,40.32436828670646,8.891807413579617,7.254889352380972,7.303203723759192,5.975364658036628,4.224479345026364,5.5401975838411905
safmnpp,ami,small,083,083_front,rep8,7.921754087614365,39.14259004249996,16.866142061363075,10.119994002497755,8.680119532748433,6.319473910283896,4.725383415813083,5.888573472297914
safmnpp,ami,small,083,083_front,ref8,8.079063354073472,39.05719347090415,21.623944748791708,8.54121406238405,7.376339788718101,5.878418872210404,4.523781091146097,5.739233925751034
safmnpp,ami,small,083,083_left,m0,6.476686957196361,40.01727454403444,10.307607045566764,7.383083623280375,6.6843550080517415,5.399210271717717,4.8639806144532045,6.408698328695811
safmnpp,ami,small,083,083_left,m2,6.069888536709516,40.298996448068955,7.81692290298744,7.201261665391934,6.679448733320089,5.392860987290913,4.915963977827193,6.0809820859047585
safmnpp,ami,small,083,083_left,m4,6.127574360676213,40.25791770566741,7.761604220205448,7.222435400187399,6.724104563879759,5.470279260071169,4.8797563451743775,6.426912396688471
safmnpp,ami,small,083,083_left,m8,6.094045670505089,40.281746562431486,7.7399453465205585,7.174921598871105,6.703627759890698,5.442703628023062,4.897501005574114,6.285063085469168
safmnpp,ami,small,083,083_left,rep8,6.9773235377135805,39.69391499235203,12.400508636758603,8.381266249693404,7.0763112591639645,5.396297345228845,5.003799738767141,6.3732900922546
safmnpp,ami,small,083,083_left,ref8,7.5887259361111346,39.32911492134751,17.590457232281263,7.887635959820086,6.748917797921173,5.300638790437245,4.9802725088315105,6.47894839908899
safmnpp,ami,small,083,083_right,m0,6.697994405557977,39.87135580404629,6.329801080386259,7.237574933427267,4.652774395652031,4.084902139053553,7.904323808928447,7.276417462553945
safmnpp,ami,small,083,083_right,m2,6.310838075348744,40.12993323758369,5.276214674887619,6.134753319822082,4.555242519618834,4.132783924868274,7.70735387282312,7.106284444138613
safmnpp,ami,small,083,083_right,m4,6.280291966192381,40.151005266277195,4.992838183037258,5.992418965590313,4.5716003090340225,4.167400899957729,7.758581047382103,7.127568345416247
safmnpp,ami,small,083,083_right,m8,6.245268706354366,40.17529231980586,4.92978841374521,6.114957619374083,4.639150691137181,4.210014138868746,7.680543310999898,6.965971378258363
safmnpp,ami,small,083,083_right,rep8,8.70449482431754,38.733367894786134,19.23561796764366,8.849867963154777,4.961879871372187,4.177089512593681,7.856772306323241,7.271707527909939
safmnpp,ami,small,083,083_right,ref8,11.238612574276354,37.62367660713808,38.84775285723299,8.327642007689393,4.655042342872871,4.15041516296693,7.760573074331523,7.157557613365652
safmnpp,ami,small,083,083_up,m0,7.448484782866523,39.41012426021332,15.04095673288371,6.666586973730787,5.915799638349104,5.452867415238773,6.257501982212687,6.598901017248115
safmnpp,ami,small,083,083_up,m2,6.45347232022397,40.0328690921804,8.310293971225052,6.1476932926206915,5.900770006241172,5.461847321373662,6.122103467046164,6.830498320669515
safmnpp,ami,small,083,083_up,m4,6.372089243101487,40.08798511266262,8.214984914062885,6.0303132605687715,5.7133719051401215,5.374119404309234,6.187040682839309,6.584115671469868
safmnpp,ami,small,083,083_up,m8,6.483110539511235,40.012969343150615,8.178409975022939,6.107088329878394,5.893354037384481,5.559946229503086,6.307792809481254,6.724598588660851
safmnpp,ami,small,083,083_up,rep8,10.36594277531814,37.974715538593,25.990136017641188,14.49683260926928,7.718045059872047,5.682259861556896,6.662961398574382,6.852408231547421
safmnpp,ami,small,083,083_up,ref8,11.485064175424267,37.529469346102864,39.4347587805086,10.28677137345139,6.663783019064304,5.673745692357856,6.483959446427239,6.823926393780699
safmnpp,ami,small,083,083_zoom,m0,4.571435437221211,41.53027770299282,7.205718965450598,5.603813941828668,4.515493497766454,3.4282276900553446,3.761691351627856,4.04237973985162
safmnpp,ami,small,083,083_zoom,m2,4.4070398837272595,41.68933379973538,5.953714212840073,5.665783988072264,4.175354057338974,3.3372352167367905,3.875497713713648,4.107228832057983
safmnpp,ami,small,083,083_zoom,m4,4.283741733691853,41.81257081484374,5.8657939756053805,5.517908136064845,4.123960413220786,3.310134799604732,3.680562305447855,4.0027560705401175
safmnpp,ami,small,083,083_zoom,m8,4.219866271841267,41.87781672541697,5.711717535642068,5.526611618578818,4.1675146952642015,3.2208557505496045,3.5449829865947806,4.035964002436504
safmnpp,ami,small,083,083_zoom,rep8,6.226200578814339,40.18857253376361,13.035728409707735,9.41829674090165,6.534731590869917,3.8062807874978386,4.017189393295689,4.070227585914673
safmnpp,ami,small,083,083_zoom,ref8,6.327308266860943,40.118613670385514,18.22027773036,6.397429440672825,4.932247159570178,3.540233961278017,3.9829107407863393,4.0881370883552
safmnpp,ami,small,084,084_back,m0,8.927257385546405,38.6236230458502,13.55500306896642,11.065521318200773,8.432152173518327,7.584993026418979,6.789927140538272,8.971120059581288
safmnpp,ami,small,084,084_back,m2,8.289090484170185,38.945734804232764,9.181346411211612,10.423024693479837,8.7476626370326,7.631550006112477,6.862709022373963,8.844330563378627
safmnpp,ami,small,084,084_back,m4,8.22761599924275,38.9780634684153,9.344270241599883,10.313368008467942,8.289779108712603,7.322124266544415,6.811168321637237,9.040156958781836
safmnpp,ami,small,084,084_back,m8,8.187122097396301,38.999490936455594,9.090291366842253,10.068548997650966,8.570332752160285,7.525117728603334,6.807779606279894,8.880357954171773
safmnpp,ami,small,084,084_back,rep8,10.752328794774234,37.815778246919336,21.428291906628456,15.032216737796363,9.282884443763423,7.439056382845431,7.116734060731063,9.229413398972449
safmnpp,ami,small,084,084_back,ref8,10.740984295711325,37.820362792614795,26.763027311614785,10.640939958084743,8.361461187791145,7.5011194455383965,6.944066207722973,9.089872062658293
safmnpp,ami,small,084,084_down,m0,7.453200345590365,39.40737565437346,10.239648660666319,9.291894781086304,6.036603928597355,5.449883206669647,6.246315133637002,8.406335827031908
safmnpp,ami,small,084,084_down,m2,6.962246239834515,39.70330981576319,8.285614591100469,8.801068849981117,5.7847013639006635,4.941578772737888,5.973921901611667,8.491638312013228
safmnpp,ami,small,084,084_down,m4,6.810736638775093,39.79886273793065,8.150211088228343,8.674938151265554,5.859243947091173,5.178551633549561,5.662385182345849,8.223438578861796
safmnpp,ami,small,084,084_down,m8,6.95998691271589,39.70471937886747,7.988567191261739,8.647779237246471,5.910394940580216,5.196153437158106,6.033870587206675,8.4679759596902
safmnpp,ami,small,084,084_down,rep8,9.586732464394249,38.31409753123048,20.44998437134515,13.436882427442608,7.918402948899761,5.278725103023353,6.257110266003142,8.391049891581481
safmnpp,ami,small,084,084_down,ref8,10.523220981196461,37.90931670455591,31.15950514350979,10.605861119672944,6.31870399909575,5.360778487388328,6.2090066295978446,8.520002042244805
safmnpp,ami,small,084,084_front,m0,7.886621612020193,39.161893563235864,15.36570336896696,8.878125831387083,5.687455948988519,5.047512940558154,5.436781525510952,9.182068658395329
safmnpp,ami,small,084,084_front,m2,6.889327189646389,39.74903550004039,9.778067884505147,7.878569756109098,5.347247205054335,4.959838152672421,5.358491747149463,9.026839477128387
safmnpp,ami,small,084,084_front,m4,6.852475441370991,39.77232873124258,9.301995581606679,7.73160487658105,5.378416581084558,5.002225753002418,5.529070897800828,8.925544483362467
safmnpp,ami,small,084,084_front,m8,6.91754213761198,39.731285475794415,9.338027569090384,7.858847799262379,5.394674978042279,5.013114063259082,5.533710769591485,9.148076115570994
safmnpp,ami,small,084,084_front,rep8,10.104903149487551,38.08548205495033,22.893244862852505,16.1895392091184,6.6346177693166055,5.354213304284659,5.859642135382562,8.999505070406574
safmnpp,ami,small,084,084_front,ref8,9.987431062693195,38.13626566212473,29.27545410182356,10.606273242629014,5.452331768354958,4.923648089031044,5.539347105165757,9.058563724431227
safmnpp,ami,small,084,084_left,m0,6.741859700980868,39.84300650316273,10.255348642451727,8.968176420444752,6.177085765512094,4.306633265187952,5.64346960811937,6.340697403370639
safmnpp,ami,small,084,084_left,m2,6.491356276675222,40.00744914924606,8.503928300290257,9.222463914101263,6.437504168343605,4.1816234560511365,5.428065477499873,6.4093988256561785
safmnpp,ami,small,084,084_left,m4,6.4903943553867185,40.00809275598328,8.546852752790798,9.203694319198915,6.211899551657566,4.273758132587095,5.530732656300915,6.284289731567125
safmnpp,ami,small,084,084_left,m8,6.578908548414263,39.949265114360834,8.658562391505965,9.455444644767933,6.294395853663315,4.238364218758847,5.603616594201479,6.346127623446151
safmnpp,ami,small,084,084_left,rep8,7.675022379751489,39.28000710348861,15.342490497768475,10.957130885928102,6.679724513968065,4.321419593733977,5.330774327422112,6.482004300988082
safmnpp,ami,small,084,084_left,ref8,8.154334585404348,39.016918335882124,20.62560979289012,9.092345201959926,6.08925248460424,4.0810126327688545,5.544600539873899,6.572473102993438
safmnpp,ami,small,084,084_right,m0,7.744104868562403,39.24109135429969,9.665031849902602,8.49170717810021,8.861313463631143,7.087386909917626,5.979528729665271,8.699725722118835
safmnpp,ami,small,084,084_right,m2,7.53496299007282,39.35999237362133,8.105832902703828,8.78774962918843,8.871318585260505,7.13948418890335,5.979478058812369,8.475078670524498
safmnpp,ami,small,084,084_right,m4,7.666235793683392,39.28498187963573,7.83447805606888,9.101298793844323,9.194828689974766,7.301153978399849,6.138526062189378,8.58866387190173
safmnpp,ami,small,084,084_right,m8,7.492024705671274,39.3848116003457,7.709123812330079,8.659864344900353,8.847371369421586,6.953393136396174,5.980125107459387,8.76113975195045
safmnpp,ami,small,084,084_right,rep8,12.181338457582498,37.27385350665795,28.488891339681086,19.371169366843557,10.810074711563402,7.57070711930265,6.451535330897936,8.859775891516302
safmnpp,ami,small,084,084_right,ref8,11.841510724301715,37.39673248229827,37.39261186257769,10.46966469508817,8.756112969514398,6.637740233397199,6.235223954095162,8.78587634032019
safmnpp,ami,small,084,084_up,m0,9.962113541994889,38.14728873624042,13.99361406551347,14.482080613352492,12.94090421305444,10.191506939985452,5.629726446893955,9.619433905656658
safmnpp,ami,small,084,084_up,m2,9.560826303690094,38.32584932647756,12.652100018510877,13.912614798925672,12.440684022240033,10.112851101143049,5.4990214179032035,9.428588430168922
safmnpp,ami,small,084,084_up,m4,9.401179408619077,38.398980201911286,12.268069758102214,13.859080025026786,12.27631225325917,9.837065309502494,5.373726141654445,9.376062693359886
safmnpp,ami,small,084,084_up,m8,9.242251452760629,38.473025807297134,12.27569297096986,13.076488139181278,11.579708154542331,9.693650923411054,5.413850761499147,9.511000937536043
safmnpp,ami,small,084,084_up,rep8,12.051999624234066,37.320212514073376,24.69134609460655,18.709842710605038,13.475647237639578,10.69892545543115,5.61309855342904,9.45310352397293
safmnpp,ami,small,084,084_up,ref8,12.999511729047468,36.99153320665901,34.482502530282304,16.779187792794783,12.989713076565563,10.017296781608211,5.467923255506341,9.616083746048032
safmnpp,ami,small,084,084_zoom,m0,5.859294137608926,40.45235060652836,7.228407783055794,4.581903033797744,4.44872360556706,3.4044081355151006,5.986260718669316,7.9177509134295105
safmnpp,ami,small,084,084_zoom,m2,5.356238024176304,40.84220492623267,4.956036943833802,4.00648717793078,4.102703581754706,3.2575456316240374,5.863458696231237,7.802465963245926
safmnpp,ami,small,084,084_zoom,m4,5.452401569342561,40.76492526741379,4.804279962315867,4.120272103038994,4.462628361818502,3.423702746828799,6.0075822827044645,7.7695241717845285
safmnpp,ami,small,084,084_zoom,m8,5.357751230790494,40.84097816135312,4.813315151916554,3.9582702619077725,4.254791229742197,3.208886869877321,5.904794798548971,7.807134807376427
safmnpp,ami,small,084,084_zoom,rep8,7.179151187161283,39.57007261545327,14.858334428840903,6.3905527439155225,4.623901896605302,3.569103092200969,5.898074482663565,8.105448012874493
safmnpp,ami,small,084,084_zoom,ref8,8.454268889726512,38.86004304331691,24.560819639669187,5.296843627226592,4.990859182832774,3.6610207752179353,6.067342706975436,7.954099660235244
safmnpp,ami,small,085,085_back,m0,4.960545031714647,41.175509643652305,4.3741395461072665,3.9342159451692678,4.187553832271032,5.425122287485352,4.684249207468163,6.911187116593494
safmnpp,ami,small,085,085_back,m2,4.86513230103309,41.25985706021531,3.7042421679492086,3.6855531431059534,4.019673311317492,5.326111908616604,4.840409799123624,6.948592755161835
safmnpp,ami,small,085,085_back,m4,4.8926260117475096,41.23538340947306,3.685497234698236,3.689811334757287,4.038453762111448,5.1922262609703305,4.79689123003387,7.267394929081301
safmnpp,ami,small,085,085_back,m8,4.887654359687595,41.23979874555657,3.6703385510928235,3.7084188424935127,4.050409674404917,5.345816035937106,4.866161625559738,7.004898459067846
safmnpp,ami,small,085,085_back,rep8,5.666965358406162,40.59729803017138,7.512001430668328,5.035562444731168,4.11502453314122,5.569334274972475,4.949708128070679,7.137060387209544
safmnpp,ami,small,085,085_back,ref8,6.145031284475116,40.24556262638061,11.911525716761462,4.198543826413444,4.027495266843012,5.483178926802846,4.844423481721484,7.33863619238604
safmnpp,ami,small,085,085_down,m0,5.078890931671087,41.07311474340159,7.833933036660436,4.599066286081482,3.6497869776183136,3.242320725036962,4.26958701035079,6.88639004107735
safmnpp,ami,small,085,085_down,m2,4.96218851087067,41.17407102004713,6.81386270930201,4.828943491703653,3.699986182108203,3.258440515243197,4.2832057422599155,6.78340053870122
safmnpp,ami,small,085,085_down,m4,5.07302066578918,41.07813729376463,6.7313255683815045,4.924104478465115,3.8061283355334474,3.5394216057060004,4.25858705149584,7.210947460726824
safmnpp,ami,small,085,085_down,m8,4.922961798059007,41.2085389518586,6.544436950212556,4.83681777536382,3.578325532758073,3.307268304899045,4.203473610404951,6.966855251031031
safmnpp,ami,small,085,085_down,rep8,5.522171085429695,40.70970503239231,10.370773937447634,5.56449203299807,3.61123159731194,3.407917750963746,4.186589204242411,6.809239543777813
safmnpp,ami,small,085,085_down,ref8,5.906611317729301,40.417419676500906,13.52877951444938,5.15000936768349,3.607258843082107,3.118676301375728,4.257222247398992,6.876845421251561
safmnpp,ami,small,085,085_front,m0,4.902491022452613,41.22663553816791,5.79637965935322,4.31985595427003,4.394118689607032,3.821623037587881,4.0193401198148075,7.295655549514249
safmnpp,ami,small,085,085_front,m2,4.766462341070787,41.34884194775814,5.124911917438133,4.060987501524238,4.380292299081874,3.8267142839762895,3.9953475138437238,7.285465235659062
safmnpp,ami,small,085,085_front,m4,4.710431129923258,41.4001970240615,4.983508277164715,4.080396931031325,4.323660536464191,3.805255750722809,3.9060638260537415,7.28343274928393
safmnpp,ami,small,085,085_front,m8,4.693499757801602,41.41583561076908,5.043369078387527,3.947572632612042,4.240328996205757,3.68717166929862,3.923673239893585,7.33131319451365
safmnpp,ami,small,085,085_front,rep8,5.472527247094624,40.74892428319419,8.3977021244544,5.080518904053185,5.1076003434750765,3.9904669236626096,3.9942247168031866,7.421845725294479
safmnpp,ami,small,085,085_front,ref8,5.732875201665383,40.54707873099514,12.003741544036163,4.601201368300008,4.355539108487691,3.653429446877064,3.9178169395195774,7.290294555794286
safmnpp,ami,small,085,085_left,m0,4.28254894211732,41.813780259682424,4.45372087052884,3.4799392914989515,3.2997299261006887,3.736667816594252,3.821495372647949,6.588763408516734
safmnpp,ami,small,085,085_left,m2,4.279909366554273,41.816457885888795,3.8203312500867357,3.3138640760462135,3.244424523904629,3.731625293299781,3.912743104002168,7.05398038052744
safmnpp,ami,small,085,085_left,m4,4.020565486445241,42.08793220626429,3.7971444974585227,3.278093283668569,3.069131888130768,3.4629360336492407,3.4325005698094335,6.816419198004011
safmnpp,ami,small,085,085_left,m8,3.9513572637724,42.16334062477175,3.7970143269034224,3.27411236056453,3.046661352616873,3.416080842533226,3.418874093502315,6.496568609025073
safmnpp,ami,small,085,085_left,rep8,4.807213474549897,41.31186952539865,7.064646338758341,4.086457195591895,3.5633266109718327,3.895493952201557,3.8605713320258435,6.7465002235566836
safmnpp,ami,small,085,085_left,ref8,5.220236020786624,40.95390221810475,11.44209433025743,3.904505447493595,3.2144836913547983,3.641458233510046,3.61948458322906,6.656881221364377
safmnpp,ami,small,085,085_right,m0,7.321491727981143,39.48480784833052,7.240688106538479,6.7773174187325305,4.893765710399275,5.87571962223557,7.77935709531075,9.414508372725937
safmnpp,ami,small,085,085_right,m2,6.92750212078728,39.725036934585965,5.613607912241101,6.745165282599229,4.70173526838875,5.615984941197407,7.521525608480401,9.244390478498177
safmnpp,ami,small,085,085_right,m4,6.918415728867979,39.730737055705134,5.5435609776856,6.442190407732648,4.649668765991475,5.861863256260026,7.586338978477603,9.228223837634143
safmnpp,ami,small,085,085_right,m8,6.882986103855343,39.753034681157224,5.469811761621895,6.402377845623999,4.568110656774347,5.832742631718702,7.503507427705449,9.342197586957964
safmnpp,ami,small,085,085_right,rep8,8.927338661247816,38.62358350691183,13.892085435364324,10.763241879075307,5.421814224352832,6.0953060411714555,7.97404646306082,9.608304779722765
safmnpp,ami,small,085,085_right,ref8,9.708538064232403,38.25926523177988,23.053935379114325,8.160280726844222,4.874410147678956,6.232310985190017,7.565791384612189,9.841493783837645
safmnpp,ami,small,085,085_up,m0,6.534545610466979,39.978649672264496,8.971308232942413,5.881916574430812,5.014899299387616,4.397421279620262,5.84252634755572,8.736894447414933
safmnpp,ami,small,085,085_up,m2,6.070309559888157,40.29869522062299,7.477174904292279,5.3405497418211825,4.549761155529936,4.129853968607756,5.680921810865751,8.438172817463593
safmnpp,ami,small,085,085_up,m4,6.045247140060871,40.31666300605658,7.481611391459081,5.35456746657248,4.608866907454046,4.241089351534975,5.583126167873689,8.359922015350044
safmnpp,ami,small,085,085_up,m8,6.094817449295766,40.28119658616677,7.5168452357386935,5.2920240714529525,4.5377235243160685,4.1578900980649385,5.747310109399838,8.446734250490914
safmnpp,ami,small,085,085_up,rep8,8.400094945659166,38.887961659795025,16.265620694800106,12.626098597488351,5.9606455551109265,4.480423816152288,5.688621346940736,8.37367658487186
safmnpp,ami,small,085,085_up,ref8,8.941636598526218,38.61663345353995,25.763396111201796,6.554860635063794,5.023686778418668,4.277346907216988,6.021291119781765,8.560402435779386
safmnpp,ami,small,085,085_zoom,m0,4.666833516790943,41.440580525965665,7.661671203507014,4.515395513200609,4.378554534443663,3.097290925054163,3.5353391408917343,5.735505267373966
safmnpp,ami,small,085,085_zoom,m2,4.265566688817826,41.831036246661895,5.467733369714533,4.044975512528363,4.115125068460207,3.155864088886048,3.4545903552457435,5.8001541968289825
safmnpp,ami,small,085,085_zoom,m4,4.239612080784568,41.857542398605325,5.425530398419814,3.8336679229099015,4.013348153360907,3.0041611857966344,3.4815834040329214,5.9480853912836995
safmnpp,ami,small,085,085_zoom,m8,4.194777931202898,41.903713863601546,5.414960939455172,3.7784280964013,3.8548121887218856,3.035334162102568,3.4615798407800082,5.866566330155288
safmnpp,ami,small,085,085_zoom,rep8,6.19430851995153,40.21087528401281,13.429115889830465,9.037049963585225,4.985968125446311,3.334698530911744,3.5871300247488476,5.991915270220888
safmnpp,ami,small,085,085_zoom,ref8,6.35332616224906,40.100792094789824,18.931201092009157,5.63995462418136,4.198767133317204,3.069151564032813,3.5776000099174374,5.772153889197663
safmnpp,ami,small,086,086_back,m0,6.922681978551291,39.72805979875091,8.566679510661535,5.751379373291854,4.410974605779809,6.5694469878139765,7.587550311469092,7.1244330047175355
safmnpp,ami,small,086,086_back,m2,6.540120660530088,39.974946000483826,6.295012873073097,5.061128072234827,4.291745411119431,6.742143872164989,7.559459585319528,7.248961599104492
safmnpp,ami,small,086,086_back,m4,6.437484806642454,40.043641438127025,6.117517846014584,5.163051260089333,4.167643404520618,6.45440429191039,7.471006818980162,7.1574518967543135
safmnpp,ami,small,086,086_back,m8,6.283470397459335,40.148807874843264,6.0313897430998225,4.8334383124263045,3.9615101579611802,6.368442129420024,7.274155489698664,7.151530783722428
safmnpp,ami,small,086,086_back,rep8,10.299854011805891,38.00249291727442,19.801847995474386,17.26672169407963,6.755281233575368,7.171187485258337,7.525251394375127,7.3937150386124335
safmnpp,ami,small,086,086_back,ref8,10.015787439291643,38.123952617469904,26.69843561276824,10.419005737687899,4.974724395952279,6.684326150972989,7.332523730515057,7.214169910522634
safmnpp,ami,small,086,086_down,m0,6.445516604141,40.038226293512686,13.001176021099079,9.921342440366647,4.970321132510722,3.5434069908256336,4.184792188166216,5.863584039742585
safmnpp,ami,small,086,086_down,m2,5.999217343050218,40.34985764778506,9.854229166194466,9.58604181754666,5.097988951564843,3.6291935752126263,4.232292886537597,5.7970812304387715
safmnpp,ami,small,086,086_down,m4,5.916424928929604,40.41021002564352,10.259533742752874,9.23367436523348,5.035736737650932,3.5015372094382076,4.007986318322372,5.810378812536221
safmnpp,ami,small,086,086_down,m8,5.95015346829486,40.38552193530275,10.251146827697957,9.508727128920514,5.031484899999369,3.599560115617727,3.9584692544576874,5.845845043277161
safmnpp,ami,small,086,086_down,rep8,10.11749348076312,38.08007427643151,25.694377849561914,23.371611835393843,5.771602763437588,3.8076500023016298,4.284738748173148,6.2004217032997495
safmnpp,ami,small,086,086_down,ref8,9.312457395630341,38.440160619985384,30.243354297096126,13.617363577388954,5.348738746900861,3.6211811994009526,4.017394891773514,6.046037956242909
safmnpp,ami,small,086,086_front,m0,8.05453064169106,39.070401228367736,16.265645747339885,12.998473094230016,8.566056077438812,5.175108345627654,5.348494690292178,4.627513920201966
safmnpp,ami,small,086,086_front,m2,7.145374941151917,39.59055338293615,10.373868379893334,11.417164234135027,8.90074944418865,5.555709361765886,5.28035621441787,4.873169113074299
safmnpp,ami,small,086,086_front,m4,7.041557720802356,39.65411617249211,9.944621209979841,11.161065115847416,8.222294493968151,4.976985393020997,5.754192582929058,4.714634611426074
safmnpp,ami,small,086,086_front,m8,6.960520886937927,39.70438619840946,10.051596400654656,11.25496400849672,8.449245091799213,5.0446235631281455,5.40985288462526,4.5621916874881645
safmnpp,ami,small,086,086_front,rep8,10.966559189326116,37.73009973903069,20.334616966744157,29.348249409676267,11.328398014683438,4.686232092177672,5.391327712458813,4.532371446516604
safmnpp,ami,small,086,086_front,ref8,10.334330416191829,37.987980178797876,24.582604991492364,18.711957610494906,10.808652367100722,5.540130697543351,5.582716952324477,4.790674509834558
safmnpp,ami,small,086,086_left,m0,6.437066552939851,40.04392361537743,12.079994741838078,8.18963852755556,4.857204659459161,4.330157676482874,4.897425610101421,6.0313833365355265
safmnpp,ami,small,086,086_left,m2,5.82235911410465,40.4798137232709,7.3012217508113695,7.53718515630972,5.117048490102274,4.379561114747265,4.974915953214368,6.386290085697387
safmnpp,ami,small,086,086_left,m4,5.615724095974572,40.63674598380641,7.6819422656002825,7.712052859179112,4.997719717629576,3.949004590130444,4.655191557426376,5.739543269232628
safmnpp,ami,small,086,086_left,m8,5.537183710057765,40.69791428300384,7.484030151262281,7.4785244117967276,4.74637169767364,3.9355289583860866,4.691999530828956,5.723346444019308
safmnpp,ami,small,086,086_left,rep8,8.211551926537448,38.98655117337081,17.843773399098797,14.555156385311086,6.154983473905436,4.516224863527051,4.786993911599646,6.23624265168565
safmnpp,ami,small,086,086_left,ref8,8.16502969761483,39.01122592188757,24.032232314185535,9.13211985637884,5.103933609624872,4.419546231752417,4.802744791777237,5.806037991110511
safmnpp,ami,small,086,086_right,m0,6.105940306495817,40.27327806677654,8.615622637969292,8.190299948280458,7.263540053494178,4.849803183989854,4.718281263397236,5.26563424344627
safmnpp,ami,small,086,086_right,m2,5.746879714304788,40.53648253687298,6.153625954661009,7.6282008092534745,7.461247586153493,4.956143296745733,4.766005524463634,5.264867880207252
safmnpp,ami,small,086,086_right,m4,5.4086361782073595,40.79992592055,5.801863817827715,6.965260476727108,6.823552091426886,4.644744929826202,4.556094973868531,5.112464560742742
safmnpp,ami,small,086,086_right,m8,5.403585253419594,40.80398353061149,5.977783544872945,6.80196763100271,6.771231424310753,4.5951759655759465,4.535864907608512,5.16833485809935
safmnpp,ami,small,086,086_right,rep8,11.266047076403034,37.61308799218059,27.69700060693717,23.944249190270156,10.691533650150568,4.750497661875785,4.863766079460296,5.787868279910372
safmnpp,ami,small,086,086_right,ref8,12.817064171500947,37.05291802153971,51.0616620915418,13.56249058061651,8.543875557441337,4.727114383065035,4.791656166302094,5.484656894789683
safmnpp,ami,small,086,086_up,m0,7.214699753212715,39.54862098652002,9.88777414240453,7.2887216540769755,8.371941932850616,5.9739344065699695,5.994113632466067,7.374483897817184
safmnpp,ami,small,086,086_up,m2,7.045649733648641,39.65159311935365,8.316059166618725,7.315585623832347,8.777504942914593,6.0217401490508005,6.014177446779462,7.282088735813507
safmnpp,ami,small,086,086_up,m4,6.843719878033098,39.77788135848381,7.774184480628242,7.230273286774024,8.466501085854688,5.862074349156179,5.879762451176375,7.179696549530409
safmnpp,ami,small,086,086_up,m8,7.0039737390045955,39.6773585181555,7.890043426127268,7.281359313720058,8.759620049932055,6.122074107188973,6.006898609215538,7.366346324596368
safmnpp,ami,small,086,086_up,rep8,9.611252505758573,38.30300373730615,20.15903618306521,13.1770946610275,10.427130319693267,6.364334625399889,6.163940894862641,6.783987960558678
safmnpp,ami,small,086,086_up,ref8,10.345748716427142,37.98318435064167,30.716435229938124,9.317069985670832,8.912360508582845,6.176869212330919,5.96308826113958,7.026415429185228
safmnpp,ami,small,086,086_zoom,m0,3.9786204388677042,42.13347851519963,5.963218995870071,3.5814585978547555,3.017750967710768,4.448706854176925,3.7013105474370915,3.5989950793820276
safmnpp,ami,small,086,086_zoom,m2,3.6157779210287857,42.54878612359265,4.030715700990562,3.3838412519661625,3.0292609978644953,4.124574727872857,3.614673278820856,3.5427247997013165
safmnpp,ami,small,086,086_zoom,m4,3.525081620809724,42.659111836378294,3.69962705811241,3.2745932005997136,2.909728083433537,4.257400176500966,3.5456781393169896,3.494035512318399
safmnpp,ami,small,086,086_zoom,m8,3.5353082766820174,42.64653070875168,3.718683939462509,3.327914621682277,2.9692914764859992,4.27203852272757,3.518223614911809,3.5018585895769054
safmnpp,ami,small,086,086_zoom,rep8,5.365611915537138,40.834611030865524,13.512449416033737,6.2561693854301135,3.5517513335094093,4.053660455903686,3.6762120971914745,3.588079401564482
safmnpp,ami,small,086,086_zoom,ref8,5.783231495634774,40.5090978394309,18.13475396383612,4.544401172347285,3.3751185442238874,4.553204567123607,3.625576149753681,3.503865553325283
safmnpp,ami,small,087,087_back,m0,7.298430164457053,39.498509040666804,9.126259224565699,9.534212317442192,6.947065151712621,7.2617242653769845,6.772150758528458,5.512811831904737
safmnpp,ami,small,087,087_back,m2,6.920912512329915,39.72917001535044,7.234190293830479,8.723540384785982,6.908259411263785,7.257228236459579,6.75569021015749,5.490349803346189
safmnpp,ami,small,087,087_back,m4,6.831259170585628,39.785795985575454,6.7485501281200575,8.59179607809156,6.877863485494519,6.96834529161676,6.7644948495395525,5.635355537377752
safmnpp,ami,small,087,087_back,m8,6.9185035849773335,39.73068190553387,6.9195532990703015,9.016166120379207,6.9484296232045635,7.007609143914949,6.757118824568619,5.633142434384551
safmnpp,ami,small,087,087_back,rep8,8.80415945321159,38.68392461354749,17.346000629627643,11.568531915342776,7.5003789408145,7.560122278853806,6.7406795552848635,5.691130182027106
safmnpp,ami,small,087,087_back,ref8,10.018890733260747,38.12260720683173,26.921281135711812,11.369820332813743,7.504634570557417,7.205747951302393,6.713034665967332,5.536624089563749
safmnpp,ami,small,087,087_down,m0,6.708212304783505,39.86473561952213,12.345636144126455,6.608876957764091,3.432755065551379,3.8777101219218895,5.269393303427418,9.02645023194024
safmnpp,ami,small,087,087_down,m2,6.143408511280743,40.24670965799651,8.20627368783629,6.4369939665189975,3.6997008955414667,3.9455193378003113,5.284883465764522,8.920875203215891
safmnpp,ami,small,087,087_down,m4,6.02754520906706,40.32939884419045,8.144254069908321,6.286124029354287,3.405670757746538,3.924496726678987,5.188913602859665,8.811659243381213
safmnpp,ami,small,087,087_down,m8,6.073429996610575,40.296463307671964,8.261230747144555,6.390774544746471,3.4711592884961604,3.7475682172606355,5.240732349262576,8.871694354766797
safmnpp,ami,small,087,087_down,rep8,10.263908845746817,38.01767574473461,28.438633032032254,15.001911750153546,5.390433146191337,4.265056270777957,5.347539715093408,8.907545556649909
safmnpp,ami,small,087,087_down,ref8,11.898723335524744,37.37579994272047,46.99777947649901,8.783249583808225,4.271250317984699,3.8303027285820033,5.363764423623263,9.209016596090086
safmnpp,ami,small,087,087_front,m0,5.008209787263986,41.13397848264804,7.204917152467402,5.354376395344856,3.0441455643508513,3.715375012055777,5.408606918523242,4.392786549571438
safmnpp,ami,small,087,087_front,m2,4.480721113742675,41.617324472007624,4.801672039311819,4.196022685573596,2.796526652553615,3.601386375149025,5.395333389320203,4.369274719153389
safmnpp,ami,small,087,087_front,m4,4.419329809869616,41.67723947162237,4.506619049580526,3.93142921291614,2.722409434737601,3.625991424959794,5.434302842930428,4.402737699645568
safmnpp,ami,small,087,087_front,m8,4.406804917500117,41.68956535483581,4.550107310791445,3.900401000931927,2.6880121726362454,3.5642084532663576,5.428889522121668,4.391261300673057
safmnpp,ami,small,087,087_front,rep8,7.008076324139092,39.674815378317525,19.018694563486697,7.71197627076133,3.9669122415543896,3.604169613658973,5.35266639097983,4.392605539514488
safmnpp,ami,small,087,087_front,ref8,9.322211636841256,38.43561402620089,37.84514267617816,6.152080622009166,3.227958547760597,3.670578981155629,5.382471710236173,4.385590660629204
safmnpp,ami,small,087,087_left,m0,5.556176594826766,40.68304320177426,10.073428610074533,6.464395067152148,4.692634986239005,3.326796416703169,4.456651667706118,5.401796618760994
safmnpp,ami,small,087,087_left,m2,5.325086773234912,40.86753671793744,8.584784555198883,5.920150929147258,4.829702769743006,3.394753425268068,4.516796865938453,5.396671703416114
safmnpp,ami,small,087,087_left,m4,5.344778308967048,40.85150664641918,9.032632044947247,5.965181593499965,4.83660425691753,3.3385843770711108,4.4239145964694435,5.332577925506897
safmnpp,ami,small,087,087_left,m8,5.296128275779606,40.891218654051904,8.971943060686558,5.818933566066175,4.64296643684256,3.2975435588059328,4.403000068976504,5.403398121492816
safmnpp,ami,small,087,087_left,rep8,7.450316941058797,39.409056125726224,16.915097460780938,11.785467816625552,6.5099415559569636,3.7316163784560783,4.488710077830946,5.451481135565528
safmnpp,ami,small,087,087_left,ref8,8.120836901128396,39.03479572659633,26.304408953109707,8.329850780318488,5.340112076648914,3.386114024464256,4.529604856235561,5.357800784806504
safmnpp,ami,small,087,087_right,m0,6.049151773275642,40.31385879771172,7.021135568663417,9.229551785515289,5.885453207127125,4.619482192633689,5.10033641008517,5.77123495298539
safmnpp,ami,small,087,087_right,m2,5.73310256342869,40.54690649630005,5.0192816835175185,8.74148209021252,5.849870575780348,4.644431738972751,5.086912777009495,5.923612237296172
safmnpp,ami,small,087,087_right,m4,5.384553244371109,40.819306850915176,4.597733310091603,7.794554284817009,5.301294119106473,4.465489339227056,4.954154011970632,5.6861005730096
safmnpp,ami,small,087,087_right,m8,5.31173591207835,40.87843886145408,4.45967670839502,7.292125001416607,5.201914111145651,4.4421795007499405,4.993809395529239,5.749305600336349
safmnpp,ami,small,087,087_right,rep8,9.043083340537052,38.56763827575253,25.612958321016126,12.410784788593626,5.835482556213595,4.748485143506113,5.061351944087815,6.007099368706687
safmnpp,ami,small,087,087_right,ref8,11.632474170585233,37.47408263993984,46.637526866128105,10.105595798387428,5.76204982121098,4.651228285267379,5.132914291106949,5.965947166930808
safmnpp,ami,small,087,087_up,m0,6.775849254212039,39.82116625409505,8.810597179747203,10.298733739551086,7.2788441125834416,7.657436773458631,5.115752527028897,4.910622501165236
safmnpp,ami,small,087,087_up,m2,6.1271582762637475,40.25821261730648,5.893735836274176,9.162129809776998,6.731157034105482,7.412422013814876,5.098299979152408,4.872079393975093
safmnpp,ami,small,087,087_up,m4,5.935456150064614,40.39626260013107,5.749508177502704,8.809627135595886,6.439460467792315,7.178703248538454,4.901784479304747,4.861018134167447
safmnpp,ami,small,087,087_up,m8,5.956803876420136,40.38067059374179,5.7677608335125745,8.667257058926086,6.625502374984141,7.254837314458062,4.903328811919079,4.89714352197454
safmnpp,ami,small,087,087_up,rep8,8.92444589575956,38.624990998802595,19.272048012559853,15.335103285498567,7.7960607478398956,7.675131724559114,5.177194966413088,4.840258870993427
safmnpp,ami,small,087,087_up,ref8,8.520518231779006,38.82614350801044,23.376517055851846,9.967487978469023,6.664368570406393,7.00675891256763,4.955720100589476,4.81683460201515
safmnpp,ami,small,087,087_zoom,m0,3.9498181072530256,42.16503264440229,3.478820566266914,2.490612265497073,3.9130423171246034,3.80697813435701,5.155241768464054,3.204917341633868
safmnpp,ami,small,087,087_zoom,m2,3.692281483722649,42.45785558501147,2.2807639640074293,2.3818698809300143,3.6426700115873696,3.7290830122552294,5.093631827555688,3.100126221153704
safmnpp,ami,small,087,087_zoom,m4,3.6788829832621146,42.473643867176136,2.0707374346938328,2.239261046230703,3.5946964338681338,3.7801298991794776,5.205013520232991,3.080950045594964
safmnpp,ami,small,087,087_zoom,m8,3.6476827033920527,42.510633070226916,2.034578024050219,2.2184246615497747,3.495219152545596,3.6909579948323965,5.147450180062812,3.1768638285166775
safmnpp,ami,small,087,087_zoom,rep8,5.226419054648329,40.94876132318341,9.196882296330172,5.011724196194772,5.18412441612673,3.8643633289989947,5.196217343844997,3.2109498650964183
safmnpp,ami,small,087,087_zoom,ref8,5.691695325184268,40.57838716492324,15.850859795970093,3.3164624520142416,3.7194054060567154,3.6251697344180567,5.107373926309695,3.1870238168455653
safmnpp,ami,small,088,088_back,m0,5.976718494370907,40.36617559981603,7.874598664801347,6.277525611348315,5.462967203082466,7.390476669748051,5.640982064774738,4.396046231362577
safmnpp,ami,small,088,088_back,m2,5.74501725678032,40.53789023315632,6.446329994357391,6.822889251137957,5.097268475816482,7.157287139107814,5.5974846835918415,4.268540029093858
safmnpp,ami,small,088,088_back,m4,5.712083174182568,40.56285838250784,6.066987654079802,6.756119499450691,4.916429214239202,6.992736849831806,5.7846157290553775,4.292828467207924
safmnpp,ami,small,088,088_back,m8,5.582051110243434,40.66286552220301,5.869006700514011,6.623260379732665,4.814078659007893,6.7898862395258925,5.620337108429262,4.308421126201941
safmnpp,ami,small,088,088_back,rep8,10.713456758781632,37.83150739798484,26.64240398484468,19.999450292761086,7.805905326717576,7.87814805572232,5.764734273748378,4.636367886722534
safmnpp,ami,small,088,088_back,ref8,9.993460376087665,38.13364466032971,33.765268058612364,9.247681495724978,6.352432281444275,7.192206703416758,5.620785951501183,4.441620146110449
safmnpp,ami,small,088,088_down,m0,5.048589025243591,41.09910341991272,6.947814772144709,5.406342857983263,4.428606617601822,4.809067423315507,5.449357643837523,3.1157242029372103
safmnpp,ami,small,088,088_down,m2,4.389029978049319,41.70711813685061,3.9287444504531486,4.192537732602393,4.332848825673659,4.56506783377143,5.315105441429021,3.0695626579277198
safmnpp,ami,small,088,088_down,m4,4.295468916121301,41.8006978022849,3.8346306958277467,4.121522175607283,4.184423030845407,4.26074951387209,5.213969412224518,3.139829465639898
safmnpp,ami,small,088,088_down,m8,4.375482276198245,41.72054431887135,3.9850094958372466,4.248471479803369,4.260044357182724,4.410858030849028,5.280616652954978,3.116555175947472
safmnpp,ami,small,088,088_down,rep8,6.1680814061645535,40.22930263980854,12.898832144336149,7.601100354041704,4.842363368048495,4.651702441486807,5.434797734621603,3.093674364192497
safmnpp,ami,small,088,088_down,ref8,7.614521087902067,39.314377671055006,24.474091179250333,7.021484968785183,4.826738788163926,4.299517832241566,5.293821585722731,3.1977263519500916
safmnpp,ami,small,088,088_front,m0,6.23298818901861,40.183840569261605,9.028439330554173,7.1850903848450365,6.30246878157854,4.922527112654726,5.236787770015297,6.007347880582768
safmnpp,ami,small,088,088_front,m2,5.567441481128045,40.67424699967716,5.706580648331143,5.937729069417504,6.171571584490795,4.858597009918508,5.2209802956516205,5.876648217824934
safmnpp,ami,small,088,088_front,m4,5.4329159773692455,40.780473723530676,5.4801732285706555,5.96402052007203,6.105294671370207,4.727573968454899,5.009706016481053,5.794771303385296
safmnpp,ami,small,088,088_front,m8,5.60135737244305,40.64787078874267,5.808807482354639,6.207952443698261,6.229924152738161,4.783022228122641,5.104095499179251,6.022232452991518
safmnpp,ami,small,088,088_front,rep8,10.762297420310157,37.811753710932564,30.013020176240495,18.391606172194315,7.989002696342362,5.166941036558666,5.1829241791737815,6.086520461976705
safmnpp,ami,small,088,088_front,ref8,11.373726733011758,37.57177571255504,43.58253866749103,10.047665048506785,6.5689493444807,5.032957709612202,5.219651739642181,5.982602983577771
safmnpp,ami,small,088,088_left,m0,4.658527671099326,41.4483168137782,7.030766717466323,3.9532663648611748,2.769775506648916,2.87434110500236,4.842781882552888,5.3242768568220145
safmnpp,ami,small,088,088_left,m2,4.203266028619946,41.894934830905385,4.334267904886306,3.1934753841390235,2.772452895533809,2.812098704025736,4.912461958003733,5.2951098441223925
safmnpp,ami,small,088,088_left,m4,4.030868550490949,42.07681725137895,4.307315022932063,3.182602720171679,2.6682276699779224,2.6911627123454713,4.610143224918678,5.061441941334763
safmnpp,ami,small,088,088_left,m8,4.1050937132157985,41.99757284998821,4.4065658200396225,3.236091566551437,2.7161298006048162,2.73805180480271,4.631863892297093,5.264608172449958
safmnpp,ami,small,088,088_left,rep8,5.996445574226169,40.351864646372995,12.94634149808584,6.125984551473085,3.338098577720768,3.0428238037067477,5.197583862064642,5.5835984636164575
safmnpp,ami,small,088,088_left,ref8,6.789973370557841,39.812122898337215,20.491758517262415,5.601743136594691,2.9602760417200105,2.879339439106539,4.850587332062226,5.5974437865870685
safmnpp,ami,small,088,088_right,m0,5.6361081669201285,40.621010414686054,8.619125579595586,5.224227470879858,6.009717002100635,5.397527530273966,4.114706342190298,6.383938627632521
safmnpp,ami,small,088,088_right,m2,5.034585167306222,41.11116668892252,5.267867377888732,4.915186460084759,5.586839035450459,5.098561507462645,4.07701058435541,6.340861939895112
safmnpp,ami,small,088,088_right,m4,4.867569572368239,41.25768193242932,4.970374214312359,4.635392961721953,5.430649256507174,4.998220756588648,3.9597224883793634,6.2148869374079085
safmnpp,ami,small,088,088_right,m8,4.979492440481514,41.15895283476057,5.066530291970927,4.746173505281059,5.645628446667298,5.129471644128362,4.04986539844157,6.300522015579706
safmnpp,ami,small,088,088_right,rep8,9.446418612107017,38.37813173713628,27.473000795230785,12.396308553267485,7.595090660549308,5.92057599150932,4.283681553700069,6.436004413900603
safmnpp,ami,small,088,088_right,ref8,9.855197371340903,38.194150344923365,36.707043303567715,7.506741266888309,6.242584935438111,5.385124493884674,4.197818290674932,6.492815478685543
safmnpp,ami,small,088,088_up,m0,5.464972879402711,40.75492349816402,8.60616540401523,7.515236677093758,4.756078837849716,3.8322068418655637,4.288402933267033,5.233884455269306
safmnpp,ami,small,088,088_up,m2,4.955082534190477,41.180294681727574,6.399228681271703,6.449324194254642,4.571568415034334,3.718407491114246,4.204108151412801,5.182612327422804
safmnpp,ami,small,088,088_up,m4,4.947990115474782,41.18651537493497,6.206473595223832,6.702918103650021,4.5237399336690824,3.694891123503952,4.161888591661885,5.23519624548707
safmnpp,ami,small,088,088_up,m8,4.849158710137476,41.27413962314574,6.116065681578334,6.437836133711324,4.545200495087047,3.6229617647269197,4.076086794870306,5.1286368208359745
safmnpp,ami,small,088,088_up,rep8,7.007077720441908,39.67543426281162,15.917288203205402,10.05402928379467,5.824770325033522,4.035115209546438,4.364460822733754,5.472351820694865
safmnpp,ami,small,088,088_up,ref8,7.20037360544565,39.55725329634707,20.27797291418059,8.222046573063032,4.993082522920001,3.9041272229371473,4.265298575426102,5.320963345292914
safmnpp,ami,small,088,088_zoom,m0,4.772046351100418,41.343757075273224,6.2731170858415695,4.633004667784802,6.462601158573745,5.239391555904076,4.5698204781376885,2.6743117030414982
safmnpp,ami,small,088,088_zoom,m2,4.468286526640979,41.62939346614741,4.605570299939833,4.403604148003311,6.283462271335421,4.996003096235056,4.5724157446263085,2.678926164570778
safmnpp,ami,small,088,088_zoom,m4,4.342824720215594,41.75308059615128,4.472338337814045,4.156014006211905,6.064718550071814,4.792081442735431,4.512955286930273,2.6331780236254687
safmnpp,ami,small,088,088_zoom,m8,4.405645091633358,41.69070852382126,4.4866930278070924,4.038023769883884,6.104863454352652,4.945301105011206,4.6501861353056295,2.6835992078370094
safmnpp,ami,small,088,088_zoom,rep8,6.371653762244428,40.088281928022425,15.271453321725621,7.021837522134599,6.9838553651149775,5.094120221175487,4.546867847450799,2.7994086571881005
safmnpp,ami,small,088,088_zoom,ref8,6.783988602888658,39.81595251234041,20.43159815447394,5.172187592649554,6.471172361146281,5.096751092235175,4.589547726795237,2.7179484204546327
safmnpp,ami,small,089,089_back,m0,6.094425611964367,40.281475804146154,12.1110788162897,5.317854896758632,5.118203320455234,3.9771584915981837,4.7419868410817605,6.4749699713680435
safmnpp,ami,small,089,089_back,m2,5.25637156689828,40.923943034505214,5.6221913152376555,4.983364395944071,5.554576108533648,4.1962159975405,4.8152267813060705,6.451360245737154
safmnpp,ami,small,089,089_back,m4,5.1606808595289815,41.00373358072134,5.564365325854778,4.819210230382203,5.303183440627613,3.866053890968169,4.8164507881968115,6.439693290452649
safmnpp,ami,small,089,089_back,m8,5.0843157746481165,41.06847845160523,5.523928818948035,4.828875634984279,5.391389363538782,3.9769345963830016,4.652040577885202,6.215416095736915
safmnpp,ami,small,089,089_back,rep8,7.0274476454961325,39.662827420714386,15.072896921606908,8.125329746046464,5.758988294000235,4.2050964150045225,4.894680390408069,6.575931270698769
safmnpp,ami,small,089,089_back,ref8,7.596754273558299,39.32452282030247,21.95692775831407,5.948066104258133,5.264676534936654,3.7550406787488204,4.859785633625554,6.6907116945804495
safmnpp,ami,small,089,089_down,m0,6.233351871394365,40.18358717452308,13.323636390975187,6.824126091187201,6.248660586076629,4.890276503672241,4.680718875806884,4.035329548466155
safmnpp,ami,small,089,089_down,m2,6.04543027042818,40.316531446003665,12.037315553730767,6.310576955062299,6.624593522523969,4.963344192335244,4.70105214110628,4.008127124002487
safmnpp,ami,small,089,089_down,m4,5.712230622921808,40.56274627743973,11.580275908182927,5.934417179515569,5.853102752384118,4.539102063350697,4.519375705558149,3.8638948764064898
safmnpp,ami,small,089,089_down,m8,5.82281503444398,40.47947366191135,11.470572077869576,6.0668658376007265,6.340904203682417,4.499807330742173,4.614750678874574,3.998867465011894
safmnpp,ami,small,089,089_down,rep8,7.901399025296247,39.153763663910084,20.315817512001587,11.28793145760555,7.3998901991958626,4.892347227306835,4.691053105737075,4.037102165418709
safmnpp,ami,small,089,089_down,ref8,8.136241712047607,39.02656518710206,25.867998529970333,8.205710076849714,6.375330976581064,4.697146243327793,4.768554805040677,3.9315000246257443
safmnpp,ami,small,089,089_front,m0,6.185203380470847,40.217263762941975,8.995239870055915,7.117846310757666,5.594155795283753,4.395943694828168,4.455605948568274,8.080529563864319
safmnpp,ami,small,089,089_front,m2,5.782992364375084,40.509277419884825,6.935532825743787,6.694018436508101,5.320976148383161,4.255940024319558,4.264179553557144,8.338686836788016
safmnpp,ami,small,089,089_front,m4,5.653957942728422,40.60727787225359,7.1338388766273,6.67072609664651,5.099164205525427,4.225154587029136,4.038639085383134,8.062784822358887
safmnpp,ami,small,089,089_front,m8,5.656186683245905,40.60556625891374,7.072290715829831,6.681405338356816,5.187818522950906,4.2199361278431695,4.112942327299733,7.919307970052744
safmnpp,ami,small,089,089_front,rep8,9.457815995547303,38.37289500426799,28.850107164990963,11.776546981353805,5.657984728321167,4.574000932000332,4.525660204789715,7.53435258464689
safmnpp,ami,small,089,089_front,ref8,11.439878396560102,37.54658952843039,46.13448931614488,8.890030968714647,5.63619225446763,4.3882886388177305,4.414338874860351,7.745629977997406
safmnpp,ami,small,089,089_left,m0,4.792173448475175,41.325478322979166,8.389489623512803,3.8860970968595274,3.7162276243791443,3.6517972216586374,4.048597135693186,5.467376178430651
safmnpp,ami,small,089,089_left,m2,4.488707939951138,41.609590121367795,6.388315526255792,3.78158006000973,3.633226278902645,3.6128317725113037,4.062553256931959,5.4324764526203255
safmnpp,ami,small,089,089_left,m4,4.338734114224495,41.75717324304783,6.252772136722071,3.713316899334242,3.5653293293258006,3.6299974261138526,3.9116174152903636,5.0572241270227805
safmnpp,ami,small,089,089_left,m8,4.44536541932882,41.65172894082449,6.118924699215738,3.731828067612038,3.62462695521401,3.622165310034306,4.010529206953457,5.530623733011101
safmnpp,ami,small,089,089_left,rep8,6.512969505466915,39.99301316109835,17.169397228415562,7.530869867557058,4.214416453272509,3.8091849652027934,4.030642380004005,5.363008172496035
safmnpp,ami,small,089,089_left,ref8,7.033532589807694,39.65906856769284,24.07668038274221,4.870060568402729,3.625596431195664,3.582333700896311,4.009640192433815,5.433078721433403
safmnpp,ami,small,089,089_right,m0,5.91977994732858,40.40774797630995,6.583563714768522,4.909041933459875,5.250394119615861,6.611506167460288,5.338033265976143,7.255871620285287
safmnpp,ami,small,089,089_right,m2,5.722999222257871,40.554566739791156,4.668495411988924,4.5678622455542985,5.2518154777602355,7.026167572904807,5.479565649757118,7.354995254635238
safmnpp,ami,small,089,089_right,m4,5.587386922387311,40.65871613896624,4.4853478257424015,4.510488770316825,5.295361681021212,6.804209429421695,5.346016757492081,7.12927938102052
safmnpp,ami,small,089,089_right,m8,5.467459024931104,40.752948239022686,4.536355230549154,4.406171411394895,5.061522956931136,6.48619846068585,5.241150405746712,7.033669256724698
safmnpp,ami,small,089,089_right,rep8,10.112428548266886,38.08224894846152,28.593714927260947,10.967491634960574,6.1943034516177375,7.978970762911097,5.64837479303681,7.468513828466396
safmnpp,ami,small,089,089_right,ref8,12.784981425430935,37.06380259466738,54.03313581867623,7.303558439532622,5.3457888527706885,7.163935468399165,5.288323666666116,7.216787953682058
safmnpp,ami,small,089,089_up,m0,5.202763147318562,40.9684630551847,7.574756231792512,6.282239724073396,5.197377491130966,4.31073258146528,3.923188788691515,5.5439516812912695
safmnpp,ami,small,089,089_up,m2,4.835939973658927,41.28599459347185,5.908626939228713,5.489905190075776,4.644651302838813,4.140819078110844,4.006326424104546,5.648689376676878
safmnpp,ami,small,089,089_up,m4,4.844127880956646,41.27864761231593,6.027735771706314,5.4415792087168136,4.658754926598545,4.100827274710994,4.003137772164316,5.65840944143226
safmnpp,ami,small,089,089_up,m8,4.789573985656666,41.32783474573701,5.945162158960315,5.486885227194488,4.636312448815151,3.9640151423442904,3.8811574209472326,5.709750005235126
safmnpp,ami,small,089,089_up,rep8,8.265848750928498,38.9579290659995,18.40823329440883,16.061131264485375,7.252346539798697,4.438176345661566,4.167301532496026,5.503902758330389
safmnpp,ami,small,089,089_up,ref8,8.089276224877791,39.05170695325286,25.521968930130914,8.888910154005858,5.674781252669859,4.316522959462684,4.043612578788992,5.510045702704008
safmnpp,ami,small,089,089_zoom,m0,3.9617547310607906,42.151927756431874,5.27314524958454,4.79372279366649,3.4119616754759607,3.5225640909676788,3.301854007252601,4.222320633522683
safmnpp,ami,small,089,089_zoom,m2,3.626057251687932,42.53645703994284,3.6628358696420067,4.162913855112539,3.357019102040351,3.288793400838904,3.2801372379189133,4.248590814320153
safmnpp,ami,small,089,089_zoom,m4,3.5536429399344316,42.62406571896766,3.5449755510865666,4.0439322649464335,3.2141414585915875,3.2469807759728884,3.209511092437219,4.270052196229454
safmnpp,ami,small,089,089_zoom,m8,3.5280913065112958,42.65540544782024,3.554854807579477,4.058991567091346,3.223018406872838,3.2217528238530204,3.1793537017810203,4.173162654468893
safmnpp,ami,small,089,089_zoom,rep8,6.796931344129042,39.80767477736365,14.835953785422248,14.517905500239635,5.71269364467948,3.811215182821742,3.2430908972169172,4.228338408309303
safmnpp,ami,small,089,089_zoom,ref8,6.932432254829288,39.72194726613333,24.02313006715088,7.827599599807194,3.875142301152772,3.304220789310219,3.2150611329278176,4.2702921910661145
safmnpp,ami,small,090,090_back,m0,13.427634179562947,36.85080859984021,11.550001230348414,14.189978084638755,26.199979739669203,25.07438708466705,10.105524820846512,4.98017195967164
safmnpp,ami,small,090,090_back,m2,12.56019138487481,37.14084103890157,5.998805387958399,12.100589103213082,24.45279092899339,26.70299639471266,10.652523005478004,5.027575211557273
safmnpp,ami,small,090,090_back,m4,13.150659589861306,36.94132824844175,6.385706748369377,12.324948902018981,25.260915801973756,28.248177532895458,11.185219722445428,5.421368606319744
safmnpp,ami,small,090,090_back,m8,12.29267477543735,37.2343396912691,5.834166631846344,11.672261484110825,24.1278908977077,25.406896496616366,10.63087543813238,4.9985987679748165
safmnpp,ami,small,090,090_back,rep8,26.306464853436182,33.93017870737344,79.2684917011217,34.79267802703361,28.98447977425641,27.14787937908392,11.136847998013945,5.339025249437534
safmnpp,ami,small,090,090_back,ref8,32.15334730546463,33.0585416928043,143.20327832066155,17.570044980955547,25.659934256842376,26.10364848039153,10.517149728625778,5.2079171542231935
safmnpp,ami,small,090,090_down,m0,11.505165992001693,37.52187471988382,9.93816210035266,8.487716668700342,21.06073855905466,21.56767159570128,9.626451547370593,5.932207900786716
safmnpp,ami,small,090,090_down,m2,10.96152498076648,37.73209382936676,6.275446111807727,8.419914511471003,22.078525970861893,21.424969797823906,9.383330781886576,5.617232656288927
safmnpp,ami,small,090,090_down,m4,10.739156927764071,37.82110172241004,6.205396110459481,7.869502927407255,20.847300285720067,21.181306766416917,9.373010346289275,5.798366299785899
safmnpp,ami,small,090,090_down,m8,10.59269672091668,37.88073822675387,6.277740422223337,7.751785777506902,19.86549007195674,20.385141961284496,9.389123578027556,6.107824468013204
safmnpp,ami,small,090,090_down,rep8,22.10465492806931,34.685966212688626,64.65429813975167,32.214075987610876,22.71489081847579,20.08035779601279,9.567595609975669,6.220598030587876
safmnpp,ami,small,090,090_down,ref8,24.654601502434726,34.2118237353806,95.0722338469859,15.420734852369325,24.396979990647612,22.706584965473414,9.611593630262476,6.33100824293529
safmnpp,ami,small,090,090_front,m0,11.63284494469071,37.47394421488987,9.67964256708091,5.85451668034028,6.370315425560572,31.261972484452063,12.72524458416109,6.774592959873306
safmnpp,ami,small,090,090_front,m2,11.13915291621176,37.66228194967594,5.845606413746138,4.997355191568321,6.027814092294368,33.347377208119106,12.673539604057854,6.6296791797753265
safmnpp,ami,small,090,090_front,m4,10.677012336633624,37.846306163434456,5.755945641771733,4.991021454504175,5.70827338669505,31.022203740489644,12.224836575326364,6.566709727580438
safmnpp,ami,small,090,090_front,m8,10.550342131371053,37.898138175036486,5.742109354175573,4.819022513272142,6.071792813898409,29.916918165897382,12.00724756707892,6.828002383139779
safmnpp,ami,small,090,090_front,rep8,17.662140748471238,35.66037019559394,34.20130068960007,21.00634760365176,8.60151847735276,34.82870366037747,13.067416003728278,6.611751206835892
safmnpp,ami,small,090,090_front,ref8,21.195423346044738,34.8683826551144,58.98532216899498,10.074432568433007,8.435925576684596,46.69010051586288,13.662495931990028,6.990220736590916
safmnpp,ami,small,090,090_left,m0,15.004875699079436,36.368479588029736,8.394224132880776,7.6423985021148,12.281195842189662,29.613065713895875,22.30527217209069,4.5627597837814164
safmnpp,ami,small,090,090_left,m2,14.396906532670409,36.548111757252556,5.3093774096064,4.836651125321234,10.958149918734497,30.832755013571884,22.884420557834787,4.586017490457156
safmnpp,ami,small,090,090_left,m4,14.9208180851697,36.392877253897886,5.305942473316854,4.56012224583253,10.9676607076184,34.10170976242362,23.459751651592615,4.6664649351567284
safmnpp,ami,small,090,090_left,m8,14.091112466058574,36.64135079696195,5.211298012903251,4.422768702549158,10.352171786770558,29.96816223284121,22.63086180545237,4.639675490906079
safmnpp,ami,small,090,090_left,rep8,17.87045934223178,35.609446451147726,32.42553098854014,10.784762665527682,11.556759566777496,26.85510220913445,20.90277902814637,4.658098797635223
safmnpp,ami,small,090,090_left,ref8,21.139593105541863,34.87983737107409,58.879826806865104,7.962970072387794,11.547352174207935,24.885949289395548,21.537545602963373,4.6562273196398
safmnpp,ami,small,090,090_right,m0,10.833364762199365,37.78316994667472,10.831531733129017,6.876132090924108,26.56365747240078,15.41208109692396,8.286967222765782,5.2176876105281025
safmnpp,ami,small,090,090_right,m2,9.79710966139194,38.21982391629796,5.156326126716048,5.127668087923625,26.980792849471865,14.938178262205001,8.137760486312526,5.315755718466816
safmnpp,ami,small,090,090_right,m4,9.593313575227096,38.31111720446196,5.360979862344522,5.652826399396793,25.542960557494407,14.551724500308966,7.931790175254555,5.206231180899774
safmnpp,ami,small,090,090_right,m8,9.730267026254547,38.24955602157872,5.351248593521767,5.665275691435488,25.538917230605353,15.256036071432549,8.132124252765335,5.174752457386342
safmnpp,ami,small,090,090_right,rep8,19.248480752376196,35.28683903745335,59.73431592565983,16.761463260607364,28.335013489193784,16.17288756326341,8.580917347854033,5.527359805665489
safmnpp,ami,small,090,090_right,ref8,23.51551604536355,34.417258471375156,97.72549862028553,13.490734883304246,26.384475001322087,13.86392749484213,8.397029368662416,5.579455637026625
safmnpp,ami,small,090,090_up,m0,11.702241452245339,37.44811306206526,9.999207468073868,19.741329251059355,25.552801614629914,19.281578951053987,4.3852745317062825,7.176228966502909
safmnpp,ami,small,090,090_up,m2,12.615096208995599,37.12189793856047,5.857147599429915,24.969421163149214,29.261309533575012,21.90925913474442,4.526868405448046,7.44923228523723
safmnpp,ami,small,090,090_up,m4,12.279729681755217,37.238915542430725,5.199218491287151,25.154778130456897,28.513421122731305,20.66770823280434,4.457129642052654,7.315722283425483
safmnpp,ami,small,090,090_up,m8,10.914496363519433,37.750766603638205,4.767766853867707,20.176085923649524,25.09279109617152,18.95491280897767,4.266377599288622,7.198133538264731
safmnpp,ami,small,090,090_up,rep8,14.231697539722036,36.59823655571802,25.39826796303741,23.206325107511475,26.471445695973358,17.571396156855144,4.468219302373932,7.306278267426352
safmnpp,ami,small,090,090_up,ref8,17.94443501162068,35.591505719349705,42.21010298068393,26.773353356779673,30.799263844998368,22.39849873643737,4.172863887248879,7.415850633908054
safmnpp,ami,small,090,090_zoom,m0,11.716461197062722,37.442839023140316,21.448873454012986,13.540135866212902,36.60267466590371,8.551187835013668,2.57510823468292,5.440233629346344
safmnpp,ami,small,090,090_zoom,m2,9.789045838461798,38.22339998716036,10.145975972247282,9.137703670024372,38.41665087856987,8.84698270679597,2.4863168785856082,5.26652611176777
safmnpp,ami,small,090,090_zoom,m4,9.000153034868132,38.58830466802617,9.942397422626282,9.169391768181477,33.3056910235496,7.82144718246127,2.4476500047656087,5.0386467334290295
safmnpp,ami,small,090,090_zoom,m8,8.94783511118458,38.613623884565584,9.870479312323127,9.437970179398375,32.25074800486384,7.664390053475839,2.4962051962650746,5.311700850917315
safmnpp,ami,small,090,090_zoom,rep8,18.727288584855124,35.40605457912158,53.16554238956979,23.68893787427926,47.03251336139527,9.761700317793041,2.669754812243251,5.29828457704879
safmnpp,ami,small,090,090_zoom,ref8,21.647915342835102,34.77664279979637,77.12538166040372,20.36870296729704,47.42820214684977,9.623859594867099,2.6384139706315834,5.4906626023032
safmnpp,ami,small,091,091_back,m0,10.063341523080382,38.10338149126863,19.904108193782744,11.878810951010202,9.504899334817347,9.933292113027093,7.627638727969164,6.150780903669441
safmnpp,ami,small,091,091_back,m2,9.4118907138158,38.39403485145726,17.469702224814785,10.662689125945489,8.917839386227651,9.363122539762111,7.493450883465488,6.224239578587322
safmnpp,ami,small,091,091_back,m4,9.066601347303402,38.556358403704195,17.066266463096348,10.3462165524026,8.57978647287846,8.464761906303279,7.125859734263974,6.278652341750649
safmnpp,ami,small,091,091_back,m8,9.19948387543187,38.493168983418784,16.296897925333585,10.405546842521547,8.985800893554732,9.369421075898964,7.497727173608126,6.061261607021038
safmnpp,ami,small,091,091_back,rep8,10.79475709990476,37.798674864401676,20.71722366896572,14.580988848004145,10.123962642463056,10.291220237359722,7.940112435499535,6.489802259622982
safmnpp,ami,small,091,091_back,ref8,12.104813485075693,37.30122258789991,33.8222071657787,12.100723026784419,9.90753774016373,10.397167056630819,7.655127119264866,6.129836847150675
safmnpp,ami,small,091,091_down,m0,9.57898571011711,38.31760835486652,17.791199855143894,11.646588790798672,7.047024879060427,8.728385866276147,7.788728754108837,7.287820525671375
safmnpp,ami,small,091,091_down,m2,8.872332640439785,38.650425449045215,13.289824680353124,11.657834492744625,6.719180393281249,8.512544049959695,7.704665907271777,7.285652515447903
safmnpp,ami,small,091,091_down,m4,8.727752928443191,38.72177917436632,12.574535977342126,11.489040267008333,6.612299549392028,8.327481919083636,7.728723655841039,7.2835150858937645
safmnpp,ami,small,091,091_down,m8,8.816897777596818,38.67764555221714,12.856602081461087,11.562516695778795,6.579450382535049,8.338709080883534,7.815438534358333,7.36746180449851
safmnpp,ami,small,091,091_down,rep8,12.633635167190405,37.115520296396056,32.9781041812198,16.67532850739736,7.965570700723848,9.264042993587113,8.14646653973692,7.538159679498809
safmnpp,ami,small,091,091_down,ref8,14.930400038509458,36.39008916693474,54.585651340752584,12.979095487395362,7.3381627555989555,8.86271498575063,7.918424967768069,7.511065389262779
safmnpp,ami,small,091,091_front,m0,11.72009511479968,37.441492246410405,14.915154972013482,15.035984619692986,18.71494601536449,15.737033537097455,8.390654291412897,6.011153613604744
safmnpp,ami,small,091,091_front,m2,10.989643248974776,37.72096766489591,12.064748635911936,13.990107813841913,17.879983301789665,15.60183876419324,8.107826173807439,6.017756276425593
safmnpp,ami,small,091,091_front,m4,11.08206668389232,37.68459601764894,12.392248542700429,14.19386494883609,17.674609149613875,15.441188702797065,8.338044298367057,5.939843675207071
safmnpp,ami,small,091,091_front,m8,10.959910088627643,37.73273369509071,12.102885862807634,13.974795026932725,17.519594148278813,15.603694305774907,8.158452911860339,5.974162525803657
safmnpp,ami,small,091,091_front,rep8,17.31922061936351,35.745520163924475,37.82703147582921,32.19135444790366,22.205327865831524,15.465752349764568,8.036848509939798,6.036355284187753
safmnpp,ami,small,091,091_front,ref8,18.23233279688633,35.52238121395666,60.953224363425214,17.95016834253743,18.086154678627178,15.300791944675899,8.21253745607963,6.0239874833221
safmnpp,ami,small,091,091_left,m0,8.72710720897293,38.722100497368295,17.49188752946444,8.798991224368262,6.6568257996235225,9.501013736481694,6.800849517456396,6.403871094202831
safmnpp,ami,small,091,091_left,m2,7.692518280721055,39.270118238773264,11.86797542245412,6.936006402334142,6.162212174337874,9.869263268103271,6.8838516970014805,6.208762541644739
safmnpp,ami,small,091,091_left,m4,7.712407082825486,39.25890416067681,12.536801564679852,6.840515316681776,5.997511047553075,9.352630147992095,6.807573990352285,6.439834530849492
safmnpp,ami,small,091,091_left,m8,7.742180910569375,39.24217045661771,12.960585867917079,7.118807498813963,5.832500199534132,9.12382580738577,6.790869915704443,6.359338324058415
safmnpp,ami,small,091,091_left,rep8,13.960292647955104,36.6818583842175,41.238563443331294,19.16860584292155,9.17224461741142,11.407597775416795,7.258905285063223,6.392488627562836
safmnpp,ami,small,091,091_left,ref8,14.34652556323049,36.563336243566376,56.659427001864806,10.818117143101793,6.849948086391652,9.35226736864796,6.707306947344129,6.464186236752871
safmnpp,ami,small,091,091_right,m0,8.111924157610845,39.03956479293477,9.400036967531433,8.145579915905062,8.280096264908089,10.831127375228062,6.824056108638497,7.744541312443652
safmnpp,ami,small,091,091_right,m2,7.720026169979996,39.25461588322506,6.9593256179421035,7.236099983388676,8.069054906395078,11.294036148417742,6.833110213900717,7.919667062264273
safmnpp,ami,small,091,091_right,m4,7.626953470857197,39.30729263936598,6.533707223647352,7.266786684415011,8.125586293118152,11.073641578836996,6.739600660735739,7.974756147185338
safmnpp,ami,small,091,091_right,m8,7.546831226075431,39.35315723133531,6.48787083806066,6.86033190246232,7.606801582228679,11.358715159838887,6.852580558700324,7.808169658558427
safmnpp,ami,small,091,091_right,rep8,20.932061839081516,34.922683517727556,83.06601708715947,26.533636484035636,8.461563330570305,11.745463750671496,7.256013792597288,8.320303550060073
safmnpp,ami,small,091,091_right,ref8,30.291945369645365,33.317531959479695,163.52513059835684,14.849792720902647,8.297105678427409,11.185436629344624,6.984350259461348,8.183684114971767
safmnpp,ami,small,091,091_up,m0,10.436434120198856,37.94528224889175,10.951787974151014,15.337708789021828,20.911824683125538,10.571531748569418,5.565996161166038,8.629356636303884
safmnpp,ami,small,091,091_up,m2,9.589456620748692,38.31286361965891,8.841183207222022,12.981711036427583,19.063869051494823,10.518446717683524,5.486400994061292,8.58771059061995
safmnpp,ami,small,091,091_up,m4,9.89327686625726,38.17740197761871,8.784900320438782,13.489205726612404,20.306140315551918,10.794899642731298,5.594880053660823,8.784581096944502
safmnpp,ami,small,091,091_up,m8,9.738485313952491,38.24588947207668,8.610381780169304,13.311572365206198,19.76615907834928,10.618689693393165,5.447488841200132,8.917533343599034
safmnpp,ami,small,091,091_up,rep8,13.117944300559607,36.95214578333832,21.331118364191873,23.83077543658171,22.088973824078717,10.8414167796006,5.5765181629614355,8.648316270977325
safmnpp,ami,small,091,091_up,ref8,13.91391625996951,36.69630975612457,32.18409861684743,19.49283130917121,20.901003860893344,10.714469625316626,5.59623155101933,8.682899217663337
safmnpp,ami,small,091,091_zoom,m0,7.676402105450569,39.27922644986283,17.403115408740963,9.612379196606835,6.449394156254956,7.0145143949366915,5.1426164151208855,4.721506841345694
safmnpp,ami,small,091,091_zoom,m2,6.71428273763493,39.860807354826854,12.496224384965473,8.1996367185092,5.991437731137185,6.876384811797243,5.013525669496075,4.739836780130236
safmnpp,ami,small,091,091_zoom,m4,6.7537883317066845,39.8353291543797,12.726026178349448,8.225521745149054,6.062909738342795,6.752781593488615,5.068038140387715,4.691191638254515
safmnpp,ami,small,091,091_zoom,m8,6.71964799735998,39.85733837339109,12.597358813090475,8.232347586267881,6.117870545701773,6.792135286226897,4.952133408963751,4.751115729126896
safmnpp,ami,small,091,091_zoom,rep8,12.647842480069775,37.11063912740602,38.83741272200714,25.408632735947148,7.823074931966822,6.4470641004474665,4.877994465903884,4.74430628680267
safmnpp,ami,small,091,091_zoom,ref8,13.20760500023053,36.922562888616156,54.59478529005236,13.368550001823676,6.565365689460063,6.670626463715985,5.0371551881929,4.757389453673223
safmnpp,ami,small,092,092_back,m0,8.88234350682669,38.6455279623712,13.437386707167573,8.164979435982751,6.75947471518112,9.555593605090534,7.289460126291726,9.8702233664507
safmnpp,ami,small,092,092_back,m2,8.379786591859734,38.89847402280339,10.72205812753545,7.719703439997175,6.745615913487417,9.575794815881862,7.170919995635942,9.6767144486701
safmnpp,ami,small,092,092_back,m4,8.507653858242174,38.832705489500356,11.281051187160699,7.726876242348703,6.847421346342991,9.463255709092483,7.185437624455496,9.934824310127711
safmnpp,ami,small,092,092_back,m8,8.439931530843849,38.86741437452837,11.127332243198609,7.671893490534089,6.757304550327547,9.608469414788848,7.163017466678489,9.724018740592918
safmnpp,ami,small,092,092_back,rep8,12.292149622038583,37.23452522948535,30.16334827559279,16.507440358822034,7.68346703117205,9.619864414315428,7.333230654654424,9.420316985286965
safmnpp,ami,small,092,092_back,ref8,12.769664693826508,37.06900867170098,39.89016244832836,10.439046270101313,6.971348254071959,9.573735372264274,7.177823714186851,9.740147142014784
safmnpp,ami,small,092,092_down,m0,10.499085713285064,37.91928879604028,19.12559476653083,13.853216046156506,9.064022460822429,6.628174816693042,8.601581986613704,8.273590409180663
safmnpp,ami,small,092,092_down,m2,10.169728219720225,38.05771014066401,17.457613764594736,13.49876670455175,8.906404341715232,6.624344400976231,8.523753453038179,8.214970035185804
safmnpp,ami,small,092,092_down,m4,9.907373636406959,38.171218190351524,16.801240830478786,12.991234010490665,8.776255680027122,6.550386968165893,8.413692599258631,7.945212442526913
safmnpp,ami,small,092,092_down,m8,10.004055667677186,38.129042611663266,16.804966409898203,13.087139440697776,8.692113283362078,6.44793003727892,8.596612637846274,8.19410645212448
safmnpp,ami,small,092,092_down,rep8,11.807293179688273,37.409300137931545,25.25454550805286,15.239846026210321,9.847275920426938,6.9627737317006115,8.84682188903184,8.728472364100945
safmnpp,ami,small,092,092_down,ref8,12.355462716478813,37.212213463422394,31.983732569462273,14.319817563722548,8.91359598942474,6.508856408682171,8.677608275648694,8.484892168850982
safmnpp,ami,small,092,092_front,m0,9.685758865860004,38.26946708105559,11.144147469453937,9.806432104872238,10.025369001979525,9.292133520458773,7.71940653034974,12.192666866740794
safmnpp,ami,small,092,092_front,m2,9.368086210886158,38.4142948214051,10.333962768931583,9.09691182083361,9.678569985988233,8.919349984613378,7.614171003601126,12.192886516081371
safmnpp,ami,small,092,092_front,m4,9.134766976166377,38.52382887696691,10.05903480293631,8.943972897557225,9.50964775060112,8.307072675191783,7.49159497742434,11.913349721825975
safmnpp,ami,small,092,092_front,m8,9.196284099714838,38.494679814554644,9.939637365546218,8.912740751501781,9.559832459477272,8.703693695319771,7.581207539011041,11.93226382195129
safmnpp,ami,small,092,092_front,rep8,11.4275345292183,37.55127818648715,19.78287305606046,13.213634292326988,10.528168381542853,9.671489871348003,7.756977048244515,12.244968032861875
safmnpp,ami,small,092,092_front,ref8,11.797589703561258,37.41287072660632,26.841905554352216,10.792169536261062,9.935326248024351,8.554381317679004,7.507732999710207,12.14912425388973
safmnpp,ami,small,092,092_left,m0,7.661328222089205,39.287762923425255,10.727170499437792,9.577793616044882,11.634484311494285,6.524468257098146,5.4841694402288885,6.0510583954774
safmnpp,ami,small,092,092_left,m2,7.34031630636447,39.47365586081419,8.982583294609258,9.07377075358015,11.7295125505685,6.381635512959167,5.417077431069609,6.103572412353602
safmnpp,ami,small,092,092_left,m4,7.40363078483655,39.43635608283842,9.059720097098445,9.084651043765636,11.83750506162017,6.4449696873627715,5.512316154164365,6.103906587943099
safmnpp,ami,small,092,092_left,m8,7.419843327286344,39.426856257793645,9.052724657651924,9.127376791949944,11.860732575783322,6.395370238307351,5.540003481664333,6.132888554075715
safmnpp,ami,small,092,092_left,rep8,8.193400292811619,38.996161878085246,12.84668399388138,11.395492126759631,12.031432642228589,6.059871864916837,5.479139209934611,6.133630052553645
safmnpp,ami,small,092,092_left,ref8,8.284741248673692,38.9480141190592,15.325058174037549,9.986441966505271,11.445709731172236,6.049924720765867,5.459563523696346,6.174788825303068
safmnpp,ami,small,092,092_right,m0,11.691827637800213,37.45197956551997,16.94282944474134,14.724820378456217,13.193462085422793,10.080823535599047,8.407635354509399,11.604107552184978
safmnpp,ami,small,092,092_right,m2,11.272531993943266,37.610588842635934,14.555469397256084,14.722271754862675,12.858963577522436,9.871460476386835,8.32431763620913,11.595096178098808
safmnpp,ami,small,092,092_right,m4,11.062379145407325,37.69231821728755,13.67488224882909,14.813513025070872,12.684393252317884,9.882303889210837,8.139582561392956,11.481932395862469
safmnpp,ami,small,092,092_right,m8,10.992355343987919,37.719896017202366,13.305240573655615,14.606211872810587,12.628489246628908,9.820847927478669,8.22819292873133,11.429798053909677
safmnpp,ami,small,092,092_right,rep8,13.618056672134758,36.78965223686462,25.886367591159317,19.891717815838515,13.23526664311833,10.474882649768302,8.286046814919217,11.79265567241608
safmnpp,ami,small,092,092_right,ref8,13.94760891184474,36.68580599523377,32.243046046436525,16.13901865705009,12.87915592183868,10.055446656661978,8.34747037658123,11.80402470707186
safmnpp,ami,small,092,092_up,m0,9.601768439666085,38.3072913273902,12.269763783866008,9.333815385915704,8.338810114731112,11.408100793560571,7.366518132179454,11.680424514159519
safmnpp,ami,small,092,092_up,m2,9.305022095804912,38.443629521195824,11.051459567244965,9.441985771321113,8.075777632260758,10.922267969685729,7.3195806034812305,11.429221390636833
safmnpp,ami,small,092,092_up,m4,9.055953461260643,38.561461788666506,10.851160740696908,9.356647273298256,8.128442506217288,10.692027015479907,6.93861476369781,11.060448828629974
safmnpp,ami,small,092,092_up,m8,9.174812180015964,38.504831784089134,10.65115103149685,9.587730291941623,8.217334158525267,10.872625511145504,7.105716962681885,11.237387048296869
safmnpp,ami,small,092,092_up,rep8,12.123745372788836,37.29443554283675,23.00183414552591,15.980850637009745,9.921191777087657,11.76959043985953,7.476818223878232,11.339648662811419
safmnpp,ami,small,092,092_up,ref8,11.975201282302418,37.347975389851854,31.294508562256702,9.996806277985595,8.27487280432787,10.095166324216637,7.02796186216775,11.338495709856605
safmnpp,ami,small,092,092_zoom,m0,6.230848443517463,40.18533173077208,8.56119073162398,5.605180769779911,4.6467615298878115,4.944116740418765,5.246216558217959,8.572485305901997
safmnpp,ami,small,092,092_zoom,m2,5.976585476080265,40.366272257794044,6.453158026268613,6.084070318447564,4.735503252209846,4.942591393793647,5.18792225263281,8.477260616935794
safmnpp,ami,small,092,092_zoom,m4,5.907122425738495,40.417043891176796,6.166154601509362,5.750355969834308,4.609866104557922,4.858113987573235,5.252329448403088,8.561602612924654
safmnpp,ami,small,092,092_zoom,m8,5.875108851884518,40.44064443399055,6.278766532549817,5.733995826360792,4.585207426210441,4.8107145462445935,5.161071167583992,8.522203159597868
safmnpp,ami,small,092,092_zoom,rep8,7.645599497889411,39.296688163886955,14.789354302281028,9.403044790867797,5.436518511157188,4.9036494292718835,5.231982190309477,8.527491441394716
safmnpp,ami,small,092,092_zoom,ref8,7.679927751153645,39.27723226438337,18.40053472717954,6.849750066240934,4.731649317642733,4.8456971074552735,5.078048378906949,8.553460483303837
safmnpp,ami,small,093,093_back,m0,10.493299224801884,37.92168303575044,23.96714490910174,10.666539861239103,8.975811569344812,8.29042600242647,6.7589219454912985,9.300205722262591
safmnpp,ami,small,093,093_back,m2,8.917770852048095,38.62824052191576,14.699825108927488,9.3662571286249,8.276719830368906,8.039975077120754,6.743040154565914,9.168333535766712
safmnpp,ami,small,093,093_back,m4,8.777756268416308,38.69696843227882,13.629439675074687,9.564450287005839,8.508600565688075,7.900248270184707,6.681543155266544,9.111262508721707
safmnpp,ami,small,093,093_back,m8,8.707202686167099,38.73201706788625,13.74455845255306,9.316962161894711,8.133858387702473,7.831720062051548,6.632956394011265,9.184144934293904
safmnpp,ami,small,093,093_back,rep8,12.085319998657907,37.308222065949536,33.743567611796216,12.188321615834026,8.970179179467449,8.339151767463726,6.871899156686182,9.379284520504251
safmnpp,ami,small,093,093_back,ref8,13.72646723071636,36.75521583254219,45.99223661756929,11.603992192762679,9.012299929490334,8.365288098572563,6.839726798239938,9.59110927793577
safmnpp,ami,small,093,093_down,m0,8.666715967117733,38.752257971337215,19.159070135477254,7.585496907823809,7.302732527716983,8.439295547857325,6.600642496374572,6.23776115065822
safmnpp,ami,small,093,093_down,m2,7.981537023319614,39.10993828355637,16.13073780129611,6.7167998215271485,6.709086463148519,8.267778722068947,6.448559318653475,6.125690508102413
safmnpp,ami,small,093,093_down,m4,7.992361189848212,39.1040525862127,15.811621281783632,6.602514590356666,6.814069245026942,8.586106165660782,6.526536532976349,6.1059562700623555
safmnpp,ami,small,093,093_down,m8,7.944108605029831,39.130351880388496,15.879465343351383,6.5394188580216905,6.635025473639075,8.534163632394815,6.428876605495908,6.160900418053814
safmnpp,ami,small,093,093_down,rep8,9.157408568701435,38.51307769682752,22.132764819427905,9.28723873710332,6.542904319407438,7.711074073097081,6.720374394718474,6.2018592719904
safmnpp,ami,small,093,093_down,ref8,10.150086310165003,38.066106256266565,29.335523374981772,8.316851900137571,6.913840189899079,8.469013865051018,6.638649104803198,6.369616518202133
safmnpp,ami,small,093,093_front,m0,7.3566591656469225,39.46399725242385,11.987388395077776,7.087574593017867,6.429687246210709,6.847276454726231,6.725800061990732,6.070213199525723
safmnpp,ami,small,093,093_front,m2,6.941366766553922,39.71635368694003,10.06893003218804,6.70315669634507,6.25540681023158,6.86455126985127,6.564196410665358,5.897540501756475
safmnpp,ami,small,093,093_front,m4,6.68167931029683,39.8819473319206,9.440941865187531,6.414083293499051,5.853856661633865,6.769368050984587,6.238621061434364,6.064032007386583
safmnpp,ami,small,093,093_front,m8,6.657504411529615,39.897688979758826,9.43337322196807,6.500155739997087,5.8224461749563865,6.6314916534922554,6.267213908622755,5.921953614857807
safmnpp,ami,small,093,093_front,rep8,10.339197705561277,37.985935209074675,27.715888864489383,13.07891347734562,7.695370488522741,6.421855773241782,6.655548413360218,5.959796735373654
safmnpp,ami,small,093,093_front,ref8,11.86727706146355,37.38729279052243,45.91976795561218,8.407486222227671,5.720427406349841,6.111169273721592,6.252693768276035,6.101589388512831
safmnpp,ami,small,093,093_left,m0,8.149712616372739,39.019380664008246,10.32983534005692,11.74240276356809,7.593434281096722,10.91763591894434,5.18229730307771,8.143802299813713
safmnpp,ami,small,093,093_left,m2,7.6970512210662605,39.26755984227566,8.407065475284384,10.641772523467278,7.290884434323817,10.389799358438086,5.186931017991458,8.384622462404902
safmnpp,ami,small,093,093_left,m4,7.903488797807484,39.152615187963264,8.588784720200815,11.432287891277532,7.449775660827566,10.88195550169432,5.273377864241553,8.272192381897948
safmnpp,ami,small,093,093_left,m8,7.992440120395527,39.10400969659464,8.481019196744544,11.7769764369462,7.594967178683858,11.283071706296887,5.221187517912617,8.367786629062138
safmnpp,ami,small,093,093_left,rep8,10.80450282106327,37.79475573640931,21.518216630634107,17.899655757994328,9.017251191188995,10.930000101010437,5.31048455294671,8.839735547782162
safmnpp,ami,small,093,093_left,ref8,11.71614428862501,37.442956493291774,33.04036578848129,14.230380192637995,7.683464506312443,10.512133814493941,5.174147038632995,9.096144919334149
safmnpp,ami,small,093,093_right,m0,7.865369777452,39.173612157863055,9.495335513385982,7.644701847384217,10.69235532820727,10.68402343350307,5.896962262374219,6.867925414942271
safmnpp,ami,small,093,093_right,m2,7.8390279227411765,39.188181494543684,9.079487165493466,8.248820126145613,10.451361971195302,10.665208390281537,5.878900601960964,6.812061652704729
safmnpp,ami,small,093,093_right,m4,7.8497684058195745,39.182235170600215,9.284808614054624,7.9405631464258395,10.740649573661152,10.668345277466578,5.833318265289728,6.827184552076606
safmnpp,ami,small,093,093_right,m8,7.978723589707801,39.11146940981438,9.52907700387976,8.161814274429231,10.941233258031376,10.892208370294513,5.834836237800287,6.934756626304067
safmnpp,ami,small,093,093_right,rep8,12.475675613938975,37.17016286936365,32.09628972505714,15.96186996496698,12.630383698061655,11.26047117988902,6.167749563696062,7.251848578067751
safmnpp,ami,small,093,093_right,ref8,15.96642434970343,36.098726932618554,64.9470354103762,10.564329667834459,11.12133949687347,10.909061450136447,6.018813772366298,6.882504670455474
safmnpp,ami,small,093,093_up,m0,9.632195176626011,38.29355086780482,16.039903907627902,14.621206497267602,10.804280023345408,6.860149819054439,6.4228926138200935,8.019900649164263
safmnpp,ami,small,093,093_up,m2,8.728841274055979,38.72123764548712,11.016028308935445,13.12040079995425,10.380463010602023,6.8134034342920335,6.4453638708959655,8.160935428572722
safmnpp,ami,small,093,093_up,m4,8.675023097638789,38.74809721074888,11.621330845720776,13.102114519784902,10.161483688916341,6.5512062673419305,6.297631221409875,7.983650034787161
safmnpp,ami,small,093,093_up,m8,8.483574015216433,38.845015076577056,11.291857420964535,12.912718893959529,9.880616297808535,6.404313082202737,6.143529978309014,7.859907849814434
safmnpp,ami,small,093,093_up,rep8,13.417289518239087,36.8541556978637,33.30636315316871,23.92731003798584,11.749548843386767,7.194597441023808,6.478284256329477,8.379032974172434
safmnpp,ami,small,093,093_up,ref8,13.377340016471987,36.86710595045492,42.42724001076619,16.832287558434338,10.79904191589037,6.478388269212801,6.14061657679794,7.891991428145243
safmnpp,ami,small,093,093_zoom,m0,7.001061798751856,39.67916449658121,10.745885122025612,8.018199432737553,5.922419507158215,6.699155791264059,6.1998176587672384,5.770876163936286
safmnpp,ami,small,093,093_zoom,m2,6.2758461348877885,40.154080734336254,6.840020986120939,6.902689098861209,5.740720106872747,6.565662261587861,6.1736820267796535,5.756941033178765
safmnpp,ami,small,093,093_zoom,m4,6.3531486324116395,40.10091345060254,6.874251922083696,6.858209305433357,5.8957476018931105,7.0270412281113375,6.159762610038484,5.84147550849619
safmnpp,ami,small,093,093_zoom,m8,6.183001788196591,40.21880988765962,6.6765513254825,6.635731911694004,5.522702861860673,6.279028964299602,6.188448039348255,5.843386816656153
safmnpp,ami,small,093,093_zoom,rep8,9.547029474128365,38.33212097522495,21.07895400133944,14.104265152381139,8.229847733938778,7.554931710378167,6.171477556053583,5.757974713007736
safmnpp,ami,small,093,093_zoom,ref8,9.971028900704995,38.143403858217496,29.941339148649437,9.470931855542071,6.466067825871449,6.812350706916583,6.320118929081902,5.962853910747007
safmnpp,ami,small,094,094_back,m0,9.413841095863134,38.39313497657075,18.952823557665745,9.274214213680796,9.853144356346325,9.597151814838393,5.029571794699554,9.97197966298365
safmnpp,ami,small,094,094_back,m2,8.691231420878866,38.7399904685835,13.39180473449139,8.974905777603722,10.203405133494089,9.79021253751612,4.9943692057657625,10.133600612626333
safmnpp,ami,small,094,094_back,m4,8.64930630609428,38.76099083404972,13.018706115466816,8.900491172851426,9.885296302766095,9.928799522647354,5.158801856612432,10.056742158381994
safmnpp,ami,small,094,094_back,m8,8.65853387655015,38.75636000401227,13.268015143631981,8.872423792521959,9.729860478210783,10.182359619916838,5.089227613075958,10.015484094015825
safmnpp,ami,small,094,094_back,rep8,14.493775430386092,36.51898832883836,45.60305381648841,19.012771425686385,10.365556600094436,9.69075308374194,5.198414205757238,10.279181434254435
safmnpp,ami,small,094,094_back,ref8,17.830330463067043,35.61920968508231,76.88509430671287,12.885096633443489,9.934368404740304,8.911111354175548,5.093873891896309,10.242765145933536
safmnpp,ami,small,094,094_down,m0,7.0701995512162545,39.63648689253606,11.678039642144013,8.416219158654426,7.303869875169856,6.7888342261551395,5.819299753980794,4.893174641469027
safmnpp,ami,small,094,094_down,m2,6.589511935451776,39.94227111917248,8.886584722338652,8.294352676324694,7.008216219512778,6.609057886208222,5.7556575520306446,4.855603242201858
safmnpp,ami,small,094,094_down,m4,6.694405284377013,39.87368359532668,9.525482847909972,8.509723804415756,6.95666209842948,6.519418573850465,5.688210735213589,5.0140808437522235
safmnpp,ami,small,094,094_down,m8,6.623692783702665,39.91980179820071,9.425051994148077,8.403202499035215,6.917796431220535,6.481812495357031,5.650644849721272,4.888271334335773
safmnpp,ami,small,094,094_down,rep8,10.416100569720767,37.95375196415691,25.548045476573385,16.948362403476594,9.22322097061581,7.746956588774674,5.908403724113384,4.8700005250293765
safmnpp,ami,small,094,094_down,ref8,10.613038099572478,37.8724063756873,36.308501017355105,10.795775930716827,7.262805751522403,6.52746431091617,5.470909202849931,4.938838637714341
safmnpp,ami,small,094,094_front,m0,5.889647125200902,40.4299108580389,8.930632989947322,6.0455170486303915,8.0022158273761,4.960383810988221,3.9183647622516804,6.294900528505201
safmnpp,ami,small,094,094_front,m2,5.4264004614207515,40.785685198817696,6.876426208578842,5.732906288233133,7.696929303135903,4.740396377049384,3.7670075841755297,6.117184930591118
safmnpp,ami,small,094,094_front,m4,5.2613102046660964,40.919864524934574,6.507282756544734,5.432856370989736,7.050009448473453,4.662515798537077,3.7676878223006893,6.163076463202014
safmnpp,ami,small,094,094_front,m8,5.346290729814512,40.85027788991154,6.499050796636491,5.522063409896611,7.419973546696132,4.724665446479238,3.789355110701997,6.261057929112239
safmnpp,ami,small,094,094_front,rep8,9.192644316493944,38.49639904229106,23.86789663918615,14.03699674310038,9.768006778919313,5.2726792365434285,4.000657505791269,6.09890564041991
safmnpp,ami,small,094,094_front,ref8,10.36303641678298,37.97593336554997,38.64077950839949,8.686121843481002,8.561414300238699,4.9074181425151355,3.93305837541866,6.260925638569599
safmnpp,ami,small,094,094_left,m0,6.441334372970254,40.04104516677582,9.782101107977013,8.018681499705135,5.43516799217966,4.976587782505603,5.830625509719335,5.423226788385896
safmnpp,ami,small,094,094_left,m2,6.051653659447607,40.312062957954836,7.791322652383756,7.270914495882852,5.4471022390840345,5.047872076540087,5.75437511751695,5.395982998737804
safmnpp,ami,small,094,094_left,m4,6.144879160285445,40.245670140095115,7.654521037348921,7.405505254257553,5.45879185071781,5.118101276978118,5.940713558462147,5.530774126544238
safmnpp,ami,small,094,094_left,m8,6.078752181077094,40.29265922465302,7.725599993143611,7.55423912295931,5.592502511641343,4.980046538608544,5.693524202183269,5.455491612708934
safmnpp,ami,small,094,094_left,rep8,8.3975266336414,38.8892897094127,21.197408468903234,10.529392610591733,6.419033762914684,5.140126315074905,5.69800014221132,5.311116370727785
safmnpp,ami,small,094,094_left,ref8,9.724499052184479,38.25213122538604,33.60516666702136,8.89681262342361,5.251101412120459,4.853522320790933,5.688140146199527,5.331626579726727
safmnpp,ami,small,094,094_right,m0,7.12491066098739,39.60300937756969,11.956455550016837,8.346187741507272,7.305382217576233,6.2305620843747045,4.479834870450368,7.907495219251912
safmnpp,ami,small,094,094_right,m2,6.518062547554596,39.989618372138565,7.474233894504139,7.896519154685421,7.555807063288459,6.372376097295927,4.541274239022714,7.909956131117301
safmnpp,ami,small,094,094_right,m4,6.510445518059263,39.99469651959576,7.534824699414391,8.298373569145014,7.346870258813527,6.349773480211053,4.458081470512448,7.839684403658391
safmnpp,ami,small,094,094_right,m8,6.503011212065758,39.999658580772824,7.360104703254216,8.138573190466216,7.533373972815924,6.468712563141613,4.406872571851433,7.9485684998772115
safmnpp,ami,small,094,094_right,rep8,12.223014796666813,37.25902023367831,40.262509177935996,15.99985169616541,8.528334198523735,6.282834894317492,4.613342871378804,8.153858715116902
safmnpp,ami,small,094,094_right,ref8,17.27483023404044,35.75666572768518,80.35331052394841,12.858573553201191,8.631860536889329,6.392631077408089,4.424167027236318,8.088996284724207
safmnpp,ami,small,094,094_up,m0,6.435853555709238,40.04474207459403,11.433151071175157,7.889701766457032,6.397721060886499,6.670984451947152,3.5525948766593736,6.826950956304065
safmnpp,ami,small,094,094_up,m2,6.213767226206461,40.19725380739999,10.09820327644981,7.819501861971488,6.273090147100095,6.5245307956329635,3.4497585413599445,7.024287559651697
safmnpp,ami,small,094,094_up,m4,6.1444050241006325,40.24600525274407,9.669918979851628,7.901064350557125,6.230587621785612,6.55196173669806,3.5196204360227323,6.785049155178897
safmnpp,ami,small,094,094_up,m8,6.10764464424237,40.27206599925269,9.318180229834018,7.788957411965498,6.131688759965127,6.5635521068735265,3.498466772637645,7.03008753192354
safmnpp,ami,small,094,094_up,rep8,12.550879905842535,37.14406186855125,44.82217972027489,17.663890182458243,7.635611278633938,7.203729939339709,3.657169620763027,7.102029453213668
safmnpp,ami,small,094,094_up,ref8,16.22415173021037,36.0291836162166,79.65564559222024,11.090224580669501,6.387695652024584,6.590174182765219,3.524551078392371,7.02958434120098
safmnpp,ami,small,094,094_zoom,m0,5.528056666107913,40.705078746834175,9.76545331601064,5.1297815037926675,3.4521096688442534,4.201964817111807,3.8362792472438563,7.909880586050077
safmnpp,ami,small,094,094_zoom,m2,5.137486479226214,41.02329668953161,7.470054606744548,4.869823308134981,3.202729387996683,3.964681820003835,3.853948400991885,7.947591948398273
safmnpp,ami,small,094,094_zoom,m4,5.149972375160798,41.0127546140874,7.8402498600284245,4.794760722620607,3.1324664053491738,3.9483860336635943,3.819125285526029,7.907205104975611
safmnpp,ami,small,094,094_zoom,m8,5.113172140111418,41.04389946932287,7.254634177988447,4.744762248015705,3.13821922449926,4.032059348012741,3.892156636292522,7.99734230106918
safmnpp,ami,small,094,094_zoom,rep8,8.258196528699,38.96195146858906,23.051550880872615,10.21803641161548,4.626618331017877,4.790158473546418,3.895894431385134,8.117127021986677
safmnpp,ami,small,094,094_zoom,ref8,9.030543454762208,38.573664740868,33.1187513131596,7.166895679576208,3.7399460119707855,4.010342994629699,3.7356810743184856,8.23761047531196
safmnpp,ami,small,095,095_back,m0,7.220404636186003,39.545188244702075,7.0201773208503,5.6276975700198815,4.710318367765553,7.56934692725523,7.301071025357978,9.83420391742467
safmnpp,ami,small,095,095_back,m2,6.868234939108595,39.76235218378256,5.1008824314848,5.012453888083329,4.67987151166919,7.544214862875706,7.249428144327391,9.90890725913399
safmnpp,ami,small,095,095_back,m4,6.742952242471601,39.84230277107702,5.101274131424248,5.146338268501215,4.665022168847139,7.472382544304421,6.878438170952194,9.856528976431063
safmnpp,ami,small,095,095_back,m8,6.645107775452436,39.90578331811175,4.992882135186372,4.901700729761613,4.597558051179985,7.380732169350327,6.850344076383542,9.71711581347691
safmnpp,ami,small,095,095_back,rep8,9.44531276879287,38.37864017295939,18.054546819422267,9.975855668913029,5.245039783144283,7.795847750931208,7.358531356815051,10.115958581078072
safmnpp,ami,small,095,095_back,ref8,10.542013053276362,37.901568112387935,29.959433662122624,6.825075794039295,4.945339856529249,7.388840540815016,7.242747030738856,10.014030642751347
safmnpp,ami,small,095,095_down,m0,7.837413514863774,39.18907599402301,11.024746484528391,6.554400616532306,6.163588340952637,6.008006099990265,6.543288955750876,10.963309335051841
safmnpp,ami,small,095,095_down,m2,7.232569268776003,39.537877591419964,6.585981044279843,6.152556622576191,6.183570529842218,6.050841369741758,6.584855658768126,11.160438937686763
safmnpp,ami,small,095,095_down,m4,7.219387215553536,39.545800248215315,6.432947543107389,6.139791562553816,6.13827656862745,5.9511768808486325,6.59979635865214,11.276866631262253
safmnpp,ami,small,095,095_down,m8,7.084731809058714,39.62756946093946,6.365475052436123,6.0077856338029,6.0789513301485,5.837622910410602,6.42249267188877,11.105486762773813
safmnpp,ami,small,095,095_down,rep8,8.9499359836324,38.61260431926817,14.060887131514303,11.431678157739217,6.740679699145308,6.040697316400595,6.336688631687709,11.369221893953465
safmnpp,ami,small,095,095_down,ref8,8.499829873925608,38.83670127571823,17.044213915051824,6.910807988426272,6.118023566215757,5.416010759325061,6.055585620046179,11.09115756952278
safmnpp,ami,small,095,095_front,m0,7.894897022964934,39.15733891203744,8.836513828201229,8.35491826307576,6.492212441242068,4.837387493006646,7.134877061474182,11.069485195528943
safmnpp,ami,small,095,095_front,m2,7.501943834400166,39.37906552519668,7.082056268851799,7.323589784137279,6.024787177461071,4.870827613387268,7.198166762561634,11.123810908178825
safmnpp,ami,small,095,095_front,m4,7.485529324140683,39.388578448427594,6.928107890431909,7.429990898014958,6.046279918113915,4.770294393457947,7.147719377444724,11.21608570797686
safmnpp,ami,small,095,095_front,m8,7.547610306694791,39.35270892006323,6.891315866424092,7.283612276305065,5.962616131204943,4.855002273375569,7.395224485684885,11.238712137004939
safmnpp,ami,small,095,095_front,rep8,12.02824798002188,37.32877987727678,32.60129979530238,14.428888658902963,6.772357881926001,4.917826093145447,7.220520202421954,11.223637542900086
safmnpp,ami,small,095,095_front,ref8,15.494164956033131,36.22912185569102,61.98333960059488,11.139336362581433,6.252987800727545,4.738840326126829,7.247352478727036,10.791867606702649
safmnpp,ami,small,095,095_left,m0,7.789071858706471,39.21594650391371,8.760864062928045,6.470731504974632,7.298857160654824,5.209197184589986,6.787064093630035,11.781449388923788
safmnpp,ami,small,095,095_left,m2,7.2370870235818,39.53516565962716,6.366260633355783,6.1195291725726975,6.482507495552189,5.195055937025796,6.67039014239702,11.542909899972724
safmnpp,ami,small,095,095_left,m4,7.051450868724175,39.648018765782155,6.128034489959605,5.977364735179664,6.47702414538125,5.022831654113617,6.434081172620535,11.334198132454041
safmnpp,ami,small,095,095_left,m8,7.058632753385204,39.643597738620535,6.150891778249429,5.909201643517933,6.322729132397723,5.072358381554736,6.431641608613657,11.483551561407028
safmnpp,ami,small,095,095_left,rep8,12.333724147132257,37.219861299864775,35.34501785028268,14.65058620058383,6.458238372117933,5.363738815302866,6.742177738439217,11.500997886403482
safmnpp,ami,small,095,095_left,ref8,14.252821997939138,36.59179499555292,54.06162297369878,8.960986550523938,6.408272379085385,5.0816084790113845,6.76962121731096,12.081567433026414
safmnpp,ami,small,095,095_right,m0,7.491566141327749,39.38507742709722,6.4539895736822634,6.161352689284419,6.640929645589677,5.661413344529135,7.2664955031854905,11.369930987665443
safmnpp,ami,small,095,095_right,m2,7.132598111598396,39.598326066120194,4.893807816751575,5.458086020255939,6.178911106956278,5.614808750203876,7.2298069287572195,11.462961920651313
safmnpp,ami,small,095,095_right,m4,7.070597885571338,39.63624221833974,4.815010321090661,5.478870842305198,5.994036374462405,5.518007942953169,7.223016603819013,11.353135027064411
safmnpp,ami,small,095,095_right,m8,6.969627732236881,39.69870779061575,4.680987209167774,5.357968306413363,5.87139117152186,5.508005203871401,7.142155604989951,11.213143216996288
safmnpp,ami,small,095,095_right,rep8,9.446957592943807,38.37788395039791,16.43330245965035,9.6234131241708,7.657462794730392,5.970288649860018,7.2564251693580815,11.34099361041907
safmnpp,ami,small,095,095_right,ref8,10.387642948189708,37.96563347547914,27.892549823527784,7.014619292699878,6.92882016419379,5.346354130936812,6.878400627358094,11.224026313336518
safmnpp,ami,small,095,095_up,m0,8.682666115398327,38.744272599521146,10.299610273799816,6.8770957474726355,6.235936538308465,8.100398659825613,8.057981664016765,11.896008606996345
safmnpp,ami,small,095,095_up,m2,8.53787287619462,38.817306767361515,9.203489480062407,6.918676472969209,6.0401535148200525,8.052754977029037,8.013136938926763,12.14236575853932
safmnpp,ami,small,095,095_up,m4,8.67180634379022,38.74970790100995,9.141560056957646,6.880725363662912,6.20147437079648,8.677244695633847,8.22959768507496,12.078848397083274
safmnpp,ami,small,095,095_up,m8,8.524150339862821,38.82429260135805,9.120403958238848,6.853226171823929,6.148288025935337,8.140713072864305,8.13482161023175,11.820805786463438
safmnpp,ami,small,095,095_up,rep8,10.526739768600555,37.90786473988482,18.248063189126448,9.944626567139254,7.011326826863468,9.239803025432035,8.662047122290476,11.593948278704762
safmnpp,ami,small,095,095_up,ref8,11.196252265169244,37.64007685781115,27.504980296606675,7.995026417813497,6.407225532339247,7.984022458258592,8.267221068082861,11.512010762192302
safmnpp,ami,small,095,095_zoom,m0,6.540729989436582,39.97454139654937,7.897140445931939,4.78688037566268,3.781238085110656,6.468278522147296,6.156651475971562,9.361832047104897
safmnpp,ami,small,095,095_zoom,m2,6.373451980669694,40.087056428037904,5.794069816996802,4.6450089818519595,3.6515588581134666,6.501884458201675,6.352884798225625,9.847360519390376
safmnpp,ami,small,095,095_zoom,m4,6.14767753450762,40.243692815875,5.532334282110339,4.573890665279645,3.685995092753029,6.366025838512013,6.094067276915072,9.371852064989785
safmnpp,ami,small,095,095_zoom,m8,6.159660627923472,40.23523575891844,5.5863486230767245,4.544131839854022,3.695606002068377,6.3771378946872055,6.090911343636971,9.41200082538783
safmnpp,ami,small,095,095_zoom,rep8,11.30281011354144,37.598939293241806,34.84092390318231,10.099288303403643,4.35765527409485,6.584635290004622,6.572729551740535,10.312627375225572
safmnpp,ami,small,095,095_zoom,ref8,15.083966263955151,36.34564808454568,66.78411422786077,6.966977799104006,3.9846502657871987,6.436927547560652,6.366614946082937,9.884962998088294
safmnpp,ami,small,096,096_back,m0,10.47884691563083,37.9276686502653,14.623594427829877,10.837386746198431,9.881363022396917,9.273119392506684,8.32319178394893,12.203158081308151
safmnpp,ami,small,096,096_back,m2,9.839385949331291,38.201123647880145,12.128114033372075,10.044436495150803,9.776817603537973,9.129334547460775,8.102032693474868,11.668471838052913
safmnpp,ami,small,096,096_back,m4,10.041152515683684,38.11296797214752,12.55689764260102,10.304097238602775,9.831259416832559,9.185662700839787,8.22279947405331,11.99195225958027
safmnpp,ami,small,096,096_back,m8,10.009155131200375,38.12682940465818,12.332477154270729,10.164977482257537,9.743645593187717,9.040795161174994,8.272819722445108,12.138115083277166
safmnpp,ami,small,096,096_back,rep8,13.104125831765236,36.956723061387684,26.006453582995626,17.284082447461405,11.664199028892464,9.427550321060375,8.39642726497955,12.1491913318577
safmnpp,ami,small,096,096_back,ref8,13.764327566937334,36.7432536134647,37.660928803838196,12.122179544230855,9.973315609356348,9.258871339164047,8.287215918188926,11.99040895763156
safmnpp,ami,small,096,096_down,m0,13.64043882420164,36.78252018709934,37.643057443063206,17.332602087332813,9.218497318912467,7.997335103631744,8.50830243825584,8.395732881264356
safmnpp,ami,small,096,096_down,m2,12.305521936564505,37.229803219138006,29.455681504154875,16.055507502399855,8.678443910965253,8.091511283565978,8.521209439566965,8.399612608007073
safmnpp,ami,small,096,096_down,m4,12.040723386600567,37.32427781473386,28.442657824808148,15.624002836723037,8.596480940653834,7.88081226708212,8.478907948847667,8.261942362331913
safmnpp,ami,small,096,096_down,m8,12.070572189619227,37.31352503123149,28.450669266636417,15.848985715946316,8.80070921569222,7.941104293766416,8.312406889543048,8.40387151315269
safmnpp,ami,small,096,096_down,rep8,18.855320362509485,35.37646445155807,63.22243916380716,27.726286411140457,11.350546950406303,9.222705472057545,8.286266292632842,8.79430154393424
safmnpp,ami,small,096,096_down,ref8,22.4420175347003,34.620184635065634,96.75702102091525,22.202543695154382,9.3405142735887,8.454913938085973,8.39273121743754,8.633963345262456
safmnpp,ami,small,096,096_front,m0,10.82956761169266,37.78469243818274,14.829436919168467,13.984446531915593,13.143976693510487,9.303202592293864,7.407612632329091,11.293566459602378
safmnpp,ami,small,096,096_front,m2,10.380830976448738,37.96848241070164,12.74248813197765,13.226186234901935,12.729081711093746,9.056586881151798,7.348818889593649,11.459901456910021
safmnpp,ami,small,096,096_front,m4,10.405309373023961,37.958253635860274,12.728648439669428,13.380563758128492,12.779229244797522,9.213012709498468,7.358953623695936,11.349713060538136
safmnpp,ami,small,096,096_front,m8,10.388616807324935,37.96522633612503,12.987790452018585,13.38517299118329,12.567581535823146,9.040997375372957,7.375282756437579,11.265613103091239
safmnpp,ami,small,096,096_front,rep8,13.225744193996286,36.91660242334381,28.41850248510581,18.52132030470888,12.980756836744158,9.295054150654984,7.295647179658975,11.351279290465806
safmnpp,ami,small,096,096_front,ref8,14.00901991146444,36.66672608303893,38.61572008099542,15.12007772105428,12.23850111205747,8.648709648714318,7.287318725251439,11.220682406813065
safmnpp,ami,small,096,096_left,m0,8.707416135187342,38.73191060591586,12.225920602002438,9.8087272206522,8.223414583731888,7.719569088845057,7.699361544270302,8.005865333629313
safmnpp,ami,small,096,096_left,m2,8.199116521128829,38.99313302468309,9.526524701325382,9.535983639915075,8.264184443107156,7.85526835452491,7.468711347891468,7.747577831795521
safmnpp,ami,small,096,096_left,m4,8.117166059868916,39.036759300730324,9.371378956220882,9.343230355797509,8.223958608864528,7.801200056400794,7.37923461248696,7.771942074601654
safmnpp,ami,small,096,096_left,m8,8.173937921434257,39.00649025813956,9.2155319787276,9.29664376475479,8.108693420741421,7.761486097216794,7.637953792399787,7.860930793467834
safmnpp,ami,small,096,096_left,rep8,11.075807065089347,37.687049789168775,23.264105182103,13.65585679843983,9.426396577037014,8.253848944571407,8.071703769190922,8.231204680151803
safmnpp,ami,small,096,096_left,ref8,12.816692829015357,37.05304384936307,39.894064741852766,11.139585132875718,8.611225115245999,8.65957798569794,7.715023080076359,7.9483506387787735
safmnpp,ami,small,096,096_right,m0,12.023808331863625,37.330383161996906,18.613863863001345,14.901322054302135,13.045895709011859,12.214003061194065,9.447386861277955,8.888957422078647
safmnpp,ami,small,096,096_right,m2,10.909404744444057,37.752793062700285,12.729803236751808,13.324191654312946,12.78435358615061,11.94161401987496,9.332446079029648,8.847465731847787
safmnpp,ami,small,096,096_right,m4,10.801593942696417,37.79592513766183,12.890208544581299,13.288528656899784,12.690061217841697,11.822410970507327,9.185268873969987,8.551244054807706
safmnpp,ami,small,096,096_right,m8,10.844537631652239,37.77869320728185,12.862814905116782,13.465501160959375,12.591110576711268,11.680647317180911,9.234603648823594,8.74749684416078
safmnpp,ami,small,096,096_right,rep8,14.531480997000868,36.50770482561058,31.45866416618404,19.63497446629067,13.882140751627198,12.527041705398217,9.51856585712205,8.806706021370928
safmnpp,ami,small,096,096_right,ref8,15.033348680036593,36.360246303624855,39.63033251785854,16.536204582230166,12.690721412927028,11.942064774236785,9.411132379550873,8.887576676014573
safmnpp,ami,small,096,096_up,m0,11.692924669104057,37.45157209090931,17.291930173063058,15.875059652054663,11.475999393389287,9.55999920423895,9.341803721475776,10.206789325085785
safmnpp,ami,small,096,096_up,m2,11.027435374892864,37.706058395464304,14.737379656726702,15.173592288688697,11.321148236139072,9.498800435590399,9.137795629527625,9.455153236824598
safmnpp,ami,small,096,096_up,m4,11.124220793946925,37.66810760697258,14.901017106448803,15.224793534692658,11.308064767066481,9.415618236512858,9.221579836331417,9.74064851664396
safmnpp,ami,small,096,096_up,m8,11.228571135016209,37.62755866196778,14.854009897101994,15.388615303081666,11.210385928165548,9.750961604878894,9.293478547494438,9.974591048094362
safmnpp,ami,small,096,096_up,rep8,14.63822372251636,36.475919804783295,29.873834861869433,23.29867143733997,14.13120320988907,9.70855322297853,9.23319777391061,10.0936197033713
safmnpp,ami,small,096,096_up,ref8,14.429123673040857,36.53840405070294,36.83854060441137,17.05381032519156,11.584769626026798,9.380285005226291,9.094268644559303,10.162555970893948
safmnpp,ami,small,096,096_zoom,m0,8.941347916338826,38.61677366848104,13.34591108372227,8.979895701450626,8.94054979684986,8.912907499785996,7.290377089114149,8.624149282548055
safmnpp,ami,small,096,096_zoom,m2,8.529252579810736,38.82169385349373,11.15883642586173,8.449860422810252,8.781638263425604,8.746096589389449,7.269874137182285,8.619412520750489
safmnpp,ami,small,096,096_zoom,m4,8.494470922140822,38.839440268388756,11.012356707290916,8.379767638210422,8.760459460589678,8.759850620628438,7.296819421024165,8.541685010596943
safmnpp,ami,small,096,096_zoom,m8,8.45803996479969,38.85810627981955,10.919469762371474,8.334634037421395,8.78596541180976,8.770092645576927,7.253408662360702,8.498819927031247
safmnpp,ami,small,096,096_zoom,rep8,10.56420122846875,37.89243695748658,21.24440640460794,12.748784509311365,9.491546198925713,8.871610406218739,7.2053942835530735,8.773497917885244
safmnpp,ami,small,096,096_zoom,ref8,11.037440269870697,37.702119945007,27.4794435559015,10.343539806571235,9.07077311428606,8.825524361603884,7.206117922508238,8.650145863578247
safmnpp,ami,small,097,097_back,m0,8.600849623834439,38.78539006285105,9.894177726660441,9.915108477551069,10.228467312546497,7.981653769409999,6.548485055474951,9.815748452749242
safmnpp,ami,small,097,097_back,m2,7.800322025030468,39.20967828586802,6.674903112687839,7.625798668001314,9.76025982392112,7.945181045295104,6.515602102795485,9.833235522839711
safmnpp,ami,small,097,097_back,m4,7.616957848310892,39.31298808621859,6.3282684759232115,7.518152956209243,9.538781404069352,7.745365684155399,6.456066900769705,9.523737746297458
safmnpp,ami,small,097,097_back,m8,7.6710558338358075,39.28225217094856,6.23926368231417,7.904262614019664,9.765493487181464,7.922744537762665,6.409871443863284,9.44838048131554
safmnpp,ami,small,097,097_back,rep8,11.085122524364253,37.68339863114181,26.039161883321032,13.123845249972302,9.310642562552085,7.865247265336882,6.549662920023884,9.69945960660425
safmnpp,ami,small,097,097_back,ref8,11.831127146311625,37.40054239223511,33.09950151980336,10.395747736419349,9.632267413467872,8.153156059990467,6.712039402950971,9.708664541735809
safmnpp,ami,small,097,097_down,m0,8.565702052468875,38.803173969501444,9.511315059404424,9.393389985844589,9.202568925139309,7.175412776480614,9.347581202707453,6.180611120509539
safmnpp,ami,small,097,097_down,m2,7.863059212682169,39.17488814739445,7.2571184599770575,7.813149144688749,8.196068616341549,6.768960110712292,9.264515911445494,6.169806487214893
safmnpp,ami,small,097,097_down,m4,7.884656568127289,39.16297579349527,7.072704824224155,7.828472196518583,8.322020217538656,6.9727735063270675,9.201080357048964,6.335860029743188
safmnpp,ami,small,097,097_down,m8,7.904398042331866,39.15211558939696,7.015129257340349,7.773359702365752,8.286181092532528,6.97147785810426,9.38656886137292,6.206630208228565
safmnpp,ami,small,097,097_down,rep8,10.629432852451021,37.865702680870314,22.333090957347917,11.8559435725692,9.641861775781068,6.972691977257884,9.205502848613023,6.223475621760079
safmnpp,ami,small,097,097_down,ref8,11.842090579301107,37.39651982221895,35.37069859071614,9.42210679106393,8.128855028805505,6.721471187255523,8.962099389298702,6.334569327401297
safmnpp,ami,small,097,097_front,m0,7.718544012252453,39.25544975957081,10.167069734524299,7.8205993973225,8.519082974619465,8.186147891237512,5.77115619837736,8.599377086518947
safmnpp,ami,small,097,097_front,m2,7.2594258425542675,39.52178087725807,7.1874951218988645,7.044102096457115,8.279129000219415,8.196529739050407,5.786292053023293,9.000992891390512
safmnpp,ami,small,097,097_front,m4,7.094318311473163,39.62169690149671,7.16947661763462,6.794291297015574,8.102669362137215,8.001761943765137,5.654214535703172,8.74596112895581
safmnpp,ami,small,097,097_front,m8,6.999622178917604,39.68005762287883,7.260444416669007,6.989358093806896,7.912076665848829,7.705759578445656,5.572494529333306,8.460027547017734
safmnpp,ami,small,097,097_front,rep8,13.678481597333414,36.77042470391622,46.41096223033079,15.11140787058341,9.004786382828991,7.914707749590769,5.797596960832262,8.709212826558295
safmnpp,ami,small,097,097_front,ref8,16.07918819904739,36.06816242424008,68.06045829028305,11.040313763912527,8.389758313686018,7.7645041762201155,5.8544147830001405,8.809441832408329
safmnpp,ami,small,097,097_left,m0,7.036541496295775,39.65721107711211,5.100036374120192,3.9405529397211874,4.791458521480501,5.320379720168682,8.96580016499949,9.680036132139264
safmnpp,ami,small,097,097_left,m2,6.988962367682645,39.686676588619314,4.058564775023788,3.751205500247121,4.607636603582758,5.268426632415065,9.305603046832795,9.869652631011693
safmnpp,ami,small,097,097_left,m4,6.710618776085438,39.86317793210183,4.013712188231277,3.7958774991945035,4.657240527041433,5.144441937582767,8.608974200503349,9.653548143384818
safmnpp,ami,small,097,097_left,m8,6.5698530342066,39.95524706246788,3.9236581592543547,3.767897577247804,4.697216767531089,5.006596414114596,8.3168098725796,9.555579406775042
safmnpp,ami,small,097,097_left,rep8,8.004943890898954,39.0972206870483,12.213292547604807,4.894575766692008,5.1360524615601575,5.52643503658137,8.509309457097178,9.452708875322715
safmnpp,ami,small,097,097_left,ref8,9.55846920361035,38.32692015627118,25.147513852335866,4.466226565902149,4.686169402774655,4.923680602699155,8.359643692659047,9.456406359190636
safmnpp,ami,small,097,097_right,m0,8.679031768480996,38.746090828181885,13.555194020135007,10.17273858495051,9.299373500908215,9.212037495897981,6.166781470220938,7.813747669195921
safmnpp,ami,small,097,097_right,m2,7.814972014105519,39.20152933745118,9.267797062437593,9.189901371298827,8.80185704145653,8.837524048723946,6.090831644553418,7.665885766082997
safmnpp,ami,small,097,097_right,m4,7.7483657036356135,39.23870250715149,9.111926098023435,9.098269954319937,8.879649148736213,8.878352398468364,6.0042085536342995,7.562670555599589
safmnpp,ami,small,097,097_right,m8,7.82669504590824,39.19501948277029,9.244713276418763,9.412777103621572,8.969366992443502,8.868825378244336,5.981587363860804,7.664852945801133
safmnpp,ami,small,097,097_right,rep8,16.263535962218594,36.01865386526841,60.55364165326588,16.90259687399546,10.980996817274365,9.525597184900123,6.244235661341754,7.918799017323327
safmnpp,ami,small,097,097_right,ref8,27.30376153046166,33.76857878684673,141.8760373304119,15.980885473379194,11.241979069564138,9.63234888338589,6.159115834254593,7.816562078373462
safmnpp,ami,small,097,097_up,m0,7.1847516903830915,39.566685976335606,7.664131915931862,6.691819672597735,6.754743169569995,6.782862349525299,7.049114608664925,7.956381626557392
safmnpp,ami,small,097,097_up,m2,7.237369904009811,39.53499590761567,7.506441977513439,7.257959623479672,6.884725961715325,6.771078194388564,6.98504272778658,8.009891277498618
safmnpp,ami,small,097,097_up,m4,7.23265994803013,39.53782314154004,7.590307050804652,7.113276083780776,6.721979422487926,6.834397213348339,7.0821504933332164,7.908843761591214
safmnpp,ami,small,097,097_up,m8,7.0947824602459555,39.62141277179164,7.3138053196330475,6.965777551160917,6.766172439270382,6.523056793436711,6.910967165239193,7.933269482663999
safmnpp,ami,small,097,097_up,rep8,9.595688774097992,38.31004207220699,18.809361039605317,11.794671167708195,7.7762202848232045,7.516372823783126,7.093687081769572,8.05102055353644
safmnpp,ami,small,097,097_up,ref8,10.78463820982897,37.802747803779184,33.230305672803,8.35069417597834,7.10913852197547,6.8006697005760435,6.722378846092286,7.6428824421341535
safmnpp,ami,small,097,097_zoom,m0,6.540682707566361,39.97457279110256,10.055159406719522,7.761572436539543,4.9540526807726,3.387239513790304,5.034006162758495,8.75624924710712
safmnpp,ami,small,097,097_zoom,m2,6.185047828769992,40.21737298504942,7.802489429225004,7.301258418239367,5.066303337303112,3.342923022694539,5.0115956292539225,8.820090133131485
safmnpp,ami,small,097,097_zoom,m4,6.1190710220737605,40.2639486692674,7.373524330568385,7.26373930571167,5.073769794708496,3.34385411730035,5.029315595370825,8.767940532216691
safmnpp,ami,small,097,097_zoom,m8,6.042399671886121,40.31870912761821,7.333108047782995,7.092897537698712,4.960880759262633,3.324804249300881,4.976240262558294,8.675444505160872
safmnpp,ami,small,097,097_zoom,rep8,10.298226107993747,38.00317937896409,26.290139064401792,18.83568312855245,5.886255544893672,3.4140646760867215,5.031400173426748,8.790880642798198
safmnpp,ami,small,097,097_zoom,ref8,10.04361128970693,38.1119046467271,32.869236215537796,10.613981715773305,5.0621524104821765,3.41800503385941,5.0337655412028655,8.711409418243761
safmnpp,ami,small,098,098_back,m0,9.276738715065418,38.45685036263896,8.172983779795631,6.612066693869194,8.76410243156376,11.876431147438753,7.429705491627887,14.301597249071932
safmnpp,ami,small,098,098_back,m2,9.084791908033756,38.54765376854863,6.55378692585841,7.034186097562634,8.903693980795305,11.769727538190956,7.386358931218895,14.222433557668024
safmnpp,ami,small,098,098_back,m4,9.002669633955703,38.58709047498087,6.6484312430370265,7.013506118836672,8.630607912644445,10.906982704818828,7.330291984661579,14.513591862936247
safmnpp,ami,small,098,098_back,m8,9.051015258266048,38.563830638359086,6.6443890521495765,6.923870507746456,8.727357369834918,11.576695832496556,7.392036233209501,14.265034360429702
safmnpp,ami,small,098,098_back,rep8,13.949456933440754,36.6852306045549,35.753098413462524,11.895158040596803,9.906974500551739,12.403782751553257,7.669610507829003,13.976228519712793
safmnpp,ami,small,098,098_back,ref8,20.03784166142754,35.11229420369957,82.06934212019091,8.768179380670414,9.79212944801119,13.51592898199483,7.665902993425764,14.115625215537053
safmnpp,ami,small,098,098_down,m0,7.745801486598575,39.240139983985294,6.14443986741504,5.155603497667353,5.457335731816069,5.813503668768283,8.194037725773205,12.721827566946425
safmnpp,ami,small,098,098_down,m2,7.605232661906315,39.3196785618876,5.497261814267643,5.068850726465846,5.2360522404418965,5.607697244021409,8.16423187011201,12.820879250960807
safmnpp,ami,small,098,098_down,m4,7.67628024138667,39.279295395326955,5.434864411185122,4.916155968497969,5.27663530774528,5.983902924763291,8.063553963190165,13.31550359225388
safmnpp,ami,small,098,098_down,m8,7.519889029654455,39.36868929074715,5.349436605104193,4.895283527164043,5.303017369883579,5.934413111836565,8.02107920709438,12.60369094389718
safmnpp,ami,small,098,098_down,rep8,8.633486270705165,38.76894158154773,10.970692635813379,6.531167785551305,5.540203442687158,5.686108705195422,8.161997855257543,13.087953186123366
safmnpp,ami,small,098,098_down,ref8,9.323254597914726,38.43512816842311,18.259232721183192,5.795649042579518,5.41717288893112,5.402649962376042,7.920627085261488,12.570151565833513
safmnpp,ami,small,098,098_front,m0,6.71667376284989,39.859261062769576,5.655542806090046,5.694856014155162,4.567744530042082,4.681699690928457,7.240842563195443,9.966095457336
safmnpp,ami,small,098,098_front,m2,6.286307576490804,40.146847345037536,4.4109553244849105,4.812984998821784,4.1625487314684255,4.585880096384477,7.0700573785088014,9.783554253746697
safmnpp,ami,small,098,098_front,m4,6.178213955610497,40.222174167386626,4.202124952178851,4.680733578097387,4.026716869624334,4.468839152775932,6.928326622045242,9.858755520051963
safmnpp,ami,small,098,098_front,m8,6.129521394246632,40.2565379564026,4.132725978533893,4.56535362181844,3.9475943217153264,4.43872931165569,6.969823100261391,9.712904540686575
safmnpp,ami,small,098,098_front,rep8,7.438605853147592,39.41588813362378,10.729200347856219,5.701411095053402,4.62944687822475,4.951988919338629,7.200713925144546,9.975618544946476
safmnpp,ami,small,098,098_front,ref8,8.19337283622741,38.996176431582654,17.624204952673704,5.312715169696984,4.300851653436059,4.684927019407145,7.0104562835959765,9.912218447484923
safmnpp,ami,small,098,098_left,m0,4.786429550650125,41.33068689761008,4.296269601932001,3.972679103273722,3.5703023145170136,3.1553612137527534,4.961191577344418,7.23278314675065
safmnpp,ami,small,098,098_left,m2,4.601702750083558,41.501617991575856,3.43604163639536,3.6889907293060458,3.456950129158196,3.201404033057467,4.881439716298722,7.258023436129014
safmnpp,ami,small,098,098_left,m4,4.583325528769708,41.51899656944593,3.4476734906479396,3.6154488236572564,3.418824917125866,3.1847317755603175,4.960775134481318,7.083702069380888
safmnpp,ami,small,098,098_left,m8,4.583540874951373,41.518792522273664,3.4545149907637174,3.6357343201263483,3.4686129176400304,3.233589796478945,4.899445153687538,7.117746400798912
safmnpp,ami,small,098,098_left,rep8,5.332912217002024,40.861159258790885,7.413689505549386,4.529233013639955,3.8580180194864657,3.2720194225549517,4.869084048332675,7.41378201966347
safmnpp,ami,small,098,098_left,ref8,6.023169530703957,40.3325527368719,13.073769143145237,4.440113884350378,3.6770200053204296,3.080372807922893,4.901995340644718,7.162936727683223
safmnpp,ami,small,098,098_right,m0,8.138243821148484,39.02549663727012,9.88916076325244,5.028283084099182,5.433135991600708,8.700469070420143,6.377563913428435,13.808054124884718
safmnpp,ami,small,098,098_right,m2,7.505827111809686,39.376818041550585,5.908403946229299,4.655641288079168,5.3697148464395,8.93080000493345,6.36333743397612,13.518029024756585
safmnpp,ami,small,098,098_right,m4,7.415607207906967,39.42933642961826,5.679511374780415,4.754746499457096,5.296716991373631,8.639710815954508,6.310440774653436,13.43970345869125
safmnpp,ami,small,098,098_right,m8,7.422711917383663,39.42517755376313,5.676832167263963,4.683578868447147,5.120894163413261,8.408422620632372,6.258821746266982,13.889506765590697
safmnpp,ami,small,098,098_right,rep8,14.493822396288712,36.51897425590105,43.98985307043955,15.42130743973158,6.849891256402105,9.685565290612514,6.524772350639343,13.969598417971334
safmnpp,ami,small,098,098_right,ref8,19.650657181064595,35.197032817118135,92.03945009421396,7.504543814128957,5.15792053138147,8.601705117465103,6.431299844999904,13.504314675957025
safmnpp,ami,small,098,098_up,m0,9.111463348075695,38.53492228356226,11.091068497392948,7.578962789384652,8.464823005958856,7.171038936659324,7.190713180736949,13.923568542133555
safmnpp,ami,small,098,098_up,m2,8.301425637065789,38.939276789564644,6.946493220316362,6.303525815823298,7.329748245583281,7.00406341805845,7.213384035837288,14.293996695914915
safmnpp,ami,small,098,098_up,m4,8.353653582069892,38.91203899337286,7.257596149475796,5.973688227388626,7.359383976844636,6.891181413524593,7.2511765929695144,14.564042493919228
safmnpp,ami,small,098,098_up,m8,8.096141405268263,39.04802276022456,6.841769258842605,5.7933505212643075,7.173175629639652,6.831394818351384,7.070421711293095,14.060572677534664
safmnpp,ami,small,098,098_up,rep8,11.451172041618506,37.54230421339809,22.054010283972673,11.256109204497523,10.66088824875604,7.524981094924995,7.26948633698237,14.170333229130803
safmnpp,ami,small,098,098_up,ref8,12.524724915260936,37.153121647794194,35.88282730801401,8.829450387945503,7.971767368392444,7.107445473780473,6.916061239913273,13.966128511765666
safmnpp,ami,small,098,098_zoom,m0,6.250984954896214,40.171319072400095,5.571505299691205,4.579353448782107,4.403582284072502,4.293311457714885,6.5584057776002425,9.834032582634865
safmnpp,ami,small,098,098_zoom,m2,5.9403341140318195,40.39269488311029,4.554517292077283,4.020208739021326,4.394408114484935,4.1187423566555905,6.340901034741533,9.792134747591312
safmnpp,ami,small,098,098_zoom,m4,5.8880385406633655,40.4310971681723,4.341679278561619,3.9306151073697433,4.337661282519014,3.9889427530760453,6.259938410157838,9.996122957364596
safmnpp,ami,small,098,098_zoom,m8,5.796747151773123,40.49896003568481,4.321595720530616,3.9685886445391927,4.266193560083711,3.86175103358613,6.1721218457323355,9.758249453837168
safmnpp,ami,small,098,098_zoom,rep8,7.8987926798300965,39.155196458505586,12.985353719105904,9.407143298686616,4.844660439510526,4.003822144774495,6.393019004209716,10.113801299026937
safmnpp,ami,small,098,098_zoom,ref8,8.830333689456891,38.67103245427195,23.489226101035428,5.723190676032739,4.333918736613772,4.018475899987318,6.546698889013076,9.924742786445059
safmnpp,ami,small,099,099_back,m0,13.819076801845643,36.72601330366377,40.25566923282531,14.122413034310616,12.085296052347715,7.7060746300068805,8.060749030197023,8.806625249873129
safmnpp,ami,small,099,099_back,m2,9.13053724201024,38.52584028637441,11.461368734512247,9.128962999668286,11.54459925033989,7.856025141358524,7.973400651110861,8.674001539410744
safmnpp,ami,small,099,099_back,m4,8.696827687152028,38.73719495514464,9.660260169409602,8.768485367768914,10.673651162939555,7.564313552964473,7.953064461599998,8.674834289138495
safmnpp,ami,small,099,099_back,m8,8.662473048870428,38.75438464445168,9.443192315239665,8.454983629280425,11.0552324283409,7.6152866721501455,7.907925423455755,8.675131358863599
safmnpp,ami,small,099,099_back,rep8,14.977900733773701,36.376294129000534,39.14644842459095,22.63992516974414,12.668653390359175,8.129160341161041,8.225829898765172,9.125208261048515
safmnpp,ami,small,099,099_back,ref8,17.090586769270217,35.80323387305651,62.18632717542649,13.980908478657918,13.583910789825275,8.60327260555904,8.072963896211519,8.819764398710772
safmnpp,ami,small,099,099_down,m0,8.842484046446716,38.66506075931747,12.453804427897227,12.253775201505691,9.13791349625964,8.767068324925782,7.611283241563994,5.7447049658308105
safmnpp,ami,small,099,099_down,m2,8.217166667282891,38.9835826508971,8.823964391288698,12.107364611292175,8.642247211960694,8.623611030452183,7.54359167194182,5.676164106305027
safmnpp,ami,small,099,099_down,m4,8.181321779667305,39.00256886629101,8.550355330567305,11.581011910832698,8.722589583988968,8.783470412578936,7.6596728151422875,5.695475933123559
safmnpp,ami,small,099,099_down,m8,8.29337019357597,38.94349309323887,8.705971156429342,12.073904962828637,8.846643338302153,8.685450731730988,7.660417832839024,5.829195256265139
safmnpp,ami,small,099,099_down,rep8,14.526402755224089,36.509222797409684,34.858551256162954,30.722488900022036,11.928136057924142,8.370092296737377,7.449032796489829,5.878069150357437
safmnpp,ami,small,099,099_down,ref8,15.702677602482307,36.17106646749651,59.11524241643158,15.828579968134816,9.565639131894825,8.333186588229397,7.555178141283839,5.831077954471599
safmnpp,ami,small,099,099_front,m0,9.29625550913549,38.44772309001233,13.302828901926206,9.976747949290159,7.957544353539231,10.498977144835445,7.95048534640549,8.388052852812978
safmnpp,ami,small,099,099_front,m2,8.70166028239807,38.73478236675618,9.73011728550536,9.28848493251206,7.984174741718569,10.509514620527979,7.9056563633149,8.35501825587412
safmnpp,ami,small,099,099_front,m4,8.664526453076299,38.75335528894232,9.611168641602122,9.087375853609679,8.05512536973661,10.696443582955824,7.921273453445485,8.19132054821817
safmnpp,ami,small,099,099_front,m8,8.610051667238238,38.780746032900815,9.42410927457141,9.086625366369526,7.759170153740989,10.170225732915812,8.020854239069498,8.359446745342655
safmnpp,ami,small,099,099_front,rep8,15.162697357416791,36.323038941867345,32.8841265875,32.21185096123037,10.770586922884315,10.210550776923954,7.975717811428865,8.595877140342292
safmnpp,ami,small,099,099_front,ref8,15.619712892186003,36.194073140721656,52.09219661537976,17.530367523252014,8.726482016662699,10.368714658243453,7.768616055094427,8.50658851508548
safmnpp,ami,small,099,099_left,m0,8.052608568543892,39.07143772001867,9.00396739008527,6.431107023002644,7.368410470476498,7.681568429772531,8.632032972914429,8.072157765496804
safmnpp,ami,small,099,099_left,m2,7.7199348356848745,39.25466726415842,7.133300818933051,6.254776174443123,7.2056381798899745,7.662886119657812,8.511296175587598,8.117309781229997
safmnpp,ami,small,099,099_left,m4,7.796341707492239,39.21189495221442,6.880521376654258,6.334804652241317,7.555328501071582,7.900499341057821,8.685195287713908,7.982278881396878
safmnpp,ami,small,099,099_left,m8,7.565122258513201,39.342644099008254,6.723068776548288,6.056962742329402,7.110577250174361,7.480733067083889,8.39208815327015,8.101833549732675
safmnpp,ami,small,099,099_left,rep8,10.457449491690731,37.93654585203861,21.13681196669798,12.65805041651875,8.162343700152373,7.36847881621461,8.39786782689777,7.87005153940143
safmnpp,ami,small,099,099_left,ref8,11.24394927963741,37.621614829882944,31.335755398042743,8.631206912038778,7.602496300434868,7.312027822072684,8.244692039950353,7.999709449310179
safmnpp,ami,small,099,099_right,m0,9.5944610996556,38.31059774502887,16.536843726147197,11.863777650257685,8.811495674767611,7.810370358200985,7.586320096518419,7.96128917924512
safmnpp,ami,small,099,099_right,m2,9.035469698668562,38.57129627076904,14.219590580108056,10.7124482751533,8.611924965225096,7.735932802019696,7.5171130464226295,7.73675608791114
safmnpp,ami,small,099,099_right,m4,8.96219433775921,38.606660038727455,14.324064501454293,10.580183683965682,8.590953354539183,7.708530907273411,7.405107949620744,7.578087834330123
safmnpp,ami,small,099,099_right,m8,9.136957560814272,38.5227875315511,14.556824900303464,10.990193479034136,8.799350815772153,7.806460606766177,7.459283256591408,7.790150010197879
safmnpp,ami,small,099,099_right,rep8,14.785211264424708,36.432528263704434,44.80536242287459,20.749292259114654,9.725196299484306,8.05314010372493,7.689137343601253,8.01989495918649
safmnpp,ami,small,099,099_right,ref8,16.94600604056187,35.84013003988701,67.50010824669242,14.30669619730287,8.817463020549582,7.857519778447721,7.5976469020173525,8.163432313364991
safmnpp,ami,small,099,099_up,m0,7.563792452643741,39.343407573935075,9.663434748536748,8.623382491123817,8.76487535985393,9.137968796220408,5.454783290263713,7.386443242216633
safmnpp,ami,small,099,099_up,m2,7.103885934131671,39.61584381432796,7.716528648233824,7.860681566299822,8.350800799306604,8.827157404548894,5.434533828350008,7.349645146591213
safmnpp,ami,small,099,099_up,m4,7.139334365571812,39.59422638564415,7.891254595231399,7.830989698670564,8.287825284663528,8.997484419298125,5.466814531763116,7.312986042454463
safmnpp,ami,small,099,099_up,m8,7.156282011408782,39.58392914161871,7.973440940502189,7.8711489179383465,8.440077915275644,8.902756823435725,5.413496570240879,7.373195146343112
safmnpp,ami,small,099,099_up,rep8,10.67824037257729,37.84580668048123,26.686876833053784,12.900781451253826,9.88351255811986,9.68978451200908,5.524031882500094,7.491512174404976
safmnpp,ami,small,099,099_up,ref8,12.747697255472682,37.07648619985174,46.30944798294983,9.949426718941643,8.95835307943582,8.942993528875725,5.402868610607317,7.389977912175725
safmnpp,ami,small,099,099_zoom,m0,7.145125007336913,39.590705294873594,12.698191764499272,7.562173971335674,6.920158647709955,4.642606469513999,6.801932559694592,4.852417913956771
safmnpp,ami,small,099,099_zoom,m2,6.4605364664212495,40.028117786726725,8.393309478717713,6.89364013736234,6.703114968971309,4.502136445500553,6.863286131285586,4.918803116407629
safmnpp,ami,small,099,099_zoom,m4,6.375315436319585,40.08578683312678,8.188152732690929,6.8631256581055355,6.523230348264851,4.502272447418313,6.813750006321143,4.830896743103012
safmnpp,ami,small,099,099_zoom,m8,6.357654168090069,40.097834605944456,8.16694651860271,6.668836007295301,6.427555917040082,4.5675617442716865,6.82697614682494,4.886531478132928
safmnpp,ami,small,099,099_zoom,rep8,9.116917352042869,38.53232343077674,21.240482178432245,12.811680782243648,7.597962529410683,4.993983174322901,6.839245676476503,4.853513942804027
safmnpp,ami,small,099,099_zoom,ref8,9.502617615437273,38.352371072263615,28.13754783302242,9.415555545659187,6.783098403730627,4.574023535513724,6.8211890509811965,4.9615131972188555
safmnpp,ami,small,100,100_back,m0,9.550736379080787,38.330435031017274,13.571330659535034,9.589051557173358,10.29903250091317,10.136016804439782,7.620503546911891,9.185395318594233
safmnpp,ami,small,100,100_back,m2,9.176873686053582,38.5038560691528,11.309636602206266,8.93413963991599,10.07201505672767,9.894684577724519,7.667637039978979,9.508723212926819
safmnpp,ami,small,100,100_back,m4,9.087655919679815,38.546284856142236,10.928987498289358,8.864605713712736,10.245421910009552,9.84902700560072,7.61914209445559,9.353334075545105
safmnpp,ami,small,100,100_back,m8,8.953772139669457,38.610743228356014,11.180561829727663,8.994152595129673,9.957586899421136,9.440789011157399,7.408634523227948,9.14442295488202
safmnpp,ami,small,100,100_back,rep8,12.635370967920238,37.114923637646754,26.895132364674446,19.37810426133043,10.329498632473507,9.870401456026462,7.612035151681731,9.390168636776362
safmnpp,ami,small,100,100_back,ref8,12.973760714252057,37.000144772504456,36.56470156675026,12.500703016113837,10.170023267358166,9.554078613890868,7.470810312783082,9.320329839666897
safmnpp,ami,small,100,100_down,m0,11.202154315538388,37.63778809860203,17.44595999909378,14.501612531757887,10.67338910287233,13.193310609561673,8.931848585220715,7.386966635977749
safmnpp,ami,small,100,100_down,m2,11.468091392678659,37.53589215555979,19.624253660884126,14.630750045940825,10.682804670743309,12.8753744484025,8.862300739921064,7.425834448052852
safmnpp,ami,small,100,100_down,m4,11.16811665111386,37.65100419354004,18.063692876605828,14.538026781027664,10.416704536188812,12.672830322125275,8.762040232747555,7.497271894261761
safmnpp,ami,small,100,100_down,m8,11.140707633273742,37.66167583722695,18.10347630647885,14.425659449084957,10.389227200708348,12.817929028014214,8.748044135195814,7.348249508433294
safmnpp,ami,small,100,100_down,rep8,15.073155373488976,36.34876185006448,32.42045274031504,28.311066858637382,11.50815877705242,12.139853178186932,8.96639775593292,7.724323699043036
safmnpp,ami,small,100,100_down,ref8,13.431832707554806,36.84945086808664,31.8180642176391,16.742667914752214,11.105644658376493,12.72638285374292,8.835725267819559,7.40370821301717
safmnpp,ami,small,100,100_front,m0,9.94953556712565,38.15277552015858,15.386486079598289,10.252676291027914,9.942300195500378,10.607959356283223,8.521746403702295,7.801249886559977
safmnpp,ami,small,100,100_front,m2,9.594073458032664,38.31077321503916,13.706220798753625,9.923386204773088,9.532871043379558,10.443461295691352,8.468200746371267,7.806279373608228
safmnpp,ami,small,100,100_front,m4,9.517663644444383,38.3455000816131,13.401849970285696,9.876913581033566,9.394812164603428,10.810832592627987,8.319881338618048,7.791280310484909
safmnpp,ami,small,100,100_front,m8,9.507705966425851,38.350046185157325,13.278468721377667,9.824210960289209,9.46910088367647,10.693659443427471,8.364321191258586,7.8070177226543285
safmnpp,ami,small,100,100_front,rep8,11.459473537261687,37.53915694817176,22.68127148732483,13.62421164025693,10.669611514335893,10.740516770795255,8.453445409021853,7.811976783182369
safmnpp,ami,small,100,100_front,ref8,12.873545178594608,37.03382199396062,35.10757312164375,11.78013582597784,9.994371848457597,11.01829430290205,8.429091119072613,7.818390067446836
safmnpp,ami,small,100,100_left,m0,10.698592222172138,37.83753726207524,15.925497350061095,11.89649649307692,11.360042171403459,10.896351358200395,7.8907218794563825,10.510004136229993
safmnpp,ami,small,100,100_left,m2,10.466872339047253,37.932634336128565,14.219102806125493,11.804499660348265,11.484601562226876,10.89097581274221,7.87249707739724,10.545232799674583
safmnpp,ami,small,100,100_left,m4,10.442130575203986,37.94291241258105,14.362435718338864,11.624912592171112,11.301210560745295,10.83722689787767,7.9216902322183484,10.485436911934231
safmnpp,ami,small,100,100_left,m8,10.462783921554047,37.93433104548441,14.313370833885005,11.851237532864236,11.385377206722893,10.850596478184565,7.870556377697561,10.509481989692546
safmnpp,ami,small,100,100_left,rep8,12.080036785656219,37.31012104084189,21.776659298579773,15.12809482797819,12.30054880850148,11.363522472803355,7.858038020258814,10.6025924223026
safmnpp,ami,small,100,100_left,ref8,12.400395197345889,37.196448346337704,26.38056869502294,13.336948050455065,11.913159464674797,11.108850604212996,7.852407236347634,10.55527263804354
safmnpp,ami,small,100,100_right,m0,11.614041726293145,37.48096978858369,15.384896586973628,13.660324839412679,12.40967386650744,11.635079047505405,10.381090539620585,8.988913704675365
safmnpp,ami,small,100,100_right,m2,11.35928770363169,37.57729261542293,14.083094206235321,13.58728366446533,12.295494443886966,11.627018781517968,10.259125375355243,8.921996475537174
safmnpp,ami,small,100,100_right,m4,11.288052450302184,37.604613421535205,13.810741215493152,13.601372724608478,12.247128213523553,11.487063197628087,10.196950795888775,8.955198149866577
safmnpp,ami,small,100,100_right,m8,11.416699405794414,37.55539794351642,13.874574547655628,13.812393071534883,12.553189198832897,11.626381407386559,10.294128822674757,9.009407775317186
safmnpp,ami,small,100,100_right,rep8,14.350575488831351,36.562110433092315,26.32627281581492,21.74020303852683,13.730280453369915,11.688004351401776,10.428871508085848,9.147510908764596
safmnpp,ami,small,100,100_right,ref8,14.964615468235907,36.38014799208497,37.33351538463868,16.626218602231003,12.280484950631665,11.309935108966755,10.311678587956251,9.17825238607729
safmnpp,ami,small,100,100_up,m0,12.457285311408441,37.17656949582236,16.75245709736746,14.09522985114328,14.509915950499478,12.036093448553203,10.538223090255697,10.447506107048971
safmnpp,ami,small,100,100_up,m2,12.086302597209412,37.30786897659661,14.643322890692039,13.914563151608323,14.164758228668903,11.878678681790854,10.579562391342833,10.364407662521144
safmnpp,ami,small,100,100_up,m4,12.0085018429649,37.335915318095545,14.493651278024668,13.891327042306521,14.046148526897168,11.99171264045897,10.42035546197057,10.367450636959761
safmnpp,ami,small,100,100_up,m8,12.021689160073072,37.331148664659125,14.44088212447139,13.771640055108959,14.079969292192906,12.037312015699415,10.496942622018688,10.374583946710759
safmnpp,ami,small,100,100_up,rep8,13.992803583843733,36.671756228587064,26.031389911454596,16.08036444568613,14.78938890073286,11.756288821484842,10.478312456017486,10.595961202669704
safmnpp,ami,small,100,100_up,ref8,15.210379447684023,36.30940312496712,36.89276101442281,14.81559676495591,14.060520685178687,11.91818846968111,10.42792220640644,10.443423061720491
safmnpp,ami,small,100,100_zoom,m0,9.203896765320852,38.49108622068929,11.790801910649252,11.799453936786332,9.699432735753044,10.535835972622579,7.985034439495756,6.475265703593028
safmnpp,ami,small,100,100_zoom,m2,8.902763282675595,38.63555534879671,9.777039257276556,11.44603798519505,9.550726270462173,10.809559075931599,8.039798651200353,6.4187662334387605
safmnpp,ami,small,100,100_zoom,m4,8.851605770017459,38.660582976504955,9.573559120380237,11.359790334258381,9.68248418249081,10.621351172886124,7.956892856573504,6.533203127553463
safmnpp,ami,small,100,100_zoom,m8,8.807535088877572,38.68225978798843,9.62274502604872,11.387260221118577,9.714159446172687,10.790698159872598,7.79512927050669,6.406320973132808
safmnpp,ami,small,100,100_zoom,rep8,10.158674486377858,38.06243316385236,16.582948618884625,12.947375948652429,9.790836456744971,11.081489937344777,8.181336976109936,6.5642080907891796
safmnpp,ami,small,100,100_zoom,ref8,10.886605113142618,37.761878907072614,23.053067935696294,12.602032880207528,9.870063547671391,10.78401341372237,7.963255251958197,6.44715301713998
safmnpp,ami,small,101,101_back,m0,7.849704662449973,39.18227043725351,9.054857928726749,6.830501665404828,9.313561817429262,9.384718774295965,6.843862259144711,7.634409876674056
safmnpp,ami,small,101,101_back,m2,7.533951216238339,39.36057557130618,7.260623113837663,6.094891209679931,9.246560356035719,9.334086428127655,6.877829080447854,7.783380612204681
safmnpp,ami,small,101,101_back,m4,7.358877287382126,39.46268799939028,6.998594509881674,6.229736582678249,8.78988374614331,9.009292173259281,6.68826756020087,7.758703816300823
safmnpp,ami,small,101,101_back,m8,7.260815968575642,39.520949315263536,6.8977404107328235,5.792149822973199,8.472812802703375,9.013678018103077,6.768139348829635,7.655331425223472
safmnpp,ami,small,101,101_back,rep8,10.365411165401463,37.97493826910453,21.533359546043318,12.34949470269713,10.064913627851062,9.564222170624214,6.839434397430859,7.596405398197329
safmnpp,ami,small,101,101_back,ref8,11.926831993414472,37.36555259233527,35.782424932906885,9.718692738184968,9.970562979847173,9.400472769365662,6.770975336189288,7.554155056641736
safmnpp,ami,small,101,101_down,m0,7.132800556155905,39.598202802051276,11.206590819273899,9.745242825567356,6.164786638939048,5.152524625308371,6.552365094965142,5.029422486178693
safmnpp,ami,small,101,101_down,m2,6.426315698124819,40.0511830404927,6.372010320269558,9.710185306435651,6.377995350770253,5.1122389835683375,6.412187282405161,4.958817061723555
safmnpp,ami,small,101,101_down,m4,6.520614275877751,39.98791850403198,6.703810820855862,9.550659873199859,6.046909820646262,5.224060370529549,6.549015641053263,5.244256254253292
safmnpp,ami,small,101,101_down,m8,6.685851639925526,39.87923625565676,6.7289982830496955,9.98817456880032,6.5056069429583845,5.293424613207867,6.758291180332949,5.101542651288686
safmnpp,ami,small,101,101_down,rep8,7.5546388862280764,39.348666510898454,12.755177912833586,9.35172635641985,7.526161204257224,5.299206234039791,6.620679400959889,5.37332946244305
safmnpp,ami,small,101,101_down,ref8,7.827896427812967,39.194352900657584,16.291695336793513,9.196230448413463,6.803703077116942,5.24853470666719,6.509239549285759,5.006568984332228
safmnpp,ami,small,101,101_front,m0,6.300622596244063,40.13696894469327,6.334463970615268,6.946093151831748,8.118866291872747,6.318279243174643,5.7677370330199205,5.591737330799812
safmnpp,ami,small,101,101_front,m2,6.060272198321757,40.305882298411824,4.773456643450397,7.001795567312935,8.066242225275374,6.267204289003323,5.702007241859034,5.594090485549846
safmnpp,ami,small,101,101_front,m4,6.0317919706734795,40.32634006047726,4.733708261284911,7.124116918426855,8.183140916412915,6.250157722793429,5.608725440261837,5.4839585830317645
safmnpp,ami,small,101,101_front,m8,5.990979323958302,40.3558254011018,4.674548452079525,7.1709371084434075,7.879310984545666,6.056545385125335,5.621762233751399,5.561132405910826
safmnpp,ami,small,101,101_front,rep8,8.629401099774777,38.77099705139787,20.40429009544349,9.913972360318073,8.22381504000739,6.1502428744126485,5.766351592165841,5.736822440245396
safmnpp,ami,small,101,101_front,ref8,11.055986573789562,37.69482858237629,40.744198650279664,8.209288021367364,7.7702042896352355,5.9611271476569865,5.568112773692499,5.691134485524976
safmnpp,ami,small,101,101_left,m0,7.146830522405957,39.58966877361482,6.805587417517992,6.589675832388372,6.074958603213126,4.5169970022474635,7.5630867500047065,9.350071325314845
safmnpp,ami,small,101,101_left,m2,7.019562812475383,39.66770296322434,5.083634931922499,6.062221881650004,6.368466529644425,4.783337442076714,7.873926751229135,9.403545200208693
safmnpp,ami,small,101,101_left,m4,6.945760876849769,39.71360533182002,5.017915782762679,5.939946383588218,6.267932945116958,4.867258002161548,7.762949091904799,9.350121277967128
safmnpp,ami,small,101,101_left,m8,6.7269993051117565,39.852589780470296,5.09840135005723,5.753900010592977,6.0863672821984,4.606152438911706,7.412415316635075,9.124966950160395
safmnpp,ami,small,101,101_left,rep8,8.02729417097032,39.08511182295248,10.819073152060906,7.741011832395779,6.932872364106021,5.098450653387562,7.731615700473488,9.14063711757449
safmnpp,ami,small,101,101_left,ref8,9.017658445259048,38.579865790156134,20.5208104000865,6.814142352149654,6.388055240916681,4.601904822863125,7.4357144562119935,9.10189209908689
safmnpp,ami,small,101,101_right,m0,9.311870432970085,38.44043436371118,11.031159486072974,13.714457476013022,15.053993859333282,7.10780960412836,6.0692576241598815,8.438778499495028
safmnpp,ami,small,101,101_right,m2,9.065175999227783,38.557041205829414,9.707423452617705,13.452332129900599,14.883539209914309,6.9065463367997975,6.121136419433391,8.398365967298519
safmnpp,ami,small,101,101_right,m4,8.97742218914189,38.59928711255014,9.642516388200534,14.20173816690902,15.007422333562035,6.66248396617932,5.913819214946698,7.868499597163533
safmnpp,ami,small,101,101_right,m8,9.131901796180278,38.52519128396442,9.824655841757599,14.187829334180613,14.954033060672847,6.845540522813578,5.998018195911485,8.376947718967768
safmnpp,ami,small,101,101_right,rep8,13.463948696376239,36.83907912751833,34.69867511311078,17.72658878053616,16.684231989716878,7.395199759493548,6.266073877818033,9.027287123500578
safmnpp,ami,small,101,101_right,ref8,16.743106661510215,35.8924431696147,61.750639450578724,16.119822080809904,15.62057535686879,7.442765205605043,6.093337680900162,8.735524301151363
safmnpp,ami,small,101,101_up,m0,7.9314026205749615,39.137303644064914,12.397421924474559,8.587619313439662,7.490752907791773,8.752863928020112,6.18543707791268,7.07359502947406
safmnpp,ami,small,101,101_up,m2,7.250199399311244,39.5273040990661,8.14101257205465,8.08726722480736,7.495043817861877,8.680396216510202,6.1158813172095075,7.058157767633781
safmnpp,ami,small,101,101_up,m4,7.215532611935064,39.54811966964782,8.060055519229563,8.12086434554914,7.452147243979508,8.574414144894128,6.034282868822288,7.147909588582035
safmnpp,ami,small,101,101_up,m8,7.115008299952114,39.609049498247956,7.968088108340952,8.080529899236673,7.270263555833421,8.247209136190133,6.054472887079209,6.962010169971104
safmnpp,ami,small,101,101_up,rep8,9.371544389061599,38.412691942727136,18.667680766888516,12.680056169275689,8.293798360119304,9.110634274077443,5.978935006270132,7.037939955432886
safmnpp,ami,small,101,101_up,ref8,10.079940924606507,38.09622374015605,25.812724320416457,10.523468956619892,8.074797986732356,8.946980347767084,6.128161285994333,7.016605222107842
safmnpp,ami,small,101,101_zoom,m0,6.165462000666746,40.231147354394025,10.384284126727556,6.232326557173527,7.154448079888623,5.96413532750639,4.459666352791286,5.5216321941349475
safmnpp,ami,small,101,101_zoom,m2,5.621205828711167,40.63250872953219,6.788732841566438,6.150312908082747,7.129205844924577,5.75925853478197,4.375061065913455,5.595126482154399
safmnpp,ami,small,101,101_zoom,m4,5.7372214346505555,40.54378748567662,7.5754123863204414,6.268090716226296,7.131413092753298,5.601528246566827,4.426177743106966,5.553990140223171
safmnpp,ami,small,101,101_zoom,m8,5.763913363098052,40.52362916521105,7.625376606614249,6.327164958231969,7.396516482074051,5.4992891091146,4.412553711721293,5.535196772372945
safmnpp,ami,small,101,101_zoom,rep8,10.495786868026855,37.9206535771777,31.938798778311444,14.206952212474881,9.173242222672469,6.85715652853413,4.427097484896319,5.705986439321413
safmnpp,ami,small,101,101_zoom,ref8,11.073335170247544,37.68801915428702,42.52246427158234,9.085827577516888,7.923006083454889,6.053671497877969,4.53771163866925,5.561181881250358
safmnpp,ami,small,102,102_back,m0,9.514242094105,38.34706162827939,11.799803437147261,10.998410943397241,9.197596117619849,9.05934070141092,8.417265398930866,9.225843251326475
safmnpp,ami,small,102,102_back,m2,8.942384518571478,38.61627020464125,8.392235216328938,10.423918378091729,9.069957718606366,9.065542155434196,8.403065614136253,9.158683429822666
safmnpp,ami,small,102,102_back,m4,8.818997591188811,38.67661136887543,8.39391539645576,9.986499228521591,9.00364378973778,8.976136829697726,8.294113018537807,9.078743085904641
safmnpp,ami,small,102,102_back,m8,8.780097797728137,38.69581007515666,8.506051653988742,10.05352139096403,8.912981495354762,8.847213273214258,8.136078755587091,9.160426249462228
safmnpp,ami,small,102,102_back,rep8,14.166096703959319,36.61830158711726,29.363282148823526,25.819253573931917,11.87406137736808,9.433780077538438,8.413596354500529,9.215723545824924
safmnpp,ami,small,102,102_back,ref8,16.10179012796046,36.0620619915425,53.544243444181056,16.19352707981576,10.194498997586054,9.263906353098754,8.521300632798061,9.349230745865233
safmnpp,ami,small,102,102_down,m0,9.303728292954482,38.444233421433914,14.280218328531422,8.966700088777447,10.311145869271824,7.988743584098281,8.247955038450286,7.802762609119871
safmnpp,ami,small,102,102_down,m2,8.90915791031423,38.63243704214521,11.860503888027065,8.73942358577364,10.307092765154447,8.033037461727547,8.118939261038571,7.832338092691515
safmnpp,ami,small,102,102_down,m4,8.710686670923963,38.730279687031306,11.489167835999442,8.70409169388558,10.407963868861644,8.161468144381978,7.988968572661084,7.1217695124845015
safmnpp,ami,small,102,102_down,m8,8.80382628128387,38.68408896480484,11.49388874956848,8.758234325906976,10.483308345159132,8.114500635559825,8.114412373735403,7.348309117785228
safmnpp,ami,small,102,102_down,rep8,11.87343193392936,37.38504093931687,25.09033292623625,16.540665366660317,11.549100094947464,8.372054231305345,8.270081938356814,7.3851201632801695
safmnpp,ami,small,102,102_down,ref8,12.210366442600012,37.26351663212047,32.922900002872204,11.95946408766012,10.619756766387237,8.034737056930048,8.243112445114969,7.387707333812358
safmnpp,ami,small,102,102_front,m0,9.930883498519563,38.16092473755864,15.025309232726148,10.861571553491151,11.69344609263895,10.577290326903409,9.152647972431783,5.196321090286608
safmnpp,ami,small,102,102_front,m2,9.041594857073823,38.56835317943938,10.390764050291413,9.238603519136696,11.272985729485024,10.430653142569989,9.204040749997679,5.2066518970367754
safmnpp,ami,small,102,102_front,m4,8.956327970373975,38.60950372307982,10.238090882243032,8.93740849631671,11.148445168505623,10.47570050679105,9.15070811199808,5.215985931662342
safmnpp,ami,small,102,102_front,m8,8.96448887021003,38.60554828506302,10.251947936442475,9.052857877554484,10.978843053443988,10.41783130758896,9.167440473739633,5.284900228392565
safmnpp,ami,small,102,102_front,rep8,11.591740744454496,37.48931701526938,21.716159733943474,14.639865482087101,12.470539533934902,10.896613408401816,9.46530049022253,5.371312768045162
safmnpp,ami,small,102,102_front,ref8,11.956502940120345,37.35476185888672,29.131799844802117,11.347969669984943,11.425340215949392,10.641895889085502,9.245698803693136,5.31532220324118
safmnpp,ami,small,102,102_left,m0,9.981869467946073,38.138684745324966,13.383495805535173,10.985492701220226,8.530891963901293,9.062131339796416,10.065007196064775,7.983663687020317
safmnpp,ami,small,102,102_left,m2,9.697709165703479,38.26411205384558,11.789473421390804,10.858013301504359,8.448524603085621,9.002654012379674,9.915820861299707,8.078340856962946
safmnpp,ami,small,102,102_left,m4,9.430505540050609,38.38545386331062,11.461038352729085,10.573383756031326,8.430041051387866,8.708360452032771,9.641929222067187,7.734721565513804
safmnpp,ami,small,102,102_left,m8,9.531291810638631,38.33928594729968,11.486817141625835,10.577810671719707,8.329796021626926,8.720968694315427,9.950877704374868,7.758152006904677
safmnpp,ami,small,102,102_left,rep8,11.265438660938358,37.61332253639322,19.66541722445965,15.285206964096771,9.22399903361952,9.102495105070382,9.593984261334882,7.668906238634721
safmnpp,ami,small,102,102_left,ref8,11.441370410691468,37.54602314893725,24.028625895983915,11.991246008911784,8.49898694999982,8.870912197629757,9.864357831476912,7.765376521486748
safmnpp,ami,small,102,102_right,m0,13.681056765333935,36.76960715996422,15.417375204237985,15.108308773665573,16.30948367869458,24.72156026407881,10.29441537980635,9.197524065803297
safmnpp,ami,small,102,102_right,m2,13.491333885129968,36.83025470475997,14.134960846436913,14.798028512395529,15.874046088435335,25.451551454750994,10.259804139341574,9.253515220605536
safmnpp,ami,small,102,102_right,m4,13.310856570564127,36.88874357091234,13.434623715005097,14.296586890068124,15.786284486073294,25.617328568063943,10.277050939095894,9.062291589207815
safmnpp,ami,small,102,102_right,m8,13.294509783860377,36.89408032896412,13.692539980386027,14.507126870799924,15.64656423718921,25.073622694704888,10.224314747190935,9.142025945302166
safmnpp,ami,small,102,102_right,rep8,18.794145577395142,35.39057774338016,38.97186759768267,27.321364395755836,18.641403203589782,23.961668921270146,10.384126816653426,9.77130316881422
safmnpp,ami,small,102,102_right,ref8,23.32673245242313,34.45226452647142,80.38583655487402,19.787437971881566,16.781212216098435,25.374203878389036,10.254244198834247,9.308511818257642
safmnpp,ami,small,102,102_up,m0,12.476730377387987,37.169795708019734,19.907927215508213,14.03080318394863,16.48041650809607,12.185638617918174,10.849985797308795,6.156029782354199
safmnpp,ami,small,102,102_up,m2,11.84610687929477,37.395047142041676,15.423051038287891,12.649959644006607,17.10120426076115,12.686586515284585,10.966567854849028,6.1278056621010535
safmnpp,ami,small,102,102_up,m4,11.922817738594947,37.36701455823676,15.657104472443928,12.820308038036663,17.33142502189608,12.61812315480782,10.927510226280688,6.219563309378362
safmnpp,ami,small,102,102_up,m8,11.640408752260592,37.47112130061393,15.21735530477424,12.688130023595788,16.774208772711123,12.151458984588709,10.667445865706096,6.204628589998857
safmnpp,ami,small,102,102_up,rep8,15.924190841223156,36.110229871835884,36.19941691501962,21.586181030485758,16.551003914555036,12.941529001085051,11.230838198906216,6.335439491598062
safmnpp,ami,small,102,102_up,ref8,17.044128111807776,35.81505570962466,51.21255300148711,16.07614204961006,16.650765787603714,12.023178118769069,10.842295537054943,6.212960095615027
safmnpp,ami,small,102,102_zoom,m0,8.672697267334897,38.74926173871177,15.042858386813595,12.184454929532787,8.425586532047738,8.388396499194322,6.470604476901016,5.679846537694337
safmnpp,ami,small,102,102_zoom,m2,8.251850939931877,38.96528986519504,12.914644921202807,11.488698168736356,8.127479480680504,8.245132779095137,6.464174993793826,5.751251480857603
safmnpp,ami,small,102,102_zoom,m4,8.160059408006289,39.01387040291085,12.158897050110985,11.567009390202788,8.148214522873412,8.277016734878204,6.48804361618156,5.68395208522984
safmnpp,ami,small,102,102_zoom,m8,8.106298033162464,39.04257794058031,11.850370174582995,11.527502686205166,8.079288066832918,8.219245071965828,6.4983805877930365,5.709532746619989
safmnpp,ami,small,102,102_zoom,rep8,10.011805933019252,38.125679381334535,22.411791253665577,14.810566539394044,8.57685288277231,8.175922790767242,6.434839824321889,5.736656849215085
safmnpp,ami,small,102,102_zoom,ref8,11.317304736778931,37.59337350739806,30.258915236812435,15.131900822792037,9.073018074143958,8.55599586879286,6.631660114659577,5.864274655272551
safmnpp,ami,small,103,103_back,m0,8.019233583191332,39.08947497134369,10.97396674967259,6.605743982352858,6.443033157584883,8.004528302323942,7.763086448154289,8.285581709204694
safmnpp,ami,small,103,103_back,m2,7.353169678037265,39.46605773219976,6.817414714261461,6.283090622077621,6.338193354405277,7.5975722915307475,7.725163299405498,8.36734196853572
safmnpp,ami,small,103,103_back,m4,7.279955596255321,39.50951630505437,6.616976095718611,6.1396867289821495,6.199352572034493,7.543213363111041,7.727095804567759,8.334057932626395
safmnpp,ami,small,103,103_back,m8,7.199082527723938,39.55803208677716,6.6272583491930295,6.012356975125182,6.010800441063743,7.497513494459443,7.603496433351946,8.346834877595938
safmnpp,ami,small,103,103_back,rep8,13.44001783910572,36.84680515705161,40.448077648638005,14.414291173135563,8.022572452753657,8.874051741247545,7.783272309570208,8.817013896940841
safmnpp,ami,small,103,103_back,ref8,17.275465285127215,35.75650607684654,74.56454785785404,9.024415923364634,6.54293198481951,9.07432316280454,7.846247227275753,8.653957651845506
safmnpp,ami,small,103,103_down,m0,6.2364696563165,40.18141547252615,5.871797750681381,4.625962984967644,5.846346428310537,8.596013444985942,6.68293675405032,5.658059053215648
safmnpp,ami,small,103,103_down,m2,6.060373171125648,40.30580993934147,4.1400579880911685,4.414357415225663,5.898671738901835,9.027485350866723,6.80948828842554,5.6223113161545415
safmnpp,ami,small,103,103_down,m4,5.868018227399267,40.44588906677131,4.090208090718455,4.448715276160334,6.03224301777898,8.379228593998308,6.462975110546062,5.5078923793715155
safmnpp,ami,small,103,103_down,m8,5.990218911188131,40.356376669954905,4.0955858420627616,4.444675807370825,5.918138655229871,8.783836093516632,6.579688629814235,5.807448186186921
safmnpp,ami,small,103,103_down,rep8,7.463056559142929,39.40163627912851,13.228432243972978,6.640134399991766,5.737044719928181,7.960630143071424,6.653517696283107,5.948938918361926
safmnpp,ami,small,103,103_down,ref8,8.482840806335487,38.8453904399931,21.998436891520328,5.8216317668139475,5.432307583146084,7.613382759500333,6.692445066263484,5.8395777328410325
safmnpp,ami,small,103,103_front,m0,6.607657951756192,39.9303280741358,6.993727299885456,5.323993376929479,5.769197298763335,6.6668238391784,7.548103413137974,5.980892728768803
safmnpp,ami,small,103,103_front,m2,6.552915654689578,39.96645782861205,5.841096770957037,5.128883346728523,6.2240133368245365,6.871262782534208,7.573804005199503,6.231398425050762
safmnpp,ami,small,103,103_front,m4,6.530277460402121,39.98148726765633,5.6183734500935305,5.197730359672278,6.102078284502774,6.859058774299897,7.668891545849595,6.135759971874941
safmnpp,ami,small,103,103_front,m8,6.466429028610563,40.02415845470666,5.659932851370875,5.180948840718575,6.1795909770269235,6.63906280845018,7.446763458401436,6.256090325934436
safmnpp,ami,small,103,103_front,rep8,10.67162846267162,37.848496641811515,29.26423363655856,10.792844560953467,7.831735009789682,7.332413088398082,7.4205413096500665,6.198004687240726
safmnpp,ami,small,103,103_front,ref8,14.21112725364346,36.60451832509749,58.885553815729416,8.098001522006005,6.312316731417513,6.968018371757332,7.528826989284392,6.193727009074035
safmnpp,ami,small,103,103_left,m0,5.326441210001611,40.866432229608705,3.834012880942442,3.742770546160168,4.295660409065653,4.649976965054557,6.063263432826334,7.339787652578035
safmnpp,ami,small,103,103_left,m2,5.165933262611109,40.99931569535247,3.1187274678085606,3.535522040292287,3.9629592621902034,4.721859941813955,5.995057465866641,7.44296096486177
safmnpp,ami,small,103,103_left,m4,5.148900923447889,41.013658257728274,3.095598924972812,3.5410961027507812,4.003552496639364,4.748864635170062,6.008014482820195,7.2923681413264125
safmnpp,ami,small,103,103_left,m8,5.147388469608276,41.01493415496917,3.0682895838246105,3.537285482561385,4.085950408352346,4.634842217407106,6.008205658356369,7.322177598743271
safmnpp,ami,small,103,103_left,rep8,5.898691235029036,40.42324697099612,6.706606247098985,4.953793148002894,5.13551248254145,4.787836863433174,5.898631587318084,7.140493240692283
safmnpp,ami,small,103,103_left,ref8,6.434228470352911,40.0458388284534,11.49627415702306,4.290631619689912,4.328755702675533,4.493578396705332,6.083290704156764,7.297718888028342
safmnpp,ami,small,103,103_right,m0,6.618053912422049,39.923500601516565,9.31622428696359,5.064725947311768,5.446486237685353,6.544868075394579,5.2159477422921645,9.115517489722642
safmnpp,ami,small,103,103_right,m2,6.5579304199150945,39.96313556403919,7.383147514600609,5.51815463112648,5.685225166855983,6.945176382370831,5.446315349240502,9.111914629986602
safmnpp,ami,small,103,103_right,m4,6.443059634404025,40.03988209845521,7.284669372690081,5.558022505811901,5.6980129113866935,6.629104198316195,5.285526748222413,8.997122686573013
safmnpp,ami,small,103,103_right,m8,6.289832774935618,40.144412616687646,6.924079345557961,5.278689680226328,5.511810859043755,6.667437189120889,5.1050825281693015,9.052584500892683
safmnpp,ami,small,103,103_right,rep8,11.286819196288958,37.60508792736775,36.68725533397792,10.238342691468258,6.245984916285951,7.07296130723193,5.398644558501042,9.345956666259848
safmnpp,ami,small,103,103_right,ref8,15.163354332462957,36.32285077319952,68.51957561362133,7.851602646019677,5.5748834482482685,6.980614085693415,5.146836723917858,9.257746888191859
safmnpp,ami,small,103,103_up,m0,6.746435900640106,39.840059624780096,6.163830128193122,6.430636536539293,10.372334440216804,7.0285598218130705,5.469288894801642,7.250365074987504
safmnpp,ami,small,103,103_up,m2,6.43454724216899,40.0456236707044,4.825115694998995,6.082060428988471,9.741168155608781,6.896169730609074,5.467477135133925,7.281072549769018
safmnpp,ami,small,103,103_up,m4,6.236201144815774,40.18160246224947,4.6602329767796125,5.939303944411681,9.152698131510958,6.730804966272413,5.326103413467523,7.148864197439928
safmnpp,ami,small,103,103_up,m8,6.227365314861612,40.18776017456625,4.7469562930868445,5.958885943200941,9.040338071440223,6.722904551426452,5.30862308795482,7.129953602089941
safmnpp,ami,small,103,103_up,rep8,8.660309710594797,38.75546937303545,13.317544927688227,11.481701056631952,12.394116083037142,7.571168835705804,5.5577851480669604,7.0370501407407
safmnpp,ami,small,103,103_up,ref8,8.560750403649182,38.8056852587765,18.38871704240909,7.751133048587385,10.803423182128839,7.1045590073732905,5.238812812386685,7.171050558836323
safmnpp,ami,small,103,103_zoom,m0,5.960552648576183,40.37793832486728,8.145424759488536,5.101637240723481,4.841584626050586,6.668405869290265,6.182045253779928,4.776562260511581
safmnpp,ami,small,103,103_zoom,m2,5.473187860767818,40.74840005819755,5.379017537047468,4.788494868871189,4.79558033078296,6.373991846449945,6.16001411137591,4.644840495400087
safmnpp,ami,small,103,103_zoom,m4,5.528563898669738,40.704680273717535,5.231867838479902,5.079375054220621,4.968551312527663,6.3115049305567785,6.1448886228172706,4.814450503249052
safmnpp,ami,small,103,103_zoom,m8,5.488598113752926,40.736189288418565,5.182912441943199,5.042400733362806,4.992801825566517,6.379875961792033,6.066306518048514,4.743241376762063
safmnpp,ami,small,103,103_zoom,rep8,10.39442957377048,37.962796997892866,25.47567324098453,19.440511858349332,6.9553558720585515,6.530254082333378,6.168899259278986,4.767005378133829
safmnpp,ami,small,103,103_zoom,ref8,11.087476795197931,37.68247636955121,40.32369264311626,9.595683397142917,6.037654361911851,6.48655634729052,6.17718826428751,4.878815488599456
safmnpp,ami,small,104,104_back,m0,22.09346308513794,34.688165652823095,47.421749262868104,26.8325638773754,44.78362965413737,29.071311235808718,7.4973377401274695,7.150441777230991
safmnpp,ami,small,104,104_back,m2,20.2426884354379,35.06812170133972,36.019412455473145,23.18430792318431,45.85811023864142,28.987570682437482,7.63652320896763,7.238002975624277
safmnpp,ami,small,104,104_back,m4,20.083216422754013,35.10247092495053,35.2350435791463,23.000209211392487,45.64128452616368,29.02812233414527,7.758837379413833,6.96608413195147
safmnpp,ami,small,104,104_back,m8,19.71832690316295,35.182102985157506,34.830813495881344,22.631868193723054,46.251714888383354,27.40067409789026,7.217309990735296,7.0892852910827555
safmnpp,ami,small,104,104_back,rep8,24.77522103646381,34.190628230592026,63.68426600079746,33.74356555755831,42.392836278326214,27.89306366096434,7.470076218424556,7.0725634679405145
safmnpp,ami,small,104,104_back,ref8,25.040319563115002,34.14440493853006,66.87618258607475,28.81191405526975,44.938057214567294,28.852346494949373,7.580471030068029,7.162369081811862
safmnpp,ami,small,104,104_down,m0,16.321141854009962,36.0032982142873,30.55388351045871,30.27732198134033,24.354579323106165,16.268734537765997,6.621840241561133,8.169073011077293
safmnpp,ami,small,104,104_down,m2,14.817889586082533,36.42294006508288,23.10516357982753,27.32896010370699,24.165215154931968,15.868431919778034,6.63824864629621,7.913343297990496
safmnpp,ami,small,104,104_down,m4,14.525798834204979,36.50940335485579,23.263534030953256,26.331020443595204,22.80936279755659,16.016615767679497,6.408349488059454,8.10331829331387
safmnpp,ami,small,104,104_down,m8,14.679114734279898,36.4638049586076,23.780247567181327,26.90114729089798,23.03312806073998,15.489508993837978,6.4914107228126925,8.174512329867119
safmnpp,ami,small,104,104_down,rep8,18.88636238006878,35.369320424586576,40.7132186747347,35.20880852815369,27.37913063042522,16.820804708485273,6.835259167487406,8.485119966762182
safmnpp,ami,small,104,104_down,ref8,18.719098479060175,35.407954317968795,46.53948037683962,31.63209010913179,25.01446229632028,15.854525632144538,6.5581245368932235,8.279365800325955
safmnpp,ami,small,104,104_front,m0,18.07644668158743,35.559672963570236,41.45889072277736,22.38550735884649,31.991998818508872,20.979160944753552,6.224913513931948,8.11331555833051
safmnpp,ami,small,104,104_front,m2,16.620254806411836,35.92442683166489,32.91036652101991,19.09758112737257,32.619780788595556,21.542944606669842,6.170874939354137,8.224044234962754
safmnpp,ami,small,104,104_front,m4,16.476719439577057,35.962096141326384,31.026209198151488,18.90009971389115,33.63962344716921,22.16348928639706,6.180205870533503,7.942016370423157
safmnpp,ami,small,104,104_front,m8,16.605079779071573,35.928393943615504,31.27767100986545,18.326098008420953,34.24676882586019,23.04746708987575,6.105740953991674,8.084050715724423
safmnpp,ami,small,104,104_front,rep8,23.64906596626045,34.39266368170803,67.57534151344035,31.15988843906367,35.68403927366918,24.53816641434884,6.358398956028141,8.153196184208298
safmnpp,ami,small,104,104_front,ref8,24.21346403720104,34.29023435753978,84.2313258965739,24.323511821544955,32.04678967563717,21.273332541782793,6.1890736526473145,8.074026516951173
safmnpp,ami,small,104,104_left,m0,17.010161016907087,35.823719362369246,20.35789055146618,39.53601620325526,29.275141477542803,17.738042342229274,8.582695533662509,5.4347740956731805
safmnpp,ami,small,104,104_left,m2,16.75197861752604,35.890142508727074,19.098845426018055,38.41440522774987,29.923179320160212,17.551650613595175,8.585774741726224,5.437114736249641
safmnpp,ami,small,104,104_left,m4,16.466751813183443,35.96472421001975,19.25010983559302,37.06969367835515,28.26969883185914,17.794391393472882,8.691486462940254,5.428661020961771
safmnpp,ami,small,104,104_left,m8,16.951843149957785,35.838634355360405,20.59774566971677,38.71342560776027,29.099374484610184,17.836132911747697,8.628380735158158,5.482784898825093
safmnpp,ami,small,104,104_left,rep8,18.262853687783558,35.51511721074616,27.068389666568983,40.20092441832022,32.14849310185958,18.06549734215584,8.193257852777391,5.453802689074097
safmnpp,ami,small,104,104_left,ref8,18.95173446043246,35.354313981667524,35.949202003364654,39.38549880569903,28.755467650163098,16.605427483449294,8.538143575628308,5.541911486203144
safmnpp,ami,small,104,104_right,m0,16.628514608964053,35.922269045493,50.587565577379515,20.580677023222563,16.97687587826539,20.06551372318801,5.114305119635692,6.7780130648478325
safmnpp,ami,small,104,104_right,m2,14.243659472065396,36.594587785651285,35.89139870931824,18.637525272846183,14.848734115758901,21.198465571231907,5.128140025241832,6.797842452351919
safmnpp,ami,small,104,104_right,m4,14.724912967943466,36.45027624312242,39.79311336598083,18.539062393820114,15.426194862160914,20.514810983200586,4.993767917113208,6.848019785769655
safmnpp,ami,small,104,104_right,m8,14.496629774542262,36.51813313146411,35.87051272420462,18.898596276680937,15.41293730454648,22.675817665369117,5.076492108445896,6.8776296448230845
safmnpp,ami,small,104,104_right,rep8,24.311717219915792,34.27264725233355,94.07828893801154,34.651080205459046,15.666154351588089,20.053635942810036,5.191408181666592,7.0635190478694465
safmnpp,ami,small,104,104_right,ref8,24.132874728360967,34.304713023531875,105.54423995932287,21.486259399322265,15.247637903201591,20.027535180450318,5.194739742536287,6.928710977861279
safmnpp,ami,small,104,104_up,m0,16.551586857088328,35.94240723466761,25.922402782496828,44.49411911218999,16.264475369474123,7.233653157547284,9.655536009519864,7.994031028844375
safmnpp,ami,small,104,104_up,m2,15.432259544407735,36.24650842074733,23.476353554396393,39.69781803534644,15.456581116344523,7.057355342151817,9.481288460157744,7.993122194631571
safmnpp,ami,small,104,104_up,m4,15.074392161277478,36.34840551586415,23.109325969974822,37.92122360462386,14.93685456559364,6.9504111808969045,9.394458121047156,8.109620895441777
safmnpp,ami,small,104,104_up,m8,15.09534646950323,36.342372754354855,23.332314287908734,38.70191571110045,14.87322333559427,6.968748916429991,9.175776085126769,7.935373922896121
safmnpp,ami,small,104,104_up,rep8,19.686762877023096,35.18906050530907,34.15675274386446,54.512073440506626,20.907487320056408,8.12820042182408,9.839675183120262,8.130517311602027
safmnpp,ami,small,104,104_up,ref8,17.882874149524653,35.60643040649325,34.93169282290935,46.09631046976603,17.535123552768884,6.858308221256393,8.91577233982562,8.153238611261534
safmnpp,ami,small,104,104_zoom,m0,12.547129901395914,37.145359665677724,37.25747461378645,21.17697687388907,5.408224915167786,6.378121186022434,5.848304485353716,8.277862303251574
safmnpp,ami,small,104,104_zoom,m2,11.30444865195402,37.598309753677015,29.775292162140072,19.388911779974876,5.548676812472067,6.444443515141457,5.910804315808028,8.094637329776766
safmnpp,ami,small,104,104_zoom,m4,11.00141186423008,37.716319370281,29.46687002842977,18.756576918724292,5.362687350619144,5.830311145554421,5.730125470917401,7.914577388350874
safmnpp,ami,small,104,104_zoom,m8,11.228898164811795,37.62743217644641,29.893386560823647,19.609978621225792,5.46994060986015,6.030990859933353,5.731961921139388,8.057977043722726
safmnpp,ami,small,104,104_zoom,rep8,15.807724248004781,36.14211009447638,53.98708809480805,28.324526568508112,6.169936127567311,6.317979939529235,5.729979798104742,8.332970476521048
safmnpp,ami,small,104,104_zoom,ref8,18.58503529713405,35.439169706131366,78.99543010632816,23.81947570705791,5.46566157210442,6.095399788993101,5.848575322857279,8.25530539477785
safmnpp,ami,small,105,105_back,m0,10.897786605748355,37.75742061323798,15.130940621993327,11.297373355284636,11.632519594726427,12.32577644901915,10.51826368676515,6.671137224099026
safmnpp,ami,small,105,105_back,m2,10.491754306012014,37.92232249059449,13.36214241832288,10.750999906253325,11.805106872720769,11.843874422692672,10.389074188075194,6.56408461436593
safmnpp,ami,small,105,105_back,m4,10.534595079016894,37.90462513693437,13.636950485522506,11.087731941628707,11.879092740694022,11.63498138392065,10.326606101602348,6.546242247516641
safmnpp,ami,small,105,105_back,m8,10.516798283850731,37.911968168005345,13.38817013439485,10.842793376710889,11.789830519860061,11.989852847327677,10.379373456341147,6.5587602277489445
safmnpp,ami,small,105,105_back,rep8,15.432981408905148,36.24630527846929,36.33368234431707,22.011779951503023,14.035109187141453,12.174547354838,10.387658950906173,6.878759779923409
safmnpp,ami,small,105,105_back,ref8,15.73107875298289,36.16321855637888,48.34849391407794,13.545082941396307,12.292820645411979,12.052286911681545,10.269308530460702,6.797752553328168
safmnpp,ami,small,105,105_down,m0,10.268445692384786,38.015756503092334,15.705683877967743,11.90907139630864,11.56293326148897,9.62699146306533,8.980651858116543,6.816093876229935
safmnpp,ami,small,105,105_down,m2,9.45112278056365,38.37596955698553,11.376271469913263,11.729897791936716,11.035210975915604,8.952880199500333,8.81257565147609,6.762570315991746
safmnpp,ami,small,105,105_down,m4,9.22129561051304,38.48288416282169,11.07623454890185,11.729642133888657,10.697751017058104,8.600435169220663,8.624287681759904,6.489774477843918
safmnpp,ami,small,105,105_down,m8,9.592355611470873,38.311550901477666,11.229027998529023,11.600147512344954,11.242561583199517,9.54766594020024,9.111396097369735,6.704968393276143
safmnpp,ami,small,105,105_down,rep8,12.844570571763294,37.04360771645157,25.051416476737128,17.871178459907007,15.227214818025695,10.384805182638603,9.03565885191043,6.8294006598032
safmnpp,ami,small,105,105_down,ref8,12.906285725757314,37.02279085363645,33.658944855479874,15.11165058644505,11.433643566355698,8.590216517841988,8.601814173308984,6.922592891205906
safmnpp,ami,small,105,105_front,m0,10.444493482466479,37.941929776433724,18.756154247195457,13.307748819674106,11.692444645346383,9.317652018010874,8.126334504725856,6.147364444006993
safmnpp,ami,small,105,105_front,m2,9.54183102885474,38.334486392639235,13.585328124767825,12.538413941436318,10.872674545536062,9.421462251297578,8.094348576878467,6.153153279621542
safmnpp,ami,small,105,105_front,m4,9.408097484064175,38.395785520750685,12.891680598512341,12.658302239073311,10.859112114245065,9.400582949248486,7.994048395066757,6.059504591248679
safmnpp,ami,small,105,105_front,m8,9.552108125595296,38.32981131035337,13.248637025723244,12.786004831000465,10.970346711662343,9.54284503600179,8.102029361324547,6.140644079254795
safmnpp,ami,small,105,105_front,rep8,19.754678136224474,35.17410402770485,60.0321446143078,38.1039316545935,15.082731520408649,9.65900857627202,8.241002911437738,6.2077812340051315
safmnpp,ami,small,105,105_front,ref8,20.73809576934893,34.96311485132702,84.90766190587225,21.41582946540283,12.842062779545126,9.425810450335307,8.109317937899007,6.370402252463716
safmnpp,ami,small,105,105_left,m0,9.979629654552346,38.13965936010264,14.33033376957242,14.669432620602628,11.876983789040061,10.259162599802707,8.32152252137378,4.904920451637352
safmnpp,ami,small,105,105_left,m2,9.691338406188175,38.26696602157384,11.377237138368757,15.039250594930214,12.310621452118115,10.908796880226582,8.199122360230351,4.846142022455366
safmnpp,ami,small,105,105_left,m4,9.539317021684445,38.33563078861053,11.447432065533551,15.084955166970406,12.14218528005704,9.995728349778231,8.043621608401466,4.86108334610186
safmnpp,ami,small,105,105_left,m8,9.666170430529771,38.278259126694245,11.262546794841201,15.173433846416025,12.565314680563274,10.431877433802295,8.2062904007878,4.803932623193424
safmnpp,ami,small,105,105_left,rep8,15.006691708180847,36.36795400219672,38.76811604736484,26.967981253967928,13.271601226444455,10.565502678748818,8.08403148241394,4.833797704672843
safmnpp,ami,small,105,105_left,ref8,16.06680555214885,36.07150823182468,55.755090770959285,17.832166023052967,12.110200595262219,10.186786288751964,8.311218481122086,4.803680697138601
safmnpp,ami,small,105,105_right,m0,9.87222644608939,38.186652523514375,14.719824765007951,9.952956047149739,11.60511488137282,9.714122426626785,7.724236027780091,9.042242886898244
safmnpp,ami,small,105,105_right,m2,9.165859282513695,38.509071753491625,10.130787985974338,9.661466915041256,11.591120241463827,9.569893044246024,7.619020189716442,9.115477349032698
safmnpp,ami,small,105,105_right,m4,9.1466124525027,38.51820082712702,9.903434423403356,9.655874806304396,11.490473383993562,9.563312884330662,7.7048615506451315,9.096255593787602
safmnpp,ami,small,105,105_right,m8,9.123270298002206,38.52929818834122,10.21079036568702,9.603020990964948,11.167240156690184,9.596768592853488,7.683167472168766,8.999122329925205
safmnpp,ami,small,105,105_right,rep8,19.586678661577615,35.2111956250669,70.74907239765463,24.964358062182093,12.115908024082415,9.615297645500348,7.768534185308397,9.307123467522583
safmnpp,ami,small,105,105_right,ref8,25.313296762520427,34.097316502204706,121.34249225353349,15.0149259807303,12.017056231349748,9.68673470825259,7.864242255698785,9.434685956521465
safmnpp,ami,small,105,105_up,m0,12.27652123057244,37.24005041652616,17.485303746953704,14.152087264343475,16.668015184755173,16.985398500710815,8.407500889592216,8.373510147419744
safmnpp,ami,small,105,105_up,m2,11.640643397096774,37.47103375735608,13.013583582935615,13.249392823802566,17.072536309436543,17.136282437267617,8.394854522737315,8.562152963171554
safmnpp,ami,small,105,105_up,m4,11.508684872393923,37.52054662372318,12.779446436574236,13.347141776223465,16.68514677881443,17.04066347752015,8.3521921567994,8.323176158420075
safmnpp,ami,small,105,105_up,m8,11.46049372013903,37.53877033348817,12.588559310072368,12.941964215821049,16.569565320572554,17.51500242767114,8.249434536411972,8.472467195457458
safmnpp,ami,small,105,105_up,rep8,14.277862548605633,36.58417164129873,25.71916192993311,19.63088551861558,16.390581929247855,17.63629417703818,8.717631811058542,8.55480558457354
safmnpp,ami,small,105,105_up,ref8,14.227835309720287,36.59941531377899,31.006155537130883,15.263896944062417,16.398230534289578,17.29070803828808,8.253947804794262,8.39508797795427
safmnpp,ami,small,105,105_zoom,m0,8.401700683663664,38.887131554284586,12.088110675646005,10.520540569082376,7.205237390359898,7.049702168850757,8.289828474200718,5.839397345115399
safmnpp,ami,small,105,105_zoom,m2,8.150831196915242,39.01878461842412,10.277139968573206,10.276644103270392,7.3597232818655405,7.052542550785918,8.302767067300083,5.873317858532235
safmnpp,ami,small,105,105_zoom,m4,8.21426606327863,38.985115951549545,10.35794089361808,10.697370325674985,7.576696607873775,7.007159537827735,8.237642353521748,5.872177637759034
safmnpp,ami,small,105,105_zoom,m8,8.119322059538659,39.03560592475619,10.343465726127116,10.525596105887173,7.436696362239133,6.685897926238203,8.192549386707112,5.8443148803943785
safmnpp,ami,small,105,105_zoom,rep8,9.856667605627544,38.19350249689912,21.52230819848994,11.997482222137675,6.830404994021592,7.248868324754048,8.257818813531701,5.868458941484945
safmnpp,ami,small,105,105_zoom,ref8,11.098952085355615,37.67798384336328,30.94494701941083,11.52480737415624,7.151715373144825,7.001904112790285,8.192080826477552,5.981615597323444
safmnpp,ami,small,106,106_back,m0,7.810139529304077,39.20421568185804,9.311429597498915,7.660353174993343,6.486324043181411,8.305383944594903,7.116504124902398,8.640743010761964
safmnpp,ami,small,106,106_back,m2,7.430830797144947,39.42042988501032,8.067104792392795,7.1650438011017785,5.956759456194945,7.855968080177436,7.016527417925976,8.63338945751045
safmnpp,ami,small,106,106_back,m4,7.361742094624763,39.46099762215735,7.919071900321151,7.089087243745675,5.81988862422551,7.700676319166309,6.992409622180918,8.643584595713845
safmnpp,ami,small,106,106_back,m8,7.3554894910029525,39.46468781538161,7.982923853443292,7.081720988995707,5.77827368742422,7.694483970143522,6.9990885537118075,8.582722362793335
safmnpp,ami,small,106,106_back,rep8,10.347510261539169,37.98244495108703,20.820412844524064,14.441878781676614,6.975614892260403,8.649226193658778,7.068594450796294,8.724153584856484
safmnpp,ami,small,106,106_back,ref8,10.921432808528563,37.748007426440765,30.1428865800821,9.308014195814481,6.4515897022381425,8.386308612730717,7.101963506601396,8.880351078435154
safmnpp,ami,small,106,106_down,m0,7.132707665128601,39.59825936093436,7.976335621592929,5.591487492406508,6.012256409664791,7.276602438081357,8.891377050411409,4.9267567939261925
safmnpp,ami,small,106,106_down,m2,6.908739879709275,39.73681519455337,7.026550669353296,5.20630070450767,5.9724569924213355,7.170126428177299,8.848841643112372,4.8464643731096215
safmnpp,ami,small,106,106_down,m4,6.76849861816681,39.825880162828675,6.534218529738551,5.1634823739021325,5.993131869197755,7.04108814690656,8.632121785118116,4.940046446421448
safmnpp,ami,small,106,106_down,m8,6.809806055675949,39.79945617552651,6.563222214401721,5.180849210971436,5.866891687303652,6.868598969298821,8.842883148208164,4.930486165871418
safmnpp,ami,small,106,106_down,rep8,8.592008863249148,38.789856445075166,13.999609783621553,10.517500768282293,6.753457105581205,7.104906860718978,8.658098677030232,5.005113407729478
safmnpp,ami,small,106,106_down,ref8,8.6295921713066,38.77090089131411,17.211658308250428,7.208662630183406,6.460032378508146,7.179506890948216,8.83723066913587,4.921209104013058
safmnpp,ami,small,106,106_front,m0,7.2354776478541725,39.5361315464849,8.329726368607652,7.633189214505588,8.57758600682841,5.839827698249549,7.744061467845387,5.0946591368120435
safmnpp,ami,small,106,106_front,m2,6.684653839815466,39.88001438327564,6.142622607291462,6.609314604725928,8.496182140698979,5.758989995676512,7.500869162563353,4.9769032294264814
safmnpp,ami,small,106,106_front,m4,6.727619562836321,39.8521893610902,6.269077735369733,6.642809347090596,8.3744253094679,5.623794133692494,7.614058865328309,5.047819166475333
safmnpp,ami,small,106,106_front,m8,6.700356990299642,39.8698241864664,6.233940287000357,6.6570344579902505,8.477357037152986,5.661154767439348,7.5068579491731455,5.021424659951641
safmnpp,ami,small,106,106_front,rep8,8.595988657488995,38.787845271049484,14.257203868657006,10.299084091691594,10.116255077291573,6.173222655705216,7.777970698079872,4.975021213095384
safmnpp,ami,small,106,106_front,ref8,9.142398384814301,38.52020218891974,20.531416493044983,9.147434944672778,8.892417168821636,6.000112068754917,7.712456333208293,5.068577553135392
safmnpp,ami,small,106,106_left,m0,6.646300050394806,39.90500417050519,8.725648227978247,5.8693835464725845,5.9714149769061775,5.294311453142396,6.711318752779234,6.743461141249819
safmnpp,ami,small,106,106_left,m2,6.513896240574485,39.992395244322466,8.546711658921694,5.802255815983413,5.794767262233365,5.1156702303222295,6.690902038985695,6.446326594447267
safmnpp,ami,small,106,106_left,m4,6.472189586226835,40.020291305322,8.365002448686123,5.7492558112947485,5.809131052655711,5.102774014700571,6.552519015023566,6.649291370129095
safmnpp,ami,small,106,106_left,m8,6.49122584041551,40.00753641655131,8.482203371404703,5.802697452691806,5.836308609797253,5.055709484531198,6.575107880854334,6.5953858911813965
safmnpp,ami,small,106,106_left,rep8,7.876340405780104,39.16755883320925,15.082010792489879,8.60807450910883,6.369532363258002,5.638589360842931,6.687089528883415,6.361871464771842
safmnpp,ami,small,106,106_left,ref8,8.49819469319837,38.837536843364504,21.657509933482523,6.830251212954317,5.8377921756228375,5.262942748399454,6.6779443446197595,6.656748322896239
safmnpp,ami,small,106,106_right,m0,10.50388866870289,37.917302508733336,18.284691762671237,16.491117217909654,13.323834429600184,8.513653744747462,6.279365966798385,7.4439882488279165
safmnpp,ami,small,106,106_right,m2,10.258862610984782,38.01981147183203,15.935089628264105,16.79902481799241,13.502983484944677,8.592871875124446,6.309965520803162,7.434954929879796
safmnpp,ami,small,106,106_right,m4,10.02276149365319,38.1209296506292,15.535804562873519,15.957981499285998,13.164580471815347,8.428134923647175,6.279546796076448,7.398756005176438
safmnpp,ami,small,106,106_right,m8,9.964680057861434,38.146170017687794,15.419815995063644,15.779355266776681,13.039631128958336,8.532060180314462,6.1756912205485754,7.504810359625986
safmnpp,ami,small,106,106_right,rep8,12.682007020935284,37.09892371585442,25.09964151561488,22.99745758279212,15.77474580707036,8.672120279195894,6.38131775405951,7.863761663692811
safmnpp,ami,small,106,106_right,ref8,12.277064887876541,37.239858096458434,31.31325020563056,16.660032944526797,13.083381118353882,8.699461391345547,6.169331159923194,7.4912655135163755
safmnpp,ami,small,106,106_up,m0,7.842593418381485,39.18620660294946,14.057779932511437,7.70286250657639,5.827772447454945,4.747442916138133,7.549251503065434,6.898261360169705
safmnpp,ami,small,106,106_up,m2,7.250488787270709,39.5271307561291,10.754754684650043,7.161291796632286,5.510759035567869,4.607712103860982,7.490038313260771,6.911736285563363
safmnpp,ami,small,106,106_up,m4,7.168675302511641,39.57641450940932,10.385232720584996,6.999267433667654,5.541154929644335,4.8081399327833045,7.488155221238807,6.7133594551027835
safmnpp,ami,small,106,106_up,m8,7.030367736729882,39.66102318656672,10.147216981150137,6.888350467903582,5.34385682712442,4.572313118661134,7.327309158465458,6.774315428278246
safmnpp,ami,small,106,106_up,rep8,8.70627109511268,38.73248174812155,18.875278652773343,9.793763905577254,5.791255326094831,4.862308399009025,7.385950789496267,6.798002035836215
safmnpp,ami,small,106,106_up,ref8,8.932111229994648,38.621262382427915,22.13405525180935,8.128602597069552,6.001693428035881,4.900488768821071,7.271694568474203,6.797968069479647
safmnpp,ami,small,106,106_zoom,m0,6.537245616852515,39.97685558319036,10.25179793154628,6.670890717463487,7.585129950134448,6.857338563586821,5.205579819358142,5.172794727279895
safmnpp,ami,small,106,106_zoom,m2,6.186372770727036,40.21644275237588,8.26286993613515,5.965351398638211,7.588836418110406,6.967747423999194,5.235038363471052,5.1154284603687294
safmnpp,ami,small,106,106_zoom,m4,6.095559272742575,40.28066802197677,7.943198890609476,5.790035909327755,7.688673080881273,7.138888275762326,5.137548961041655,4.989071213920669
safmnpp,ami,small,106,106_zoom,m8,6.1273450670080445,40.2580802215867,7.894728360549775,5.828699050320154,7.707448281234954,7.060334123132765,5.198365821192308,5.099578860174633
safmnpp,ami,small,106,106_zoom,rep8,7.981200905995403,39.11012117686683,16.474278112919553,10.252186578782188,8.41293086773474,7.157599595002652,5.153801449072008,5.291453226677481
safmnpp,ami,small,106,106_zoom,ref8,7.997038704152917,39.10151162942511,19.902138702858377,7.654645666350149,7.490819707087209,6.866113593328681,5.268456815976871,5.167388587008483
