model,dataset,config,subject,key,cond,mse_y,psnr_y,mse_ring0,mse_ring1,mse_ring2,mse_ring3,mse_ring4,mse_ring5
span_ch48_t44,generic,small,0801,0801,m0,223.40346344330442,24.63990459131042,285.6448725074014,234.256768980721,290.4323764859377,239.7271637143999,202.85810504535928,151.30134272956633
span_ch48_t44,generic,small,0801,0801,m2,219.40586526752602,24.71832127696338,266.82509059372563,228.50944760919194,283.28812526334667,240.19789749871987,203.14973064502823,151.36105291549788
span_ch48_t44,generic,small,0801,0801,m4,221.08373586767752,24.685235661984063,273.3102070168475,232.11875315310328,286.0072096226854,240.45037708162548,203.10185851807532,151.3416953495686
span_ch48_t44,generic,small,0801,0801,m8,221.53375036898325,24.676404610879544,274.6626189202995,233.85768471143462,286.17426146051343,240.35013094396984,203.2079767309527,151.33345470784585
span_ch48_t44,generic,small,0801,0801,rep8,250.26236228711977,24.146848212081675,333.78106638045784,368.56845420555567,319.6207150471429,239.4890840698232,202.25068464642152,150.89357422086002
span_ch48_t44,generic,small,0801,0801,ref8,235.30549628659554,24.41448289284489,344.9469498741579,257.676034008121,298.45134449415536,238.76026029307286,202.85344442190382,150.9621540772538
span_ch48_t44,generic,small,0802,0802,m0,146.05307404212323,26.48569658678632,253.64645015340264,138.56712762829608,147.61947916652113,154.20767222184776,118.73171082272951,113.35523769831681
span_ch48_t44,generic,small,0802,0802,m2,133.4583483752028,26.8773461496708,175.74735309941934,125.14247240527465,145.7463455748424,154.57374031929396,118.76802783367,113.22534515861796
span_ch48_t44,generic,small,0802,0802,m4,131.13831393820726,26.95350765280284,167.07234833961144,121.43889562443097,142.14186193326466,152.9606113980318,118.61586596306933,113.17672169461636
span_ch48_t44,generic,small,0802,0802,m8,131.04240967267248,26.956684903563065,166.75840064798837,121.30208377711811,142.11990359659106,153.03682506368872,118.49317967764676,113.17605891880888
span_ch48_t44,generic,small,0802,0802,rep8,203.00970481022705,25.055635611577237,576.6213258379947,241.01991593447372,148.87628498419954,153.47884785157768,117.58441340132336,112.68775666335178
span_ch48_t44,generic,small,0802,0802,ref8,198.521438960974,25.152729463950834,624.415711410451,156.1384108043342,144.45455509401356,155.0357987972269,117.80947983709093,112.95537285877428
span_ch48_t44,generic,small,0803,0803,m0,209.1479014623278,24.92626849531483,164.9604445844802,199.12979157729112,240.66832884093438,262.0629299372339,207.39314696115707,200.71518124387816
span_ch48_t44,generic,small,0803,0803,m2,209.91324258750583,24.910405235181614,161.59061233832634,206.29313525744857,237.30926629193277,265.5379484945967,208.39426377653237,200.72432308312986
span_ch48_t44,generic,small,0803,0803,m4,208.61018237346784,24.937448581164,154.56147899772063,203.27501248574674,237.03350559841294,265.52483967163465,208.60645244683272,200.77822483609287
span_ch48_t44,generic,small,0803,0803,m8,208.7733878183154,24.934052221901762,154.67969325609835,203.36370663499898,237.6197871555463,265.83404313782063,208.70577709397142,200.77962911389974
span_ch48_t44,generic,small,0803,0803,rep8,226.11221259094236,24.587563411248524,233.2275970034569,249.2237519434575,256.0720493889355,261.0419335518801,205.95857705322905,200.63517052305997
span_ch48_t44,generic,small,0803,0803,ref8,222.06312713351466,24.666039095318773,245.9308281509321,211.49430027472908,249.8500808575409,258.0783862682098,206.13843392319018,200.67841651692797
span_ch48_t44,generic,small,0804,0804,m0,302.6968538532832,23.32072453823657,515.4951082325439,401.35793249692694,219.89636514384657,231.9405591901361,195.61241444732758,366.64276840513475
span_ch48_t44,generic,small,0804,0804,m2,300.38441408897114,23.35402965993699,496.8394666374,391.6063393130849,219.91974121896283,238.5721345765257,198.1537167723327,366.22325265848355
span_ch48_t44,generic,small,0804,0804,m4,298.05272175994634,23.387872687908935,488.1462417972515,385.621107776405,219.4936887013797,237.96729701219508,197.4147431813933,366.1438907523149
span_ch48_t44,generic,small,0804,0804,m8,297.7615097424276,23.392118030690504,486.3142412139978,386.2921696646808,218.75206228954724,237.38987628170534,197.48984448831095,366.1393506619388
span_ch48_t44,generic,small,0804,0804,rep8,330.33664160703603,22.941236116840756,577.2583893777716,515.3617620547334,233.548011062701,238.05595030816076,202.02662678464569,367.9400105054007
span_ch48_t44,generic,small,0804,0804,ref8,313.2053272552561,23.172512205794327,601.5547409891536,386.9211585833365,218.09521382975493,235.2136083148556,196.64563520859986,366.9310050050962
span_ch48_t44,generic,small,0805,0805,m0,140.12999094801586,26.665492669146072,211.99527151659458,214.94213931674645,157.3034781336846,153.0902713018512,110.6939296093237,66.43606309477796
span_ch48_t44,generic,small,0805,0805,m2,139.26645683988758,26.69233834275602,203.3170392243441,214.81363868065125,160.27958776161177,153.5100992086269,110.56305458338224,66.39181918944527
span_ch48_t44,generic,small,0805,0805,m4,139.46227590568617,26.686236126247405,203.884623540606,215.32685883400367,160.56105942682245,153.5747631421337,110.57636009655072,66.43704983341075
span_ch48_t44,generic,small,0805,0805,m8,139.53027131620078,26.68411922151572,204.12203702467318,215.7850840610743,159.962178565736,153.74126051698488,110.66662678292198,66.43376355655978
span_ch48_t44,generic,small,0805,0805,rep8,166.30589855055703,25.921727077847223,281.7526605362818,307.57210186930644,185.88561223936992,158.08044843824354,113.26831998127582,66.64399562729965
span_ch48_t44,generic,small,0805,0805,ref8,157.52616686933584,26.15727655548296,317.1033856668676,228.2416142061288,161.33747739614384,154.71286887882272,112.54292797574357,66.48498883668786
span_ch48_t44,generic,small,0806,0806,m0,109.22528972020311,27.747571555181775,215.71961420974662,113.98790499838167,99.36833230362178,97.02500465488912,86.82628905872309,79.29296226119317
span_ch48_t44,generic,small,0806,0806,m2,99.11815472554667,28.169271526489386,148.99871818193785,109.00964335220371,97.8713491695115,96.3372733939063,86.63558943957624,79.28711808707139
span_ch48_t44,generic,small,0806,0806,m4,99.64728527511076,28.146148893025426,149.51911282929635,110.23408955806278,98.65016799652672,97.67844227752221,86.83568659714857,79.27967382678982
span_ch48_t44,generic,small,0806,0806,m8,99.57548259809846,28.149279409491534,149.51205585766428,109.60097054251173,98.64749242757676,97.70386530064997,86.86644851691885,79.26367494070989
span_ch48_t44,generic,small,0806,0806,rep8,111.29160763654028,27.66617944912003,188.20549317870018,148.60722430932023,106.80109538020959,101.66704796590025,87.0854247945423,79.11766906679372
span_ch48_t44,generic,small,0806,0806,ref8,112.81462838251836,27.607149437214836,229.6100078337271,119.53449043714133,105.83983397263182,98.42245901818575,87.00419832486939,79.3186560969263
span_ch48_t44,generic,small,0807,0807,m0,157.10291039630005,26.168961302687684,209.67731280283883,273.2671301545975,281.7570072537342,218.3255750664688,96.0198138385564,27.177928104789505
span_ch48_t44,generic,small,0807,0807,m2,147.11809479863342,26.454142687800726,173.33108259678244,239.0998763067391,275.53434857611916,216.54944414237946,96.88319409407937,27.145969635541263
span_ch48_t44,generic,small,0807,0807,m4,146.57503776726335,26.470203461085546,170.26675206499152,236.55612077136345,276.6548708111359,216.72630984452906,97.03887681036474,27.140004652633486
span_ch48_t44,generic,small,0807,0807,m8,146.66221199086294,26.467621300366197,170.57582703659892,236.99869660563704,276.31543437027943,216.89429970869298,97.06932373524181,27.14008180250877
span_ch48_t44,generic,small,0807,0807,rep8,180.1234936551529,25.575099989680872,256.0728282443278,384.82339722226243,302.6603787683527,223.5297242001212,94.27700674674418,27.150158483595852
span_ch48_t44,generic,small,0807,0807,ref8,165.95835958463786,25.93081227473452,264.4181245702819,279.8319163043739,282.6423731711396,219.26876400562125,96.94518224345542,27.126830183292427
span_ch48_t44,generic,small,0808,0808,m0,196.5832242284823,25.19533907065877,131.6732040307661,87.24788591202513,85.51739901268446,119.94060051548463,198.70743862330377,442.901843944626
span_ch48_t44,generic,small,0808,0808,m2,192.59048883542516,25.284455253706017,104.44885785886198,79.94211297255364,83.92551652930929,125.9758825405147,199.31733915472523,442.9482191660041
span_ch48_t44,generic,small,0808,0808,m4,191.83120829437794,25.301610985573166,101.10208136624094,77.61406928058256,82.29109412551848,127.7224859820602,199.33868747951536,442.911964257733
span_ch48_t44,generic,small,0808,0808,m8,191.6993110459778,25.304598088112762,100.55140350169094,77.33023279708101,82.08240285139561,127.36313583905464,199.46586454058527,442.9163515820979
span_ch48_t44,generic,small,0808,0808,rep8,214.41611716051108,24.81822933714735,223.7890837528866,110.08569741263848,103.19631117613629,118.65720274683616,199.45700109902896,443.3977616539775
span_ch48_t44,generic,small,0808,0808,ref8,221.6788560948296,24.67356089130297,298.9015768197218,97.78353052284568,88.20537323127378,122.37190595380908,199.36411108787368,442.91667378581286
span_ch48_t44,generic,small,0809,0809,m0,134.81092781194437,26.833552632081496,142.94261897236944,113.4486008607524,139.94368242642824,113.0743869798328,141.00528685524452,142.075775613431
span_ch48_t44,generic,small,0809,0809,m2,133.19984174408788,26.885766520224436,133.06655334909692,111.69584351989526,140.55456016803228,112.3523910744343,140.8807570737994,142.16274338370133
span_ch48_t44,generic,small,0809,0809,m4,133.2829015644158,26.883059221255905,132.93258841527373,112.46009202312725,140.59303508752632,112.42166424562993,140.84791151523248,142.17971145476542
span_ch48_t44,generic,small,0809,0809,m8,133.2142097131294,26.885298081743592,131.95936077212508,112.61518260550714,140.7497268890404,112.44603429779293,140.9205377793265,142.1788656453638
span_ch48_t44,generic,small,0809,0809,rep8,143.08319227995034,26.574917398878934,157.6862470738109,148.87946786235986,150.29984926379254,113.89097733886166,142.1005332884714,142.4237776449938
span_ch48_t44,generic,small,0809,0809,ref8,137.22891946351322,26.75634717136124,155.34293577179588,117.38796956914001,140.54658972214216,112.83280983902887,141.40134674331367,142.2855169948167
span_ch48_t44,generic,small,0810,0810,m0,141.54533479827427,26.621848008704603,206.83111536915322,148.8761202947887,162.66929788669586,145.41057240773333,104.92656807495247,138.19709915276528
span_ch48_t44,generic,small,0810,0810,m2,137.0882498224473,26.76080128951945,180.70709028654392,145.1038325304815,161.60070358932003,143.39065825481066,104.84954941491135,138.07566838888937
span_ch48_t44,generic,small,0810,0810,m4,137.17767641515573,26.757969185826674,181.35492675510946,145.17107560059424,161.8346686005684,143.3856398761901,104.74668738624327,138.0713668883025
span_ch48_t44,generic,small,0810,0810,m8,137.1983013550415,26.757316264410473,181.4115906082633,145.21392870196732,162.00267785238705,143.2810300639819,104.74894094013167,138.06088553755842
span_ch48_t44,generic,small,0810,0810,rep8,169.60012456831188,25.83654193965431,320.0350409546997,231.05188073617884,175.42545621336808,150.0642293645302,105.06258173310043,138.17266147422373
span_ch48_t44,generic,small,0810,0810,ref8,167.0979671462719,25.90109194412741,378.27211782374627,161.67929263155676,165.22267735117995,146.29106321813532,104.85875247361457,138.29337708113914
span_ch48_t44,generic,small,0811,0811,m0,149.2605948864753,26.391351926750602,178.61318068325994,172.74004338218512,177.88600054297513,190.45899441863506,141.4024730791009,80.05614194868421
span_ch48_t44,generic,small,0811,0811,m2,144.8160229150548,26.522637445964676,153.0943121781049,168.4214774639941,176.04012718726597,189.53868278669506,141.14111875434602,80.12387140342193
span_ch48_t44,generic,small,0811,0811,m4,145.27823808603503,26.508797967211358,153.16164057026512,169.93628926965079,176.93194390776696,190.92999547906328,141.1613283129927,80.11372869343053
span_ch48_t44,generic,small,0811,0811,m8,145.7148034416188,26.495766860613564,154.9788871330306,171.43653218885544,177.16970314963234,190.55793223199618,141.1873369232948,80.11041472155551
span_ch48_t44,generic,small,0811,0811,rep8,160.83002718083287,26.0671322552566,200.90996081782546,213.2724965406008,202.50341123997836,193.34652972595086,141.7938102926048,80.08547523076808
span_ch48_t44,generic,small,0811,0811,ref8,156.2757883046876,26.191886625683058,220.4038946534094,180.07688281144925,180.73956367854387,190.52526215861127,141.37808181111296,80.10938755091514
span_ch48_t44,generic,small,0812,0812,m0,307.45846635393207,23.25293904338863,291.998023750131,312.062515015525,362.759610448635,399.837561971632,318.1790008771539,202.58688908347816
span_ch48_t44,generic,small,0812,0812,m2,297.25863457736114,23.399458822875665,272.29668948508646,275.14866488414725,346.98451619221106,389.25578969474753,318.11648356227425,203.87256158553518
span_ch48_t44,generic,small,0812,0812,m4,298.6267667631635,23.379516286893885,268.95956024656067,278.7576686638592,354.65103900915307,392.41190216297616,318.4280267644969,203.98613177028827
span_ch48_t44,generic,small,0812,0812,m8,297.2178316866045,23.40005499350091,259.8693185052901,279.0724551326533,352.8362122376473,392.3273239086995,318.47928464361524,204.00975936137377
span_ch48_t44,generic,small,0812,0812,rep8,328.87262875745586,22.960526311196922,334.6188279879619,372.05886357516033,407.5253138444454,399.0665226990195,325.64289442683366,203.98252158983595
span_ch48_t44,generic,small,0812,0812,ref8,315.82288672879207,23.136367620484886,360.12756800651493,307.8384098283894,348.97747288862774,403.0674195901162,320.2157048633725,203.41355060928
span_ch48_t44,generic,small,0813,0813,m0,269.56659144614264,23.82414293663539,227.01879889746175,201.03143650623085,256.49888218705786,293.793357400553,269.00723176274806,347.12005948760384
span_ch48_t44,generic,small,0813,0813,m2,260.22476813896935,23.97731730617145,181.75245030183495,193.18569046285967,246.9627707288677,285.54536452503055,268.61754125671564,347.19052270455154
span_ch48_t44,generic,small,0813,0813,m4,260.278758091145,23.976416350185154,182.3592992446797,192.80013610809007,246.90338559724216,285.77719089864416,268.61609969622003,347.2035694301461
span_ch48_t44,generic,small,0813,0813,m8,260.06290936174634,23.980019441128817,180.86103491492375,192.7387372174921,246.37051465857795,285.87689619843246,268.77569530641136,347.1829448754512
span_ch48_t44,generic,small,0813,0813,rep8,291.1898734900368,23.4890409312481,296.26618090181967,257.39809269762526,281.78832558543695,302.1423939527889,271.85826804098787,347.7365557994244
span_ch48_t44,generic,small,0813,0813,ref8,292.776505529747,23.465441379630334,374.0715584748192,213.58676394695826,259.3706748435796,298.47832641894234,270.58314947373464,347.4465024021091
span_ch48_t44,generic,small,0814,0814,m0,189.30722339875993,25.359131752064357,301.613102651263,208.68275953017687,164.0325200989458,104.78925873511707,156.70328755609304,218.04964508237384
span_ch48_t44,generic,small,0814,0814,m2,189.49003312714476,25.354939891586397,296.1425203903776,211.4797472129567,170.0476165535806,103.06079033296663,157.06260698387743,217.68792499875602
span_ch48_t44,generic,small,0814,0814,m4,189.76837232711435,25.348565282686053,298.2983704779646,212.90023472704985,169.21288112779095,102.32863711039793,157.00357764314913,217.67791764486518
span_ch48_t44,generic,small,0814,0814,m8,189.07456591616838,25.364472488666912,295.4306521593922,211.58249752345426,168.37116262940035,101.87585188452304,157.04212058728052,217.6935390645936
span_ch48_t44,generic,small,0814,0814,rep8,196.93926067220895,25.187480576621468,320.3068206297152,239.1183966991726,170.22681003982748,108.46285825055116,156.8673487302258,218.0926069221324
span_ch48_t44,generic,small,0814,0814,ref8,194.23209626369555,25.247593635222813,332.4349313600392,211.65107677391723,166.63494766963393,102.80247834846058,157.40943472786518,217.98629817663263
span_ch48_t44,generic,small,0815,0815,m0,155.705383447492,26.20776732492974,221.8036495748685,178.89466645633567,196.48082656314895,125.58038210911558,133.38199342958822,120.94030306108905
span_ch48_t44,generic,small,0815,0815,m2,145.27342790087414,26.508941765173446,161.28706384125323,171.22113475707144,190.54823103478734,122.29509195740167,133.07285122411793,120.98301526115613
span_ch48_t44,generic,small,0815,0815,m4,145.67952046466442,26.496818576519754,166.66409628176007,172.02475961337242,188.84331535070837,120.71795628540717,132.8802298024838,120.9859304358256
span_ch48_t44,generic,small,0815,0815,m8,145.63042418348596,26.49828246366754,167.03681951522768,171.69201686445382,188.00793044968236,120.88973855645526,132.94912341520947,120.9799493683424
span_ch48_t44,generic,small,0815,0815,rep8,176.75751899638107,25.65702463778419,289.2217252872033,245.2902665119733,213.5450540734188,130.42711290574178,135.88430443329116,120.78244874323819
span_ch48_t44,generic,small,0815,0815,ref8,173.39248669862232,25.740500858132016,335.89291545398703,187.1474373619663,199.2378721497383,128.0427876989336,134.57661211592668,120.87145548730344
span_ch48_t44,generic,small,0816,0816,m0,159.95420955630362,26.090846868571795,182.73456638005214,162.69797212723097,125.61832912607498,105.91392378438412,175.62883321876694,166.562131510502
span_ch48_t44,generic,small,0816,0816,m2,157.2828598492864,26.163989636003965,174.88316350732364,152.63341327373698,127.49670312533765,106.02672677484261,173.99670592922422,166.5617005191756
span_ch48_t44,generic,small,0816,0816,m4,153.19566941146945,26.278338721854556,153.4865588771825,147.22318966804488,124.27293236888488,105.88563986858024,173.80057083261292,166.5560197063837
span_ch48_t44,generic,small,0816,0816,m8,153.031147833568,26.283005251125505,153.3070082045908,147.02454765054358,123.8724050496544,105.32126295205104,173.77744644221167,166.5624395888327
span_ch48_t44,generic,small,0816,0816,rep8,187.51942296246222,25.400341029452512,298.693437268926,227.8731712639763,148.18685041017832,112.96765089253853,175.21964919456744,166.92040870106285
span_ch48_t44,generic,small,0816,0816,ref8,197.98496307647952,25.164481539442423,418.9204280227054,191.20620367880915,136.77734520709222,106.66334444315625,177.27117998793807,166.78080792826657
span_ch48_t44,generic,small,0817,0817,m0,252.03704091888278,24.1161598879859,272.26774141593387,225.8560615892188,175.6192765138538,176.6663021867109,259.64458722597465,337.8457991855513
span_ch48_t44,generic,small,0817,0817,m2,248.99846366707897,24.168836933824885,248.94486806323727,228.57177238162555,174.3597089204127,174.72123798975906,260.2075199395345,337.770905406618
span_ch48_t44,generic,small,0817,0817,m4,246.86680001223453,24.206176732891016,239.39696593962213,224.3459244943817,172.68558433048307,174.47226877769077,260.00258065029095,337.8249638353312
span_ch48_t44,generic,small,0817,0817,m8,246.51394245070517,24.21238873529843,236.170256388996,224.62740097608508,173.0792652595087,174.85715243434876,259.88536494422567,337.85555888007025
span_ch48_t44,generic,small,0817,0817,rep8,270.45062410248556,23.809923728936617,314.8560983732692,303.8915465289214,193.3504105243554,181.71157775975718,259.7997717801093,337.5090918988039
span_ch48_t44,generic,small,0817,0817,ref8,258.7537347322579,24.001937339511272,298.6869191337255,238.15667812138898,183.0455887474899,179.61382526617902,260.70470488076154,337.72045279979716
span_ch48_t44,generic,small,0818,0818,m0,473.43409867122494,21.378208264733196,438.30584044018724,336.8809073072228,356.1119158455653,383.08605374190734,493.3289684602714,695.2261107973021
span_ch48_t44,generic,small,0818,0818,m2,469.8904540265962,21.41083738585296,412.7345552901861,346.5854822281501,344.544036919518,381.7268021167283,493.97790037574293,695.3421882550424
span_ch48_t44,generic,small,0818,0818,m4,469.0697590832186,21.41842925973691,413.0572201238876,342.6244705431663,342.9210588745609,381.26934094689585,493.5950196006407,695.3861169089078
span_ch48_t44,generic,small,0818,0818,m8,469.1119223676322,21.418038902898058,412.13709060018937,344.9864416848199,342.08982815751125,380.7948992932194,493.6485771531094,695.3777565484392
span_ch48_t44,generic,small,0818,0818,rep8,513.848358875201,21.02245387048212,579.8729756725057,439.6711381268499,388.9800596856626,403.70384620795465,498.4804644558706,695.6526296772954
span_ch48_t44,generic,small,0818,0818,ref8,492.78159670155196,21.20425880461957,550.2697199657395,358.43405572909256,358.75957491768514,386.4136201364583,495.020566423777,695.2188933687817
span_ch48_t44,generic,small,0819,0819,m0,255.9550437581892,24.049166688462012,326.50782173846943,251.9930142431175,271.9433639331765,209.04095182984102,250.8056359215932,231.67962862087012
span_ch48_t44,generic,small,0819,0819,m2,252.2846138138383,24.11189596040017,283.61388192785637,258.8915850414532,283.2431384480861,211.09321638739195,250.10013511393754,231.80544560946691
span_ch48_t44,generic,small,0819,0819,m4,251.09578976103228,24.132409301099088,280.70139193955663,255.78450821561609,279.949902850818,210.56573609584802,250.2583341365617,231.79706498673588
span_ch48_t44,generic,small,0819,0819,m8,251.22268283960082,24.130215116811936,280.4503147294185,256.7160919437804,279.9383257519801,210.7261910542816,250.34215120523834,231.78993869774
span_ch48_t44,generic,small,0819,0819,rep8,300.12407864040125,23.357795210539845,484.1501037456763,379.4930732655808,308.89370138980803,217.91243943196622,253.73979589058422,231.6794614288733
span_ch48_t44,generic,small,0819,0819,ref8,303.2586774248226,23.31267124276372,582.8059587893982,313.1741435068504,301.57802887159914,214.51047462367353,251.59165175525376,231.62056009405856
span_ch48_t44,generic,small,0820,0820,m0,447.3651645713276,21.62418197431524,820.2766905363862,357.18433924778907,617.315139239443,439.70126675287406,367.212700103632,265.2360722147964
span_ch48_t44,generic,small,0820,0820,m2,421.4466458952326,21.883377590363217,591.8520913993045,368.65258879744437,645.0020928782521,450.2023263036762,365.726708192802,265.6770091623307
span_ch48_t44,generic,small,0820,0820,m4,417.0941223614599,21.928462910028273,575.2904392107343,363.60483536230083,631.6183540708603,449.49423541715163,366.32217475422294,265.77003845145276
span_ch48_t44,generic,small,0820,0820,m8,413.6881362709896,21.964072944706402,548.4991665568565,363.55904621791717,633.0923463025177,450.80347317981415,366.18862351025064,265.8096892808523
span_ch48_t44,generic,small,0820,0820,rep8,431.3815847212521,21.78218759333296,508.44502774960193,423.81023647275896,726.2981528574916,465.45919211195445,375.0737501177998,265.83454041115726
span_ch48_t44,generic,small,0820,0820,ref8,418.61007718604856,21.91270681983216,548.9369437714416,388.7152023986788,673.7592469766504,448.33024712537735,358.10423892887826,264.86251240628485
span_ch48_t44,generic,small,0821,0821,m0,803.4350207634673,19.08129602687041,966.8721233544914,781.0095112381574,794.4364866634342,1035.3916680451462,817.0771775355798,530.9926955637336
span_ch48_t44,generic,small,0821,0821,m2,763.6785952349098,19.30169742717374,754.1859794174499,729.7722653095366,795.0716485695865,1016.3321502506948,810.9236537701953,530.9808827396232
span_ch48_t44,generic,small,0821,0821,m4,764.2255027889281,19.29858834535018,750.6926157989526,733.4962928437386,804.8640069221956,1012.1963783675542,810.4771180726365,530.9501442632023
span_ch48_t44,generic,small,0821,0821,m8,764.0384658783071,19.29965136980493,749.3640617225562,733.8871265919649,805.0061321718867,1012.1125847572952,810.2866788576223,530.9574950124415
span_ch48_t44,generic,small,0821,0821,rep8,876.7721900123428,18.70193594722739,1246.3173678786168,935.1765394780082,858.4134613275779,1082.869829382951,824.9724808763215,531.3017338225496
span_ch48_t44,generic,small,0821,0821,ref8,870.8345886101956,18.73144690448074,1400.181323767824,851.0914473722478,804.4278925619977,1027.542918575523,813.1061498261922,530.9269322492187
span_ch48_t44,generic,small,0822,0822,m0,301.1300624248284,23.343262466919388,360.80437605946634,314.16260803040797,323.12810204700725,276.76806909748774,317.7393250971734,214.15378667579537
span_ch48_t44,generic,small,0822,0822,m2,293.89206545394427,23.44892499790483,322.4193858715848,302.7312201321606,319.4253007780078,275.362587677018,318.0195750625709,214.04754369285234
span_ch48_t44,generic,small,0822,0822,m4,292.488950231945,23.469708970956525,315.62195448379225,300.13854722381774,318.94917624537754,275.6113422801229,317.7170100042434,213.99284593363956
span_ch48_t44,generic,small,0822,0822,m8,292.62027715538716,23.46775943550351,316.0712608733139,300.5140437457764,319.09404102056595,275.51484274042343,317.7538322170338,214.00922173096689
span_ch48_t44,generic,small,0822,0822,rep8,322.50758752857826,23.045404242748262,432.6438510715253,373.1237943950656,341.2820710223137,285.716765488234,320.28482140900473,214.4554158462933
span_ch48_t44,generic,small,0822,0822,ref8,321.2454834734215,23.06243330416059,473.45291844822594,338.173345730472,332.5600746204284,279.93420888112274,318.0507989696199,214.3733668562847
span_ch48_t44,generic,small,0823,0823,m0,317.0334267220606,23.119753059826415,305.83997483579,236.17137722387295,291.2627308428486,343.529647820103,324.44031696783674,371.1373500553893
span_ch48_t44,generic,small,0823,0823,m2,311.4911778106545,23.196346099767613,273.49267881631806,244.9089666507709,284.83194493072574,332.3380686277169,323.6908094318319,371.1220251134669
span_ch48_t44,generic,small,0823,0823,m4,312.00387028780403,23.18920379560328,275.60724954966156,246.77860093352726,286.3222439028635,331.4020002866512,323.4006546874815,371.15890412016654
span_ch48_t44,generic,small,0823,0823,m8,311.9700641609091,23.189674386234355,276.1630056373293,246.2786911961319,286.4774978304437,330.6283995193007,323.4457079605067,371.1802800336413
span_ch48_t44,generic,small,0823,0823,rep8,340.6893448016182,22.807218098249038,374.3527092147741,304.9923371412312,316.0714239348199,364.6202239538636,325.2644407690882,371.2113511701596
span_ch48_t44,generic,small,0823,0823,ref8,332.2454074333022,22.91621374383794,384.1080709469481,255.16148716704026,299.0884501201164,353.1387071112095,324.72808673826285,371.11539461124374
span_ch48_t44,generic,small,0824,0824,m0,452.0307061824295,21.579124236834268,248.95225006015804,287.71845500188863,288.26632311509815,365.07504858460203,605.0979131541053,601.8394530938707
span_ch48_t44,generic,small,0824,0824,m2,450.3984223042496,21.594835003073882,212.58493818159826,270.2609964915117,302.89430157199644,381.2885439047319,611.4806997154847,601.767088553275
span_ch48_t44,generic,small,0824,0824,m4,450.00136154077063,21.598665330731244,210.78058981605884,263.717124383524,304.19715694802096,385.233419016994,611.7201484904639,601.914970083834
span_ch48_t44,generic,small,0824,0824,m8,450.9625261267079,21.589399062905287,209.72126157399376,265.63091135368126,306.6952107629326,387.9812665293752,612.5264381144132,601.9357110234484
span_ch48_t44,generic,small,0824,0824,rep8,460.33215365939253,21.50009049955805,255.29162821402434,293.57021967331497,314.00725031116605,388.64532375133734,608.2599143647168,602.1867427283074
span_ch48_t44,generic,small,0824,0824,ref8,457.05718067586713,21.531098244774057,266.74678638577103,278.4705597473249,300.957322024406,370.6480545027527,609.9407008150858,602.1477695159089
span_ch48_t44,generic,small,0825,0825,m0,717.1920808107631,19.574448754032737,658.9578416636497,618.7863069216189,533.9281258302711,636.9230651693299,741.4686024372667,958.929819985153
span_ch48_t44,generic,small,0825,0825,m2,691.7173375198126,19.731516996972225,483.8139622623191,613.4409927854506,536.6095372429351,636.2927095254778,738.3916676390048,959.0660609842182
span_ch48_t44,generic,small,0825,0825,m4,690.1405578722154,19.741428102877006,475.1472633515037,607.9646798041923,538.0588503034895,637.6856353027096,738.4042762749901,958.9855996260599
span_ch48_t44,generic,small,0825,0825,m8,689.9227317116156,19.74279906464466,473.84982987859604,605.6103467191608,537.8951381408764,639.2996228966042,738.723155386219,958.9812064583753
span_ch48_t44,generic,small,0825,0825,rep8,776.2291172139245,19.230904312913292,854.3722206917515,787.4102640938295,605.8242080150407,650.8506248970345,743.1482331341523,960.0854520170526
span_ch48_t44,generic,small,0825,0825,ref8,753.9804761038769,19.357202606614408,884.0658071616019,637.9999521082875,543.4313723337888,644.1338681156977,746.1542433372051,958.8441441212306
span_ch48_t44,generic,small,0826,0826,m0,323.412968894375,23.033229296935282,302.05556765838503,188.05415736414218,191.27572262754254,436.96823158280216,369.60659560552415,369.22540915254746
span_ch48_t44,generic,small,0826,0826,m2,309.68182853832633,23.221646382268624,215.41880184539514,170.43627357111416,192.21380247695546,442.0029581989813,368.61695756159946,369.69094453570153
span_ch48_t44,generic,small,0826,0826,m4,307.53668631034697,23.25183430311607,218.0823896278732,167.44280302362117,187.23935874858464,435.6835285763711,366.12425795729223,369.5120122048365
span_ch48_t44,generic,small,0826,0826,m8,308.0201234353488,23.245012703043486,219.39004424724712,167.85057800920765,187.77149684746755,435.8683232006459,366.59557229137266,369.581971196724
span_ch48_t44,generic,small,0826,0826,rep8,370.50575966387265,22.442853972143855,489.45260644440697,322.44457817258194,226.91929856449892,426.1521867391098,373.0846002553674,369.54941298128136
span_ch48_t44,generic,small,0826,0826,ref8,361.8795995301711,22.545162598298965,567.7712237405713,205.6192036110961,189.43122501107555,437.5440405684312,369.32403528630323,369.2608903691801
span_ch48_t44,generic,small,0827,0827,m0,64.11374191373794,30.0612923622152,52.30301882409109,64.62089571249325,51.31676976568321,35.62008636115445,60.79558792145789,105.14531060617315
span_ch48_t44,generic,small,0827,0827,m2,62.37506547682382,30.18069346345348,44.87152410845734,59.670861294038716,50.9823955286069,35.901097218750785,60.87869283786984,104.54209844766704
span_ch48_t44,generic,small,0827,0827,m4,61.64710336594724,30.231676858037932,42.91020784382785,58.42429126135339,49.45989936953999,35.87760238914723,60.48345769810433,104.61865925915488
span_ch48_t44,generic,small,0827,0827,m8,61.522257053440306,30.240481009166423,41.81411164452522,58.30689802648056,49.90399957640733,35.858331523859206,60.506791589597405,104.52013479764776
span_ch48_t44,generic,small,0827,0827,rep8,62.50115225478322,30.171923369113344,43.63888206282362,67.1926363067085,49.864492510343496,35.70784647338746,59.74648692017358,103.78489625021452
span_ch48_t44,generic,small,0827,0827,ref8,64.21685974215693,30.054312964794985,51.11636019516791,67.41719762073804,53.53110766813402,36.702154494611314,60.056371416234626,103.89185901598609
span_ch48_t44,generic,small,0828,0828,m0,355.2592189602687,22.62535004200494,373.46906987698725,368.45472116798567,378.89055007262135,389.7631921883049,316.74860743959505,367.4682006998185
span_ch48_t44,generic,small,0828,0828,m2,346.48625931707164,22.73394344491799,341.1795711937273,348.3300808661952,368.0511820195832,385.068244488549,316.88072362501043,367.2491069727327
span_ch48_t44,generic,small,0828,0828,m4,336.7793757912,22.857348732134888,306.15192019698713,328.50545565813314,356.59347968113906,377.36885701544037,316.2665056350096,367.30878608083407
span_ch48_t44,generic,small,0828,0828,m8,333.37666063677864,22.90145168829616,293.7025363802226,322.3819707442686,351.7210984339071,374.7933947607667,316.1025130525666,367.2640160327902
span_ch48_t44,generic,small,0828,0828,rep8,372.2234999447384,22.422765724757717,431.26242728526535,405.95861564409006,396.7040109477452,401.74621143914703,319.3294662418835,367.4890388649353
span_ch48_t44,generic,small,0828,0828,ref8,368.73188526686806,22.46369666991879,416.5585004939517,394.18099741113167,391.886770363543,402.89597292589735,320.59963934470625,367.75531331628383
span_ch48_t44,generic,small,0829,0829,m0,164.68986457284018,25.96413488446985,164.74249966586413,213.82253308183937,160.71142366316786,151.71759113623563,156.78425727749092,154.676829286244
span_ch48_t44,generic,small,0829,0829,m2,154.1808066112103,26.250500474749664,116.36813300938265,192.6587637171692,152.24195979717928,150.75067340705075,156.55841082246607,154.6987550489633
span_ch48_t44,generic,small,0829,0829,m4,153.38278618381852,26.273037384444166,111.31025354951232,193.32544624712773,151.26257061405622,150.59380611530875,156.39797309750398,154.6808911050806
span_ch48_t44,generic,small,0829,0829,m8,153.10532313566836,26.280900704422912,110.38839236258835,192.6066502775158,151.05409049896522,150.20161511507095,156.42240236329292,154.67724891938366
span_ch48_t44,generic,small,0829,0829,rep8,199.67061779140718,25.127661992014623,302.9336948126201,313.18507128880515,186.2109069833317,157.7535130875841,155.83820564354846,154.75593560824052
span_ch48_t44,generic,small,0829,0829,ref8,202.7427157649313,25.061351012395846,427.29284071359274,228.78262296419325,164.12921065362977,149.32114347331165,156.69461006855732,154.65462728429148
span_ch48_t44,generic,small,0830,0830,m0,341.7940140672309,22.79315908335547,172.22439680041717,336.05403914846283,281.11440481152425,299.2640250095086,436.8881830166432,364.64833418405203
span_ch48_t44,generic,small,0830,0830,m2,342.0203640274958,22.790283959770434,166.33914415533403,336.79494385868577,285.316449157392,299.1777548852146,438.06165947476495,365.0080959277171
span_ch48_t44,generic,small,0830,0830,m4,342.22515546791385,22.78768431409834,166.5913975650718,336.51230962354134,285.9100735772197,299.9784781064072,438.2187153522162,364.994766813206
span_ch48_t44,generic,small,0830,0830,m8,342.1336429344157,22.788845792219256,166.67201403885292,336.9967803666553,285.2211018477081,299.6748195530419,438.0627671894231,365.00305090575546
span_ch48_t44,generic,small,0830,0830,rep8,344.91104830679296,22.75373254810683,183.48895342082525,330.21376111162556,288.3650312208459,297.923051309004,441.38872408612815,365.2528959429247
span_ch48_t44,generic,small,0830,0830,ref8,345.1284821350662,22.750995594330774,197.3727499039862,333.7510248445053,282.0969423615664,297.6436920453786,437.35563894961865,365.0993172787429
span_ch48_t44,generic,small,0831,0831,m0,237.22409403035343,24.379215641477764,253.79622511463936,172.82654467923126,204.85363778480283,188.01970781954813,307.90548700028677,188.98435340103768
span_ch48_t44,generic,small,0831,0831,m2,228.05745304112455,24.550360910800663,209.27136983206745,160.90772358700133,197.7544272753979,185.21403017863724,306.6705007596516,189.05867448982255
span_ch48_t44,generic,small,0831,0831,m4,227.39710337583296,24.562954326002053,206.94654807779443,161.06612756856956,195.22384857578356,184.18606549245143,306.80574409416596,189.0702783514681
span_ch48_t44,generic,small,0831,0831,m8,227.16689600162877,24.567353169772986,205.66773213144162,161.1581525932614,194.89625671234043,184.03921892296603,306.7672094018563,189.07486390276256
span_ch48_t44,generic,small,0831,0831,rep8,256.3967901021335,24.041677770322735,337.50185829149854,228.65211290228464,202.83737376791495,188.1573345029334,310.15075792480843,189.2257873564557
span_ch48_t44,generic,small,0831,0831,ref8,259.29056054959443,23.99293654263786,388.79513908586915,190.61111992957706,209.47376096585654,190.32760777748152,309.27640194118504,189.10412147939445
span_ch48_t44,generic,small,0832,0832,m0,300.37938107084045,23.35410242770426,574.4552321407443,476.6956727123246,301.2965494075591,225.7440281564418,222.81847113602055,151.3727195977121
span_ch48_t44,generic,small,0832,0832,m2,291.56889900382436,23.48339163963315,544.2945902580921,439.8824137466349,300.01796673337384,225.22337242395943,223.43992689954837,151.48899133454788
span_ch48_t44,generic,small,0832,0832,m4,293.09902364532223,23.46065989123965,549.760826993435,447.6550722043907,296.6313623065077,226.17273146693316,223.6929291182551,151.49427285681506
span_ch48_t44,generic,small,0832,0832,m8,292.2384388102639,23.473430217362463,546.3863851157708,445.0344684895169,296.28552009274,226.16024794550358,223.62894646853547,151.49389601215458
span_ch48_t44,generic,small,0832,0832,rep8,353.74724834691307,22.643872905190253,743.2872395622147,647.0068059948694,343.7864936174378,253.00889628188096,224.45681724087686,151.39121838228132
span_ch48_t44,generic,small,0832,0832,ref8,347.3349443271637,22.723318822936207,853.1284357351885,527.601181609573,308.01146159673954,236.09446291091353,223.72004094758333,151.43849093082525
span_ch48_t44,generic,small,0833,0833,m0,212.41074211743333,24.859038845961578,303.28328129275917,296.39580494807706,202.23722934040487,115.6662050250054,174.21380029288267,219.13000423536906
span_ch48_t44,generic,small,0833,0833,m2,203.02119211596633,25.05538987296308,259.3303541825632,283.09242681441805,198.41559774645984,110.36849493568907,172.554698202656,218.63526291915824
span_ch48_t44,generic,small,0833,0833,m4,204.77622118845915,25.018008363287958,277.24197115425517,283.2747230588029,196.7961909559958,110.02023817682385,171.05855652211773,218.63598511832257
span_ch48_t44,generic,small,0833,0833,m8,205.0677984932182,25.011828917948353,278.9277752611821,282.00052919470255,195.55704904029753,111.5977477646452,171.68013657615757,218.58529197980823
span_ch48_t44,generic,small,0833,0833,rep8,219.03513709061986,24.725665719614582,353.96015306761166,326.6767825948718,183.36349557072162,111.81551787611237,169.39219701137125,219.42646248282296
span_ch48_t44,generic,small,0833,0833,ref8,214.9626456930085,24.807173622492577,369.1398254033094,263.5333345626002,185.70412133352042,116.66323251254254,172.74486779940725,219.29046871703747
span_ch48_t44,generic,small,0834,0834,m0,189.44081337828067,25.356068111452885,279.3980589896915,300.4195076439272,263.12360328413996,200.76680976012432,129.61485247449025,96.28407824745445
span_ch48_t44,generic,small,0834,0834,m2,185.610128085826,25.444786904302337,263.0666143335312,294.9775570510196,260.44913893241466,198.76535652137954,128.55265883666655,96.22184628059686
span_ch48_t44,generic,small,0834,0834,m4,187.25736703067045,25.406414482596578,270.3634737924865,298.4498583590338,261.92758308796425,198.6950605015216,128.65011791840925,96.24633186488411
span_ch48_t44,generic,small,0834,0834,m8,187.0986163694674,25.41009785047896,270.54035552273564,297.6243927231813,262.08439757230104,198.34888280175892,128.47445508967755,96.2441573461123
span_ch48_t44,generic,small,0834,0834,rep8,214.08637420506471,24.824913339091314,375.0254844760166,381.4629048975386,279.8871497581552,198.4770766113901,127.99152934012466,96.32388806649845
span_ch48_t44,generic,small,0834,0834,ref8,226.31663436266132,24.583638849228322,508.79825567383574,328.8642988077549,275.3489565604918,204.83855360663858,129.25064369886627,96.33065482758678
span_ch48_t44,generic,small,0835,0835,m0,256.75050034704975,24.03569062258766,254.18629894351943,220.24980113311733,198.6967116187037,206.89224957493158,263.59763572232373,341.34447423064347
span_ch48_t44,generic,small,0835,0835,m2,254.78952510668873,24.06898791529069,255.30035335009669,214.37928732703872,192.12431889200843,204.42494242876728,262.65613636280233,341.2733916096429
span_ch48_t44,generic,small,0835,0835,m4,253.6257764592833,24.088869712593674,244.01525344950596,216.26023845165707,194.14726434384758,203.82147225258277,262.5217052198032,341.3717336835768
span_ch48_t44,generic,small,0835,0835,m8,252.8589697926691,24.10201996680778,240.791394156957,214.7896405616716,193.74452677221507,203.1458795382281,262.46667629916874,341.38133794412715
span_ch48_t44,generic,small,0835,0835,rep8,278.0898986671774,23.68895147022735,297.13206421057146,292.2890050600449,227.52974890950816,212.87338889448066,270.1211634676176,341.6377709261737
span_ch48_t44,generic,small,0835,0835,ref8,265.2789149159964,23.89377628411177,297.61005681305517,230.13020886468252,200.23275486350462,207.41116898733006,266.5971259296708,341.755422887583
span_ch48_t44,generic,small,0836,0836,m0,296.9011652874721,23.404684587352342,234.23741030069257,302.17190334468853,458.90032010494224,378.6141141219483,232.0456776394195,306.40267973836166
span_ch48_t44,generic,small,0836,0836,m2,295.1656398444485,23.430145608824805,210.48866206635304,322.14816258688523,452.09282784884823,374.7525417377858,232.66048779715663,306.34885573167475
span_ch48_t44,generic,small,0836,0836,m4,294.23753014411375,23.443822944649504,211.89779070383364,313.7816309747635,448.87588421337887,376.2126777333384,233.1822723187293,306.30280431721917
span_ch48_t44,generic,small,0836,0836,m8,293.8077645156086,23.45017092076281,210.62356406691012,313.0563651175983,447.8718039969224,375.92768732995506,233.1460404758291,306.2943195753218
span_ch48_t44,generic,small,0836,0836,rep8,316.43263409897446,23.12799094391666,277.8519907055722,380.6725782951387,484.92241807623304,380.5769330808594,232.7685834176209,306.55056518762325
span_ch48_t44,generic,small,0836,0836,ref8,300.64076035325036,23.350324997319916,262.8283179539545,312.1041794219774,451.55779723564683,375.49604994366325,231.1586452306098,306.65903989676
span_ch48_t44,generic,small,0837,0837,m0,427.0144971959938,21.826377412402024,466.7224004156416,368.6445491868605,334.91033294592677,258.1345631526476,461.3292958904061,538.0769843577305
span_ch48_t44,generic,small,0837,0837,m2,416.7162104819915,21.932399657959362,412.3508658994073,359.146909377896,322.09519801980576,258.21203053983623,460.886244525886,538.2013610334884
span_ch48_t44,generic,small,0837,0837,m4,416.5081047275744,21.934569042146194,412.36396608389293,356.3376811415998,319.9850251112276,257.8259141988548,462.23420013332475,538.1373966745621
span_ch48_t44,generic,small,0837,0837,m8,416.75400362868885,21.932005802131094,412.95689559370214,356.3436827142004,320.66228817116934,258.09978437298787,462.4185656057085,538.0982022099356
span_ch48_t44,generic,small,0837,0837,rep8,460.5127638518064,21.498386889982648,570.1743701228394,505.86069986590644,343.51181989278666,261.8113174661506,462.6796145876374,537.8054670048309
span_ch48_t44,generic,small,0837,0837,ref8,459.1338393499471,21.511410582971315,625.8088284736649,413.84499276063696,357.18609151077436,263.9388145636105,465.27383414042197,537.8595938928697
span_ch48_t44,generic,small,0838,0838,m0,35.96916745135061,32.57149975189205,27.760302246307155,29.17663282765163,22.04226395732149,25.002402696714967,44.12736294373773,47.83614914395472
span_ch48_t44,generic,small,0838,0838,m2,34.366908589956445,32.769398931096816,19.77055337053371,25.747666315199872,21.52889661459757,25.561740010401753,43.92577357939154,47.82861476119917
span_ch48_t44,generic,small,0838,0838,m4,34.772944653735166,32.718388915617325,20.699556329551722,26.820817583023857,22.171159359468167,25.845608027734055,44.03367219894601,47.82641567250534
span_ch48_t44,generic,small,0838,0838,m8,34.62219424281571,32.73725772275132,20.484407688356793,26.471600666591776,21.88795514356482,25.819515401256186,43.910933793445295,47.82830090837658
span_ch48_t44,generic,small,0838,0838,rep8,49.713230695615394,31.16608373474496,89.33533291858764,57.45683200652915,29.6246448659557,27.0785651612616,45.74406948698488,48.02542979360179
span_ch48_t44,generic,small,0838,0838,ref8,47.75412957499424,31.340694273756778,107.53168005440372,32.81729480790874,22.374876757159928,25.219379793598716,45.014079777184506,47.91458067473158
span_ch48_t44,generic,small,0839,0839,m0,92.01461766116432,28.49223534986521,138.01794763752454,88.57350232961655,54.35804600716082,63.559175015926876,99.06557162223028,87.89484954508038
span_ch48_t44,generic,small,0839,0839,m2,85.8305573089251,28.794384284035107,104.67400044949461,77.98737930884126,50.91827536324169,64.33501574697958,99.25726472790195,87.88852388211984
span_ch48_t44,generic,small,0839,0839,m4,86.05608230960114,28.782987898632996,104.56391924726788,78.82360690150519,50.965507018311705,65.52098107038051,99.25385985379337,87.89836252083872
span_ch48_t44,generic,small,0839,0839,m8,86.14883228734114,28.77830965730423,104.22301155721675,79.24179184418037,51.18206268941915,65.88466661272402,99.31636574062283,87.90238429662485
span_ch48_t44,generic,small,0839,0839,rep8,116.00695333719476,27.485963396972764,249.43462842774835,153.75541299266484,62.5654170826331,57.45495739567473,99.29789521209477,87.9381166636391
span_ch48_t44,generic,small,0839,0839,ref8,133.77968345928613,26.866901968492026,428.4068121414265,101.71944607079308,56.867887499387884,61.37239900787472,99.57399617664439,87.91403527009544
span_ch48_t44,generic,small,0840,0840,m0,260.64615758190473,23.970290338810134,276.69222037320753,253.3064463147029,233.06013015755698,222.4111709404502,293.0384815988503,234.03779830231645
span_ch48_t44,generic,small,0840,0840,m2,261.7295923682872,23.952275320924397,278.8969588138915,256.78451881172236,233.04349203861685,224.58624870023178,293.3560042372902,234.03263718803342
span_ch48_t44,generic,small,0840,0840,m4,260.9886743463719,23.964586994131402,278.6942836802496,251.94041856850254,231.27243579776186,224.7191801070524,293.63723014072366,234.0585186044769
span_ch48_t44,generic,small,0840,0840,m8,260.1845667563422,23.977988287166745,274.11022923386196,251.36272492328635,230.65981961348575,224.64113644578092,293.5536607139812,234.0984652960739
span_ch48_t44,generic,small,0840,0840,rep8,288.1906332254871,23.53400499603651,323.88054946189925,354.7020470098699,271.2443631141166,245.85678241693395,296.0695420211329,234.68160515169984
span_ch48_t44,generic,small,0840,0840,ref8,276.0411812036967,23.721064837469406,341.4518881188881,277.7078793514557,249.06156582676604,230.99665470198124,294.70777164962414,234.2169661007499
span_ch48_t44,generic,small,0841,0841,m0,210.67178893312783,24.894739777560673,267.0944514801262,263.0003830912792,207.47473336791919,177.64296491604443,142.4092024640107,280.2507151112647
span_ch48_t44,generic,small,0841,0841,m2,202.9428548834298,25.057065953812696,229.6880263932546,246.49178488282962,202.80392839325248,176.04534364880158,143.06129692384422,280.3286449367189
span_ch48_t44,generic,small,0841,0841,m4,202.10448624762427,25.07504406922309,224.86760352665448,246.4384752142346,202.14219917863417,175.41890428876766,142.98081634570795,280.3416042791856
span_ch48_t44,generic,small,0841,0841,m8,201.9875921631847,25.077556687508256,224.3998350588152,246.06941791760073,202.0122670589518,175.36209629332404,143.03230357815147,280.3336495167489
span_ch48_t44,generic,small,0841,0841,rep8,214.6407164234705,24.81368251622213,260.01277817387984,290.0745675559937,219.2189757799398,172.7275167765217,144.21022993787096,280.4681439301737
span_ch48_t44,generic,small,0841,0841,ref8,211.72513645456584,24.873079394310935,267.0248479525166,268.44677783987106,205.63917123249055,177.79669202297882,144.11050841571478,280.25649899640007
span_ch48_t44,generic,small,0842,0842,m0,152.2655891469326,26.304785936588686,193.3588519856662,189.6065756915079,116.36102281195934,132.72889587017397,148.5476183525418,136.23397382757483
span_ch48_t44,generic,small,0842,0842,m2,140.7512129169897,26.646282148160296,123.01863890828115,175.21195886908978,115.90831343406676,132.91217119564777,148.62873520868857,136.12759255902816
span_ch48_t44,generic,small,0842,0842,m4,141.3373632147262,26.628233759974293,128.1525069697763,174.65385499825823,115.31941442777384,132.88422445716918,148.67323891960626,136.1847927732826
span_ch48_t44,generic,small,0842,0842,m8,141.53025793002752,26.622310627231837,128.56088586549976,175.81825993460177,115.4434008286478,132.57677410615491,148.6905871141137,136.19173558914682
span_ch48_t44,generic,small,0842,0842,rep8,178.94794846797305,25.603536370418368,320.2830492931298,243.1369239003109,129.3079343743103,139.9127622291761,148.9237344462473,136.3225263744625
span_ch48_t44,generic,small,0842,0842,ref8,194.03658791629613,25.251967318039753,461.78272860064396,204.57563643809968,133.22897939723245,137.83984513338243,149.99289106239272,136.25256377791936
span_ch48_t44,generic,small,0843,0843,m0,149.86151742918898,26.373902351162577,45.79034910141799,46.932276193036664,28.884647735752953,43.44826224846315,122.13430067506809,503.19874551852797
span_ch48_t44,generic,small,0843,0843,m2,144.7333198682985,26.525118368730677,14.95057762058329,33.58420154660475,27.570149953557518,43.3738390703354,125.22679277423343,502.84616312400584
span_ch48_t44,generic,small,0843,0843,m4,144.603007174572,26.529030361961006,13.512475066620734,33.02217941043985,27.56564466763642,43.795275035653994,125.52225213444972,502.8195230312674
span_ch48_t44,generic,small,0843,0843,m8,144.56963241185994,26.530032840989854,13.471578423086457,33.17874810415957,27.623861561894817,43.71410285985855,125.39405202238898,502.8020802094458
span_ch48_t44,generic,small,0843,0843,rep8,175.20642285876593,25.69530338025625,134.5002263940707,144.21810681182748,35.181576676668094,44.80816218624164,121.99768696191398,502.79036181386823
span_ch48_t44,generic,small,0843,0843,ref8,164.49096993263348,25.969382994091003,125.26522113754322,71.73860260818198,31.32315276030907,45.0897039987907,122.61416937219607,502.8343148628649
span_ch48_t44,generic,small,0844,0844,m0,123.50627318685495,27.213913438289534,78.955017057443,53.503899080492246,42.160011689692546,28.03723172328051,65.10916274464167,431.5932064254661
span_ch48_t44,generic,small,0844,0844,m2,120.7689736377247,27.311249854291248,55.672036956751576,58.928516979890944,40.14924317476283,27.916443916124965,64.95154175357939,431.9851028954771
span_ch48_t44,generic,small,0844,0844,m4,120.38199152356293,27.325188371263593,51.69932529734352,58.88249759065104,41.50492006063789,27.88598777486808,65.02723063616725,431.8871869267365
span_ch48_t44,generic,small,0844,0844,m8,120.65714568491032,27.315273136149848,53.306935634193735,59.73983011016386,41.29618711000487,27.772365744014436,65.01285677605024,431.8125872588936
span_ch48_t44,generic,small,0844,0844,rep8,131.29260920625848,26.948400816274827,108.99953705673465,77.17290248286216,46.29397479956342,27.519851299554396,65.46166400511017,432.14790277240377
span_ch48_t44,generic,small,0844,0844,ref8,131.35339890087894,26.94639045795323,123.10933432335354,60.95258357540865,47.41697140852194,29.36578696164645,65.22685453195962,431.7995585175216
span_ch48_t44,generic,small,0845,0845,m0,149.21125837727422,26.39278767847481,354.3135273961104,320.09643493221745,230.15310439371606,104.81489435825141,64.11362401296866,0.1800560950726316
span_ch48_t44,generic,small,0845,0845,m2,145.17098499415573,26.512005373145755,332.59424376064766,313.7169574641081,232.0111245195925,98.95447149305815,64.61605460213582,0.17900403278030413
span_ch48_t44,generic,small,0845,0845,m4,135.96044403249812,26.79667786594511,303.2732062262212,292.08347793766467,217.04379092971206,94.6945379760249,63.98996717931967,0.17949433157674058
span_ch48_t44,generic,small,0845,0845,m8,135.54628574025523,26.809927393911867,302.16994465068683,291.4583029046648,217.16259334050514,93.52333454733198,63.777787335378946,0.17952295145425165
span_ch48_t44,generic,small,0845,0845,rep8,174.9435022359147,25.70182544346171,464.0577400245625,357.52862560519657,259.41394305874115,113.27269461187637,68.74556172474202,0.18003770972811262
span_ch48_t44,generic,small,0845,0845,ref8,186.66991518365177,25.42006030720345,536.3188523371588,357.46313107242935,266.92965048658965,121.24473664647402,68.96330159681133,0.18036382382215096
span_ch48_t44,generic,small,0846,0846,m0,494.63112227767385,21.187989220973282,320.84523991903944,289.8349071744439,309.28507564445374,436.3771032119965,646.7196611524427,649.5916554411092
span_ch48_t44,generic,small,0846,0846,m2,480.4274755572189,21.314525242068324,242.2718935610566,275.9889148709393,296.8886625696668,435.60824502415284,646.4248739436034,649.5077635263957
span_ch48_t44,generic,small,0846,0846,m4,480.8876433527431,21.310367430635235,228.12828801486975,290.2675603942284,302.42227852446115,438.64273543962133,645.3426853868648,649.3042538535491
span_ch48_t44,generic,small,0846,0846,m8,480.85069912900593,21.31070109046362,225.422540683112,292.7933501451861,302.51300068077813,438.7575031410416,645.2849947829914,649.353545798062
span_ch48_t44,generic,small,0846,0846,rep8,504.9100713685204,21.098663272765037,298.7795532931802,338.6591164674092,342.4467045350245,458.72574688412465,649.1433319515285,649.3960034950336
span_ch48_t44,generic,small,0846,0846,ref8,502.50707968841346,21.11938176072991,359.38069648154124,315.18528631683245,319.117009260747,439.90325632065947,640.5613022966112,648.8644137009314
span_ch48_t44,generic,small,0847,0847,m0,507.94887000926616,21.072603623446135,633.1918956252069,594.8715098675585,566.294266819666,632.2202223193996,358.04061864190516,516.0796607077683
span_ch48_t44,generic,small,0847,0847,m2,482.7761332533264,21.293345688970035,495.5598622643612,574.3148379064763,545.8962822181696,623.4032662090526,357.295093315007,515.7227855403439
span_ch48_t44,generic,small,0847,0847,m4,480.84878003577273,21.310718423354395,480.6747703306134,574.4373384451266,548.1905066085498,622.4950955873975,357.05957840287215,515.7603101539976
span_ch48_t44,generic,small,0847,0847,m8,480.6957913896027,21.312100410780886,479.66100798968284,574.3971901171001,547.9387446436713,622.0659329686318,357.24578152692317,515.789242670401
span_ch48_t44,generic,small,0847,0847,rep8,548.3615823453837,20.74013339914268,793.7275365288239,714.7260934373846,584.4797966140383,643.2679879352535,357.87299621715925,515.103854172219
span_ch48_t44,generic,small,0847,0847,ref8,547.10169573664,20.750122999966297,872.0418010771918,638.039280849908,578.5546645970924,634.815872182106,355.7787284248694,515.5094312996639
span_ch48_t44,generic,small,0848,0848,m0,368.63631149778996,22.46482248903982,259.3375884132518,305.2506820719425,349.0904517092913,373.35746082773454,378.40735498995593,491.11395048770686
span_ch48_t44,generic,small,0848,0848,m2,358.6338392968364,22.584290953669928,209.47212770492845,292.8269268934424,348.63467992975484,369.72564786577993,374.8829512493498,491.3707301463912
span_ch48_t44,generic,small,0848,0848,m4,357.73134559669916,22.595233647411845,201.72784179258252,289.5538780829107,351.3430115016958,371.43960159276554,375.11195448454527,491.3582690374452
span_ch48_t44,generic,small,0848,0848,m8,357.5365221464923,22.597599495376738,201.83376905840728,289.14902150628444,351.37555815550945,370.3763615772501,374.97342823760687,491.3539987360174
span_ch48_t44,generic,small,0848,0848,rep8,409.0103110739998,22.013461042393097,429.8189650024593,382.2108939677022,384.97427911902605,387.5402650526549,382.6437395230366,491.1290660634812
span_ch48_t44,generic,small,0848,0848,ref8,412.6208148661659,21.975292284728877,520.0347568144809,333.7681408847142,371.0000852542441,383.5656854354969,381.1144792599638,491.04082398693026
span_ch48_t44,generic,small,0849,0849,m0,875.3258142183719,18.709106244405426,1034.3901557695697,1037.6284341164176,1201.4287144999641,984.2221673852822,691.8331567584723,697.0380822756001
span_ch48_t44,generic,small,0849,0849,m2,867.0142911624516,18.750541047736604,971.559091262262,1048.2376544599626,1203.0525951308507,980.1932553411701,689.559856767581,696.8193795832251
span_ch48_t44,generic,small,0849,0849,m4,871.3871213283874,18.72869223878856,985.5794744343045,1059.6050921592175,1205.7806397098582,980.9366428388695,691.3099584928513,696.9054554912564
span_ch48_t44,generic,small,0849,0849,m8,873.1630471261722,18.719850130896035,994.5059454555776,1061.555772985985,1207.5894588732428,981.2406399891879,691.4781792716999,696.9079933375501
span_ch48_t44,generic,small,0849,0849,rep8,964.4138072016018,18.28816941463882,1311.8486377482507,1252.9203022694069,1356.52746800979,1002.5414052211639,701.544769646598,697.6420130583869
span_ch48_t44,generic,small,0849,0849,ref8,931.4050285248371,18.439417825700023,1308.021574795073,1098.0101891172078,1258.9525727707894,998.5894694835429,699.1103803093521,697.5116908773468
span_ch48_t44,generic,small,0850,0850,m0,236.50843306012436,24.392337301019783,302.32909029490304,284.1985707455208,211.63418574947445,171.282771526803,206.42491278848192,264.13909653974247
span_ch48_t44,generic,small,0850,0850,m2,227.80370288915316,24.55519581725109,261.0206726503903,267.38439840593026,205.0381410488873,171.16702553679497,206.03006262724037,264.2985553051944
span_ch48_t44,generic,small,0850,0850,m4,227.37067073475654,24.563459179284454,254.01535146298994,269.65028024684153,206.32915528040485,172.80956783290654,205.78684793108098,264.25177289282124
span_ch48_t44,generic,small,0850,0850,m8,227.740617736494,24.556398665475708,255.0116665738728,271.3989504307775,206.1105694147278,173.2734093152013,205.7456194863184,264.25044019496033
span_ch48_t44,generic,small,0850,0850,rep8,249.76036620774457,24.15556838370716,350.8643600485325,327.8873456919166,214.84442230379594,170.94446334062204,208.25164463720188,264.5468186921288
span_ch48_t44,generic,small,0850,0850,ref8,245.42914031474612,24.231542347240325,365.10533653842634,294.25695286497125,208.96256234020157,166.50227583442836,205.96066171212703,264.1788296026702
span_ch48_t44,generic,small,0851,0851,m0,265.8430181815992,23.88455101916496,165.067523037701,234.74268625584983,109.24464511075979,195.11047421376014,229.34341145255985,583.253370200097
span_ch48_t44,generic,small,0851,0851,m2,265.23652012382524,23.89447039490005,165.44587350245996,221.3995265822344,107.19205170240241,200.16028046721522,231.45282346656387,583.45695969974
span_ch48_t44,generic,small,0851,0851,m4,263.63640189120656,23.92074985109067,162.44950889433954,217.17378920356785,107.13323015516814,198.12620625954068,230.12449202161716,583.5633805157771
span_ch48_t44,generic,small,0851,0851,m8,263.45714432839196,23.923703807705373,163.38150681992923,216.30297522184313,106.81315606745413,197.12544234193535,229.9706741023045,583.5671272268843
span_ch48_t44,generic,small,0851,0851,rep8,279.41994996431464,23.668229503205712,213.56230988287402,276.00191178572345,123.03336190172548,191.2165289393218,230.61838644194523,583.4516891447818
span_ch48_t44,generic,small,0851,0851,ref8,278.0454810941222,23.689645197244925,220.9368818139558,249.73263816690567,117.05154141558218,197.79297495059998,233.48078349324575,583.4616983234095
span_ch48_t44,generic,small,0852,0852,m0,74.51569295123984,29.408326163824007,80.57763555439298,73.24500230560521,93.02802450846588,97.64331306247041,59.02565719313997,73.50242616314283
span_ch48_t44,generic,small,0852,0852,m2,72.6267595603345,29.51983693499308,70.16983168086196,71.64200227680038,92.02615308078043,96.45076332812833,59.00726707161431,73.48258266722138
span_ch48_t44,generic,small,0852,0852,m4,72.35445741979565,29.536150697364096,69.47488248074826,70.8854800323566,91.12077278180516,96.52023801942345,59.0647847572067,73.47891601820544
span_ch48_t44,generic,small,0852,0852,m8,72.38242800583397,29.534472138192736,69.52643259879788,70.91016068301096,91.24340527353256,96.63346493327775,59.038963562691926,73.47732070293227
span_ch48_t44,generic,small,0852,0852,rep8,84.32006101246475,28.871494487517253,104.7197924322359,114.3203625130008,102.87957296386253,98.83458133596255,58.94756642284236,73.46954932847281
span_ch48_t44,generic,small,0852,0852,ref8,82.21282545676401,28.981407867511294,128.96652658493358,80.12267729016546,95.03107314557191,97.32579210106783,58.9905373722373,73.44150878411277
span_ch48_t44,generic,small,0853,0853,m0,181.8322020675763,25.534095626100726,195.52870562226855,166.51303042674414,144.40129693999384,128.01717121405875,186.58416397043072,231.10818416689614
span_ch48_t44,generic,small,0853,0853,m2,176.23112334025092,25.669977513361516,161.200344706749,157.73671551490833,146.21944348027554,130.37189599407338,185.87215355840917,231.1008363574041
span_ch48_t44,generic,small,0853,0853,m4,174.6330082685838,25.70954025541755,154.13043735768684,155.0229860720416,144.55090066874493,129.56850788628105,185.87531279824609,231.10093730761062
span_ch48_t44,generic,small,0853,0853,m8,174.26763118285746,25.718636329898917,152.40583715733828,154.15870380808198,144.15674309923847,129.6079866649944,185.94611300498332,231.1009387926903
span_ch48_t44,generic,small,0853,0853,rep8,192.49756719852908,25.28655115641213,220.04249906448874,209.8903892410872,156.26203307545464,135.36479331811762,185.2716564073959,231.23268699759896
span_ch48_t44,generic,small,0853,0853,ref8,184.852090974101,25.462559933627457,211.4270004165673,174.3033358761558,144.09389034136805,127.17079556702423,186.472374515158,231.16254101595982
span_ch48_t44,generic,small,0854,0854,m0,468.5764565469169,21.422998970265677,304.11525096520273,292.2134405962395,333.6407209183408,380.14944181351234,554.4049094726116,705.7394940824474
span_ch48_t44,generic,small,0854,0854,m2,460.69631175004037,21.49665625483078,249.06143964806296,285.82308531086943,335.2856264744032,384.3513452634133,554.2231736522165,705.1990730346769
span_ch48_t44,generic,small,0854,0854,m4,460.31515709902607,21.500250854393023,245.60119110366622,283.7657128598495,337.19344242795455,385.39707674382095,554.3386473083648,705.087328870522
span_ch48_t44,generic,small,0854,0854,m8,460.47491080306486,21.49874388434106,247.2308521853642,283.21697295033795,337.0480294600305,385.7296456030786,554.3112666178417,705.066822377904
span_ch48_t44,generic,small,0854,0854,rep8,479.6637404978201,21.321434710384437,312.9702540744325,334.62904300888454,346.36964839066854,394.20540623839605,559.0721451999962,705.155123806103
span_ch48_t44,generic,small,0854,0854,ref8,473.6406230253905,21.376314171547946,318.98672763240313,307.76928241396547,335.5617215860104,381.5916221750062,556.640893933323,705.2494329813588
span_ch48_t44,generic,small,0855,0855,m0,134.03874142205134,26.85850019562214,73.22581202708183,123.53870787214765,93.5868791207079,102.60450069188127,181.98784556128368,144.5282360105188
span_ch48_t44,generic,small,0855,0855,m2,132.60168525713348,26.905313172424236,69.70058665089394,117.95925605593781,94.14022288639516,101.83787459849646,181.3237816453156,144.5103046237208
span_ch48_t44,generic,small,0855,0855,m4,132.78786761686516,26.899219640568994,70.3490160196892,119.08894848494286,94.11683583788755,100.98390500964383,181.44877851607157,144.5464715351763
span_ch48_t44,generic,small,0855,0855,m8,132.98406196776736,26.892807666242867,70.482344426705,119.7955887854339,94.73041954999856,101.03923242440919,181.47694958617691,144.54810929607018
span_ch48_t44,generic,small,0855,0855,rep8,143.0351164254183,26.57637687056581,102.28443226801708,144.3711647271562,99.76456359583575,110.47063099977919,184.12246242893494,144.90329196977814
span_ch48_t44,generic,small,0855,0855,ref8,142.67230140382193,26.587406940959262,125.87258629680494,125.71037205158336,96.08606061724902,107.34923473233927,182.83954597319274,144.76137921181726
span_ch48_t44,generic,small,0856,0856,m0,123.21733192919403,27.224085602489666,91.89251942046046,84.47454879613211,96.12655135766822,100.09700849639536,130.0626177390768,194.82159653670274
span_ch48_t44,generic,small,0856,0856,m2,122.52754329108119,27.248466349856795,87.86311827624489,83.12668053364177,96.3801136396454,99.89079745676271,130.12785864594187,194.85397684574178
span_ch48_t44,generic,small,0856,0856,m4,122.29586490309438,27.25668588051811,87.13097150201942,82.47053005827523,96.26178094157557,100.0037879507222,129.99797115624472,194.8396483478115
span_ch48_t44,generic,small,0856,0856,m8,122.33404951421022,27.25533008835545,87.33943558583645,82.55220713782515,96.2493916052933,99.89163256200172,130.0304032549696,194.8504384078611
span_ch48_t44,generic,small,0856,0856,rep8,125.44915778935963,27.146126108702227,97.14863821499242,94.30196214659651,97.89557053429947,98.87492349460568,130.45961798806655,195.10053528625087
span_ch48_t44,generic,small,0856,0856,ref8,124.53577936899812,27.177862178687096,98.20531765939856,85.39052498328027,97.75533658116717,100.0192843503931,130.4985072248312,194.8596006194997
span_ch48_t44,generic,small,0857,0857,m0,35.817732716364205,32.58982269582042,83.97049668352572,49.924183029822416,24.335402091440944,18.536376853630074,13.499930663367145,48.54915505946625
span_ch48_t44,generic,small,0857,0857,m2,29.755377948439946,33.39514889887347,50.89422140022669,35.40898325991889,26.327441826362826,19.385042150293124,13.509769130477904,48.53976404182935
span_ch48_t44,generic,small,0857,0857,m4,29.71324148189617,33.40130328353703,51.38879995749945,34.96259786661057,25.938619665044158,19.285616464802796,13.522801831189984,48.5340655627033
span_ch48_t44,generic,small,0857,0857,m8,29.290789089109392,33.46349289205779,48.90459348788371,34.48809149535317,25.802618608794607,19.20899752473556,13.531870887995938,48.53538791942811
span_ch48_t44,generic,small,0857,0857,rep8,52.689612064686365,30.913553598427832,145.93460208650234,109.65726838278677,30.230035176700913,18.766844031031177,13.61657638479076,48.530678270339415
span_ch48_t44,generic,small,0857,0857,ref8,43.105582054593256,31.78546847121714,134.94923599164798,52.32906591516434,24.922179052152178,18.268020223781154,13.321911037981755,48.56904791163916
span_ch48_t44,generic,small,0858,0858,m0,171.64424122066987,25.784511237326505,106.75917305742577,146.93900697861875,164.35739953855597,169.66380345992246,158.84483381769897,270.1978949254855
span_ch48_t44,generic,small,0858,0858,m2,168.9442049954891,25.853370613633576,97.48419093176624,141.08439114769095,159.39471686218857,170.26053266064613,158.41099686112412,270.1031553713103
span_ch48_t44,generic,small,0858,0858,m4,168.65471120473276,25.8608188358081,96.76754101853457,140.37966170397755,158.56304169013544,169.86335325165047,158.5257966017759,270.10938310896586
span_ch48_t44,generic,small,0858,0858,m8,168.3455733232674,25.86878659844153,95.29707486006161,139.66500801902583,158.6418459295025,169.6250272985021,158.52769927096483,270.10695000192885
span_ch48_t44,generic,small,0858,0858,rep8,181.94594665994597,25.531379759268418,156.85280619902596,171.12736260015544,167.01637270970713,170.62848718207974,158.64204930724625,270.1640028200206
span_ch48_t44,generic,small,0858,0858,ref8,183.55665720683893,25.49310220811529,180.38274491010063,155.9091372649633,170.56954625130413,169.69399594171713,158.66779440870783,270.13490564672406
span_ch48_t44,generic,small,0859,0859,m0,289.86991542796574,23.508772170603972,241.34791140727228,219.0059032279799,212.3752739354762,274.0889212193246,368.53817689280504,291.5002464996275
span_ch48_t44,generic,small,0859,0859,m2,288.47501762360946,23.529721523120294,227.95874380213925,221.85418760084517,212.11510374103827,273.1575329249934,369.1037357940085,291.6268789724197
span_ch48_t44,generic,small,0859,0859,m4,288.9030575735336,23.5232822269181,229.95172281796917,222.59532194866372,212.57897025745697,272.34768953110233,369.3769742312762,291.63662310673504
span_ch48_t44,generic,small,0859,0859,m8,288.8158678341341,23.524593107393777,229.8878722185823,222.66218453853088,212.2862085975091,271.8835197129872,369.3561577499464,291.6620736394155
span_ch48_t44,generic,small,0859,0859,rep8,310.3847395294683,23.211800004114835,293.6238515746863,274.98372823890577,244.99473179654456,287.5116088033564,371.20412200204663,291.67868979940806
span_ch48_t44,generic,small,0859,0859,ref8,297.6534472887877,23.393694441470174,289.1198147691228,228.93148640059036,215.68206721059582,269.92504513007185,368.6731426955171,291.3676521597457
span_ch48_t44,generic,small,0860,0860,m0,458.05416233540205,21.52163526941244,435.46262884595893,450.0221169916265,399.86284076930286,308.8089350937767,391.6827125556216,736.7942017401178
span_ch48_t44,generic,small,0860,0860,m2,440.34336341021947,21.692889055640357,388.7062417938209,376.9775050626792,384.4194403574573,307.5561877793851,391.5877230696088,736.7941212602577
span_ch48_t44,generic,small,0860,0860,m4,440.7058611954904,21.689315343926367,380.6550322425446,382.82721950259514,390.2500529219114,309.0079637453664,391.18424338728875,736.8733903100484
span_ch48_t44,generic,small,0860,0860,m8,440.2701006640608,21.693611679305725,380.0063967050984,380.8438696939807,389.10932400590883,309.0739195045779,391.284958569348,736.8709341034432
span_ch48_t44,generic,small,0860,0860,rep8,467.06095511261066,21.437067977717273,472.7628645860845,461.03791444600716,405.2148539613968,318.7295288914926,394.10837506642383,736.6531451045233
span_ch48_t44,generic,small,0860,0860,ref8,463.6772687254203,21.468645552656067,508.7126525106778,423.2880034110146,388.895362293835,308.3871986189148,392.61724752200064,736.7983490232274
span_ch48_t44,generic,small,0861,0861,m0,333.4464048697522,22.900543215353267,328.80874889504366,273.4340077802891,312.0134755933694,316.95325911784823,335.2442500090469,401.36759185088874
span_ch48_t44,generic,small,0861,0861,m2,333.9083529173311,22.894530775412104,321.49224203188,265.85100176951033,316.31536805415266,320.5704957299285,337.75921664644335,405.32357502553873
span_ch48_t44,generic,small,0861,0861,m4,331.3371787107922,22.928101908989508,308.8316588662187,263.76531313373596,315.5956128641344,319.1800136853774,336.9190192702965,405.0236540853522
span_ch48_t44,generic,small,0861,0861,m8,332.16896058484286,22.917213133561866,308.895334442332,265.8411058257301,317.8419538975491,320.127882517253,337.443745573349,405.12041209847774
span_ch48_t44,generic,small,0861,0861,rep8,364.21949618861703,22.517171715767343,432.30317282992627,355.843531799928,341.5195961624422,329.1591879656043,339.1274686736764,401.26989565249755
span_ch48_t44,generic,small,0861,0861,ref8,370.3578689112742,22.444587844239983,465.0429018881363,332.50375200074353,352.5089378592135,346.59300518257254,343.56881321902324,401.07684809670786
span_ch48_t44,generic,small,0862,0862,m0,41.14406654427249,31.9877314714901,47.283291322505406,52.327285623407874,41.359711341275144,30.838100015553923,37.19135667632287,41.912901813058006
span_ch48_t44,generic,small,0862,0862,m2,40.39332249565846,32.0677078394983,42.51199810232898,51.27760056346752,41.367742792921085,31.14840257175064,37.22552474452339,41.86827392674301
span_ch48_t44,generic,small,0862,0862,m4,40.579867700590185,32.04769734065046,43.59640287479625,51.851492441201586,41.25677146181814,30.999780465355357,37.215760359583214,41.8507093661597
span_ch48_t44,generic,small,0862,0862,m8,40.61653268998356,32.04377514617428,43.730187028781195,51.90878056795449,41.26232205066194,31.10973544979622,37.21248324406008,41.848343541013
span_ch48_t44,generic,small,0862,0862,rep8,45.929779058238346,31.50986004586035,64.57515192246716,68.68166059892542,43.21914117002919,31.460391738007925,37.31244999136273,41.92258035416498
span_ch48_t44,generic,small,0862,0862,ref8,45.8504080216438,31.51737156068851,78.07228924075969,55.163717749571965,41.760368925590306,31.014593816071876,37.344198025099445,41.922974786407806
span_ch48_t44,generic,small,0863,0863,m0,251.66063993126795,24.1226506426011,136.5604549195087,157.46021871429397,177.41084920302737,188.52112868923766,309.6215449970177,387.8200513841022
span_ch48_t44,generic,small,0863,0863,m2,249.03744660594663,24.168157060148154,126.29187816273827,157.9198815696978,173.69401107835105,185.2607404477533,308.1927209024366,387.7792228096562
span_ch48_t44,generic,small,0863,0863,m4,249.54193862042237,24.15936816195787,127.60849776516719,158.4065677298471,174.54797571871805,186.1449385669944,308.3494416827778,387.85679666704044
span_ch48_t44,generic,small,0863,0863,m8,248.97215545554477,24.169295816765764,125.50989801049676,156.488978436808,174.55902761122294,185.7909975334302,308.3483105169742,387.85626127003206
span_ch48_t44,generic,small,0863,0863,rep8,259.25401023451917,23.993548779312185,158.81000876846397,191.94964293792026,175.84140783416512,189.99329185978166,309.5526169301526,388.9117490487072
span_ch48_t44,generic,small,0863,0863,ref8,261.6912498904274,23.952911593890327,203.0039137426954,160.06537459680652,178.15948131035665,189.53263839537087,310.49346196337746,388.3362401021768
span_ch48_t44,generic,small,0864,0864,m0,175.61068809483228,25.685294162719163,234.99015185836765,232.67646947198423,170.3533900261442,206.61016453053023,145.45264863919917,129.73841181320097
span_ch48_t44,generic,small,0864,0864,m2,172.02685117504709,25.77484120896306,219.32643271569393,231.5064508172911,165.79863534608867,202.37330626711844,144.5034809727034,129.87647528039003
span_ch48_t44,generic,small,0864,0864,m4,171.07813207638745,25.798858611193904,216.84395167528933,225.98049596480675,166.23244813108587,203.24057121698254,144.41600781076522,129.76820968161786
span_ch48_t44,generic,small,0864,0864,m8,170.482069687644,25.81401651704779,213.87084840488805,225.20944816705315,165.73137993414275,203.19936800534197,144.33823527073795,129.76593321255567
span_ch48_t44,generic,small,0864,0864,rep8,192.6762664072811,25.282521387041598,268.23124457519083,312.8801172851106,181.17736094554695,217.03198444490343,145.1320756050083,129.68497188737672
span_ch48_t44,generic,small,0864,0864,ref8,183.41204412113916,25.496525097759783,272.94285305875286,243.99241436567354,174.77552999281056,212.08255229833793,145.3915479944436,130.0777835429653
span_ch48_t44,generic,small,0865,0865,m0,232.86837623738788,24.45969845961845,181.44166373965626,219.89627991976917,271.11712572072054,249.7676923366747,239.79423884112742,233.32695555283215
span_ch48_t44,generic,small,0865,0865,m2,230.51135496215676,24.503880373203568,175.47562086523038,207.9061925131336,272.2539383950746,242.8691242145168,241.7409968493846,233.0509717431318
span_ch48_t44,generic,small,0865,0865,m4,228.23818992840967,24.5469204643209,167.46539397585937,200.138212705856,270.5135451532805,242.93646557135153,241.7452104103272,233.1212374880148
span_ch48_t44,generic,small,0865,0865,m8,228.1596869828735,24.548414485135655,166.3615505119021,201.22331587761022,269.26905037914753,243.56184046772142,241.7939634374264,233.10664733946265
span_ch48_t44,generic,small,0865,0865,rep8,258.7924636022195,24.001287359486298,232.71166548250292,287.995036129726,337.794019904422,264.2756992664398,241.95944196994253,233.76391906794277
span_ch48_t44,generic,small,0865,0865,ref8,238.89401589034017,24.34875089721439,228.344568081972,217.12971409127238,274.6290311201216,249.4233756427512,238.4723946452601,233.35624783499912
span_ch48_t44,generic,small,0866,0866,m0,255.80588897391573,24.051698226039445,481.2225179016571,358.8837834839312,305.2803515404463,365.01732707541225,204.38863466263308,3.434880254482411
span_ch48_t44,generic,small,0866,0866,m2,252.41821924876743,24.10959662301998,447.14156817832605,353.38169993623694,318.72684355286646,368.75169341598763,204.3995906954388,3.4520819917474648
span_ch48_t44,generic,small,0866,0866,m4,250.18067966616246,24.14826592834068,437.91149280121675,347.92011194198227,318.9921500517285,367.14508684959566,204.00098023230282,3.4539937567319066
span_ch48_t44,generic,small,0866,0866,m8,249.70637821764126,24.15650725247245,437.0586439617273,345.45966645028267,318.0491088555843,367.53352095302745,204.0778979811179,3.452629487401601
span_ch48_t44,generic,small,0866,0866,rep8,282.4398449443885,23.62154396466833,520.573589936431,474.0552489214731,351.017358944599,369.35444915791805,206.45317838566345,3.5333542251999237
span_ch48_t44,generic,small,0866,0866,ref8,271.5170869984922,23.792831952463537,536.2598804370249,379.3727669891337,329.247587720623,379.06842061210153,207.97616505691178,3.5191825307513342
span_ch48_t44,generic,small,0867,0867,m0,327.1780709001774,22.9829617346704,339.59860972751443,304.97203663523,293.0762447243324,385.9987202843513,289.3089965398428,391.87441540002135
span_ch48_t44,generic,small,0867,0867,m2,333.7724057166087,22.896299318811216,361.69315165400087,314.5957903120394,296.8550804439404,396.2648468847188,290.41752051183545,394.2203337455539
span_ch48_t44,generic,small,0867,0867,m4,333.5591030007172,22.89907563596188,373.24818693799597,304.9277949025901,291.7612683280592,395.5430976891594,290.9155218281966,393.90308436285517
span_ch48_t44,generic,small,0867,0867,m8,333.25749107669446,22.903004404513105,373.81174320123966,301.77582322690137,288.85533559361426,396.18105450655,291.87993423376065,393.75781068958224
span_ch48_t44,generic,small,0867,0867,rep8,347.3388611042566,22.723269849312473,377.0870158302477,380.23851007523587,312.08113410793936,407.4198257289718,292.091971120809,391.58479275617645
span_ch48_t44,generic,small,0867,0867,ref8,348.03409245076347,22.714585725591682,424.0280316702575,343.93134815086563,312.33727195848365,401.7851855841696,291.5118042200423,389.60510067910593
span_ch48_t44,generic,small,0868,0868,m0,206.5082414437353,24.98142972468151,80.6843993059456,121.19870556845454,122.55328833260323,192.8711200537249,263.2426626586457,323.12241964509366
span_ch48_t44,generic,small,0868,0868,m2,202.05870112325462,25.076028039439745,60.2369807662754,113.27719997725444,119.78386767869385,193.3151696945577,262.2463817082416,322.98977373750745
span_ch48_t44,generic,small,0868,0868,m4,201.0756091410348,25.097209678340523,55.56330044003807,110.92712444026655,120.6456313515694,193.01881756227615,261.825937021244,323.1520489097436
span_ch48_t44,generic,small,0868,0868,m8,201.09426548743428,25.096806746703386,55.33361718101303,110.8173024385259,120.8146528286331,193.68103745160997,261.758639636819,323.1254729955624
span_ch48_t44,generic,small,0868,0868,rep8,226.00203402259575,24.589680130443405,124.64231543267523,200.19673126007473,139.7107093743208,202.35374685802108,264.1056904966903,323.48024128048854
span_ch48_t44,generic,small,0868,0868,ref8,219.26868560251174,24.72103747617616,133.45277938083692,153.93557672172616,134.403877289228,195.93725391592488,261.8261291960355,323.6477671961624
span_ch48_t44,generic,small,0869,0869,m0,331.2980859754162,22.92861434049386,416.12517589981405,363.0813146580595,295.4338529944251,329.4320407757627,324.39154191831005,280.4624503695139
span_ch48_t44,generic,small,0869,0869,m2,322.8633473639439,23.040616157612142,360.1216488211644,351.2506520283318,300.38520959044286,330.7590234918563,324.5460917965306,280.3644987044381
span_ch48_t44,generic,small,0869,0869,m4,324.93933692531374,23.012780709588153,371.73797699281334,353.9580734695733,301.71667926092385,331.56143199620266,324.23284089345276,280.35184666174763
span_ch48_t44,generic,small,0869,0869,m8,324.08941723926944,23.02415510982343,369.0904607535505,352.21344515066835,300.905293117831,330.294108199927,324.1311265927024,280.36235050733575
span_ch48_t44,generic,small,0869,0869,rep8,352.9415481612778,22.65377574497004,459.29226398543597,438.1593075288795,327.21596517865106,333.5994871928652,330.20991199235175,280.58623720963965
span_ch48_t44,generic,small,0869,0869,ref8,333.92740459433145,22.89428298879387,430.17182058199836,362.9178743220298,296.10480501315095,331.08862136603756,325.7478462716823,280.53323032589
span_ch48_t44,generic,small,0870,0870,m0,379.4091366777031,22.33972575799369,361.37056762335277,324.39572436266076,291.444628319763,382.72313153973477,403.9961136166052,443.3467626636316
span_ch48_t44,generic,small,0870,0870,m2,372.9197537763417,22.414649720658907,321.25775026862294,315.8878208560648,288.39272920735146,384.748541328677,404.6631973186736,443.45384979770665
span_ch48_t44,generic,small,0870,0870,m4,373.3413879180745,22.409742232103213,322.1889404612616,317.3136836083995,289.66362415461646,385.10478828258584,404.4214099822634,443.48080077310806
span_ch48_t44,generic,small,0870,0870,m8,373.21939097271155,22.411161610194053,322.5361820538064,317.5373952176699,288.8648268386058,384.4484585998976,404.3210895951911,443.4809544297189
span_ch48_t44,generic,small,0870,0870,rep8,395.58427286428025,22.158413437264663,395.4140533336852,382.7832522202814,323.1368507830328,388.9372962641837,403.2060097705656,442.9255558955384
span_ch48_t44,generic,small,0870,0870,ref8,392.1505171236729,22.196275688230642,424.68337373889244,340.85359734429034,298.1403317515872,391.0192366941516,404.89081340397667,443.1947504669135
span_ch48_t44,generic,small,0871,0871,m0,229.80346039720877,24.517237968285333,265.37983344772624,217.6648516551466,204.4023753843604,216.41382610455622,222.32813942536063,250.13638269475075
span_ch48_t44,generic,small,0871,0871,m2,221.69908872792382,24.673164528740696,223.05495421833243,204.1348482704746,199.5950487219185,218.90094119369562,221.5792587356233,250.00216271502995
span_ch48_t44,generic,small,0871,0871,m4,220.34617270852192,24.699748494120563,215.85799912002344,202.41519102350426,198.58333668944022,218.06180304088468,221.77912998523357,249.98499178124428
span_ch48_t44,generic,small,0871,0871,m8,220.57264100020535,24.695287176753503,214.92307358864142,202.51237288803915,199.6793089413637,219.437050175449,221.96871894568162,249.99610004755445
span_ch48_t44,generic,small,0871,0871,rep8,278.8666630392659,23.676837609921133,355.3620156733558,455.22197935288864,245.3540747160367,226.0121669415188,224.20890168123782,249.88668271551998
span_ch48_t44,generic,small,0871,0871,ref8,251.6897690017372,24.122147987021314,380.84681535368173,251.98424676375674,213.65181499992204,220.09163122291284,222.88672396493504,250.09597094655086
span_ch48_t44,generic,small,0872,0872,m0,346.70521246448845,22.731199898560263,392.7546047619825,330.67732465283285,276.9939577068362,300.3958427116397,388.8524986313701,317.62751491369943
span_ch48_t44,generic,small,0872,0872,m2,334.8828417681787,22.881874644964405,328.73611655418847,305.30136247051826,275.5897412348318,306.87022441865736,387.9146253396581,317.50443841707033
span_ch48_t44,generic,small,0872,0872,m4,332.36785138298984,22.914613512979226,307.6759536518058,307.36665602410517,278.28136049739237,305.9435705569503,387.60564727864806,317.4968528920621
span_ch48_t44,generic,small,0872,0872,m8,332.5522844326115,22.912204253476588,309.1267049436272,306.9570248759758,278.57910625085736,306.16177383510967,387.54281668537067,317.4962925016007
span_ch48_t44,generic,small,0872,0872,rep8,394.3257643659762,22.172252070348023,575.7407713862458,451.75213394908076,305.268735894522,327.81652351245,391.3857489263863,317.31985398420767
span_ch48_t44,generic,small,0872,0872,ref8,383.6545148704787,22.291400474962884,623.6237881386696,360.5020860041399,283.7638619577571,304.60557561699665,389.63450768485325,317.3388571238096
span_ch48_t44,generic,small,0873,0873,m0,280.0641697392631,23.658228103445154,338.0476310348799,301.1675195342353,311.05937757360897,266.65042315515126,250.73145163952765,262.6646768687528
span_ch48_t44,generic,small,0873,0873,m2,278.80060767448344,23.677866448515967,328.34443610828265,297.2243643870419,312.8444262286742,266.9450651827936,251.7185487043548,262.6646473637179
span_ch48_t44,generic,small,0873,0873,m4,278.0361466757746,23.689790999090484,323.22995137383987,296.8330391579787,311.7152985345311,266.96963375602684,252.0522945978624,262.7005868101967
span_ch48_t44,generic,small,0873,0873,m8,277.8402729401812,23.69285163929888,323.15393298345407,296.3997644003075,310.8276961466161,266.7549092517706,252.05514043100513,262.680261707949
span_ch48_t44,generic,small,0873,0873,rep8,291.1251156065596,23.490006868656423,357.9282730957842,341.83548531563275,328.0199205528306,272.31003467660634,252.21890943617777,262.93401725101046
span_ch48_t44,generic,small,0873,0873,ref8,282.2232264349357,23.624876083686445,349.96466178414533,302.61573203030173,312.1102989826557,267.6614946866063,250.90568109382724,262.93700713649025
span_ch48_t44,generic,small,0874,0874,m0,119.52819295716009,27.35610007034665,93.60767643211541,117.33170328602706,105.65788938149139,88.96310719709844,132.51046341467156,144.67841450097487
span_ch48_t44,generic,small,0874,0874,m2,117.91472177431534,27.41512330274861,83.95234969542177,111.46188236386527,106.03446012638373,90.05267544597454,133.4507318833552,144.59146772542277
span_ch48_t44,generic,small,0874,0874,m4,117.7504935568199,27.4211762469709,82.48036512592034,110.91595950708499,105.79724238143005,90.33032857572782,133.73299961279665,144.65529153863267
span_ch48_t44,generic,small,0874,0874,m8,117.95950990324198,27.4134740138591,82.10017137343,111.31858523693728,106.30779735179897,90.83013585137365,134.04105326046493,144.61695163222072
span_ch48_t44,generic,small,0874,0874,rep8,129.5432213018986,27.006656685804447,126.5753923355138,150.02359124056318,114.83622768802577,88.73629309037177,133.43805580221374,144.44547446908197
span_ch48_t44,generic,small,0874,0874,ref8,132.38295244008506,26.912482982557865,166.3307082996012,123.9691883329602,111.13080026443133,92.66417386615582,135.2723055071095,145.0387711901757
span_ch48_t44,generic,small,0875,0875,m0,407.99119840664065,22.024295667110177,524.4431246314747,368.4616507247848,333.5545203798202,406.62892111903585,428.68993591337676,357.32593529402516
span_ch48_t44,generic,small,0875,0875,m2,394.57273901992875,22.169532842654593,456.6870391708335,338.5989885679563,315.4090998065188,419.5213953461187,429.6775823332065,357.9073130246154
span_ch48_t44,generic,small,0875,0875,m4,389.91669836684184,22.221085264152705,438.8689401192779,332.8450297882769,312.8228111226067,413.72904058296393,428.0765334639895,357.8254092689365
span_ch48_t44,generic,small,0875,0875,m8,389.43969414308054,22.226401454026366,435.8101776367989,331.95870770689936,312.3278707897074,414.27858404925627,428.24644619186415,357.8147261637584
span_ch48_t44,generic,small,0875,0875,rep8,430.1364016366517,21.794741632313563,597.6178668177021,441.05818660653944,360.2708728057755,411.1366160974027,426.1393488659703,357.7230718567728
span_ch48_t44,generic,small,0875,0875,ref8,419.0036858497597,21.908625175265048,576.3878734585843,381.94910985196657,346.8445488893196,408.39561150914307,430.00480441194145,357.1643131611846
span_ch48_t44,generic,small,0876,0876,m0,178.52369431886174,25.613844954391944,148.44497417743432,190.39951973785915,174.1482590604553,172.39746788972158,194.43820466564324,169.94128951685423
span_ch48_t44,generic,small,0876,0876,m2,176.27584219273123,25.668875625860142,135.75793130433652,186.15616178470313,174.3190763916954,173.81327952650676,194.0606291978862,169.86990988759348
span_ch48_t44,generic,small,0876,0876,m4,178.76279197746214,25.60803231869204,144.027916583653,195.7976557479019,176.90741138596505,173.53175659605554,193.61401688137715,169.8571995362363
span_ch48_t44,generic,small,0876,0876,m8,178.07389108361477,25.624801123172112,141.46328018530252,193.64790484474003,176.51576281286188,173.53181783859065,193.5676961753787,169.84929916728524
span_ch48_t44,generic,small,0876,0876,rep8,200.1836549777364,25.11651746479689,226.7930691643988,250.97919414039964,191.01279917598194,178.0966451035918,196.184179459778,169.96786265103285
span_ch48_t44,generic,small,0876,0876,ref8,194.0396867342365,25.251897960564442,245.51508383403316,200.692967814985,177.03299413244827,174.93866272306187,195.25644977852448,169.91043220044247
span_ch48_t44,generic,small,0877,0877,m0,44.67533388334089,31.63012553956581,35.44958691999536,32.31361848779985,40.42304852441978,41.74167573720627,42.699130457438706,69.13929710690088
span_ch48_t44,generic,small,0877,0877,m2,43.70935919557045,31.72505921339313,29.210771133068228,31.023926751733924,40.23597977536034,42.10798648571819,42.772301921897636,69.21194001783033
span_ch48_t44,generic,small,0877,0877,m4,43.61607116348545,31.734338181228175,28.773290880415924,30.808576344084205,40.13415056618322,42.042006531019574,42.810833360865246,69.21452672065364
span_ch48_t44,generic,small,0877,0877,m8,43.727582157526506,31.723248964357982,29.415854216387945,30.91389361124027,40.220618364310745,41.90913294915028,42.85384463010953,69.21290021422462
span_ch48_t44,generic,small,0877,0877,rep8,46.86105561281664,31.42268293387639,44.11398288266707,39.75261480850072,41.929517226669084,40.41700291641514,42.746088921348814,69.12998097294411
span_ch48_t44,generic,small,0877,0877,ref8,47.81401839232806,31.335251166015617,56.387189431355424,33.93352857357025,40.71510876127333,40.912111808030524,43.03585479845187,69.14665301950517
span_ch48_t44,generic,small,0878,0878,m0,292.17842107848963,23.474322230293865,327.201253853713,268.5021662657113,281.118012897851,310.29411091666464,246.67381550858008,364.2940073583596
span_ch48_t44,generic,small,0878,0878,m2,285.3201978633943,23.57747844345318,283.15087064496504,258.0472678305155,281.3748364451387,315.8035164545248,246.39934761326026,364.22327633598445
span_ch48_t44,generic,small,0878,0878,m4,284.23277427252634,23.59406206822388,273.9733909728971,259.36485797553706,282.04943270111005,315.4198842825679,246.29723804399532,364.2252408598745
span_ch48_t44,generic,small,0878,0878,m8,284.1578958506653,23.595206326471786,273.58168233809926,259.79222044165874,281.7813191533227,314.7989572713972,246.36423971240887,364.2285804580981
span_ch48_t44,generic,small,0878,0878,rep8,309.1176724254058,23.229565262431745,369.9951598744069,324.7878597527359,311.56989450493666,316.5673427772835,245.43363856006405,364.5558309284771
span_ch48_t44,generic,small,0878,0878,ref8,298.7009354482481,23.37843778172131,375.73631329475523,272.2718798992629,279.13377111164,305.37200891549276,247.16676376990017,364.18251507320076
span_ch48_t44,generic,small,0879,0879,m0,336.1467800806532,22.86551405324474,171.15207384626493,139.20352098110735,178.48377342622896,230.58931221139304,380.471209139383,692.6048853025237
span_ch48_t44,generic,small,0879,0879,m2,330.90200739740897,22.933809590783405,131.68851870426747,138.5095707647859,181.2664073120129,233.65045581355665,379.2085258329153,692.738849595631
span_ch48_t44,generic,small,0879,0879,m4,330.95138143387754,22.933161626385573,128.4256447713443,140.19588984023773,185.2266925706853,233.72231316105714,378.7010672036465,692.6129594994313
span_ch48_t44,generic,small,0879,0879,m8,331.23478635425687,22.9294442065249,130.93794352388213,140.45290586043916,184.77769742166268,233.3018569207172,378.70095197558004,692.6357811253654
span_ch48_t44,generic,small,0879,0879,rep8,367.18190457492005,22.48199090672321,353.77440525024446,170.98921075162627,177.10214418934507,240.72903837920347,383.5488572608482,692.385919669726
span_ch48_t44,generic,small,0879,0879,ref8,380.6917070956537,22.325069445258944,469.53172309723715,155.1019640736403,183.61607037808872,238.29378698474375,380.8704252052902,692.5869727271623
span_ch48_t44,generic,small,0880,0880,m0,206.97337154764975,24.97165886588842,102.9459085498197,131.3793382053928,182.62183551218163,173.77187826683064,278.6511503082164,243.61211021844534
span_ch48_t44,generic,small,0880,0880,m2,202.6287279354179,25.063793428477975,84.60457562315712,125.36735713921486,176.03610172263018,172.06372638382538,278.24825235212677,243.7953198340382
span_ch48_t44,generic,small,0880,0880,m4,203.07807613004087,25.05417320425597,84.86942816946612,128.50968162723336,175.05232568381143,172.65484107329522,278.4609056710535,243.75910871721135
span_ch48_t44,generic,small,0880,0880,m8,203.12501003881135,25.05316961081329,85.70388340066532,128.60842246096692,174.77274102894856,172.37896381571454,278.4126597775396,243.75084653334923
span_ch48_t44,generic,small,0880,0880,rep8,223.53168925991957,24.63741260714741,157.62041535347743,197.83033871373365,188.26593000003322,173.25411716597276,278.4359409105226,243.885758138928
span_ch48_t44,generic,small,0880,0880,ref8,217.82838285613298,24.74965893553311,179.75099877569866,136.2262150910312,178.79434951262306,172.59312354487327,279.14149391943744,244.2318292153568
span_ch48_t44,generic,small,0881,0881,m0,156.47141613557545,26.186453477291273,112.28459442772512,124.38993079138596,123.26745665800854,123.75553805520053,189.341883178751,194.04925538731584
span_ch48_t44,generic,small,0881,0881,m2,160.9458485348314,26.06400581969094,135.67848368689243,131.23131682227125,125.71400107901896,124.30889038505897,189.47988627080127,194.0382622142035
span_ch48_t44,generic,small,0881,0881,m4,158.5058479550245,26.130350710476023,121.00141577463496,129.50998014864584,124.27983847024272,125.57612073210629,188.97587451266656,194.0039891949149
span_ch48_t44,generic,small,0881,0881,m8,158.1060076574209,26.141319884505858,116.33483197305377,129.79941684936483,125.11753758949509,125.83860909196464,189.20974528258236,193.99812353883812
span_ch48_t44,generic,small,0881,0881,rep8,184.19526543359703,25.478018979956204,168.22157840784104,248.17692665592438,145.75302598602022,132.95973275166472,190.9962545981669,194.5027167528822
span_ch48_t44,generic,small,0881,0881,ref8,177.9972241237553,25.62667131351914,240.90035818556905,141.64112566844506,126.898366336923,127.94824445248395,191.39037370484687,194.68296785278326
span_ch48_t44,generic,small,0882,0882,m0,878.8252489481663,18.691778350120867,340.99867068039777,468.4720452147106,487.9691435472226,701.554578480295,965.1944391702827,1799.2620220975894
span_ch48_t44,generic,small,0882,0882,m2,862.9295425473041,18.771050234749293,284.7072075616525,436.8133592493629,466.9438613227526,692.2373477093411,963.6865268838876,1798.3922049440118
span_ch48_t44,generic,small,0882,0882,m4,862.8689380339877,18.771355255364604,279.57135619693526,432.392793275205,468.30864250423815,695.3237772347294,965.7650260990462,1798.5139018406398
span_ch48_t44,generic,small,0882,0882,m8,862.0710425948577,18.775373037026068,279.1875519798549,429.80455936260427,466.4973635177477,694.3385877858486,965.4780301993051,1798.511971700555
span_ch48_t44,generic,small,0882,0882,rep8,873.2930742670504,18.719203449090593,328.7196433084573,462.34873299158033,471.75820557653515,696.1071613190838,962.5999737776469,1800.9227050089912
span_ch48_t44,generic,small,0882,0882,ref8,889.7933182278739,18.637912207142115,383.52015510531913,501.2625801360033,500.2641330287916,706.6653987852446,961.9545763413563,1799.4598981895176
span_ch48_t44,generic,small,0883,0883,m0,355.851209327147,22.618119147931655,329.2079963521956,342.5676676655152,327.03614739325457,357.46636738522204,355.6318705666157,404.8046840869514
span_ch48_t44,generic,small,0883,0883,m2,355.8661156324921,22.61793722946681,306.94302121681136,354.3020493736357,335.05393925867264,349.7429988123076,360.11112017530917,404.6453617567559
span_ch48_t44,generic,small,0883,0883,m4,353.46290090276324,22.647365234386125,286.7036898232773,354.89347108250684,337.09267673641574,349.6596267885589,360.11061235685423,405.0344597132884
span_ch48_t44,generic,small,0883,0883,m8,353.73108042363,22.644071402856724,288.46500984032576,354.52035110244105,337.4070942512066,349.7204644505098,360.2079873154021,405.0229829122335
span_ch48_t44,generic,small,0883,0883,rep8,390.7377073353469,22.211950369288367,433.3250793935743,447.28931446406284,354.9457826637261,351.34472372909767,370.07260622842404,403.7402213284071
span_ch48_t44,generic,small,0883,0883,ref8,402.8604105475738,22.079257698893414,546.0199319233964,409.359101828357,359.5544243938472,367.3842423871499,366.66590180497184,405.73856026680437
span_ch48_t44,generic,small,0884,0884,m0,492.21758592248364,21.209232347748838,450.23049785518896,349.26399607574183,446.6471674073626,610.9578760149536,518.3230142985439,536.6249841073729
span_ch48_t44,generic,small,0884,0884,m2,471.790231431066,21.39331416432586,368.7780536356887,310.53459254187356,430.99524479190967,596.3172661451503,515.6008995496039,536.7165390132577
span_ch48_t44,generic,small,0884,0884,m4,469.45169707377676,21.414894474894275,363.5554512654482,309.59433567383627,426.14956601956766,590.853749655756,514.5825682973974,536.6987255271913
span_ch48_t44,generic,small,0884,0884,m8,468.3063063951858,21.42550354667747,360.5666437458468,304.35984961333264,424.55714663569705,591.5911313581973,514.6991306013417,536.704086104423
span_ch48_t44,generic,small,0884,0884,rep8,508.90675409804174,21.064421460959228,458.378418040595,386.36793572305265,505.122689164735,649.3658911012025,517.9722323725603,536.2697182375082
span_ch48_t44,generic,small,0884,0884,ref8,512.5140049591712,21.033746234457098,534.2990016503185,376.11473841881883,461.8277050329459,641.5939658760233,518.8641696500374,536.994612786304
span_ch48_t44,generic,small,0885,0885,m0,199.14426848483657,25.13912549249995,305.84898803100015,196.06474742733778,231.21243326833383,262.219994279605,156.84828045331724,138.34317581974963
span_ch48_t44,generic,small,0885,0885,m2,193.4995099838213,25.264004913144888,274.9944343502518,186.67364726701368,228.10435054195958,261.8376300516504,157.38174178396068,138.4347314027077
span_ch48_t44,generic,small,0885,0885,m4,193.99008697081072,25.25300823122595,279.77949751470743,187.34451723567005,227.53559855399908,261.12463846474697,157.05957980437256,138.43184792467824
span_ch48_t44,generic,small,0885,0885,m8,193.95447810743073,25.25380549631526,278.2727009119055,187.03223600856913,227.9258555673913,261.9507840678775,157.28557598956613,138.43563393773672
span_ch48_t44,generic,small,0885,0885,rep8,208.6059262927663,24.937537187156185,339.7983029001567,237.38604307069573,229.59015114873094,255.89563563215964,157.9811719494599,138.51755718448666
span_ch48_t44,generic,small,0885,0885,ref8,209.66198445615063,24.915606687793268,364.50203545578154,203.96177498016561,235.72651093306706,264.6435064074552,158.917101208983,138.222927812224
span_ch48_t44,generic,small,0886,0886,m0,181.84260187030193,25.53384724062618,63.20389350828726,55.62278331895028,101.81538243989421,143.76240540209685,217.99432660373478,373.6120302933134
span_ch48_t44,generic,small,0886,0886,m2,178.7338332060138,25.608735913287582,44.81245470892764,53.87771336555321,101.7582292226985,141.10831251928514,217.78128826865944,373.6229087676272
span_ch48_t44,generic,small,0886,0886,m4,178.2035179636563,25.621640875580603,41.711231812905794,51.77627422232732,101.86994906183003,142.2079388800623,217.86038413097793,373.65168028589505
span_ch48_t44,generic,small,0886,0886,m8,178.39923788042748,25.6168736612507,42.436006350769276,52.074671699222705,102.44438305234291,142.19707961245751,217.83706112791012,373.64927178271375
span_ch48_t44,generic,small,0886,0886,rep8,199.29048611404434,25.135937943640844,146.5431380876343,101.84526981655549,104.37171024460099,141.64415727058213,218.28577474169734,373.3208082589496
span_ch48_t44,generic,small,0886,0886,ref8,197.6769250872569,25.17124383977848,166.08581687957326,68.0736344917346,102.99009770982184,144.11094029381812,217.9591125484482,373.3986850998071
span_ch48_t44,generic,small,0887,0887,m0,497.6059750163586,21.161947743518393,308.98848049069613,260.2859485736281,353.6906904410855,393.36414528937297,517.8729823763679,937.0710060593909
span_ch48_t44,generic,small,0887,0887,m2,476.1135700767982,21.35369801057997,203.87937943696951,246.48359049126702,324.8138133996774,368.4648180632487,519.683817347204,938.0476450018097
span_ch48_t44,generic,small,0887,0887,m4,473.5838374050831,21.376834886174958,200.31482132308219,238.39934451832914,316.751894706926,365.5448828953476,520.2914485566376,938.3348188221906
span_ch48_t44,generic,small,0887,0887,m8,474.1070255528489,21.372039699104228,199.8271645470764,239.34988363566166,318.7095794982759,367.6544805011005,520.3554694590565,938.2770896871431
span_ch48_t44,generic,small,0887,0887,rep8,522.2800075846346,20.95176959120237,387.88966006821704,316.5165791145334,381.1189215812769,416.0819608022754,520.2002714058234,938.3473415883558
span_ch48_t44,generic,small,0887,0887,ref8,517.3991616022953,20.99254640221038,427.3332426144331,265.7178311840506,350.4671875651305,414.560894558321,520.1976390191022,938.0678591037124
span_ch48_t44,generic,small,0888,0888,m0,472.4844525432966,21.386928385744707,434.012159994595,442.854600299865,379.8115339305123,428.1828407956529,527.839744180497,508.1018420854694
span_ch48_t44,generic,small,0888,0888,m2,455.9291200918625,21.54183029487775,374.8066180538886,397.8521015937782,369.8908127372196,423.01024978019393,525.0822091988548,507.822370150366
span_ch48_t44,generic,small,0888,0888,m4,454.1133495350321,21.559160918579735,370.9040148686303,392.89605557450096,364.65947818351225,422.81444650260636,524.9673292606783,507.9719376305589
span_ch48_t44,generic,small,0888,0888,m8,454.6149713684998,21.554366270687883,368.8723375139634,394.68795778068124,367.22469547436344,423.4120557919128,525.5169445249177,507.9869905551129
span_ch48_t44,generic,small,0888,0888,rep8,500.2366495594554,21.13904853964516,535.2197464670608,514.0381204003422,383.4852205564404,443.2972840007494,535.7842484955372,508.5449455437417
span_ch48_t44,generic,small,0888,0888,ref8,499.1556065427014,21.148444073723454,578.9465044733463,467.69406720236617,386.3596452494525,438.71746971006775,532.7182657666173,508.55383251270956
span_ch48_t44,generic,small,0889,0889,m0,471.1560562553362,21.3991558294239,569.7679061051747,542.3000367989991,535.5922599785796,497.07000032298055,470.5641135235814,285.40053283818594
span_ch48_t44,generic,small,0889,0889,m2,453.88815132750074,21.56131515160199,503.21957477883745,492.9901444890004,528.5295099660683,490.1979135282107,469.8535427479466,285.17188268394625
span_ch48_t44,generic,small,0889,0889,m4,454.44940256291716,21.555948240491055,514.9071590406243,488.7095427650305,523.8801144136081,490.1119797556576,470.05370132226426,285.12754353727246
span_ch48_t44,generic,small,0889,0889,m8,454.4968701855881,21.555494639937717,514.5152575868407,487.6456684549243,524.4993015939972,490.7375554172623,470.33953607634,285.1346948603777
span_ch48_t44,generic,small,0889,0889,rep8,516.1099627134547,21.003381183263112,650.213385344847,688.977918293641,623.2537011719263,512.4930325080945,480.01735845579304,285.9143280543372
span_ch48_t44,generic,small,0889,0889,ref8,493.4927491683347,21.19799584853775,678.7055367819386,571.3699036129733,552.7828940853066,497.9057442718947,475.0813325016654,285.7472740101782
span_ch48_t44,generic,small,0890,0890,m0,105.85351291246872,27.883750855395462,124.66465516398387,80.52588960628852,88.49705019270995,104.7626012953008,87.62391801147112,156.18611949685769
span_ch48_t44,generic,small,0890,0890,m2,105.22874483706802,27.909459706803542,120.66599862071952,79.18628464968873,88.69937828183986,105.5191449807186,87.60862145501633,156.15500158913179
span_ch48_t44,generic,small,0890,0890,m4,104.89743038839205,27.92315511204481,119.70398808669202,78.44203019462161,88.44648502283293,105.05250062242735,87.54537556083346,156.13653209351028
span_ch48_t44,generic,small,0890,0890,m8,104.8779434217648,27.92396198293207,119.94055706881133,78.49024993906065,88.21937976942762,104.81016205192583,87.53216821771824,156.13172898011806
span_ch48_t44,generic,small,0890,0890,rep8,113.79104630107427,27.569722701183295,139.76005652766565,107.74123097748975,104.06714086548413,107.43315494406525,88.52851371991257,156.04833707596302
span_ch48_t44,generic,small,0890,0890,ref8,112.32542623765592,27.6260228559652,160.04057929376526,86.7576668377273,92.09361746255423,106.04843335846216,88.39437361984707,156.2061565371778
span_ch48_t44,generic,small,0891,0891,m0,363.912721186111,22.520831235164458,537.7356004411714,413.7168505160149,387.82082698931345,347.88712263378824,343.09283303590416,225.92863900191975
span_ch48_t44,generic,small,0891,0891,m2,350.4965846228982,22.68396570481512,471.8232515469894,388.7278922248734,375.3954278409751,348.8543900319757,343.69791364366256,225.76616792369126
span_ch48_t44,generic,small,0891,0891,m4,349.96860375688397,22.690512760226007,468.4647620476184,385.7586047058871,374.19717800552843,348.47313468160627,345.1408053844065,225.83728070695213
span_ch48_t44,generic,small,0891,0891,m8,351.29807785387266,22.674045873347527,477.78772106454096,384.16230564547254,375.2881027317591,348.59005701399985,345.46638749352496,225.85893544918574
span_ch48_t44,generic,small,0891,0891,rep8,400.461009664242,22.10520122874579,614.3633506638747,518.8002297791555,455.0379826701144,366.40358976498555,351.2384039961362,226.0295596669212
span_ch48_t44,generic,small,0891,0891,ref8,388.10321257887716,22.24133123179417,649.6571338835105,443.98309571314917,409.00152128986855,357.6493936383025,347.3303893159762,226.00848567569113
span_ch48_t44,generic,small,0892,0892,m0,594.9124068841014,20.386273346474052,705.2132854222212,641.6881499773034,639.0698692879296,631.6396712943507,580.399257860476,450.87133186739425
span_ch48_t44,generic,small,0892,0892,m2,581.6789941595298,20.483969802143314,643.2869775454395,627.0518513960126,625.6834605845987,619.6766793236983,580.7629725124931,450.1655325270604
span_ch48_t44,generic,small,0892,0892,m4,580.5645308671714,20.49229861441158,637.9807802085161,622.2064638325429,626.843039297159,620.2905464869001,580.7779373546629,450.300269040492
span_ch48_t44,generic,small,0892,0892,m8,580.7576288587262,20.49085437446026,639.2593693426815,621.0062370296581,626.8048701785959,621.6178233514519,580.8674131794503,450.3121857942522
span_ch48_t44,generic,small,0892,0892,rep8,600.723546012578,20.344057059424905,704.8981630431979,691.7330458064336,621.8577472338455,634.2963706615304,583.7660176912117,451.394453867243
span_ch48_t44,generic,small,0892,0892,ref8,592.251289959327,20.405743455522845,704.185757826311,646.3692834294227,623.609071989292,628.0284122945109,577.981356171486,450.29126515326925
span_ch48_t44,generic,small,0893,0893,m0,179.80075561856026,25.582888483300906,277.4254075750841,211.4306090604202,135.61194760646137,184.99466202617074,170.2318684794241,125.38640374392617
span_ch48_t44,generic,small,0893,0893,m2,167.4686510119569,25.891468388486558,194.50456197387433,193.94034357952478,138.70080773004818,189.0346382499023,171.67641366549452,125.3736272730681
span_ch48_t44,generic,small,0893,0893,m4,166.42882107556804,25.918518240680932,190.72193157089512,189.94862953549924,137.91113418679345,189.39583390489744,171.79091505980213,125.39564602918078
span_ch48_t44,generic,small,0893,0893,m8,166.2231108089492,25.923889551440823,188.2557456120682,190.7461069995258,138.12112054630816,189.48470798861254,171.77107323049248,125.41531937126933
span_ch48_t44,generic,small,0893,0893,rep8,219.92524425394896,24.708052778875516,418.54117961658955,345.02064335566524,156.54994497949482,197.0092736307624,170.28745928168215,125.11417057652062
span_ch48_t44,generic,small,0893,0893,ref8,210.76077374918503,24.892905765736096,466.4303059963899,236.3043361391158,147.20332321937138,187.91367659056814,170.82473107307322,125.22706061365099
span_ch48_t44,generic,small,0894,0894,m0,111.7097059969758,27.649894520513225,194.4518546784897,136.3957751464249,111.29221287730174,64.74009923775655,108.84685474714189,63.9154589857437
span_ch48_t44,generic,small,0894,0894,m2,108.58099718796731,27.773265350490508,173.47923233238166,129.7383557073685,108.63096468663373,67.63863172978286,110.60333379561337,63.99133122252571
span_ch48_t44,generic,small,0894,0894,m4,109.5872015109412,27.73320524217141,179.57050864912338,130.34046864447654,108.27099773161854,68.44116522790706,110.75148712801831,63.99033266728103
span_ch48_t44,generic,small,0894,0894,m8,109.29316191318489,27.744873703388095,181.00834147349863,129.16407607821873,106.92969475961395,67.26656174131703,110.58092608988599,63.98959678739205
span_ch48_t44,generic,small,0894,0894,rep8,144.4615936386722,26.533279593657614,330.04473566403357,237.4664130067044,118.8079953392911,65.37483735496735,109.81884135766043,63.81850675690834
span_ch48_t44,generic,small,0894,0894,ref8,138.3999864149426,26.719443133766205,369.5222509828342,160.51604520619324,110.13236310295908,64.21198171404401,108.1890619260464,63.912791739354624
span_ch48_t44,generic,small,0895,0895,m0,182.1513526906705,25.526479601243835,189.8233137415838,195.00694822111396,176.30215413695393,170.87231274830106,161.4280217676404,216.83595695651144
span_ch48_t44,generic,small,0895,0895,m2,181.99803874831795,25.53013652912355,193.22404165303007,189.9546369045576,176.539587489456,171.09094066124163,161.29743723297452,216.9258236865832
span_ch48_t44,generic,small,0895,0895,m4,181.52527883175065,25.54143248340494,190.70844312287497,188.0515667983435,177.5777395449188,169.41878914869247,161.79085761462545,216.97561970377473
span_ch48_t44,generic,small,0895,0895,m8,182.0614096343219,25.528624598777828,194.12674952400377,188.07230029800576,177.17475688087106,169.80929613767918,161.9959701853461,216.98261439466756
span_ch48_t44,generic,small,0895,0895,rep8,197.48642223180408,25.175431188928176,254.48078799900395,226.51427770145528,195.93574612802686,168.51239609647715,162.71882885686335,216.60516298933982
span_ch48_t44,generic,small,0895,0895,ref8,194.53575636453323,25.240809229974506,274.65881399116785,202.08648308963123,178.77007335530834,166.5259947745486,161.52756468952222,216.7408583840746
span_ch48_t44,generic,small,0896,0896,m0,154.22625388701547,26.24922051045762,86.62741119043893,85.16412861544134,64.36416641729788,81.08958866559905,93.71160755792405,475.5894632505619
span_ch48_t44,generic,small,0896,0896,m2,150.20081085442823,26.364080836681147,61.71016654099443,79.40851121864262,63.21287546804939,82.99822161042721,93.90418421119239,475.5529179568649
span_ch48_t44,generic,small,0896,0896,m4,150.22623311265073,26.36334583317786,61.065536483885175,79.63036235071682,64.10832837774582,82.83254173585834,93.89196992480021,475.565482171448
span_ch48_t44,generic,small,0896,0896,m8,150.42783982747648,26.35752141869176,62.014255662055284,79.84544838502055,64.31973526466948,82.84095119624213,93.91226347580302,475.6302783120311
span_ch48_t44,generic,small,0896,0896,rep8,160.17360484735292,26.084894110024194,134.80334846165957,80.84052305072707,61.841645484916455,82.83497523464631,93.77133795826818,475.44578068478285
span_ch48_t44,generic,small,0896,0896,ref8,173.79813198143978,25.73035256617821,226.47133920857007,84.39055057458752,63.01858576984771,86.6232837700581,93.91609734515666,475.41706084850557
span_ch48_t44,generic,small,0897,0897,m0,1464.4722074741753,16.473992267452303,1559.4917236816248,1479.8847431683512,1384.6194306488585,1499.734752457292,1413.8878981095986,1506.670854949538
span_ch48_t44,generic,small,0897,0897,m2,1451.139072462244,16.513713250610145,1523.8570738441579,1446.2125041428449,1367.8131975556664,1486.7286885532496,1411.6053279649939,1506.6149282172312
span_ch48_t44,generic,small,0897,0897,m4,1449.4184384491184,16.518865790714017,1512.6927444957341,1446.1088841810717,1369.9523873782498,1484.4154690858688,1411.026094098688,1506.7044887042737
span_ch48_t44,generic,small,0897,0897,m8,1449.495129176769,16.518636005595816,1514.393810170557,1444.8449061496858,1370.2377209751774,1483.8886325950225,1411.0984446066238,1506.7239626013406
span_ch48_t44,generic,small,0897,0897,rep8,1501.897883401137,16.36439955618558,1733.8761896907085,1588.8763874321028,1390.3154051673246,1501.6567145754182,1410.3154479607986,1506.1772478680027
span_ch48_t44,generic,small,0897,0897,ref8,1512.2296556693213,16.33462610300513,1825.8181338624101,1543.2974799804292,1403.5625300796255,1505.5533073913284,1414.82340624369,1506.4039561058823
span_ch48_t44,generic,small,0898,0898,m0,191.70113054563706,25.304556867572764,63.256572739081506,90.61215097008156,136.11773203611185,112.6660143349993,192.7200274994379,448.0414143109751
span_ch48_t44,generic,small,0898,0898,m2,189.50660921531272,25.35455999884735,55.64722585147839,82.2131518753792,135.2508406989413,112.89642159467667,192.76071320943362,447.9503904784328
span_ch48_t44,generic,small,0898,0898,m4,189.21967517014068,25.361140682653517,53.90645836726327,81.74356525789668,135.67325526117574,113.2347115855244,192.56211765495675,447.90428950092223
span_ch48_t44,generic,small,0898,0898,m8,189.4441542236715,25.35599152299769,55.02825722936078,82.46319593071449,135.90068615856526,113.16238561730535,192.45328477831123,447.8822457971349
span_ch48_t44,generic,small,0898,0898,rep8,198.26530813931058,25.158336315427448,85.14657652633481,106.13421925963058,149.81699089024795,112.69537620878931,192.85410593955396,447.5984376411836
span_ch48_t44,generic,small,0898,0898,ref8,197.65420331211124,25.171743063890464,101.72693103286679,90.22212182887053,141.81372404804253,112.91870697261146,192.8805176985223,447.8808918097168
span_ch48_t44,generic,small,0899,0899,m0,465.0347573334797,21.45594947001581,293.0409344504684,406.0895206111217,482.1599825746445,351.32746208350903,499.21764707338104,634.8825846363611
span_ch48_t44,generic,small,0899,0899,m2,442.3844680710977,21.6728049019656,207.0373768187075,363.37423431355194,444.19582363015724,343.63220359742337,498.93962227342917,634.8097856268747
span_ch48_t44,generic,small,0899,0899,m4,423.9493327056992,21.857664048440096,182.18322560793854,306.0514159581546,387.7289384251682,328.56444410235395,500.6546419937455,634.6880219999395
span_ch48_t44,generic,small,0899,0899,m8,423.24060046924296,21.864930390005092,180.48935636129292,300.87276030904206,387.2363192843515,330.9024192619646,500.6241726052842,634.6866701618692
span_ch48_t44,generic,small,0899,0899,rep8,502.47219361393235,21.119683275995964,384.1188204045441,517.3040264431004,549.978974970829,377.3441288220827,499.23368544689885,634.7260831838754
span_ch48_t44,generic,small,0899,0899,ref8,486.30558085020937,21.261711073010844,405.7231721092739,428.8499924057447,477.0560918612223,351.6701533994301,509.5747880724592,634.9670750958238
span_ch48_t44,generic,small,0900,0900,m0,383.79426771068876,22.289818769723865,560.0533321814071,529.9238689415723,407.3904431320204,377.62587234803107,315.34311186923827,258.5012579301904
span_ch48_t44,generic,small,0900,0900,m2,356.7857211761999,22.606728955967604,413.28326269327124,496.0394244473054,394.24606189866535,372.15109916124413,314.32749324025826,258.1064311513984
span_ch48_t44,generic,small,0900,0900,m4,354.439118920038,22.635387125695352,400.9747114759378,494.63440318640306,394.4876793646701,371.96922791317627,312.798219679938,258.2357666232576
span_ch48_t44,generic,small,0900,0900,m8,353.7475886423197,22.64386872739532,396.86922819559413,492.1299439986188,394.3251675720799,372.5415221674581,313.235219525428,258.2521864569279
span_ch48_t44,generic,small,0900,0900,rep8,433.7031504429764,21.758877839692502,784.9245243708873,635.7904276449002,430.1859733013328,390.1957612092898,320.20103537079785,257.90456606012
span_ch48_t44,generic,small,0900,0900,ref8,418.8162235976609,21.910568643594992,843.8822761142837,524.2657218120013,386.4828615859129,374.2532428135792,314.20270886700416,258.443135908164
