model,dataset,subject,view,key,fold,scale,tier,degrade,psnr_y,ssim_y,psnr_rgb,ms_ssim_y,ms_ssim_scales,gmsd,grad_psnr,lr_psnr_y,psnr_y_c,ssim_y_c,lpips,dists,host_ms,device
disp26,ami,000,back,000_back,3,4,144,jpegmix,31.292051,0.756304,28.912097,0.910618,4,0.09443,30.290435,37.352041,30.994569,0.799056,0.453861,0.331453,3.665,cuda
disp26,ami,000,down,000_down,3,4,144,jpegmix,31.132832,0.758758,28.628195,0.924688,4,0.090829,30.049042,37.366126,31.1332,0.814599,0.476409,0.33829,0.621,cuda
disp26,ami,000,front,000_front,3,4,144,jpegmix,32.504477,0.807728,29.989069,0.955778,4,0.060225,31.13376,42.575339,33.738923,0.891871,0.362643,0.285216,0.669,cuda
disp26,ami,000,left,000_left,3,4,144,jpegmix,31.428085,0.764685,29.071602,0.922723,4,0.092072,30.421478,37.553694,31.317091,0.814526,0.435445,0.321902,0.683,cuda
disp26,ami,000,right,000_right,3,4,144,jpegmix,32.45938,0.801892,29.96627,0.953302,4,0.065314,30.849661,42.599496,33.148463,0.870548,0.330507,0.287075,0.671,cuda
disp26,ami,000,up,000_up,3,4,144,jpegmix,30.790726,0.74006,28.343667,0.915719,4,0.10183,29.806216,37.090199,31.174474,0.804793,0.452924,0.355206,0.675,cuda
disp26,ami,000,zoom,000_zoom,3,4,144,jpegmix,32.144005,0.821264,29.084636,0.93967,4,0.087905,31.408732,37.26448,32.741458,0.852128,0.421613,0.31973,0.669,cuda
disp26,ami,001,back,001_back,1,4,144,jpegmix,35.155373,0.859717,32.587107,0.960548,4,0.056644,33.816123,43.478639,35.158624,0.88761,0.296486,0.309346,0.667,cuda
disp26,ami,001,down,001_down,1,4,144,jpegmix,36.288115,0.888409,33.424882,0.968322,4,0.046998,34.995671,44.215169,35.951277,0.910965,0.264254,0.265333,0.683,cuda
disp26,ami,001,front,001_front,1,4,144,jpegmix,36.352688,0.887311,33.470412,0.965735,4,0.050785,35.058984,43.704801,35.639307,0.89782,0.2861,0.282397,0.63,cuda
disp26,ami,001,left,001_left,1,4,144,jpegmix,37.117264,0.90253,34.424805,0.969406,4,0.039809,35.691633,44.680118,36.123816,0.914615,0.270217,0.28866,0.655,cuda
disp26,ami,001,right,001_right,1,4,144,jpegmix,33.867966,0.843679,31.115393,0.94054,4,0.075968,32.916094,38.959055,32.236026,0.81937,0.349067,0.312023,0.664,cuda
disp26,ami,001,up,001_up,1,4,144,jpegmix,35.381709,0.869456,32.769889,0.965253,4,0.048005,33.990714,43.853547,35.767502,0.897686,0.281654,0.246946,0.671,cuda
disp26,ami,001,zoom,001_zoom,1,4,144,jpegmix,34.651479,0.855294,31.904196,0.944581,4,0.074853,34.10308,39.23032,34.274562,0.867857,0.32595,0.320378,0.677,cuda
disp26,ami,002,back,002_back,1,4,144,jpegmix,34.946961,0.842834,32.158772,0.959098,4,0.049222,33.606139,43.364017,35.088176,0.882951,0.327209,0.272833,0.671,cuda
disp26,ami,002,down,002_down,1,4,144,jpegmix,33.391006,0.812839,30.463648,0.930602,4,0.084918,32.714848,38.454516,32.302676,0.810007,0.408854,0.327901,0.68,cuda
disp26,ami,002,front,002_front,1,4,144,jpegmix,34.945235,0.846861,32.126055,0.95977,4,0.050728,33.287826,43.504293,34.74367,0.874797,0.332756,0.283174,0.677,cuda
disp26,ami,002,left,002_left,1,4,144,jpegmix,33.702856,0.814057,30.750402,0.928233,4,0.078849,33.081711,38.693157,32.836536,0.8261,0.409611,0.34259,0.667,cuda
disp26,ami,002,right,002_right,1,4,144,jpegmix,33.641484,0.831175,30.511154,0.935911,4,0.077828,33.278518,38.329189,32.536213,0.823868,0.395307,0.333953,0.651,cuda
disp26,ami,002,up,002_up,1,4,144,jpegmix,35.54528,0.861184,32.513171,0.962023,4,0.046149,34.335865,43.750649,35.721533,0.888819,0.320496,0.264362,0.649,cuda
disp26,ami,002,zoom,002_zoom,1,4,144,jpegmix,33.799116,0.822981,30.811652,0.930343,4,0.082016,33.220378,38.546401,33.443676,0.834671,0.409925,0.344396,0.662,cuda
disp26,ami,003,back,003_back,5,4,144,jpegmix,33.288288,0.806613,30.395495,0.929753,4,0.080343,32.731414,38.425376,32.53882,0.81709,0.429861,0.309994,0.658,cuda
disp26,ami,003,down,003_down,5,4,144,jpegmix,35.227297,0.855936,32.342552,0.961265,4,0.050423,33.885954,43.457072,34.992773,0.88276,0.354778,0.297802,0.661,cuda
disp26,ami,003,front,003_front,5,4,144,jpegmix,32.756207,0.793711,30.077575,0.920861,4,0.08869,32.205868,38.151534,31.481538,0.777832,0.436539,0.310686,0.661,cuda
disp26,ami,003,left,003_left,5,4,144,jpegmix,33.918624,0.828867,31.091566,0.934156,4,0.076057,33.315753,39.102768,32.950828,0.827485,0.420025,0.352551,0.68,cuda
disp26,ami,003,right,003_right,5,4,144,jpegmix,35.493014,0.87139,32.260478,0.966981,4,0.047394,33.836862,43.770528,34.9143,0.875591,0.347855,0.272583,0.687,cuda
disp26,ami,003,up,003_up,5,4,144,jpegmix,34.771219,0.851948,32.067215,0.959348,4,0.052251,33.559883,43.006162,34.386263,0.865516,0.323631,0.283553,0.648,cuda
disp26,ami,003,zoom,003_zoom,5,4,144,jpegmix,33.440425,0.818055,30.512156,0.931248,4,0.078511,32.771363,38.554944,33.029391,0.831766,0.431345,0.326206,0.643,cuda
disp26,ami,004,back,004_back,5,4,144,jpegmix,32.870435,0.814372,30.508639,0.925099,4,0.092527,31.796556,38.065757,31.421421,0.793881,0.36829,0.352031,0.687,cuda
disp26,ami,004,down,004_down,5,4,144,jpegmix,32.362445,0.793741,30.066349,0.922937,4,0.095202,31.247031,37.789204,31.203649,0.80955,0.398956,0.336996,0.64,cuda
disp26,ami,004,front,004_front,5,4,144,jpegmix,34.510189,0.856785,31.998466,0.962285,4,0.056098,32.783346,43.350237,34.153332,0.880592,0.235073,0.262426,0.676,cuda
disp26,ami,004,left,004_left,5,4,144,jpegmix,33.48477,0.823767,30.974567,0.930778,4,0.088145,32.689551,38.520166,32.314357,0.820693,0.336782,0.322582,0.652,cuda
disp26,ami,004,right,004_right,5,4,144,jpegmix,32.833168,0.810033,30.373173,0.926182,4,0.091853,31.760778,37.756367,31.614221,0.810668,0.392592,0.33715,0.642,cuda
disp26,ami,004,up,004_up,5,4,144,jpegmix,34.89448,0.867933,32.363512,0.964988,4,0.051034,33.206159,43.378274,34.816825,0.893061,0.22765,0.277883,0.665,cuda
disp26,ami,004,zoom,004_zoom,5,4,144,jpegmix,35.408444,0.87492,32.623498,0.967674,4,0.049367,33.711619,43.884918,35.72545,0.900223,0.250664,0.243157,0.683,cuda
disp26,ami,005,back,005_back,4,4,144,jpegmix,32.959647,0.833985,30.285227,0.952016,4,0.065276,30.835844,43.190514,32.876329,0.867583,0.372674,0.274678,0.671,cuda
disp26,ami,005,down,005_down,4,4,144,jpegmix,32.783562,0.794909,30.47155,0.917803,4,0.083561,31.94364,38.323268,31.84683,0.797981,0.489593,0.337199,0.662,cuda
disp26,ami,005,front,005_front,4,4,144,jpegmix,34.705955,0.854801,32.281813,0.956533,4,0.057568,33.066016,43.477341,34.867925,0.884403,0.370836,0.294144,0.654,cuda
disp26,ami,005,left,005_left,4,4,144,jpegmix,33.950784,0.828451,31.333633,0.933914,4,0.074644,33.127697,39.182057,32.952652,0.831952,0.481635,0.329295,0.652,cuda
disp26,ami,005,right,005_right,4,4,144,jpegmix,32.948647,0.819194,30.015229,0.927095,4,0.084549,32.11083,37.994342,32.342347,0.823262,0.438104,0.291389,0.674,cuda
disp26,ami,005,up,005_up,4,4,144,jpegmix,32.337464,0.798155,30.138229,0.926566,4,0.083196,31.130269,38.711795,32.615604,0.822405,0.393605,0.319141,0.678,cuda
disp26,ami,005,zoom,005_zoom,4,4,144,jpegmix,35.173587,0.869793,32.521432,0.962931,4,0.054429,33.724485,43.738201,36.929177,0.907776,0.330081,0.252288,0.669,cuda
disp26,ami,007,back,007_back,5,4,144,jpegmix,33.389944,0.815919,31.002095,0.923539,4,0.087718,32.664981,38.171927,32.638894,0.821158,0.373819,0.336822,0.65,cuda
disp26,ami,007,down,007_down,5,4,144,jpegmix,34.81855,0.859504,32.584052,0.962459,4,0.053502,33.354402,43.358559,35.76289,0.896229,0.325188,0.274804,0.685,cuda
disp26,ami,007,front,007_front,5,4,144,jpegmix,33.431116,0.824253,31.179287,0.932066,4,0.088431,32.325101,38.926076,33.157835,0.846108,0.384316,0.319217,0.655,cuda
disp26,ami,007,left,007_left,5,4,144,jpegmix,33.896824,0.82814,31.676827,0.933041,4,0.089391,32.668163,39.493668,33.847587,0.838681,0.430143,0.341996,0.679,cuda
disp26,ami,007,right,007_right,5,4,144,jpegmix,33.630422,0.839995,31.055225,0.941836,4,0.087994,32.393879,38.8203,33.556326,0.851134,0.391944,0.301826,0.685,cuda
disp26,ami,007,up,007_up,5,4,144,jpegmix,32.858531,0.810456,30.708858,0.924454,4,0.09214,31.876451,38.3924,32.633495,0.830464,0.397377,0.31983,0.682,cuda
disp26,ami,007,zoom,007_zoom,5,4,144,jpegmix,35.883596,0.889266,33.251129,0.971946,4,0.045956,34.33241,44.485757,36.646998,0.907255,0.31194,0.277703,0.684,cuda
disp26,ami,008,back,008_back,5,4,144,jpegmix,33.689664,0.841805,31.025464,0.937167,4,0.077767,33.159578,38.61533,32.579843,0.837008,0.349507,0.306636,0.666,cuda
disp26,ami,008,down,008_down,5,4,144,jpegmix,33.342669,0.836782,31.015184,0.939135,4,0.081465,32.452317,38.602524,32.662194,0.839523,0.369355,0.35289,0.658,cuda
disp26,ami,008,front,008_front,5,4,144,jpegmix,32.067453,0.808805,29.973573,0.930054,4,0.084683,31.359972,37.582086,31.57128,0.821746,0.369282,0.336323,0.681,cuda
disp26,ami,008,left,008_left,5,4,144,jpegmix,35.386165,0.874512,32.972059,0.966305,4,0.048835,33.862306,44.097549,35.108245,0.892924,0.294428,0.327775,0.667,cuda
disp26,ami,008,right,008_right,5,4,144,jpegmix,32.666036,0.82226,30.470316,0.935157,4,0.084902,32.003105,37.97405,32.10876,0.830457,0.392926,0.325139,0.665,cuda
disp26,ami,008,up,008_up,5,4,144,jpegmix,32.419707,0.816191,30.342753,0.933301,4,0.086626,31.646298,38.02369,32.097256,0.835639,0.347733,0.315846,0.666,cuda
disp26,ami,008,zoom,008_zoom,5,4,144,jpegmix,33.080274,0.834683,30.800731,0.937289,4,0.081123,32.382835,38.26214,32.79469,0.831934,0.358949,0.324658,0.66,cuda
disp26,ami,009,back,009_back,4,4,144,jpegmix,33.072238,0.841136,30.400081,0.935924,4,0.083726,32.135143,38.229433,33.174305,0.835683,0.359378,0.30056,0.68,cuda
disp26,ami,009,down,009_down,4,4,144,jpegmix,33.058895,0.840725,30.278159,0.941123,4,0.079785,32.257975,38.154882,33.339527,0.855985,0.392685,0.300641,0.645,cuda
disp26,ami,009,front,009_front,4,4,144,jpegmix,32.587236,0.834745,29.685702,0.940098,4,0.078156,31.386501,38.038001,32.474126,0.840078,0.351676,0.327201,0.684,cuda
disp26,ami,009,left,009_left,4,4,144,jpegmix,35.974251,0.886662,33.079777,0.968371,4,0.043759,34.797311,43.812505,36.531378,0.910434,0.34448,0.27952,0.669,cuda
disp26,ami,009,right,009_right,4,4,144,jpegmix,35.653729,0.886925,32.460917,0.970876,4,0.046603,34.212029,43.911709,35.969758,0.900208,0.33437,0.253136,0.66,cuda
disp26,ami,009,up,009_up,4,4,144,jpegmix,30.812508,0.795736,28.346581,0.924778,4,0.087724,29.545928,36.934093,32.179627,0.816638,0.377028,0.298926,0.68,cuda
disp26,ami,009,zoom,009_zoom,4,4,144,jpegmix,33.767659,0.8575,30.522679,0.945552,4,0.071179,32.992724,38.771221,33.966092,0.86504,0.379873,0.312634,0.682,cuda
disp26,ami,010,back,010_back,2,4,144,jpegmix,33.31779,0.800663,30.638307,0.928163,4,0.08184,32.48691,38.528821,32.897373,0.820064,0.461601,0.336426,0.674,cuda
disp26,ami,010,down,010_down,2,4,144,jpegmix,33.3696,0.816559,30.578634,0.933964,4,0.07748,32.735083,38.409561,32.986084,0.850511,0.468572,0.344697,0.672,cuda
disp26,ami,010,front,010_front,2,4,144,jpegmix,32.965389,0.804227,30.31749,0.935144,4,0.078664,32.139623,38.637067,32.724025,0.835008,0.435598,0.333048,0.66,cuda
disp26,ami,010,left,010_left,2,4,144,jpegmix,33.426737,0.819404,30.612229,0.936339,4,0.07406,32.898557,38.598399,33.041044,0.84505,0.455408,0.340861,0.682,cuda
disp26,ami,010,right,010_right,2,4,144,jpegmix,34.967338,0.85776,32.132353,0.962994,4,0.049524,33.444463,43.401353,35.026617,0.889724,0.382907,0.302327,0.668,cuda
disp26,ami,010,up,010_up,2,4,144,jpegmix,33.09302,0.81383,30.4167,0.935832,4,0.076404,32.323888,38.40584,33.078488,0.845424,0.445253,0.33696,0.644,cuda
disp26,ami,010,zoom,010_zoom,2,4,144,jpegmix,33.67695,0.831613,30.701136,0.940481,4,0.073397,33.013428,38.560844,33.468354,0.853305,0.44332,0.317786,0.674,cuda
disp26,ami,011,back,011_back,5,4,144,jpegmix,35.48071,0.888242,32.60799,0.970358,4,0.047087,34.2671,43.345891,35.627823,0.903923,0.328521,0.280242,0.66,cuda
disp26,ami,011,down,011_down,5,4,144,jpegmix,32.620635,0.813013,30.041738,0.934374,4,0.086186,31.867366,37.855153,32.76413,0.849853,0.426895,0.327218,0.666,cuda
disp26,ami,011,front,011_front,5,4,144,jpegmix,34.503736,0.865146,31.812932,0.967181,4,0.052487,33.23434,43.084044,35.743517,0.905732,0.341192,0.278962,0.674,cuda
disp26,ami,011,left,011_left,5,4,144,jpegmix,33.214326,0.815627,30.685183,0.93463,4,0.082397,32.567087,38.154994,33.260438,0.848292,0.428857,0.351553,0.682,cuda
disp26,ami,011,right,011_right,5,4,144,jpegmix,34.982248,0.870262,32.225765,0.964295,4,0.048024,33.700509,43.144161,35.447346,0.897972,0.328248,0.298319,0.659,cuda
disp26,ami,011,up,011_up,5,4,144,jpegmix,32.650177,0.814915,29.988534,0.934925,4,0.084239,31.649623,37.945239,32.77041,0.842242,0.44821,0.333298,0.662,cuda
disp26,ami,011,zoom,011_zoom,5,4,144,jpegmix,33.3439,0.848334,30.487958,0.944794,4,0.080288,32.780711,37.963075,33.249796,0.856883,0.44834,0.33413,0.648,cuda
disp26,ami,012,back,012_back,3,4,144,jpegmix,34.481314,0.865933,31.40093,0.942593,4,0.075387,33.881566,39.137378,32.298961,0.82482,0.309432,0.296583,0.661,cuda
disp26,ami,012,down,012_down,3,4,144,jpegmix,36.711526,0.908625,33.425141,0.972019,4,0.045883,35.030498,44.105605,35.138357,0.897136,0.226612,0.276233,0.671,cuda
disp26,ami,012,front,012_front,3,4,144,jpegmix,33.631995,0.852713,30.577431,0.939843,4,0.07998,32.803187,38.520749,31.972038,0.820961,0.322748,0.287111,0.689,cuda
disp26,ami,012,left,012_left,3,4,144,jpegmix,34.914306,0.877674,31.76386,0.947278,4,0.069846,34.220841,39.379591,32.922079,0.847337,0.296268,0.30069,0.684,cuda
disp26,ami,012,right,012_right,3,4,144,jpegmix,34.434275,0.871773,31.317824,0.944484,4,0.074031,33.783927,38.973002,32.168071,0.821986,0.329666,0.310122,0.671,cuda
disp26,ami,012,up,012_up,3,4,144,jpegmix,33.63913,0.843045,30.705073,0.934536,4,0.086242,32.725542,38.49498,32.376552,0.824115,0.353328,0.289729,0.692,cuda
disp26,ami,012,zoom,012_zoom,3,4,144,jpegmix,34.325959,0.864573,31.133194,0.943145,4,0.072367,33.820697,38.940015,32.812661,0.83896,0.338235,0.303723,0.656,cuda
disp26,ami,013,back,013_back,1,4,144,jpegmix,32.604797,0.816764,30.205856,0.928519,4,0.084623,31.450141,38.201348,33.191354,0.849596,0.402716,0.32708,0.691,cuda
disp26,ami,013,down,013_down,1,4,144,jpegmix,33.440961,0.834076,30.979058,0.934372,4,0.07884,32.692865,38.603286,32.857461,0.837129,0.415639,0.308394,0.653,cuda
disp26,ami,013,front,013_front,1,4,144,jpegmix,35.597124,0.88345,32.872304,0.966137,4,0.047055,34.242877,43.497722,36.259749,0.907947,0.322351,0.263712,0.681,cuda
disp26,ami,013,left,013_left,1,4,144,jpegmix,33.74671,0.834707,31.166903,0.929551,4,0.079827,33.006818,38.67224,33.174511,0.838615,0.415773,0.308788,0.659,cuda
disp26,ami,013,right,013_right,1,4,144,jpegmix,33.536691,0.837204,30.962219,0.930577,4,0.079622,32.858379,38.448296,33.309948,0.846858,0.408,0.291306,0.67,cuda
disp26,ami,013,up,013_up,1,4,144,jpegmix,32.726254,0.80889,30.270368,0.920652,4,0.085208,31.93942,37.902294,32.958429,0.84071,0.455865,0.320211,0.687,cuda
disp26,ami,013,zoom,013_zoom,1,4,144,jpegmix,36.240555,0.90198,33.322893,0.97291,4,0.042808,34.65331,44.575522,36.914405,0.916584,0.31033,0.246317,0.661,cuda
disp26,ami,014,back,014_back,5,4,144,jpegmix,35.022822,0.852662,31.936772,0.959874,4,0.046646,33.71292,43.19199,34.356209,0.852853,0.294595,0.287046,0.659,cuda
disp26,ami,014,down,014_down,5,4,144,jpegmix,35.494215,0.864415,32.479195,0.964852,4,0.049627,34.175972,43.683878,35.456421,0.88684,0.332299,0.279753,0.682,cuda
disp26,ami,014,front,014_front,5,4,144,jpegmix,35.608936,0.869893,32.376763,0.966035,4,0.048461,34.167596,43.671992,35.163365,0.877784,0.325659,0.294479,0.665,cuda
disp26,ami,014,left,014_left,5,4,144,jpegmix,33.646313,0.819584,30.79772,0.93574,4,0.0789,32.931352,38.901189,32.652882,0.821299,0.400686,0.334042,0.683,cuda
disp26,ami,014,right,014_right,5,4,144,jpegmix,35.753436,0.881729,32.750774,0.968109,4,0.047087,34.200479,43.774796,35.246898,0.879898,0.330761,0.278875,0.682,cuda
disp26,ami,014,up,014_up,5,4,144,jpegmix,35.062824,0.857909,32.225431,0.962633,4,0.051333,33.493342,43.624302,35.150799,0.871678,0.313025,0.29603,0.666,cuda
disp26,ami,014,zoom,014_zoom,5,4,144,jpegmix,35.293654,0.866683,32.115286,0.966654,4,0.049696,33.770185,43.734807,35.453568,0.877234,0.322453,0.277613,0.655,cuda
disp26,ami,018,back,018_back,1,4,144,jpegmix,34.44365,0.877394,31.416184,0.947367,4,0.073254,33.612133,39.236257,32.184799,0.844676,0.277363,0.316334,0.67,cuda
disp26,ami,018,down,018_down,1,4,144,jpegmix,34.268791,0.885316,31.453214,0.950237,4,0.068147,33.134416,39.082079,31.534323,0.831825,0.319679,0.326912,0.686,cuda
disp26,ami,018,front,018_front,1,4,144,jpegmix,37.004827,0.924137,33.788605,0.976962,4,0.037827,35.110223,44.853139,34.584764,0.897909,0.209807,0.294689,0.687,cuda
disp26,ami,018,left,018_left,1,4,144,jpegmix,35.794333,0.897879,32.722584,0.955739,4,0.063098,35.491714,40.154828,33.374889,0.854689,0.293642,0.321253,0.664,cuda
disp26,ami,018,right,018_right,1,4,144,jpegmix,36.897647,0.921937,33.552584,0.975641,4,0.040463,34.8831,44.665862,34.446645,0.896634,0.202569,0.289479,0.676,cuda
disp26,ami,018,up,018_up,1,4,144,jpegmix,36.806567,0.923329,33.676688,0.975376,4,0.039345,34.97327,44.570273,34.464276,0.90191,0.228872,0.302765,0.686,cuda
disp26,ami,018,zoom,018_zoom,1,4,144,jpegmix,36.416384,0.918924,33.357284,0.975362,4,0.039883,34.310997,44.410903,34.183632,0.898103,0.210523,0.303522,0.658,cuda
disp26,ami,019,back,019_back,4,4,144,jpegmix,32.629584,0.846111,30.153168,0.931653,4,0.083914,31.87787,37.635088,31.166937,0.804818,0.307986,0.316286,0.686,cuda
disp26,ami,019,down,019_down,4,4,144,jpegmix,32.211156,0.835247,29.707169,0.939892,4,0.085804,30.989494,37.495858,30.699394,0.806854,0.343996,0.333926,0.666,cuda
disp26,ami,019,front,019_front,4,4,144,jpegmix,32.178956,0.826725,29.609828,0.93515,4,0.088293,31.119681,37.381632,31.173365,0.808351,0.355463,0.340774,0.655,cuda
disp26,ami,019,left,019_left,4,4,144,jpegmix,34.651834,0.894727,32.060204,0.972327,4,0.050751,32.712757,43.568375,34.306595,0.898195,0.256029,0.289893,0.637,cuda
disp26,ami,019,right,019_right,4,4,144,jpegmix,34.575594,0.894092,31.916106,0.969135,4,0.048874,32.379195,43.433868,33.726845,0.872613,0.271267,0.276179,0.67,cuda
disp26,ami,019,up,019_up,4,4,144,jpegmix,34.682484,0.889587,32.094821,0.969472,4,0.048337,32.635883,43.394952,34.277087,0.893693,0.271763,0.292776,0.651,cuda
disp26,ami,019,zoom,019_zoom,4,4,144,jpegmix,31.998532,0.828722,29.429749,0.933503,4,0.089197,30.933911,36.876708,32.042169,0.829664,0.397416,0.349515,0.662,cuda
disp26,ami,020,back,020_back,1,4,144,jpegmix,36.386678,0.89564,33.357848,0.967606,4,0.044588,35.133009,43.372145,35.395382,0.902321,0.225285,0.241384,0.655,cuda
disp26,ami,020,down,020_down,1,4,144,jpegmix,35.697898,0.879973,32.999629,0.965699,4,0.050755,34.362113,43.679432,35.284706,0.897178,0.287709,0.271302,0.677,cuda
disp26,ami,020,front,020_front,1,4,144,jpegmix,33.781486,0.840536,31.034449,0.938052,4,0.075768,33.382882,38.542634,32.682588,0.833426,0.366091,0.319529,0.656,cuda
disp26,ami,020,left,020_left,1,4,144,jpegmix,34.326689,0.855062,31.595514,0.94201,4,0.07695,34.041998,38.818314,33.211602,0.847303,0.377931,0.314771,0.666,cuda
disp26,ami,020,right,020_right,1,4,144,jpegmix,33.419716,0.843778,30.539907,0.938498,4,0.0868,32.844104,37.842672,31.962677,0.826813,0.394862,0.285623,0.668,cuda
disp26,ami,020,up,020_up,1,4,144,jpegmix,33.475983,0.830256,30.875298,0.931284,4,0.081434,33.026957,38.105485,32.949399,0.836653,0.385324,0.310701,0.664,cuda
disp26,ami,020,zoom,020_zoom,1,4,144,jpegmix,36.361595,0.899529,33.302399,0.971746,4,0.046949,35.158005,43.598638,35.762163,0.902679,0.289171,0.266772,0.654,cuda
disp26,ami,021,back,021_back,2,4,144,jpegmix,35.440231,0.857723,32.932658,0.957999,4,0.051952,33.943009,43.642178,36.163684,0.904162,0.338468,0.283548,0.693,cuda
disp26,ami,021,down,021_down,2,4,144,jpegmix,33.589462,0.819974,31.36318,0.932044,4,0.076034,32.912771,38.847241,33.443207,0.842992,0.433475,0.314865,0.659,cuda
disp26,ami,021,front,021_front,2,4,144,jpegmix,34.00852,0.827671,31.631631,0.929057,4,0.073393,33.549234,38.983496,33.586372,0.843856,0.39032,0.317964,0.677,cuda
disp26,ami,021,left,021_left,2,4,144,jpegmix,34.688381,0.845229,32.29077,0.938586,4,0.074266,33.906707,39.702945,34.906481,0.870466,0.405295,0.338354,0.664,cuda
disp26,ami,021,right,021_right,2,4,144,jpegmix,36.184119,0.877641,33.557695,0.963922,4,0.049414,34.973453,43.726381,36.19294,0.905635,0.3163,0.275404,0.66,cuda
disp26,ami,021,up,021_up,2,4,144,jpegmix,35.479573,0.864717,33.055809,0.961512,4,0.052625,34.247974,43.767151,36.163873,0.899786,0.286116,0.28228,0.652,cuda
disp26,ami,021,zoom,021_zoom,2,4,144,jpegmix,36.71217,0.89228,34.006492,0.967802,4,0.046335,35.392984,44.322427,36.965245,0.917411,0.302255,0.297274,0.679,cuda
disp26,ami,022,back,022_back,2,4,144,jpegmix,38.597276,0.934425,34.978078,0.979434,4,0.03389,37.342946,45.299157,36.715901,0.920466,0.197532,0.255616,0.674,cuda
disp26,ami,022,down,022_down,2,4,144,jpegmix,35.285451,0.88843,32.08572,0.948391,4,0.068517,34.908326,39.479196,32.840165,0.842412,0.272284,0.296953,0.672,cuda
disp26,ami,022,front,022_front,2,4,144,jpegmix,37.906527,0.929708,34.260333,0.97812,4,0.037877,36.332461,44.718738,35.985055,0.91789,0.208753,0.25694,0.687,cuda
disp26,ami,022,left,022_left,2,4,144,jpegmix,36.149112,0.900386,32.802025,0.954648,4,0.065037,35.804418,40.304894,33.799057,0.856571,0.279503,0.287981,0.676,cuda
disp26,ami,022,right,022_right,2,4,144,jpegmix,34.69126,0.882749,31.847837,0.946725,4,0.07304,34.239436,38.99031,32.244,0.830779,0.31549,0.288092,0.675,cuda
disp26,ami,022,up,022_up,2,4,144,jpegmix,34.898206,0.885651,31.90214,0.950611,4,0.069629,34.222037,39.339396,32.933967,0.852853,0.310288,0.27917,0.674,cuda
disp26,ami,022,zoom,022_zoom,2,4,144,jpegmix,35.164715,0.889256,31.73028,0.951399,4,0.070878,34.705726,39.316177,33.158496,0.862585,0.272318,0.28251,0.678,cuda
disp26,ami,023,back,023_back,5,4,144,jpegmix,33.044508,0.811226,30.472438,0.930653,4,0.087564,32.38464,38.249856,32.702181,0.835031,0.361359,0.289109,0.694,cuda
disp26,ami,023,down,023_down,5,4,144,jpegmix,36.166516,0.887024,33.396323,0.969029,4,0.046162,34.754809,44.224881,36.986997,0.929521,0.270999,0.275959,0.676,cuda
disp26,ami,023,front,023_front,5,4,144,jpegmix,35.946494,0.879965,33.067443,0.966176,4,0.047345,34.701134,43.725924,36.663908,0.919222,0.273886,0.271612,0.659,cuda
disp26,ami,023,left,023_left,5,4,144,jpegmix,35.415424,0.867054,32.582623,0.943374,4,0.066755,34.976503,39.822349,34.554122,0.866409,0.417969,0.321167,0.645,cuda
disp26,ami,023,right,023_right,5,4,144,jpegmix,35.655191,0.879944,32.809641,0.965856,4,0.050671,34.25584,43.395353,35.714197,0.910948,0.277634,0.26248,0.688,cuda
disp26,ami,023,up,023_up,5,4,144,jpegmix,35.518279,0.872931,32.768414,0.964304,4,0.050192,34.138722,43.671315,35.948586,0.912753,0.273716,0.264014,0.673,cuda
disp26,ami,023,zoom,023_zoom,5,4,144,jpegmix,34.200801,0.858549,31.335252,0.9426,4,0.075347,33.884449,38.424369,34.477683,0.882223,0.322986,0.326441,0.652,cuda
disp26,ami,024,back,024_back,3,4,144,jpegmix,34.03023,0.847935,31.290267,0.938311,4,0.080722,33.430657,38.710575,32.285517,0.826527,0.321814,0.294835,0.649,cuda
disp26,ami,024,down,024_down,3,4,144,jpegmix,34.452791,0.865685,31.399815,0.94252,4,0.07506,33.526271,39.008174,32.22058,0.836479,0.332576,0.316171,0.663,cuda
disp26,ami,024,front,024_front,3,4,144,jpegmix,36.560961,0.898418,33.474161,0.970989,4,0.046104,34.883759,44.47172,35.229881,0.8991,0.249112,0.266004,0.666,cuda
disp26,ami,024,left,024_left,3,4,144,jpegmix,34.288225,0.853419,31.407993,0.938607,4,0.076797,33.522292,38.987559,32.150202,0.819145,0.340574,0.311131,0.643,cuda
disp26,ami,024,right,024_right,3,4,144,jpegmix,34.689171,0.882418,31.426703,0.952773,4,0.074173,33.63767,39.381536,32.661606,0.855117,0.269887,0.292346,0.674,cuda
disp26,ami,024,up,024_up,3,4,144,jpegmix,33.760711,0.848279,30.824018,0.937079,4,0.082241,32.805143,38.716089,32.513949,0.829703,0.351325,0.305628,0.675,cuda
disp26,ami,024,zoom,024_zoom,3,4,144,jpegmix,33.848468,0.855063,30.828194,0.943405,4,0.080453,32.961692,38.441521,32.099943,0.832999,0.302214,0.315103,0.65,cuda
disp26,ami,025,back,025_back,2,4,144,jpegmix,35.061262,0.872514,32.658376,0.962698,4,0.050782,33.520442,43.155659,35.058665,0.896871,0.248094,0.282441,0.656,cuda
disp26,ami,025,down,025_down,2,4,144,jpegmix,33.105394,0.834419,30.746926,0.934108,4,0.089151,32.353274,37.897995,32.358221,0.839086,0.325425,0.300049,0.681,cuda
disp26,ami,025,front,025_front,2,4,144,jpegmix,35.444681,0.887196,32.923962,0.969613,4,0.053201,34.001405,43.240338,36.476913,0.918699,0.237958,0.241678,0.67,cuda
disp26,ami,025,left,025_left,2,4,144,jpegmix,33.705765,0.841308,31.357434,0.935734,4,0.087084,33.166573,38.473361,33.059826,0.8439,0.352743,0.314326,0.658,cuda
disp26,ami,025,right,025_right,2,4,144,jpegmix,32.978327,0.83283,30.414354,0.93296,4,0.094021,32.12697,37.659281,32.482276,0.841352,0.321324,0.294192,0.654,cuda
disp26,ami,025,up,025_up,2,4,144,jpegmix,32.562096,0.814401,30.27287,0.929061,4,0.097886,31.790567,37.264065,32.629442,0.847313,0.373083,0.312675,0.688,cuda
disp26,ami,025,zoom,025_zoom,2,4,144,jpegmix,34.09678,0.86974,31.461269,0.948229,4,0.073985,33.803751,38.195923,34.30188,0.880874,0.299578,0.313619,0.656,cuda
disp26,ami,026,back,026_back,1,4,144,jpegmix,36.253335,0.895418,32.941478,0.97034,4,0.04713,34.495307,44.108716,35.273908,0.899303,0.252482,0.254257,0.669,cuda
disp26,ami,026,down,026_down,1,4,144,jpegmix,37.526251,0.917151,33.91623,0.975741,4,0.03518,36.20702,44.265179,36.78513,0.928935,0.248005,0.25159,0.687,cuda
disp26,ami,026,front,026_front,1,4,144,jpegmix,33.842023,0.853999,30.881284,0.939825,4,0.075855,33.275051,38.29405,32.401151,0.850425,0.35577,0.305954,0.664,cuda
disp26,ami,026,left,026_left,1,4,144,jpegmix,35.282453,0.883086,32.109928,0.948875,4,0.066533,35.059629,39.395685,33.526571,0.861141,0.332343,0.307253,0.688,cuda
disp26,ami,026,right,026_right,1,4,144,jpegmix,34.585357,0.866453,31.466877,0.94423,4,0.072253,33.834041,39.141399,33.2589,0.857323,0.349457,0.28999,0.678,cuda
disp26,ami,026,up,026_up,1,4,144,jpegmix,36.669499,0.903734,33.42247,0.973417,4,0.039358,35.178018,44.224954,36.286513,0.91718,0.252086,0.264254,0.654,cuda
disp26,ami,026,zoom,026_zoom,1,4,144,jpegmix,37.440124,0.921704,33.592027,0.97898,4,0.034935,35.923835,44.434449,37.148357,0.927991,0.265828,0.249885,0.694,cuda
disp26,ami,027,back,027_back,3,4,144,jpegmix,37.052068,0.909916,34.081492,0.973895,4,0.03898,35.449688,44.117066,35.631407,0.900751,0.221877,0.262989,0.68,cuda
disp26,ami,027,down,027_down,3,4,144,jpegmix,33.969156,0.851227,31.413363,0.945541,4,0.076667,33.128977,38.768244,32.942807,0.852699,0.357943,0.337532,0.669,cuda
disp26,ami,027,front,027_front,3,4,144,jpegmix,33.937385,0.850663,31.314278,0.943958,4,0.078955,33.17071,38.617669,33.159935,0.847939,0.302858,0.329379,0.663,cuda
disp26,ami,027,left,027_left,3,4,144,jpegmix,36.080669,0.897694,33.336681,0.972865,4,0.045969,34.228688,44.029741,35.241142,0.910988,0.215004,0.278909,0.69,cuda
disp26,ami,027,right,027_right,3,4,144,jpegmix,36.059112,0.893469,33.288434,0.971616,4,0.042948,34.264947,43.802092,35.837794,0.903258,0.23789,0.269117,0.667,cuda
disp26,ami,027,up,027_up,3,4,144,jpegmix,36.186746,0.895228,33.42394,0.973259,4,0.042825,34.432536,44.069376,35.7253,0.90504,0.227827,0.268123,0.667,cuda
disp26,ami,027,zoom,027_zoom,3,4,144,jpegmix,33.848975,0.854127,31.147619,0.947015,4,0.079436,33.132373,38.47344,33.261232,0.853652,0.311218,0.308393,0.653,cuda
disp26,ami,028,back,028_back,2,4,144,jpegmix,33.53689,0.858584,30.880818,0.93441,4,0.076531,32.897185,38.402103,31.936302,0.824446,0.317998,0.319139,0.652,cuda
disp26,ami,028,down,028_down,2,4,144,jpegmix,35.154556,0.884923,32.557207,0.967571,4,0.046911,33.603541,43.493594,33.483531,0.879982,0.262047,0.299494,0.687,cuda
disp26,ami,028,front,028_front,2,4,144,jpegmix,32.812041,0.823799,30.484225,0.927731,4,0.089671,31.743262,37.936206,30.782482,0.790099,0.388397,0.325855,0.663,cuda
disp26,ami,028,left,028_left,2,4,144,jpegmix,33.46953,0.85537,30.972817,0.939644,4,0.072397,32.453587,38.621626,31.332973,0.816679,0.401835,0.326412,0.655,cuda
disp26,ami,028,right,028_right,2,4,144,jpegmix,34.384747,0.861144,31.864457,0.956737,4,0.055525,32.666624,42.659254,33.294343,0.865278,0.303419,0.252976,0.678,cuda
disp26,ami,028,up,028_up,2,4,144,jpegmix,34.960718,0.875458,32.39263,0.962136,4,0.05147,33.455998,43.386975,34.58178,0.87374,0.258329,0.265701,0.652,cuda
disp26,ami,028,zoom,028_zoom,2,4,144,jpegmix,33.171737,0.839102,30.61768,0.931363,4,0.081501,32.403929,37.93961,31.774244,0.819247,0.362236,0.335002,0.673,cuda
disp26,ami,029,back,029_back,5,4,144,jpegmix,33.213436,0.800086,30.294543,0.919731,4,0.087099,32.396984,38.28883,32.604551,0.814184,0.424652,0.322365,0.659,cuda
disp26,ami,029,down,029_down,5,4,144,jpegmix,35.223617,0.866447,32.424393,0.962732,4,0.0488,33.658999,43.795139,35.230852,0.898775,0.314687,0.303507,0.643,cuda
disp26,ami,029,front,029_front,5,4,144,jpegmix,34.996609,0.859633,32.19678,0.960547,4,0.051799,33.466184,43.518571,35.308612,0.893011,0.309426,0.297495,0.674,cuda
disp26,ami,029,left,029_left,5,4,144,jpegmix,33.616211,0.820547,30.804902,0.929585,4,0.078849,33.058354,38.619059,32.763491,0.827629,0.420982,0.341707,0.658,cuda
disp26,ami,029,right,029_right,5,4,144,jpegmix,33.343522,0.814183,30.409151,0.926084,4,0.080733,32.814003,38.197797,32.646541,0.823581,0.434196,0.332309,0.677,cuda
disp26,ami,029,up,029_up,5,4,144,jpegmix,34.67332,0.850533,32.035101,0.958338,4,0.054441,33.151477,43.400751,35.265686,0.88176,0.320116,0.274153,0.664,cuda
disp26,ami,029,zoom,029_zoom,5,4,144,jpegmix,33.603958,0.826416,30.700373,0.931371,4,0.078708,33.063465,38.402239,33.598951,0.85176,0.439751,0.338126,0.653,cuda
disp26,ami,030,back,030_back,1,4,144,jpegmix,33.853513,0.84548,30.648185,0.944019,4,0.075508,33.210843,38.513216,32.691684,0.845107,0.363693,0.322971,0.675,cuda
disp26,ami,030,down,030_down,1,4,144,jpegmix,33.898075,0.839113,31.028865,0.937559,4,0.078772,33.165274,38.606276,32.435951,0.833956,0.373378,0.333243,0.661,cuda
disp26,ami,030,front,030_front,1,4,144,jpegmix,33.673828,0.839484,30.808888,0.93807,4,0.077668,32.934125,38.553781,32.444537,0.822889,0.349697,0.29847,0.665,cuda
disp26,ami,030,left,030_left,1,4,144,jpegmix,36.544396,0.891206,33.523927,0.97101,4,0.043205,35.202145,44.191754,36.246476,0.905955,0.270107,0.280513,0.669,cuda
disp26,ami,030,right,030_right,1,4,144,jpegmix,33.426475,0.839018,30.495352,0.939141,4,0.079071,32.612628,38.220361,32.446687,0.832972,0.35589,0.287019,0.663,cuda
disp26,ami,030,up,030_up,1,4,144,jpegmix,34.917504,0.866659,32.181392,0.963436,4,0.049445,33.379562,43.339195,35.336407,0.887328,0.284542,0.280602,0.652,cuda
disp26,ami,030,zoom,030_zoom,1,4,144,jpegmix,33.707845,0.846805,30.874906,0.945168,4,0.074303,33.116712,38.444076,33.055762,0.843946,0.379633,0.314632,0.686,cuda
disp26,ami,031,back,031_back,5,4,144,jpegmix,33.686195,0.845399,30.718394,0.93788,4,0.078834,33.159981,38.393351,32.368999,0.829557,0.342434,0.306408,0.663,cuda
disp26,ami,031,down,031_down,5,4,144,jpegmix,35.598689,0.890681,32.572068,0.971539,4,0.044874,34.225134,43.353708,34.59268,0.882113,0.293681,0.28163,0.653,cuda
disp26,ami,031,front,031_front,5,4,144,jpegmix,35.431455,0.888514,32.40856,0.970804,4,0.047319,33.815122,43.567086,34.406465,0.878743,0.276373,0.268253,0.676,cuda
disp26,ami,031,left,031_left,5,4,144,jpegmix,33.322582,0.844763,30.533819,0.942638,4,0.074951,32.81233,38.109981,31.877763,0.821182,0.361516,0.325626,0.669,cuda
disp26,ami,031,right,031_right,5,4,144,jpegmix,33.514195,0.839621,30.630618,0.938024,4,0.081116,32.850751,38.179325,32.188963,0.814849,0.384833,0.325809,0.672,cuda
disp26,ami,031,up,031_up,5,4,144,jpegmix,33.262642,0.836099,30.452034,0.936548,4,0.078635,32.839835,38.126206,32.018186,0.812316,0.379085,0.29312,0.658,cuda
disp26,ami,031,zoom,031_zoom,5,4,144,jpegmix,33.543042,0.84981,30.650963,0.942257,4,0.073476,33.331452,38.188549,32.559439,0.830483,0.397048,0.331915,0.644,cuda
disp26,ami,032,back,032_back,3,4,144,jpegmix,37.046328,0.918895,33.411896,0.975145,4,0.042455,35.24261,44.303443,34.939528,0.903582,0.192108,0.255214,0.683,cuda
disp26,ami,032,down,032_down,3,4,144,jpegmix,36.806196,0.918706,33.369214,0.975139,4,0.043045,34.855083,44.68521,34.469116,0.892478,0.208866,0.253759,0.66,cuda
disp26,ami,032,front,032_front,3,4,144,jpegmix,34.407555,0.881018,30.991835,0.950409,4,0.07401,33.36716,39.11493,32.16543,0.84434,0.267175,0.309445,0.653,cuda
disp26,ami,032,left,032_left,3,4,144,jpegmix,34.290111,0.880337,31.006926,0.948105,4,0.076846,33.066415,39.210421,31.778155,0.835099,0.25041,0.306187,0.686,cuda
disp26,ami,032,right,032_right,3,4,144,jpegmix,36.683086,0.919158,33.001489,0.973466,4,0.046624,34.909324,43.899595,34.370545,0.894823,0.212608,0.252866,0.672,cuda
disp26,ami,032,up,032_up,3,4,144,jpegmix,34.086381,0.876597,30.763936,0.946543,4,0.079858,33.176036,38.562391,32.068474,0.835878,0.281874,0.306447,0.662,cuda
disp26,ami,032,zoom,032_zoom,3,4,144,jpegmix,36.956093,0.924633,33.334828,0.977301,4,0.038329,35.047822,44.272949,35.159049,0.909201,0.188438,0.253372,0.647,cuda
disp26,ami,033,back,033_back,3,4,144,jpegmix,34.829828,0.869829,31.958829,0.942796,4,0.074971,34.613687,39.217434,33.127227,0.843821,0.332322,0.294156,0.688,cuda
disp26,ami,033,down,033_down,3,4,144,jpegmix,37.281489,0.916926,34.112937,0.975402,4,0.037735,35.767639,44.318295,36.133151,0.915441,0.243712,0.267121,0.674,cuda
disp26,ami,033,front,033_front,3,4,144,jpegmix,34.775979,0.868034,31.923945,0.94634,4,0.071107,34.368851,39.00141,33.283025,0.848276,0.35266,0.310181,0.676,cuda
disp26,ami,033,left,033_left,3,4,144,jpegmix,38.467364,0.927179,35.033624,0.976711,4,0.038993,37.316927,45.222286,37.394076,0.923562,0.22089,0.28442,0.652,cuda
disp26,ami,033,right,033_right,3,4,144,jpegmix,34.122203,0.859183,31.275037,0.941489,4,0.077153,33.483531,38.653658,32.252809,0.822581,0.339486,0.299212,0.657,cuda
disp26,ami,033,up,033_up,3,4,144,jpegmix,34.731721,0.867263,31.818195,0.943173,4,0.074609,34.390319,39.005182,33.415811,0.845575,0.332717,0.305424,0.641,cuda
disp26,ami,033,zoom,033_zoom,3,4,144,jpegmix,37.50338,0.91389,34.196035,0.9744,4,0.034039,36.181304,44.529694,36.646053,0.906072,0.255849,0.264905,0.658,cuda
disp26,ami,034,back,034_back,4,4,144,jpegmix,32.212518,0.799345,29.961427,0.926395,4,0.09001,31.399772,37.703199,32.696951,0.834521,0.377131,0.303633,0.692,cuda
disp26,ami,034,down,034_down,4,4,144,jpegmix,34.316542,0.865887,32.111222,0.965434,4,0.05758,33.079664,43.332396,35.983594,0.917185,0.28858,0.272928,0.651,cuda
disp26,ami,034,front,034_front,4,4,144,jpegmix,34.252574,0.86112,32.00876,0.962786,4,0.061906,32.931904,43.276226,35.871946,0.911941,0.277819,0.267408,0.683,cuda
disp26,ami,034,left,034_left,4,4,144,jpegmix,32.464442,0.805517,30.37276,0.926691,4,0.094434,31.790405,37.882691,33.054278,0.843233,0.396444,0.328059,0.659,cuda
disp26,ami,034,right,034_right,4,4,144,jpegmix,34.299188,0.858468,31.962568,0.961255,4,0.05867,32.796872,43.192438,35.421186,0.905983,0.25636,0.260934,0.669,cuda
disp26,ami,034,up,034_up,4,4,144,jpegmix,33.582392,0.849783,31.42834,0.960718,4,0.062125,32.309072,42.814597,35.860736,0.908076,0.255385,0.258868,0.661,cuda
disp26,ami,034,zoom,034_zoom,4,4,144,jpegmix,33.44635,0.848237,31.062751,0.943269,4,0.083138,32.934986,38.26564,34.221079,0.879164,0.337827,0.316582,0.669,cuda
disp26,ami,035,back,035_back,5,4,144,jpegmix,38.081433,0.921493,34.428448,0.9761,4,0.034614,36.850931,44.74445,36.887071,0.922741,0.210858,0.261096,0.683,cuda
disp26,ami,035,down,035_down,5,4,144,jpegmix,35.55917,0.890647,32.299765,0.953491,4,0.057574,35.319018,39.671967,34.005971,0.878273,0.314594,0.338857,0.676,cuda
disp26,ami,035,front,035_front,5,4,144,jpegmix,37.914742,0.920054,34.466217,0.976286,4,0.034859,36.552689,44.713025,36.934968,0.927514,0.243919,0.273321,0.672,cuda
disp26,ami,035,left,035_left,5,4,144,jpegmix,38.349025,0.926396,34.687573,0.977669,4,0.032234,37.081,45.010606,37.061625,0.922828,0.259984,0.284938,0.675,cuda
disp26,ami,035,right,035_right,5,4,144,jpegmix,35.053815,0.876944,31.800409,0.94663,4,0.073466,34.460521,39.453574,33.115752,0.854522,0.30888,0.302302,0.648,cuda
disp26,ami,035,up,035_up,5,4,144,jpegmix,35.119629,0.881641,31.877675,0.949659,4,0.062463,34.633122,39.420544,33.420539,0.863236,0.316569,0.309959,0.663,cuda
disp26,ami,035,zoom,035_zoom,5,4,144,jpegmix,37.994278,0.92352,34.457476,0.978246,4,0.033645,36.683678,44.844213,37.431465,0.930043,0.253619,0.275045,0.653,cuda
disp26,ami,036,back,036_back,2,4,144,jpegmix,36.026518,0.883598,33.488014,0.964853,4,0.049407,34.630725,43.54363,35.607459,0.904551,0.246004,0.276122,0.681,cuda
disp26,ami,036,down,036_down,2,4,144,jpegmix,34.138056,0.846335,32.004701,0.934015,4,0.081932,33.428292,38.954239,33.310896,0.853346,0.410516,0.345707,0.683,cuda
disp26,ami,036,front,036_front,2,4,144,jpegmix,34.068289,0.845343,31.923555,0.933194,4,0.082807,33.31852,38.854305,33.24433,0.849077,0.383493,0.356145,0.658,cuda
disp26,ami,036,left,036_left,2,4,144,jpegmix,36.966678,0.898652,34.64244,0.969514,4,0.047152,35.633342,44.626654,37.557495,0.924615,0.267083,0.259646,0.68,cuda
disp26,ami,036,right,036_right,2,4,144,jpegmix,37.11892,0.908208,34.383778,0.973637,4,0.037156,35.810458,44.644843,36.643185,0.92265,0.266869,0.274037,0.688,cuda
disp26,ami,036,up,036_up,2,4,144,jpegmix,33.404994,0.82404,31.342044,0.927851,4,0.088798,32.373217,38.427257,33.148727,0.850888,0.354844,0.305513,0.647,cuda
disp26,ami,036,zoom,036_zoom,2,4,144,jpegmix,34.601555,0.862578,32.35205,0.9402,4,0.082351,33.851987,39.160998,34.160995,0.873631,0.351322,0.327884,0.672,cuda
disp26,ami,037,back,037_back,2,4,144,jpegmix,35.945968,0.868587,33.418582,0.964369,4,0.042609,34.25322,44.474732,35.919573,0.908783,0.354545,0.259636,0.683,cuda
disp26,ami,037,down,037_down,2,4,144,jpegmix,34.116261,0.841893,31.70256,0.935623,4,0.073228,33.262898,38.961049,32.69222,0.853056,0.395865,0.303826,0.655,cuda
disp26,ami,037,front,037_front,2,4,144,jpegmix,36.468392,0.884764,33.887315,0.968617,4,0.039084,34.88662,44.595612,36.335904,0.923404,0.341253,0.272747,0.664,cuda
disp26,ami,037,left,037_left,2,4,144,jpegmix,34.385515,0.843189,32.19584,0.937893,4,0.071105,33.441848,39.471488,33.085352,0.849126,0.435428,0.298435,0.664,cuda
disp26,ami,037,right,037_right,2,4,144,jpegmix,34.131683,0.844642,31.684998,0.935144,4,0.079139,33.452188,38.745153,32.908431,0.848928,0.439818,0.323395,0.653,cuda
disp26,ami,037,up,037_up,2,4,144,jpegmix,36.418926,0.880561,33.875999,0.967223,4,0.038986,34.9525,44.488994,36.832078,0.925956,0.32503,0.261811,0.649,cuda
disp26,ami,037,zoom,037_zoom,2,4,144,jpegmix,34.542535,0.860333,32.019255,0.943293,4,0.068392,33.846742,39.154743,33.483593,0.876541,0.344712,0.295141,0.677,cuda
disp26,ami,038,back,038_back,2,4,144,jpegmix,33.591666,0.835513,31.062825,0.93018,4,0.090889,32.81601,38.224624,32.181215,0.818808,0.359821,0.298926,0.647,cuda
disp26,ami,038,down,038_down,2,4,144,jpegmix,34.881419,0.863521,32.51543,0.963199,4,0.053527,33.548025,43.010507,35.723178,0.906962,0.278532,0.270054,0.665,cuda
disp26,ami,038,front,038_front,2,4,144,jpegmix,33.038929,0.810586,30.831625,0.924996,4,0.088684,32.458578,38.025547,32.488796,0.829111,0.390205,0.308219,0.641,cuda
disp26,ami,038,left,038_left,2,4,144,jpegmix,35.891757,0.878032,33.478463,0.965773,4,0.048793,34.463918,43.931685,36.729982,0.915487,0.294291,0.299624,0.673,cuda
disp26,ami,038,right,038_right,2,4,144,jpegmix,35.930632,0.887193,33.188303,0.968358,4,0.048985,34.30859,44.217758,35.416785,0.903579,0.264948,0.258953,0.688,cuda
disp26,ami,038,up,038_up,2,4,144,jpegmix,32.906332,0.807919,30.639257,0.926455,4,0.090056,32.16167,37.787876,32.323948,0.820304,0.358643,0.308757,0.658,cuda
disp26,ami,038,zoom,038_zoom,2,4,144,jpegmix,33.817011,0.841652,31.321346,0.937875,4,0.082653,33.323382,38.383464,33.132106,0.852775,0.343659,0.329618,0.655,cuda
disp26,ami,039,back,039_back,2,4,144,jpegmix,36.883924,0.912303,33.838424,0.973126,4,0.041001,35.587397,43.655477,35.473335,0.911103,0.215728,0.248835,0.681,cuda
disp26,ami,039,down,039_down,2,4,144,jpegmix,34.146874,0.869945,31.332739,0.947489,4,0.071323,33.367658,38.838498,32.741551,0.846196,0.321726,0.298095,0.671,cuda
disp26,ami,039,front,039_front,2,4,144,jpegmix,34.672227,0.875533,31.678491,0.947644,4,0.068393,34.337957,38.869871,32.924596,0.851723,0.311494,0.280288,0.656,cuda
disp26,ami,039,left,039_left,2,4,144,jpegmix,35.528498,0.888086,32.377683,0.953519,4,0.063837,35.058474,39.912371,34.244698,0.867614,0.295447,0.288362,0.67,cuda
disp26,ami,039,right,039_right,2,4,144,jpegmix,37.22372,0.919148,33.990256,0.97644,4,0.037049,35.58852,44.232361,35.849864,0.916,0.224513,0.273518,0.677,cuda
disp26,ami,039,up,039_up,2,4,144,jpegmix,37.210183,0.912889,33.879164,0.974135,4,0.03835,35.986451,44.224609,36.052715,0.912232,0.218015,0.260867,0.677,cuda
disp26,ami,039,zoom,039_zoom,2,4,144,jpegmix,35.130533,0.885101,31.737431,0.952225,4,0.070106,34.802434,39.142497,33.581572,0.860919,0.270767,0.310805,0.657,cuda
disp26,ami,040,back,040_back,4,4,144,jpegmix,34.106674,0.857023,31.070978,0.936837,4,0.076858,33.504332,38.614242,32.577494,0.823006,0.346368,0.31577,0.675,cuda
disp26,ami,040,down,040_down,4,4,144,jpegmix,36.15141,0.900028,32.965408,0.970457,4,0.044882,35.024308,43.484653,35.266834,0.903519,0.289047,0.269432,0.662,cuda
disp26,ami,040,front,040_front,4,4,144,jpegmix,36.492422,0.905223,33.321626,0.971965,4,0.041402,35.268728,43.80713,35.57334,0.905695,0.2598,0.261174,0.657,cuda
disp26,ami,040,left,040_left,4,4,144,jpegmix,34.861621,0.876896,31.924547,0.950106,4,0.066513,34.527961,39.415091,33.248549,0.848534,0.363603,0.316237,0.64,cuda
disp26,ami,040,right,040_right,4,4,144,jpegmix,34.201314,0.868358,31.053411,0.946105,4,0.073713,33.771442,38.605133,32.40762,0.83722,0.349986,0.328395,0.662,cuda
disp26,ami,040,up,040_up,4,4,144,jpegmix,33.968438,0.863946,30.873293,0.944277,4,0.069681,33.426762,38.511391,32.280512,0.8377,0.354523,0.324636,0.651,cuda
disp26,ami,040,zoom,040_zoom,4,4,144,jpegmix,36.675138,0.909952,33.347871,0.973638,4,0.043582,35.490168,43.572089,36.21724,0.914615,0.273107,0.259007,0.648,cuda
disp26,ami,041,back,041_back,5,4,144,jpegmix,36.100672,0.889387,33.362905,0.969558,4,0.043709,34.876753,43.575429,35.928448,0.91187,0.249137,0.258316,0.671,cuda
disp26,ami,041,down,041_down,5,4,144,jpegmix,36.799452,0.902373,34.091953,0.972696,4,0.039534,35.49084,44.42278,36.974249,0.92938,0.292923,0.271239,0.645,cuda
disp26,ami,041,front,041_front,5,4,144,jpegmix,34.129192,0.85626,31.341548,0.942584,4,0.071793,33.940509,38.553198,33.440224,0.867197,0.379668,0.317275,0.67,cuda
disp26,ami,041,left,041_left,5,4,144,jpegmix,38.055969,0.916141,34.975596,0.973865,4,0.034926,37.080379,44.874796,38.218655,0.934992,0.292187,0.275568,0.652,cuda
disp26,ami,041,right,041_right,5,4,144,jpegmix,33.973655,0.849465,31.02269,0.937278,4,0.078375,33.612229,38.480294,32.957988,0.847774,0.351361,0.299531,0.648,cuda
disp26,ami,041,up,041_up,5,4,144,jpegmix,36.229617,0.893859,33.398089,0.9706,4,0.044284,34.977474,43.690523,36.425537,0.917441,0.283347,0.259838,0.66,cuda
disp26,ami,041,zoom,041_zoom,5,4,144,jpegmix,34.614289,0.870476,31.736493,0.947914,4,0.071823,34.282832,38.795129,34.317545,0.879718,0.378819,0.333797,0.673,cuda
disp26,ami,042,back,042_back,4,4,144,jpegmix,32.630728,0.806429,30.211298,0.922287,4,0.093542,31.77029,37.633107,31.928764,0.82474,0.361786,0.283752,0.656,cuda
disp26,ami,042,down,042_down,4,4,144,jpegmix,35.088097,0.873191,32.72417,0.965648,4,0.055493,33.674862,43.400813,35.653049,0.910256,0.263594,0.256975,0.668,cuda
disp26,ami,042,front,042_front,4,4,144,jpegmix,32.307477,0.791932,30.143556,0.924679,4,0.097581,31.383352,37.682514,32.40451,0.840238,0.382849,0.319555,0.682,cuda
disp26,ami,042,left,042_left,4,4,144,jpegmix,33.973519,0.839627,31.679688,0.938519,4,0.080133,32.958996,39.155271,33.678036,0.858369,0.38746,0.309492,0.665,cuda
disp26,ami,042,right,042_right,4,4,144,jpegmix,34.800768,0.859586,32.313899,0.960999,4,0.052421,33.421044,42.967972,35.349778,0.907876,0.237489,0.237647,0.655,cuda
disp26,ami,042,up,042_up,4,4,144,jpegmix,34.035257,0.845799,31.824023,0.959649,4,0.064674,32.610472,43.344003,35.055658,0.8999,0.259738,0.253685,0.677,cuda
disp26,ami,042,zoom,042_zoom,4,4,144,jpegmix,33.176358,0.834304,30.73364,0.938729,4,0.084012,32.625962,37.930083,33.43662,0.869459,0.339834,0.319139,0.652,cuda
disp26,ami,043,back,043_back,4,4,144,jpegmix,36.496732,0.907938,33.532782,0.975321,4,0.04253,35.333982,43.777359,36.60446,0.929302,0.214824,0.23309,0.683,cuda
disp26,ami,043,down,043_down,4,4,144,jpegmix,33.420993,0.832623,30.941929,0.938667,4,0.077388,33.00916,38.192535,33.354443,0.867468,0.372533,0.288606,0.654,cuda
disp26,ami,043,front,043_front,4,4,144,jpegmix,33.821138,0.847342,31.171849,0.94288,4,0.078054,33.452942,38.445822,32.909884,0.849583,0.358213,0.315168,0.643,cuda
disp26,ami,043,left,043_left,4,4,144,jpegmix,36.535787,0.897578,33.848614,0.971926,4,0.044415,35.417851,44.070041,36.416393,0.921177,0.256853,0.24321,0.682,cuda
disp26,ami,043,right,043_right,4,4,144,jpegmix,36.537656,0.906932,33.431459,0.974333,4,0.041487,35.123482,43.905517,35.923231,0.914344,0.232954,0.267062,0.672,cuda
disp26,ami,043,up,043_up,4,4,144,jpegmix,33.318252,0.828527,30.810887,0.935196,4,0.07648,33.037597,37.985532,32.454846,0.831741,0.332446,0.312161,0.655,cuda
disp26,ami,043,zoom,043_zoom,4,4,144,jpegmix,36.545583,0.903194,33.672571,0.974596,4,0.043059,35.350326,43.806882,37.124573,0.928103,0.24628,0.238085,0.677,cuda
disp26,ami,044,back,044_back,5,4,144,jpegmix,34.160419,0.862863,31.31731,0.943366,4,0.072781,33.512465,38.659266,32.288816,0.846831,0.375074,0.295517,0.654,cuda
disp26,ami,044,down,044_down,5,4,144,jpegmix,34.512549,0.8777,31.602679,0.953541,4,0.067458,33.448583,39.68306,32.809698,0.864396,0.348516,0.291399,0.682,cuda
disp26,ami,044,front,044_front,5,4,144,jpegmix,36.732561,0.911446,33.795747,0.974577,4,0.042319,34.9499,44.205016,35.283582,0.910896,0.240091,0.268097,0.66,cuda
disp26,ami,044,left,044_left,5,4,144,jpegmix,37.076224,0.913757,34.088777,0.974596,4,0.037769,35.614658,44.680221,36.416299,0.926892,0.262326,0.275863,0.653,cuda
disp26,ami,044,right,044_right,5,4,144,jpegmix,37.258713,0.914035,33.98303,0.974831,4,0.038351,35.684439,44.426436,35.642632,0.911276,0.243222,0.269442,0.677,cuda
disp26,ami,044,up,044_up,5,4,144,jpegmix,36.686492,0.909028,33.765203,0.974443,4,0.040082,35.105363,44.254366,34.872053,0.898176,0.230608,0.262664,0.665,cuda
disp26,ami,044,zoom,044_zoom,5,4,144,jpegmix,36.967919,0.913954,34.034042,0.975628,4,0.039335,35.550115,44.021374,36.537723,0.927342,0.221125,0.258531,0.667,cuda
disp26,ami,045,back,045_back,2,4,144,jpegmix,33.35317,0.843602,30.912194,0.936472,4,0.081988,32.568849,38.080022,33.04201,0.855407,0.361743,0.301676,0.68,cuda
disp26,ami,045,down,045_down,2,4,144,jpegmix,36.717452,0.905905,33.956247,0.974008,4,0.043822,35.386305,44.595904,37.737157,0.934567,0.270666,0.280935,0.671,cuda
disp26,ami,045,front,045_front,2,4,144,jpegmix,36.514449,0.906647,33.72006,0.973711,4,0.049887,35.198672,44.183408,37.066632,0.926248,0.273819,0.243959,0.669,cuda
disp26,ami,045,left,045_left,2,4,144,jpegmix,35.793782,0.882462,32.883743,0.949526,4,0.073468,35.390786,39.98232,35.64692,0.888856,0.399164,0.332216,0.681,cuda
disp26,ami,045,right,045_right,2,4,144,jpegmix,34.272738,0.864351,31.386453,0.945746,4,0.079038,33.709884,39.052107,33.414115,0.855624,0.289056,0.290624,0.667,cuda
disp26,ami,045,up,045_up,2,4,144,jpegmix,34.182801,0.864189,31.52608,0.943305,4,0.07766,33.733019,38.58513,33.809392,0.868426,0.299276,0.298571,0.664,cuda
disp26,ami,045,zoom,045_zoom,2,4,144,jpegmix,35.468841,0.891238,32.488628,0.951013,4,0.071589,35.087048,39.268645,34.565273,0.88071,0.30596,0.290913,0.687,cuda
disp26,ami,046,back,046_back,5,4,144,jpegmix,36.77352,0.916571,33.397066,0.975365,4,0.038615,35.438385,43.550292,36.6671,0.921668,0.240071,0.25623,0.663,cuda
disp26,ami,046,down,046_down,5,4,144,jpegmix,35.334534,0.891393,32.236342,0.955108,4,0.064871,34.71811,39.640026,33.645258,0.868556,0.335413,0.301194,0.671,cuda
disp26,ami,046,front,046_front,5,4,144,jpegmix,37.389614,0.921019,34.010728,0.976868,4,0.035449,35.878992,44.611508,36.04437,0.916852,0.232916,0.252949,0.66,cuda
disp26,ami,046,left,046_left,5,4,144,jpegmix,35.822505,0.89658,32.633976,0.953601,4,0.065142,35.715699,39.747261,34.0898,0.865341,0.325964,0.290544,0.693,cuda
disp26,ami,046,right,046_right,5,4,144,jpegmix,36.883621,0.918983,33.501535,0.975921,4,0.042932,35.074214,44.22506,35.486522,0.905809,0.228907,0.262728,0.659,cuda
disp26,ami,046,up,046_up,5,4,144,jpegmix,33.718076,0.854439,30.708356,0.943718,4,0.078489,33.192282,38.25616,32.812569,0.848852,0.323131,0.294394,0.661,cuda
disp26,ami,046,zoom,046_zoom,5,4,144,jpegmix,34.980635,0.885537,31.732892,0.952485,4,0.067881,34.848799,38.878241,33.677497,0.868783,0.293581,0.29462,0.679,cuda
disp26,ami,047,back,047_back,3,4,144,jpegmix,34.087605,0.85908,31.459513,0.939714,4,0.082495,33.454734,38.590249,32.541418,0.844035,0.307051,0.281592,0.652,cuda
disp26,ami,047,down,047_down,3,4,144,jpegmix,34.14337,0.852134,31.550666,0.939768,4,0.082205,33.626063,38.643429,33.319568,0.863461,0.30199,0.290483,0.67,cuda
disp26,ami,047,front,047_front,3,4,144,jpegmix,34.47804,0.857155,31.791923,0.940066,4,0.078945,33.79744,38.990667,33.57987,0.865085,0.334454,0.322983,0.688,cuda
disp26,ami,047,left,047_left,3,4,144,jpegmix,33.945813,0.839595,31.461821,0.93406,4,0.078092,33.449547,38.525021,33.088546,0.847243,0.352721,0.32562,0.649,cuda
disp26,ami,047,right,047_right,3,4,144,jpegmix,37.050064,0.906881,33.995264,0.972133,4,0.042673,35.777663,44.081782,36.587218,0.919462,0.254125,0.273345,0.659,cuda
disp26,ami,047,up,047_up,3,4,144,jpegmix,34.186802,0.848185,31.50896,0.935098,4,0.079318,33.640596,38.76516,33.471101,0.858398,0.321017,0.318998,0.684,cuda
disp26,ami,047,zoom,047_zoom,3,4,144,jpegmix,37.830708,0.92009,34.569039,0.97616,4,0.039891,36.762405,44.443152,37.860793,0.931976,0.210969,0.251924,0.681,cuda
disp26,ami,048,back,048_back,1,4,144,jpegmix,33.759413,0.850032,30.974765,0.935174,4,0.088022,33.078259,38.474806,32.182709,0.82208,0.294432,0.296213,0.662,cuda
disp26,ami,048,down,048_down,1,4,144,jpegmix,37.005985,0.913441,34.233029,0.974074,4,0.041294,35.520429,44.33967,36.198267,0.914557,0.228651,0.249933,0.678,cuda
disp26,ami,048,front,048_front,1,4,144,jpegmix,37.071971,0.914254,34.192033,0.971848,4,0.04145,35.78503,43.634779,36.025076,0.909316,0.239385,0.260388,0.653,cuda
disp26,ami,048,left,048_left,1,4,144,jpegmix,38.013363,0.923635,35.135412,0.975813,4,0.036852,36.814926,44.798918,37.39463,0.92434,0.23298,0.280365,0.671,cuda
disp26,ami,048,right,048_right,1,4,144,jpegmix,34.028936,0.864596,31.354066,0.939698,4,0.080052,33.3035,38.467586,32.357924,0.835608,0.300528,0.329871,0.664,cuda
disp26,ami,048,up,048_up,1,4,144,jpegmix,34.063281,0.867156,31.504406,0.943452,4,0.076069,33.79264,38.33113,32.994471,0.843845,0.296601,0.313548,0.668,cuda
disp26,ami,048,zoom,048_zoom,1,4,144,jpegmix,38.096551,0.930011,34.923805,0.977913,4,0.03665,36.664355,44.766846,36.789027,0.922045,0.216499,0.257781,0.652,cuda
disp26,ami,051,back,051_back,4,4,144,jpegmix,33.545568,0.860228,31.180711,0.944668,4,0.076833,33.059482,38.032261,32.726331,0.859734,0.345685,0.328571,0.666,cuda
disp26,ami,051,down,051_down,4,4,144,jpegmix,33.622373,0.85874,31.440823,0.944339,4,0.077831,32.927362,38.237081,33.627286,0.870055,0.340331,0.312492,0.68,cuda
disp26,ami,051,front,051_front,4,4,144,jpegmix,36.047564,0.902769,33.553939,0.972786,4,0.04851,34.469163,43.642563,36.325016,0.916921,0.281664,0.273137,0.663,cuda
disp26,ami,051,left,051_left,4,4,144,jpegmix,34.624714,0.873386,32.203331,0.942287,4,0.076585,34.246903,38.593178,33.863334,0.862475,0.352516,0.331929,0.658,cuda
disp26,ami,051,right,051_right,4,4,144,jpegmix,36.665519,0.907169,33.950909,0.971726,4,0.045936,35.265567,43.976232,35.641857,0.902022,0.231117,0.253901,0.646,cuda
disp26,ami,051,up,051_up,4,4,144,jpegmix,33.392162,0.852411,31.184782,0.942892,4,0.078812,32.955409,38.050889,33.28393,0.856525,0.340825,0.312304,0.656,cuda
disp26,ami,051,zoom,051_zoom,4,4,144,jpegmix,34.79826,0.884299,32.319912,0.948897,4,0.074449,34.423216,38.591364,34.090049,0.876662,0.310873,0.32218,0.701,cuda
disp26,ami,052,back,052_back,1,4,144,jpegmix,33.237071,0.846246,30.666249,0.94119,4,0.080988,32.379314,37.873614,31.887361,0.831279,0.278713,0.314927,0.664,cuda
disp26,ami,052,down,052_down,1,4,144,jpegmix,35.731787,0.894662,33.080219,0.973691,4,0.046043,34.221234,43.665581,34.969282,0.892072,0.209145,0.265692,0.686,cuda
disp26,ami,052,front,052_front,1,4,144,jpegmix,36.152116,0.896913,33.337158,0.97227,4,0.043378,34.505856,43.833523,34.908084,0.889076,0.218938,0.26221,0.671,cuda
disp26,ami,052,left,052_left,1,4,144,jpegmix,34.659409,0.876862,31.954514,0.955471,4,0.072439,34.00871,39.131191,32.979134,0.855711,0.302435,0.315476,0.655,cuda
disp26,ami,052,right,052_right,1,4,144,jpegmix,36.494354,0.912253,33.548451,0.975112,4,0.043681,34.614063,43.939706,35.411672,0.908234,0.197397,0.263271,0.652,cuda
disp26,ami,052,up,052_up,1,4,144,jpegmix,33.634509,0.860841,31.036077,0.948452,4,0.078918,32.720554,38.115984,32.671524,0.8573,0.289537,0.327369,0.645,cuda
disp26,ami,052,zoom,052_zoom,1,4,144,jpegmix,36.966607,0.915432,33.862045,0.976145,4,0.041488,35.307376,43.914624,36.272133,0.907769,0.163431,0.250792,0.646,cuda
disp26,ami,053,back,053_back,3,4,144,jpegmix,33.933752,0.855012,30.764637,0.940665,4,0.074262,33.412319,38.18388,32.720325,0.843527,0.322927,0.289078,0.678,cuda
disp26,ami,053,down,053_down,3,4,144,jpegmix,32.962714,0.827696,30.295581,0.931948,4,0.087068,32.298417,37.725691,31.953323,0.814324,0.335634,0.299086,0.669,cuda
disp26,ami,053,front,053_front,3,4,144,jpegmix,33.393872,0.837585,30.606341,0.933905,4,0.085724,33.079471,37.81892,32.280157,0.827207,0.322341,0.291551,0.652,cuda
disp26,ami,053,left,053_left,3,4,144,jpegmix,36.366936,0.902353,33.329329,0.972933,4,0.045485,35.065123,44.018488,36.323729,0.915075,0.255608,0.262696,0.685,cuda
disp26,ami,053,right,053_right,3,4,144,jpegmix,36.48616,0.905591,33.21125,0.973785,4,0.042436,35.032949,43.874801,35.142479,0.89036,0.228901,0.265614,0.676,cuda
disp26,ami,053,up,053_up,3,4,144,jpegmix,33.150556,0.830908,30.344308,0.932252,4,0.081915,32.458551,37.831781,31.908529,0.81432,0.350292,0.316954,0.659,cuda
disp26,ami,053,zoom,053_zoom,3,4,144,jpegmix,36.765818,0.908686,33.349026,0.973921,4,0.042239,35.345907,43.982497,36.582639,0.91526,0.235832,0.225659,0.684,cuda
disp26,ami,054,back,054_back,3,4,144,jpegmix,33.836428,0.86298,30.718676,0.944239,4,0.075856,32.682129,38.737354,32.568507,0.843257,0.355273,0.312425,0.679,cuda
disp26,ami,054,down,054_down,3,4,144,jpegmix,36.261916,0.910353,33.285082,0.972254,4,0.045516,34.453796,43.951774,36.12215,0.917466,0.259345,0.260003,0.656,cuda
disp26,ami,054,front,054_front,3,4,144,jpegmix,33.806154,0.860517,31.072385,0.943226,4,0.077266,33.145522,38.355236,32.668356,0.842748,0.298994,0.301551,0.685,cuda
disp26,ami,054,left,054_left,3,4,144,jpegmix,37.146493,0.911609,34.072747,0.973127,4,0.041563,36.124778,43.996191,37.068228,0.920694,0.251527,0.245347,0.68,cuda
disp26,ami,054,right,054_right,3,4,144,jpegmix,36.66659,0.907505,33.483535,0.973527,4,0.044094,35.202641,43.809412,35.636337,0.904588,0.257949,0.264804,0.653,cuda
disp26,ami,054,up,054_up,3,4,144,jpegmix,34.713628,0.89717,31.537378,0.970769,4,0.046228,32.521797,43.590766,34.97599,0.891854,0.252367,0.270076,0.637,cuda
disp26,ami,054,zoom,054_zoom,3,4,144,jpegmix,36.535439,0.918283,33.270053,0.975804,4,0.049435,34.389489,44.502856,36.511629,0.925449,0.240241,0.252179,0.676,cuda
disp26,ami,055,back,055_back,2,4,144,jpegmix,34.388379,0.867194,31.546471,0.940545,4,0.082722,33.604655,38.908349,32.325092,0.830091,0.297113,0.285599,0.669,cuda
disp26,ami,055,down,055_down,2,4,144,jpegmix,33.925509,0.859574,31.227162,0.940371,4,0.082474,33.168175,38.479235,32.295702,0.847396,0.272949,0.308693,0.662,cuda
disp26,ami,055,front,055_front,2,4,144,jpegmix,34.487768,0.874626,31.495954,0.945098,4,0.075076,33.746814,38.791734,32.735279,0.845894,0.29808,0.276675,0.675,cuda
disp26,ami,055,left,055_left,2,4,144,jpegmix,34.884802,0.875945,31.812262,0.945764,4,0.071848,34.272397,39.195528,33.170644,0.85762,0.314837,0.319723,0.663,cuda
disp26,ami,055,right,055_right,2,4,144,jpegmix,34.294817,0.873481,31.266919,0.942123,4,0.083433,33.399833,38.787569,31.988285,0.817164,0.287191,0.296306,0.681,cuda
disp26,ami,055,up,055_up,2,4,144,jpegmix,34.16978,0.866651,31.299667,0.942796,4,0.079996,33.357454,38.628029,32.453565,0.837546,0.316133,0.309221,0.655,cuda
disp26,ami,055,zoom,055_zoom,2,4,144,jpegmix,35.033232,0.890768,31.670333,0.952566,4,0.064874,34.581412,39.054109,33.124233,0.869523,0.276831,0.277162,0.663,cuda
disp26,ami,056,back,056_back,4,4,144,jpegmix,32.673923,0.84678,30.152605,0.933179,4,0.093439,31.215636,37.798365,31.087879,0.814341,0.325724,0.291162,0.663,cuda
disp26,ami,056,down,056_down,4,4,144,jpegmix,33.642537,0.85504,31.042236,0.939034,4,0.080228,33.063607,37.960656,31.887668,0.817565,0.275425,0.283274,0.648,cuda
disp26,ami,056,front,056_front,4,4,144,jpegmix,36.312291,0.912539,33.439423,0.974041,4,0.04458,34.477094,43.843473,34.862303,0.912059,0.221137,0.245608,0.691,cuda
disp26,ami,056,left,056_left,4,4,144,jpegmix,34.510316,0.880418,31.559213,0.945751,4,0.077601,33.892972,38.65827,32.640088,0.852921,0.273517,0.294123,0.666,cuda
disp26,ami,056,right,056_right,4,4,144,jpegmix,33.826553,0.874047,30.973571,0.944688,4,0.077827,32.809955,38.212584,31.525495,0.815593,0.245529,0.27658,0.676,cuda
disp26,ami,056,up,056_up,4,4,144,jpegmix,32.61995,0.844906,30.209042,0.93793,4,0.08941,31.312401,37.661424,31.785531,0.835099,0.304342,0.285503,0.664,cuda
disp26,ami,056,zoom,056_zoom,4,4,144,jpegmix,33.921114,0.869948,31.074645,0.9453,4,0.084945,33.319361,37.978524,32.853534,0.861162,0.256091,0.256956,0.666,cuda
disp26,ami,057,back,057_back,5,4,144,jpegmix,35.776519,0.907092,32.871088,0.972769,4,0.051317,33.923392,43.55873,35.785294,0.921153,0.212986,0.237102,0.68,cuda
disp26,ami,057,down,057_down,5,4,144,jpegmix,34.165431,0.870608,31.425968,0.948925,4,0.074341,33.66601,38.584234,32.850745,0.865042,0.325137,0.289068,0.68,cuda
disp26,ami,057,front,057_front,5,4,144,jpegmix,33.318723,0.847518,30.684406,0.941977,4,0.086315,32.498406,38.018075,32.545123,0.854071,0.325572,0.301153,0.681,cuda
disp26,ami,057,left,057_left,5,4,144,jpegmix,37.136572,0.917618,34.133108,0.977641,4,0.042212,35.787145,44.112373,37.278137,0.935616,0.221996,0.260401,0.659,cuda
disp26,ami,057,right,057_right,5,4,144,jpegmix,36.913634,0.917263,33.9231,0.976955,4,0.040029,35.477034,44.25076,36.501674,0.922593,0.239463,0.251713,0.67,cuda
disp26,ami,057,up,057_up,5,4,144,jpegmix,31.994015,0.838495,29.702691,0.938005,4,0.089893,30.849616,37.25403,32.726414,0.844502,0.300681,0.300414,0.638,cuda
disp26,ami,057,zoom,057_zoom,5,4,144,jpegmix,34.445545,0.883821,31.50845,0.952868,4,0.072253,33.924257,38.324988,33.889422,0.881054,0.282827,0.282567,0.651,cuda
disp26,ami,058,back,058_back,5,4,144,jpegmix,37.503034,0.925025,34.059379,0.977817,4,0.033735,36.02168,44.710832,36.309498,0.922498,0.199564,0.254516,0.691,cuda
disp26,ami,058,down,058_down,5,4,144,jpegmix,34.436934,0.880579,31.512352,0.950924,4,0.070377,33.89308,38.798429,33.45074,0.867923,0.326104,0.312181,0.661,cuda
disp26,ami,058,front,058_front,5,4,144,jpegmix,37.249838,0.924791,33.781819,0.978204,4,0.036602,35.806553,44.184516,36.987895,0.927854,0.212063,0.273234,0.648,cuda
disp26,ami,058,left,058_left,5,4,144,jpegmix,35.093445,0.892516,32.00678,0.955702,4,0.069401,34.630861,39.344344,34.104294,0.880958,0.301913,0.28838,0.675,cuda
disp26,ami,058,right,058_right,5,4,144,jpegmix,34.19437,0.868524,31.283269,0.946311,4,0.075425,33.481528,38.758417,32.505597,0.833549,0.303597,0.280982,0.663,cuda
disp26,ami,058,up,058_up,5,4,144,jpegmix,34.025103,0.868388,31.145591,0.945327,4,0.076198,33.540997,38.433987,32.713188,0.840717,0.276901,0.311147,0.69,cuda
disp26,ami,058,zoom,058_zoom,5,4,144,jpegmix,37.572752,0.927788,33.925333,0.97885,4,0.044251,36.30793,44.004466,37.267316,0.927203,0.210098,0.239749,0.657,cuda
disp26,ami,059,back,059_back,3,4,144,jpegmix,35.211492,0.879077,32.269874,0.945447,4,0.071305,34.974822,39.119716,33.825589,0.864672,0.291723,0.294435,0.671,cuda
disp26,ami,059,down,059_down,3,4,144,jpegmix,35.023822,0.886105,32.178879,0.948466,4,0.067262,34.666646,39.036518,33.11977,0.860908,0.277316,0.314981,0.656,cuda
disp26,ami,059,front,059_front,3,4,144,jpegmix,34.636111,0.876847,31.93708,0.946981,4,0.072241,33.889528,38.932587,32.815869,0.850184,0.287948,0.306739,0.669,cuda
disp26,ami,059,left,059_left,3,4,144,jpegmix,37.727263,0.928312,34.710553,0.9776,4,0.038749,36.113697,44.430045,36.310904,0.926035,0.180525,0.248051,0.676,cuda
disp26,ami,059,right,059_right,3,4,144,jpegmix,37.505466,0.926015,34.458082,0.977133,4,0.037056,36.049772,44.223881,36.504878,0.921838,0.170332,0.250116,0.665,cuda
disp26,ami,059,up,059_up,3,4,144,jpegmix,36.882595,0.912017,33.982907,0.973822,4,0.042575,35.234702,43.888134,36.266388,0.917629,0.221101,0.258388,0.66,cuda
disp26,ami,059,zoom,059_zoom,3,4,144,jpegmix,38.184875,0.932938,34.802576,0.979184,4,0.037781,36.649714,44.437752,37.929482,0.934712,0.186282,0.255308,0.653,cuda
disp26,ami,061,back,061_back,2,4,144,jpegmix,35.309751,0.879576,32.353584,0.95069,4,0.072713,34.872289,39.692824,33.517208,0.854766,0.30493,0.291802,0.65,cuda
disp26,ami,061,down,061_down,2,4,144,jpegmix,37.088606,0.903409,33.942203,0.972159,4,0.044505,35.547985,44.365372,36.418841,0.917583,0.274536,0.261871,0.681,cuda
disp26,ami,061,front,061_front,2,4,144,jpegmix,35.050883,0.874193,32.128079,0.948413,4,0.074363,34.545859,39.405876,33.511966,0.855474,0.321416,0.292844,0.661,cuda
disp26,ami,061,left,061_left,2,4,144,jpegmix,37.386346,0.91112,34.188443,0.973595,4,0.043294,35.936144,44.614623,36.966807,0.921742,0.239126,0.273596,0.652,cuda
disp26,ami,061,right,061_right,2,4,144,jpegmix,34.799142,0.880007,31.841066,0.943227,4,0.079852,34.504547,38.727265,32.68132,0.841652,0.329602,0.284098,0.654,cuda
disp26,ami,061,up,061_up,2,4,144,jpegmix,34.983095,0.875494,31.939143,0.948498,4,0.070175,34.623515,39.216043,33.465877,0.860811,0.354268,0.303598,0.663,cuda
disp26,ami,061,zoom,061_zoom,2,4,144,jpegmix,35.311424,0.88696,32.054796,0.95202,4,0.0699,35.113872,39.197205,33.897897,0.866684,0.306713,0.303278,0.657,cuda
disp26,ami,062,back,062_back,3,4,144,jpegmix,33.997165,0.863054,31.551104,0.945703,4,0.072685,33.361801,38.551423,34.324247,0.882816,0.321663,0.285524,0.68,cuda
disp26,ami,062,down,062_down,3,4,144,jpegmix,36.371517,0.895861,33.788683,0.9721,4,0.043249,35.421217,43.912852,37.675719,0.929732,0.311245,0.279118,0.673,cuda
disp26,ami,062,front,062_front,3,4,144,jpegmix,33.686523,0.849385,31.183126,0.942443,4,0.079572,33.11923,38.404542,34.140107,0.868628,0.388456,0.329213,0.648,cuda
disp26,ami,062,left,062_left,3,4,144,jpegmix,37.206645,0.908535,34.503087,0.974265,4,0.040808,36.361221,44.196741,37.910764,0.929548,0.265847,0.256811,0.645,cuda
disp26,ami,062,right,062_right,3,4,144,jpegmix,34.137203,0.854787,31.422764,0.943543,4,0.070762,33.827011,38.56898,33.74685,0.864858,0.374406,0.318045,0.671,cuda
disp26,ami,062,up,062_up,3,4,144,jpegmix,34.484529,0.888621,32.197955,0.970983,4,0.04411,32.422639,43.883942,36.904916,0.917686,0.267464,0.267406,0.653,cuda
disp26,ami,062,zoom,062_zoom,3,4,144,jpegmix,34.758469,0.876812,32.108606,0.951557,4,0.0701,34.575932,39.038157,35.579158,0.89023,0.338702,0.302978,0.682,cuda
disp26,ami,063,back,063_back,4,4,144,jpegmix,37.438674,0.913502,34.22452,0.972327,4,0.044347,35.971171,44.205954,36.224788,0.908322,0.215498,0.243498,0.663,cuda
disp26,ami,063,down,063_down,4,4,144,jpegmix,34.343093,0.865994,31.73651,0.944516,4,0.073712,33.754952,38.912123,33.315896,0.867889,0.330246,0.309924,0.676,cuda
disp26,ami,063,front,063_front,4,4,144,jpegmix,34.848612,0.869637,32.094446,0.943278,4,0.070891,34.471149,39.10762,33.719548,0.869122,0.290242,0.310558,0.671,cuda
disp26,ami,063,left,063_left,4,4,144,jpegmix,35.336999,0.881377,32.361765,0.947427,4,0.06362,35.127802,39.570768,33.999006,0.865127,0.340035,0.327178,0.651,cuda
disp26,ami,063,right,063_right,4,4,144,jpegmix,37.091456,0.90907,34.020779,0.973463,4,0.038987,35.718869,44.217859,36.741751,0.926926,0.231355,0.285351,0.659,cuda
disp26,ami,063,up,063_up,4,4,144,jpegmix,34.21525,0.851484,31.608402,0.938061,4,0.077401,33.583003,38.738172,32.888178,0.842407,0.337246,0.29665,0.646,cuda
disp26,ami,063,zoom,063_zoom,4,4,144,jpegmix,35.386703,0.891376,32.265995,0.952063,4,0.068277,35.13446,39.349319,34.290882,0.882799,0.267997,0.332999,0.687,cuda
disp26,ami,064,back,064_back,5,4,144,jpegmix,34.073886,0.853757,31.340634,0.941211,4,0.075739,33.549673,38.585855,32.477767,0.844939,0.352985,0.307569,0.667,cuda
disp26,ami,064,down,064_down,5,4,144,jpegmix,36.237603,0.892696,33.551988,0.96937,4,0.047662,34.757485,43.923291,36.13043,0.92091,0.24868,0.248117,0.649,cuda
disp26,ami,064,front,064_front,5,4,144,jpegmix,36.643953,0.898338,33.833423,0.969395,4,0.043992,35.255852,43.88613,35.661979,0.903229,0.220288,0.242812,0.65,cuda
disp26,ami,064,left,064_left,5,4,144,jpegmix,36.804713,0.900852,33.947338,0.96995,4,0.04842,35.544226,44.206297,36.547675,0.919047,0.247984,0.239047,0.684,cuda
disp26,ami,064,right,064_right,5,4,144,jpegmix,36.747657,0.904401,33.885757,0.97227,4,0.043188,35.275225,44.029951,35.712258,0.901955,0.245459,0.263217,0.672,cuda
disp26,ami,064,up,064_up,5,4,144,jpegmix,33.964578,0.846752,31.342851,0.934948,4,0.082117,33.361541,38.436042,32.264934,0.820666,0.348974,0.29515,0.689,cuda
disp26,ami,064,zoom,064_zoom,5,4,144,jpegmix,34.770751,0.874224,31.791287,0.947533,4,0.072749,34.418401,38.909263,33.444003,0.861144,0.302231,0.286898,0.652,cuda
disp26,ami,065,back,065_back,3,4,144,jpegmix,33.124006,0.836402,30.68337,0.932077,4,0.08703,32.489004,37.742545,32.018494,0.830988,0.338345,0.292198,0.681,cuda
disp26,ami,065,down,065_down,3,4,144,jpegmix,34.840771,0.881385,32.069002,0.954014,4,0.068426,34.115971,39.376262,33.743378,0.869829,0.337633,0.323399,0.654,cuda
disp26,ami,065,front,065_front,3,4,144,jpegmix,34.222226,0.863063,31.496825,0.945022,4,0.082027,33.492124,38.770704,33.528811,0.856468,0.323979,0.320666,0.69,cuda
disp26,ami,065,left,065_left,3,4,144,jpegmix,38.266471,0.924703,35.295859,0.976682,4,0.038184,37.019686,44.974079,38.405614,0.937098,0.233077,0.256213,0.658,cuda
disp26,ami,065,right,065_right,3,4,144,jpegmix,36.262333,0.904615,33.357184,0.971389,4,0.052255,34.819779,43.404606,35.777274,0.913055,0.255702,0.253681,0.671,cuda
disp26,ami,065,up,065_up,3,4,144,jpegmix,36.196932,0.899444,33.595984,0.97211,4,0.048238,34.654579,43.752476,37.361999,0.927396,0.220262,0.26299,0.658,cuda
disp26,ami,065,zoom,065_zoom,3,4,144,jpegmix,38.328703,0.930891,34.950145,0.978524,4,0.035233,37.332668,44.246033,38.490019,0.943474,0.223237,0.238431,0.686,cuda
disp26,ami,066,back,066_back,4,4,144,jpegmix,37.496405,0.92042,34.332488,0.976394,4,0.039535,35.930906,44.160344,36.426542,0.925899,0.213284,0.247079,0.669,cuda
disp26,ami,066,down,066_down,4,4,144,jpegmix,37.364256,0.917879,34.442848,0.975261,4,0.041371,35.990712,44.161076,36.504342,0.920186,0.223542,0.253484,0.643,cuda
disp26,ami,066,front,066_front,4,4,144,jpegmix,37.598786,0.920731,34.601249,0.9758,4,0.037102,36.274329,44.162412,36.845082,0.924835,0.218975,0.264579,0.676,cuda
disp26,ami,066,left,066_left,4,4,144,jpegmix,35.403194,0.88838,32.651602,0.952223,4,0.066468,35.26982,39.299326,33.802334,0.861765,0.339466,0.322057,0.656,cuda
disp26,ami,066,right,066_right,4,4,144,jpegmix,37.494092,0.920211,34.202683,0.975349,4,0.043503,36.185704,44.138936,36.251334,0.917401,0.193214,0.251468,0.69,cuda
disp26,ami,066,up,066_up,4,4,144,jpegmix,34.078139,0.85779,31.292449,0.938781,4,0.07974,33.66663,38.208337,32.808191,0.841396,0.318495,0.286875,0.677,cuda
disp26,ami,066,zoom,066_zoom,4,4,144,jpegmix,35.035941,0.883175,32.16601,0.948335,4,0.07322,34.691893,38.880846,33.971922,0.868517,0.302119,0.296346,0.661,cuda
disp26,ami,067,back,067_back,2,4,144,jpegmix,36.477727,0.890439,33.436713,0.967387,4,0.044568,35.350157,43.494518,35.576879,0.893025,0.270823,0.275695,0.643,cuda
disp26,ami,067,down,067_down,2,4,144,jpegmix,33.998401,0.839435,31.35182,0.934273,4,0.081562,33.620332,38.492658,33.294065,0.833195,0.407167,0.320579,0.663,cuda
disp26,ami,067,front,067_front,2,4,144,jpegmix,33.871516,0.83496,31.248025,0.931278,4,0.081012,33.580761,38.358094,32.97639,0.832482,0.351122,0.314807,0.661,cuda
disp26,ami,067,left,067_left,2,4,144,jpegmix,34.434279,0.849706,31.901951,0.941253,4,0.070984,34.164632,38.923597,34.324477,0.871735,0.421235,0.327507,0.677,cuda
disp26,ami,067,right,067_right,2,4,144,jpegmix,34.231301,0.858074,31.3679,0.943431,4,0.068049,33.875957,38.604919,32.835336,0.844644,0.379727,0.308267,0.648,cuda
disp26,ami,067,up,067_up,2,4,144,jpegmix,36.284417,0.889257,33.379817,0.968886,4,0.046042,34.937473,43.859121,35.794754,0.899188,0.253591,0.27401,0.647,cuda
disp26,ami,067,zoom,067_zoom,2,4,144,jpegmix,34.545575,0.857804,31.660074,0.940461,4,0.073443,34.28255,38.73784,33.972215,0.856624,0.355234,0.313474,0.663,cuda
disp26,ami,068,back,068_back,2,4,144,jpegmix,33.035608,0.822163,30.497674,0.928197,4,0.089271,32.342398,37.666721,31.619885,0.818023,0.340596,0.322698,0.69,cuda
disp26,ami,068,down,068_down,2,4,144,jpegmix,33.385027,0.849763,30.830561,0.943389,4,0.080382,32.918772,37.877895,32.683045,0.852568,0.345026,0.305669,0.655,cuda
disp26,ami,068,front,068_front,2,4,144,jpegmix,36.256171,0.90358,33.465176,0.974348,4,0.044358,34.990438,43.725776,36.506512,0.924663,0.219193,0.25399,0.664,cuda
disp26,ami,068,left,068_left,2,4,144,jpegmix,34.135637,0.864026,31.420872,0.946443,4,0.077377,33.636294,38.528477,33.435468,0.865668,0.34655,0.30632,0.68,cuda
disp26,ami,068,right,068_right,2,4,144,jpegmix,33.531213,0.854335,30.891765,0.944405,4,0.076553,32.96522,37.939488,32.062361,0.841976,0.315753,0.299174,0.658,cuda
disp26,ami,068,up,068_up,2,4,144,jpegmix,33.226608,0.841559,30.668682,0.940897,4,0.087677,32.760135,37.709551,32.652245,0.846574,0.358972,0.316851,0.65,cuda
disp26,ami,068,zoom,068_zoom,2,4,144,jpegmix,34.637572,0.881061,31.757316,0.953321,4,0.070214,34.357115,38.710152,33.876031,0.877146,0.297531,0.292953,0.67,cuda
disp26,ami,069,back,069_back,4,4,144,jpegmix,33.687289,0.847589,30.843599,0.940212,4,0.079151,32.809959,38.325705,31.933839,0.817689,0.309107,0.296603,0.663,cuda
disp26,ami,069,down,069_down,4,4,144,jpegmix,35.217283,0.885674,32.818414,0.96868,4,0.052754,33.710873,43.066015,34.703896,0.902994,0.280736,0.248276,0.673,cuda
disp26,ami,069,front,069_front,4,4,144,jpegmix,33.104512,0.841414,30.804483,0.942257,4,0.080719,32.197485,37.768458,31.311013,0.815259,0.333803,0.30837,0.663,cuda
disp26,ami,069,left,069_left,4,4,144,jpegmix,33.433124,0.852961,31.194609,0.942316,4,0.079449,32.206916,38.638508,31.830973,0.821497,0.315597,0.304186,0.68,cuda
disp26,ami,069,right,069_right,4,4,144,jpegmix,36.514945,0.910651,33.780043,0.974925,4,0.038266,34.793506,43.811964,34.392823,0.892914,0.217184,0.257012,0.677,cuda
disp26,ami,069,up,069_up,4,4,144,jpegmix,35.907446,0.898834,33.281035,0.973917,4,0.043931,34.066886,43.812117,34.86164,0.897089,0.233199,0.253162,0.664,cuda
disp26,ami,069,zoom,069_zoom,4,4,144,jpegmix,33.374037,0.849658,30.813012,0.945988,4,0.07839,32.820087,37.788678,32.310113,0.842403,0.312483,0.296604,0.681,cuda
disp26,ami,070,back,070_back,3,4,144,jpegmix,33.628363,0.850546,30.545931,0.934593,4,0.086025,33.404002,37.928414,32.27943,0.824478,0.319929,0.262785,0.645,cuda
disp26,ami,070,down,070_down,3,4,144,jpegmix,33.255632,0.844169,30.554188,0.942607,4,0.082953,32.869672,38.044384,32.692825,0.834407,0.283214,0.299777,0.682,cuda
disp26,ami,070,front,070_front,3,4,144,jpegmix,33.299826,0.846871,30.507453,0.93881,4,0.08335,32.588745,37.986377,32.061241,0.826723,0.308239,0.299863,0.65,cuda
disp26,ami,070,left,070_left,3,4,144,jpegmix,36.825977,0.910207,33.748875,0.975136,4,0.045166,35.465429,44.497852,36.87178,0.923374,0.241186,0.292041,0.685,cuda
disp26,ami,070,right,070_right,3,4,144,jpegmix,36.632364,0.910488,33.398229,0.972733,4,0.043136,34.922106,43.920515,35.762959,0.90186,0.211533,0.257596,0.673,cuda
disp26,ami,070,up,070_up,3,4,144,jpegmix,36.197073,0.904998,33.038787,0.972147,4,0.04376,34.649663,43.669613,35.741989,0.907408,0.216227,0.245543,0.66,cuda
disp26,ami,070,zoom,070_zoom,3,4,144,jpegmix,34.823552,0.882537,31.404892,0.950481,4,0.068158,34.62295,38.827236,34.390873,0.87746,0.250543,0.24481,0.65,cuda
disp26,ami,071,back,071_back,2,4,144,jpegmix,36.139385,0.899973,33.429558,0.970659,4,0.0477,34.734742,43.501259,36.318552,0.913999,0.232082,0.255719,0.687,cuda
disp26,ami,071,down,071_down,2,4,144,jpegmix,35.196939,0.895417,32.440818,0.972229,4,0.045374,33.470711,43.439182,35.690063,0.917032,0.231244,0.255768,0.662,cuda
disp26,ami,071,front,071_front,2,4,144,jpegmix,32.425786,0.835884,29.89597,0.938127,4,0.088801,31.409565,37.3511,31.461579,0.832073,0.341344,0.287058,0.69,cuda
disp26,ami,071,left,071_left,2,4,144,jpegmix,32.961231,0.849671,30.491639,0.941099,4,0.077062,32.148117,37.714537,32.787427,0.857505,0.360047,0.319962,0.672,cuda
disp26,ami,071,right,071_right,2,4,144,jpegmix,33.227593,0.846159,30.431451,0.938101,4,0.080497,32.314947,37.995565,31.391579,0.819293,0.337071,0.278006,0.669,cuda
disp26,ami,071,up,071_up,2,4,144,jpegmix,32.348845,0.825356,29.853853,0.936594,4,0.086462,31.425052,37.348967,32.178002,0.839942,0.367199,0.281427,0.657,cuda
disp26,ami,071,zoom,071_zoom,2,4,144,jpegmix,33.529413,0.863213,30.794918,0.947941,4,0.08238,32.530395,38.195386,33.547318,0.869136,0.332383,0.304116,0.677,cuda
disp26,ami,072,back,072_back,1,4,144,jpegmix,37.888905,0.921876,34.519988,0.974899,4,0.041036,36.83787,44.484553,36.721585,0.922035,0.209561,0.263491,0.658,cuda
disp26,ami,072,down,072_down,1,4,144,jpegmix,35.340465,0.886945,32.45498,0.947028,4,0.069292,35.389423,39.09932,33.817352,0.868285,0.287579,0.287817,0.653,cuda
disp26,ami,072,front,072_front,1,4,144,jpegmix,35.755609,0.894637,32.632983,0.951807,4,0.061936,35.7557,39.668944,34.005355,0.870176,0.274965,0.289306,0.655,cuda
disp26,ami,072,left,072_left,1,4,144,jpegmix,37.941534,0.921368,34.870237,0.974961,4,0.037021,36.608105,44.709506,37.376671,0.925633,0.24184,0.26396,0.662,cuda
disp26,ami,072,right,072_right,1,4,144,jpegmix,36.136718,0.907908,33.023782,0.958407,4,0.058999,36.020161,39.858564,34.199758,0.876242,0.249682,0.256408,0.668,cuda
disp26,ami,072,up,072_up,1,4,144,jpegmix,35.654288,0.893523,32.502357,0.95138,4,0.064149,35.628597,39.408293,33.80376,0.863387,0.273665,0.279546,0.655,cuda
disp26,ami,072,zoom,072_zoom,1,4,144,jpegmix,36.760342,0.913017,33.168568,0.957655,4,0.057495,36.849244,40.331651,35.128689,0.896619,0.235174,0.242851,0.664,cuda
disp26,ami,073,back,073_back,1,4,144,jpegmix,34.981072,0.881851,31.913548,0.949151,4,0.065459,34.62044,39.061588,33.389718,0.858893,0.282704,0.274963,0.701,cuda
disp26,ami,073,down,073_down,1,4,144,jpegmix,34.460838,0.881033,31.751624,0.955382,4,0.076157,33.937512,39.263256,33.640481,0.866092,0.293054,0.280161,0.676,cuda
disp26,ami,073,front,073_front,1,4,144,jpegmix,37.178095,0.91816,34.169877,0.976235,4,0.039593,36.190612,44.345625,36.970007,0.924276,0.244812,0.242396,0.665,cuda
disp26,ami,073,left,073_left,1,4,144,jpegmix,37.541456,0.923038,34.650392,0.977495,4,0.038223,36.576441,44.946163,37.475872,0.929391,0.218745,0.253878,0.68,cuda
disp26,ami,073,right,073_right,1,4,144,jpegmix,37.330734,0.918888,34.133646,0.974932,4,0.041358,36.200363,44.005411,36.498987,0.913362,0.210428,0.241292,0.677,cuda
disp26,ami,073,up,073_up,1,4,144,jpegmix,34.441517,0.866391,31.520303,0.946796,4,0.075709,34.127272,38.964672,34.146741,0.872186,0.308172,0.289332,0.656,cuda
disp26,ami,073,zoom,073_zoom,1,4,144,jpegmix,35.880923,0.900302,32.503466,0.957647,4,0.060435,35.861241,39.896491,34.386221,0.879161,0.274413,0.279129,0.678,cuda
disp26,ami,074,back,074_back,1,4,144,jpegmix,36.920234,0.904167,34.225918,0.971785,4,0.041925,35.909789,43.968445,36.849692,0.921685,0.241495,0.258699,0.655,cuda
disp26,ami,074,down,074_down,1,4,144,jpegmix,36.117691,0.889031,33.646505,0.968188,4,0.049683,34.677776,43.972528,36.768168,0.920059,0.242546,0.259215,0.651,cuda
disp26,ami,074,front,074_front,1,4,144,jpegmix,33.872997,0.843385,31.312578,0.934882,4,0.084124,33.430499,38.435441,33.158116,0.852438,0.337168,0.283521,0.645,cuda
disp26,ami,074,left,074_left,1,4,144,jpegmix,34.538885,0.85714,31.926619,0.940947,4,0.075653,34.140316,38.983816,34.42367,0.86936,0.339113,0.301149,0.674,cuda
disp26,ami,074,right,074_right,1,4,144,jpegmix,36.631145,0.907924,33.494789,0.973532,4,0.04165,35.224024,44.057121,36.641854,0.922952,0.243641,0.267552,0.655,cuda
disp26,ami,074,up,074_up,1,4,144,jpegmix,36.118772,0.887275,33.425954,0.967663,4,0.047449,34.843221,43.768245,36.726127,0.918035,0.238429,0.246065,0.653,cuda
disp26,ami,074,zoom,074_zoom,1,4,144,jpegmix,37.281649,0.912276,34.348352,0.974428,4,0.041421,36.12453,44.128657,37.841611,0.932262,0.240012,0.249019,0.686,cuda
disp26,ami,075,back,075_back,3,4,144,jpegmix,35.840372,0.883091,32.629365,0.966927,4,0.044937,34.396038,43.692498,35.883357,0.905875,0.245259,0.252331,0.657,cuda
disp26,ami,075,down,075_down,3,4,144,jpegmix,35.266944,0.881287,32.387944,0.967499,4,0.052584,33.633435,43.314885,36.507324,0.919372,0.278379,0.263231,0.663,cuda
disp26,ami,075,front,075_front,3,4,144,jpegmix,32.698929,0.816418,29.779954,0.932499,4,0.085985,32.14879,37.708935,33.211224,0.850197,0.349136,0.32312,0.649,cuda
disp26,ami,075,left,075_left,3,4,144,jpegmix,33.733787,0.847668,31.02393,0.938517,4,0.081572,33.192343,38.740227,34.030938,0.868435,0.319829,0.303951,0.671,cuda
disp26,ami,075,right,075_right,3,4,144,jpegmix,34.140959,0.856675,30.832148,0.943048,4,0.079764,33.463188,38.723095,33.258876,0.837323,0.357213,0.301054,0.647,cuda
disp26,ami,075,up,075_up,3,4,144,jpegmix,35.119791,0.874337,32.226774,0.965124,4,0.049202,33.458496,43.262482,35.686691,0.899155,0.238355,0.273801,0.661,cuda
disp26,ami,075,zoom,075_zoom,3,4,144,jpegmix,33.545469,0.864707,30.346884,0.948501,4,0.079451,33.06722,38.367363,34.446549,0.881128,0.29804,0.283503,0.648,cuda
disp26,ami,076,back,076_back,5,4,144,jpegmix,37.352233,0.909705,33.827648,0.972614,4,0.038835,35.906636,44.259872,36.705328,0.926619,0.214224,0.240634,0.661,cuda
disp26,ami,076,down,076_down,5,4,144,jpegmix,36.800036,0.902621,33.453126,0.972054,4,0.043906,35.632237,43.880989,36.381335,0.924933,0.247343,0.260521,0.679,cuda
disp26,ami,076,front,076_front,5,4,144,jpegmix,34.112919,0.859411,31.066118,0.942301,4,0.081099,33.380085,38.625681,32.641154,0.857764,0.338632,0.296416,0.668,cuda
disp26,ami,076,left,076_left,5,4,144,jpegmix,37.631533,0.912978,34.132619,0.975579,4,0.037672,36.392597,44.673285,37.580097,0.935604,0.264208,0.250118,0.646,cuda
disp26,ami,076,right,076_right,5,4,144,jpegmix,34.101113,0.859791,31.045325,0.941277,4,0.079316,33.393352,38.561212,32.644246,0.858342,0.353866,0.300357,0.686,cuda
disp26,ami,076,up,076_up,5,4,144,jpegmix,36.541618,0.901039,33.40177,0.970929,4,0.042133,35.173144,44.13121,36.464203,0.923423,0.229996,0.232804,0.673,cuda
disp26,ami,076,zoom,076_zoom,5,4,144,jpegmix,38.204526,0.931893,34.293399,0.98026,4,0.032251,37.058382,44.462776,37.8812,0.938341,0.209219,0.244375,0.68,cuda
disp26,ami,077,back,077_back,2,4,144,jpegmix,34.87947,0.868024,32.090583,0.939731,4,0.071714,34.55254,38.995224,32.998083,0.846653,0.293292,0.328633,0.663,cuda
disp26,ami,077,down,077_down,2,4,144,jpegmix,34.419947,0.847488,31.876213,0.936746,4,0.074705,33.652314,39.087257,32.643274,0.827559,0.382043,0.33756,0.658,cuda
disp26,ami,077,front,077_front,2,4,144,jpegmix,36.891001,0.893552,33.984702,0.966777,4,0.042221,35.336866,44.110572,35.672942,0.90316,0.250324,0.286778,0.655,cuda
disp26,ami,077,left,077_left,2,4,144,jpegmix,34.974474,0.868805,32.450138,0.945542,4,0.070558,34.646088,39.087688,33.853973,0.863682,0.339232,0.31462,0.672,cuda
disp26,ami,077,right,077_right,2,4,144,jpegmix,38.213438,0.924835,34.729548,0.975719,4,0.036029,36.661938,44.675979,36.677432,0.919529,0.184571,0.273763,0.685,cuda
disp26,ami,077,up,077_up,2,4,144,jpegmix,36.934107,0.894017,34.08375,0.966373,4,0.042393,35.560534,44.006606,35.826351,0.897033,0.265618,0.290956,0.684,cuda
disp26,ami,077,zoom,077_zoom,2,4,144,jpegmix,35.163447,0.871549,32.250677,0.944355,4,0.070816,34.77822,39.182608,33.7768,0.861326,0.285449,0.305482,0.673,cuda
disp26,ami,078,back,078_back,2,4,144,jpegmix,36.447546,0.90366,33.4192,0.968483,4,0.047559,35.092496,43.124265,35.462301,0.906052,0.235153,0.252381,0.692,cuda
disp26,ami,078,down,078_down,2,4,144,jpegmix,33.492395,0.836141,31.140641,0.929626,4,0.086145,33.042995,37.940675,32.25603,0.820565,0.367703,0.312509,0.694,cuda
disp26,ami,078,front,078_front,2,4,144,jpegmix,34.112725,0.858994,31.526342,0.937387,4,0.082478,33.663166,38.294533,32.65262,0.8405,0.299116,0.304081,0.675,cuda
disp26,ami,078,left,078_left,2,4,144,jpegmix,36.573425,0.902386,33.770171,0.969116,4,0.04677,35.388178,43.430755,36.278874,0.915645,0.232451,0.256842,0.655,cuda
disp26,ami,078,right,078_right,2,4,144,jpegmix,34.082219,0.8627,31.310013,0.938304,4,0.083303,33.462712,38.224152,32.647048,0.840935,0.312871,0.281927,0.679,cuda
disp26,ami,078,up,078_up,2,4,144,jpegmix,36.595176,0.903261,33.780701,0.969058,4,0.047997,35.31852,43.417368,36.452124,0.916041,0.26353,0.250615,0.678,cuda
disp26,ami,078,zoom,078_zoom,2,4,144,jpegmix,34.913654,0.882093,32.165974,0.945826,4,0.077197,34.863563,38.686413,33.423781,0.858265,0.294074,0.276724,0.641,cuda
disp26,ami,079,back,079_back,4,4,144,jpegmix,33.482833,0.837978,30.656223,0.934737,4,0.078329,33.079129,38.361075,32.48968,0.8093,0.41325,0.309231,0.658,cuda
disp26,ami,079,down,079_down,4,4,144,jpegmix,33.688106,0.856392,31.011073,0.940777,4,0.079913,33.288199,38.496377,32.70198,0.832218,0.350672,0.313223,0.647,cuda
disp26,ami,079,front,079_front,4,4,144,jpegmix,35.504454,0.884944,32.68644,0.967908,4,0.051384,34.041275,43.754482,35.150817,0.897892,0.289898,0.272661,0.683,cuda
disp26,ami,079,left,079_left,4,4,144,jpegmix,34.403493,0.864064,31.641967,0.940798,4,0.075856,33.996847,38.995281,33.504397,0.847536,0.367169,0.306638,0.671,cuda
disp26,ami,079,right,079_right,4,4,144,jpegmix,36.390254,0.90826,33.251558,0.973008,4,0.044275,34.865764,43.854111,35.247744,0.901192,0.276493,0.263671,0.654,cuda
disp26,ami,079,up,079_up,4,4,144,jpegmix,33.029699,0.826612,30.394381,0.932867,4,0.08281,32.244891,38.165982,32.303858,0.828123,0.379559,0.319686,0.656,cuda
disp26,ami,079,zoom,079_zoom,4,4,144,jpegmix,34.098763,0.858683,31.006495,0.939757,4,0.075144,33.417208,38.794547,33.466494,0.851915,0.322213,0.292787,0.669,cuda
disp26,ami,080,back,080_back,3,4,144,jpegmix,37.961957,0.918968,34.959537,0.974523,4,0.040687,36.717947,44.896231,36.434753,0.909827,0.237526,0.258552,0.651,cuda
disp26,ami,080,down,080_down,3,4,144,jpegmix,35.507403,0.886451,32.802949,0.947973,4,0.063633,35.265721,39.760375,33.211118,0.847751,0.337814,0.313898,0.682,cuda
disp26,ami,080,front,080_front,3,4,144,jpegmix,38.280128,0.922559,35.177999,0.976017,4,0.035908,36.810991,45.311533,36.714772,0.914342,0.233359,0.280776,0.685,cuda
disp26,ami,080,left,080_left,3,4,144,jpegmix,35.598048,0.886042,32.870483,0.947307,4,0.067855,35.538961,39.665277,33.590607,0.850771,0.381037,0.335956,0.671,cuda
disp26,ami,080,right,080_right,3,4,144,jpegmix,35.412862,0.890449,32.515193,0.950314,4,0.071546,34.723613,39.723697,32.8717,0.842732,0.301929,0.326817,0.671,cuda
disp26,ami,080,up,080_up,3,4,144,jpegmix,37.360691,0.905007,34.603787,0.970334,4,0.040184,36.194866,44.54144,36.19259,0.903834,0.252,0.281886,0.666,cuda
disp26,ami,080,zoom,080_zoom,3,4,144,jpegmix,35.741219,0.890998,32.80444,0.948711,4,0.067798,35.489919,39.638777,33.560541,0.855826,0.325378,0.339594,0.66,cuda
disp26,ami,081,back,081_back,1,4,144,jpegmix,34.912339,0.869712,31.699092,0.943263,4,0.070221,34.413625,39.474226,32.76842,0.83187,0.350447,0.312288,0.654,cuda
disp26,ami,081,down,081_down,1,4,144,jpegmix,34.468735,0.854026,31.718818,0.941887,4,0.071003,33.733761,39.361243,32.571992,0.820812,0.414147,0.328392,0.682,cuda
disp26,ami,081,front,081_front,1,4,144,jpegmix,36.205396,0.881637,33.348263,0.96458,4,0.0461,34.544477,44.034668,34.846968,0.876515,0.293193,0.295087,0.667,cuda
disp26,ami,081,left,081_left,1,4,144,jpegmix,37.021632,0.891411,34.116017,0.966531,4,0.040359,35.675148,44.600813,35.856821,0.882312,0.331118,0.307308,0.68,cuda
disp26,ami,081,right,081_right,1,4,144,jpegmix,35.75906,0.901325,32.629,0.954363,4,0.069775,35.044082,40.031679,32.976135,0.844841,0.304608,0.310472,0.662,cuda
disp26,ami,081,up,081_up,1,4,144,jpegmix,35.814243,0.875442,33.053216,0.963685,4,0.049736,34.252162,43.842883,34.718929,0.872614,0.285826,0.297905,0.663,cuda
disp26,ami,081,zoom,081_zoom,1,4,144,jpegmix,37.011212,0.902965,33.703304,0.969695,4,0.04229,35.489657,44.31237,35.646461,0.900255,0.260068,0.26342,0.648,cuda
disp26,ami,082,back,082_back,2,4,144,jpegmix,34.533621,0.873782,31.671735,0.946136,4,0.079048,33.72974,39.168668,32.68105,0.849327,0.297989,0.30511,0.676,cuda
disp26,ami,082,down,082_down,2,4,144,jpegmix,33.760397,0.851937,31.204406,0.942094,4,0.07778,32.660842,38.75979,32.147854,0.848359,0.346971,0.3289,0.667,cuda
disp26,ami,082,front,082_front,2,4,144,jpegmix,35.919085,0.888598,33.22267,0.967735,4,0.047934,34.235525,43.889844,35.094915,0.901417,0.246205,0.261881,0.651,cuda
disp26,ami,082,left,082_left,2,4,144,jpegmix,36.524387,0.901692,33.659861,0.971531,4,0.046383,34.870231,44.105467,35.319197,0.906839,0.236241,0.261926,0.665,cuda
disp26,ami,082,right,082_right,2,4,144,jpegmix,36.98685,0.909519,34.027279,0.971989,4,0.044273,35.343743,44.295788,35.569168,0.907172,0.236823,0.260892,0.645,cuda
disp26,ami,082,up,082_up,2,4,144,jpegmix,34.196317,0.860241,31.441138,0.944084,4,0.07447,33.417647,38.909011,32.269473,0.84088,0.299525,0.287875,0.68,cuda
disp26,ami,082,zoom,082_zoom,2,4,144,jpegmix,37.007114,0.909677,33.937194,0.975112,4,0.043284,35.608348,44.347584,36.861207,0.932013,0.183212,0.235646,0.658,cuda
disp26,ami,083,back,083_back,4,4,144,jpegmix,33.840636,0.842759,30.971334,0.936824,4,0.079684,32.897729,38.724226,33.243372,0.851786,0.302152,0.33464,0.682,cuda
disp26,ami,083,down,083_down,4,4,144,jpegmix,35.418107,0.867634,32.715633,0.962427,4,0.049412,33.601433,43.701752,35.306094,0.903532,0.263646,0.275413,0.647,cuda
disp26,ami,083,front,083_front,4,4,144,jpegmix,35.575285,0.873606,32.710788,0.965286,4,0.049757,33.776785,43.508969,35.66761,0.90599,0.222846,0.280406,0.677,cuda
disp26,ami,083,left,083_left,4,4,144,jpegmix,34.038616,0.843431,31.314145,0.9396,4,0.081221,33.086028,38.783091,33.016348,0.852221,0.348259,0.323354,0.684,cuda
disp26,ami,083,right,083_right,4,4,144,jpegmix,34.480292,0.866084,31.665079,0.947164,4,0.079296,33.646929,39.101798,33.189326,0.850976,0.307229,0.322709,0.67,cuda
disp26,ami,083,up,083_up,4,4,144,jpegmix,33.032562,0.811225,30.410831,0.929818,4,0.08904,32.069623,38.136405,32.559165,0.83313,0.368348,0.341629,0.666,cuda
disp26,ami,083,zoom,083_zoom,4,4,144,jpegmix,34.247109,0.849566,31.355057,0.940978,4,0.07459,33.667336,38.582651,34.064442,0.878134,0.384117,0.35731,0.653,cuda
disp26,ami,084,back,084_back,3,4,144,jpegmix,34.076053,0.845554,31.445885,0.936437,4,0.076004,33.577084,38.863273,32.775684,0.839228,0.364272,0.298716,0.644,cuda
disp26,ami,084,down,084_down,3,4,144,jpegmix,33.343045,0.836093,31.022326,0.935166,4,0.079827,32.946094,38.278612,32.523778,0.837789,0.333985,0.330024,0.67,cuda
disp26,ami,084,front,084_front,3,4,144,jpegmix,35.63163,0.888003,33.186722,0.969461,4,0.046276,34.219789,43.901382,35.656826,0.907988,0.278566,0.289279,0.662,cuda
disp26,ami,084,left,084_left,3,4,144,jpegmix,34.134684,0.849897,31.793476,0.938219,4,0.079958,33.718912,38.83848,33.449466,0.850976,0.353983,0.326945,0.673,cuda
disp26,ami,084,right,084_right,3,4,144,jpegmix,36.76327,0.904,33.874009,0.972348,4,0.042154,35.04725,44.309914,35.638587,0.907003,0.236002,0.253366,0.645,cuda
disp26,ami,084,up,084_up,3,4,144,jpegmix,35.380228,0.884443,32.912105,0.96919,4,0.051061,33.89171,43.867482,35.494932,0.904817,0.257665,0.276903,0.659,cuda
disp26,ami,084,zoom,084_zoom,3,4,144,jpegmix,33.543761,0.848392,31.035891,0.936642,4,0.081858,33.28803,37.994257,32.928283,0.843045,0.347546,0.335958,0.669,cuda
disp26,ami,085,back,085_back,4,4,144,jpegmix,35.387246,0.873506,32.378887,0.945876,4,0.068916,35.456603,39.89624,33.922548,0.844543,0.322046,0.30982,0.653,cuda
disp26,ami,085,down,085_down,4,4,144,jpegmix,34.79768,0.857707,32.319405,0.94125,4,0.068437,34.1402,39.578103,33.723334,0.84887,0.362344,0.336809,0.663,cuda
disp26,ami,085,front,085_front,4,4,144,jpegmix,34.965214,0.862348,32.478224,0.943557,4,0.072322,34.664911,39.48414,33.872092,0.85205,0.364886,0.312974,0.643,cuda
disp26,ami,085,left,085_left,4,4,144,jpegmix,35.185774,0.863976,32.253719,0.939018,4,0.075946,34.884572,39.518703,34.138373,0.851433,0.362967,0.31251,0.69,cuda
disp26,ami,085,right,085_right,4,4,144,jpegmix,37.119913,0.902454,34.109326,0.970505,4,0.0399,35.816326,44.400949,36.2173,0.90559,0.269595,0.249457,0.675,cuda
disp26,ami,085,up,085_up,4,4,144,jpegmix,34.514173,0.851317,31.961724,0.939144,4,0.077135,34.082964,39.282163,33.276632,0.831757,0.344582,0.30737,0.672,cuda
disp26,ami,085,zoom,085_zoom,4,4,144,jpegmix,35.28423,0.874809,32.429991,0.948686,4,0.068699,34.993061,39.5706,34.202081,0.860904,0.382996,0.334898,0.681,cuda
disp26,ami,086,back,086_back,5,4,144,jpegmix,34.175179,0.860358,31.176073,0.942592,4,0.07298,33.91436,38.599824,32.486138,0.836752,0.301713,0.276679,0.646,cuda
disp26,ami,086,down,086_down,5,4,144,jpegmix,33.579765,0.845078,30.93604,0.937789,4,0.080217,32.744808,38.422634,32.18812,0.830688,0.320899,0.29603,0.648,cuda
disp26,ami,086,front,086_front,5,4,144,jpegmix,33.403063,0.837655,30.896072,0.935883,4,0.082955,32.811795,38.155045,32.08498,0.827913,0.358135,0.295456,0.648,cuda
disp26,ami,086,left,086_left,5,4,144,jpegmix,36.688713,0.899715,33.782858,0.969713,4,0.044479,35.403033,44.040658,36.130879,0.908034,0.233365,0.241921,0.68,cuda
disp26,ami,086,right,086_right,5,4,144,jpegmix,34.723622,0.872697,31.467442,0.942505,4,0.073881,34.336954,38.918168,32.864712,0.841155,0.311676,0.289712,0.663,cuda
disp26,ami,086,up,086_up,5,4,144,jpegmix,33.801813,0.85046,30.846572,0.938282,4,0.077666,33.277843,38.329835,32.061795,0.83137,0.310951,0.284479,0.66,cuda
disp26,ami,086,zoom,086_zoom,5,4,144,jpegmix,33.979962,0.860768,31.229839,0.939265,4,0.074075,33.919763,38.155039,32.91201,0.857292,0.329418,0.306451,0.657,cuda
disp26,ami,087,back,087_back,4,4,144,jpegmix,33.811866,0.838946,31.218576,0.932009,4,0.086598,33.10911,38.477844,32.408585,0.82748,0.377662,0.298125,0.675,cuda
disp26,ami,087,down,087_down,4,4,144,jpegmix,36.854464,0.911083,33.814405,0.974471,4,0.043136,35.647409,44.05427,36.162494,0.922075,0.237715,0.246824,0.663,cuda
disp26,ami,087,front,087_front,4,4,144,jpegmix,34.807629,0.875752,31.953183,0.944746,4,0.079992,34.366339,38.895868,32.937894,0.849679,0.333458,0.314607,0.681,cuda
disp26,ami,087,left,087_left,4,4,144,jpegmix,37.321133,0.914434,34.198166,0.973932,4,0.040363,36.082245,44.273229,36.658963,0.923686,0.243366,0.249211,0.675,cuda
disp26,ami,087,right,087_right,4,4,144,jpegmix,37.736101,0.92856,34.426272,0.978273,4,0.036281,36.018617,44.375877,36.157336,0.915813,0.196402,0.230681,0.656,cuda
disp26,ami,087,up,087_up,4,4,144,jpegmix,36.68855,0.911154,33.679313,0.974219,4,0.042708,35.320903,43.902347,36.168048,0.913723,0.240081,0.232746,0.692,cuda
disp26,ami,087,zoom,087_zoom,4,4,144,jpegmix,35.190644,0.884793,32.053114,0.951809,4,0.070286,34.863823,39.188621,33.729119,0.864978,0.235187,0.285435,0.679,cuda
disp26,ami,088,back,088_back,1,4,144,jpegmix,36.006959,0.898892,33.292455,0.968856,4,0.047203,34.504329,43.079384,35.756865,0.915948,0.2274,0.230699,0.666,cuda
disp26,ami,088,down,088_down,1,4,144,jpegmix,37.439925,0.923814,34.037153,0.977388,4,0.036389,36.164176,44.284495,36.405947,0.92683,0.217348,0.263911,0.686,cuda
disp26,ami,088,front,088_front,1,4,144,jpegmix,34.230346,0.867104,31.371563,0.94594,4,0.069379,33.56586,38.934969,32.57257,0.845008,0.293166,0.327998,0.675,cuda
disp26,ami,088,left,088_left,1,4,144,jpegmix,38.066571,0.931648,34.665888,0.979173,4,0.036725,36.843442,44.593308,37.193399,0.933893,0.203171,0.255209,0.656,cuda
disp26,ami,088,right,088_right,1,4,144,jpegmix,37.697209,0.927463,34.229526,0.976958,4,0.03492,36.219345,44.399546,36.177543,0.91289,0.199467,0.245685,0.67,cuda
disp26,ami,088,up,088_up,1,4,144,jpegmix,34.340425,0.874206,31.381464,0.949596,4,0.072068,33.781918,38.628708,33.356825,0.867337,0.315829,0.320372,0.645,cuda
disp26,ami,088,zoom,088_zoom,1,4,144,jpegmix,34.931657,0.886378,31.700305,0.951792,4,0.065894,34.618533,39.049482,34.125756,0.866551,0.26932,0.303933,0.668,cuda
disp26,ami,089,back,089_back,1,4,144,jpegmix,34.167398,0.871612,31.34574,0.944955,4,0.076312,33.934382,38.190031,32.618869,0.853069,0.295643,0.291772,0.665,cuda
disp26,ami,089,down,089_down,1,4,144,jpegmix,36.737787,0.906691,33.792752,0.97355,4,0.040268,35.398086,43.896169,36.729116,0.921666,0.249551,0.239506,0.669,cuda
disp26,ami,089,front,089_front,1,4,144,jpegmix,36.810418,0.909192,33.768223,0.973098,4,0.040208,35.316146,43.943665,36.227336,0.915652,0.230322,0.244442,0.655,cuda
disp26,ami,089,left,089_left,1,4,144,jpegmix,34.046665,0.859788,31.49213,0.940032,4,0.080222,33.619391,38.4116,33.749541,0.86217,0.324057,0.309528,0.674,cuda
disp26,ami,089,right,089_right,1,4,144,jpegmix,37.146259,0.912667,33.772561,0.972555,4,0.042123,35.56553,43.826048,36.033507,0.906704,0.250172,0.252198,0.683,cuda
disp26,ami,089,up,089_up,1,4,144,jpegmix,34.78773,0.876527,31.657002,0.948859,4,0.069437,34.385784,38.933514,33.621033,0.871386,0.339889,0.279384,0.664,cuda
disp26,ami,089,zoom,089_zoom,1,4,144,jpegmix,37.36163,0.919696,34.206032,0.976925,4,0.040693,36.208727,43.978644,37.523284,0.937726,0.223284,0.205333,0.64,cuda
disp26,ami,090,back,090_back,1,4,144,jpegmix,32.836952,0.857538,30.375133,0.937403,4,0.086419,31.850477,37.761153,30.32687,0.816172,0.272826,0.28635,0.669,cuda
disp26,ami,090,down,090_down,1,4,144,jpegmix,36.204767,0.914279,33.378283,0.974434,4,0.041963,34.402543,43.820651,34.176874,0.906407,0.194444,0.241921,0.68,cuda
disp26,ami,090,front,090_front,1,4,144,jpegmix,36.190573,0.916353,33.397659,0.974126,4,0.041065,34.307167,43.718557,34.056836,0.910035,0.184276,0.256951,0.671,cuda
disp26,ami,090,left,090_left,1,4,144,jpegmix,35.333649,0.915035,32.789642,0.973233,4,0.046324,33.236282,43.689096,32.906448,0.906685,0.210434,0.237766,0.671,cuda
disp26,ami,090,right,090_right,1,4,144,jpegmix,36.371558,0.917871,33.429847,0.973944,4,0.042719,34.584364,43.897838,34.147736,0.903826,0.205414,0.253307,0.668,cuda
disp26,ami,090,up,090_up,1,4,144,jpegmix,33.300443,0.865,30.734917,0.945128,4,0.07899,32.381566,38.080323,31.711253,0.854116,0.330633,0.298094,0.668,cuda
disp26,ami,090,zoom,090_zoom,1,4,144,jpegmix,33.476741,0.876417,30.686063,0.948549,4,0.07634,32.912364,37.789675,31.694176,0.861355,0.279025,0.290889,0.655,cuda
disp26,ami,091,back,091_back,4,4,144,jpegmix,32.422248,0.822538,30.095984,0.931861,4,0.094607,31.116182,37.940114,31.483459,0.813241,0.343463,0.293478,0.67,cuda
disp26,ami,091,down,091_down,4,4,144,jpegmix,34.707238,0.868849,32.29955,0.966623,4,0.061129,32.665267,43.928431,35.318049,0.913328,0.264641,0.265946,0.674,cuda
disp26,ami,091,front,091_front,4,4,144,jpegmix,31.919978,0.790357,29.727616,0.924036,4,0.104816,30.752686,37.769546,31.402189,0.813905,0.401049,0.336297,0.667,cuda
disp26,ami,091,left,091_left,4,4,144,jpegmix,33.480567,0.841062,31.14664,0.941249,4,0.089092,32.473038,38.700276,32.81145,0.845847,0.351303,0.328506,0.658,cuda
disp26,ami,091,right,091_right,4,4,144,jpegmix,36.08918,0.894578,33.28308,0.970426,4,0.04843,34.417498,43.691041,34.919588,0.896625,0.224207,0.284394,0.683,cuda
disp26,ami,091,up,091_up,4,4,144,jpegmix,32.262875,0.806058,30.146667,0.928586,4,0.091403,31.405357,37.527386,31.840553,0.82013,0.371023,0.311341,0.667,cuda
disp26,ami,091,zoom,091_zoom,4,4,144,jpegmix,35.392567,0.883424,32.841779,0.969494,4,0.056353,33.536243,43.80172,35.890375,0.911648,0.231026,0.281138,0.671,cuda
disp26,ami,092,back,092_back,3,4,144,jpegmix,32.31577,0.780977,29.706648,0.916825,4,0.088142,31.456736,37.689147,32.095204,0.821122,0.415162,0.316427,0.687,cuda
disp26,ami,092,down,092_down,3,4,144,jpegmix,34.437968,0.836724,31.77627,0.95603,4,0.056617,33.155479,43.003505,35.055567,0.889727,0.333384,0.26977,0.666,cuda
disp26,ami,092,front,092_front,3,4,144,jpegmix,34.315218,0.840092,31.653823,0.957306,4,0.052403,33.093745,43.088523,34.90664,0.885895,0.34262,0.287871,0.683,cuda
disp26,ami,092,left,092_left,3,4,144,jpegmix,33.852364,0.823239,31.233809,0.935598,4,0.079762,33.133372,39.216729,33.866921,0.854115,0.47541,0.37191,0.648,cuda
disp26,ami,092,right,092_right,3,4,144,jpegmix,34.478859,0.832219,31.672961,0.954254,4,0.054473,33.024694,43.114978,34.753866,0.870394,0.383975,0.294487,0.684,cuda
disp26,ami,092,up,092_up,3,4,144,jpegmix,32.59689,0.789767,29.888392,0.921947,4,0.090053,31.74561,37.919716,32.571683,0.828341,0.425066,0.303047,0.663,cuda
disp26,ami,092,zoom,092_zoom,3,4,144,jpegmix,33.703279,0.836622,30.62376,0.937199,4,0.078064,33.126035,38.330714,33.774453,0.863657,0.416632,0.342844,0.664,cuda
disp26,ami,093,back,093_back,4,4,144,jpegmix,34.450246,0.868199,31.926196,0.962495,4,0.054643,32.813097,43.562308,34.882092,0.901782,0.249394,0.245325,0.648,cuda
disp26,ami,093,down,093_down,4,4,144,jpegmix,33.675679,0.847462,30.852533,0.940937,4,0.076024,33.162711,38.828083,32.895593,0.854264,0.352221,0.318573,0.674,cuda
disp26,ami,093,front,093_front,4,4,144,jpegmix,35.348349,0.882948,32.567754,0.967796,4,0.046358,33.973224,43.608905,35.678563,0.907659,0.308043,0.301043,0.665,cuda
disp26,ami,093,left,093_left,4,4,144,jpegmix,36.134717,0.898382,33.219617,0.970589,4,0.043579,34.747937,44.445385,35.685676,0.904514,0.282947,0.290245,0.653,cuda
disp26,ami,093,right,093_right,4,4,144,jpegmix,33.558549,0.848091,30.619402,0.940768,4,0.084274,32.708008,38.391803,32.534335,0.846279,0.363315,0.302111,0.651,cuda
disp26,ami,093,up,093_up,4,4,144,jpegmix,32.762322,0.826875,30.074591,0.938208,4,0.077818,31.940245,38.053691,32.698212,0.851803,0.365378,0.32307,0.652,cuda
disp26,ami,093,zoom,093_zoom,4,4,144,jpegmix,33.43101,0.84773,30.571816,0.943293,4,0.075881,32.597469,38.372675,33.697957,0.86032,0.40754,0.347411,0.68,cuda
disp26,ami,094,back,094_back,3,4,144,jpegmix,34.532268,0.883763,31.843449,0.967708,4,0.052534,32.094996,43.566213,34.068515,0.890123,0.280386,0.258899,0.658,cuda
disp26,ami,094,down,094_down,3,4,144,jpegmix,36.831191,0.909385,33.707013,0.973975,4,0.040149,35.394196,44.115945,35.880492,0.918607,0.218883,0.256973,0.682,cuda
disp26,ami,094,front,094_front,3,4,144,jpegmix,37.094226,0.911862,33.680477,0.974057,4,0.038704,35.766435,44.131646,36.121012,0.911397,0.237199,0.25189,0.669,cuda
disp26,ami,094,left,094_left,3,4,144,jpegmix,34.587198,0.868757,31.600908,0.947951,4,0.072763,34.024643,39.110832,33.18234,0.852709,0.337723,0.316889,0.682,cuda
disp26,ami,094,right,094_right,3,4,144,jpegmix,36.024592,0.894679,32.805834,0.971016,4,0.045509,34.390859,44.026048,35.498365,0.905279,0.256196,0.260245,0.664,cuda
disp26,ami,094,up,094_up,3,4,144,jpegmix,34.049088,0.861615,31.031516,0.944551,4,0.077102,33.112073,38.673888,33.188867,0.855766,0.347838,0.307315,0.661,cuda
disp26,ami,094,zoom,094_zoom,3,4,144,jpegmix,33.859998,0.860716,30.826487,0.946232,4,0.078898,33.200143,38.493802,33.264025,0.860677,0.311071,0.290437,0.676,cuda
disp26,ami,095,back,095_back,3,4,144,jpegmix,36.871143,0.90822,33.836804,0.973854,4,0.039953,35.315819,44.324331,35.958768,0.914451,0.202357,0.265239,0.666,cuda
disp26,ami,095,down,095_down,3,4,144,jpegmix,36.309706,0.899152,33.633738,0.970839,4,0.045292,34.662228,44.11007,35.104908,0.907518,0.226448,0.268208,0.659,cuda
disp26,ami,095,front,095_front,3,4,144,jpegmix,33.510728,0.847535,31.051039,0.937884,4,0.079152,32.586409,38.230702,31.835418,0.823844,0.335513,0.320285,0.659,cuda
disp26,ami,095,left,095_left,3,4,144,jpegmix,33.6885,0.848256,31.213839,0.938418,4,0.078383,32.877729,38.556774,32.039739,0.830702,0.315403,0.323952,0.651,cuda
disp26,ami,095,right,095_right,3,4,144,jpegmix,36.290027,0.908272,33.232096,0.975087,4,0.039645,34.364069,44.351382,35.394802,0.908257,0.234093,0.270383,0.66,cuda
disp26,ami,095,up,095_up,3,4,144,jpegmix,33.289063,0.839745,30.827482,0.942023,4,0.077144,32.325068,38.611986,32.316975,0.8329,0.332755,0.309841,0.648,cuda
disp26,ami,095,zoom,095_zoom,3,4,144,jpegmix,33.458036,0.847501,30.89818,0.940655,4,0.080438,32.513442,38.092503,32.458149,0.839531,0.315488,0.315906,0.637,cuda
disp26,ami,096,back,096_back,5,4,144,jpegmix,32.187626,0.814734,29.539853,0.936044,4,0.086108,30.719579,38.082551,32.623842,0.831103,0.365317,0.297964,0.677,cuda
disp26,ami,096,down,096_down,5,4,144,jpegmix,34.133017,0.878749,31.434506,0.968968,4,0.049646,32.090736,43.399654,35.261519,0.901226,0.316634,0.277896,0.67,cuda
disp26,ami,096,front,096_front,5,4,144,jpegmix,33.793082,0.875601,31.122372,0.966552,4,0.053964,31.543588,43.423901,35.005181,0.885374,0.272736,0.265779,0.678,cuda
disp26,ami,096,left,096_left,5,4,144,jpegmix,33.535153,0.84197,30.527395,0.942303,4,0.073431,33.044393,38.516174,32.625219,0.82431,0.387331,0.304462,0.662,cuda
disp26,ami,096,right,096_right,5,4,144,jpegmix,32.966898,0.827037,30.002242,0.937918,4,0.084068,32.251894,38.072588,32.003576,0.81186,0.375124,0.287873,0.655,cuda
disp26,ami,096,up,096_up,5,4,144,jpegmix,31.628209,0.804297,28.985986,0.931235,4,0.087829,30.178502,37.669937,32.631342,0.820848,0.391604,0.289679,0.643,cuda
disp26,ami,096,zoom,096_zoom,5,4,144,jpegmix,32.642392,0.830964,29.648682,0.940255,4,0.084573,31.640629,38.282305,33.132979,0.84009,0.368997,0.287458,0.687,cuda
disp26,ami,097,back,097_back,4,4,144,jpegmix,34.074064,0.854641,31.358336,0.937925,4,0.07955,33.187354,38.99913,31.921255,0.814107,0.363275,0.327262,0.667,cuda
disp26,ami,097,down,097_down,4,4,144,jpegmix,36.644879,0.900584,33.715703,0.970342,4,0.043053,35.324487,44.324763,35.304335,0.893957,0.264907,0.286821,0.656,cuda
disp26,ami,097,front,097_front,4,4,144,jpegmix,36.059541,0.896341,33.348129,0.970538,4,0.047894,34.417967,43.881137,35.048887,0.893953,0.244582,0.27944,0.646,cuda
disp26,ami,097,left,097_left,4,4,144,jpegmix,36.447565,0.907111,33.817504,0.972758,4,0.047496,34.762381,44.407967,35.973107,0.913952,0.233509,0.270944,0.683,cuda
disp26,ami,097,right,097_right,4,4,144,jpegmix,36.137108,0.896395,33.217068,0.969236,4,0.045881,34.590992,43.852543,35.321795,0.897123,0.260042,0.27554,0.69,cuda
disp26,ami,097,up,097_up,4,4,144,jpegmix,33.905436,0.851696,31.472899,0.937086,4,0.080203,33.166051,38.616791,32.459828,0.825595,0.340431,0.321117,0.659,cuda
disp26,ami,097,zoom,097_zoom,4,4,144,jpegmix,34.230069,0.863786,31.372232,0.944716,4,0.073499,33.70305,38.572612,33.106268,0.854875,0.319842,0.315633,0.683,cuda
disp26,ami,098,back,098_back,2,4,144,jpegmix,36.413995,0.898606,33.304624,0.969381,4,0.043996,34.866937,44.195646,34.9809,0.881883,0.248273,0.268992,0.668,cuda
disp26,ami,098,down,098_down,2,4,144,jpegmix,34.698763,0.870236,31.708188,0.94569,4,0.076976,33.904923,39.448434,32.773959,0.842076,0.38017,0.304138,0.689,cuda
disp26,ami,098,front,098_front,2,4,144,jpegmix,36.914475,0.907846,33.708608,0.971438,4,0.04419,35.220656,44.250136,35.750067,0.906068,0.29384,0.284643,0.671,cuda
disp26,ami,098,left,098_left,2,4,144,jpegmix,35.625174,0.888133,32.741441,0.949805,4,0.066416,35.255936,39.969999,33.825923,0.861712,0.387761,0.322535,0.663,cuda
disp26,ami,098,right,098_right,2,4,144,jpegmix,34.411924,0.86812,31.436922,0.945307,4,0.071919,33.531108,38.965188,32.909877,0.837951,0.319649,0.305106,0.643,cuda
disp26,ami,098,up,098_up,2,4,144,jpegmix,35.593879,0.881395,32.605588,0.96483,4,0.048069,33.980927,43.087902,34.770901,0.88319,0.286857,0.269463,0.672,cuda
disp26,ami,098,zoom,098_zoom,2,4,144,jpegmix,34.577027,0.867219,31.389899,0.941584,4,0.07569,34.072168,38.808676,32.790377,0.835751,0.370716,0.326832,0.681,cuda
disp26,ami,099,back,099_back,1,4,144,jpegmix,33.74038,0.845016,30.990173,0.938591,4,0.07481,33.066725,38.678888,32.3594,0.829666,0.330393,0.325454,0.651,cuda
disp26,ami,099,down,099_down,1,4,144,jpegmix,33.877345,0.853384,31.133501,0.942459,4,0.072618,32.921666,38.657182,32.594079,0.842921,0.338426,0.310127,0.65,cuda
disp26,ami,099,front,099_front,1,4,144,jpegmix,35.739509,0.884421,32.897152,0.969522,4,0.045572,34.352926,43.683226,35.64579,0.901306,0.28441,0.288523,0.671,cuda
disp26,ami,099,left,099_left,1,4,144,jpegmix,34.257028,0.860504,31.649313,0.948311,4,0.069698,33.682466,38.915756,33.149075,0.844614,0.349686,0.301795,0.66,cuda
disp26,ami,099,right,099_right,1,4,144,jpegmix,33.661077,0.842664,30.801214,0.938,4,0.079108,32.838383,38.326179,32.341873,0.825051,0.3881,0.311293,0.682,cuda
disp26,ami,099,up,099_up,1,4,144,jpegmix,33.570465,0.836796,30.882537,0.93564,4,0.076859,33.007279,38.154093,32.98175,0.843543,0.360815,0.302738,0.67,cuda
disp26,ami,099,zoom,099_zoom,1,4,144,jpegmix,34.068803,0.859755,31.165542,0.943695,4,0.078454,33.468254,38.54214,33.598621,0.857729,0.35302,0.311203,0.655,cuda
disp26,ami,100,back,100_back,1,4,144,jpegmix,33.572426,0.80672,30.641996,0.922065,4,0.081087,32.678676,38.67997,32.665082,0.811898,0.453073,0.347639,0.679,cuda
disp26,ami,100,down,100_down,1,4,144,jpegmix,34.850632,0.846396,32.262051,0.95997,4,0.054003,33.387742,43.816515,35.311081,0.888609,0.356072,0.296971,0.661,cuda
disp26,ami,100,front,100_front,1,4,144,jpegmix,35.018133,0.848595,32.260515,0.957653,4,0.050032,33.588184,43.467468,35.065459,0.8737,0.368895,0.292746,0.656,cuda
disp26,ami,100,left,100_left,1,4,144,jpegmix,33.782077,0.809542,31.091238,0.924652,4,0.078029,33.026161,39.206128,32.626228,0.802569,0.490546,0.367233,0.683,cuda
disp26,ami,100,right,100_right,1,4,144,jpegmix,32.908182,0.786837,30.066718,0.918442,4,0.081684,31.924632,38.371792,32.296701,0.801547,0.499348,0.32429,0.655,cuda
disp26,ami,100,up,100_up,1,4,144,jpegmix,34.423524,0.831926,31.791918,0.951425,4,0.049941,33.18451,43.13653,34.302519,0.846728,0.340044,0.266433,0.66,cuda
disp26,ami,100,zoom,100_zoom,1,4,144,jpegmix,34.788315,0.851545,32.002011,0.961346,4,0.051841,33.221952,43.893102,35.686214,0.884565,0.356226,0.284536,0.682,cuda
disp26,ami,101,back,101_back,1,4,144,jpegmix,36.048022,0.890296,32.99242,0.968204,4,0.04522,34.371236,44.03151,35.153512,0.89631,0.24127,0.269255,0.65,cuda
disp26,ami,101,down,101_down,1,4,144,jpegmix,36.554246,0.899088,33.587482,0.970132,4,0.042198,35.036222,44.404683,35.807343,0.913347,0.280603,0.253573,0.668,cuda
disp26,ami,101,front,101_front,1,4,144,jpegmix,36.788948,0.90502,33.769367,0.971807,4,0.041895,35.49151,44.110451,35.833703,0.910112,0.231528,0.282336,0.66,cuda
disp26,ami,101,left,101_left,1,4,144,jpegmix,36.788261,0.900168,33.841484,0.968978,4,0.043845,35.232355,44.333029,35.722485,0.900268,0.291504,0.292626,0.654,cuda
disp26,ami,101,right,101_right,1,4,144,jpegmix,36.325452,0.898344,33.297369,0.970246,4,0.043558,35.039036,43.914119,35.425452,0.900136,0.27105,0.278184,0.668,cuda
disp26,ami,101,up,101_up,1,4,144,jpegmix,33.611773,0.842781,30.875211,0.936299,4,0.081121,33.127323,38.356358,32.65734,0.835804,0.338556,0.309825,0.655,cuda
disp26,ami,101,zoom,101_zoom,1,4,144,jpegmix,34.344875,0.861633,31.357771,0.941933,4,0.074753,33.751201,38.720404,33.056677,0.850243,0.354678,0.307235,0.688,cuda
disp26,ami,102,back,102_back,1,4,144,jpegmix,33.176799,0.822869,30.251694,0.934875,4,0.082324,32.83168,37.854054,32.15482,0.824437,0.392353,0.32397,0.667,cuda
disp26,ami,102,down,102_down,1,4,144,jpegmix,32.650202,0.802826,30.156677,0.92768,4,0.087639,32.178008,37.610582,32.43647,0.834469,0.431563,0.327278,0.651,cuda
disp26,ami,102,front,102_front,1,4,144,jpegmix,32.951709,0.813911,30.354611,0.934688,4,0.084966,32.471913,38.077753,33.037108,0.838995,0.385621,0.317299,0.642,cuda
disp26,ami,102,left,102_left,1,4,144,jpegmix,33.563783,0.825028,30.790407,0.938683,4,0.075611,33.126924,38.705535,33.191726,0.847021,0.410002,0.334529,0.656,cuda
disp26,ami,102,right,102_right,1,4,144,jpegmix,34.344014,0.850187,31.800565,0.961555,4,0.056397,32.822316,42.984718,33.932494,0.870846,0.318387,0.266877,0.679,cuda
disp26,ami,102,up,102_up,1,4,144,jpegmix,32.401458,0.790365,30.04763,0.926871,4,0.08935,31.759351,37.729924,32.403108,0.826925,0.425031,0.322426,0.658,cuda
disp26,ami,102,zoom,102_zoom,1,4,144,jpegmix,33.432475,0.834053,30.739251,0.938926,4,0.074321,33.008146,38.198831,33.491866,0.847612,0.424372,0.328326,0.654,cuda
disp26,ami,103,back,103_back,2,4,144,jpegmix,33.985286,0.855185,30.911311,0.939007,4,0.077338,33.224813,38.624203,32.109936,0.818734,0.352032,0.325045,0.666,cuda
disp26,ami,103,down,103_down,2,4,144,jpegmix,34.753729,0.87544,31.669825,0.947229,4,0.073368,34.045055,39.048776,32.820145,0.851734,0.321426,0.297053,0.663,cuda
disp26,ami,103,front,103_front,2,4,144,jpegmix,34.316707,0.866666,31.222253,0.947127,4,0.072228,33.588297,38.810073,32.595194,0.846846,0.324574,0.297263,0.674,cuda
disp26,ami,103,left,103_left,2,4,144,jpegmix,35.238471,0.88721,32.01,0.948923,4,0.067527,34.922038,39.291169,32.911885,0.850984,0.322389,0.304963,0.662,cuda
disp26,ami,103,right,103_right,2,4,144,jpegmix,34.458425,0.873609,31.411188,0.944163,4,0.073296,34.015046,38.622984,32.824119,0.842205,0.335795,0.286643,0.654,cuda
disp26,ami,103,up,103_up,2,4,144,jpegmix,33.900189,0.858776,31.0119,0.943602,4,0.079121,32.712221,38.910512,33.371428,0.851731,0.369088,0.297575,0.648,cuda
disp26,ami,103,zoom,103_zoom,2,4,144,jpegmix,34.634723,0.876823,31.321971,0.951765,4,0.070786,33.935198,38.939901,33.176159,0.855392,0.326656,0.306854,0.649,cuda
disp26,ami,104,back,104_back,4,4,144,jpegmix,32.296274,0.834687,29.555171,0.929433,4,0.090586,31.226983,37.675288,29.846604,0.793083,0.335904,0.340518,0.646,cuda
disp26,ami,104,down,104_down,4,4,144,jpegmix,32.768944,0.839426,30.099231,0.931627,4,0.088203,31.287146,38.344014,30.577046,0.823343,0.374077,0.32963,0.675,cuda
disp26,ami,104,front,104_front,4,4,144,jpegmix,35.309009,0.890905,32.554805,0.965978,4,0.049807,33.5108,43.501991,33.661294,0.89139,0.280767,0.283394,0.652,cuda
disp26,ami,104,left,104_left,4,4,144,jpegmix,33.223085,0.845077,30.70121,0.93418,4,0.080292,32.080856,38.547684,30.962787,0.793624,0.373942,0.332142,0.645,cuda
disp26,ami,104,right,104_right,4,4,144,jpegmix,32.920574,0.850021,30.161804,0.935108,4,0.084786,31.771561,37.977103,30.557629,0.812107,0.348893,0.329735,0.649,cuda
disp26,ami,104,up,104_up,4,4,144,jpegmix,34.702856,0.880511,32.052778,0.963448,4,0.05651,32.732695,43.35698,34.128667,0.898044,0.281095,0.280377,0.663,cuda
disp26,ami,104,zoom,104_zoom,4,4,144,jpegmix,32.776156,0.839469,30.001822,0.932289,4,0.082709,31.447521,38.104677,31.735737,0.841744,0.384082,0.33583,0.637,cuda
disp26,ami,105,back,105_back,5,4,144,jpegmix,33.511477,0.830663,30.520423,0.936064,4,0.08507,32.641031,38.644567,31.885905,0.80522,0.355392,0.306012,0.665,cuda
disp26,ami,105,down,105_down,5,4,144,jpegmix,33.412285,0.841406,30.349884,0.940015,4,0.076986,32.622713,38.378641,31.784768,0.836794,0.35093,0.295154,0.663,cuda
disp26,ami,105,front,105_front,5,4,144,jpegmix,32.739171,0.81992,29.826464,0.934916,4,0.084712,31.573512,38.128293,31.797944,0.815618,0.36158,0.27496,0.641,cuda
disp26,ami,105,left,105_left,5,4,144,jpegmix,34.020663,0.845311,30.68439,0.939443,4,0.076896,33.234961,38.976462,32.327449,0.828241,0.342271,0.309108,0.651,cuda
disp26,ami,105,right,105_right,5,4,144,jpegmix,33.225884,0.838904,30.056945,0.939253,4,0.08166,32.494784,38.123875,32.240566,0.823193,0.362139,0.288851,0.656,cuda
disp26,ami,105,up,105_up,5,4,144,jpegmix,32.257331,0.812759,29.506802,0.930737,4,0.090273,31.27368,37.735514,32.374518,0.82197,0.377207,0.291891,0.67,cuda
disp26,ami,105,zoom,105_zoom,5,4,144,jpegmix,35.571844,0.881192,32.237863,0.969636,4,0.048141,34.018151,43.633476,35.407853,0.890045,0.269784,0.260827,0.671,cuda
disp26,ami,106,back,106_back,3,4,144,jpegmix,32.899375,0.800886,30.447033,0.921259,4,0.084332,32.020688,38.37861,32.543733,0.820259,0.43306,0.348095,0.676,cuda
disp26,ami,106,down,106_down,3,4,144,jpegmix,32.928567,0.809049,30.463148,0.925667,4,0.088327,32.22633,38.151014,33.081493,0.847392,0.471917,0.344745,0.66,cuda
disp26,ami,106,front,106_front,3,4,144,jpegmix,33.42423,0.820467,30.768721,0.934925,4,0.077837,32.803143,38.821372,33.390487,0.855744,0.456186,0.325521,0.646,cuda
disp26,ami,106,left,106_left,3,4,144,jpegmix,33.273566,0.817555,30.919079,0.931921,4,0.085321,32.335938,38.644666,33.560327,0.84745,0.430475,0.360202,0.661,cuda
disp26,ami,106,right,106_right,3,4,144,jpegmix,32.643688,0.783138,30.044071,0.910174,4,0.088701,31.774206,38.035835,32.738293,0.818152,0.491943,0.33988,0.656,cuda
disp26,ami,106,up,106_up,3,4,144,jpegmix,33.562256,0.81894,30.953961,0.930496,4,0.078625,32.980144,38.644494,33.577574,0.851457,0.454359,0.357736,0.658,cuda
disp26,ami,106,zoom,106_zoom,3,4,144,jpegmix,35.73506,0.88221,32.981872,0.967935,4,0.049531,34.60179,44.119109,36.592498,0.914471,0.313393,0.290362,0.647,cuda
