model,dataset,subject,view,key,fold,scale,tier,degrade,psnr_y,ssim_y,psnr_rgb,ms_ssim_y,ms_ssim_scales,gmsd,grad_psnr,lr_psnr_y,psnr_y_c,ssim_y_c,lpips,dists,host_ms,device
disp26,ami,000,back,000_back,3,4,144,bic,34.430666,0.853706,32.712587,0.9717,4,0.049484,32.416456,71.975443,35.888058,0.919859,0.236844,0.226933,3.757,cuda
disp26,ami,000,down,000_down,3,4,144,bic,33.860703,0.84531,32.135692,0.972036,4,0.042114,31.980253,69.62979,35.444863,0.919916,0.267357,0.235295,0.615,cuda
disp26,ami,000,front,000_front,3,4,144,bic,33.902346,0.851015,32.168218,0.974714,4,0.042309,31.966791,75.328977,36.073927,0.932877,0.261322,0.239333,0.64,cuda
disp26,ami,000,left,000_left,3,4,144,bic,34.341675,0.858654,32.603318,0.974935,4,0.042132,32.398716,70.758288,35.907254,0.92386,0.262944,0.222986,0.69,cuda
disp26,ami,000,right,000_right,3,4,144,bic,34.034062,0.849679,32.323598,0.973862,4,0.041133,31.900886,76.448851,35.916742,0.928902,0.231776,0.247036,0.682,cuda
disp26,ami,000,up,000_up,3,4,144,bic,33.75555,0.848851,32.036846,0.973988,4,0.045477,31.964798,72.787946,35.999803,0.928575,0.240067,0.253876,0.681,cuda
disp26,ami,000,zoom,000_zoom,3,4,144,bic,36.221141,0.916343,34.386109,0.987275,4,0.029689,34.311941,67.721581,39.04745,0.95051,0.229367,0.208615,0.66,cuda
disp26,ami,001,back,001_back,1,4,144,bic,37.322618,0.904946,35.761751,0.982236,4,0.039032,35.279971,73.902534,38.473864,0.93916,0.19573,0.238671,0.666,cuda
disp26,ami,001,down,001_down,1,4,144,bic,38.766912,0.927392,37.10205,0.986691,4,0.020023,36.651295,76.045415,39.40326,0.954097,0.166044,0.21285,0.683,cuda
disp26,ami,001,front,001_front,1,4,144,bic,39.511711,0.934117,37.778308,0.987701,4,0.020625,37.418794,77.080408,40.058396,0.955816,0.163296,0.216359,0.68,cuda
disp26,ami,001,left,001_left,1,4,144,bic,39.777801,0.937155,38.07548,0.987814,4,0.021837,37.613238,72.440598,39.898183,0.956302,0.18364,0.232745,0.69,cuda
disp26,ami,001,right,001_right,1,4,144,bic,38.707308,0.926077,37.044807,0.985228,4,0.026737,36.474545,81.275926,38.250144,0.937335,0.157783,0.233662,0.659,cuda
disp26,ami,001,up,001_up,1,4,144,bic,37.502616,0.911513,35.865255,0.983766,4,0.024335,35.46877,80.428628,38.322737,0.939484,0.199309,0.206824,0.66,cuda
disp26,ami,001,zoom,001_zoom,1,4,144,bic,39.586575,0.936419,37.854102,0.98879,4,0.022026,37.413546,78.62442,40.927242,0.961665,0.174276,0.220944,0.687,cuda
disp26,ami,002,back,002_back,1,4,144,bic,36.965363,0.889528,35.280333,0.981079,4,0.025315,34.965149,81.537122,38.384662,0.936237,0.213744,0.23521,0.674,cuda
disp26,ami,002,down,002_down,1,4,144,bic,37.699215,0.906318,35.967813,0.983815,4,0.023613,35.480453,76.930638,38.526112,0.942831,0.199433,0.244971,0.677,cuda
disp26,ami,002,front,002_front,1,4,144,bic,37.161573,0.895815,35.460129,0.981008,4,0.028951,35.023004,73.771901,37.786812,0.93079,0.204131,0.224176,0.653,cuda
disp26,ami,002,left,002_left,1,4,144,bic,37.932216,0.906475,36.224369,0.983006,4,0.02037,35.977189,79.461303,38.883394,0.942546,0.190567,0.219802,0.65,cuda
disp26,ami,002,right,002_right,1,4,144,bic,38.415512,0.920026,36.601807,0.985916,4,0.022346,36.166973,78.842525,38.864585,0.940958,0.171708,0.245132,0.679,cuda
disp26,ami,002,up,002_up,1,4,144,bic,37.773003,0.905072,36.005032,0.983053,4,0.021197,35.715576,77.580039,38.744122,0.937242,0.208878,0.226289,0.644,cuda
disp26,ami,002,zoom,002_zoom,1,4,144,bic,38.204149,0.915866,36.410223,0.985408,4,0.02076,36.308156,77.261625,39.844741,0.946974,0.194995,0.21921,0.645,cuda
disp26,ami,003,back,003_back,5,4,144,bic,37.272099,0.899663,35.409033,0.981295,4,0.027144,35.371223,80.166903,37.57706,0.929237,0.229051,0.203555,0.678,cuda
disp26,ami,003,down,003_down,5,4,144,bic,37.247672,0.900142,35.412564,0.981703,4,0.02695,35.160315,78.124976,37.741605,0.93572,0.241455,0.232648,0.67,cuda
disp26,ami,003,front,003_front,5,4,144,bic,36.638368,0.892416,34.829789,0.980132,4,0.028096,34.630365,78.288337,36.627504,0.9178,0.225643,0.221008,0.667,cuda
disp26,ami,003,left,003_left,5,4,144,bic,37.661334,0.907684,35.826484,0.982957,4,0.023624,35.668226,76.288396,38.126162,0.933994,0.229329,0.240707,0.68,cuda
disp26,ami,003,right,003_right,5,4,144,bic,37.759142,0.911363,35.896616,0.984085,4,0.021824,35.694534,73.606945,37.693554,0.927704,0.201366,0.195422,0.649,cuda
disp26,ami,003,up,003_up,5,4,144,bic,36.609158,0.895381,34.787684,0.980268,4,0.034413,34.637159,74.950346,36.342181,0.918046,0.217177,0.22588,0.65,cuda
disp26,ami,003,zoom,003_zoom,5,4,144,bic,37.363209,0.908998,35.474976,0.983774,4,0.028728,35.393684,74.864324,38.373607,0.938458,0.232113,0.233025,0.674,cuda
disp26,ami,004,back,004_back,5,4,144,bic,38.642869,0.930118,36.896893,0.987952,4,0.026047,36.140396,74.911812,38.540424,0.945107,0.138282,0.199372,0.666,cuda
disp26,ami,004,down,004_down,5,4,144,bic,37.020754,0.905091,35.412549,0.982231,4,0.033343,34.412684,72.091184,37.448796,0.939599,0.147006,0.195493,0.672,cuda
disp26,ami,004,front,004_front,5,4,144,bic,37.252677,0.909631,35.617866,0.983827,4,0.026731,34.714894,71.294084,37.855099,0.94216,0.135786,0.204547,0.674,cuda
disp26,ami,004,left,004_left,5,4,144,bic,38.029175,0.918292,36.395896,0.984657,4,0.030339,35.392881,72.22467,37.763476,0.934127,0.141462,0.210656,0.661,cuda
disp26,ami,004,right,004_right,5,4,144,bic,37.737011,0.913094,36.094273,0.983779,4,0.026668,35.230263,73.855289,37.786071,0.937433,0.149376,0.228733,0.674,cuda
disp26,ami,004,up,004_up,5,4,144,bic,37.524584,0.914258,35.888069,0.984892,4,0.025157,35.066239,76.89383,38.195971,0.942153,0.132419,0.193516,0.681,cuda
disp26,ami,004,zoom,004_zoom,5,4,144,bic,38.032856,0.924289,36.345153,0.986866,4,0.0258,35.406928,73.570248,39.255232,0.949177,0.145063,0.175471,0.682,cuda
disp26,ami,005,back,005_back,4,4,144,bic,35.19038,0.889745,33.363287,0.978422,4,0.035734,32.398842,75.439117,35.934729,0.929648,0.209831,0.219134,0.664,cuda
disp26,ami,005,down,005_down,4,4,144,bic,36.479459,0.886386,34.740551,0.977029,4,0.033557,34.219258,76.013472,37.557063,0.926724,0.264842,0.212618,0.671,cuda
disp26,ami,005,front,005_front,4,4,144,bic,36.67722,0.901656,34.904511,0.980534,4,0.029873,34.228381,68.824053,37.553931,0.935816,0.238711,0.210589,0.656,cuda
disp26,ami,005,left,005_left,4,4,144,bic,37.639766,0.903857,35.815125,0.981561,4,0.02547,35.653532,78.147748,38.618168,0.941903,0.262978,0.231928,0.688,cuda
disp26,ami,005,right,005_right,4,4,144,bic,37.998119,0.920145,36.149045,0.985088,4,0.019182,36.005062,69.268584,38.339348,0.938005,0.194862,0.183599,0.685,cuda
disp26,ami,005,up,005_up,4,4,144,bic,35.731643,0.885679,34.000078,0.978007,4,0.0328,33.516698,72.308518,36.67687,0.922661,0.233834,0.233479,0.694,cuda
disp26,ami,005,zoom,005_zoom,4,4,144,bic,37.456582,0.914723,35.556298,0.984626,4,0.028375,35.021443,72.124968,39.97084,0.94714,0.241415,0.191327,0.651,cuda
disp26,ami,007,back,007_back,5,4,144,bic,38.339698,0.924014,36.502802,0.986409,4,0.026891,36.263358,73.633212,39.43702,0.954246,0.16175,0.228379,0.642,cuda
disp26,ami,007,down,007_down,5,4,144,bic,37.04723,0.906764,35.376122,0.983833,4,0.023617,34.951036,74.604515,39.337111,0.949098,0.216102,0.211797,0.652,cuda
disp26,ami,007,front,007_front,5,4,144,bic,36.930083,0.9061,35.335546,0.983022,4,0.032879,34.656991,71.257609,38.61149,0.946176,0.212579,0.206183,0.684,cuda
disp26,ami,007,left,007_left,5,4,144,bic,37.144054,0.906026,35.496822,0.98224,4,0.036597,34.819501,72.614384,39.698664,0.948044,0.231433,0.206033,0.673,cuda
disp26,ami,007,right,007_right,5,4,144,bic,37.763388,0.919022,36.058936,0.985347,4,0.029705,35.468572,65.921514,38.470582,0.941221,0.189932,0.22748,0.679,cuda
disp26,ami,007,up,007_up,5,4,144,bic,36.485954,0.90013,34.849248,0.981582,4,0.038927,34.288311,69.959216,38.622979,0.946369,0.209995,0.209926,0.684,cuda
disp26,ami,007,zoom,007_zoom,5,4,144,bic,37.751028,0.923483,36.023734,0.987281,4,0.028519,35.519417,75.887859,39.366785,0.946589,0.233413,0.230534,0.676,cuda
disp26,ami,008,back,008_back,5,4,144,bic,38.005435,0.925729,36.351678,0.987144,4,0.024925,35.861757,78.705813,38.74961,0.951423,0.180827,0.216555,0.675,cuda
disp26,ami,008,down,008_down,5,4,144,bic,37.062729,0.913237,35.466364,0.984708,4,0.025286,35.026815,73.637809,38.301918,0.95089,0.216407,0.245056,0.677,cuda
disp26,ami,008,front,008_front,5,4,144,bic,35.572589,0.89866,34.01879,0.982034,4,0.037041,33.599918,68.41076,36.663815,0.938832,0.221427,0.255825,0.65,cuda
disp26,ami,008,left,008_left,5,4,144,bic,37.341584,0.914813,35.71301,0.985049,4,0.023081,35.39898,70.573904,38.058292,0.947133,0.21606,0.231755,0.649,cuda
disp26,ami,008,right,008_right,5,4,144,bic,36.21271,0.906986,34.644285,0.983788,4,0.03465,34.166791,75.940655,36.937695,0.939702,0.188369,0.244155,0.673,cuda
disp26,ami,008,up,008_up,5,4,144,bic,35.816097,0.900677,34.277706,0.981493,4,0.038428,33.745887,69.37343,36.917353,0.942404,0.214749,0.253827,0.66,cuda
disp26,ami,008,zoom,008_zoom,5,4,144,bic,37.087426,0.92049,35.469211,0.98654,4,0.024401,35.079488,70.47923,39.51737,0.953641,0.202119,0.234401,0.686,cuda
disp26,ami,009,back,009_back,4,4,144,bic,37.024055,0.928719,35.348384,0.987635,4,0.027436,34.723106,72.833808,39.846396,0.949794,0.178091,0.198443,0.651,cuda
disp26,ami,009,down,009_down,4,4,144,bic,37.690801,0.922911,35.987846,0.986662,4,0.025678,35.823631,68.638776,39.647541,0.952617,0.209766,0.226694,0.668,cuda
disp26,ami,009,front,009_front,4,4,144,bic,36.580232,0.920001,34.94967,0.986428,4,0.022566,34.16277,68.235508,39.070161,0.951992,0.201686,0.223348,0.677,cuda
disp26,ami,009,left,009_left,4,4,144,bic,38.264525,0.926187,36.510264,0.987184,4,0.020245,36.368997,73.742165,39.878278,0.952699,0.237999,0.212192,0.666,cuda
disp26,ami,009,right,009_right,4,4,144,bic,37.870341,0.926468,36.178428,0.987391,4,0.024799,36.091637,73.135181,38.794328,0.942844,0.205735,0.220004,0.684,cuda
disp26,ami,009,up,009_up,4,4,144,bic,35.572208,0.899272,33.938296,0.982112,4,0.02996,33.505974,67.376229,37.078162,0.921576,0.217684,0.215005,0.68,cuda
disp26,ami,009,zoom,009_zoom,4,4,144,bic,37.967656,0.935036,36.237884,0.989048,4,0.01975,35.700905,70.880365,39.935944,0.949199,0.21761,0.222828,0.686,cuda
disp26,ami,010,back,010_back,2,4,144,bic,37.028718,0.890391,35.244685,0.979615,4,0.0251,34.954916,75.242521,37.808787,0.921351,0.237994,0.202198,0.697,cuda
disp26,ami,010,down,010_down,2,4,144,bic,37.146753,0.899291,35.373681,0.982564,4,0.024919,35.145601,75.114705,38.171023,0.937234,0.261833,0.208102,0.659,cuda
disp26,ami,010,front,010_front,2,4,144,bic,36.508253,0.890513,34.766886,0.980757,4,0.026605,34.453647,75.469808,37.484667,0.924647,0.261057,0.219555,0.67,cuda
disp26,ami,010,left,010_left,2,4,144,bic,37.044286,0.899063,35.272177,0.982136,4,0.024273,34.971999,73.902514,37.931972,0.930982,0.252252,0.220699,0.668,cuda
disp26,ami,010,right,010_right,2,4,144,bic,37.030002,0.899458,35.238704,0.982707,4,0.023505,34.91472,74.808619,37.760549,0.933054,0.26571,0.208335,0.678,cuda
disp26,ami,010,up,010_up,2,4,144,bic,37.090218,0.899767,35.279398,0.981976,4,0.024603,35.029791,73.185877,38.311825,0.933803,0.263765,0.213592,0.672,cuda
disp26,ami,010,zoom,010_zoom,2,4,144,bic,37.514692,0.910233,35.692895,0.984541,4,0.023605,35.46473,70.631363,38.388715,0.936253,0.253012,0.21752,0.687,cuda
disp26,ami,011,back,011_back,5,4,144,bic,37.71066,0.928716,35.839083,0.988443,4,0.02736,35.804933,72.63389,38.961699,0.952077,0.191642,0.215644,0.656,cuda
disp26,ami,011,down,011_down,5,4,144,bic,36.500591,0.903794,34.765074,0.982618,4,0.035179,34.469153,73.107208,38.610251,0.948401,0.222853,0.222695,0.66,cuda
disp26,ami,011,front,011_front,5,4,144,bic,36.278929,0.902971,34.528789,0.983879,4,0.031104,34.324554,70.632828,38.569172,0.947494,0.227979,0.208115,0.683,cuda
disp26,ami,011,left,011_left,5,4,144,bic,36.960476,0.903203,35.185112,0.983481,4,0.028833,34.947627,77.615912,39.383935,0.952855,0.207265,0.224235,0.682,cuda
disp26,ami,011,right,011_right,5,4,144,bic,37.095397,0.913952,35.287707,0.984251,4,0.032863,35.081457,73.281509,38.353717,0.944668,0.218716,0.235205,0.659,cuda
disp26,ami,011,up,011_up,5,4,144,bic,36.452297,0.907027,34.683643,0.984447,4,0.034332,34.312356,74.422039,38.467197,0.948712,0.229875,0.199958,0.652,cuda
disp26,ami,011,zoom,011_zoom,5,4,144,bic,37.67262,0.929659,35.854637,0.988855,4,0.026384,35.796926,65.849814,39.133803,0.948959,0.237966,0.215435,0.66,cuda
disp26,ami,012,back,012_back,3,4,144,bic,40.85929,0.955092,38.866471,0.991923,4,0.013059,38.594828,74.051569,39.630616,0.956488,0.136124,0.193601,0.681,cuda
disp26,ami,012,down,012_down,3,4,144,bic,40.139497,0.951107,38.28936,0.991352,4,0.01786,37.973229,70.165088,39.442478,0.955415,0.132319,0.188376,0.681,cuda
disp26,ami,012,front,012_front,3,4,144,bic,39.268344,0.941668,37.475734,0.989237,4,0.025532,36.991112,67.91219,39.012567,0.95345,0.142249,0.209063,0.675,cuda
disp26,ami,012,left,012_left,3,4,144,bic,40.483258,0.951372,38.599006,0.99097,4,0.017938,38.38214,67.189058,40.442828,0.962896,0.144798,0.209136,0.644,cuda
disp26,ami,012,right,012_right,3,4,144,bic,40.187546,0.952533,38.350824,0.99132,4,0.018693,37.83726,70.067954,38.87277,0.951092,0.12853,0.21919,0.66,cuda
disp26,ami,012,up,012_up,3,4,144,bic,38.677154,0.9355,36.916665,0.987639,4,0.028313,36.564461,71.568471,38.280334,0.943293,0.154268,0.208992,0.671,cuda
disp26,ami,012,zoom,012_zoom,3,4,144,bic,40.157453,0.951728,38.243516,0.991338,4,0.019317,38.006207,73.307615,39.483721,0.957432,0.138238,0.201637,0.676,cuda
disp26,ami,013,back,013_back,1,4,144,bic,36.115035,0.90944,34.354929,0.984985,4,0.034932,33.711175,79.060866,40.079316,0.956123,0.202329,0.223454,0.672,cuda
disp26,ami,013,down,013_down,1,4,144,bic,37.520866,0.920184,35.708509,0.98579,4,0.027941,35.284135,75.719373,39.742607,0.95473,0.21469,0.200184,0.659,cuda
disp26,ami,013,front,013_front,1,4,144,bic,37.910567,0.925512,36.015551,0.986928,4,0.025284,35.851692,77.135725,40.376372,0.958916,0.211842,0.180882,0.662,cuda
disp26,ami,013,left,013_left,1,4,144,bic,37.976878,0.924384,36.126743,0.986553,4,0.026317,35.884955,75.987474,40.351399,0.956555,0.203756,0.184223,0.659,cuda
disp26,ami,013,right,013_right,1,4,144,bic,38.114544,0.926654,36.283777,0.986834,4,0.025555,36.136452,73.822161,39.892632,0.9553,0.19687,0.189595,0.677,cuda
disp26,ami,013,up,013_up,1,4,144,bic,36.75306,0.911521,34.976625,0.983927,4,0.026522,34.64571,73.942189,39.224348,0.953414,0.220106,0.186246,0.676,cuda
disp26,ami,013,zoom,013_zoom,1,4,144,bic,38.171725,0.93338,36.289936,0.988413,4,0.025784,36.142654,74.251318,40.244955,0.955504,0.214748,0.193811,0.668,cuda
disp26,ami,014,back,014_back,5,4,144,bic,37.422946,0.903459,35.669614,0.982325,4,0.022913,35.425731,82.179625,37.145232,0.91185,0.196808,0.213929,0.648,cuda
disp26,ami,014,down,014_down,5,4,144,bic,37.69855,0.906235,35.962901,0.983281,4,0.0247,35.656371,72.904254,38.331655,0.93136,0.245915,0.224608,0.659,cuda
disp26,ami,014,front,014_front,5,4,144,bic,38.005491,0.912777,36.270317,0.984325,4,0.024191,35.9846,79.258523,37.837806,0.923069,0.230301,0.2364,0.655,cuda
disp26,ami,014,left,014_left,5,4,144,bic,37.539382,0.903732,35.826027,0.983047,4,0.024697,35.555114,83.664143,37.83148,0.928144,0.237051,0.230448,0.683,cuda
disp26,ami,014,right,014_right,5,4,144,bic,38.327888,0.92247,36.574943,0.985971,4,0.02268,36.414338,76.187792,38.163001,0.927482,0.199278,0.205114,0.674,cuda
disp26,ami,014,up,014_up,5,4,144,bic,37.370736,0.903795,35.660887,0.982296,4,0.025731,35.381131,81.162351,37.778461,0.917383,0.206028,0.21424,0.651,cuda
disp26,ami,014,zoom,014_zoom,5,4,144,bic,37.786587,0.912493,36.020699,0.984896,4,0.025135,35.880343,75.943592,38.071177,0.919404,0.243535,0.230773,0.652,cuda
disp26,ami,018,back,018_back,1,4,144,bic,40.259836,0.954841,38.429354,0.991264,4,0.017296,38.049193,77.370487,38.739082,0.955666,0.115986,0.229661,0.663,cuda
disp26,ami,018,down,018_down,1,4,144,bic,39.272847,0.953739,37.630202,0.990797,4,0.015454,36.709165,75.194305,36.952646,0.950156,0.124583,0.232876,0.661,cuda
disp26,ami,018,front,018_front,1,4,144,bic,39.609615,0.956199,37.948446,0.991526,4,0.014746,37.168741,74.956201,37.413397,0.952323,0.118003,0.227354,0.65,cuda
disp26,ami,018,left,018_left,1,4,144,bic,40.80718,0.956884,39.073023,0.991265,4,0.014216,38.514475,76.632324,38.997157,0.952296,0.126935,0.24627,0.675,cuda
disp26,ami,018,right,018_right,1,4,144,bic,40.209875,0.958531,38.409597,0.991942,4,0.014004,37.717944,76.155406,37.976109,0.950456,0.099967,0.228981,0.646,cuda
disp26,ami,018,up,018_up,1,4,144,bic,39.384675,0.95755,37.740228,0.991419,4,0.019583,36.690958,77.747868,37.094705,0.950987,0.11439,0.240951,0.682,cuda
disp26,ami,018,zoom,018_zoom,1,4,144,bic,39.459878,0.958154,37.811529,0.992061,4,0.014484,37.049152,77.051098,37.142154,0.95277,0.108679,0.242921,0.658,cuda
disp26,ami,019,back,019_back,4,4,144,bic,37.616754,0.945319,35.900553,0.98866,4,0.027682,35.419735,71.384531,38.208029,0.953991,0.138172,0.216731,0.648,cuda
disp26,ami,019,down,019_down,4,4,144,bic,37.250895,0.936454,35.571594,0.988141,4,0.025738,34.611995,74.964855,37.619936,0.946323,0.163967,0.237819,0.662,cuda
disp26,ami,019,front,019_front,4,4,144,bic,37.03567,0.934001,35.35406,0.988062,4,0.02474,34.455715,75.633536,37.56482,0.950647,0.167978,0.236864,0.652,cuda
disp26,ami,019,left,019_left,4,4,144,bic,37.199271,0.939169,35.514882,0.988843,4,0.028786,34.757252,77.630517,37.877149,0.953762,0.160617,0.23979,0.655,cuda
disp26,ami,019,right,019_right,4,4,144,bic,37.073917,0.941156,35.367152,0.988715,4,0.023302,34.456133,72.885555,37.475812,0.945875,0.143208,0.203849,0.659,cuda
disp26,ami,019,up,019_up,4,4,144,bic,37.17354,0.935399,35.477396,0.987851,4,0.026504,34.64066,77.031044,37.578245,0.949629,0.164562,0.239037,0.658,cuda
disp26,ami,019,zoom,019_zoom,4,4,144,bic,37.412271,0.943132,35.702233,0.98965,4,0.023052,34.630005,74.539472,39.743767,0.958809,0.155411,0.22833,0.683,cuda
disp26,ami,020,back,020_back,1,4,144,bic,39.330096,0.939604,37.489614,0.988669,4,0.020895,37.282958,75.275123,39.331592,0.955132,0.145864,0.193076,0.663,cuda
disp26,ami,020,down,020_down,1,4,144,bic,37.81848,0.921428,36.065152,0.984862,4,0.02759,35.670532,71.411091,38.012676,0.944231,0.193135,0.218111,0.656,cuda
disp26,ami,020,front,020_front,1,4,144,bic,38.544532,0.92929,36.71718,0.987207,4,0.02031,36.549302,75.346378,38.62284,0.945399,0.183198,0.186157,0.684,cuda
disp26,ami,020,left,020_left,1,4,144,bic,38.913001,0.933999,37.104395,0.987435,4,0.023612,36.933953,71.824268,38.719893,0.949131,0.204037,0.201796,0.663,cuda
disp26,ami,020,right,020_right,1,4,144,bic,39.122014,0.939335,37.310631,0.989058,4,0.016906,37.060234,69.393397,38.437125,0.944406,0.153551,0.175934,0.669,cuda
disp26,ami,020,up,020_up,1,4,144,bic,38.126037,0.925453,36.335699,0.985518,4,0.027914,36.060342,74.621403,38.853575,0.947121,0.181343,0.199488,0.671,cuda
disp26,ami,020,zoom,020_zoom,1,4,144,bic,39.178982,0.940738,37.31711,0.98949,4,0.019847,37.140957,81.940555,39.127893,0.949322,0.180984,0.196628,0.663,cuda
disp26,ami,021,back,021_back,2,4,144,bic,37.31309,0.900337,35.541864,0.979956,4,0.036118,35.155253,70.219127,39.643493,0.951819,0.217813,0.230117,0.684,cuda
disp26,ami,021,down,021_down,2,4,144,bic,37.088107,0.898104,35.328677,0.981,4,0.02958,35.013647,72.635718,39.302674,0.94748,0.242753,0.240535,0.671,cuda
disp26,ami,021,front,021_front,2,4,144,bic,37.729484,0.90683,35.926314,0.9818,4,0.030539,35.58691,75.315259,39.626786,0.951683,0.231249,0.226822,0.678,cuda
disp26,ami,021,left,021_left,2,4,144,bic,38.201221,0.911914,36.389563,0.98271,4,0.027239,36.090098,75.978108,40.041511,0.950193,0.250714,0.216662,0.649,cuda
disp26,ami,021,right,021_right,2,4,144,bic,38.26147,0.915649,36.450847,0.983169,4,0.027175,36.203162,72.936244,38.992755,0.946582,0.223051,0.204794,0.68,cuda
disp26,ami,021,up,021_up,2,4,144,bic,37.338437,0.904459,35.562655,0.981198,4,0.033658,35.279728,74.141999,39.095393,0.947067,0.219009,0.234148,0.679,cuda
disp26,ami,021,zoom,021_zoom,2,4,144,bic,39.190081,0.933096,37.314927,0.987691,4,0.024813,36.988478,77.648934,41.046087,0.961825,0.209158,0.219613,0.69,cuda
disp26,ami,022,back,022_back,2,4,144,bic,41.829407,0.963786,39.915724,0.993138,4,0.013113,39.636353,80.062282,40.663627,0.963942,0.108699,0.183406,0.652,cuda
disp26,ami,022,down,022_down,2,4,144,bic,41.433775,0.960736,39.560184,0.992696,4,0.011517,38.938153,80.861528,40.167504,0.963824,0.118884,0.19022,0.658,cuda
disp26,ami,022,front,022_front,2,4,144,bic,41.440562,0.962315,39.545153,0.992785,4,0.01609,39.002709,75.638215,40.108561,0.963998,0.106148,0.187375,0.667,cuda
disp26,ami,022,left,022_left,2,4,144,bic,42.286854,0.964486,40.284623,0.992922,4,0.013144,40.063485,77.222994,40.916516,0.963552,0.119231,0.184178,0.674,cuda
disp26,ami,022,right,022_right,2,4,144,bic,41.535551,0.962359,39.706165,0.992894,4,0.012166,38.860781,82.802549,39.97673,0.960531,0.111392,0.198153,0.68,cuda
disp26,ami,022,up,022_up,2,4,144,bic,40.899308,0.961789,39.01297,0.992689,4,0.019808,38.54352,73.765115,39.962412,0.963527,0.117066,0.19371,0.661,cuda
disp26,ami,022,zoom,022_zoom,2,4,144,bic,42.075039,0.966526,40.062765,0.993962,4,0.014934,39.791357,81.370648,41.194874,0.970713,0.092623,0.181354,0.682,cuda
disp26,ami,023,back,023_back,5,4,144,bic,37.157915,0.907688,35.517845,0.982627,4,0.033311,35.024685,75.771172,39.178437,0.951423,0.187453,0.196762,0.686,cuda
disp26,ami,023,down,023_down,5,4,144,bic,38.597528,0.925426,36.885618,0.985988,4,0.024184,36.512525,77.165042,40.9684,0.967832,0.194329,0.200459,0.676,cuda
disp26,ami,023,front,023_front,5,4,144,bic,38.125715,0.918319,36.398694,0.984202,4,0.030274,35.968254,77.508789,40.404699,0.961927,0.183551,0.205166,0.655,cuda
disp26,ami,023,left,023_left,5,4,144,bic,40.228348,0.93813,38.395992,0.987859,4,0.018508,38.201124,75.677907,41.377432,0.960773,0.198577,0.210685,0.655,cuda
disp26,ami,023,right,023_right,5,4,144,bic,38.222333,0.926769,36.509269,0.986362,4,0.027335,36.037207,74.213472,39.161838,0.954795,0.170797,0.203086,0.651,cuda
disp26,ami,023,up,023_up,5,4,144,bic,37.817957,0.915033,36.118955,0.983413,4,0.030016,35.673409,74.934459,39.81341,0.957492,0.182269,0.208302,0.64,cuda
disp26,ami,023,zoom,023_zoom,5,4,144,bic,39.364642,0.942398,37.514739,0.990015,4,0.024332,37.241926,73.617841,42.121338,0.970593,0.150752,0.201651,0.682,cuda
disp26,ami,024,back,024_back,3,4,144,bic,39.922667,0.941202,38.170784,0.989526,4,0.017772,37.500525,79.159243,39.341759,0.950356,0.130851,0.210903,0.667,cuda
disp26,ami,024,down,024_down,3,4,144,bic,40.216902,0.945294,38.461954,0.989433,4,0.017453,37.67919,77.636098,39.686487,0.959109,0.122014,0.211383,0.673,cuda
disp26,ami,024,front,024_front,3,4,144,bic,39.256268,0.934875,37.580016,0.987544,4,0.024473,36.728323,84.758436,39.179278,0.952543,0.143261,0.219272,0.675,cuda
disp26,ami,024,left,024_left,3,4,144,bic,39.728149,0.936129,38.025049,0.987098,4,0.025865,37.274854,78.101341,39.652479,0.953168,0.137781,0.201345,0.665,cuda
disp26,ami,024,right,024_right,3,4,144,bic,40.416921,0.954595,38.615782,0.991431,4,0.019653,37.975297,77.457109,39.720592,0.961678,0.107431,0.201375,0.673,cuda
disp26,ami,024,up,024_up,3,4,144,bic,38.937103,0.937518,37.25596,0.988498,4,0.024387,36.690728,74.646841,39.355382,0.951314,0.133554,0.214635,0.667,cuda
disp26,ami,024,zoom,024_zoom,3,4,144,bic,39.54249,0.941793,37.801912,0.989476,4,0.026436,37.126598,76.336814,39.683419,0.953889,0.124489,0.204309,0.679,cuda
disp26,ami,025,back,025_back,2,4,144,bic,37.387675,0.920993,35.752755,0.985108,4,0.030891,35.087518,73.0424,39.178005,0.959038,0.160312,0.225705,0.669,cuda
disp26,ami,025,down,025_down,2,4,144,bic,37.892432,0.931984,36.190862,0.987918,4,0.025034,35.417634,71.344289,39.498723,0.964797,0.151126,0.220143,0.664,cuda
disp26,ami,025,front,025_front,2,4,144,bic,37.666844,0.929466,36.002769,0.987858,4,0.026149,35.509453,71.414601,39.647009,0.962975,0.147661,0.209792,0.675,cuda
disp26,ami,025,left,025_left,2,4,144,bic,38.557262,0.935223,36.848916,0.988079,4,0.02345,36.524746,71.356615,40.165983,0.962264,0.164126,0.223143,0.654,cuda
disp26,ami,025,right,025_right,2,4,144,bic,38.408185,0.9354,36.695678,0.987527,4,0.028142,36.019998,67.651481,39.059762,0.961274,0.126439,0.200453,0.679,cuda
disp26,ami,025,up,025_up,2,4,144,bic,37.377756,0.924715,35.727878,0.987096,4,0.029372,35.140604,71.709559,39.76202,0.963441,0.152438,0.204082,0.667,cuda
disp26,ami,025,zoom,025_zoom,2,4,144,bic,39.512117,0.952837,37.725233,0.99233,4,0.017024,37.255361,74.927108,41.207976,0.9693,0.128451,0.197446,0.664,cuda
disp26,ami,026,back,026_back,1,4,144,bic,39.72116,0.941756,37.809198,0.98947,4,0.023071,37.482849,76.852769,39.658857,0.955171,0.155269,0.212544,0.657,cuda
disp26,ami,026,down,026_down,1,4,144,bic,40.413917,0.951032,38.522408,0.991541,4,0.013657,38.10505,73.451593,40.146035,0.964465,0.142345,0.219494,0.678,cuda
disp26,ami,026,front,026_front,1,4,144,bic,39.71739,0.945788,37.867458,0.990612,4,0.018447,37.354238,75.703164,39.464435,0.960183,0.150321,0.222498,0.661,cuda
disp26,ami,026,left,026_left,1,4,144,bic,40.89345,0.954616,39.002462,0.991832,4,0.014557,38.62123,77.798515,40.341713,0.964386,0.159427,0.21266,0.677,cuda
disp26,ami,026,right,026_right,1,4,144,bic,40.060558,0.946168,38.155038,0.989825,4,0.0222,37.77972,82.671386,39.815532,0.957595,0.156131,0.206546,0.664,cuda
disp26,ami,026,up,026_up,1,4,144,bic,39.424561,0.942613,37.636498,0.990191,4,0.017221,37.278024,74.157178,39.797406,0.960609,0.147861,0.219237,0.687,cuda
disp26,ami,026,zoom,026_zoom,1,4,144,bic,40.369502,0.954912,38.43185,0.992699,4,0.015432,38.1275,82.248889,40.432637,0.962514,0.15216,0.209081,0.653,cuda
disp26,ami,027,back,027_back,3,4,144,bic,40.69163,0.951712,38.823039,0.99145,4,0.012912,38.390289,81.250739,39.811356,0.953904,0.121533,0.205522,0.684,cuda
disp26,ami,027,down,027_down,3,4,144,bic,39.263327,0.937126,37.511559,0.989286,4,0.015619,36.981193,74.850203,39.784772,0.95523,0.166319,0.219707,0.665,cuda
disp26,ami,027,front,027_front,3,4,144,bic,39.37124,0.941217,37.614757,0.990156,4,0.016244,36.981551,74.660754,39.810173,0.956474,0.138403,0.202223,0.689,cuda
disp26,ami,027,left,027_left,3,4,144,bic,39.236947,0.940744,37.504986,0.98993,4,0.01834,36.881932,76.833659,39.381064,0.956857,0.149205,0.198808,0.673,cuda
disp26,ami,027,right,027_right,3,4,144,bic,39.056015,0.937363,37.319903,0.989529,4,0.01736,36.786927,77.388613,39.677257,0.950817,0.138171,0.198366,0.657,cuda
disp26,ami,027,up,027_up,3,4,144,bic,38.858386,0.93591,37.151935,0.9894,4,0.02094,36.474719,72.702673,39.340662,0.951625,0.141131,0.219641,0.685,cuda
disp26,ami,027,zoom,027_zoom,3,4,144,bic,39.348392,0.94134,37.548457,0.990539,4,0.018236,37.109572,73.058511,39.878924,0.951832,0.155111,0.195045,0.668,cuda
disp26,ami,028,back,028_back,2,4,144,bic,38.080369,0.946451,36.415558,0.98958,4,0.018957,35.236836,84.451171,37.280111,0.947993,0.125629,0.184952,0.654,cuda
disp26,ami,028,down,028_down,2,4,144,bic,37.493684,0.930569,35.81503,0.987102,4,0.023757,35.21988,76.099999,35.764761,0.930563,0.15927,0.198755,0.681,cuda
disp26,ami,028,front,028_front,2,4,144,bic,37.560223,0.930197,35.90368,0.986507,4,0.023592,35.324805,79.476922,35.89552,0.93056,0.154393,0.192296,0.66,cuda
disp26,ami,028,left,028_left,2,4,144,bic,37.869295,0.937162,36.240129,0.988318,4,0.02186,35.495901,70.39961,35.830993,0.931813,0.172068,0.183189,0.686,cuda
disp26,ami,028,right,028_right,2,4,144,bic,36.819592,0.920014,35.213369,0.984454,4,0.025061,34.213581,78.346564,35.324619,0.919788,0.156239,0.201765,0.664,cuda
disp26,ami,028,up,028_up,2,4,144,bic,37.346446,0.925804,35.680641,0.985598,4,0.023721,35.131931,73.480916,37.86221,0.931963,0.167064,0.208718,0.653,cuda
disp26,ami,028,zoom,028_zoom,2,4,144,bic,37.746171,0.935052,36.063043,0.988164,4,0.017639,35.469986,78.133419,36.43952,0.932695,0.16885,0.208663,0.68,cuda
disp26,ami,029,back,029_back,5,4,144,bic,37.417684,0.905016,35.64693,0.981296,4,0.028015,35.502256,75.286371,38.484134,0.935848,0.159934,0.197257,0.691,cuda
disp26,ami,029,down,029_down,5,4,144,bic,37.285126,0.905483,35.576573,0.981748,4,0.028981,35.091097,79.958929,38.494317,0.946301,0.199407,0.25186,0.659,cuda
disp26,ami,029,front,029_front,5,4,144,bic,37.212438,0.906839,35.5329,0.98252,4,0.025441,35.109243,74.848748,38.519273,0.942887,0.208968,0.252249,0.665,cuda
disp26,ami,029,left,029_left,5,4,144,bic,37.749415,0.908605,35.986225,0.982678,4,0.0257,35.50335,74.188586,38.330506,0.936314,0.2062,0.229177,0.656,cuda
disp26,ami,029,right,029_right,5,4,144,bic,37.876798,0.911381,36.123136,0.983196,4,0.022035,35.582433,72.766167,38.431813,0.939372,0.181868,0.239418,0.647,cuda
disp26,ami,029,up,029_up,5,4,144,bic,36.750618,0.898246,35.028886,0.980879,4,0.029716,34.718634,79.741334,38.101009,0.932306,0.197574,0.208428,0.662,cuda
disp26,ami,029,zoom,029_zoom,5,4,144,bic,37.863299,0.917443,36.012272,0.984902,4,0.024234,35.659364,77.620231,39.18931,0.946766,0.216623,0.2383,0.681,cuda
disp26,ami,030,back,030_back,1,4,144,bic,38.762546,0.929501,36.953474,0.987995,4,0.019888,36.745705,76.558504,39.039201,0.947646,0.155626,0.200954,0.665,cuda
disp26,ami,030,down,030_down,1,4,144,bic,38.679432,0.924016,36.933876,0.986505,4,0.02058,36.63531,74.664046,39.239704,0.950692,0.200241,0.219067,0.686,cuda
disp26,ami,030,front,030_front,1,4,144,bic,38.502966,0.926383,36.766765,0.987064,4,0.022672,36.408678,76.154832,38.651109,0.939166,0.201327,0.214431,0.673,cuda
disp26,ami,030,left,030_left,1,4,144,bic,38.930946,0.927972,37.18277,0.98743,4,0.022361,36.887155,76.133923,39.745109,0.95023,0.188178,0.209493,0.677,cuda
disp26,ami,030,right,030_right,1,4,144,bic,38.604252,0.930394,36.891382,0.98727,4,0.025385,36.510772,64.026815,38.295286,0.935059,0.176345,0.215385,0.683,cuda
disp26,ami,030,up,030_up,1,4,144,bic,37.22145,0.91049,35.551675,0.982716,4,0.028632,35.157013,76.880665,37.85883,0.928611,0.194681,0.233038,0.669,cuda
disp26,ami,030,zoom,030_zoom,1,4,144,bic,38.497844,0.928483,36.721892,0.988054,4,0.021982,36.414707,75.01938,38.672383,0.937529,0.198319,0.224917,0.658,cuda
disp26,ami,031,back,031_back,5,4,144,bic,38.652636,0.93407,36.667169,0.987308,4,0.026147,36.510312,79.957438,37.736148,0.933714,0.161399,0.190208,0.656,cuda
disp26,ami,031,down,031_down,5,4,144,bic,38.373225,0.932854,36.408272,0.988487,4,0.02089,36.367061,76.373211,37.578098,0.930623,0.203918,0.213003,0.653,cuda
disp26,ami,031,front,031_front,5,4,144,bic,38.049369,0.930877,36.130949,0.987448,4,0.02463,35.907305,75.423123,36.954303,0.923621,0.204097,0.203515,0.66,cuda
disp26,ami,031,left,031_left,5,4,144,bic,38.171956,0.931689,36.190234,0.987935,4,0.023961,36.215163,74.083926,37.190272,0.927007,0.196914,0.236931,0.657,cuda
disp26,ami,031,right,031_right,5,4,144,bic,38.458322,0.929953,36.456181,0.987411,4,0.023152,36.327107,73.47904,37.851703,0.930293,0.187215,0.219929,0.666,cuda
disp26,ami,031,up,031_up,5,4,144,bic,38.265556,0.931415,36.322712,0.987828,4,0.021289,36.272345,76.424347,37.141494,0.926828,0.211185,0.208235,0.677,cuda
disp26,ami,031,zoom,031_zoom,5,4,144,bic,38.468861,0.932863,36.46703,0.988426,4,0.019569,36.357323,77.688765,37.466796,0.929068,0.225343,0.216233,0.679,cuda
disp26,ami,032,back,032_back,3,4,144,bic,40.435124,0.957669,38.486234,0.992054,4,0.013786,37.957819,80.309792,38.688425,0.957088,0.091906,0.175039,0.653,cuda
disp26,ami,032,down,032_down,3,4,144,bic,40.37366,0.958518,38.490149,0.99183,4,0.020476,37.583042,78.315962,38.196033,0.949516,0.103479,0.187973,0.667,cuda
disp26,ami,032,front,032_front,3,4,144,bic,40.812055,0.963929,38.860248,0.993153,4,0.017621,38.5079,85.464232,38.856067,0.960926,0.084839,0.180957,0.679,cuda
disp26,ami,032,left,032_left,3,4,144,bic,40.405413,0.961087,38.475755,0.99257,4,0.016255,37.890082,76.189774,38.475129,0.958895,0.095069,0.203783,0.664,cuda
disp26,ami,032,right,032_right,3,4,144,bic,40.566459,0.962315,38.662069,0.992933,4,0.017727,37.985704,87.217367,38.499246,0.955524,0.094039,0.195092,0.656,cuda
disp26,ami,032,up,032_up,3,4,144,bic,40.727197,0.962595,38.747867,0.993267,4,0.014441,38.316988,79.760559,39.574439,0.962642,0.088903,0.182799,0.685,cuda
disp26,ami,032,zoom,032_zoom,3,4,144,bic,40.828866,0.965684,38.862388,0.99371,4,0.013574,38.395715,77.293203,38.917108,0.962713,0.087447,0.171199,0.686,cuda
disp26,ami,033,back,033_back,3,4,144,bic,40.967671,0.95278,39.03253,0.991696,4,0.013807,38.898683,72.964555,40.425214,0.956455,0.129407,0.198306,0.649,cuda
disp26,ami,033,down,033_down,3,4,144,bic,40.696866,0.952887,38.803726,0.991614,4,0.013744,38.440371,74.162935,40.443267,0.961693,0.136541,0.214873,0.69,cuda
disp26,ami,033,front,033_front,3,4,144,bic,40.232373,0.94717,38.403324,0.990991,4,0.013892,38.301344,77.234665,39.825013,0.951862,0.140405,0.205852,0.659,cuda
disp26,ami,033,left,033_left,3,4,144,bic,41.526208,0.958591,39.582674,0.992262,4,0.019168,39.596439,70.119532,41.526623,0.967163,0.134052,0.205324,0.65,cuda
disp26,ami,033,right,033_right,3,4,144,bic,40.200781,0.949121,38.411549,0.990901,4,0.016665,38.273087,69.687853,38.991527,0.944169,0.114232,0.209462,0.682,cuda
disp26,ami,033,up,033_up,3,4,144,bic,40.28251,0.947671,38.435018,0.990309,4,0.014582,38.309693,72.13142,39.720323,0.947908,0.145352,0.201944,0.687,cuda
disp26,ami,033,zoom,033_zoom,3,4,144,bic,40.966313,0.954018,38.992086,0.992067,4,0.01106,39.066773,76.722379,40.750225,0.955026,0.144934,0.200108,0.668,cuda
disp26,ami,034,back,034_back,4,4,144,bic,35.683548,0.892477,34.113088,0.979934,4,0.037687,33.577109,70.908893,38.845158,0.951477,0.179748,0.223775,0.686,cuda
disp26,ami,034,down,034_down,4,4,144,bic,36.04328,0.903615,34.50146,0.982524,4,0.034433,34.12885,72.464673,38.858216,0.957339,0.216485,0.237251,0.678,cuda
disp26,ami,034,front,034_front,4,4,144,bic,35.942641,0.903213,34.407336,0.98202,4,0.043173,34.050357,69.613756,39.188609,0.960041,0.194156,0.217466,0.656,cuda
disp26,ami,034,left,034_left,4,4,144,bic,36.014733,0.899719,34.490909,0.981791,4,0.035634,34.089035,72.225559,39.191932,0.955824,0.214575,0.239928,0.679,cuda
disp26,ami,034,right,034_right,4,4,144,bic,36.166148,0.904106,34.60824,0.982421,4,0.040049,34.035272,72.134521,39.026967,0.959645,0.168588,0.216625,0.681,cuda
disp26,ami,034,up,034_up,4,4,144,bic,35.193984,0.893006,33.673353,0.980926,4,0.041097,33.196645,72.197524,38.628268,0.952169,0.183607,0.228167,0.646,cuda
disp26,ami,034,zoom,034_zoom,4,4,144,bic,37.612915,0.930359,36.003744,0.988456,4,0.033472,35.62947,70.274758,41.512725,0.966967,0.172218,0.207408,0.67,cuda
disp26,ami,035,back,035_back,5,4,144,bic,40.988803,0.954562,39.091047,0.991733,4,0.015562,38.784942,74.529383,40.314555,0.961739,0.140472,0.199588,0.671,cuda
disp26,ami,035,down,035_down,5,4,144,bic,40.654641,0.951385,38.797263,0.991451,4,0.012655,38.460282,72.126702,40.623724,0.964564,0.157862,0.236081,0.664,cuda
disp26,ami,035,front,035_front,5,4,144,bic,40.669912,0.950809,38.829216,0.991193,4,0.015895,38.457158,76.347948,40.629838,0.964358,0.148394,0.225174,0.65,cuda
disp26,ami,035,left,035_left,5,4,144,bic,41.225615,0.954554,39.276967,0.991683,4,0.01338,39.15329,73.6144,41.160872,0.965005,0.159392,0.217013,0.658,cuda
disp26,ami,035,right,035_right,5,4,144,bic,40.525211,0.949188,38.729034,0.990492,4,0.015391,38.379296,78.579369,40.061351,0.958602,0.15317,0.219113,0.645,cuda
disp26,ami,035,up,035_up,5,4,144,bic,40.530627,0.9504,38.719595,0.991394,4,0.014018,38.329858,80.499381,40.404142,0.96161,0.154406,0.226007,0.656,cuda
disp26,ami,035,zoom,035_zoom,5,4,144,bic,40.740466,0.954503,38.828686,0.992546,4,0.015937,38.753373,70.872515,41.051759,0.965019,0.166398,0.213945,0.686,cuda
disp26,ami,036,back,036_back,2,4,144,bic,38.658032,0.927112,36.917273,0.986327,4,0.024203,36.50745,76.397283,39.536323,0.95663,0.157738,0.198796,0.669,cuda
disp26,ami,036,down,036_down,2,4,144,bic,38.590627,0.928991,36.842485,0.986411,4,0.021963,36.361788,80.096237,40.30292,0.961765,0.174282,0.184357,0.65,cuda
disp26,ami,036,front,036_front,2,4,144,bic,38.518724,0.928562,36.784438,0.985952,4,0.023516,36.388857,72.227169,40.240569,0.961024,0.169903,0.195782,0.684,cuda
disp26,ami,036,left,036_left,2,4,144,bic,39.11398,0.933158,37.362666,0.987308,4,0.028913,36.965773,72.072822,41.047202,0.962687,0.1942,0.204227,0.685,cuda
disp26,ami,036,right,036_right,2,4,144,bic,39.415222,0.939305,37.643051,0.988743,4,0.02097,37.112158,71.72932,39.584349,0.957504,0.17938,0.212957,0.671,cuda
disp26,ami,036,up,036_up,2,4,144,bic,37.624168,0.915793,35.920065,0.983095,4,0.03053,35.36983,73.323692,39.344334,0.952731,0.175488,0.219504,0.652,cuda
disp26,ami,036,zoom,036_zoom,2,4,144,bic,39.920314,0.946434,38.062935,0.989855,4,0.02059,37.716465,71.432484,42.042458,0.971668,0.150672,0.17236,0.683,cuda
disp26,ami,037,back,037_back,2,4,144,bic,37.834652,0.902971,36.092663,0.982581,4,0.022201,35.674597,83.62701,39.974021,0.958651,0.249998,0.206732,0.682,cuda
disp26,ami,037,down,037_down,2,4,144,bic,38.572431,0.918233,36.793418,0.986312,4,0.019858,36.749512,92.578028,40.789473,0.968286,0.232322,0.202412,0.673,cuda
disp26,ami,037,front,037_front,2,4,144,bic,38.517379,0.917649,36.77262,0.985934,4,0.019593,36.600398,83.745979,40.245917,0.965159,0.229228,0.210827,0.661,cuda
disp26,ami,037,left,037_left,2,4,144,bic,38.245062,0.912185,36.528326,0.984586,4,0.021238,36.272855,80.406082,40.669066,0.966395,0.270682,0.233345,0.657,cuda
disp26,ami,037,right,037_right,2,4,144,bic,39.160017,0.926355,37.358877,0.987542,4,0.015394,37.221906,71.773489,40.764737,0.966686,0.224145,0.204505,0.668,cuda
disp26,ami,037,up,037_up,2,4,144,bic,38.30938,0.912353,36.590658,0.984998,4,0.021124,36.46154,81.414823,40.517394,0.965562,0.240295,0.214215,0.669,cuda
disp26,ami,037,zoom,037_zoom,2,4,144,bic,39.458815,0.936937,37.606976,0.989614,4,0.017328,37.224414,81.66108,41.774856,0.972612,0.18354,0.206964,0.667,cuda
disp26,ami,038,back,038_back,2,4,144,bic,38.561482,0.930218,36.849082,0.98728,4,0.028129,36.484756,74.660085,39.435516,0.955363,0.152064,0.202876,0.655,cuda
disp26,ami,038,down,038_down,2,4,144,bic,36.962894,0.904749,35.394123,0.982537,4,0.029151,34.874709,72.11964,38.97338,0.953618,0.195686,0.206536,0.675,cuda
disp26,ami,038,front,038_front,2,4,144,bic,37.202228,0.908832,35.634844,0.98376,4,0.027964,35.187379,69.572687,38.712074,0.952278,0.187312,0.212083,0.657,cuda
disp26,ami,038,left,038_left,2,4,144,bic,38.065327,0.918783,36.44242,0.985205,4,0.022641,35.988926,76.043587,40.0559,0.957069,0.191126,0.235877,0.652,cuda
disp26,ami,038,right,038_right,2,4,144,bic,38.491084,0.928466,36.795218,0.986858,4,0.022017,36.338054,67.693269,39.06914,0.954184,0.171781,0.217295,0.684,cuda
disp26,ami,038,up,038_up,2,4,144,bic,37.170629,0.907809,35.60724,0.983104,4,0.031827,35.073864,69.462281,38.999099,0.950454,0.182018,0.230718,0.663,cuda
disp26,ami,038,zoom,038_zoom,2,4,144,bic,38.387662,0.927973,36.731589,0.987822,4,0.020632,36.360777,72.168412,40.551537,0.963591,0.185164,0.222379,0.673,cuda
disp26,ami,039,back,039_back,2,4,144,bic,40.14683,0.950727,38.329533,0.990774,4,0.017952,37.907339,67.177115,39.560063,0.960854,0.13421,0.213608,0.657,cuda
disp26,ami,039,down,039_down,2,4,144,bic,39.164953,0.94471,37.422921,0.989983,4,0.02521,36.986866,70.70763,40.30349,0.963234,0.138146,0.212825,0.685,cuda
disp26,ami,039,front,039_front,2,4,144,bic,40.396794,0.95041,38.525863,0.990985,4,0.015964,38.216538,71.175169,40.703272,0.965822,0.131564,0.208082,0.664,cuda
disp26,ami,039,left,039_left,2,4,144,bic,40.327118,0.951014,38.498393,0.991033,4,0.019874,38.208374,74.383235,41.259633,0.964146,0.135264,0.184568,0.659,cuda
disp26,ami,039,right,039_right,2,4,144,bic,40.349355,0.952598,38.572994,0.991207,4,0.014924,37.991979,69.82217,39.793987,0.96058,0.127324,0.196514,0.682,cuda
disp26,ami,039,up,039_up,2,4,144,bic,40.245347,0.950196,38.402341,0.990746,4,0.014549,38.094701,72.499718,39.551986,0.955561,0.136792,0.207109,0.668,cuda
disp26,ami,039,zoom,039_zoom,2,4,144,bic,41.197775,0.959337,39.193862,0.993063,4,0.012898,38.944996,71.485486,41.235509,0.967832,0.124936,0.206155,0.681,cuda
disp26,ami,040,back,040_back,4,4,144,bic,39.306932,0.941747,37.416973,0.989198,4,0.022029,37.151401,68.312213,38.874047,0.946419,0.170973,0.200798,0.653,cuda
disp26,ami,040,down,040_down,4,4,144,bic,38.912478,0.93968,37.122225,0.988876,4,0.022235,36.913583,68.830407,38.876167,0.953835,0.196239,0.207843,0.674,cuda
disp26,ami,040,front,040_front,4,4,144,bic,39.514992,0.946189,37.662042,0.990125,4,0.01916,37.496916,68.738274,39.347438,0.953907,0.170522,0.198179,0.685,cuda
disp26,ami,040,left,040_left,4,4,144,bic,39.914422,0.947598,38.057357,0.990489,4,0.017945,37.988436,69.69877,39.674459,0.953585,0.186865,0.195011,0.658,cuda
disp26,ami,040,right,040_right,4,4,144,bic,39.57732,0.949353,37.688664,0.990938,4,0.018183,37.490933,70.228223,38.569827,0.950594,0.165181,0.191354,0.654,cuda
disp26,ami,040,up,040_up,4,4,144,bic,39.173173,0.944917,37.333735,0.98999,4,0.019864,37.142514,72.790646,38.702493,0.951166,0.184727,0.18553,0.685,cuda
disp26,ami,040,zoom,040_zoom,4,4,144,bic,39.677718,0.950774,37.754263,0.991018,4,0.019461,37.611579,70.492893,39.815449,0.959353,0.169811,0.185724,0.665,cuda
disp26,ami,041,back,041_back,5,4,144,bic,38.709735,0.931402,36.967656,0.98774,4,0.021658,36.657654,72.023724,39.119153,0.953617,0.172329,0.214746,0.669,cuda
disp26,ami,041,down,041_down,5,4,144,bic,39.032829,0.93468,37.266175,0.988146,4,0.019565,37.085131,72.653458,40.260745,0.965822,0.197628,0.207894,0.655,cuda
disp26,ami,041,front,041_front,5,4,144,bic,38.74576,0.934356,37.004361,0.988456,4,0.021721,36.831807,70.894166,40.300821,0.965709,0.201773,0.21241,0.687,cuda
disp26,ami,041,left,041_left,5,4,144,bic,40.672693,0.946782,38.776967,0.989768,4,0.016023,38.817782,76.335456,42.205968,0.969309,0.19148,0.199125,0.658,cuda
disp26,ami,041,right,041_right,5,4,144,bic,39.396001,0.940437,37.600281,0.989503,4,0.020492,37.50378,75.310137,40.024106,0.958663,0.156445,0.20378,0.681,cuda
disp26,ami,041,up,041_up,5,4,144,bic,38.765128,0.932477,36.998323,0.988195,4,0.019706,36.759616,70.071643,40.286041,0.958386,0.198191,0.219912,0.683,cuda
disp26,ami,041,zoom,041_zoom,5,4,144,bic,39.949734,0.94833,38.094148,0.990925,4,0.016852,37.998217,71.966564,42.180527,0.970835,0.162702,0.206647,0.694,cuda
disp26,ami,042,back,042_back,4,4,144,bic,36.993471,0.912261,35.381468,0.983647,4,0.028062,34.663022,75.369097,38.41261,0.956052,0.136136,0.204051,0.67,cuda
disp26,ami,042,down,042_down,4,4,144,bic,37.137101,0.912312,35.511452,0.983363,4,0.035876,34.980722,75.063076,39.187224,0.959048,0.170474,0.214224,0.676,cuda
disp26,ami,042,front,042_front,4,4,144,bic,35.93292,0.893043,34.342685,0.98063,4,0.040437,33.756376,72.63141,38.770843,0.955661,0.177458,0.204733,0.659,cuda
disp26,ami,042,left,042_left,4,4,144,bic,37.687554,0.916672,36.053503,0.984741,4,0.029099,35.568042,72.467333,40.143838,0.96202,0.180986,0.211983,0.691,cuda
disp26,ami,042,right,042_right,4,4,144,bic,37.016817,0.908938,35.389096,0.982723,4,0.03032,34.812773,76.577718,38.748513,0.957679,0.152145,0.195168,0.677,cuda
disp26,ami,042,up,042_up,4,4,144,bic,35.646867,0.886647,34.07598,0.978437,4,0.049968,33.459409,77.351374,38.032498,0.948024,0.174452,0.21049,0.678,cuda
disp26,ami,042,zoom,042_zoom,4,4,144,bic,37.223544,0.921736,35.609543,0.986099,4,0.036767,35.131111,73.724082,40.03407,0.966138,0.152001,0.208928,0.662,cuda
disp26,ami,043,back,043_back,4,4,144,bic,39.245802,0.946081,37.516563,0.990911,4,0.019061,37.357056,70.063086,40.884113,0.96973,0.143696,0.170339,0.67,cuda
disp26,ami,043,down,043_down,4,4,144,bic,37.683466,0.919419,36.05684,0.985749,4,0.023995,35.661072,78.330906,40.336046,0.968199,0.198582,0.194317,0.678,cuda
disp26,ami,043,front,043_front,4,4,144,bic,38.290675,0.930409,36.632107,0.98782,4,0.022013,36.413174,71.772364,39.291936,0.95754,0.181018,0.207106,0.681,cuda
disp26,ami,043,left,043_left,4,4,144,bic,39.078737,0.936252,37.340182,0.988404,4,0.021453,37.166864,78.753323,40.295111,0.965402,0.171726,0.179291,0.654,cuda
disp26,ami,043,right,043_right,4,4,144,bic,39.047753,0.942485,37.345359,0.989623,4,0.021631,36.999862,70.720066,39.393087,0.955409,0.126846,0.214377,0.687,cuda
disp26,ami,043,up,043_up,4,4,144,bic,37.750998,0.922502,36.087076,0.986374,4,0.0232,35.838986,76.239643,38.580118,0.950262,0.185707,0.191291,0.654,cuda
disp26,ami,043,zoom,043_zoom,4,4,144,bic,39.111658,0.94006,37.358177,0.989849,4,0.022105,37.070729,71.561376,41.329387,0.969583,0.16309,0.202861,0.648,cuda
disp26,ami,044,back,044_back,5,4,144,bic,40.117386,0.946723,38.302098,0.98986,4,0.019164,37.953405,72.616285,39.783988,0.96074,0.133487,0.198253,0.654,cuda
disp26,ami,044,down,044_down,5,4,144,bic,39.238286,0.941028,37.475655,0.989243,4,0.020171,36.910131,74.604485,39.256698,0.961581,0.168117,0.195199,0.664,cuda
disp26,ami,044,front,044_front,5,4,144,bic,40.128943,0.95034,38.334647,0.991217,4,0.015065,37.878955,73.979206,39.909737,0.966733,0.148063,0.198174,0.675,cuda
disp26,ami,044,left,044_left,5,4,144,bic,39.884753,0.9477,38.084697,0.990453,4,0.017397,37.676179,70.451759,39.801223,0.964733,0.157332,0.176119,0.681,cuda
disp26,ami,044,right,044_right,5,4,144,bic,40.166849,0.947602,38.345035,0.990447,4,0.021276,37.846472,72.451689,39.302374,0.956127,0.14588,0.189584,0.656,cuda
disp26,ami,044,up,044_up,5,4,144,bic,40.041205,0.9486,38.218351,0.990649,4,0.01578,37.815916,73.482726,38.954145,0.95472,0.141743,0.20439,0.682,cuda
disp26,ami,044,zoom,044_zoom,5,4,144,bic,40.470748,0.954014,38.623556,0.992115,4,0.014474,38.157674,74.327848,40.905604,0.9683,0.126494,0.19845,0.661,cuda
disp26,ami,045,back,045_back,2,4,144,bic,38.143802,0.934093,36.525638,0.987979,4,0.023098,35.959094,70.624964,40.805206,0.971354,0.149487,0.208543,0.672,cuda
disp26,ami,045,down,045_down,2,4,144,bic,38.641464,0.935771,36.99178,0.987893,4,0.030095,36.453639,70.27828,41.368357,0.970697,0.177099,0.239637,0.653,cuda
disp26,ami,045,front,045_front,2,4,144,bic,38.687995,0.938548,37.035994,0.98876,4,0.032773,36.545741,67.49649,40.927539,0.968463,0.17434,0.22966,0.662,cuda
disp26,ami,045,left,045_left,2,4,144,bic,40.149849,0.943749,38.419226,0.98895,4,0.024046,38.062089,73.701598,42.180135,0.967885,0.173116,0.224784,0.681,cuda
disp26,ami,045,right,045_right,2,4,144,bic,39.298412,0.944746,37.559579,0.989681,4,0.03239,36.982149,75.534118,40.693046,0.969955,0.146236,0.19161,0.669,cuda
disp26,ami,045,up,045_up,2,4,144,bic,38.847931,0.943893,37.185652,0.989529,4,0.030818,36.783185,69.017834,41.055085,0.971775,0.148408,0.205567,0.666,cuda
disp26,ami,045,zoom,045_zoom,2,4,144,bic,41.108836,0.96141,39.237611,0.99305,4,0.019794,38.93015,71.236068,43.393877,0.979459,0.131191,0.214091,0.677,cuda
disp26,ami,046,back,046_back,5,4,144,bic,39.313274,0.95395,37.577606,0.991728,4,0.016339,36.888222,68.532836,40.602257,0.961938,0.137907,0.178627,0.651,cuda
disp26,ami,046,down,046_down,5,4,144,bic,40.719406,0.956118,38.859208,0.991735,4,0.016121,38.35916,71.771008,40.60858,0.966622,0.140512,0.204733,0.66,cuda
disp26,ami,046,front,046_front,5,4,144,bic,40.522675,0.955631,38.679134,0.991563,4,0.014613,38.414089,71.283468,39.751569,0.959629,0.128691,0.182284,0.652,cuda
disp26,ami,046,left,046_left,5,4,144,bic,41.926752,0.964186,39.952355,0.993126,4,0.012534,39.931624,76.168652,41.751933,0.967729,0.124288,0.177028,0.679,cuda
disp26,ami,046,right,046_right,5,4,144,bic,40.57669,0.95848,38.764325,0.992425,4,0.017577,38.297083,77.537265,39.8438,0.960024,0.120545,0.177338,0.665,cuda
disp26,ami,046,up,046_up,5,4,144,bic,39.230627,0.944737,37.507582,0.990209,4,0.017546,37.026467,70.613862,38.997319,0.952819,0.143598,0.21253,0.692,cuda
disp26,ami,046,zoom,046_zoom,5,4,144,bic,41.179622,0.962217,39.23682,0.993391,4,0.013125,39.106284,78.832807,41.066651,0.968447,0.11164,0.176557,0.657,cuda
disp26,ami,047,back,047_back,3,4,144,bic,39.525853,0.944476,37.834396,0.989632,4,0.02523,37.509733,75.629572,40.382041,0.964675,0.119636,0.189515,0.687,cuda
disp26,ami,047,down,047_down,3,4,144,bic,38.895038,0.93255,37.209158,0.987382,4,0.025026,36.827856,70.654452,40.286016,0.964834,0.160243,0.210246,0.679,cuda
disp26,ami,047,front,047_front,3,4,144,bic,39.233959,0.937239,37.522631,0.988339,4,0.023769,37.108109,70.081671,40.902348,0.968901,0.141975,0.192086,0.682,cuda
disp26,ami,047,left,047_left,3,4,144,bic,38.618321,0.929789,36.955682,0.987018,4,0.026895,36.446119,73.328162,40.198697,0.963026,0.154618,0.200383,0.682,cuda
disp26,ami,047,right,047_right,3,4,144,bic,40.121219,0.946739,38.334254,0.990376,4,0.016073,38.041501,75.364808,41.003408,0.968122,0.145192,0.208091,0.656,cuda
disp26,ami,047,up,047_up,3,4,144,bic,38.924372,0.930786,37.227848,0.985926,4,0.030005,36.835702,74.505234,40.391897,0.963554,0.136763,0.1897,0.664,cuda
disp26,ami,047,zoom,047_zoom,3,4,144,bic,40.969648,0.95506,39.048695,0.992085,4,0.015965,38.895239,81.015286,42.659014,0.974256,0.120662,0.183997,0.666,cuda
disp26,ami,048,back,048_back,1,4,144,bic,38.910657,0.941222,37.180827,0.98857,4,0.024423,36.480407,73.291687,38.709144,0.951745,0.12521,0.18568,0.655,cuda
disp26,ami,048,down,048_down,1,4,144,bic,40.071433,0.952254,38.287023,0.990897,4,0.018074,37.605214,72.267157,39.853014,0.960424,0.141386,0.189063,0.658,cuda
disp26,ami,048,front,048_front,1,4,144,bic,40.234609,0.952333,38.473492,0.990809,4,0.017409,37.867534,67.272794,39.937076,0.960649,0.14105,0.195269,0.673,cuda
disp26,ami,048,left,048_left,1,4,144,bic,40.906515,0.956501,39.071343,0.991412,4,0.02285,38.667615,71.127499,41.354003,0.965423,0.148164,0.214492,0.646,cuda
disp26,ami,048,right,048_right,1,4,144,bic,40.215831,0.955836,38.419505,0.991807,4,0.018247,37.770465,70.697029,39.873444,0.961867,0.125707,0.187279,0.677,cuda
disp26,ami,048,up,048_up,1,4,144,bic,39.594035,0.952545,37.864372,0.991337,4,0.025225,37.238267,72.700393,39.97262,0.962486,0.144545,0.200329,0.662,cuda
disp26,ami,048,zoom,048_zoom,1,4,144,bic,41.587894,0.963771,39.641396,0.993137,4,0.0144,39.218217,74.046948,41.146904,0.967746,0.124348,0.17708,0.672,cuda
disp26,ami,051,back,051_back,4,4,144,bic,38.714484,0.944589,36.981426,0.990087,4,0.019093,36.490122,68.54063,39.637331,0.962205,0.154229,0.198048,0.687,cuda
disp26,ami,051,down,051_down,4,4,144,bic,38.790626,0.943998,37.036918,0.990043,4,0.020369,36.583248,67.700099,41.538551,0.971822,0.137919,0.195328,0.667,cuda
disp26,ami,051,front,051_front,4,4,144,bic,38.655387,0.943135,36.946564,0.989511,4,0.029529,36.388729,69.179119,40.473158,0.966108,0.156235,0.186141,0.679,cuda
disp26,ami,051,left,051_left,4,4,144,bic,40.266296,0.953491,38.442748,0.991365,4,0.017409,38.209124,69.118145,41.969137,0.970368,0.140306,0.189189,0.659,cuda
disp26,ami,051,right,051_right,4,4,144,bic,39.461204,0.946595,37.745667,0.990016,4,0.020538,37.146432,68.79898,39.344284,0.955451,0.145688,0.199723,0.796,cuda
disp26,ami,051,up,051_up,4,4,144,bic,38.040295,0.934938,36.369891,0.98809,4,0.026216,35.716479,69.929324,39.811007,0.961067,0.167876,0.194223,0.666,cuda
disp26,ami,051,zoom,051_zoom,4,4,144,bic,40.962321,0.961286,39.069449,0.993265,4,0.019075,38.880532,66.284601,42.810543,0.975366,0.118023,0.173062,0.643,cuda
disp26,ami,052,back,052_back,1,4,144,bic,39.292732,0.945208,37.576186,0.990328,4,0.020684,36.891451,68.095728,39.574346,0.957881,0.103139,0.207743,0.634,cuda
disp26,ami,052,down,052_down,1,4,144,bic,38.544842,0.935795,36.892954,0.989067,4,0.02378,36.333018,74.117416,38.650456,0.943394,0.127502,0.209478,0.68,cuda
disp26,ami,052,front,052_front,1,4,144,bic,39.155501,0.940631,37.427288,0.989381,4,0.020046,36.805877,73.813031,38.641129,0.944456,0.126196,0.222045,0.667,cuda
disp26,ami,052,left,052_left,1,4,144,bic,40.02613,0.949579,38.310088,0.991158,4,0.01948,37.813406,81.414823,39.701604,0.953704,0.132127,0.193154,0.671,cuda
disp26,ami,052,right,052_right,1,4,144,bic,40.181534,0.953998,38.409487,0.991815,4,0.017692,37.856694,73.476608,39.663382,0.954453,0.098808,0.198669,0.683,cuda
disp26,ami,052,up,052_up,1,4,144,bic,39.704393,0.945748,38.001796,0.990284,4,0.020697,37.424282,72.183319,40.052021,0.958045,0.127302,0.213072,0.655,cuda
disp26,ami,052,zoom,052_zoom,1,4,144,bic,40.661646,0.956784,38.800398,0.992474,4,0.016529,38.28724,77.210453,40.193824,0.954849,0.096517,0.189312,0.64,cuda
disp26,ami,053,back,053_back,3,4,144,bic,39.195909,0.940189,37.399067,0.989124,4,0.02264,36.958669,69.939638,39.312475,0.954014,0.137726,0.205264,0.684,cuda
disp26,ami,053,down,053_down,3,4,144,bic,38.151953,0.930996,36.434747,0.987935,4,0.023139,36.158173,70.804245,39.82744,0.958907,0.149484,0.191206,0.655,cuda
disp26,ami,053,front,053_front,3,4,144,bic,38.627552,0.934501,36.852941,0.987986,4,0.02532,36.610058,75.71283,39.394114,0.955167,0.157062,0.207344,0.66,cuda
disp26,ami,053,left,053_left,3,4,144,bic,39.185922,0.940895,37.400816,0.989297,4,0.021783,37.258142,72.084163,40.568401,0.961175,0.161282,0.188704,0.65,cuda
disp26,ami,053,right,053_right,3,4,144,bic,39.4608,0.94412,37.637191,0.990058,4,0.020309,37.382922,70.612287,38.718465,0.942761,0.136062,0.197756,0.668,cuda
disp26,ami,053,up,053_up,3,4,144,bic,38.335773,0.929382,36.585207,0.986149,4,0.024685,36.352015,70.756337,38.135246,0.939307,0.162061,0.209926,0.681,cuda
disp26,ami,053,zoom,053_zoom,3,4,144,bic,39.900464,0.949314,37.997485,0.990909,4,0.019225,37.822747,74.516165,40.690772,0.962957,0.142827,0.185811,0.658,cuda
disp26,ami,054,back,054_back,3,4,144,bic,38.778786,0.944885,36.955752,0.98907,4,0.020575,35.863648,74.789982,39.561232,0.957611,0.14882,0.202594,0.656,cuda
disp26,ami,054,down,054_down,3,4,144,bic,39.668279,0.951449,37.845108,0.991086,4,0.018027,37.171362,73.601828,40.267964,0.964824,0.141842,0.184438,0.643,cuda
disp26,ami,054,front,054_front,3,4,144,bic,39.537693,0.950291,37.739612,0.991074,4,0.019334,37.00496,74.297394,39.546674,0.957058,0.150026,0.17482,0.656,cuda
disp26,ami,054,left,054_left,3,4,144,bic,40.216936,0.950408,38.459557,0.990982,4,0.018812,38.166427,75.730421,40.797703,0.963051,0.167744,0.214859,0.682,cuda
disp26,ami,054,right,054_right,3,4,144,bic,39.506449,0.946716,37.766731,0.990294,4,0.021726,37.159066,73.306474,38.780282,0.949372,0.160035,0.185785,0.645,cuda
disp26,ami,054,up,054_up,3,4,144,bic,37.569206,0.942216,35.806044,0.98927,4,0.020271,35.027106,73.483918,37.998127,0.942841,0.143874,0.209248,0.65,cuda
disp26,ami,054,zoom,054_zoom,3,4,144,bic,39.125308,0.952392,37.359287,0.990629,4,0.032557,36.069931,74.482772,40.124309,0.962396,0.13917,0.192453,0.679,cuda
disp26,ami,055,back,055_back,2,4,144,bic,41.001282,0.955554,39.113305,0.991437,4,0.016655,38.739595,77.945259,40.012235,0.959072,0.109945,0.160433,0.663,cuda
disp26,ami,055,down,055_down,2,4,144,bic,40.202295,0.94934,38.409909,0.990889,4,0.014188,37.805187,75.101855,40.280514,0.963407,0.116715,0.190274,0.681,cuda
disp26,ami,055,front,055_front,2,4,144,bic,41.013755,0.957649,39.099469,0.992085,4,0.01506,38.761987,82.248889,40.78086,0.966172,0.122576,0.183091,0.649,cuda
disp26,ami,055,left,055_left,2,4,144,bic,40.39607,0.949557,38.518232,0.99026,4,0.017962,38.06139,77.353964,40.129139,0.959589,0.119157,0.182258,0.644,cuda
disp26,ami,055,right,055_right,2,4,144,bic,41.180819,0.959429,39.242358,0.992372,4,0.015823,38.809028,75.451911,39.903655,0.957189,0.109282,0.188624,0.657,cuda
disp26,ami,055,up,055_up,2,4,144,bic,40.335952,0.952512,38.496011,0.991,4,0.017768,38.001816,78.50982,40.619196,0.962482,0.122802,0.198824,0.64,cuda
disp26,ami,055,zoom,055_zoom,2,4,144,bic,42.018438,0.966003,39.987273,0.993706,4,0.01443,39.837927,74.269898,42.090253,0.975372,0.090811,0.161586,0.654,cuda
disp26,ami,056,back,056_back,4,4,144,bic,38.923631,0.949602,37.232836,0.990051,4,0.019473,36.247595,77.280226,38.32364,0.952705,0.112687,0.193765,0.649,cuda
disp26,ami,056,down,056_down,4,4,144,bic,39.715865,0.95258,38.014213,0.991275,4,0.018133,37.529775,72.553079,39.496299,0.964995,0.127729,0.184414,0.65,cuda
disp26,ami,056,front,056_front,4,4,144,bic,39.047632,0.949559,37.371968,0.989848,4,0.026161,36.252734,73.72975,37.922663,0.957204,0.136827,0.200638,0.645,cuda
disp26,ami,056,left,056_left,4,4,144,bic,40.656239,0.958924,38.9322,0.992188,4,0.01879,38.304785,71.374272,40.285366,0.966234,0.137114,0.19754,0.656,cuda
disp26,ami,056,right,056_right,4,4,144,bic,40.415293,0.961287,38.660314,0.992585,4,0.015329,37.703493,70.007907,38.799278,0.95532,0.103612,0.207471,0.664,cuda
disp26,ami,056,up,056_up,4,4,144,bic,38.509155,0.944623,36.857828,0.988736,4,0.024655,35.807058,70.555884,37.728748,0.953058,0.14252,0.184607,0.652,cuda
disp26,ami,056,zoom,056_zoom,4,4,144,bic,40.52629,0.962499,38.742543,0.99252,4,0.026591,37.538694,68.114595,40.771235,0.971938,0.092154,0.172148,0.675,cuda
disp26,ami,057,back,057_back,5,4,144,bic,38.583582,0.947556,36.914563,0.989906,4,0.035453,36.261615,72.844237,40.082225,0.970065,0.120547,0.197078,0.641,cuda
disp26,ami,057,down,057_down,5,4,144,bic,40.086111,0.952991,38.343324,0.99165,4,0.021263,37.97139,73.548891,41.264739,0.973185,0.134496,0.19019,0.642,cuda
disp26,ami,057,front,057_front,5,4,144,bic,38.648633,0.94208,36.981218,0.989616,4,0.031492,36.446477,72.043788,40.008704,0.966232,0.130156,0.204673,0.656,cuda
disp26,ami,057,left,057_left,5,4,144,bic,40.19672,0.952717,38.437896,0.992008,4,0.022215,38.076419,73.415206,42.037629,0.974151,0.136607,0.201531,0.683,cuda
disp26,ami,057,right,057_right,5,4,144,bic,39.48686,0.950497,37.799521,0.991402,4,0.02031,37.213084,74.83808,39.894093,0.962253,0.137648,0.198539,0.665,cuda
disp26,ami,057,up,057_up,5,4,144,bic,37.739909,0.939497,36.125329,0.988363,4,0.027975,35.362127,66.915078,39.558998,0.957147,0.127848,0.205776,0.646,cuda
disp26,ami,057,zoom,057_zoom,5,4,144,bic,41.237459,0.965813,39.383965,0.993933,4,0.017556,38.798346,76.599985,42.270546,0.974856,0.104772,0.161223,0.685,cuda
disp26,ami,058,back,058_back,5,4,144,bic,40.710451,0.958923,38.9112,0.992411,4,0.015087,38.464141,75.382353,39.971324,0.961816,0.117313,0.190622,0.674,cuda
disp26,ami,058,down,058_down,5,4,144,bic,39.594124,0.952531,37.924076,0.991785,4,0.02043,37.422624,74.586576,40.197803,0.967216,0.135556,0.219359,0.658,cuda
disp26,ami,058,front,058_front,5,4,144,bic,40.011489,0.955648,38.266646,0.992004,4,0.015743,37.634663,73.368998,40.956134,0.967858,0.127046,0.210377,0.658,cuda
disp26,ami,058,left,058_left,5,4,144,bic,41.054486,0.960976,39.276726,0.992833,4,0.014216,38.80602,73.117519,41.382172,0.969851,0.133636,0.196449,0.671,cuda
disp26,ami,058,right,058_right,5,4,144,bic,39.83344,0.952255,38.14909,0.990752,4,0.020203,37.511569,66.17353,38.758429,0.953096,0.120465,0.202436,0.672,cuda
disp26,ami,058,up,058_up,5,4,144,bic,39.604993,0.950643,37.918936,0.991086,4,0.019418,37.279279,78.212567,40.199396,0.962486,0.128059,0.219962,0.666,cuda
disp26,ami,058,zoom,058_zoom,5,4,144,bic,41.231098,0.965904,39.320073,0.994218,4,0.020247,39.03874,70.297487,42.187789,0.974021,0.102691,0.17257,0.658,cuda
disp26,ami,059,back,059_back,3,4,144,bic,41.742917,0.961223,39.844699,0.993048,4,0.012195,39.736108,83.745979,42.557632,0.973984,0.116527,0.17756,0.658,cuda
disp26,ami,059,down,059_down,3,4,144,bic,41.673218,0.963125,39.808506,0.993058,4,0.014514,39.454386,74.730065,41.526612,0.969332,0.106281,0.198289,0.677,cuda
disp26,ami,059,front,059_front,3,4,144,bic,40.922841,0.95934,39.111909,0.992263,4,0.016589,38.566844,81.66108,41.249331,0.969762,0.109331,0.191598,0.665,cuda
disp26,ami,059,left,059_left,3,4,144,bic,41.62506,0.964259,39.783874,0.993266,4,0.014933,39.282542,72.634063,41.535784,0.974105,0.110037,0.194551,0.664,cuda
disp26,ami,059,right,059_right,3,4,144,bic,41.558177,0.964666,39.692356,0.993563,4,0.013105,39.331387,69.091989,41.095511,0.967501,0.087176,0.160615,0.656,cuda
disp26,ami,059,up,059_up,3,4,144,bic,40.812092,0.957055,39.015239,0.992079,4,0.018892,38.538718,92.578028,40.82944,0.966385,0.112046,0.181908,0.644,cuda
disp26,ami,059,zoom,059_zoom,3,4,144,bic,42.54963,0.970488,40.504072,0.99481,4,0.012966,40.261159,70.159824,42.915034,0.975051,0.094595,0.177387,0.684,cuda
disp26,ami,061,back,061_back,2,4,144,bic,41.027719,0.953022,39.198672,0.991405,4,0.015777,38.799555,82.802549,40.992433,0.96385,0.130245,0.193349,0.669,cuda
disp26,ami,061,down,061_down,2,4,144,bic,39.950987,0.941842,38.219277,0.989522,4,0.018306,37.636865,75.31599,40.514374,0.964112,0.161399,0.22093,0.672,cuda
disp26,ami,061,front,061_front,2,4,144,bic,40.339843,0.947718,38.576008,0.989991,4,0.022409,38.029811,77.103413,40.751791,0.964875,0.155992,0.201405,0.669,cuda
disp26,ami,061,left,061_left,2,4,144,bic,40.285849,0.947098,38.552514,0.990093,4,0.021953,38.193535,78.939739,41.390362,0.967897,0.162082,0.214216,0.676,cuda
disp26,ami,061,right,061_right,2,4,144,bic,41.40698,0.959204,39.610271,0.992079,4,0.017758,39.00765,73.88301,40.163022,0.95922,0.121108,0.198369,0.645,cuda
disp26,ami,061,up,061_up,2,4,144,bic,40.314242,0.947564,38.524971,0.990006,4,0.021421,37.944548,83.62701,40.322217,0.962839,0.147371,0.211142,0.664,cuda
disp26,ami,061,zoom,061_zoom,2,4,144,bic,41.321208,0.960076,39.417206,0.992925,4,0.017305,38.989834,75.380292,41.652466,0.97067,0.133139,0.19134,0.669,cuda
disp26,ami,062,back,062_back,3,4,144,bic,39.046686,0.945225,37.309929,0.990074,4,0.024228,36.804285,78.446118,41.55053,0.971039,0.144335,0.181553,0.686,cuda
disp26,ami,062,down,062_down,3,4,144,bic,38.673793,0.933969,36.91568,0.988377,4,0.022032,36.780631,72.286644,40.952418,0.965866,0.189878,0.218019,0.663,cuda
disp26,ami,062,front,062_front,3,4,144,bic,37.932909,0.929468,36.231342,0.986751,4,0.026729,35.502702,76.084626,40.836684,0.964808,0.193749,0.21305,0.67,cuda
disp26,ami,062,left,062_left,3,4,144,bic,39.636599,0.940787,37.806088,0.989219,4,0.022849,37.899107,73.160736,41.334893,0.96482,0.178652,0.177268,0.642,cuda
disp26,ami,062,right,062_right,3,4,144,bic,38.896184,0.93463,37.107204,0.988156,4,0.022175,36.814113,75.913942,40.132122,0.958248,0.189392,0.216952,0.664,cuda
disp26,ami,062,up,062_up,3,4,144,bic,36.816222,0.92813,35.191036,0.987455,4,0.024047,34.478778,69.436615,40.22514,0.958201,0.170969,0.192222,0.661,cuda
disp26,ami,062,zoom,062_zoom,3,4,144,bic,39.537,0.949067,37.671676,0.991395,4,0.021838,37.17597,71.731659,42.520735,0.969812,0.1556,0.186647,0.677,cuda
disp26,ami,063,back,063_back,4,4,144,bic,40.691526,0.953111,38.8413,0.991198,4,0.021055,38.315601,70.779115,40.54176,0.963791,0.132232,0.198669,0.64,cuda
disp26,ami,063,down,063_down,4,4,144,bic,39.478875,0.94424,37.72695,0.989793,4,0.018573,37.298203,74.492692,40.407497,0.96745,0.13551,0.200511,0.678,cuda
disp26,ami,063,front,063_front,4,4,144,bic,39.979352,0.947126,38.235347,0.990602,4,0.016558,37.787056,73.690917,40.998701,0.968517,0.137016,0.199814,0.667,cuda
disp26,ami,063,left,063_left,4,4,144,bic,40.412171,0.950744,38.60901,0.990817,4,0.019383,38.325315,76.190308,41.173836,0.966186,0.143911,0.196467,0.648,cuda
disp26,ami,063,right,063_right,4,4,144,bic,39.971229,0.946223,38.237445,0.990297,4,0.01588,37.854428,71.59083,40.992098,0.967573,0.131844,0.213433,0.651,cuda
disp26,ami,063,up,063_up,4,4,144,bic,39.172637,0.935149,37.462099,0.987845,4,0.02573,37.020198,72.661404,40.233181,0.95764,0.163702,0.220135,0.639,cuda
disp26,ami,063,zoom,063_zoom,4,4,144,bic,41.667146,0.963164,39.726358,0.993516,4,0.015855,39.626498,71.514215,42.839807,0.975605,0.116877,0.177707,0.653,cuda
disp26,ami,064,back,064_back,5,4,144,bic,38.862506,0.935354,37.173894,0.98752,4,0.023535,36.641393,77.262546,38.369421,0.950125,0.1725,0.210427,0.648,cuda
disp26,ami,064,down,064_down,5,4,144,bic,38.726474,0.931377,37.027683,0.986936,4,0.024844,36.575509,75.257574,39.836302,0.962838,0.156108,0.196916,0.65,cuda
disp26,ami,064,front,064_front,5,4,144,bic,39.665182,0.94102,37.925401,0.988812,4,0.017059,37.418842,78.11907,39.475227,0.95455,0.14492,0.199711,0.672,cuda
disp26,ami,064,left,064_left,5,4,144,bic,39.553118,0.939852,37.800683,0.987839,4,0.029036,37.184476,75.041238,39.863382,0.955996,0.148732,0.187976,0.667,cuda
disp26,ami,064,right,064_right,5,4,144,bic,39.724472,0.943723,37.994163,0.989758,4,0.017908,37.551486,81.560033,39.559916,0.951008,0.131561,0.200249,0.662,cuda
disp26,ami,064,up,064_up,5,4,144,bic,39.359574,0.939046,37.618839,0.988141,4,0.020166,37.029151,77.044895,38.850308,0.94911,0.150368,0.185927,0.659,cuda
disp26,ami,064,zoom,064_zoom,5,4,144,bic,40.531305,0.953345,38.679689,0.991047,4,0.016264,38.154505,73.740572,40.620057,0.962688,0.112405,0.164468,0.636,cuda
disp26,ami,065,back,065_back,3,4,144,bic,38.507825,0.934749,36.791506,0.987547,4,0.026639,36.110268,75.124039,39.264786,0.958751,0.134349,0.196193,0.645,cuda
disp26,ami,065,down,065_down,3,4,144,bic,39.958153,0.950518,38.203084,0.991583,4,0.017211,37.646036,73.035138,41.565651,0.972051,0.152823,0.221704,0.666,cuda
disp26,ami,065,front,065_front,3,4,144,bic,39.331526,0.945111,37.606254,0.990447,4,0.023995,37.090211,70.30733,41.400758,0.968027,0.153938,0.184108,0.694,cuda
disp26,ami,065,left,065_left,3,4,144,bic,41.167443,0.956588,39.306127,0.992333,4,0.015419,38.975159,76.081951,42.676939,0.972496,0.154703,0.195018,0.655,cuda
disp26,ami,065,right,065_right,3,4,144,bic,39.494525,0.948467,37.744827,0.990903,4,0.025092,37.308991,75.606361,39.791812,0.959773,0.132752,0.200316,0.656,cuda
disp26,ami,065,up,065_up,3,4,144,bic,38.910016,0.939347,37.201167,0.989193,4,0.024741,36.663951,70.467996,41.324337,0.965648,0.150145,0.206887,0.642,cuda
disp26,ami,065,zoom,065_zoom,3,4,144,bic,41.829807,0.963604,39.878011,0.993361,4,0.016387,39.752048,68.271558,43.056395,0.977421,0.123446,0.171392,0.647,cuda
disp26,ami,066,back,066_back,4,4,144,bic,41.142001,0.957851,39.259966,0.992469,4,0.014685,38.738378,77.874524,41.360161,0.972031,0.110446,0.189518,0.665,cuda
disp26,ami,066,down,066_down,4,4,144,bic,40.698354,0.955912,38.854965,0.991884,4,0.014797,38.43011,71.5054,40.740419,0.966135,0.128517,0.195237,0.655,cuda
disp26,ami,066,front,066_front,4,4,144,bic,40.818133,0.955771,38.958884,0.991905,4,0.014883,38.627934,72.649998,41.03066,0.967847,0.129445,0.192896,0.656,cuda
disp26,ami,066,left,066_left,4,4,144,bic,41.475416,0.960893,39.525589,0.992835,4,0.012264,39.296467,72.219742,41.45153,0.969945,0.144132,0.185177,0.646,cuda
disp26,ami,066,right,066_right,4,4,144,bic,41.175474,0.959872,39.305892,0.992688,4,0.016147,38.7921,80.742853,40.661459,0.96608,0.109645,0.196041,0.658,cuda
disp26,ami,066,up,066_up,4,4,144,bic,40.021382,0.948904,38.22104,0.990426,4,0.017783,37.619118,72.544351,40.3592,0.961845,0.136302,0.181694,0.657,cuda
disp26,ami,066,zoom,066_zoom,4,4,144,bic,41.66938,0.963664,39.665966,0.993554,4,0.013041,39.332646,74.458585,42.186169,0.971543,0.117727,0.167856,0.665,cuda
disp26,ami,067,back,067_back,2,4,144,bic,39.300283,0.933728,37.298562,0.987405,4,0.01927,37.257348,75.269758,39.03815,0.946877,0.174989,0.179507,0.669,cuda
disp26,ami,067,down,067_down,2,4,144,bic,38.69751,0.926694,36.759151,0.986557,4,0.021814,36.718386,72.268221,39.829148,0.953188,0.211881,0.187079,0.631,cuda
disp26,ami,067,front,067_front,2,4,144,bic,38.780948,0.92616,36.811685,0.985892,4,0.023232,36.740497,73.084545,39.426612,0.948253,0.203644,0.201786,0.645,cuda
disp26,ami,067,left,067_left,2,4,144,bic,38.434254,0.920024,36.570739,0.984927,4,0.027869,36.455901,73.633589,40.379988,0.955391,0.232455,0.234993,0.661,cuda
disp26,ami,067,right,067_right,2,4,144,bic,39.019113,0.936579,37.119626,0.988327,4,0.019785,36.839542,67.141236,38.571937,0.94747,0.183069,0.195596,0.652,cuda
disp26,ami,067,up,067_up,2,4,144,bic,38.750844,0.926578,36.805312,0.985608,4,0.02379,36.662302,72.553214,38.811984,0.942223,0.186387,0.203003,0.65,cuda
disp26,ami,067,zoom,067_zoom,2,4,144,bic,39.957469,0.943343,37.882091,0.989557,4,0.017005,38.083853,73.153522,41.182893,0.961619,0.182342,0.202346,0.647,cuda
disp26,ami,068,back,068_back,2,4,144,bic,38.226813,0.928681,36.522895,0.986489,4,0.026756,36.105109,72.360176,38.792483,0.952935,0.14675,0.18436,0.666,cuda
disp26,ami,068,down,068_down,2,4,144,bic,38.211599,0.935403,36.502384,0.98823,4,0.027917,36.217326,67.735188,39.944464,0.962053,0.170338,0.207719,0.648,cuda
disp26,ami,068,front,068_front,2,4,144,bic,38.89148,0.940728,37.155105,0.989627,4,0.022607,36.89572,75.992591,40.296966,0.963028,0.161056,0.210278,0.651,cuda
disp26,ami,068,left,068_left,2,4,144,bic,39.000155,0.942736,37.241594,0.989835,4,0.025715,36.951704,67.09922,40.783827,0.965244,0.159971,0.224075,0.673,cuda
disp26,ami,068,right,068_right,2,4,144,bic,39.183578,0.94355,37.407831,0.990028,4,0.02309,36.8979,73.45409,39.028025,0.957798,0.143196,0.197016,0.683,cuda
disp26,ami,068,up,068_up,2,4,144,bic,38.021499,0.931608,36.319754,0.987991,4,0.030122,35.928195,72.887127,39.365631,0.957622,0.178293,0.218564,0.654,cuda
disp26,ami,068,zoom,068_zoom,2,4,144,bic,40.531096,0.958159,38.62074,0.992927,4,0.020012,38.469391,70.134911,41.987104,0.970205,0.132879,0.197406,0.649,cuda
disp26,ami,069,back,069_back,4,4,144,bic,39.201068,0.940253,37.434416,0.98819,4,0.021149,36.818841,75.284145,39.089303,0.949534,0.117079,0.190931,0.65,cuda
disp26,ami,069,down,069_down,4,4,144,bic,38.240687,0.932264,36.561765,0.987733,4,0.024508,35.990192,69.941425,38.06817,0.947154,0.172783,0.186787,0.681,cuda
disp26,ami,069,front,069_front,4,4,144,bic,38.694022,0.937604,36.999122,0.98885,4,0.021426,36.205274,72.699525,37.373661,0.935032,0.160742,0.196136,0.659,cuda
disp26,ami,069,left,069_left,4,4,144,bic,38.995824,0.941361,37.252991,0.989315,4,0.021476,36.706196,76.422962,38.291152,0.944114,0.147363,0.201083,0.664,cuda
disp26,ami,069,right,069_right,4,4,144,bic,39.523153,0.949376,37.788806,0.991122,4,0.014091,36.986299,73.717781,37.497679,0.9403,0.133233,0.187973,0.673,cuda
disp26,ami,069,up,069_up,4,4,144,bic,38.765814,0.940175,37.054007,0.989765,4,0.021101,36.276455,76.729965,38.128877,0.94177,0.147927,0.197403,0.658,cuda
disp26,ami,069,zoom,069_zoom,4,4,144,bic,39.562148,0.948154,37.772923,0.990897,4,0.017488,37.178637,74.708778,38.971783,0.948836,0.125184,0.18208,0.666,cuda
disp26,ami,070,back,070_back,3,4,144,bic,40.373434,0.955599,38.49382,0.991924,4,0.015686,38.089288,73.739854,40.128749,0.963066,0.110628,0.167917,0.652,cuda
disp26,ami,070,down,070_down,3,4,144,bic,38.060579,0.9364,36.435669,0.989102,4,0.024966,36.032388,79.586793,39.946557,0.962871,0.144142,0.211758,0.648,cuda
disp26,ami,070,front,070_front,3,4,144,bic,39.099393,0.945887,37.333008,0.989999,4,0.022221,36.86129,67.842912,39.260625,0.954182,0.130365,0.205986,0.674,cuda
disp26,ami,070,left,070_left,3,4,144,bic,39.196925,0.943022,37.566508,0.989613,4,0.028279,37.385707,73.007693,40.855376,0.964073,0.154687,0.214967,0.656,cuda
disp26,ami,070,right,070_right,3,4,144,bic,39.928581,0.952613,38.150132,0.990842,4,0.017335,37.515953,69.958731,38.850887,0.949132,0.109202,0.194502,0.667,cuda
disp26,ami,070,up,070_up,3,4,144,bic,39.564737,0.950261,37.866553,0.990555,4,0.017051,37.44102,73.625788,39.585533,0.957911,0.113334,0.186989,0.633,cuda
disp26,ami,070,zoom,070_zoom,3,4,144,bic,41.090346,0.96195,39.135335,0.993147,4,0.016101,38.989165,75.792698,41.656772,0.967308,0.10422,0.173667,0.673,cuda
disp26,ami,071,back,071_back,2,4,144,bic,38.888549,0.944086,37.140168,0.989984,4,0.022687,36.673414,70.011485,39.59589,0.957058,0.134761,0.166127,0.675,cuda
disp26,ami,071,down,071_down,2,4,144,bic,37.505153,0.933802,35.846991,0.98826,4,0.027458,35.253641,68.538703,39.043667,0.957297,0.155041,0.197829,0.663,cuda
disp26,ami,071,front,071_front,2,4,144,bic,37.515068,0.936936,35.83595,0.989044,4,0.029673,34.98361,73.3453,38.138471,0.955282,0.16995,0.194248,0.662,cuda
disp26,ami,071,left,071_left,2,4,144,bic,38.517197,0.941022,36.765793,0.98972,4,0.020335,36.263915,70.785216,40.134663,0.965041,0.1533,0.174976,0.644,cuda
disp26,ami,071,right,071_right,2,4,144,bic,38.782575,0.941536,37.056559,0.988892,4,0.021758,36.335216,73.013285,37.742962,0.948676,0.13928,0.177061,0.646,cuda
disp26,ami,071,up,071_up,2,4,144,bic,37.269766,0.928907,35.566896,0.987481,4,0.030189,34.881544,72.911954,37.665856,0.948725,0.157969,0.203518,0.678,cuda
disp26,ami,071,zoom,071_zoom,2,4,144,bic,39.666145,0.955472,37.758962,0.992409,4,0.02093,37.339124,68.628023,40.978001,0.966513,0.122796,0.158238,0.684,cuda
disp26,ami,072,back,072_back,1,4,144,bic,41.076287,0.957134,39.194708,0.991759,4,0.019149,39.126208,77.918492,40.823909,0.967505,0.119675,0.174881,0.67,cuda
disp26,ami,072,down,072_down,1,4,144,bic,41.23476,0.957223,39.365112,0.991999,4,0.014488,39.272352,73.79623,41.852401,0.972596,0.12736,0.190451,0.632,cuda
disp26,ami,072,front,072_front,1,4,144,bic,41.812815,0.961414,39.893248,0.99286,4,0.015317,39.894354,77.082788,41.965433,0.97006,0.126753,0.189581,0.653,cuda
disp26,ami,072,left,072_left,1,4,144,bic,40.925673,0.953661,39.018349,0.991021,4,0.015705,39.010485,76.809278,41.738032,0.96892,0.151556,0.178671,0.653,cuda
disp26,ami,072,right,072_right,1,4,144,bic,42.460081,0.968274,40.525105,0.993943,4,0.010979,40.628685,73.124139,41.342921,0.965576,0.096801,0.16571,0.644,cuda
disp26,ami,072,up,072_up,1,4,144,bic,41.893678,0.96244,40.009322,0.992881,4,0.011867,40.039821,76.5899,41.368044,0.965759,0.115171,0.169828,0.659,cuda
disp26,ami,072,zoom,072_zoom,1,4,144,bic,43.123434,0.970293,40.932698,0.994583,4,0.009655,41.178534,78.453091,43.379942,0.978502,0.093337,0.159473,0.642,cuda
disp26,ami,073,back,073_back,1,4,144,bic,41.070192,0.958047,39.250742,0.992286,4,0.012888,39.024817,74.145317,41.600403,0.968399,0.119,0.19965,0.652,cuda
disp26,ami,073,down,073_down,1,4,144,bic,39.05047,0.948939,37.431803,0.991496,4,0.026884,37.234651,70.303477,41.36427,0.96854,0.142593,0.208884,0.656,cuda
disp26,ami,073,front,073_front,1,4,144,bic,39.688586,0.949661,37.988383,0.990736,4,0.020278,37.916252,68.635693,40.536685,0.962375,0.150212,0.193448,0.665,cuda
disp26,ami,073,left,073_left,1,4,144,bic,40.1412,0.953011,38.436218,0.991484,4,0.018609,38.503088,73.192893,41.249662,0.966166,0.143387,0.184023,0.675,cuda
disp26,ami,073,right,073_right,1,4,144,bic,40.388668,0.955451,38.678876,0.991643,4,0.019066,38.277123,72.945406,40.444764,0.961751,0.109153,0.186079,0.679,cuda
disp26,ami,073,up,073_up,1,4,144,bic,39.054847,0.941796,37.377133,0.989105,4,0.020559,37.147849,70.572566,40.42672,0.959535,0.12738,0.175146,0.65,cuda
disp26,ami,073,zoom,073_zoom,1,4,144,bic,42.092669,0.96625,40.138324,0.993955,4,0.01176,40.252863,73.129538,42.530436,0.973807,0.109559,0.162626,0.658,cuda
disp26,ami,074,back,074_back,1,4,144,bic,39.548955,0.942867,37.908981,0.989994,4,0.022922,37.715288,75.876155,41.052415,0.968923,0.138659,0.199743,0.645,cuda
disp26,ami,074,down,074_down,1,4,144,bic,38.316686,0.929541,36.72672,0.987162,4,0.029221,36.344655,73.286976,40.537543,0.96664,0.162422,0.216305,0.687,cuda
disp26,ami,074,front,074_front,1,4,144,bic,38.566427,0.930102,36.980705,0.987147,4,0.027469,36.430587,72.179935,40.508203,0.965457,0.159558,0.211375,0.651,cuda
disp26,ami,074,left,074_left,1,4,144,bic,38.893941,0.933436,37.270543,0.987431,4,0.028159,36.951295,71.934722,41.878851,0.971976,0.164318,0.207487,0.666,cuda
disp26,ami,074,right,074_right,1,4,144,bic,39.081851,0.942942,37.481562,0.989761,4,0.023394,37.009905,70.594049,40.312766,0.962342,0.135489,0.204103,0.658,cuda
disp26,ami,074,up,074_up,1,4,144,bic,38.456557,0.928435,36.86079,0.986862,4,0.027409,36.440054,72.135048,40.390776,0.962364,0.157081,0.198378,0.67,cuda
disp26,ami,074,zoom,074_zoom,1,4,144,bic,40.284608,0.951927,38.52147,0.991797,4,0.020278,38.289014,72.121665,43.095204,0.977932,0.152521,0.192722,0.675,cuda
disp26,ami,075,back,075_back,3,4,144,bic,38.602951,0.928505,36.823602,0.986491,4,0.020855,36.36189,73.189729,39.423656,0.952045,0.158548,0.191606,0.651,cuda
disp26,ami,075,down,075_down,3,4,144,bic,37.470976,0.924541,35.807138,0.986093,4,0.036988,35.176993,67.914951,40.052769,0.958077,0.181907,0.196434,0.676,cuda
disp26,ami,075,front,075_front,3,4,144,bic,37.33002,0.916606,35.624521,0.984624,4,0.032144,35.03309,69.615275,39.202109,0.950717,0.174606,0.211262,0.659,cuda
disp26,ami,075,left,075_left,3,4,144,bic,38.844302,0.937878,37.085864,0.988182,4,0.023867,36.36808,69.830879,40.940743,0.961586,0.159138,0.200407,0.694,cuda
disp26,ami,075,right,075_right,3,4,144,bic,39.204739,0.940664,37.392318,0.989082,4,0.022375,36.925279,70.041972,39.335478,0.946098,0.153833,0.219333,0.671,cuda
disp26,ami,075,up,075_up,3,4,144,bic,37.818506,0.922105,36.119871,0.984864,4,0.029768,35.550023,73.477031,39.01549,0.949253,0.163717,0.209744,0.671,cuda
disp26,ami,075,zoom,075_zoom,3,4,144,bic,39.553988,0.950821,37.69096,0.990938,4,0.024218,37.341677,72.059122,40.903065,0.961975,0.147348,0.180878,0.659,cuda
disp26,ami,076,back,076_back,5,4,144,bic,40.548251,0.948807,38.694517,0.990338,4,0.015675,38.382859,75.644565,41.378513,0.972087,0.12855,0.181658,0.665,cuda
disp26,ami,076,down,076_down,5,4,144,bic,39.389741,0.937944,37.647363,0.988253,4,0.02308,37.325025,72.180272,39.962215,0.963038,0.149988,0.19267,0.645,cuda
disp26,ami,076,front,076_front,5,4,144,bic,39.748731,0.941689,37.950092,0.989233,4,0.025995,37.707514,71.882964,40.794288,0.967906,0.150074,0.18761,0.645,cuda
disp26,ami,076,left,076_left,5,4,144,bic,39.816575,0.941521,38.059953,0.989691,4,0.019036,37.849999,73.72975,40.705365,0.964775,0.170671,0.195116,0.675,cuda
disp26,ami,076,right,076_right,5,4,144,bic,39.451309,0.940043,37.660273,0.988362,4,0.022041,37.301441,72.45624,39.856304,0.962544,0.150352,0.187506,0.664,cuda
disp26,ami,076,up,076_up,5,4,144,bic,39.135247,0.937156,37.362971,0.987906,4,0.02249,37.037264,73.382872,40.08931,0.962522,0.154834,0.188389,0.687,cuda
disp26,ami,076,zoom,076_zoom,5,4,144,bic,41.324922,0.960928,39.372486,0.993401,4,0.016055,39.291554,76.305521,41.89559,0.970316,0.130146,0.184726,0.641,cuda
disp26,ami,077,back,077_back,2,4,144,bic,41.705852,0.957522,39.70939,0.991847,4,0.011883,39.189561,83.068202,41.794892,0.970717,0.10088,0.184524,0.65,cuda
disp26,ami,077,down,077_down,2,4,144,bic,39.512431,0.930604,37.734494,0.986386,4,0.019118,37.377064,83.664143,39.713095,0.953878,0.180644,0.208136,0.641,cuda
disp26,ami,077,front,077_front,2,4,144,bic,40.111363,0.936588,38.302747,0.9875,4,0.016829,37.818186,80.078666,40.059142,0.955759,0.150569,0.197671,0.677,cuda
disp26,ami,077,left,077_left,2,4,144,bic,41.049682,0.953504,39.122371,0.990672,4,0.017595,38.862858,71.524007,41.758373,0.968876,0.142968,0.177183,0.651,cuda
disp26,ami,077,right,077_right,2,4,144,bic,42.035996,0.96074,40.028859,0.992134,4,0.014744,39.602938,89.263011,41.492358,0.966462,0.098007,0.174766,0.655,cuda
disp26,ami,077,up,077_up,2,4,144,bic,39.956002,0.935907,38.163391,0.987455,4,0.016707,37.744002,80.478398,39.797814,0.948877,0.146378,0.190904,0.656,cuda
disp26,ami,077,zoom,077_zoom,2,4,144,bic,41.219035,0.951993,39.318731,0.990471,4,0.016297,38.944498,81.414823,41.809516,0.967448,0.125012,0.178889,0.631,cuda
disp26,ami,078,back,078_back,2,4,144,bic,40.257302,0.951638,38.406609,0.99091,4,0.017956,38.050335,71.372935,40.949513,0.967012,0.126058,0.199832,0.675,cuda
disp26,ami,078,down,078_down,2,4,144,bic,38.808893,0.934193,37.056593,0.987385,4,0.02505,36.75212,76.427106,40.365632,0.965005,0.175405,0.202105,0.656,cuda
disp26,ami,078,front,078_front,2,4,144,bic,40.188113,0.950795,38.322511,0.990774,4,0.019583,38.075899,72.819937,41.25944,0.969922,0.127252,0.197433,0.659,cuda
disp26,ami,078,left,078_left,2,4,144,bic,39.464944,0.943434,37.668858,0.988895,4,0.02284,37.26339,71.431415,40.450591,0.966415,0.144588,0.188971,0.669,cuda
disp26,ami,078,right,078_right,2,4,144,bic,39.98435,0.951121,38.142164,0.990617,4,0.019685,37.613773,68.652619,39.99262,0.963527,0.119971,0.192772,0.666,cuda
disp26,ami,078,up,078_up,2,4,144,bic,39.98092,0.949998,38.185092,0.990686,4,0.017536,38.019849,72.550111,41.449219,0.96908,0.149925,0.179017,0.661,cuda
disp26,ami,078,zoom,078_zoom,2,4,144,bic,41.684167,0.964703,39.666987,0.993469,4,0.01575,39.611319,71.236104,42.459497,0.976235,0.11224,0.1699,0.65,cuda
disp26,ami,079,back,079_back,4,4,144,bic,37.984292,0.925716,36.264896,0.986704,4,0.024986,36.071623,71.320192,38.483677,0.941268,0.185667,0.232412,0.686,cuda
disp26,ami,079,down,079_down,4,4,144,bic,38.558644,0.937661,36.813954,0.988594,4,0.022338,36.361126,69.764046,39.184683,0.953326,0.177528,0.215603,0.673,cuda
disp26,ami,079,front,079_front,4,4,144,bic,37.592138,0.922687,35.870784,0.985671,4,0.033298,35.477087,70.591462,37.788115,0.943502,0.195495,0.204595,0.668,cuda
disp26,ami,079,left,079_left,4,4,144,bic,39.250931,0.942165,37.465648,0.989629,4,0.021408,37.212598,72.541745,40.243089,0.958162,0.179174,0.206111,0.666,cuda
disp26,ami,079,right,079_right,4,4,144,bic,39.183919,0.945971,37.407464,0.990498,4,0.020071,37.006507,69.452276,38.342944,0.949106,0.151337,0.187414,0.642,cuda
disp26,ami,079,up,079_up,4,4,144,bic,37.24134,0.917681,35.567203,0.985438,4,0.024119,35.183286,71.625688,37.752506,0.941171,0.199521,0.218202,0.65,cuda
disp26,ami,079,zoom,079_zoom,4,4,144,bic,38.862035,0.942094,37.06771,0.989631,4,0.021492,36.771561,70.334379,39.663205,0.958694,0.140006,0.182075,0.649,cuda
disp26,ami,080,back,080_back,3,4,144,bic,40.814294,0.950479,38.939057,0.990328,4,0.018781,38.502004,77.464231,39.677517,0.951486,0.131376,0.185707,0.685,cuda
disp26,ami,080,down,080_down,3,4,144,bic,41.163476,0.952246,39.174295,0.990604,4,0.016706,38.825265,79.633017,40.17423,0.955498,0.165154,0.228981,0.669,cuda
disp26,ami,080,front,080_front,3,4,144,bic,41.283191,0.953158,39.33173,0.990947,4,0.015924,38.896495,85.177091,40.722986,0.960711,0.161508,0.207119,0.665,cuda
disp26,ami,080,left,080_left,3,4,144,bic,41.176313,0.953011,39.24064,0.991124,4,0.018524,38.86233,97.943055,40.717741,0.958734,0.186928,0.21889,0.662,cuda
disp26,ami,080,right,080_right,3,4,144,bic,41.297693,0.958792,39.326462,0.991346,4,0.023297,38.7816,75.880934,39.501712,0.953773,0.110581,0.199046,0.658,cuda
disp26,ami,080,up,080_up,3,4,144,bic,40.240187,0.943725,38.442235,0.989132,4,0.018815,38.078009,81.917929,39.761731,0.951837,0.146276,0.22028,0.636,cuda
disp26,ami,080,zoom,080_zoom,3,4,144,bic,42.023402,0.96094,39.972168,0.99255,4,0.013894,39.589538,83.829388,41.372592,0.967764,0.142996,0.217332,0.66,cuda
disp26,ami,081,back,081_back,1,4,144,bic,40.38767,0.947882,38.527106,0.989875,4,0.015956,38.191778,77.23141,39.269361,0.949279,0.126219,0.197194,0.652,cuda
disp26,ami,081,down,081_down,1,4,144,bic,39.318961,0.931111,37.582016,0.986533,4,0.020185,36.835742,74.28878,38.650523,0.939402,0.158864,0.220827,0.651,cuda
disp26,ami,081,front,081_front,1,4,144,bic,38.855123,0.926517,37.137273,0.986021,4,0.019098,36.359373,77.489984,38.159102,0.937333,0.169592,0.244289,0.648,cuda
disp26,ami,081,left,081_left,1,4,144,bic,39.561492,0.930427,37.820742,0.986543,4,0.019044,37.212576,77.25597,39.084979,0.934174,0.180183,0.220124,0.676,cuda
disp26,ami,081,right,081_right,1,4,144,bic,41.892926,0.964971,39.946741,0.993331,4,0.012706,39.570046,82.67158,40.076668,0.958492,0.098707,0.194348,0.672,cuda
disp26,ami,081,up,081_up,1,4,144,bic,38.058625,0.916566,36.389599,0.984234,4,0.025479,35.678578,75.199101,37.490974,0.923665,0.167838,0.21727,0.669,cuda
disp26,ami,081,zoom,081_zoom,1,4,144,bic,40.097332,0.945511,38.312092,0.989586,4,0.019644,37.626182,79.446211,39.702659,0.959084,0.139693,0.199585,0.652,cuda
disp26,ami,082,back,082_back,2,4,144,bic,41.015237,0.956564,39.213246,0.991786,4,0.017881,38.778003,77.331651,40.52529,0.965712,0.104893,0.195951,0.668,cuda
disp26,ami,082,down,082_down,2,4,144,bic,38.845361,0.934381,37.135916,0.987943,4,0.022926,36.597685,72.701681,39.523024,0.9598,0.146954,0.20241,0.646,cuda
disp26,ami,082,front,082_front,2,4,144,bic,38.842221,0.93339,37.144809,0.98779,4,0.022777,36.53773,74.433025,39.37671,0.957506,0.146763,0.201929,0.673,cuda
disp26,ami,082,left,082_left,2,4,144,bic,39.315819,0.94051,37.629157,0.98873,4,0.025366,36.993254,78.280687,39.289659,0.959858,0.135787,0.187096,0.669,cuda
disp26,ami,082,right,082_right,2,4,144,bic,40.11737,0.947123,38.368743,0.989738,4,0.019132,37.908552,78.49088,39.672546,0.956691,0.132837,0.198116,0.655,cuda
disp26,ami,082,up,082_up,2,4,144,bic,40.228248,0.948271,38.341391,0.989892,4,0.020363,37.996784,77.410391,40.497489,0.964795,0.122564,0.191205,0.645,cuda
disp26,ami,082,zoom,082_zoom,2,4,144,bic,40.118921,0.948609,38.376357,0.991181,4,0.018668,37.936312,79.422071,41.367591,0.971267,0.109758,0.178952,0.662,cuda
disp26,ami,083,back,083_back,4,4,144,bic,39.065248,0.937334,37.331928,0.988352,4,0.020493,36.402551,74.306233,40.475785,0.96052,0.123242,0.202255,0.653,cuda
disp26,ami,083,down,083_down,4,4,144,bic,38.164508,0.919251,36.53535,0.985117,4,0.019979,35.379971,75.596208,38.885761,0.951636,0.14313,0.196218,0.676,cuda
disp26,ami,083,front,083_front,4,4,144,bic,38.402601,0.923832,36.762613,0.986534,4,0.021387,35.895873,72.951964,39.507107,0.955824,0.124363,0.199375,0.663,cuda
disp26,ami,083,left,083_left,4,4,144,bic,39.506629,0.937814,37.788449,0.988829,4,0.019904,37.126694,79.980866,40.341379,0.95814,0.115424,0.200425,0.676,cuda
disp26,ami,083,right,083_right,4,4,144,bic,40.224924,0.950305,38.414997,0.991277,4,0.017755,37.811968,77.558247,39.842007,0.957977,0.112701,0.188246,0.67,cuda
disp26,ami,083,up,083_up,4,4,144,bic,37.776433,0.914233,36.08461,0.983905,4,0.027419,35.383936,76.566746,39.457595,0.951334,0.143373,0.211252,0.659,cuda
disp26,ami,083,zoom,083_zoom,4,4,144,bic,39.434153,0.938272,37.684207,0.98889,4,0.0184,36.90722,72.920623,41.063134,0.966381,0.127072,0.171664,0.659,cuda
disp26,ami,084,back,084_back,3,4,144,bic,38.652742,0.92812,36.846261,0.98637,4,0.022953,36.471439,77.028085,38.907604,0.948801,0.16014,0.18571,0.663,cuda
disp26,ami,084,down,084_down,3,4,144,bic,37.672001,0.922722,35.94354,0.985722,4,0.025201,35.546084,69.544308,38.830631,0.950832,0.200999,0.212636,0.679,cuda
disp26,ami,084,front,084_front,3,4,144,bic,37.499831,0.921128,35.818814,0.985241,4,0.029528,35.371568,72.541987,38.503969,0.948412,0.193892,0.240507,0.667,cuda
disp26,ami,084,left,084_left,3,4,144,bic,38.086891,0.924628,36.350759,0.984522,4,0.032644,35.93883,68.996834,38.590797,0.946328,0.175725,0.201865,0.657,cuda
disp26,ami,084,right,084_right,3,4,144,bic,39.167251,0.93864,37.373916,0.988426,4,0.022635,36.782346,66.794317,38.703106,0.949283,0.156512,0.207784,0.686,cuda
disp26,ami,084,up,084_up,3,4,144,bic,37.335061,0.919577,35.665508,0.984517,4,0.037764,35.110951,70.9956,37.900603,0.942704,0.173384,0.209121,0.658,cuda
disp26,ami,084,zoom,084_zoom,3,4,144,bic,38.596687,0.938676,36.846136,0.989267,4,0.027666,36.427172,65.828033,40.258822,0.962848,0.166431,0.220166,0.642,cuda
disp26,ami,085,back,085_back,4,4,144,bic,40.191749,0.941788,38.400012,0.988849,4,0.022858,38.301174,81.344764,40.357088,0.951929,0.168093,0.195134,0.65,cuda
disp26,ami,085,down,085_down,4,4,144,bic,39.057084,0.928996,37.342609,0.986387,4,0.026829,36.810372,74.586083,40.396277,0.958071,0.199454,0.226028,0.684,cuda
disp26,ami,085,front,085_front,4,4,144,bic,39.306552,0.932349,37.579725,0.986962,4,0.027708,37.266838,75.784362,40.045706,0.950479,0.186883,0.222002,0.672,cuda
disp26,ami,085,left,085_left,4,4,144,bic,39.608104,0.933049,37.8877,0.986228,4,0.030546,37.579085,75.367755,40.522987,0.950329,0.168285,0.200361,0.676,cuda
disp26,ami,085,right,085_right,4,4,144,bic,39.582751,0.935991,37.872322,0.987466,4,0.020702,37.415303,64.626565,39.604942,0.95107,0.158187,0.205879,0.657,cuda
disp26,ami,085,up,085_up,4,4,144,bic,38.775401,0.923473,37.065015,0.985313,4,0.027588,36.648833,76.852718,39.23874,0.942054,0.195137,0.222332,0.664,cuda
disp26,ami,085,zoom,085_zoom,4,4,144,bic,39.976,0.942713,38.164338,0.989596,4,0.023352,38.010363,74.48922,41.398947,0.962753,0.181644,0.209055,0.658,cuda
disp26,ami,086,back,086_back,5,4,144,bic,39.791506,0.945878,38.01167,0.989826,4,0.01832,37.446619,73.801373,39.189426,0.954255,0.131132,0.184982,0.678,cuda
disp26,ami,086,down,086_down,5,4,144,bic,38.745579,0.935091,37.034377,0.987867,4,0.023135,36.429643,71.182631,39.651097,0.962708,0.150472,0.182821,0.664,cuda
disp26,ami,086,front,086_front,5,4,144,bic,38.351109,0.932036,36.676752,0.987231,4,0.025821,36.108464,72.047829,38.854376,0.958412,0.155043,0.21208,0.664,cuda
disp26,ami,086,left,086_left,5,4,144,bic,39.479834,0.940539,37.685129,0.988477,4,0.024129,37.367256,73.629239,40.086523,0.959793,0.141379,0.182012,0.672,cuda
disp26,ami,086,right,086_right,5,4,144,bic,40.380038,0.951447,38.554394,0.990359,4,0.018013,38.270169,71.517426,39.868308,0.958198,0.119197,0.199924,0.666,cuda
disp26,ami,086,up,086_up,5,4,144,bic,39.265538,0.941807,37.51375,0.98872,4,0.022824,37.197736,73.45867,38.980815,0.95588,0.134482,0.190877,0.669,cuda
disp26,ami,086,zoom,086_zoom,5,4,144,bic,39.881644,0.951054,38.04324,0.990754,4,0.024629,37.78607,73.525434,41.643075,0.973119,0.133436,0.19138,0.659,cuda
disp26,ami,087,back,087_back,4,4,144,bic,39.089862,0.934907,37.34598,0.988066,4,0.020931,36.80515,73.419059,39.464155,0.95609,0.150599,0.194754,0.66,cuda
disp26,ami,087,down,087_down,4,4,144,bic,39.718965,0.94801,37.989892,0.990723,4,0.021478,37.698881,71.935537,39.887728,0.965369,0.15174,0.185315,0.647,cuda
disp26,ami,087,front,087_front,4,4,144,bic,40.577196,0.956029,38.771242,0.991855,4,0.01968,38.097151,73.297859,40.139945,0.966015,0.133067,0.203135,0.641,cuda
disp26,ami,087,left,087_left,4,4,144,bic,40.061974,0.949102,38.266013,0.990366,4,0.018178,37.982165,75.644043,40.483017,0.967476,0.147792,0.200209,0.682,cuda
disp26,ami,087,right,087_right,4,4,144,bic,41.706672,0.964275,39.748024,0.993494,4,0.011999,39.461737,69.890272,40.682081,0.964043,0.111507,0.182148,0.669,cuda
disp26,ami,087,up,087_up,4,4,144,bic,39.699725,0.950806,37.879994,0.991233,4,0.017995,37.626584,81.183227,40.051416,0.961464,0.147247,0.174995,0.669,cuda
disp26,ami,087,zoom,087_zoom,4,4,144,bic,42.023998,0.966161,39.988489,0.994215,4,0.012407,39.928975,84.903355,42.045735,0.972759,0.116063,0.176954,0.652,cuda
disp26,ami,088,back,088_back,1,4,144,bic,39.457134,0.947751,37.661286,0.990173,4,0.02038,37.316967,72.033361,40.094148,0.962416,0.131465,0.175542,0.638,cuda
disp26,ami,088,down,088_down,1,4,144,bic,40.275772,0.956789,38.493809,0.992092,4,0.016165,37.78335,75.726978,39.258395,0.963638,0.129447,0.207572,0.657,cuda
disp26,ami,088,front,088_front,1,4,144,bic,40.210445,0.953359,38.451534,0.991452,4,0.01519,38.023975,78.013132,39.745166,0.961933,0.138663,0.22841,0.655,cuda
disp26,ami,088,left,088_left,1,4,144,bic,41.39429,0.963902,39.489194,0.993402,4,0.015675,39.265758,74.537446,41.466766,0.970802,0.131236,0.210529,0.645,cuda
disp26,ami,088,right,088_right,1,4,144,bic,41.711189,0.96539,39.827744,0.993654,4,0.010163,39.483792,77.142393,40.37546,0.960516,0.103069,0.178086,0.669,cuda
disp26,ami,088,up,088_up,1,4,144,bic,40.235531,0.953805,38.416899,0.991509,4,0.0156,38.145216,75.608094,40.444264,0.965641,0.137283,0.21503,0.666,cuda
disp26,ami,088,zoom,088_zoom,1,4,144,bic,40.880228,0.961723,39.015832,0.993553,4,0.015911,38.678154,68.498382,41.607765,0.968581,0.116821,0.193181,0.671,cuda
disp26,ami,089,back,089_back,1,4,144,bic,40.528786,0.957662,38.759005,0.992584,4,0.013738,38.392939,76.196941,41.118327,0.97115,0.136872,0.206131,0.657,cuda
disp26,ami,089,down,089_down,1,4,144,bic,39.425359,0.945078,37.750694,0.989854,4,0.020354,37.291016,68.557819,40.599509,0.967838,0.158384,0.194673,0.655,cuda
disp26,ami,089,front,089_front,1,4,144,bic,40.048489,0.950143,38.324209,0.990636,4,0.018199,37.800308,72.930116,40.608336,0.966126,0.15011,0.196299,0.637,cuda
disp26,ami,089,left,089_left,1,4,144,bic,39.181398,0.945055,37.53162,0.989928,4,0.024916,37.034606,70.962124,41.284357,0.968644,0.158224,0.212316,0.662,cuda
disp26,ami,089,right,089_right,1,4,144,bic,40.706164,0.95419,38.893653,0.991308,4,0.014722,38.484709,72.86091,40.096212,0.957437,0.135942,0.199943,0.658,cuda
disp26,ami,089,up,089_up,1,4,144,bic,40.483867,0.952136,38.68049,0.991286,4,0.019287,38.279778,72.803654,40.681558,0.963107,0.147885,0.191552,0.659,cuda
disp26,ami,089,zoom,089_zoom,1,4,144,bic,40.611335,0.956615,38.786797,0.992097,4,0.021399,38.443547,69.677354,41.953261,0.973551,0.133896,0.180147,0.663,cuda
disp26,ami,090,back,090_back,1,4,144,bic,37.834153,0.956568,36.228762,0.990953,4,0.022717,35.317074,72.719945,35.286906,0.960063,0.092985,0.180498,0.66,cuda
disp26,ami,090,down,090_down,1,4,144,bic,39.334972,0.953835,37.578347,0.991212,4,0.021686,36.768282,74.115328,37.738119,0.959496,0.091752,0.196787,0.673,cuda
disp26,ami,090,front,090_front,1,4,144,bic,39.3527,0.959132,37.682272,0.992152,4,0.01471,36.691285,79.281611,37.251356,0.962043,0.092456,0.195964,0.663,cuda
disp26,ami,090,left,090_left,1,4,144,bic,37.737353,0.953952,36.085597,0.990621,4,0.02643,34.615608,76.100698,35.280155,0.955341,0.107106,0.173453,0.679,cuda
disp26,ami,090,right,090_right,1,4,144,bic,39.694473,0.960368,38.026772,0.992418,4,0.020106,37.171205,88.711072,37.555622,0.961358,0.099146,0.213712,0.653,cuda
disp26,ami,090,up,090_up,1,4,144,bic,38.69959,0.956819,37.028597,0.991673,4,0.016476,35.884516,78.13032,36.74425,0.961699,0.11254,0.198037,0.641,cuda
disp26,ami,090,zoom,090_zoom,1,4,144,bic,40.243415,0.968206,38.477826,0.994098,4,0.014715,37.866113,77.686158,38.505407,0.972425,0.074854,0.171613,0.658,cuda
disp26,ami,091,back,091_back,4,4,144,bic,36.382667,0.914735,34.890932,0.983243,4,0.037078,33.568144,66.884025,37.614378,0.947203,0.145883,0.19273,0.676,cuda
disp26,ami,091,down,091_down,4,4,144,bic,36.498041,0.907306,34.952773,0.983057,4,0.045769,33.749467,72.240885,38.210489,0.952181,0.169431,0.216188,0.673,cuda
disp26,ami,091,front,091_front,4,4,144,bic,35.841094,0.895798,34.357855,0.980153,4,0.057611,33.250679,70.604674,37.146342,0.937339,0.169109,0.189118,0.669,cuda
disp26,ami,091,left,091_left,4,4,144,bic,37.781249,0.924287,36.167093,0.986096,4,0.036015,35.298145,75.212457,39.086039,0.952731,0.155847,0.194676,0.654,cuda
disp26,ami,091,right,091_right,4,4,144,bic,38.919132,0.936509,37.243661,0.988479,4,0.027388,36.310174,82.164273,38.802883,0.950266,0.130781,0.22229,0.674,cuda
disp26,ami,091,up,091_up,4,4,144,bic,36.867852,0.913316,35.313634,0.984384,4,0.026477,34.221087,71.593481,37.439767,0.939364,0.163875,0.193732,0.65,cuda
disp26,ami,091,zoom,091_zoom,4,4,144,bic,37.718261,0.924575,36.064734,0.986516,4,0.035743,34.817268,73.970142,39.836719,0.958306,0.146581,0.206303,0.671,cuda
disp26,ami,092,back,092_back,3,4,144,bic,36.050904,0.88282,34.269533,0.977232,4,0.039947,33.882115,76.689665,37.985278,0.937872,0.206477,0.211993,0.657,cuda
disp26,ami,092,down,092_down,3,4,144,bic,36.280049,0.882642,34.531228,0.977702,4,0.030618,34.199132,77.372087,37.769403,0.938318,0.228825,0.208808,0.644,cuda
disp26,ami,092,front,092_front,3,4,144,bic,36.114104,0.884327,34.387824,0.977666,4,0.030638,34.050595,76.423824,37.612347,0.935389,0.222896,0.232718,0.647,cuda
disp26,ami,092,left,092_left,3,4,144,bic,37.098374,0.898022,35.307775,0.980615,4,0.028888,35.227543,77.861068,38.555433,0.938825,0.265581,0.24528,0.663,cuda
disp26,ami,092,right,092_right,3,4,144,bic,36.186613,0.878023,34.423024,0.976365,4,0.034966,34.090165,75.34401,37.102965,0.918067,0.24829,0.231066,0.652,cuda
disp26,ami,092,up,092_up,3,4,144,bic,36.229684,0.887659,34.483378,0.97931,4,0.03093,34.104157,75.940655,37.41346,0.929371,0.230556,0.2171,0.643,cuda
disp26,ami,092,zoom,092_zoom,3,4,144,bic,37.817775,0.91747,35.90233,0.984689,4,0.024423,35.728366,75.352756,39.691254,0.95299,0.212701,0.217723,0.64,cuda
disp26,ami,093,back,093_back,4,4,144,bic,37.068722,0.916332,35.43832,0.984157,4,0.027579,34.80244,70.172721,38.32476,0.946325,0.170011,0.201287,0.668,cuda
disp26,ami,093,down,093_down,4,4,144,bic,38.197041,0.925406,36.474898,0.986331,4,0.022672,36.018415,69.049752,38.921846,0.953705,0.204195,0.211432,0.65,cuda
disp26,ami,093,front,093_front,4,4,144,bic,37.861131,0.924336,36.145472,0.986096,4,0.022471,35.640502,71.322188,38.833388,0.951289,0.198517,0.234873,0.661,cuda
disp26,ami,093,left,093_left,4,4,144,bic,38.520525,0.933284,36.778786,0.987437,4,0.023276,36.363644,73.548764,38.751918,0.947614,0.177853,0.211798,0.676,cuda
disp26,ami,093,right,093_right,4,4,144,bic,38.685436,0.935149,36.945836,0.98816,4,0.02961,36.643698,73.637264,38.871927,0.95167,0.171548,0.217471,0.641,cuda
disp26,ami,093,up,093_up,4,4,144,bic,37.272732,0.917133,35.559043,0.985399,4,0.026475,35.211261,74.804521,38.131559,0.945722,0.187342,0.231325,0.635,cuda
disp26,ami,093,zoom,093_zoom,4,4,144,bic,37.66341,0.927525,35.948427,0.987531,4,0.026487,35.503485,71.405635,39.988521,0.954572,0.208234,0.220005,0.643,cuda
disp26,ami,094,back,094_back,3,4,144,bic,36.779825,0.929004,35.210182,0.987216,4,0.029841,33.756682,75.934402,37.165071,0.944293,0.151311,0.222648,0.645,cuda
disp26,ami,094,down,094_down,3,4,144,bic,39.616854,0.945226,37.855172,0.990227,4,0.018676,37.559284,71.393474,39.537094,0.959597,0.139099,0.203716,0.643,cuda
disp26,ami,094,front,094_front,3,4,144,bic,40.346197,0.951342,38.458573,0.991195,4,0.017592,38.408608,79.29897,40.544429,0.961488,0.141202,0.190484,0.682,cuda
disp26,ami,094,left,094_left,3,4,144,bic,39.787353,0.946681,37.964651,0.990584,4,0.018714,37.627859,76.319796,40.066954,0.96061,0.157134,0.198268,0.657,cuda
disp26,ami,094,right,094_right,3,4,144,bic,39.020994,0.938011,37.280074,0.988937,4,0.020012,36.996952,79.1975,39.564358,0.953527,0.147522,0.209201,0.674,cuda
disp26,ami,094,up,094_up,3,4,144,bic,39.239133,0.944988,37.487946,0.989899,4,0.017674,37.155731,77.379127,39.914335,0.958683,0.146938,0.20376,0.672,cuda
disp26,ami,094,zoom,094_zoom,3,4,144,bic,39.362765,0.947522,37.537736,0.991514,4,0.019846,37.382228,75.821355,40.481072,0.963196,0.151189,0.193508,0.674,cuda
disp26,ami,095,back,095_back,3,4,144,bic,39.498443,0.943316,37.770558,0.989507,4,0.019125,37.287542,76.705967,39.16353,0.954995,0.12748,0.201495,0.67,cuda
disp26,ami,095,down,095_down,3,4,144,bic,39.314179,0.938497,37.644235,0.988731,4,0.019553,37.168021,75.254196,39.5134,0.958793,0.150686,0.215736,0.673,cuda
disp26,ami,095,front,095_front,3,4,144,bic,38.862914,0.935447,37.187168,0.988447,4,0.022281,36.753908,75.518422,39.1335,0.951894,0.147181,0.227976,0.68,cuda
disp26,ami,095,left,095_left,3,4,144,bic,38.812247,0.931158,37.166464,0.987419,4,0.026716,36.789295,79.301656,39.259472,0.951917,0.162396,0.222695,0.644,cuda
disp26,ami,095,right,095_right,3,4,144,bic,39.540042,0.946304,37.810731,0.990554,4,0.017217,37.400387,75.247914,39.41425,0.955736,0.126642,0.206563,0.664,cuda
disp26,ami,095,up,095_up,3,4,144,bic,37.896502,0.920652,36.245741,0.985935,4,0.025415,35.757098,77.716841,38.202227,0.942422,0.161675,0.232945,0.659,cuda
disp26,ami,095,zoom,095_zoom,3,4,144,bic,39.293634,0.938555,37.586815,0.989104,4,0.021895,37.179584,73.855581,40.027093,0.959206,0.131804,0.225275,0.669,cuda
disp26,ami,096,back,096_back,5,4,144,bic,36.064605,0.906807,34.373966,0.983579,4,0.027763,33.815543,74.603086,37.759074,0.931556,0.189736,0.215335,0.646,cuda
disp26,ami,096,down,096_down,5,4,144,bic,36.306695,0.920793,34.621921,0.986076,4,0.02401,33.823142,70.259028,37.917696,0.943089,0.217726,0.212397,0.651,cuda
disp26,ami,096,front,096_front,5,4,144,bic,35.937294,0.919183,34.228396,0.985179,4,0.027178,33.299147,74.119329,37.649682,0.93202,0.170831,0.225891,0.653,cuda
disp26,ami,096,left,096_left,5,4,144,bic,37.747496,0.923734,35.936804,0.986033,4,0.022458,35.78847,72.402531,38.515645,0.941659,0.190318,0.218311,0.633,cuda
disp26,ami,096,right,096_right,5,4,144,bic,37.46996,0.917043,35.731227,0.98538,4,0.025057,35.528314,73.760534,37.162488,0.924201,0.199551,0.2185,0.655,cuda
disp26,ami,096,up,096_up,5,4,144,bic,35.746908,0.901589,34.010707,0.981808,4,0.029975,33.712666,65.478663,36.639792,0.913978,0.186977,0.201028,0.672,cuda
disp26,ami,096,zoom,096_zoom,5,4,144,bic,36.821865,0.920773,34.987088,0.986549,4,0.028985,34.42572,71.87233,38.719692,0.939354,0.198149,0.206403,0.654,cuda
disp26,ami,097,back,097_back,4,4,144,bic,39.265332,0.936586,37.396865,0.988345,4,0.019355,37.070184,74.42362,38.839599,0.94679,0.141827,0.207745,0.654,cuda
disp26,ami,097,down,097_down,4,4,144,bic,39.23488,0.937593,37.353856,0.988362,4,0.024162,37.001476,77.67581,38.54011,0.942388,0.164061,0.214853,0.652,cuda
disp26,ami,097,front,097_front,4,4,144,bic,39.011138,0.937619,37.24872,0.988977,4,0.023491,36.905507,76.502488,39.377054,0.951021,0.158546,0.228103,0.663,cuda
disp26,ami,097,left,097_left,4,4,144,bic,39.445798,0.943318,37.597715,0.989714,4,0.02065,37.347309,67.874035,39.839351,0.956398,0.160779,0.215019,0.658,cuda
disp26,ami,097,right,097_right,4,4,144,bic,38.902489,0.939009,37.156957,0.988828,4,0.023666,36.583616,78.287322,39.065365,0.949452,0.140313,0.20605,0.656,cuda
disp26,ami,097,up,097_up,4,4,144,bic,39.350393,0.938522,37.538082,0.988696,4,0.019633,37.085192,77.557455,39.360929,0.950234,0.154163,0.208215,0.662,cuda
disp26,ami,097,zoom,097_zoom,4,4,144,bic,39.618195,0.944159,37.759869,0.990611,4,0.017322,37.468662,75.283053,40.197315,0.959108,0.160539,0.20734,0.626,cuda
disp26,ami,098,back,098_back,2,4,144,bic,39.06448,0.938482,37.192753,0.987908,4,0.024631,36.79902,70.373267,38.2884,0.934661,0.153899,0.201413,0.682,cuda
disp26,ami,098,down,098_down,2,4,144,bic,39.505184,0.938594,37.578141,0.987971,4,0.025122,36.892262,75.333338,39.107671,0.951323,0.17487,0.22226,0.665,cuda
disp26,ami,098,front,098_front,2,4,144,bic,40.081265,0.945721,38.106655,0.989456,4,0.018602,37.522545,75.429842,39.40271,0.951963,0.148619,0.224528,0.636,cuda
disp26,ami,098,left,098_left,2,4,144,bic,40.720245,0.95001,38.804582,0.990399,4,0.017409,38.505395,75.248392,40.352764,0.956823,0.173429,0.228977,0.655,cuda
disp26,ami,098,right,098_right,2,4,144,bic,39.84044,0.947944,37.889225,0.990074,4,0.018574,37.430441,66.386752,38.619106,0.941695,0.14011,0.233228,0.642,cuda
disp26,ami,098,up,098_up,2,4,144,bic,38.439216,0.928661,36.647136,0.986757,4,0.021951,36.093384,73.932826,38.222697,0.941305,0.159996,0.23262,0.649,cuda
disp26,ami,098,zoom,098_zoom,2,4,144,bic,40.465068,0.950089,38.444301,0.990859,4,0.01866,37.962552,78.67793,40.059525,0.959732,0.136737,0.231766,0.654,cuda
disp26,ami,099,back,099_back,1,4,144,bic,38.472966,0.930464,36.727994,0.987976,4,0.021282,36.237977,77.74715,38.130906,0.941878,0.160551,0.189161,0.645,cuda
disp26,ami,099,down,099_down,1,4,144,bic,39.071742,0.936977,37.277999,0.988752,4,0.019363,36.738001,69.866596,39.22833,0.953052,0.174492,0.220404,0.674,cuda
disp26,ami,099,front,099_front,1,4,144,bic,38.303037,0.925988,36.541895,0.987074,4,0.022178,36.196232,79.727379,38.616631,0.9446,0.17195,0.20726,0.64,cuda
disp26,ami,099,left,099_left,1,4,144,bic,38.996096,0.935637,37.192464,0.989132,4,0.018971,36.983188,69.431023,39.292167,0.948687,0.18932,0.187452,0.676,cuda
disp26,ami,099,right,099_right,1,4,144,bic,38.80591,0.93119,37.039853,0.987719,4,0.017271,36.42499,80.442756,38.114697,0.941226,0.152742,0.197947,0.667,cuda
disp26,ami,099,up,099_up,1,4,144,bic,38.668798,0.929848,36.898704,0.987943,4,0.016818,36.595683,87.601314,39.307975,0.950248,0.16106,0.179446,0.672,cuda
disp26,ami,099,zoom,099_zoom,1,4,144,bic,39.49546,0.943541,37.630139,0.989991,4,0.018473,37.427447,72.133864,39.980167,0.953587,0.163609,0.175269,0.663,cuda
disp26,ami,100,back,100_back,1,4,144,bic,37.606414,0.900813,35.787698,0.980241,4,0.024844,35.558257,79.647857,38.011733,0.928108,0.197088,0.201151,0.658,cuda
disp26,ami,100,down,100_down,1,4,144,bic,36.598542,0.888288,34.873748,0.978927,4,0.033558,34.501827,77.828361,37.886101,0.931314,0.244084,0.242737,0.649,cuda
disp26,ami,100,front,100_front,1,4,144,bic,37.043735,0.893991,35.260245,0.97972,4,0.024583,34.959905,76.477187,37.822076,0.924284,0.234119,0.24867,0.641,cuda
disp26,ami,100,left,100_left,1,4,144,bic,37.347789,0.894451,35.655862,0.979288,4,0.023622,35.3174,84.692858,37.56623,0.921052,0.256437,0.22344,0.649,cuda
disp26,ami,100,right,100_right,1,4,144,bic,36.584374,0.881573,34.880647,0.97717,4,0.02813,34.447911,77.159707,37.389973,0.914846,0.210321,0.228646,0.64,cuda
disp26,ami,100,up,100_up,1,4,144,bic,36.517984,0.882629,34.759931,0.977428,4,0.024289,34.631466,75.732896,36.760945,0.902211,0.199536,0.223803,0.683,cuda
disp26,ami,100,zoom,100_zoom,1,4,144,bic,36.381753,0.889614,34.64238,0.979636,4,0.031677,34.187699,76.487601,38.245087,0.928915,0.238819,0.229372,0.663,cuda
disp26,ami,101,back,101_back,1,4,144,bic,38.695723,0.932266,36.971152,0.987487,4,0.02166,36.508672,73.068508,38.89235,0.950913,0.16061,0.208189,0.65,cuda
disp26,ami,101,down,101_down,1,4,144,bic,39.018575,0.935192,37.259123,0.987811,4,0.021596,36.825057,71.262313,39.447172,0.958294,0.186302,0.220515,0.674,cuda
disp26,ami,101,front,101_front,1,4,144,bic,39.957536,0.944677,38.145944,0.989619,4,0.016619,37.920491,70.312705,40.256931,0.96079,0.151568,0.205234,0.662,cuda
disp26,ami,101,left,101_left,1,4,144,bic,39.272271,0.936896,37.555563,0.987888,4,0.022776,37.102006,71.759708,39.081403,0.947659,0.190901,0.213858,0.649,cuda
disp26,ami,101,right,101_right,1,4,144,bic,39.039146,0.937544,37.286718,0.988781,4,0.019131,36.908688,73.004188,38.832068,0.94837,0.179019,0.205611,0.666,cuda
disp26,ami,101,up,101_up,1,4,144,bic,38.783871,0.932299,37.018282,0.988124,4,0.021271,36.810838,71.759479,39.591173,0.951425,0.178325,0.210652,0.668,cuda
disp26,ami,101,zoom,101_zoom,1,4,144,bic,39.922779,0.944285,38.017926,0.990612,4,0.016858,37.923592,68.959099,40.185789,0.95997,0.177298,0.202397,0.654,cuda
disp26,ami,102,back,102_back,1,4,144,bic,37.816812,0.914099,36.075175,0.985155,4,0.022768,35.96969,76.775955,38.482361,0.943544,0.199135,0.246984,0.645,cuda
disp26,ami,102,down,102_down,1,4,144,bic,36.402317,0.89695,34.73611,0.98153,4,0.032871,34.517719,70.96414,38.195384,0.943834,0.263631,0.245302,0.669,cuda
disp26,ami,102,front,102_front,1,4,144,bic,36.784115,0.903444,35.118541,0.982635,4,0.031657,34.841756,73.598633,38.368548,0.943097,0.246754,0.242948,0.669,cuda
disp26,ami,102,left,102_left,1,4,144,bic,37.125772,0.903713,35.41981,0.982417,4,0.029509,35.33413,72.545969,38.308089,0.939959,0.262399,0.244791,0.632,cuda
disp26,ami,102,right,102_right,1,4,144,bic,36.327516,0.894596,34.68749,0.980299,4,0.031678,34.322829,77.179565,36.498325,0.91849,0.220846,0.229397,0.669,cuda
disp26,ami,102,up,102_up,1,4,144,bic,35.809407,0.88464,34.185983,0.978586,4,0.035225,33.871398,70.852774,37.049913,0.929037,0.250452,0.243032,0.669,cuda
disp26,ami,102,zoom,102_zoom,1,4,144,bic,37.362632,0.917119,35.609291,0.985012,4,0.025614,35.313092,72.771086,38.973127,0.946595,0.249211,0.241338,0.66,cuda
disp26,ami,103,back,103_back,2,4,144,bic,39.509722,0.941011,37.699474,0.989113,4,0.018309,37.268701,77.432578,38.824728,0.945049,0.129356,0.193869,0.664,cuda
disp26,ami,103,down,103_down,2,4,144,bic,40.817109,0.956046,38.868833,0.992249,4,0.012694,38.617016,78.938478,39.919386,0.960515,0.147592,0.202824,0.651,cuda
disp26,ami,103,front,103_front,2,4,144,bic,40.062161,0.949823,38.192996,0.991337,4,0.015276,37.862816,78.61709,39.706245,0.957846,0.150605,0.215666,0.667,cuda
disp26,ami,103,left,103_left,2,4,144,bic,41.721092,0.960329,39.728782,0.992759,4,0.013071,39.765139,87.601314,40.686613,0.961804,0.145271,0.201047,0.649,cuda
disp26,ami,103,right,103_right,2,4,144,bic,40.746213,0.954452,38.8487,0.991562,4,0.014822,38.634174,76.959635,39.982938,0.956043,0.140612,0.228566,0.642,cuda
disp26,ami,103,up,103_up,2,4,144,bic,38.605879,0.941455,36.901134,0.98928,4,0.022169,36.227097,78.661033,39.682447,0.95326,0.155007,0.228436,0.659,cuda
disp26,ami,103,zoom,103_zoom,2,4,144,bic,40.972944,0.957679,39.003451,0.992994,4,0.012581,38.829687,79.213114,40.478035,0.962125,0.130369,0.195617,0.642,cuda
disp26,ami,104,back,104_back,4,4,144,bic,36.807024,0.940107,35.15221,0.988716,4,0.021853,34.068504,74.084291,34.328645,0.945508,0.129422,0.214672,0.639,cuda
disp26,ami,104,down,104_down,4,4,144,bic,36.999528,0.927973,35.340593,0.985462,4,0.026419,34.373758,72.862581,35.113342,0.93846,0.163686,0.209652,0.685,cuda
disp26,ami,104,front,104_front,4,4,144,bic,37.552858,0.935705,35.900455,0.986967,4,0.024812,34.932511,77.859349,35.653865,0.939756,0.153234,0.226027,0.667,cuda
disp26,ami,104,left,104_left,4,4,144,bic,37.274998,0.93794,35.677645,0.987633,4,0.020445,35.380544,75.111221,35.150263,0.935735,0.154479,0.219375,0.651,cuda
disp26,ami,104,right,104_right,4,4,144,bic,38.265993,0.944563,36.572131,0.989272,4,0.017394,35.684553,72.508332,36.03038,0.943311,0.142629,0.191757,0.67,cuda
disp26,ami,104,up,104_up,4,4,144,bic,37.295432,0.932079,35.621473,0.986638,4,0.025829,34.694415,78.652287,36.365897,0.946324,0.145548,0.226391,0.667,cuda
disp26,ami,104,zoom,104_zoom,4,4,144,bic,37.016297,0.934293,35.363268,0.98731,4,0.023492,34.24592,71.800071,36.443804,0.949078,0.161132,0.227366,0.658,cuda
disp26,ami,105,back,105_back,5,4,144,bic,37.952365,0.919781,36.228096,0.984733,4,0.027789,35.746824,77.915672,37.231301,0.924127,0.169812,0.200642,0.66,cuda
disp26,ami,105,down,105_down,5,4,144,bic,38.311266,0.926622,36.487405,0.987125,4,0.0251,36.164664,72.854569,38.151654,0.947612,0.177736,0.225743,0.635,cuda
disp26,ami,105,front,105_front,5,4,144,bic,37.878215,0.921235,36.141698,0.985915,4,0.025192,35.808099,73.014344,38.365931,0.944523,0.160516,0.200763,0.645,cuda
disp26,ami,105,left,105_left,5,4,144,bic,38.615335,0.929528,36.856762,0.986792,4,0.022667,36.409664,78.599963,38.066199,0.9462,0.168434,0.222869,0.668,cuda
disp26,ami,105,right,105_right,5,4,144,bic,38.052463,0.928272,36.353568,0.987106,4,0.026665,36.042482,71.36089,38.286278,0.937549,0.167958,0.214757,0.655,cuda
disp26,ami,105,up,105_up,5,4,144,bic,36.414354,0.910237,34.713437,0.983626,4,0.028909,34.492529,74.484783,37.318861,0.923751,0.182164,0.200429,0.65,cuda
disp26,ami,105,zoom,105_zoom,5,4,144,bic,38.221889,0.925859,36.435452,0.987758,4,0.023665,36.119041,73.747707,38.793134,0.942761,0.17679,0.211875,0.624,cuda
disp26,ami,106,back,106_back,3,4,144,bic,36.583395,0.893696,34.878979,0.98033,4,0.028913,34.531825,73.817198,38.797857,0.939695,0.220909,0.225236,0.675,cuda
disp26,ami,106,down,106_down,3,4,144,bic,36.554415,0.901108,34.825017,0.983169,4,0.034394,34.597417,75.447511,39.242483,0.95113,0.230447,0.248265,0.663,cuda
disp26,ami,106,front,106_front,3,4,144,bic,36.681356,0.898319,34.919748,0.982018,4,0.036559,34.758561,71.586004,38.386208,0.944329,0.227546,0.228496,0.664,cuda
disp26,ami,106,left,106_left,3,4,144,bic,36.44438,0.899607,34.764674,0.982043,4,0.03925,34.410814,72.899064,39.031645,0.948248,0.227318,0.262253,0.679,cuda
disp26,ami,106,right,106_right,3,4,144,bic,36.018266,0.878253,34.338832,0.976453,4,0.034307,33.864505,76.805962,37.782313,0.927752,0.227366,0.226905,0.65,cuda
disp26,ami,106,up,106_up,3,4,144,bic,37.168675,0.899359,35.363391,0.981505,4,0.032852,35.418653,75.687856,38.729926,0.941533,0.230923,0.214258,0.657,cuda
disp26,ami,106,zoom,106_zoom,3,4,144,bic,37.626234,0.918923,35.796074,0.985889,4,0.031464,35.658689,76.993598,39.475026,0.95215,0.194874,0.2221,0.631,cuda
