model,dataset,subject,view,key,fold,scale,tier,degrade,psnr_y,ssim_y,psnr_rgb,ms_ssim_y,ms_ssim_scales,gmsd,grad_psnr,lr_psnr_y,psnr_y_c,ssim_y_c,lpips,dists,host_ms,device
span_ch48,ami,000,back,000_back,3,4,192,jpegmix,33.48244,0.815584,31.214994,0.95625,5,0.064761,31.82975,43.356292,34.532161,0.862876,0.395021,0.278383,2.53,cuda
span_ch48,ami,000,down,000_down,3,4,192,jpegmix,31.548423,0.757859,29.189753,0.931778,5,0.088542,30.44675,37.852907,32.124966,0.814147,0.547595,0.325926,0.906,cuda
span_ch48,ami,000,front,000_front,3,4,192,jpegmix,31.358132,0.753562,29.045833,0.929866,5,0.094709,30.098987,37.582369,32.09351,0.817911,0.519156,0.325126,0.846,cuda
span_ch48,ami,000,left,000_left,3,4,192,jpegmix,31.870038,0.770315,29.682188,0.932259,5,0.091831,30.675207,37.870481,32.456448,0.8232,0.500716,0.32471,0.862,cuda
span_ch48,ami,000,right,000_right,3,4,192,jpegmix,31.556322,0.759057,29.176473,0.929317,5,0.093843,30.238764,37.824746,32.269607,0.823634,0.49649,0.320289,0.869,cuda
span_ch48,ami,000,up,000_up,3,4,192,jpegmix,32.669542,0.803552,30.384018,0.957557,5,0.062097,31.107382,42.839608,33.909657,0.870839,0.389998,0.284101,0.828,cuda
span_ch48,ami,000,zoom,000_zoom,3,4,192,jpegmix,33.085791,0.834914,30.200843,0.952564,5,0.078099,32.323566,38.419764,34.346528,0.873513,0.489726,0.339589,0.863,cuda
span_ch48,ami,001,back,001_back,1,4,192,jpegmix,36.056463,0.872549,33.549988,0.966838,5,0.051797,34.635813,44.138612,36.627007,0.896222,0.328106,0.300777,0.87,cuda
span_ch48,ami,001,down,001_down,1,4,192,jpegmix,35.218601,0.864083,32.658874,0.951011,5,0.069959,34.525691,39.814333,34.79922,0.874818,0.419095,0.323827,0.869,cuda
span_ch48,ami,001,front,001_front,1,4,192,jpegmix,35.730599,0.87375,33.09201,0.953333,5,0.066513,35.18778,40.355161,35.14375,0.879311,0.398896,0.314222,0.87,cuda
span_ch48,ami,001,left,001_left,1,4,192,jpegmix,38.174582,0.913465,35.520632,0.976189,5,0.036158,36.771829,45.457531,37.986254,0.919113,0.310783,0.309977,0.832,cuda
span_ch48,ami,001,right,001_right,1,4,192,jpegmix,35.065427,0.863591,32.380512,0.949978,5,0.069823,34.260036,39.833334,33.848671,0.851327,0.384705,0.326905,0.859,cuda
span_ch48,ami,001,up,001_up,1,4,192,jpegmix,34.269367,0.841597,31.80279,0.947233,5,0.073567,33.311407,39.460987,34.309606,0.854923,0.433092,0.319116,0.847,cuda
span_ch48,ami,001,zoom,001_zoom,1,4,192,jpegmix,35.831353,0.877429,33.08717,0.956338,5,0.067716,35.078811,40.288414,35.610655,0.893956,0.39261,0.315442,0.838,cuda
span_ch48,ami,002,back,002_back,1,4,192,jpegmix,35.446209,0.846704,32.77638,0.963241,5,0.047884,34.036,43.70178,36.252963,0.886965,0.351026,0.268767,0.849,cuda
span_ch48,ami,002,down,002_down,1,4,192,jpegmix,36.165584,0.867265,33.326866,0.967294,5,0.044814,34.621126,44.086601,36.551824,0.902917,0.356462,0.280226,0.84,cuda
span_ch48,ami,002,front,002_front,1,4,192,jpegmix,35.802223,0.859478,33.165067,0.965848,5,0.046791,34.511636,44.059658,36.300134,0.888833,0.375891,0.270968,0.853,cuda
span_ch48,ami,002,left,002_left,1,4,192,jpegmix,34.579872,0.832662,31.772373,0.943298,5,0.0687,33.806321,39.579123,34.43671,0.854006,0.478387,0.340104,0.868,cuda
span_ch48,ami,002,right,002_right,1,4,192,jpegmix,34.648707,0.844752,31.677528,0.946001,5,0.073375,34.238567,39.165354,34.105575,0.851224,0.428702,0.3334,0.838,cuda
span_ch48,ami,002,up,002_up,1,4,192,jpegmix,34.438297,0.831675,31.582073,0.943981,5,0.067932,33.702745,39.326894,34.246946,0.843992,0.48348,0.322732,0.83,cuda
span_ch48,ami,002,zoom,002_zoom,1,4,192,jpegmix,36.505199,0.876242,33.54727,0.969322,5,0.040904,35.217498,44.228279,37.39056,0.908126,0.368804,0.269863,0.831,cuda
span_ch48,ami,003,back,003_back,5,4,192,jpegmix,36.045761,0.865666,33.041919,0.967519,5,0.044626,34.680545,44.19311,36.307025,0.88873,0.367729,0.257018,0.869,cuda
span_ch48,ami,003,down,003_down,5,4,192,jpegmix,34.279702,0.828376,31.583755,0.941398,5,0.072379,33.542948,39.167681,33.938321,0.842676,0.479054,0.312604,0.876,cuda
span_ch48,ami,003,front,003_front,5,4,192,jpegmix,35.637914,0.860458,33.011554,0.965905,5,0.048141,34.331599,43.86873,35.6226,0.876089,0.373721,0.258403,0.867,cuda
span_ch48,ami,003,left,003_left,5,4,192,jpegmix,36.526423,0.878881,33.756242,0.969329,5,0.044881,35.174673,44.435791,36.960514,0.902361,0.371857,0.286007,0.843,cuda
span_ch48,ami,003,right,003_right,5,4,192,jpegmix,34.568192,0.843677,31.369344,0.948225,5,0.070431,33.663379,39.512802,34.009923,0.846078,0.44382,0.28652,0.843,cuda
span_ch48,ami,003,up,003_up,5,4,192,jpegmix,33.860639,0.822136,31.218434,0.940568,5,0.076643,33.179339,38.946839,33.401441,0.823316,0.466865,0.309297,0.845,cuda
span_ch48,ami,003,zoom,003_zoom,5,4,192,jpegmix,34.354209,0.838449,31.545638,0.945774,5,0.075747,33.702365,39.302763,34.567911,0.864791,0.497177,0.322268,0.85,cuda
span_ch48,ami,004,back,004_back,5,4,192,jpegmix,36.529042,0.889969,33.603694,0.971274,5,0.041849,34.887275,44.154064,35.998517,0.893252,0.275829,0.266648,0.842,cuda
span_ch48,ami,004,down,004_down,5,4,192,jpegmix,35.889877,0.875066,33.241637,0.969218,5,0.048713,34.133374,44.114183,35.843408,0.890678,0.263398,0.272671,0.845,cuda
span_ch48,ami,004,front,004_front,5,4,192,jpegmix,33.633702,0.826649,31.248481,0.942752,5,0.081308,32.65094,38.829872,33.332624,0.839449,0.374444,0.325077,0.839,cuda
span_ch48,ami,004,left,004_left,5,4,192,jpegmix,36.763964,0.891296,34.02504,0.973174,5,0.043108,35.003777,44.688105,36.740759,0.90359,0.271967,0.271955,0.827,cuda
span_ch48,ami,004,right,004_right,5,4,192,jpegmix,34.263381,0.844087,31.699684,0.947261,5,0.078231,33.089903,39.169741,33.563892,0.847822,0.397782,0.313736,0.861,cuda
span_ch48,ami,004,up,004_up,5,4,192,jpegmix,33.717815,0.82864,31.366623,0.941441,5,0.083565,32.863394,38.556931,33.385727,0.841254,0.41737,0.339225,0.844,cuda
span_ch48,ami,004,zoom,004_zoom,5,4,192,jpegmix,36.529373,0.892758,33.661858,0.974931,5,0.045472,34.776624,44.409321,37.162027,0.91477,0.28006,0.275763,0.839,cuda
span_ch48,ami,005,back,005_back,4,4,192,jpegmix,33.210763,0.820653,30.409955,0.940581,5,0.078481,31.859041,38.833658,33.312883,0.848449,0.435236,0.285243,0.829,cuda
span_ch48,ami,005,down,005_down,4,4,192,jpegmix,35.412426,0.855376,33.085171,0.961614,5,0.050769,33.940674,43.762218,35.893845,0.882068,0.391096,0.275512,0.859,cuda
span_ch48,ami,005,front,005_front,4,4,192,jpegmix,35.849094,0.872034,33.380662,0.965846,5,0.046508,34.406775,43.945917,36.589362,0.89729,0.372758,0.271602,0.854,cuda
span_ch48,ami,005,left,005_left,4,4,192,jpegmix,34.672711,0.839491,32.097715,0.944243,5,0.070868,33.740831,39.846042,34.494309,0.850644,0.468546,0.314933,0.863,cuda
span_ch48,ami,005,right,005_right,4,4,192,jpegmix,34.260646,0.84926,31.396035,0.946351,5,0.071749,33.377581,39.100576,34.28576,0.862501,0.448166,0.297142,0.857,cuda
span_ch48,ami,005,up,005_up,4,4,192,jpegmix,32.823907,0.808066,30.591225,0.932845,5,0.087487,31.609822,38.488118,32.856981,0.830326,0.466334,0.314703,0.825,cuda
span_ch48,ami,005,zoom,005_zoom,4,4,192,jpegmix,36.463924,0.886939,33.701065,0.971456,5,0.042981,34.802982,44.490826,37.28639,0.914994,0.355328,0.258139,0.84,cuda
span_ch48,ami,007,back,007_back,5,4,192,jpegmix,36.81288,0.890595,34.056062,0.972197,5,0.0428,35.38886,44.570852,37.327969,0.916231,0.322593,0.28441,0.829,cuda
span_ch48,ami,007,down,007_down,5,4,192,jpegmix,33.83197,0.828861,31.701684,0.943286,5,0.081627,32.639005,39.113071,34.823474,0.873905,0.488636,0.309075,0.861,cuda
span_ch48,ami,007,front,007_front,5,4,192,jpegmix,34.302433,0.841932,32.041738,0.946806,5,0.078401,33.059367,39.631573,35.011052,0.879206,0.459132,0.320959,0.856,cuda
span_ch48,ami,007,left,007_left,5,4,192,jpegmix,36.142542,0.879902,33.829178,0.969459,5,0.048556,34.513936,45.154607,37.773663,0.915068,0.35135,0.283657,0.857,cuda
span_ch48,ami,007,right,007_right,5,4,192,jpegmix,34.542177,0.855197,31.963913,0.952277,5,0.0788,33.289117,39.719266,34.896982,0.87608,0.424783,0.292673,0.84,cuda
span_ch48,ami,007,up,007_up,5,4,192,jpegmix,35.435273,0.87137,33.207528,0.967905,5,0.056764,33.796712,44.592638,36.614816,0.907294,0.344553,0.266939,0.864,cuda
span_ch48,ami,007,zoom,007_zoom,5,4,192,jpegmix,36.584692,0.892826,34.007327,0.974502,5,0.043764,34.970744,44.795286,37.705404,0.917407,0.366015,0.282227,0.852,cuda
span_ch48,ami,008,back,008_back,5,4,192,jpegmix,34.842019,0.863478,32.298955,0.95239,5,0.071927,34.003413,39.765465,34.566484,0.8704,0.384353,0.313098,0.836,cuda
span_ch48,ami,008,down,008_down,5,4,192,jpegmix,35.732251,0.878939,33.515682,0.970752,5,0.046958,34.190333,44.274295,36.178383,0.906374,0.362383,0.287252,0.859,cuda
span_ch48,ami,008,front,008_front,5,4,192,jpegmix,33.036656,0.827223,30.953601,0.946257,5,0.079685,32.206273,38.672195,33.310034,0.85353,0.433937,0.327447,0.857,cuda
span_ch48,ami,008,left,008_left,5,4,192,jpegmix,35.856978,0.878817,33.603378,0.971069,5,0.045505,34.533851,44.474366,36.321219,0.903169,0.344383,0.304657,0.829,cuda
span_ch48,ami,008,right,008_right,5,4,192,jpegmix,33.627389,0.83833,31.386886,0.947729,5,0.07499,32.950539,38.892498,33.544357,0.849395,0.414054,0.315788,0.846,cuda
span_ch48,ami,008,up,008_up,5,4,192,jpegmix,33.315905,0.833031,31.217464,0.947167,5,0.083171,32.456496,38.90292,33.447017,0.849732,0.41968,0.32324,0.83,cuda
span_ch48,ami,008,zoom,008_zoom,5,4,192,jpegmix,36.011742,0.893149,33.655012,0.975376,5,0.042288,34.606756,44.624492,37.357793,0.92307,0.331512,0.301786,0.86,cuda
span_ch48,ami,009,back,009_back,4,4,192,jpegmix,34.090243,0.867091,31.453869,0.956821,5,0.066591,32.870686,39.736036,34.731373,0.889418,0.419693,0.289696,0.86,cuda
span_ch48,ami,009,down,009_down,4,4,192,jpegmix,36.208991,0.887152,33.542262,0.972564,5,0.046128,34.842231,44.139927,37.378904,0.918501,0.350853,0.259284,0.838,cuda
span_ch48,ami,009,front,009_front,4,4,192,jpegmix,35.781122,0.8865,33.015728,0.972805,5,0.043572,34.232581,44.032999,36.798123,0.913144,0.364022,0.272636,0.837,cuda
span_ch48,ami,009,left,009_left,4,4,192,jpegmix,36.783306,0.894653,33.877832,0.974094,5,0.042492,35.496098,44.450261,37.614905,0.91694,0.39389,0.279889,0.863,cuda
span_ch48,ami,009,right,009_right,4,4,192,jpegmix,34.554343,0.860572,31.492699,0.956042,5,0.07021,33.727155,39.514452,34.675659,0.869316,0.412654,0.301377,0.839,cuda
span_ch48,ami,009,up,009_up,4,4,192,jpegmix,34.690235,0.863773,32.11632,0.966901,5,0.049966,33.217902,43.400725,35.432374,0.878412,0.351246,0.253706,0.849,cuda
span_ch48,ami,009,zoom,009_zoom,4,4,192,jpegmix,36.548176,0.902081,33.644274,0.976572,5,0.039319,34.98592,44.621009,37.892889,0.91826,0.386027,0.270203,0.853,cuda
span_ch48,ami,010,back,010_back,2,4,192,jpegmix,35.700563,0.852925,33.056977,0.962723,5,0.045674,34.317801,43.92267,36.056027,0.878275,0.366358,0.281777,0.84,cuda
span_ch48,ami,010,down,010_down,2,4,192,jpegmix,35.828222,0.862312,33.164864,0.966482,5,0.045949,34.494162,44.127624,36.61959,0.898624,0.423388,0.275815,0.831,cuda
span_ch48,ami,010,front,010_front,2,4,192,jpegmix,35.132258,0.85059,32.567693,0.964262,5,0.051788,33.626175,43.899975,35.894146,0.887323,0.39945,0.291821,0.861,cuda
span_ch48,ami,010,left,010_left,2,4,192,jpegmix,35.750815,0.862335,33.096141,0.966853,5,0.04668,34.230486,44.200072,36.587348,0.89798,0.399608,0.275571,0.847,cuda
span_ch48,ami,010,right,010_right,2,4,192,jpegmix,34.144812,0.828653,31.495358,0.94608,5,0.072789,33.206038,39.454095,34.347725,0.863002,0.497121,0.32078,0.846,cuda
span_ch48,ami,010,up,010_up,2,4,192,jpegmix,35.633215,0.862333,32.987335,0.966158,5,0.047993,34.092121,43.969083,36.427044,0.893265,0.408646,0.267869,0.843,cuda
span_ch48,ami,010,zoom,010_zoom,2,4,192,jpegmix,34.472963,0.842238,31.650362,0.949786,5,0.070292,33.635475,39.410753,34.773854,0.864916,0.486029,0.321475,0.84,cuda
span_ch48,ami,011,back,011_back,5,4,192,jpegmix,36.189209,0.890622,33.375007,0.974487,5,0.047089,34.796003,44.084031,37.042719,0.919441,0.381935,0.278969,0.844,cuda
span_ch48,ami,011,down,011_down,5,4,192,jpegmix,33.671434,0.833419,31.062978,0.948105,5,0.075608,32.916561,38.815028,34.124243,0.871386,0.48817,0.329516,0.841,cuda
span_ch48,ami,011,front,011_front,5,4,192,jpegmix,35.223674,0.868753,32.586256,0.970653,5,0.045974,33.769812,43.691535,36.755527,0.908613,0.381885,0.275362,0.861,cuda
span_ch48,ami,011,left,011_left,5,4,192,jpegmix,35.72767,0.870134,33.208695,0.969223,5,0.04689,34.388193,43.963582,37.127408,0.915379,0.35061,0.286097,0.853,cuda
span_ch48,ami,011,right,011_right,5,4,192,jpegmix,35.896303,0.882427,33.165221,0.971837,5,0.046644,34.457154,43.783415,36.5619,0.911154,0.379844,0.280807,0.863,cuda
span_ch48,ami,011,up,011_up,5,4,192,jpegmix,35.211176,0.86902,32.513458,0.969765,5,0.050738,33.842701,43.427583,36.600664,0.90723,0.386978,0.285751,0.843,cuda
span_ch48,ami,011,zoom,011_zoom,5,4,192,jpegmix,34.379159,0.860244,31.622107,0.95652,5,0.070238,33.780868,39.081347,35.055496,0.884911,0.456351,0.327359,0.864,cuda
span_ch48,ami,012,back,012_back,3,4,192,jpegmix,36.309586,0.899178,33.085538,0.962063,5,0.058805,35.973346,40.376434,34.836281,0.881136,0.339999,0.286466,0.838,cuda
span_ch48,ami,012,down,012_down,3,4,192,jpegmix,38.019435,0.919536,34.915793,0.97832,5,0.038355,36.790717,44.838285,37.786808,0.925642,0.277977,0.243183,0.858,cuda
span_ch48,ami,012,front,012_front,3,4,192,jpegmix,37.695777,0.913664,34.429686,0.976777,5,0.04159,36.339231,44.811377,37.055369,0.91541,0.292914,0.257174,0.844,cuda
span_ch48,ami,012,left,012_left,3,4,192,jpegmix,35.882429,0.892054,32.80443,0.957494,5,0.063991,35.730252,39.645723,34.850048,0.883603,0.381334,0.314904,0.851,cuda
span_ch48,ami,012,right,012_right,3,4,192,jpegmix,38.530081,0.929038,35.168913,0.980321,5,0.034259,37.298689,45.276424,37.554494,0.925401,0.30001,0.261079,0.835,cuda
span_ch48,ami,012,up,012_up,3,4,192,jpegmix,35.102259,0.874463,32.040472,0.955916,5,0.069009,34.337837,39.831082,34.500474,0.867707,0.382825,0.274718,0.848,cuda
span_ch48,ami,012,zoom,012_zoom,3,4,192,jpegmix,35.945263,0.892827,32.629845,0.960996,5,0.059936,35.608025,40.188383,34.843898,0.883647,0.377276,0.297126,0.833,cuda
span_ch48,ami,013,back,013_back,1,4,192,jpegmix,33.197777,0.829421,30.860703,0.942517,5,0.083673,31.518901,38.825066,34.549007,0.867638,0.464935,0.319903,0.859,cuda
span_ch48,ami,013,down,013_down,1,4,192,jpegmix,34.459113,0.852169,31.941793,0.949774,5,0.071544,33.25765,39.682588,34.71889,0.872672,0.485619,0.321524,0.83,cuda
span_ch48,ami,013,front,013_front,1,4,192,jpegmix,34.623497,0.859294,32.04306,0.949252,5,0.073937,33.874461,39.450834,34.81302,0.879308,0.482673,0.322477,0.845,cuda
span_ch48,ami,013,left,013_left,1,4,192,jpegmix,34.648325,0.856497,32.168088,0.949518,5,0.074576,33.88806,39.491164,34.86707,0.877779,0.458057,0.303219,0.847,cuda
span_ch48,ami,013,right,013_right,1,4,192,jpegmix,34.738111,0.860681,32.051535,0.949917,5,0.070624,34.132928,39.446725,34.93355,0.879122,0.433489,0.280066,0.838,cuda
span_ch48,ami,013,up,013_up,1,4,192,jpegmix,35.599973,0.877069,33.134565,0.968683,5,0.044767,33.940777,43.969645,36.347751,0.907493,0.370862,0.259773,0.857,cuda
span_ch48,ami,013,zoom,013_zoom,1,4,192,jpegmix,34.858289,0.869218,32.206252,0.953509,5,0.071585,34.037599,39.71721,35.480071,0.886853,0.476046,0.336519,0.855,cuda
span_ch48,ami,014,back,014_back,5,4,192,jpegmix,35.920237,0.865385,32.983778,0.96591,5,0.044816,34.720282,43.854463,35.611576,0.871055,0.350002,0.281263,0.858,cuda
span_ch48,ami,014,down,014_down,5,4,192,jpegmix,36.280873,0.870243,33.403552,0.968173,5,0.043663,34.884719,44.418681,36.512411,0.888639,0.361749,0.277907,0.839,cuda
span_ch48,ami,014,front,014_front,5,4,192,jpegmix,34.693066,0.843317,31.751799,0.947943,5,0.072448,33.973471,39.492377,34.012182,0.840643,0.449282,0.339724,0.854,cuda
span_ch48,ami,014,left,014_left,5,4,192,jpegmix,34.63302,0.835679,31.873311,0.946412,5,0.073255,33.687675,39.764591,34.38186,0.847199,0.455102,0.32606,0.856,cuda
span_ch48,ami,014,right,014_right,5,4,192,jpegmix,34.461098,0.852265,31.671094,0.95105,5,0.070145,33.583788,39.503333,33.721999,0.840385,0.433964,0.313127,0.856,cuda
span_ch48,ami,014,up,014_up,5,4,192,jpegmix,34.205173,0.828854,31.345355,0.942159,5,0.075152,33.353696,39.156166,34.036444,0.834074,0.445228,0.337816,0.854,cuda
span_ch48,ami,014,zoom,014_zoom,5,4,192,jpegmix,34.385082,0.836493,31.380005,0.947538,5,0.070188,33.631805,39.174147,34.323418,0.844571,0.464152,0.342829,0.859,cuda
span_ch48,ami,018,back,018_back,1,4,192,jpegmix,35.770593,0.900961,32.731531,0.960616,5,0.05905,35.163321,40.091379,34.322655,0.885282,0.341145,0.328962,0.842,cuda
span_ch48,ami,018,down,018_down,1,4,192,jpegmix,37.404939,0.927263,34.549919,0.978741,5,0.036464,35.512006,45.281439,35.919584,0.919896,0.239352,0.294734,0.841,cuda
span_ch48,ami,018,front,018_front,1,4,192,jpegmix,35.673379,0.908757,32.892131,0.966008,5,0.056249,34.46386,40.304498,34.0058,0.889329,0.323202,0.334456,0.852,cuda
span_ch48,ami,018,left,018_left,1,4,192,jpegmix,36.944167,0.91527,33.90679,0.965828,5,0.053814,36.370791,41.032256,35.507058,0.89855,0.320074,0.338802,0.829,cuda
span_ch48,ami,018,right,018_right,1,4,192,jpegmix,35.788315,0.90808,32.789853,0.964481,5,0.063574,34.533007,40.301609,34.031329,0.885383,0.333032,0.321051,0.824,cuda
span_ch48,ami,018,up,018_up,1,4,192,jpegmix,35.673954,0.90867,32.812278,0.964221,5,0.059137,34.571146,40.430514,33.954479,0.88796,0.325682,0.326555,0.85,cuda
span_ch48,ami,018,zoom,018_zoom,1,4,192,jpegmix,37.580508,0.93309,34.571521,0.981186,5,0.03647,35.462995,45.413742,35.942149,0.921774,0.224414,0.30727,0.854,cuda
span_ch48,ami,019,back,019_back,4,4,192,jpegmix,34.386051,0.881253,31.611639,0.951795,5,0.073238,33.647122,38.770879,33.410515,0.862845,0.361371,0.331467,0.835,cuda
span_ch48,ami,019,down,019_down,4,4,192,jpegmix,33.647437,0.863335,31.180267,0.952505,5,0.076465,32.55702,38.521127,32.749873,0.850825,0.374301,0.311545,0.847,cuda
span_ch48,ami,019,front,019_front,4,4,192,jpegmix,33.56708,0.861047,31.106591,0.951308,5,0.075163,32.402289,38.385166,32.756516,0.851059,0.385387,0.316243,0.824,cuda
span_ch48,ami,019,left,019_left,4,4,192,jpegmix,36.208575,0.910602,33.472883,0.977567,5,0.041453,34.380862,43.980539,35.732328,0.909752,0.270466,0.272793,0.846,cuda
span_ch48,ami,019,right,019_right,4,4,192,jpegmix,35.480469,0.908811,32.793053,0.97394,5,0.048062,33.259985,43.427165,34.645677,0.899085,0.289284,0.264275,0.841,cuda
span_ch48,ami,019,up,019_up,4,4,192,jpegmix,33.590082,0.862907,31.140289,0.951888,5,0.074339,32.383462,38.445136,32.716018,0.848091,0.399609,0.329573,0.859,cuda
span_ch48,ami,019,zoom,019_zoom,4,4,192,jpegmix,33.525464,0.862698,30.949061,0.951195,5,0.078186,32.271479,38.0792,33.427186,0.863386,0.367739,0.317118,0.864,cuda
span_ch48,ami,020,back,020_back,1,4,192,jpegmix,37.726422,0.913318,34.565315,0.976385,5,0.037562,36.611474,44.344017,37.571947,0.924756,0.28019,0.246773,0.839,cuda
span_ch48,ami,020,down,020_down,1,4,192,jpegmix,36.94913,0.897036,34.27136,0.973391,5,0.040964,35.725121,44.275846,37.342745,0.91925,0.347687,0.264041,0.861,cuda
span_ch48,ami,020,front,020_front,1,4,192,jpegmix,37.28653,0.904216,34.488008,0.975128,5,0.038634,36.300019,44.232613,37.400873,0.919358,0.321406,0.239792,0.858,cuda
span_ch48,ami,020,left,020_left,1,4,192,jpegmix,35.511667,0.87607,32.820953,0.955084,5,0.061621,35.205307,39.673705,35.22185,0.884414,0.416874,0.319165,0.84,cuda
span_ch48,ami,020,right,020_right,1,4,192,jpegmix,35.121861,0.876457,32.06146,0.955373,5,0.065349,34.731733,39.246789,34.25369,0.869064,0.397516,0.288961,0.854,cuda
span_ch48,ami,020,up,020_up,1,4,192,jpegmix,34.71636,0.858569,31.967401,0.948204,5,0.074463,34.232033,39.052955,34.298486,0.863734,0.435623,0.305337,0.849,cuda
span_ch48,ami,020,zoom,020_zoom,1,4,192,jpegmix,35.842873,0.886851,32.993651,0.962886,5,0.060356,35.285704,40.564001,35.461959,0.895178,0.388124,0.28347,0.856,cuda
span_ch48,ami,021,back,021_back,2,4,192,jpegmix,36.175021,0.873832,33.7816,0.966237,5,0.051228,34.702804,44.292593,37.43027,0.910912,0.349083,0.279631,0.845,cuda
span_ch48,ami,021,down,021_down,2,4,192,jpegmix,34.408226,0.835101,32.16896,0.941974,5,0.075359,33.455712,39.394236,35.312454,0.877808,0.505381,0.323967,0.827,cuda
span_ch48,ami,021,front,021_front,2,4,192,jpegmix,36.647097,0.882538,34.251297,0.967863,5,0.047964,35.216191,44.457241,37.785759,0.916091,0.357605,0.29091,0.857,cuda
span_ch48,ami,021,left,021_left,2,4,192,jpegmix,35.516607,0.858963,33.176946,0.948791,5,0.06878,34.678743,40.284841,36.175795,0.885819,0.483665,0.317963,0.864,cuda
span_ch48,ami,021,right,021_right,2,4,192,jpegmix,35.397118,0.862587,32.815238,0.951432,5,0.066478,34.892306,39.925781,35.476862,0.88229,0.440473,0.316296,0.839,cuda
span_ch48,ami,021,up,021_up,2,4,192,jpegmix,36.296019,0.878198,33.924856,0.967264,5,0.049617,34.933852,44.154491,37.462685,0.914132,0.338613,0.281866,0.855,cuda
span_ch48,ami,021,zoom,021_zoom,2,4,192,jpegmix,35.923612,0.879434,33.313389,0.955763,5,0.065853,35.51365,40.291673,36.255316,0.901624,0.437945,0.300709,0.84,cuda
span_ch48,ami,022,back,022_back,2,4,192,jpegmix,37.677779,0.923855,34.293581,0.969675,5,0.050336,37.711261,41.297335,36.45589,0.911634,0.301166,0.288836,0.849,cuda
span_ch48,ami,022,down,022_down,2,4,192,jpegmix,39.585628,0.940518,35.967831,0.982809,5,0.030146,38.282226,45.883723,38.476584,0.935269,0.233771,0.233309,0.827,cuda
span_ch48,ami,022,front,022_front,2,4,192,jpegmix,36.691411,0.912384,33.37142,0.966398,5,0.058146,36.43758,40.485431,35.153871,0.893283,0.305177,0.280899,0.846,cuda
span_ch48,ami,022,left,022_left,2,4,192,jpegmix,40.26826,0.946828,36.393914,0.984065,5,0.028517,39.160352,46.271124,39.194153,0.940555,0.265895,0.252159,0.83,cuda
span_ch48,ami,022,right,022_right,2,4,192,jpegmix,39.509505,0.942122,36.110682,0.983521,5,0.028493,37.955688,45.899376,38.194457,0.933262,0.230806,0.255814,0.861,cuda
span_ch48,ami,022,up,022_up,2,4,192,jpegmix,39.196312,0.940497,35.695208,0.983368,5,0.032564,37.781436,45.584293,38.437266,0.938634,0.218839,0.224744,0.855,cuda
span_ch48,ami,022,zoom,022_zoom,2,4,192,jpegmix,37.158237,0.917804,33.539479,0.968156,5,0.058127,36.962997,40.737648,35.770442,0.90396,0.262561,0.261271,0.835,cuda
span_ch48,ami,023,back,023_back,5,4,192,jpegmix,34.180529,0.83903,31.552177,0.944212,5,0.078924,33.607132,38.943026,34.4567,0.869045,0.386053,0.298337,0.838,cuda
span_ch48,ami,023,down,023_down,5,4,192,jpegmix,35.26304,0.865735,32.608406,0.953253,5,0.069442,34.544843,39.691597,35.483211,0.896253,0.402183,0.315197,0.864,cuda
span_ch48,ami,023,front,023_front,5,4,192,jpegmix,35.058408,0.861325,32.370817,0.950666,5,0.070874,34.519218,39.522898,35.187904,0.883368,0.380256,0.297904,0.859,cuda
span_ch48,ami,023,left,023_left,5,4,192,jpegmix,38.661961,0.916578,35.740155,0.975338,5,0.037104,37.65006,45.194584,39.154804,0.935401,0.299435,0.266595,0.846,cuda
span_ch48,ami,023,right,023_right,5,4,192,jpegmix,36.777766,0.897088,33.990495,0.972748,5,0.044717,35.308611,44.280217,36.796664,0.912007,0.315206,0.260241,0.844,cuda
span_ch48,ami,023,up,023_up,5,4,192,jpegmix,34.550035,0.847242,32.004996,0.945431,5,0.078461,34.019858,39.024447,34.826395,0.875656,0.396518,0.320309,0.866,cuda
span_ch48,ami,023,zoom,023_zoom,5,4,192,jpegmix,37.79782,0.915694,34.719343,0.977864,5,0.044652,36.589539,44.627969,39.085861,0.941358,0.267965,0.253208,0.843,cuda
span_ch48,ami,024,back,024_back,3,4,192,jpegmix,38.052108,0.912537,35.07964,0.97627,5,0.038044,36.527591,44.952081,37.428979,0.913969,0.263048,0.253126,0.858,cuda
span_ch48,ami,024,down,024_down,3,4,192,jpegmix,35.815535,0.887968,32.997885,0.958381,5,0.063859,35.114604,40.140126,34.567498,0.87395,0.369599,0.31044,0.846,cuda
span_ch48,ami,024,front,024_front,3,4,192,jpegmix,35.685231,0.880434,32.852702,0.956723,5,0.067643,34.987656,40.05774,34.775534,0.878101,0.353532,0.29581,0.849,cuda
span_ch48,ami,024,left,024_left,3,4,192,jpegmix,38.099124,0.911518,35.091413,0.975459,5,0.038406,36.796139,45.119852,37.688005,0.918126,0.252213,0.265421,0.872,cuda
span_ch48,ami,024,right,024_right,3,4,192,jpegmix,36.173732,0.902718,32.883525,0.963829,5,0.061739,35.445505,40.281034,34.988443,0.896676,0.316196,0.302946,0.853,cuda
span_ch48,ami,024,up,024_up,3,4,192,jpegmix,35.307721,0.879237,32.394382,0.958464,5,0.065867,34.599244,39.794633,34.784248,0.879602,0.368392,0.31411,0.853,cuda
span_ch48,ami,024,zoom,024_zoom,3,4,192,jpegmix,35.614635,0.884007,32.558466,0.960024,5,0.069544,34.949395,39.984249,34.75623,0.886655,0.336228,0.301133,0.829,cuda
span_ch48,ami,025,back,025_back,2,4,192,jpegmix,34.223097,0.84958,31.875988,0.945138,5,0.079099,33.679729,38.773064,34.293344,0.870544,0.401545,0.314957,0.849,cuda
span_ch48,ami,025,down,025_down,2,4,192,jpegmix,36.620509,0.90244,34.044518,0.975258,5,0.044808,35.185748,43.949063,37.783661,0.93268,0.267822,0.25183,0.855,cuda
span_ch48,ami,025,front,025_front,2,4,192,jpegmix,34.022786,0.851211,31.648942,0.948802,5,0.082166,33.433122,38.42438,34.404854,0.881473,0.402477,0.308005,0.832,cuda
span_ch48,ami,025,left,025_left,2,4,192,jpegmix,34.75826,0.863514,32.361318,0.949126,5,0.076821,34.407921,38.938046,34.958814,0.883239,0.393402,0.316096,0.848,cuda
span_ch48,ami,025,right,025_right,2,4,192,jpegmix,34.721876,0.869136,31.993456,0.952948,5,0.074343,34.219658,38.980116,34.716563,0.884309,0.355093,0.288603,0.855,cuda
span_ch48,ami,025,up,025_up,2,4,192,jpegmix,36.320475,0.897609,33.85822,0.974607,5,0.047846,34.919805,44.07396,37.718697,0.930936,0.277462,0.268835,0.852,cuda
span_ch48,ami,025,zoom,025_zoom,2,4,192,jpegmix,35.503622,0.890631,32.799921,0.96061,5,0.067352,35.274895,39.326652,35.73303,0.908079,0.332717,0.298708,0.846,cuda
span_ch48,ami,026,back,026_back,1,4,192,jpegmix,38.047876,0.914419,34.510013,0.977446,5,0.035459,36.783571,44.74182,38.013812,0.929213,0.31706,0.271326,0.829,cuda
span_ch48,ami,026,down,026_down,1,4,192,jpegmix,36.182641,0.896554,32.913575,0.963182,5,0.055067,35.813614,40.333933,35.175966,0.897697,0.379312,0.300565,0.837,cuda
span_ch48,ami,026,front,026_front,1,4,192,jpegmix,35.697679,0.885324,32.493896,0.95918,5,0.064123,35.002423,40.096768,34.877801,0.890978,0.383189,0.317077,0.848,cuda
span_ch48,ami,026,left,026_left,1,4,192,jpegmix,36.872616,0.905142,33.655994,0.964392,5,0.053075,36.650369,40.768612,36.015073,0.903368,0.372815,0.287123,0.854,cuda
span_ch48,ami,026,right,026_right,1,4,192,jpegmix,38.509678,0.921781,35.109429,0.978612,5,0.034464,37.199909,45.154788,38.220332,0.932269,0.32655,0.267679,0.842,cuda
span_ch48,ami,026,up,026_up,1,4,192,jpegmix,35.620636,0.881487,32.521301,0.957538,5,0.062929,35.239619,39.774711,35.371204,0.895658,0.386209,0.299099,0.85,cuda
span_ch48,ami,026,zoom,026_zoom,1,4,192,jpegmix,36.110237,0.898068,32.713603,0.964123,5,0.054915,35.732984,40.043224,35.635805,0.905503,0.348587,0.292411,0.844,cuda
span_ch48,ami,027,back,027_back,3,4,192,jpegmix,38.657541,0.925069,35.51954,0.979743,5,0.032042,37.485173,45.145845,37.913471,0.923129,0.263883,0.277051,0.851,cuda
span_ch48,ami,027,down,027_down,3,4,192,jpegmix,37.309751,0.901801,34.593229,0.975583,5,0.039301,36.015836,44.629311,37.417176,0.917795,0.274127,0.270443,0.827,cuda
span_ch48,ami,027,front,027_front,3,4,192,jpegmix,35.5586,0.881696,32.77736,0.960219,5,0.067009,34.886137,39.942695,34.971352,0.885293,0.332007,0.309927,0.841,cuda
span_ch48,ami,027,left,027_left,3,4,192,jpegmix,35.312285,0.877684,32.682868,0.959118,5,0.066225,34.836929,39.514097,34.773461,0.881804,0.347037,0.330122,0.852,cuda
span_ch48,ami,027,right,027_right,3,4,192,jpegmix,35.308017,0.877806,32.60117,0.961459,5,0.066992,34.393408,39.988894,34.695521,0.883495,0.335474,0.318442,0.855,cuda
span_ch48,ami,027,up,027_up,3,4,192,jpegmix,37.177825,0.905296,34.507092,0.977277,5,0.042851,35.645674,44.749551,37.277009,0.917976,0.253537,0.263875,0.857,cuda
span_ch48,ami,027,zoom,027_zoom,3,4,192,jpegmix,35.012844,0.872057,32.30047,0.957526,5,0.066953,34.589212,39.327,34.619013,0.873989,0.350678,0.334924,0.832,cuda
span_ch48,ami,028,back,028_back,2,4,192,jpegmix,35.051828,0.892773,32.325265,0.957642,5,0.062757,34.083355,39.870153,33.339071,0.873205,0.352096,0.304808,0.851,cuda
span_ch48,ami,028,down,028_down,2,4,192,jpegmix,36.166863,0.895439,33.691943,0.971811,5,0.046458,34.651033,43.920793,35.313449,0.895972,0.268063,0.263565,0.833,cuda
span_ch48,ami,028,front,028_front,2,4,192,jpegmix,36.391227,0.901236,33.769691,0.973821,5,0.043853,34.969655,44.307655,35.415284,0.895137,0.275291,0.259403,0.855,cuda
span_ch48,ami,028,left,028_left,2,4,192,jpegmix,35.093035,0.877159,32.508043,0.955386,5,0.06624,34.527714,39.865735,33.822564,0.859494,0.385229,0.301215,0.864,cuda
span_ch48,ami,028,right,028_right,2,4,192,jpegmix,35.825969,0.889358,33.272788,0.969906,5,0.044598,34.156509,44.230638,34.608494,0.881865,0.279397,0.231814,0.87,cuda
span_ch48,ami,028,up,028_up,2,4,192,jpegmix,36.119797,0.895488,33.600729,0.972389,5,0.045116,34.319609,44.274045,35.375868,0.894949,0.306701,0.267583,0.853,cuda
span_ch48,ami,028,zoom,028_zoom,2,4,192,jpegmix,34.490376,0.870465,31.946303,0.952729,5,0.067326,33.777665,39.497214,33.213453,0.854921,0.36831,0.306232,0.841,cuda
span_ch48,ami,029,back,029_back,5,4,192,jpegmix,34.277157,0.829863,31.41204,0.938529,5,0.081378,33.439051,39.01577,34.033674,0.846223,0.431408,0.310199,0.831,cuda
span_ch48,ami,029,down,029_down,5,4,192,jpegmix,34.091167,0.832774,31.431513,0.940877,5,0.083351,33.151869,39.023441,33.829747,0.854929,0.471328,0.319031,0.858,cuda
span_ch48,ami,029,front,029_front,5,4,192,jpegmix,36.014034,0.876352,33.340124,0.968294,5,0.045826,34.66888,43.890643,36.777953,0.903622,0.338621,0.289383,0.862,cuda
span_ch48,ami,029,left,029_left,5,4,192,jpegmix,36.661083,0.883364,33.857003,0.968978,5,0.043884,35.322294,44.176318,36.974524,0.902973,0.355758,0.279951,0.829,cuda
span_ch48,ami,029,right,029_right,5,4,192,jpegmix,36.368809,0.877553,33.465525,0.968403,5,0.044801,34.84087,44.214006,36.544345,0.896948,0.348607,0.295503,0.856,cuda
span_ch48,ami,029,up,029_up,5,4,192,jpegmix,35.60794,0.865612,32.956169,0.965911,5,0.047659,34.247227,43.683153,36.030396,0.886257,0.360637,0.26859,0.847,cuda
span_ch48,ami,029,zoom,029_zoom,5,4,192,jpegmix,36.491718,0.885774,33.616507,0.971016,5,0.046698,35.221193,43.87281,37.008595,0.90383,0.369574,0.298404,0.833,cuda
span_ch48,ami,030,back,030_back,1,4,192,jpegmix,36.997287,0.894305,33.801032,0.973096,5,0.039971,35.797122,44.220269,37.155462,0.911319,0.311894,0.259984,0.844,cuda
span_ch48,ami,030,down,030_down,1,4,192,jpegmix,37.004073,0.890448,34.254539,0.971653,5,0.039543,35.569278,44.435129,37.004432,0.909911,0.368447,0.262501,0.864,cuda
span_ch48,ami,030,front,030_front,1,4,192,jpegmix,35.026922,0.864295,32.217565,0.953521,5,0.065059,34.311,39.634922,34.510313,0.868349,0.42579,0.307013,0.844,cuda
span_ch48,ami,030,left,030_left,1,4,192,jpegmix,37.424589,0.90021,34.546345,0.975108,5,0.040446,35.996045,45.095318,37.732411,0.916895,0.313834,0.276286,0.84,cuda
span_ch48,ami,030,right,030_right,1,4,192,jpegmix,34.756582,0.864307,31.882744,0.953487,5,0.071529,34.093255,39.421582,34.358065,0.864459,0.400381,0.296028,0.86,cuda
span_ch48,ami,030,up,030_up,1,4,192,jpegmix,33.962082,0.841862,31.217006,0.947199,5,0.076987,32.915718,39.06267,34.105471,0.850378,0.419594,0.308773,0.855,cuda
span_ch48,ami,030,zoom,030_zoom,1,4,192,jpegmix,36.892179,0.898165,33.950742,0.975442,5,0.041909,35.438152,44.507686,36.965749,0.906645,0.332398,0.27819,0.838,cuda
span_ch48,ami,031,back,031_back,5,4,192,jpegmix,35.258602,0.875176,32.063716,0.955019,5,0.062047,34.876916,39.66258,34.385355,0.869109,0.381087,0.309686,0.841,cuda
span_ch48,ami,031,down,031_down,5,4,192,jpegmix,34.726861,0.867416,31.868257,0.956786,5,0.067817,34.232772,39.208263,33.923282,0.861093,0.400791,0.317992,0.851,cuda
span_ch48,ami,031,front,031_front,5,4,192,jpegmix,36.794352,0.901057,33.733665,0.975046,5,0.041523,35.502492,44.116606,36.233132,0.901607,0.307288,0.284713,0.865,cuda
span_ch48,ami,031,left,031_left,5,4,192,jpegmix,34.850922,0.870224,31.959793,0.957385,5,0.067029,34.317337,39.419427,34.051612,0.862307,0.403524,0.302239,0.859,cuda
span_ch48,ami,031,right,031_right,5,4,192,jpegmix,35.052522,0.87059,31.952146,0.955879,5,0.066863,34.488749,39.511453,34.142229,0.861244,0.394249,0.33434,0.855,cuda
span_ch48,ami,031,up,031_up,5,4,192,jpegmix,34.697497,0.865567,31.864354,0.954014,5,0.068077,34.420884,39.190059,33.810977,0.855071,0.40686,0.325361,0.853,cuda
span_ch48,ami,031,zoom,031_zoom,5,4,192,jpegmix,34.78749,0.867892,31.860878,0.955392,5,0.065816,34.413931,39.180997,34.050124,0.858951,0.433919,0.317364,0.866,cuda
span_ch48,ami,032,back,032_back,3,4,192,jpegmix,38.64125,0.933563,34.881949,0.980729,5,0.034077,37.282747,45.132978,37.679541,0.933309,0.230325,0.252606,0.841,cuda
span_ch48,ami,032,down,032_down,3,4,192,jpegmix,36.269485,0.908434,32.919079,0.963851,5,0.062386,35.507736,40.520019,34.664447,0.887486,0.296332,0.300457,0.859,cuda
span_ch48,ami,032,front,032_front,3,4,192,jpegmix,38.704437,0.939061,34.992189,0.981765,5,0.036075,37.15293,45.199363,37.287238,0.927449,0.209113,0.246233,0.825,cuda
span_ch48,ami,032,left,032_left,3,4,192,jpegmix,38.948031,0.937678,35.369682,0.982025,5,0.034602,37.468703,45.50437,38.02587,0.935297,0.205213,0.258386,0.857,cuda
span_ch48,ami,032,right,032_right,3,4,192,jpegmix,35.970908,0.909336,32.63413,0.964899,5,0.064066,35.364017,40.064345,34.251695,0.885247,0.311684,0.298989,0.839,cuda
span_ch48,ami,032,up,032_up,3,4,192,jpegmix,35.742843,0.903692,32.388938,0.962249,5,0.066257,35.103172,39.707765,34.348103,0.884969,0.338843,0.301228,0.859,cuda
span_ch48,ami,032,zoom,032_zoom,3,4,192,jpegmix,38.938291,0.943469,34.967239,0.984285,5,0.030133,37.3559,45.305352,37.557345,0.93434,0.219946,0.239728,0.867,cuda
span_ch48,ami,033,back,033_back,3,4,192,jpegmix,38.955558,0.925515,35.625009,0.979564,5,0.032429,37.973705,45.399755,38.276243,0.924207,0.269179,0.246386,0.846,cuda
span_ch48,ami,033,down,033_down,3,4,192,jpegmix,38.68346,0.925147,35.516082,0.979986,5,0.032629,37.466978,45.228932,38.444891,0.930725,0.295556,0.269539,0.828,cuda
span_ch48,ami,033,front,033_front,3,4,192,jpegmix,36.377533,0.892193,33.413013,0.960759,5,0.059021,36.075487,40.509956,35.546067,0.886377,0.40021,0.3013,0.823,cuda
span_ch48,ami,033,left,033_left,3,4,192,jpegmix,39.62617,0.938091,36.344505,0.982501,5,0.031234,38.678516,46.013799,39.457415,0.938951,0.253301,0.263442,0.831,cuda
span_ch48,ami,033,right,033_right,3,4,192,jpegmix,36.153464,0.894116,33.138544,0.961062,5,0.059184,35.614338,40.444939,34.88193,0.874431,0.369247,0.287667,0.838,cuda
span_ch48,ami,033,up,033_up,3,4,192,jpegmix,36.308231,0.894632,33.160788,0.95993,5,0.057126,36.225732,40.326249,35.476201,0.885202,0.39066,0.304347,0.854,cuda
span_ch48,ami,033,zoom,033_zoom,3,4,192,jpegmix,36.606212,0.898837,33.313354,0.963575,5,0.05511,36.428739,40.663929,35.922593,0.893225,0.377926,0.326336,0.845,cuda
span_ch48,ami,034,back,034_back,4,4,192,jpegmix,32.930432,0.8134,30.760889,0.936865,5,0.088171,31.913745,38.336905,33.946484,0.857197,0.403163,0.297425,0.859,cuda
span_ch48,ami,034,down,034_down,4,4,192,jpegmix,34.998618,0.868357,32.876622,0.969072,5,0.051893,33.521848,43.857604,36.615624,0.915361,0.337711,0.276212,0.844,cuda
span_ch48,ami,034,front,034_front,4,4,192,jpegmix,33.273608,0.829191,31.122289,0.942762,5,0.087483,32.49462,38.440903,34.503979,0.876569,0.42036,0.308775,0.859,cuda
span_ch48,ami,034,left,034_left,4,4,192,jpegmix,33.253539,0.823357,31.222973,0.940678,5,0.087398,32.475025,38.419491,34.610886,0.874136,0.466042,0.312526,0.858,cuda
span_ch48,ami,034,right,034_right,4,4,192,jpegmix,33.309334,0.828201,31.031656,0.940831,5,0.087224,32.55733,38.164669,33.910783,0.862544,0.407652,0.305916,0.847,cuda
span_ch48,ami,034,up,034_up,4,4,192,jpegmix,32.660012,0.816983,30.56468,0.941263,5,0.08686,32.013349,37.95448,33.989819,0.867607,0.408837,0.31461,0.837,cuda
span_ch48,ami,034,zoom,034_zoom,4,4,192,jpegmix,36.420038,0.902003,34.03066,0.976235,5,0.045653,35.314072,44.34332,38.643235,0.938367,0.303493,0.256746,0.869,cuda
span_ch48,ami,035,back,035_back,5,4,192,jpegmix,37.115012,0.908174,33.684852,0.965315,5,0.050896,36.968794,41.067737,36.116905,0.9035,0.340031,0.313865,0.858,cuda
span_ch48,ami,035,down,035_down,5,4,192,jpegmix,38.857382,0.926342,35.602765,0.980182,5,0.031734,37.541,45.24841,38.754423,0.936626,0.313214,0.278359,0.834,cuda
span_ch48,ami,035,front,035_front,5,4,192,jpegmix,39.143456,0.928908,35.826616,0.981072,5,0.028837,38.029408,45.716364,39.048297,0.938556,0.290684,0.26242,0.84,cuda
span_ch48,ami,035,left,035_left,5,4,192,jpegmix,37.305838,0.909495,33.878496,0.965896,5,0.050862,37.035404,41.34212,36.507004,0.909205,0.377051,0.310721,0.853,cuda
span_ch48,ami,035,right,035_right,5,4,192,jpegmix,36.779713,0.901239,33.413586,0.963705,5,0.056134,36.372558,40.923839,35.734945,0.89502,0.37253,0.290877,0.834,cuda
span_ch48,ami,035,up,035_up,5,4,192,jpegmix,36.689815,0.898995,33.434254,0.964219,5,0.056419,36.277062,40.93835,35.875496,0.898315,0.348655,0.2978,0.861,cuda
span_ch48,ami,035,zoom,035_zoom,5,4,192,jpegmix,36.766197,0.902925,33.467909,0.965826,5,0.053258,36.474321,40.854437,36.257399,0.907559,0.380809,0.300092,0.858,cuda
span_ch48,ami,036,back,036_back,2,4,192,jpegmix,37.109,0.896782,34.627881,0.972582,5,0.045911,35.671604,44.67964,37.469187,0.919296,0.305511,0.275318,0.862,cuda
span_ch48,ami,036,down,036_down,2,4,192,jpegmix,35.31959,0.8722,33.125951,0.952575,5,0.072059,34.427092,39.933591,35.544503,0.889296,0.412781,0.32841,0.848,cuda
span_ch48,ami,036,front,036_front,2,4,192,jpegmix,37.114907,0.904566,34.873471,0.973684,5,0.043246,36.003087,44.481115,38.247226,0.928237,0.296943,0.273289,0.857,cuda
span_ch48,ami,036,left,036_left,2,4,192,jpegmix,36.023193,0.88228,33.760208,0.955538,5,0.062489,35.57253,40.423159,36.355427,0.901484,0.439715,0.302018,0.836,cuda
span_ch48,ami,036,right,036_right,2,4,192,jpegmix,37.925639,0.915578,35.322605,0.977655,5,0.035251,36.508139,45.157501,37.897389,0.926462,0.293379,0.270504,0.85,cuda
span_ch48,ami,036,up,036_up,2,4,192,jpegmix,36.481974,0.889943,34.264265,0.969792,5,0.051231,34.972868,44.15282,37.403284,0.918866,0.284751,0.249516,0.833,cuda
span_ch48,ami,036,zoom,036_zoom,2,4,192,jpegmix,36.073974,0.892935,33.658057,0.958813,5,0.068406,35.539904,40.059631,36.284096,0.910325,0.399884,0.30782,0.855,cuda
span_ch48,ami,037,back,037_back,2,4,192,jpegmix,36.217295,0.867004,33.915874,0.96504,5,0.046873,34.008706,44.405091,37.282399,0.911005,0.398411,0.268109,0.849,cuda
span_ch48,ami,037,down,037_down,2,4,192,jpegmix,35.374946,0.858002,32.904575,0.951093,5,0.059838,34.071846,40.536498,35.499998,0.890486,0.474442,0.308924,0.848,cuda
span_ch48,ami,037,front,037_front,2,4,192,jpegmix,35.306666,0.857326,32.888202,0.951943,5,0.062176,33.725065,40.692313,35.267676,0.887891,0.483252,0.321481,0.832,cuda
span_ch48,ami,037,left,037_left,2,4,192,jpegmix,35.408119,0.858111,33.142026,0.953531,5,0.063433,33.672413,40.993026,35.740659,0.891904,0.474844,0.304237,0.836,cuda
span_ch48,ami,037,right,037_right,2,4,192,jpegmix,35.496919,0.866339,32.989707,0.954767,5,0.060523,34.231216,40.449629,35.721249,0.895244,0.467535,0.298464,0.833,cuda
span_ch48,ami,037,up,037_up,2,4,192,jpegmix,35.0941,0.84926,32.674866,0.949933,5,0.063516,33.467234,40.462422,35.212065,0.886069,0.48398,0.310477,0.833,cuda
span_ch48,ami,037,zoom,037_zoom,2,4,192,jpegmix,36.06316,0.883526,33.440512,0.960725,5,0.059311,34.720157,40.937867,36.196742,0.912849,0.420619,0.303459,0.853,cuda
span_ch48,ami,038,back,038_back,2,4,192,jpegmix,35.203632,0.868583,32.522147,0.951387,5,0.069622,34.705701,39.600119,35.112067,0.88263,0.367129,0.327951,0.834,cuda
span_ch48,ami,038,down,038_down,2,4,192,jpegmix,33.928622,0.831328,31.710526,0.943772,5,0.079812,33.147529,38.69894,34.314569,0.867217,0.453888,0.316454,0.855,cuda
span_ch48,ami,038,front,038_front,2,4,192,jpegmix,35.948963,0.874129,33.612343,0.968612,5,0.045284,34.6463,43.810837,37.061631,0.909859,0.348784,0.270947,0.842,cuda
span_ch48,ami,038,left,038_left,2,4,192,jpegmix,34.924868,0.854885,32.572154,0.94945,5,0.073469,34.141125,39.663564,35.604263,0.886609,0.444948,0.342609,0.829,cuda
span_ch48,ami,038,right,038_right,2,4,192,jpegmix,36.966612,0.897877,34.293503,0.972645,5,0.040497,35.585921,44.42222,37.262892,0.914114,0.312876,0.257616,0.862,cuda
span_ch48,ami,038,up,038_up,2,4,192,jpegmix,33.963246,0.832978,31.73951,0.943251,5,0.079549,33.190857,38.909709,34.343787,0.861637,0.407776,0.316277,0.827,cuda
span_ch48,ami,038,zoom,038_zoom,2,4,192,jpegmix,35.032342,0.861666,32.517868,0.953897,5,0.068413,34.432931,39.719768,35.538507,0.893949,0.42834,0.3097,0.855,cuda
span_ch48,ami,039,back,039_back,2,4,192,jpegmix,38.410998,0.924332,35.390875,0.978922,5,0.034602,37.261085,44.831844,38.285529,0.932887,0.252909,0.255746,0.843,cuda
span_ch48,ami,039,down,039_down,2,4,192,jpegmix,35.552955,0.888685,32.810971,0.960153,5,0.06618,35.049424,39.804945,35.557187,0.899587,0.358734,0.308864,0.864,cuda
span_ch48,ami,039,front,039_front,2,4,192,jpegmix,38.42815,0.923612,35.377902,0.978756,5,0.03611,37.28757,44.797266,38.49248,0.936944,0.272949,0.26278,0.855,cuda
span_ch48,ami,039,left,039_left,2,4,192,jpegmix,36.716056,0.904022,33.814493,0.964278,5,0.060525,36.397794,40.819094,36.56529,0.908654,0.349219,0.294701,0.843,cuda
span_ch48,ami,039,right,039_right,2,4,192,jpegmix,35.997569,0.899743,32.97543,0.962597,5,0.058429,35.401631,40.030033,34.952393,0.893112,0.346736,0.290902,0.858,cuda
span_ch48,ami,039,up,039_up,2,4,192,jpegmix,38.39977,0.923981,35.270476,0.978301,5,0.035604,37.327664,44.455728,38.022495,0.929744,0.277121,0.260652,0.827,cuda
span_ch48,ami,039,zoom,039_zoom,2,4,192,jpegmix,36.565941,0.905636,33.311367,0.963857,5,0.058939,36.447347,40.204153,35.880654,0.905518,0.351319,0.298717,0.843,cuda
span_ch48,ami,040,back,040_back,4,4,192,jpegmix,35.487894,0.880251,32.478766,0.955181,5,0.068075,35.14019,39.638787,34.755204,0.875399,0.374481,0.309449,0.861,cuda
span_ch48,ami,040,down,040_down,4,4,192,jpegmix,37.567923,0.913561,34.503672,0.977135,5,0.03752,36.420616,44.496779,37.639575,0.925202,0.336259,0.280835,0.857,cuda
span_ch48,ami,040,front,040_front,4,4,192,jpegmix,35.486944,0.886545,32.437177,0.956981,5,0.065335,35.368544,39.445877,34.760134,0.884101,0.389501,0.314797,0.844,cuda
span_ch48,ami,040,left,040_left,4,4,192,jpegmix,36.092948,0.894107,33.028463,0.961067,5,0.057208,35.965966,40.133912,35.499743,0.89546,0.39459,0.291251,0.851,cuda
span_ch48,ami,040,right,040_right,4,4,192,jpegmix,37.982673,0.923158,34.600519,0.979938,5,0.033519,36.885127,44.64059,37.2926,0.921691,0.308744,0.265996,0.857,cuda
span_ch48,ami,040,up,040_up,4,4,192,jpegmix,35.465422,0.886909,32.461458,0.95872,5,0.064563,35.264773,39.536991,34.542503,0.882922,0.385754,0.316393,0.838,cuda
span_ch48,ami,040,zoom,040_zoom,4,4,192,jpegmix,38.135532,0.925085,34.796882,0.980142,5,0.038364,37.130642,44.398794,38.316938,0.934809,0.293023,0.241777,0.845,cuda
span_ch48,ami,041,back,041_back,5,4,192,jpegmix,37.071061,0.897327,34.434361,0.973255,5,0.040726,36.000368,44.111662,37.245671,0.913703,0.326846,0.268907,0.841,cuda
span_ch48,ami,041,down,041_down,5,4,192,jpegmix,35.65121,0.879728,32.969844,0.958212,5,0.062408,35.21598,39.847336,35.75168,0.900738,0.429353,0.313427,0.858,cuda
span_ch48,ami,041,front,041_front,5,4,192,jpegmix,37.185254,0.902022,34.538318,0.975188,5,0.04134,35.975457,44.260732,37.971285,0.926874,0.333966,0.259938,0.828,cuda
span_ch48,ami,041,left,041_left,5,4,192,jpegmix,38.788554,0.921536,35.908727,0.977362,5,0.032523,37.861396,45.232717,39.572591,0.941668,0.31192,0.273954,0.842,cuda
span_ch48,ami,041,right,041_right,5,4,192,jpegmix,37.580014,0.90791,34.527102,0.976105,5,0.038882,36.375275,44.447048,37.543773,0.92084,0.299466,0.258099,0.842,cuda
span_ch48,ami,041,up,041_up,5,4,192,jpegmix,37.293999,0.902624,34.564719,0.975622,5,0.040048,36.048695,44.395302,37.780057,0.92341,0.317449,0.243366,0.841,cuda
span_ch48,ami,041,zoom,041_zoom,5,4,192,jpegmix,38.277152,0.922565,35.189307,0.980099,5,0.034803,37.106496,45.073316,38.994624,0.941404,0.316973,0.266855,0.841,cuda
span_ch48,ami,042,back,042_back,4,4,192,jpegmix,35.966408,0.886992,33.5799,0.971295,5,0.047529,34.715139,43.816911,36.724411,0.916225,0.268023,0.231317,0.86,cuda
span_ch48,ami,042,down,042_down,4,4,192,jpegmix,34.288056,0.848722,31.963256,0.947477,5,0.080197,33.373173,39.035838,34.888389,0.884612,0.406624,0.309314,0.851,cuda
span_ch48,ami,042,front,042_front,4,4,192,jpegmix,35.061943,0.866564,32.923617,0.968013,5,0.05705,33.629284,43.749267,36.583963,0.912829,0.282258,0.242988,0.855,cuda
span_ch48,ami,042,left,042_left,4,4,192,jpegmix,36.441506,0.889136,34.275767,0.971328,5,0.049002,34.929517,44.627093,37.706788,0.923617,0.290132,0.250356,0.846,cuda
span_ch48,ami,042,right,042_right,4,4,192,jpegmix,35.708431,0.877681,33.307834,0.968923,5,0.051603,34.301167,43.80052,36.332346,0.906253,0.255298,0.225329,0.847,cuda
span_ch48,ami,042,up,042_up,4,4,192,jpegmix,34.905648,0.86314,32.749703,0.967544,5,0.054859,33.416482,43.782942,36.30692,0.908041,0.290176,0.23879,0.862,cuda
span_ch48,ami,042,zoom,042_zoom,4,4,192,jpegmix,34.253847,0.85359,31.870268,0.952432,5,0.077939,33.524613,38.909966,35.463332,0.898229,0.393274,0.302752,0.849,cuda
span_ch48,ami,043,back,043_back,4,4,192,jpegmix,35.455388,0.885833,32.694979,0.961441,5,0.064412,35.238144,39.609876,35.557015,0.902649,0.349018,0.27336,0.853,cuda
span_ch48,ami,043,down,043_down,4,4,192,jpegmix,36.522899,0.891673,34.013987,0.973746,5,0.042625,35.319563,44.146549,37.418496,0.925151,0.338619,0.259331,0.831,cuda
span_ch48,ami,043,front,043_front,4,4,192,jpegmix,34.953227,0.866958,32.438281,0.955375,5,0.068306,34.50725,39.439862,34.9152,0.878808,0.395738,0.308561,0.854,cuda
span_ch48,ami,043,left,043_left,4,4,192,jpegmix,37.763601,0.912299,35.071061,0.977168,5,0.038477,36.809639,44.4599,37.926208,0.927737,0.309589,0.258516,0.833,cuda
span_ch48,ami,043,right,043_right,4,4,192,jpegmix,37.648273,0.917599,34.659584,0.978847,5,0.034345,36.488869,44.704431,37.783091,0.925855,0.269895,0.257885,0.864,cuda
span_ch48,ami,043,up,043_up,4,4,192,jpegmix,34.446623,0.851888,31.919137,0.950475,5,0.070492,33.947596,38.976861,34.090024,0.860813,0.383131,0.296985,0.839,cuda
span_ch48,ami,043,zoom,043_zoom,4,4,192,jpegmix,35.555959,0.880291,32.740574,0.960039,5,0.064233,35.216919,39.789712,35.972055,0.904749,0.382201,0.303111,0.86,cuda
span_ch48,ami,044,back,044_back,5,4,192,jpegmix,35.758982,0.888118,32.940236,0.958011,5,0.062867,35.361634,39.756664,34.786674,0.887262,0.376657,0.290568,0.878,cuda
span_ch48,ami,044,down,044_down,5,4,192,jpegmix,35.412936,0.884855,32.654993,0.959494,5,0.063685,34.635956,39.931909,34.598769,0.888683,0.407715,0.298356,0.85,cuda
span_ch48,ami,044,front,044_front,5,4,192,jpegmix,38.35802,0.923184,35.369164,0.979221,5,0.033711,37.116477,45.019527,37.798846,0.929413,0.275625,0.254411,0.858,cuda
span_ch48,ami,044,left,044_left,5,4,192,jpegmix,35.813937,0.892252,33.073425,0.962438,5,0.060841,35.05798,40.239466,35.005227,0.891728,0.380881,0.304067,0.854,cuda
span_ch48,ami,044,right,044_right,5,4,192,jpegmix,38.513135,0.922475,35.246562,0.979005,5,0.033428,37.14304,45.321843,37.901863,0.926687,0.280888,0.262452,0.858,cuda
span_ch48,ami,044,up,044_up,5,4,192,jpegmix,35.695654,0.888218,32.974918,0.958569,5,0.065248,35.028556,39.831849,34.434596,0.877186,0.37886,0.318427,0.83,cuda
span_ch48,ami,044,zoom,044_zoom,5,4,192,jpegmix,38.442542,0.928081,35.367645,0.981225,5,0.034539,37.138788,44.969174,38.162112,0.936878,0.276449,0.252974,0.842,cuda
span_ch48,ami,045,back,045_back,2,4,192,jpegmix,34.781798,0.874123,32.279404,0.955462,5,0.070418,34.144972,39.143124,35.256835,0.895547,0.361848,0.304107,0.853,cuda
span_ch48,ami,045,down,045_down,2,4,192,jpegmix,35.610929,0.88386,33.068867,0.959287,5,0.072874,34.877435,40.228754,36.379565,0.909842,0.384381,0.3135,0.855,cuda
span_ch48,ami,045,front,045_front,2,4,192,jpegmix,37.589485,0.916063,34.927444,0.978222,5,0.044584,36.271,44.919851,38.872321,0.93878,0.280351,0.249536,0.86,cuda
span_ch48,ami,045,left,045_left,2,4,192,jpegmix,36.970102,0.902678,34.173537,0.963919,5,0.063942,36.514898,41.07037,37.708699,0.922542,0.387406,0.318162,0.854,cuda
span_ch48,ami,045,right,045_right,2,4,192,jpegmix,35.773618,0.892752,32.885801,0.96051,5,0.064223,35.556095,39.853145,35.698562,0.90446,0.331625,0.284015,0.858,cuda
span_ch48,ami,045,up,045_up,2,4,192,jpegmix,35.598947,0.892982,32.9767,0.96091,5,0.066257,35.375243,39.694114,36.378331,0.914204,0.344221,0.293044,0.858,cuda
span_ch48,ami,045,zoom,045_zoom,2,4,192,jpegmix,37.298137,0.919715,34.109164,0.969764,5,0.05686,37.168221,41.02623,37.43329,0.930301,0.341591,0.286619,0.85,cuda
span_ch48,ami,046,back,046_back,5,4,192,jpegmix,37.768851,0.924475,34.563996,0.979153,5,0.037271,36.44197,44.395394,37.743144,0.927152,0.265504,0.249547,0.841,cuda
span_ch48,ami,046,down,046_down,5,4,192,jpegmix,36.446397,0.90572,33.341669,0.962792,5,0.060195,36.341946,40.19507,35.655992,0.903049,0.343993,0.308706,0.839,cuda
span_ch48,ami,046,front,046_front,5,4,192,jpegmix,36.267098,0.903164,33.09793,0.962993,5,0.057745,36.205503,40.081795,35.149902,0.892886,0.351528,0.309628,0.862,cuda
span_ch48,ami,046,left,046_left,5,4,192,jpegmix,37.414967,0.920321,34.215079,0.967598,5,0.053237,37.39263,40.751267,36.694024,0.915199,0.358963,0.327687,0.864,cuda
span_ch48,ami,046,right,046_right,5,4,192,jpegmix,38.587946,0.932006,35.089476,0.981386,5,0.033978,37.377865,45.100746,37.855745,0.929771,0.2451,0.254449,0.85,cuda
span_ch48,ami,046,up,046_up,5,4,192,jpegmix,35.3014,0.883344,32.116868,0.959724,5,0.064174,34.869483,39.673562,34.653633,0.880823,0.345136,0.305309,0.868,cuda
span_ch48,ami,046,zoom,046_zoom,5,4,192,jpegmix,39.009705,0.936286,35.426933,0.98236,5,0.03324,38.043089,44.825077,38.664867,0.93839,0.251406,0.251175,0.846,cuda
span_ch48,ami,047,back,047_back,3,4,192,jpegmix,38.046973,0.918953,35.082655,0.977767,5,0.038524,36.891445,44.936046,38.645994,0.934917,0.251819,0.241183,0.862,cuda
span_ch48,ami,047,down,047_down,3,4,192,jpegmix,37.335721,0.90339,34.720575,0.974066,5,0.040853,36.121705,44.476121,38.340145,0.93185,0.27672,0.265312,0.83,cuda
span_ch48,ami,047,front,047_front,3,4,192,jpegmix,37.746013,0.910908,35.068399,0.975701,5,0.039149,36.476601,44.733671,38.713122,0.936189,0.266787,0.250604,0.839,cuda
span_ch48,ami,047,left,047_left,3,4,192,jpegmix,35.060387,0.861352,32.525222,0.94853,5,0.080344,34.414912,39.437445,35.165948,0.885897,0.369107,0.326626,0.859,cuda
span_ch48,ami,047,right,047_right,3,4,192,jpegmix,36.233224,0.891451,33.435184,0.960575,5,0.059728,35.726987,40.413156,35.975741,0.900181,0.362542,0.291116,0.83,cuda
span_ch48,ami,047,up,047_up,3,4,192,jpegmix,35.465532,0.873436,32.744951,0.951458,5,0.072111,34.666618,39.877544,35.206675,0.886753,0.373096,0.305939,0.856,cuda
span_ch48,ami,047,zoom,047_zoom,3,4,192,jpegmix,38.962734,0.929973,35.733424,0.980918,5,0.034608,37.916986,45.318511,39.665439,0.946798,0.245741,0.249374,0.847,cuda
span_ch48,ami,048,back,048_back,1,4,192,jpegmix,35.384144,0.88512,32.430559,0.955191,5,0.071006,34.969059,39.579184,34.671205,0.884238,0.335251,0.295433,0.833,cuda
span_ch48,ami,048,down,048_down,1,4,192,jpegmix,38.50903,0.928522,35.688909,0.979332,5,0.035293,37.23681,44.903454,38.645331,0.937112,0.272735,0.258353,0.854,cuda
span_ch48,ami,048,front,048_front,1,4,192,jpegmix,38.656574,0.930113,35.766314,0.980074,5,0.03631,37.41347,45.32094,38.545467,0.934339,0.258349,0.279052,0.859,cuda
span_ch48,ami,048,left,048_left,1,4,192,jpegmix,36.813403,0.90832,34.104557,0.962548,5,0.059258,36.670297,40.42989,36.466098,0.907886,0.341956,0.307392,0.844,cuda
span_ch48,ami,048,right,048_right,1,4,192,jpegmix,38.53548,0.931829,35.588037,0.980781,5,0.035621,37.173776,45.122172,38.17919,0.934454,0.238811,0.255656,0.843,cuda
span_ch48,ami,048,up,048_up,1,4,192,jpegmix,35.586501,0.893512,32.891065,0.959933,5,0.068294,35.365505,39.675882,35.20653,0.889408,0.318704,0.322784,0.85,cuda
span_ch48,ami,048,zoom,048_zoom,1,4,192,jpegmix,39.7149,0.943882,36.425679,0.983794,5,0.030433,38.568734,45.631624,39.333332,0.946104,0.241067,0.272509,0.863,cuda
span_ch48,ami,051,back,051_back,4,4,192,jpegmix,35.022423,0.883809,32.596044,0.958978,5,0.063011,34.77134,39.196432,34.593975,0.886718,0.343797,0.307812,0.845,cuda
span_ch48,ami,051,down,051_down,4,4,192,jpegmix,35.142307,0.883747,32.828212,0.959128,5,0.06875,34.635927,39.454376,36.126442,0.910758,0.346243,0.303226,0.837,cuda
span_ch48,ami,051,front,051_front,4,4,192,jpegmix,35.175785,0.883706,32.796342,0.958528,5,0.068378,34.740663,39.376955,35.468672,0.897028,0.374714,0.295547,0.854,cuda
span_ch48,ami,051,left,051_left,4,4,192,jpegmix,38.537802,0.929603,35.924216,0.97959,5,0.036497,37.498306,44.922764,39.641726,0.945106,0.243637,0.243174,0.832,cuda
span_ch48,ami,051,right,051_right,4,4,192,jpegmix,37.865835,0.920004,35.046179,0.97741,5,0.039581,36.667528,44.69847,37.553107,0.925217,0.267521,0.256418,0.848,cuda
span_ch48,ami,051,up,051_up,4,4,192,jpegmix,34.620664,0.871191,32.328967,0.953687,5,0.07522,34.021089,38.89155,35.031766,0.889698,0.383326,0.30737,0.835,cuda
span_ch48,ami,051,zoom,051_zoom,4,4,192,jpegmix,39.00827,0.937972,36.12009,0.982915,5,0.033575,38.122846,44.958735,39.845648,0.950879,0.244561,0.260628,0.843,cuda
span_ch48,ami,052,back,052_back,1,4,192,jpegmix,35.047916,0.880561,32.381637,0.958277,5,0.068309,34.313213,39.318897,34.309043,0.879206,0.300653,0.291776,0.853,cuda
span_ch48,ami,052,down,052_down,1,4,192,jpegmix,35.04927,0.876982,32.485883,0.95991,5,0.065367,34.569008,39.440554,34.652194,0.881376,0.330096,0.289161,0.836,cuda
span_ch48,ami,052,front,052_front,1,4,192,jpegmix,37.381428,0.911295,34.613806,0.977074,5,0.038816,35.818237,44.433209,36.711671,0.912749,0.25423,0.252581,0.856,cuda
span_ch48,ami,052,left,052_left,1,4,192,jpegmix,36.181879,0.900175,33.509325,0.96641,5,0.060702,35.750527,40.421389,35.537797,0.897904,0.306109,0.301533,0.839,cuda
span_ch48,ami,052,right,052_right,1,4,192,jpegmix,37.941964,0.922791,34.980318,0.979394,5,0.039704,36.461736,44.599157,37.251244,0.918215,0.231722,0.255113,0.828,cuda
span_ch48,ami,052,up,052_up,1,4,192,jpegmix,37.912964,0.918849,34.925174,0.978062,5,0.039826,36.501382,44.466171,37.658872,0.922252,0.235155,0.253596,0.841,cuda
span_ch48,ami,052,zoom,052_zoom,1,4,192,jpegmix,35.704692,0.896936,32.869114,0.963528,5,0.063569,35.132343,39.644429,35.049585,0.887037,0.289888,0.313801,0.855,cuda
span_ch48,ami,053,back,053_back,3,4,192,jpegmix,35.397475,0.880627,32.184744,0.957151,5,0.068635,34.835179,39.661565,34.789238,0.883264,0.358429,0.289241,0.834,cuda
span_ch48,ami,053,down,053_down,3,4,192,jpegmix,36.894038,0.902069,34.018912,0.975421,5,0.042501,35.598389,44.051574,37.772929,0.928951,0.312703,0.263035,0.856,cuda
span_ch48,ami,053,front,053_front,3,4,192,jpegmix,37.388722,0.908764,34.291872,0.976216,5,0.041071,36.184585,44.381772,37.44686,0.921688,0.274379,0.251135,0.831,cuda
span_ch48,ami,053,left,053_left,3,4,192,jpegmix,35.588897,0.883541,32.69755,0.957763,5,0.065912,35.347858,39.667145,35.653575,0.893465,0.34551,0.299469,0.848,cuda
span_ch48,ami,053,right,053_right,3,4,192,jpegmix,37.690833,0.914739,34.457262,0.977522,5,0.038059,36.507447,44.66196,37.244446,0.915577,0.260642,0.248261,0.841,cuda
span_ch48,ami,053,up,053_up,3,4,192,jpegmix,34.485178,0.857154,31.626818,0.947154,5,0.076879,33.909864,38.799565,33.89554,0.853771,0.363335,0.28135,0.836,cuda
span_ch48,ami,053,zoom,053_zoom,3,4,192,jpegmix,38.090269,0.923381,34.764168,0.97981,5,0.039397,36.845564,44.63387,38.571809,0.935111,0.269232,0.246964,0.852,cuda
span_ch48,ami,054,back,054_back,3,4,192,jpegmix,37.224439,0.917792,33.924668,0.977479,5,0.040113,35.162376,44.773686,37.381272,0.919418,0.274571,0.267993,0.852,cuda
span_ch48,ami,054,down,054_down,3,4,192,jpegmix,38.125472,0.927775,34.997677,0.980671,5,0.035792,36.675273,44.992969,38.381086,0.939745,0.274236,0.266561,0.854,cuda
span_ch48,ami,054,front,054_front,3,4,192,jpegmix,37.552665,0.920044,34.510507,0.978457,5,0.041538,36.082212,44.576835,37.424833,0.923052,0.273679,0.258301,0.844,cuda
span_ch48,ami,054,left,054_left,3,4,192,jpegmix,36.052347,0.892932,33.349938,0.959146,5,0.063995,35.978108,39.779495,35.614758,0.895245,0.37441,0.292987,0.84,cuda
span_ch48,ami,054,right,054_right,3,4,192,jpegmix,38.069626,0.92156,34.791716,0.979182,5,0.037622,36.803783,44.664241,37.684318,0.923082,0.283232,0.26975,0.838,cuda
span_ch48,ami,054,up,054_up,3,4,192,jpegmix,36.079061,0.917934,32.817054,0.97891,5,0.038116,33.803453,44.553449,36.031451,0.919239,0.273188,0.263822,0.862,cuda
span_ch48,ami,054,zoom,054_zoom,3,4,192,jpegmix,38.42013,0.932115,35.100272,0.981457,5,0.033777,36.890886,44.912014,38.201393,0.935005,0.254044,0.259137,0.843,cuda
span_ch48,ami,055,back,055_back,2,4,192,jpegmix,36.339157,0.90188,33.270389,0.961706,5,0.065022,35.948376,40.306351,34.923377,0.883645,0.311952,0.30327,0.836,cuda
span_ch48,ami,055,down,055_down,2,4,192,jpegmix,35.95013,0.893398,33.064952,0.959731,5,0.059684,35.377216,40.008885,35.292101,0.894802,0.347376,0.292882,0.84,cuda
span_ch48,ami,055,front,055_front,2,4,192,jpegmix,36.429193,0.905616,33.179855,0.963072,5,0.059792,36.108012,40.214496,35.437652,0.896973,0.3134,0.290274,0.845,cuda
span_ch48,ami,055,left,055_left,2,4,192,jpegmix,38.538116,0.924408,35.345484,0.978631,5,0.036954,37.189084,45.172767,38.552639,0.933805,0.259264,0.264077,0.859,cuda
span_ch48,ami,055,right,055_right,2,4,192,jpegmix,36.206518,0.906264,32.941572,0.963271,5,0.06354,35.690473,40.285836,34.656116,0.881866,0.342822,0.305343,0.848,cuda
span_ch48,ami,055,up,055_up,2,4,192,jpegmix,36.042865,0.89713,32.955515,0.961199,5,0.063112,35.616111,40.153285,35.320305,0.892021,0.324704,0.286219,0.837,cuda
span_ch48,ami,055,zoom,055_zoom,2,4,192,jpegmix,37.095182,0.917162,33.441808,0.967909,5,0.053587,37.053536,40.685878,36.244795,0.913932,0.284726,0.271936,0.847,cuda
span_ch48,ami,056,back,056_back,4,4,192,jpegmix,34.313214,0.880466,31.735431,0.952074,5,0.072954,33.166595,38.924755,33.106446,0.859832,0.359307,0.294666,0.833,cuda
span_ch48,ami,056,down,056_down,4,4,192,jpegmix,35.562221,0.895164,32.880952,0.961263,5,0.064543,35.180439,39.532327,34.615518,0.891669,0.323882,0.304768,0.848,cuda
span_ch48,ami,056,front,056_front,4,4,192,jpegmix,35.013163,0.887808,32.383857,0.956886,5,0.073934,34.465905,39.037063,33.814523,0.874627,0.331747,0.286042,0.86,cuda
span_ch48,ami,056,left,056_left,4,4,192,jpegmix,39.105728,0.9411,35.819977,0.983402,5,0.032546,37.676195,45.585769,38.675664,0.9448,0.211382,0.230827,0.837,cuda
span_ch48,ami,056,right,056_right,4,4,192,jpegmix,38.678705,0.938572,35.324973,0.982677,5,0.030606,37.306504,45.026502,37.672987,0.932026,0.237966,0.248308,0.858,cuda
span_ch48,ami,056,up,056_up,4,4,192,jpegmix,34.132809,0.877121,31.67536,0.953057,5,0.08178,33.123854,38.423311,33.723946,0.868857,0.336971,0.286484,0.847,cuda
span_ch48,ami,056,zoom,056_zoom,4,4,192,jpegmix,36.204875,0.910843,33.168024,0.966463,5,0.06431,35.925328,39.966594,35.648863,0.912903,0.258442,0.250185,0.86,cuda
span_ch48,ami,057,back,057_back,5,4,192,jpegmix,37.512426,0.925636,34.58854,0.980045,5,0.044354,36.202535,44.417971,38.213673,0.94167,0.245393,0.245504,0.849,cuda
span_ch48,ami,057,down,057_down,5,4,192,jpegmix,35.721566,0.896154,32.967333,0.962642,5,0.065599,35.347901,39.645414,35.397752,0.905962,0.352353,0.300753,0.836,cuda
span_ch48,ami,057,front,057_front,5,4,192,jpegmix,37.362923,0.918543,34.607511,0.979417,5,0.047313,35.865297,44.623042,37.76001,0.937932,0.27795,0.244951,0.858,cuda
span_ch48,ami,057,left,057_left,5,4,192,jpegmix,36.05951,0.899486,33.23092,0.963954,5,0.064776,35.675841,39.819356,35.901648,0.913152,0.344988,0.290161,0.858,cuda
span_ch48,ami,057,right,057_right,5,4,192,jpegmix,35.92562,0.899627,33.068315,0.964829,5,0.063367,35.572233,40.018152,35.361864,0.903159,0.335418,0.287247,0.852,cuda
span_ch48,ami,057,up,057_up,5,4,192,jpegmix,33.711822,0.878337,31.343129,0.95756,5,0.074866,32.832448,38.356989,34.307334,0.88936,0.34682,0.289241,0.841,cuda
span_ch48,ami,057,zoom,057_zoom,5,4,192,jpegmix,36.296631,0.91463,33.248474,0.968796,5,0.061345,35.939007,39.902759,36.348866,0.919014,0.306884,0.269438,0.859,cuda
span_ch48,ami,058,back,058_back,5,4,192,jpegmix,38.967337,0.936629,35.51015,0.982615,5,0.031975,37.926005,45.283518,38.390135,0.937385,0.232919,0.234259,0.863,cuda
span_ch48,ami,058,down,058_down,5,4,192,jpegmix,35.78874,0.897115,32.965472,0.96301,5,0.061496,35.511147,39.817884,35.309549,0.896188,0.346969,0.307607,0.853,cuda
span_ch48,ami,058,front,058_front,5,4,192,jpegmix,36.003985,0.901965,32.971107,0.963096,5,0.060901,35.83316,39.967191,35.270728,0.900887,0.324462,0.303452,0.845,cuda
span_ch48,ami,058,left,058_left,5,4,192,jpegmix,39.315112,0.940453,35.951747,0.983252,5,0.031026,38.250797,45.391343,39.495585,0.946893,0.262946,0.246568,0.858,cuda
span_ch48,ami,058,right,058_right,5,4,192,jpegmix,35.939725,0.898873,32.835717,0.961159,5,0.061525,35.553167,39.98808,35.082414,0.889704,0.335799,0.292854,0.851,cuda
span_ch48,ami,058,up,058_up,5,4,192,jpegmix,38.011422,0.924161,34.930469,0.979313,5,0.037229,36.661537,44.615723,37.688724,0.926957,0.279456,0.274091,0.844,cuda
span_ch48,ami,058,zoom,058_zoom,5,4,192,jpegmix,39.387242,0.944944,35.556719,0.985034,5,0.033488,38.348328,45.199448,39.627841,0.948399,0.23594,0.233947,0.836,cuda
span_ch48,ami,059,back,059_back,3,4,192,jpegmix,39.098908,0.932884,35.952297,0.980291,5,0.032178,38.066996,45.139832,38.981608,0.940729,0.255312,0.240958,0.831,cuda
span_ch48,ami,059,down,059_down,3,4,192,jpegmix,36.661887,0.911346,33.919947,0.964635,5,0.05752,36.480131,40.411861,35.740236,0.907356,0.30119,0.294014,0.858,cuda
span_ch48,ami,059,front,059_front,3,4,192,jpegmix,38.912022,0.933364,35.816892,0.980784,5,0.034335,37.690608,45.071474,38.607687,0.938807,0.222548,0.248254,0.845,cuda
span_ch48,ami,059,left,059_left,3,4,192,jpegmix,39.735681,0.943034,36.557587,0.983024,5,0.030326,38.734862,45.470592,39.351691,0.946793,0.217503,0.248605,0.837,cuda
span_ch48,ami,059,right,059_right,3,4,192,jpegmix,38.974091,0.94029,35.742223,0.982084,5,0.034005,37.791864,44.578335,38.312523,0.937144,0.19666,0.263323,0.847,cuda
span_ch48,ami,059,up,059_up,3,4,192,jpegmix,38.875789,0.932688,35.789499,0.980904,5,0.033415,37.722418,45.002955,38.946394,0.939548,0.21902,0.229833,0.848,cuda
span_ch48,ami,059,zoom,059_zoom,3,4,192,jpegmix,37.157846,0.919939,33.974289,0.968245,5,0.055044,36.933442,40.695471,36.581581,0.919139,0.297887,0.260695,0.852,cuda
span_ch48,ami,061,back,061_back,2,4,192,jpegmix,39.044748,0.928917,35.695273,0.980448,5,0.032307,37.733115,45.646042,38.864366,0.936038,0.263823,0.242592,0.86,cuda
span_ch48,ami,061,down,061_down,2,4,192,jpegmix,38.252142,0.915925,35.173268,0.977021,5,0.037674,37.068841,44.867827,38.652482,0.937495,0.282198,0.246074,0.856,cuda
span_ch48,ami,061,front,061_front,2,4,192,jpegmix,38.673315,0.924957,35.41637,0.979438,5,0.034566,37.435109,45.217136,38.668348,0.935708,0.259814,0.248692,0.835,cuda
span_ch48,ami,061,left,061_left,2,4,192,jpegmix,36.573761,0.89632,33.575208,0.961899,5,0.061852,36.185448,40.723304,36.539253,0.907182,0.359118,0.288238,0.859,cuda
span_ch48,ami,061,right,061_right,2,4,192,jpegmix,39.448679,0.9372,35.760937,0.981394,5,0.032439,38.338692,45.647762,38.493089,0.930472,0.261106,0.254922,0.85,cuda
span_ch48,ami,061,up,061_up,2,4,192,jpegmix,36.551076,0.898724,33.305705,0.961435,5,0.062469,36.098421,40.604942,35.855613,0.899342,0.367051,0.30162,0.832,cuda
span_ch48,ami,061,zoom,061_zoom,2,4,192,jpegmix,39.399817,0.937432,35.637059,0.982982,5,0.031787,38.260212,45.565598,39.346355,0.945395,0.242203,0.233046,0.857,cuda
span_ch48,ami,062,back,062_back,3,4,192,jpegmix,35.126363,0.888073,32.763313,0.962021,5,0.066771,33.945572,39.890381,36.475836,0.912386,0.383774,0.289289,0.833,cuda
span_ch48,ami,062,down,062_down,3,4,192,jpegmix,37.268206,0.904042,34.762575,0.975675,5,0.039433,36.152437,44.576264,38.536979,0.93264,0.330658,0.269909,0.841,cuda
span_ch48,ami,062,front,062_front,3,4,192,jpegmix,36.997854,0.906861,34.467247,0.975995,5,0.040756,35.623465,44.51744,38.485394,0.932641,0.333921,0.277823,0.834,cuda
span_ch48,ami,062,left,062_left,3,4,192,jpegmix,36.156938,0.889268,33.549274,0.960235,5,0.059104,36.14949,40.180143,36.738858,0.909862,0.421638,0.298983,0.86,cuda
span_ch48,ami,062,right,062_right,3,4,192,jpegmix,37.418769,0.907202,34.618247,0.976172,5,0.04107,36.21513,44.540481,37.756428,0.925973,0.33215,0.288753,0.863,cuda
span_ch48,ami,062,up,062_up,3,4,192,jpegmix,35.573733,0.899972,33.285883,0.974961,5,0.044777,33.568489,44.101576,37.996956,0.924026,0.320121,0.266225,0.847,cuda
span_ch48,ami,062,zoom,062_zoom,3,4,192,jpegmix,36.185201,0.898025,33.473903,0.9647,5,0.058574,36.052157,40.267399,37.434391,0.921277,0.390785,0.30052,0.86,cuda
span_ch48,ami,063,back,063_back,4,4,192,jpegmix,38.901992,0.929606,35.610656,0.980128,5,0.036553,37.861365,45.218597,38.690932,0.936205,0.242792,0.253493,0.853,cuda
span_ch48,ami,063,down,063_down,4,4,192,jpegmix,35.762632,0.888239,33.095701,0.959179,5,0.064142,35.354248,39.875811,35.77104,0.903533,0.369507,0.309806,0.854,cuda
span_ch48,ami,063,front,063_front,4,4,192,jpegmix,36.095784,0.890696,33.42701,0.959586,5,0.060375,35.790836,40.179324,36.07025,0.90577,0.36435,0.314507,0.833,cuda
span_ch48,ami,063,left,063_left,4,4,192,jpegmix,36.719698,0.902904,33.659324,0.964184,5,0.0576,36.341119,40.681414,36.734735,0.912477,0.356636,0.31317,0.856,cuda
span_ch48,ami,063,right,063_right,4,4,192,jpegmix,35.93006,0.889519,33.259232,0.958217,5,0.059313,35.734391,39.865554,35.639915,0.900181,0.349752,0.305928,0.839,cuda
span_ch48,ami,063,up,063_up,4,4,192,jpegmix,35.651997,0.879412,32.929053,0.955842,5,0.067822,35.201261,39.88511,35.356772,0.888456,0.377343,0.318961,0.852,cuda
span_ch48,ami,063,zoom,063_zoom,4,4,192,jpegmix,37.220962,0.917152,33.915815,0.968765,5,0.053543,37.1665,40.825276,36.947804,0.924181,0.337386,0.290209,0.866,cuda
span_ch48,ami,064,back,064_back,5,4,192,jpegmix,35.154801,0.876153,32.498698,0.954482,5,0.066745,34.625055,39.572606,34.055491,0.867056,0.369524,0.291076,0.859,cuda
span_ch48,ami,064,down,064_down,5,4,192,jpegmix,37.23444,0.904245,34.67082,0.974058,5,0.041336,35.784431,44.446138,37.346718,0.922833,0.290813,0.251021,0.854,cuda
span_ch48,ami,064,front,064_front,5,4,192,jpegmix,38.048661,0.91572,35.256627,0.976799,5,0.038142,36.780772,44.679638,37.778313,0.922516,0.281241,0.245508,0.865,cuda
span_ch48,ami,064,left,064_left,5,4,192,jpegmix,38.133421,0.917483,35.473319,0.976268,5,0.039728,37.063402,44.730526,38.308943,0.934211,0.263373,0.245035,0.846,cuda
span_ch48,ami,064,right,064_right,5,4,192,jpegmix,35.72792,0.883531,33.033294,0.95601,5,0.065898,35.204837,39.858957,35.093693,0.883813,0.37357,0.287186,0.838,cuda
span_ch48,ami,064,up,064_up,5,4,192,jpegmix,37.852669,0.916276,35.081026,0.976857,5,0.037761,36.646121,44.73437,37.290436,0.917487,0.272069,0.244204,0.847,cuda
span_ch48,ami,064,zoom,064_zoom,5,4,192,jpegmix,38.70972,0.929511,35.513373,0.979948,5,0.038723,37.549715,44.872966,38.639418,0.937065,0.260138,0.233444,0.83,cuda
span_ch48,ami,065,back,065_back,3,4,192,jpegmix,34.742852,0.866543,32.134082,0.949851,5,0.073097,34.380962,38.894546,34.360764,0.877187,0.37582,0.302792,0.865,cuda
span_ch48,ami,065,down,065_down,3,4,192,jpegmix,36.047165,0.895907,33.38003,0.964538,5,0.062282,35.401009,40.265708,35.980696,0.906499,0.368778,0.293068,0.865,cuda
span_ch48,ami,065,front,065_front,3,4,192,jpegmix,37.802097,0.917397,35.071223,0.978331,5,0.040771,36.563814,44.627254,38.979524,0.938937,0.269332,0.24222,0.834,cuda
span_ch48,ami,065,left,065_left,3,4,192,jpegmix,37.137025,0.909152,34.318754,0.965553,5,0.058738,36.642805,40.992847,37.149631,0.918127,0.364023,0.286346,0.835,cuda
span_ch48,ami,065,right,065_right,3,4,192,jpegmix,35.855789,0.893962,32.981781,0.961588,5,0.066463,35.397883,40.075881,35.549625,0.897662,0.319125,0.290017,0.857,cuda
span_ch48,ami,065,up,065_up,3,4,192,jpegmix,35.303958,0.879132,32.649528,0.956902,5,0.070145,34.837385,39.259845,35.877631,0.898904,0.38369,0.292434,0.851,cuda
span_ch48,ami,065,zoom,065_zoom,3,4,192,jpegmix,37.181368,0.91956,33.95828,0.967353,5,0.055208,37.319561,40.322025,37.040395,0.925967,0.321736,0.29919,0.846,cuda
span_ch48,ami,066,back,066_back,4,4,192,jpegmix,36.564824,0.902658,33.423517,0.963214,5,0.059198,36.408726,40.278733,35.786394,0.902718,0.326283,0.285316,0.855,cuda
span_ch48,ami,066,down,066_down,4,4,192,jpegmix,38.856275,0.932288,35.772778,0.981125,5,0.03562,37.823133,44.899495,38.894697,0.940456,0.264923,0.249237,0.838,cuda
span_ch48,ami,066,front,066_front,4,4,192,jpegmix,36.265817,0.899064,33.502835,0.960799,5,0.064274,36.089414,40.076639,35.545869,0.897059,0.352501,0.299929,0.839,cuda
span_ch48,ami,066,left,066_left,4,4,192,jpegmix,36.995014,0.911672,34.282626,0.965388,5,0.058955,37.057395,40.540867,36.347336,0.909614,0.349776,0.30855,0.86,cuda
span_ch48,ami,066,right,066_right,4,4,192,jpegmix,39.126751,0.936071,35.72923,0.982441,5,0.03365,38.028618,45.255576,38.455087,0.93629,0.270982,0.272712,0.832,cuda
span_ch48,ami,066,up,066_up,4,4,192,jpegmix,35.678054,0.886025,32.948626,0.955641,5,0.067273,35.533766,39.431468,35.138599,0.886776,0.351313,0.283103,0.834,cuda
span_ch48,ami,066,zoom,066_zoom,4,4,192,jpegmix,39.505499,0.940643,36.138925,0.983297,5,0.031255,38.50504,45.249119,39.513788,0.945452,0.245438,0.231578,0.837,cuda
span_ch48,ami,067,back,067_back,2,4,192,jpegmix,37.839406,0.907765,34.785695,0.974629,5,0.037705,36.885509,44.428692,37.654163,0.915333,0.343652,0.270689,0.863,cuda
span_ch48,ami,067,down,067_down,2,4,192,jpegmix,37.134031,0.894178,34.262854,0.971265,5,0.042574,36.270391,43.656349,37.719323,0.916062,0.351487,0.272873,0.84,cuda
span_ch48,ami,067,front,067_front,2,4,192,jpegmix,35.221652,0.863754,32.504117,0.95066,5,0.072704,34.810698,39.58852,34.86365,0.875047,0.406214,0.305915,0.857,cuda
span_ch48,ami,067,left,067_left,2,4,192,jpegmix,37.181344,0.8937,34.597174,0.972082,5,0.044462,36.0831,44.25257,38.105396,0.921632,0.369483,0.285539,0.845,cuda
span_ch48,ami,067,right,067_right,2,4,192,jpegmix,35.372776,0.876793,32.470825,0.956202,5,0.063854,34.984223,39.588006,34.69649,0.878328,0.389104,0.299537,0.86,cuda
span_ch48,ami,067,up,067_up,2,4,192,jpegmix,35.367718,0.86702,32.552558,0.951195,5,0.066796,35.070285,39.66635,34.91978,0.875508,0.401965,0.314422,0.847,cuda
span_ch48,ami,067,zoom,067_zoom,2,4,192,jpegmix,38.227875,0.917497,35.022325,0.977803,5,0.035082,37.29409,44.677119,38.833398,0.935248,0.298899,0.274032,0.871,cuda
span_ch48,ami,068,back,068_back,2,4,192,jpegmix,36.611382,0.896548,33.982598,0.97179,5,0.044903,35.332778,43.828375,36.508099,0.909377,0.260711,0.240407,0.834,cuda
span_ch48,ami,068,down,068_down,2,4,192,jpegmix,36.92686,0.907833,34.264416,0.976783,5,0.045265,35.711225,43.932035,38.248363,0.934843,0.296361,0.26287,0.868,cuda
span_ch48,ami,068,front,068_front,2,4,192,jpegmix,37.376762,0.914428,34.574372,0.97835,5,0.043173,36.257844,44.222766,38.348898,0.937956,0.261506,0.25007,0.854,cuda
span_ch48,ami,068,left,068_left,2,4,192,jpegmix,35.408284,0.883918,32.741431,0.958796,5,0.071361,34.920737,39.512495,35.728536,0.900468,0.381761,0.310094,0.855,cuda
span_ch48,ami,068,right,068_right,2,4,192,jpegmix,37.590234,0.916986,34.639171,0.978406,5,0.041109,36.346177,44.33407,37.419775,0.927302,0.280425,0.246042,0.84,cuda
span_ch48,ami,068,up,068_up,2,4,192,jpegmix,34.780878,0.869312,32.183054,0.956471,5,0.071631,34.158315,39.070304,34.850681,0.888147,0.371789,0.303529,0.856,cuda
span_ch48,ami,068,zoom,068_zoom,2,4,192,jpegmix,36.337092,0.906869,33.300355,0.966809,5,0.05916,36.112384,40.051766,36.363808,0.916254,0.343355,0.289836,0.846,cuda
span_ch48,ami,069,back,069_back,4,4,192,jpegmix,35.232227,0.879301,32.411311,0.955127,5,0.06854,34.78703,39.312555,34.29271,0.875167,0.319399,0.283131,0.866,cuda
span_ch48,ami,069,down,069_down,4,4,192,jpegmix,34.124776,0.86355,31.87263,0.953926,5,0.074156,33.419591,38.508063,33.392307,0.862766,0.397677,0.301858,0.843,cuda
span_ch48,ami,069,front,069_front,4,4,192,jpegmix,34.649902,0.869612,32.326985,0.95541,5,0.067291,33.939036,39.02793,33.495511,0.85613,0.377226,0.302296,0.859,cuda
span_ch48,ami,069,left,069_left,4,4,192,jpegmix,34.76152,0.880382,32.484864,0.957887,5,0.069952,34.056852,39.285005,33.819063,0.869109,0.353276,0.306832,0.862,cuda
span_ch48,ami,069,right,069_right,4,4,192,jpegmix,35.26529,0.888918,32.817492,0.961423,5,0.06669,34.610996,39.612653,33.635504,0.859834,0.332687,0.30038,0.835,cuda
span_ch48,ami,069,up,069_up,4,4,192,jpegmix,37.269614,0.911326,34.673641,0.977823,5,0.040774,35.841649,44.202934,36.64759,0.912929,0.263902,0.25422,0.86,cuda
span_ch48,ami,069,zoom,069_zoom,4,4,192,jpegmix,37.819518,0.920703,34.982852,0.979591,5,0.037828,36.655666,44.255791,37.269685,0.921862,0.246704,0.238836,0.86,cuda
span_ch48,ami,070,back,070_back,3,4,192,jpegmix,38.64782,0.93208,34.966601,0.981404,5,0.034853,37.604366,44.781827,38.329747,0.935067,0.246901,0.231523,0.844,cuda
span_ch48,ami,070,down,070_down,3,4,192,jpegmix,34.618066,0.870894,31.888099,0.956564,5,0.073861,34.284231,39.046972,34.61389,0.885095,0.340434,0.295888,0.836,cuda
span_ch48,ami,070,front,070_front,3,4,192,jpegmix,35.024918,0.881623,31.964686,0.957338,5,0.07225,34.560402,39.18698,34.408224,0.88213,0.334555,0.290596,0.859,cuda
span_ch48,ami,070,left,070_left,3,4,192,jpegmix,35.738075,0.890051,32.844871,0.960511,5,0.070626,35.23115,40.056597,35.842924,0.904353,0.330129,0.29455,0.855,cuda
span_ch48,ami,070,right,070_right,3,4,192,jpegmix,35.522112,0.895034,32.449677,0.959457,5,0.069788,34.904563,39.692096,34.332291,0.878679,0.348079,0.281927,0.847,cuda
span_ch48,ami,070,up,070_up,3,4,192,jpegmix,37.827063,0.923617,34.613483,0.978537,5,0.037468,36.763204,44.06419,37.420182,0.922986,0.22981,0.235511,0.841,cuda
span_ch48,ami,070,zoom,070_zoom,3,4,192,jpegmix,36.375908,0.908436,33.028781,0.964878,5,0.060696,36.304656,39.97921,36.039427,0.911042,0.298905,0.272848,0.859,cuda
span_ch48,ami,071,back,071_back,2,4,192,jpegmix,34.797076,0.875404,32.285543,0.955036,5,0.077118,34.289749,38.894688,35.0738,0.891142,0.368185,0.293922,0.856,cuda
span_ch48,ami,071,down,071_down,2,4,192,jpegmix,36.414049,0.904023,33.70322,0.975589,5,0.045292,34.914742,43.730196,36.859167,0.924246,0.290739,0.245317,0.824,cuda
span_ch48,ami,071,front,071_front,2,4,192,jpegmix,34.160586,0.866319,31.531087,0.954337,5,0.072502,33.422246,38.665021,33.70078,0.871168,0.385509,0.305539,0.836,cuda
span_ch48,ami,071,left,071_left,2,4,192,jpegmix,34.420812,0.872258,31.888803,0.955262,5,0.073305,33.789354,38.670969,34.583928,0.890167,0.431993,0.303564,0.836,cuda
span_ch48,ami,071,right,071_right,2,4,192,jpegmix,35.124345,0.878771,32.167951,0.954594,5,0.069643,34.554759,39.449336,34.187765,0.870502,0.362609,0.305396,0.857,cuda
span_ch48,ami,071,up,071_up,2,4,192,jpegmix,33.62968,0.853128,31.117665,0.951046,5,0.081913,32.641647,38.544844,33.187372,0.859959,0.361752,0.306262,0.836,cuda
span_ch48,ami,071,zoom,071_zoom,2,4,192,jpegmix,37.59739,0.925253,34.54406,0.980971,5,0.038584,36.073914,44.206107,37.667584,0.930071,0.242922,0.245245,0.849,cuda
span_ch48,ami,072,back,072_back,1,4,192,jpegmix,36.81037,0.907409,33.672295,0.963425,5,0.059126,36.748804,40.498751,35.912406,0.901373,0.340424,0.314033,0.859,cuda
span_ch48,ami,072,down,072_down,1,4,192,jpegmix,37.166805,0.912294,34.360757,0.96602,5,0.050298,37.029258,40.952796,36.748185,0.916093,0.300622,0.279821,0.857,cuda
span_ch48,ami,072,front,072_front,1,4,192,jpegmix,37.385256,0.916004,34.399801,0.96571,5,0.051267,37.436997,40.873803,36.44785,0.907673,0.30498,0.266385,0.861,cuda
span_ch48,ami,072,left,072_left,1,4,192,jpegmix,36.85016,0.903711,34.048041,0.960767,5,0.05671,36.669155,40.645263,36.271878,0.902502,0.365207,0.318973,0.838,cuda
span_ch48,ami,072,right,072_right,1,4,192,jpegmix,37.628359,0.926165,34.560061,0.96975,5,0.049655,37.844929,40.994341,36.411098,0.909831,0.26936,0.273977,0.83,cuda
span_ch48,ami,072,up,072_up,1,4,192,jpegmix,37.54794,0.918665,34.283622,0.967987,5,0.050529,37.458632,41.219429,36.565128,0.909073,0.311762,0.282092,0.859,cuda
span_ch48,ami,072,zoom,072_zoom,1,4,192,jpegmix,40.589845,0.94984,36.943804,0.984682,5,0.027629,39.769709,46.032666,40.144546,0.950111,0.22017,0.262806,0.83,cuda
span_ch48,ami,073,back,073_back,1,4,192,jpegmix,38.927176,0.932901,35.565395,0.98131,5,0.034406,37.941014,45.067665,39.05331,0.93956,0.264098,0.269042,0.845,cuda
span_ch48,ami,073,down,073_down,1,4,192,jpegmix,37.795928,0.924227,35.084195,0.98098,5,0.03771,36.677011,44.793551,39.457348,0.945298,0.261477,0.249569,0.858,cuda
span_ch48,ami,073,front,073_front,1,4,192,jpegmix,36.089279,0.898477,33.177343,0.96434,5,0.060724,35.900053,40.197246,36.062072,0.906194,0.376205,0.291643,0.831,cuda
span_ch48,ami,073,left,073_left,1,4,192,jpegmix,38.669082,0.930738,35.781637,0.981713,5,0.033449,37.724284,45.333625,39.762047,0.948239,0.249503,0.234843,0.839,cuda
span_ch48,ami,073,right,073_right,1,4,192,jpegmix,38.473745,0.929397,35.323182,0.980355,5,0.0388,37.333096,44.905695,38.260631,0.929443,0.25013,0.230515,0.857,cuda
span_ch48,ami,073,up,073_up,1,4,192,jpegmix,37.699047,0.917544,34.816997,0.978132,5,0.037818,36.594081,44.654068,38.452156,0.933231,0.258781,0.239819,0.862,cuda
span_ch48,ami,073,zoom,073_zoom,1,4,192,jpegmix,37.487194,0.92217,34.258905,0.970575,5,0.049936,37.603484,41.011108,37.004907,0.923324,0.316838,0.28768,0.835,cuda
span_ch48,ami,074,back,074_back,1,4,192,jpegmix,37.747823,0.911522,35.071728,0.975006,5,0.041758,36.857877,44.150353,38.148721,0.929523,0.265063,0.252034,0.841,cuda
span_ch48,ami,074,down,074_down,1,4,192,jpegmix,35.190259,0.867005,32.758142,0.95267,5,0.071529,34.539925,39.691101,35.734297,0.895854,0.36308,0.313023,0.82,cuda
span_ch48,ami,074,front,074_front,1,4,192,jpegmix,35.1122,0.864385,32.574595,0.95035,5,0.074481,34.566644,39.449356,35.466495,0.889838,0.371767,0.291171,0.876,cuda
span_ch48,ami,074,left,074_left,1,4,192,jpegmix,37.346967,0.903159,34.690943,0.973238,5,0.045699,36.304192,44.33753,38.707382,0.932535,0.259562,0.267672,0.846,cuda
span_ch48,ami,074,right,074_right,1,4,192,jpegmix,35.246897,0.88146,32.409561,0.956905,5,0.071564,34.674849,39.671688,35.327856,0.89336,0.359932,0.294004,0.844,cuda
span_ch48,ami,074,up,074_up,1,4,192,jpegmix,34.994592,0.861214,32.527353,0.950514,5,0.073991,34.529309,39.344618,35.439561,0.885965,0.397498,0.302123,0.843,cuda
span_ch48,ami,074,zoom,074_zoom,1,4,192,jpegmix,36.170769,0.893914,33.452895,0.960674,5,0.063149,36.007209,40.098455,36.285706,0.912573,0.369765,0.290258,0.851,cuda
span_ch48,ami,075,back,075_back,3,4,192,jpegmix,37.117462,0.900254,34.019956,0.973194,5,0.041266,35.802459,44.30099,37.134769,0.916797,0.290925,0.251005,0.866,cuda
span_ch48,ami,075,down,075_down,3,4,192,jpegmix,34.836668,0.865751,31.865919,0.953315,5,0.074162,34.190454,39.288321,35.547476,0.899226,0.425059,0.320596,0.845,cuda
span_ch48,ami,075,front,075_front,3,4,192,jpegmix,34.343505,0.851805,31.444308,0.948874,5,0.075617,33.741606,38.74866,34.962066,0.883684,0.395744,0.315951,0.834,cuda
span_ch48,ami,075,left,075_left,3,4,192,jpegmix,35.202258,0.881932,32.463037,0.955946,5,0.067477,34.386866,39.605642,36.237929,0.908571,0.363371,0.304549,0.859,cuda
span_ch48,ami,075,right,075_right,3,4,192,jpegmix,35.661434,0.888088,32.250477,0.959707,5,0.063705,35.100159,39.912768,35.224614,0.885719,0.375359,0.292068,0.865,cuda
span_ch48,ami,075,up,075_up,3,4,192,jpegmix,34.143656,0.852179,31.322392,0.947354,5,0.076076,33.783465,38.547565,34.189721,0.872173,0.350514,0.315599,0.844,cuda
span_ch48,ami,075,zoom,075_zoom,3,4,192,jpegmix,38.246585,0.929482,34.809524,0.981021,5,0.036267,36.99992,44.707464,39.000415,0.941918,0.240498,0.255222,0.834,cuda
span_ch48,ami,076,back,076_back,5,4,192,jpegmix,36.4293,0.897779,33.09338,0.961759,5,0.060505,36.157735,40.336453,35.88315,0.905719,0.334447,0.277396,0.837,cuda
span_ch48,ami,076,down,076_down,5,4,192,jpegmix,35.943603,0.886185,32.822104,0.958551,5,0.062653,35.604944,40.043244,35.705191,0.902029,0.368544,0.298759,0.856,cuda
span_ch48,ami,076,front,076_front,5,4,192,jpegmix,38.256767,0.919441,35.033072,0.978809,5,0.036101,37.019673,45.05828,38.58656,0.938241,0.278333,0.256048,0.857,cuda
span_ch48,ami,076,left,076_left,5,4,192,jpegmix,38.281584,0.917107,35.108036,0.977907,5,0.035957,37.233115,45.242824,38.912851,0.939418,0.315685,0.277672,0.86,cuda
span_ch48,ami,076,right,076_right,5,4,192,jpegmix,37.996623,0.916868,34.767777,0.977009,5,0.035931,36.848065,44.704191,38.114931,0.931953,0.301239,0.246463,0.84,cuda
span_ch48,ami,076,up,076_up,5,4,192,jpegmix,37.640488,0.911125,34.457345,0.976331,5,0.038259,36.456881,44.393219,37.819542,0.926436,0.278598,0.246707,0.85,cuda
span_ch48,ami,076,zoom,076_zoom,5,4,192,jpegmix,39.46659,0.939385,35.741666,0.984245,5,0.03023,38.498301,45.540997,39.624486,0.948051,0.270541,0.260063,0.836,cuda
span_ch48,ami,077,back,077_back,2,4,192,jpegmix,36.711585,0.902351,33.624674,0.958938,5,0.057532,36.55344,40.283159,35.556005,0.892497,0.336199,0.312999,0.853,cuda
span_ch48,ami,077,down,077_down,2,4,192,jpegmix,36.121234,0.876021,33.404076,0.955435,5,0.059154,35.525438,40.825512,35.397761,0.878609,0.424891,0.297182,0.822,cuda
span_ch48,ami,077,front,077_front,2,4,192,jpegmix,35.936882,0.877404,33.214758,0.95274,5,0.063518,35.475799,40.0706,35.004422,0.872314,0.433453,0.312243,0.846,cuda
span_ch48,ami,077,left,077_left,2,4,192,jpegmix,39.010844,0.92965,35.792485,0.978872,5,0.034583,38.048825,44.681807,39.354746,0.943722,0.262353,0.233783,0.824,cuda
span_ch48,ami,077,right,077_right,2,4,192,jpegmix,36.990226,0.910378,33.880334,0.962403,5,0.057777,36.754488,40.630932,35.665588,0.896755,0.304759,0.302695,0.846,cuda
span_ch48,ami,077,up,077_up,2,4,192,jpegmix,37.93631,0.903902,35.067146,0.971547,5,0.038443,36.812457,44.364843,37.651891,0.910689,0.298696,0.263121,0.852,cuda
span_ch48,ami,077,zoom,077_zoom,2,4,192,jpegmix,36.589675,0.897473,33.616832,0.958405,5,0.058737,36.488162,40.199226,35.740458,0.898363,0.344994,0.298056,0.862,cuda
span_ch48,ami,078,back,078_back,2,4,192,jpegmix,38.669268,0.929041,35.347564,0.979464,5,0.035713,37.80866,44.662472,39.072948,0.944081,0.23936,0.255912,0.861,cuda
span_ch48,ami,078,down,078_down,2,4,192,jpegmix,35.097138,0.870035,32.591583,0.951063,5,0.075413,35.01017,39.1942,35.00266,0.888878,0.412871,0.300981,0.837,cuda
span_ch48,ami,078,front,078_front,2,4,192,jpegmix,36.018224,0.894927,33.194814,0.959752,5,0.06372,35.890468,39.761584,35.65446,0.903139,0.359917,0.291122,0.829,cuda
span_ch48,ami,078,left,078_left,2,4,192,jpegmix,35.413633,0.880879,32.760838,0.952603,5,0.071055,35.297338,39.242086,35.20028,0.88973,0.348165,0.284091,0.829,cuda
span_ch48,ami,078,right,078_right,2,4,192,jpegmix,35.891,0.896171,32.922024,0.95918,5,0.064904,35.703225,39.639154,35.485231,0.899074,0.331658,0.285239,0.856,cuda
span_ch48,ami,078,up,078_up,2,4,192,jpegmix,38.192241,0.923513,35.205248,0.978385,5,0.037976,37.390513,44.325438,38.874058,0.940435,0.278152,0.260563,0.84,cuda
span_ch48,ami,078,zoom,078_zoom,2,4,192,jpegmix,39.717621,0.944829,36.357789,0.98423,5,0.033394,39.025009,45.225084,40.233349,0.956582,0.235244,0.245816,0.822,cuda
span_ch48,ami,079,back,079_back,4,4,192,jpegmix,36.508273,0.893262,33.764895,0.972799,5,0.043784,35.201056,44.173604,37.032253,0.906725,0.288911,0.259366,0.856,cuda
span_ch48,ami,079,down,079_down,4,4,192,jpegmix,35.161338,0.877932,32.409412,0.956708,5,0.069952,34.620838,39.730559,35.224515,0.886044,0.377259,0.306529,0.835,cuda
span_ch48,ami,079,front,079_front,4,4,192,jpegmix,36.399531,0.894693,33.752593,0.973547,5,0.045748,35.00553,44.324709,36.609192,0.91056,0.310534,0.274617,0.845,cuda
span_ch48,ami,079,left,079_left,4,4,192,jpegmix,35.96207,0.889872,33.25701,0.961149,5,0.062651,35.776924,40.385189,36.247643,0.903562,0.392257,0.31921,0.831,cuda
span_ch48,ami,079,right,079_right,4,4,192,jpegmix,35.255557,0.885112,32.383801,0.958532,5,0.06735,34.844409,39.597436,34.24194,0.868961,0.374315,0.298056,0.858,cuda
span_ch48,ami,079,up,079_up,4,4,192,jpegmix,36.005113,0.887548,33.43435,0.972199,5,0.046236,34.522747,44.087324,36.211954,0.90152,0.321513,0.263197,0.841,cuda
span_ch48,ami,079,zoom,079_zoom,4,4,192,jpegmix,37.401387,0.91439,34.361698,0.9775,5,0.040421,36.206801,44.726143,37.762562,0.926559,0.306816,0.268202,0.833,cuda
span_ch48,ami,080,back,080_back,3,4,192,jpegmix,36.753657,0.901838,33.96656,0.960981,5,0.059392,36.449011,40.59789,35.632954,0.889397,0.387066,0.310023,0.865,cuda
span_ch48,ami,080,down,080_down,3,4,192,jpegmix,37.231169,0.909112,34.377296,0.965274,5,0.053754,36.812605,41.286175,36.047048,0.897565,0.357004,0.331451,0.834,cuda
span_ch48,ami,080,front,080_front,3,4,192,jpegmix,37.088348,0.905523,34.310447,0.961481,5,0.057191,36.90857,40.934605,35.962109,0.897332,0.38885,0.332287,0.84,cuda
span_ch48,ami,080,left,080_left,3,4,192,jpegmix,39.625218,0.934526,36.750155,0.981753,5,0.030179,38.414058,46.085121,39.522861,0.941041,0.273941,0.272887,0.843,cuda
span_ch48,ami,080,right,080_right,3,4,192,jpegmix,37.048294,0.915824,34.190774,0.965886,5,0.055792,36.554654,40.97764,35.44184,0.898109,0.338022,0.33465,0.855,cuda
span_ch48,ami,080,up,080_up,3,4,192,jpegmix,38.750152,0.920421,35.93641,0.977844,5,0.032691,37.608097,45.350776,38.586572,0.929673,0.287504,0.279327,0.857,cuda
span_ch48,ami,080,zoom,080_zoom,3,4,192,jpegmix,37.389646,0.914895,34.250792,0.963766,5,0.052906,37.450545,40.807955,36.22608,0.906991,0.361565,0.315018,0.855,cuda
span_ch48,ami,081,back,081_back,1,4,192,jpegmix,36.21043,0.89275,33.054478,0.958821,5,0.060743,35.718072,40.445586,35.117591,0.878976,0.35215,0.315184,0.855,cuda
span_ch48,ami,081,down,081_down,1,4,192,jpegmix,35.353599,0.867028,32.746945,0.950208,5,0.067588,34.554464,39.923484,34.31998,0.855397,0.396161,0.305912,0.855,cuda
span_ch48,ami,081,front,081_front,1,4,192,jpegmix,35.25207,0.862862,32.614322,0.947548,5,0.067714,34.642225,39.770831,34.314416,0.855749,0.429329,0.322525,0.861,cuda
span_ch48,ami,081,left,081_left,1,4,192,jpegmix,36.052979,0.873709,33.380906,0.951509,5,0.061323,35.358009,40.552753,35.019963,0.861252,0.408977,0.330287,0.827,cuda
span_ch48,ami,081,right,081_right,1,4,192,jpegmix,37.724203,0.926994,34.330677,0.971701,5,0.051861,37.284623,41.742831,36.169774,0.907784,0.306346,0.291463,0.844,cuda
span_ch48,ami,081,up,081_up,1,4,192,jpegmix,36.679638,0.88602,34.071597,0.969958,5,0.045645,34.876507,44.56145,36.613958,0.899279,0.298316,0.27373,0.854,cuda
span_ch48,ami,081,zoom,081_zoom,1,4,192,jpegmix,36.168376,0.890289,33.146314,0.956762,5,0.06092,35.507928,40.349231,35.25222,0.885529,0.396157,0.308199,0.834,cuda
span_ch48,ami,082,back,082_back,2,4,192,jpegmix,38.947859,0.933549,35.665196,0.981045,5,0.032831,37.649593,45.296599,38.17571,0.931271,0.220989,0.254072,0.843,cuda
span_ch48,ami,082,down,082_down,2,4,192,jpegmix,34.8998,0.867943,32.345462,0.952443,5,0.072833,33.750433,39.716633,34.177985,0.866412,0.385817,0.305407,0.858,cuda
span_ch48,ami,082,front,082_front,2,4,192,jpegmix,34.948995,0.869477,32.41955,0.952133,5,0.073029,33.85385,39.738773,34.256098,0.86835,0.374275,0.292127,0.858,cuda
span_ch48,ami,082,left,082_left,2,4,192,jpegmix,37.906861,0.916339,34.984499,0.977825,5,0.039,36.525988,44.944243,37.79614,0.92928,0.281909,0.247141,0.837,cuda
span_ch48,ami,082,right,082_right,2,4,192,jpegmix,38.532182,0.92593,35.455064,0.979119,5,0.035664,37.240662,45.333017,38.018544,0.928544,0.259626,0.253621,0.839,cuda
span_ch48,ami,082,up,082_up,2,4,192,jpegmix,35.944887,0.891849,33.016488,0.958984,5,0.068113,35.373994,39.961634,34.906528,0.888116,0.33134,0.294055,0.86,cuda
span_ch48,ami,082,zoom,082_zoom,2,4,192,jpegmix,35.864666,0.89008,32.898449,0.961401,5,0.066167,35.12771,40.126365,35.309546,0.898293,0.343635,0.291211,0.847,cuda
span_ch48,ami,083,back,083_back,4,4,192,jpegmix,35.075518,0.870068,32.269989,0.950933,5,0.070367,34.115135,39.524482,35.247152,0.884433,0.366162,0.325991,0.846,cuda
span_ch48,ami,083,down,083_down,4,4,192,jpegmix,34.224053,0.836508,31.599899,0.940639,5,0.080228,33.285506,38.962282,33.81756,0.848974,0.374109,0.317146,0.834,cuda
span_ch48,ami,083,front,083_front,4,4,192,jpegmix,34.666254,0.8493,31.980876,0.947173,5,0.077022,33.744019,39.325142,34.569415,0.866804,0.41596,0.334773,0.85,cuda
span_ch48,ami,083,left,083_left,4,4,192,jpegmix,35.345366,0.86688,32.407265,0.953033,5,0.077379,34.387432,39.951726,35.011934,0.87562,0.375811,0.339739,0.848,cuda
span_ch48,ami,083,right,083_right,4,4,192,jpegmix,38.418724,0.923276,35.032021,0.979612,5,0.035688,37.052384,45.189254,37.861763,0.927084,0.265844,0.257216,0.842,cuda
span_ch48,ami,083,up,083_up,4,4,192,jpegmix,33.993216,0.834369,31.353329,0.941544,5,0.085883,32.875405,39.048054,34.135989,0.862522,0.389766,0.318923,0.843,cuda
span_ch48,ami,083,zoom,083_zoom,4,4,192,jpegmix,37.482079,0.90682,34.358926,0.975416,5,0.04258,35.964617,44.388192,38.32563,0.93088,0.248038,0.260484,0.837,cuda
span_ch48,ami,084,back,084_back,3,4,192,jpegmix,37.095825,0.898694,34.468138,0.972623,5,0.045275,35.766395,44.587512,36.865677,0.903936,0.293464,0.265187,0.859,cuda
span_ch48,ami,084,down,084_down,3,4,192,jpegmix,36.581831,0.895103,34.185929,0.973383,5,0.044772,35.275646,44.201336,37.119149,0.914982,0.316054,0.27535,0.86,cuda
span_ch48,ami,084,front,084_front,3,4,192,jpegmix,34.350504,0.855348,32.101347,0.950457,5,0.077712,33.653486,39.0424,34.205471,0.867864,0.413031,0.332591,0.854,cuda
span_ch48,ami,084,left,084_left,3,4,192,jpegmix,35.259428,0.871956,32.943781,0.951407,5,0.073759,34.872257,39.649259,35.141694,0.881065,0.384192,0.311435,0.851,cuda
span_ch48,ami,084,right,084_right,3,4,192,jpegmix,37.740431,0.913187,34.9147,0.976783,5,0.04073,36.354473,45.037619,37.189827,0.916652,0.278559,0.263139,0.862,cuda
span_ch48,ami,084,up,084_up,3,4,192,jpegmix,36.524437,0.898948,34.082331,0.975298,5,0.044217,34.985442,44.354362,36.624578,0.910259,0.26879,0.259112,0.83,cuda
span_ch48,ami,084,zoom,084_zoom,3,4,192,jpegmix,37.388217,0.913501,34.620645,0.978116,5,0.04119,36.051635,44.465187,38.001839,0.929974,0.299441,0.285416,0.856,cuda
span_ch48,ami,085,back,085_back,4,4,192,jpegmix,36.999941,0.896322,33.836164,0.962846,5,0.056264,36.437044,41.476458,36.93354,0.904812,0.401423,0.30175,0.839,cuda
span_ch48,ami,085,down,085_down,4,4,192,jpegmix,35.79018,0.870844,33.355026,0.953439,5,0.0658,35.065236,40.397344,35.691573,0.883963,0.418072,0.31882,0.861,cuda
span_ch48,ami,085,front,085_front,4,4,192,jpegmix,36.144319,0.882474,33.637476,0.955739,5,0.064488,35.715456,40.342353,36.051392,0.892009,0.416182,0.31523,0.83,cuda
span_ch48,ami,085,left,085_left,4,4,192,jpegmix,36.445072,0.886051,33.62119,0.956188,5,0.066031,35.750388,40.753681,36.839154,0.907483,0.401465,0.310773,0.833,cuda
span_ch48,ami,085,right,085_right,4,4,192,jpegmix,35.762862,0.879023,33.014992,0.953635,5,0.06899,35.232412,39.970413,35.370902,0.882293,0.421763,0.289069,0.85,cuda
span_ch48,ami,085,up,085_up,4,4,192,jpegmix,35.709075,0.871267,33.218881,0.953529,5,0.065141,35.153901,40.086563,35.721037,0.885328,0.423615,0.325056,0.857,cuda
span_ch48,ami,085,zoom,085_zoom,4,4,192,jpegmix,36.352726,0.889371,33.674209,0.959603,5,0.062995,36.030921,40.485359,36.261812,0.899947,0.412191,0.316194,0.845,cuda
span_ch48,ami,086,back,086_back,5,4,192,jpegmix,36.048539,0.890972,32.861624,0.958112,5,0.060083,35.908213,39.927711,35.045344,0.887981,0.353833,0.277877,0.852,cuda
span_ch48,ami,086,down,086_down,5,4,192,jpegmix,35.087952,0.872139,32.444769,0.953957,5,0.07016,34.612958,39.329803,34.753232,0.885117,0.381128,0.28481,0.86,cuda
span_ch48,ami,086,front,086_front,5,4,192,jpegmix,37.244569,0.907268,34.620812,0.975667,5,0.04012,36.046354,44.281095,37.41871,0.924789,0.249436,0.255024,0.832,cuda
span_ch48,ami,086,left,086_left,5,4,192,jpegmix,35.711468,0.881759,32.848296,0.955777,5,0.067539,35.353819,39.811365,35.139757,0.885684,0.362468,0.281924,0.847,cuda
span_ch48,ami,086,right,086_right,5,4,192,jpegmix,38.97393,0.932402,35.483615,0.980683,5,0.0323,38.064548,45.25869,38.439573,0.934096,0.250211,0.249171,0.853,cuda
span_ch48,ami,086,up,086_up,5,4,192,jpegmix,37.940402,0.918997,34.758865,0.977307,5,0.038885,36.863907,44.212509,37.533065,0.926658,0.274106,0.246142,0.852,cuda
span_ch48,ami,086,zoom,086_zoom,5,4,192,jpegmix,38.064314,0.924273,35.193939,0.979804,5,0.036354,36.983167,44.332387,38.614186,0.941836,0.242889,0.229516,0.859,cuda
span_ch48,ami,087,back,087_back,4,4,192,jpegmix,37.561846,0.905717,34.763177,0.974079,5,0.039354,36.40353,44.471179,37.564223,0.918779,0.275502,0.248528,0.856,cuda
span_ch48,ami,087,down,087_down,4,4,192,jpegmix,38.269874,0.922444,35.243055,0.979401,5,0.03553,37.178013,44.885608,38.434098,0.938162,0.307364,0.242429,0.843,cuda
span_ch48,ami,087,front,087_front,4,4,192,jpegmix,36.750015,0.907425,33.682816,0.964078,5,0.059672,36.555322,40.363118,35.878702,0.904938,0.338618,0.295001,0.853,cuda
span_ch48,ami,087,left,087_left,4,4,192,jpegmix,38.528663,0.925325,35.594903,0.979061,5,0.035061,37.453016,44.936443,38.353632,0.93344,0.281123,0.258571,0.855,cuda
span_ch48,ami,087,right,087_right,4,4,192,jpegmix,36.893611,0.914952,33.702094,0.966962,5,0.055269,36.776919,40.496847,35.590541,0.899182,0.302316,0.276162,0.825,cuda
span_ch48,ami,087,up,087_up,4,4,192,jpegmix,38.067935,0.923702,34.929348,0.98036,5,0.035317,37.021172,44.556808,38.229104,0.931261,0.268749,0.233481,0.854,cuda
span_ch48,ami,087,zoom,087_zoom,4,4,192,jpegmix,39.574028,0.941796,36.051277,0.984168,5,0.029635,38.581866,45.316606,39.304423,0.946529,0.253921,0.247606,0.827,cuda
span_ch48,ami,088,back,088_back,1,4,192,jpegmix,37.735532,0.919869,34.849814,0.978404,5,0.038217,36.489935,44.236642,37.855445,0.932805,0.235304,0.24613,0.843,cuda
span_ch48,ami,088,down,088_down,1,4,192,jpegmix,36.334054,0.90532,33.252692,0.964178,5,0.055646,36.257618,40.083169,35.312549,0.899475,0.330498,0.3115,0.858,cuda
span_ch48,ami,088,front,088_front,1,4,192,jpegmix,38.501465,0.927981,35.352981,0.980527,5,0.033185,37.421874,44.837057,37.989765,0.932918,0.254844,0.262217,0.861,cuda
span_ch48,ami,088,left,088_left,1,4,192,jpegmix,39.463765,0.941216,36.144733,0.982726,5,0.030896,38.528843,45.431155,39.305225,0.947514,0.237723,0.279057,0.851,cuda
span_ch48,ami,088,right,088_right,1,4,192,jpegmix,36.406201,0.912141,33.26429,0.966654,5,0.059101,36.001005,40.261735,35.069906,0.894523,0.309563,0.28889,0.837,cuda
span_ch48,ami,088,up,088_up,1,4,192,jpegmix,36.064527,0.898637,33.091304,0.962838,5,0.060286,35.889664,39.851027,35.539785,0.895997,0.330419,0.299443,0.83,cuda
span_ch48,ami,088,zoom,088_zoom,1,4,192,jpegmix,39.126495,0.939202,35.486419,0.983997,5,0.029857,38.027445,45.140996,39.207593,0.946753,0.245546,0.248868,0.833,cuda
span_ch48,ami,089,back,089_back,1,4,192,jpegmix,38.7146,0.933181,35.578628,0.9818,5,0.032635,37.646495,45.039226,38.801507,0.941229,0.264908,0.246054,0.84,cuda
span_ch48,ami,089,down,089_down,1,4,192,jpegmix,37.99064,0.920109,35.159286,0.978,5,0.03937,36.758455,44.61021,37.898838,0.928178,0.265246,0.235039,0.849,cuda
span_ch48,ami,089,front,089_front,1,4,192,jpegmix,38.354655,0.925744,35.322979,0.979845,5,0.037425,37.167831,44.727092,38.396104,0.933096,0.259456,0.234244,0.851,cuda
span_ch48,ami,089,left,089_left,1,4,192,jpegmix,35.640133,0.889774,33.073988,0.958955,5,0.064337,35.385578,39.714861,35.752279,0.899134,0.355253,0.311565,0.829,cuda
span_ch48,ami,089,right,089_right,1,4,192,jpegmix,38.399597,0.926967,35.059404,0.979098,5,0.037143,37.017063,44.840487,37.988926,0.927123,0.266123,0.245301,0.858,cuda
span_ch48,ami,089,up,089_up,1,4,192,jpegmix,36.229315,0.895948,33.183264,0.960944,5,0.060464,36.021766,40.054736,35.581498,0.891775,0.337586,0.261122,0.837,cuda
span_ch48,ami,089,zoom,089_zoom,1,4,192,jpegmix,36.65686,0.906743,33.59344,0.966137,5,0.059525,36.545021,40.386419,36.545467,0.914203,0.32388,0.270054,0.843,cuda
span_ch48,ami,090,back,090_back,1,4,192,jpegmix,34.807928,0.900374,32.124587,0.9614,5,0.067456,34.063444,39.240196,33.145562,0.883315,0.333087,0.286817,0.837,cuda
span_ch48,ami,090,down,090_down,1,4,192,jpegmix,35.050005,0.894778,32.44819,0.960068,5,0.067094,34.288326,39.236086,33.514138,0.879564,0.302293,0.286681,0.842,cuda
span_ch48,ami,090,front,090_front,1,4,192,jpegmix,34.955315,0.897296,32.405551,0.960176,5,0.064437,34.416894,39.168219,33.387557,0.883837,0.31077,0.283849,0.84,cuda
span_ch48,ami,090,left,090_left,1,4,192,jpegmix,37.346539,0.928265,34.642947,0.979897,5,0.036966,35.690477,44.582583,36.09436,0.924882,0.206518,0.252028,0.856,cuda
span_ch48,ami,090,right,090_right,1,4,192,jpegmix,38.090348,0.935315,35.219875,0.980535,5,0.035067,36.554775,44.694069,36.694168,0.929809,0.230224,0.256615,0.831,cuda
span_ch48,ami,090,up,090_up,1,4,192,jpegmix,34.623563,0.8946,32.162635,0.95989,5,0.070454,33.62772,39.113137,33.342527,0.885044,0.292866,0.281151,0.833,cuda
span_ch48,ami,090,zoom,090_zoom,1,4,192,jpegmix,35.423062,0.911422,32.569408,0.965979,5,0.057914,34.980177,39.547489,34.034728,0.902229,0.274974,0.2761,0.832,cuda
span_ch48,ami,091,back,091_back,4,4,192,jpegmix,35.934096,0.894939,33.32952,0.973921,5,0.05032,33.756669,44.401075,36.133606,0.90805,0.271022,0.251994,0.829,cuda
span_ch48,ami,091,down,091_down,4,4,192,jpegmix,35.959298,0.886403,33.492874,0.973118,5,0.05324,33.940042,44.148871,36.484656,0.909921,0.296043,0.275679,0.851,cuda
span_ch48,ami,091,front,091_front,4,4,192,jpegmix,35.585957,0.875287,33.238541,0.969529,5,0.057709,33.643087,44.258275,35.740645,0.89058,0.300318,0.269249,0.846,cuda
span_ch48,ami,091,left,091_left,4,4,192,jpegmix,36.756192,0.901173,34.264791,0.975149,5,0.050885,34.897763,44.793968,36.877983,0.916303,0.267014,0.268344,0.854,cuda
span_ch48,ami,091,right,091_right,4,4,192,jpegmix,37.601962,0.911166,34.728105,0.97694,5,0.044419,36.221853,44.707862,37.48776,0.920352,0.271408,0.267565,0.858,cuda
span_ch48,ami,091,up,091_up,4,4,192,jpegmix,35.539227,0.881952,33.185806,0.969545,5,0.053716,33.733243,43.253379,35.587278,0.895481,0.282998,0.241873,0.851,cuda
span_ch48,ami,091,zoom,091_zoom,4,4,192,jpegmix,36.733711,0.902076,34.068015,0.976013,5,0.050578,34.827732,44.700782,37.377557,0.92449,0.26292,0.251041,0.854,cuda
span_ch48,ami,092,back,092_back,3,4,192,jpegmix,33.435473,0.808674,30.689097,0.935838,5,0.08209,32.460897,38.448995,33.829897,0.853417,0.474958,0.306564,0.854,cuda
span_ch48,ami,092,down,092_down,3,4,192,jpegmix,35.154293,0.849447,32.666361,0.962101,5,0.05278,33.726054,43.50384,35.936443,0.889405,0.392254,0.270487,0.842,cuda
span_ch48,ami,092,front,092_front,3,4,192,jpegmix,33.390183,0.808953,30.861947,0.936193,5,0.07997,32.560649,38.627791,33.95422,0.849203,0.483558,0.322802,0.845,cuda
span_ch48,ami,092,left,092_left,3,4,192,jpegmix,35.804908,0.864705,33.392475,0.964813,5,0.049838,34.456777,44.036858,36.934337,0.896965,0.373535,0.283865,0.838,cuda
span_ch48,ami,092,right,092_right,3,4,192,jpegmix,33.504795,0.801905,30.875956,0.93303,5,0.078791,32.561378,38.775774,33.763917,0.831926,0.509011,0.320028,0.865,cuda
span_ch48,ami,092,up,092_up,3,4,192,jpegmix,33.481687,0.810272,30.826474,0.936795,5,0.081599,32.505957,38.744018,33.916669,0.843449,0.488416,0.314385,0.83,cuda
span_ch48,ami,092,zoom,092_zoom,3,4,192,jpegmix,34.67434,0.852323,31.743612,0.949459,5,0.071944,33.920937,39.233239,35.413892,0.887118,0.448346,0.326425,0.829,cuda
span_ch48,ami,093,back,093_back,4,4,192,jpegmix,33.620604,0.840053,31.206503,0.943466,5,0.079862,32.295893,38.812104,33.567774,0.855954,0.411181,0.304672,0.849,cuda
span_ch48,ami,093,down,093_down,4,4,192,jpegmix,36.806413,0.896698,34.004017,0.973309,5,0.041135,35.288264,44.546595,37.014037,0.913705,0.33262,0.270151,0.828,cuda
span_ch48,ami,093,front,093_front,4,4,192,jpegmix,34.497649,0.860183,31.872507,0.952564,5,0.066841,33.521276,39.365937,34.401476,0.87284,0.44797,0.341018,0.842,cuda
span_ch48,ami,093,left,093_left,4,4,192,jpegmix,37.094864,0.905413,34.332283,0.973946,5,0.039289,35.614504,44.596412,37.056037,0.91921,0.362847,0.297518,0.824,cuda
span_ch48,ami,093,right,093_right,4,4,192,jpegmix,35.144554,0.874231,32.1265,0.955796,5,0.064105,34.576928,39.649663,34.464161,0.873129,0.409259,0.30928,0.852,cuda
span_ch48,ami,093,up,093_up,4,4,192,jpegmix,35.632011,0.880502,33.009921,0.970335,5,0.044432,33.90441,44.018476,35.912218,0.896879,0.343326,0.275053,0.853,cuda
span_ch48,ami,093,zoom,093_zoom,4,4,192,jpegmix,34.457934,0.863086,31.657358,0.955446,5,0.070125,33.412076,39.449736,35.001942,0.88724,0.431079,0.330083,0.839,cuda
span_ch48,ami,094,back,094_back,3,4,192,jpegmix,33.699134,0.857529,31.042942,0.949109,5,0.0792,32.174746,38.889619,32.952371,0.849889,0.38369,0.296118,0.859,cuda
span_ch48,ami,094,down,094_down,3,4,192,jpegmix,38.01014,0.918133,34.852143,0.979063,5,0.034334,36.843145,44.862643,37.794864,0.927623,0.294027,0.256666,0.829,cuda
span_ch48,ami,094,front,094_front,3,4,192,jpegmix,36.464777,0.90208,33.152848,0.964464,5,0.059252,36.229214,40.397347,35.706068,0.899447,0.331282,0.273725,0.848,cuda
span_ch48,ami,094,left,094_left,3,4,192,jpegmix,37.989461,0.917675,35.015437,0.977823,5,0.037711,36.842942,44.746645,37.70897,0.926016,0.279796,0.288218,0.851,cuda
span_ch48,ami,094,right,094_right,3,4,192,jpegmix,37.345464,0.908562,34.301746,0.975756,5,0.039311,36.116809,44.606108,37.438776,0.920885,0.289749,0.260783,0.861,cuda
span_ch48,ami,094,up,094_up,3,4,192,jpegmix,35.141633,0.880217,32.165163,0.955045,5,0.069722,34.413546,39.546778,35.035354,0.88336,0.366378,0.295206,0.864,cuda
span_ch48,ami,094,zoom,094_zoom,3,4,192,jpegmix,35.295881,0.883516,32.292844,0.95941,5,0.065207,34.805823,39.771211,35.154291,0.890867,0.369572,0.283912,0.843,cuda
span_ch48,ami,095,back,095_back,3,4,192,jpegmix,37.83035,0.916274,34.949646,0.978017,5,0.039743,36.367472,44.804216,37.571261,0.924619,0.253884,0.25457,0.845,cuda
span_ch48,ami,095,down,095_down,3,4,192,jpegmix,35.115358,0.872164,32.684149,0.95375,5,0.067797,34.53463,39.570696,34.116782,0.864768,0.393934,0.323773,0.867,cuda
span_ch48,ami,095,front,095_front,3,4,192,jpegmix,34.952447,0.873153,32.530753,0.956557,5,0.067076,34.166704,39.591297,34.043444,0.871221,0.348572,0.316553,0.861,cuda
span_ch48,ami,095,left,095_left,3,4,192,jpegmix,35.23913,0.872929,32.828344,0.955826,5,0.068925,34.489163,39.846928,34.486957,0.876502,0.373579,0.327753,0.866,cuda
span_ch48,ami,095,right,095_right,3,4,192,jpegmix,35.168257,0.889068,32.350896,0.962891,5,0.065167,34.068638,39.889424,34.204988,0.883006,0.328964,0.301769,0.866,cuda
span_ch48,ami,095,up,095_up,3,4,192,jpegmix,36.582104,0.89084,33.970553,0.973158,5,0.044179,35.051631,44.613935,36.605174,0.901094,0.284835,0.270484,0.833,cuda
span_ch48,ami,095,zoom,095_zoom,3,4,192,jpegmix,37.470428,0.910963,34.68883,0.977564,5,0.038993,36.021967,44.741608,37.633746,0.927611,0.267399,0.253823,0.826,cuda
span_ch48,ami,096,back,096_back,5,4,192,jpegmix,34.381665,0.868323,31.910371,0.967921,5,0.050267,32.31632,43.732088,36.106923,0.890461,0.318952,0.257252,0.832,cuda
span_ch48,ami,096,down,096_down,5,4,192,jpegmix,35.213575,0.888198,32.591369,0.973194,5,0.043993,33.189141,43.914441,35.319945,0.90481,0.332909,0.274533,0.864,cuda
span_ch48,ami,096,front,096_front,5,4,192,jpegmix,33.126349,0.850768,30.413167,0.95065,5,0.073776,31.712454,39.031831,33.769537,0.850508,0.417374,0.302423,0.837,cuda
span_ch48,ami,096,left,096_left,5,4,192,jpegmix,36.453973,0.896636,33.621655,0.974954,5,0.041275,35.172204,44.339862,36.864925,0.909179,0.319635,0.268476,0.851,cuda
span_ch48,ami,096,right,096_right,5,4,192,jpegmix,34.224788,0.849371,31.2762,0.950134,5,0.072691,33.627161,39.04562,33.865098,0.850471,0.392512,0.302316,0.824,cuda
span_ch48,ami,096,up,096_up,5,4,192,jpegmix,35.136035,0.872849,32.459144,0.969427,5,0.044821,33.769644,43.619323,35.738775,0.881129,0.311732,0.249479,0.859,cuda
span_ch48,ami,096,zoom,096_zoom,5,4,192,jpegmix,35.792866,0.891875,32.992735,0.974542,5,0.043379,34.092773,44.083322,36.518099,0.900891,0.354769,0.271105,0.858,cuda
span_ch48,ami,097,back,097_back,4,4,192,jpegmix,35.449553,0.874529,32.715217,0.952503,5,0.065032,34.899546,39.785285,34.615318,0.872314,0.401784,0.314306,0.864,cuda
span_ch48,ami,097,down,097_down,4,4,192,jpegmix,37.739978,0.909328,34.871462,0.976151,5,0.037277,36.379221,44.85927,37.415352,0.912781,0.325336,0.279119,0.844,cuda
span_ch48,ami,097,front,097_front,4,4,192,jpegmix,37.414701,0.90756,34.720063,0.97654,5,0.039811,35.875214,44.817784,37.279733,0.91433,0.314262,0.266543,0.862,cuda
span_ch48,ami,097,left,097_left,4,4,192,jpegmix,35.757001,0.887274,33.196637,0.95993,5,0.063095,35.047165,40.199401,35.510061,0.895716,0.368068,0.310787,0.854,cuda
span_ch48,ami,097,right,097_right,4,4,192,jpegmix,35.217857,0.878203,32.453785,0.956058,5,0.068378,34.278622,39.853791,34.256988,0.872359,0.363689,0.306952,0.836,cuda
span_ch48,ami,097,up,097_up,4,4,192,jpegmix,35.296987,0.876916,32.845758,0.956425,5,0.066198,34.517783,39.91493,34.622433,0.872733,0.365585,0.308562,0.856,cuda
span_ch48,ami,097,zoom,097_zoom,4,4,192,jpegmix,35.533577,0.882041,32.745231,0.959911,5,0.063556,34.769259,39.962583,34.931595,0.882718,0.388374,0.306618,0.828,cuda
span_ch48,ami,098,back,098_back,2,4,192,jpegmix,37.467607,0.911421,34.32868,0.97546,5,0.04231,35.965394,44.834962,36.541445,0.902156,0.278563,0.286594,0.833,cuda
span_ch48,ami,098,down,098_down,2,4,192,jpegmix,38.189607,0.916592,34.981403,0.977036,5,0.039811,36.524626,45.323568,37.839773,0.92371,0.326082,0.285749,0.834,cuda
span_ch48,ami,098,front,098_front,2,4,192,jpegmix,38.244175,0.919922,34.99696,0.977296,5,0.037692,36.860127,44.84512,37.938971,0.924268,0.293998,0.272529,0.853,cuda
span_ch48,ami,098,left,098_left,2,4,192,jpegmix,36.87495,0.90285,33.964945,0.962553,5,0.056229,36.264005,41.013951,36.149718,0.898957,0.406549,0.321946,0.845,cuda
span_ch48,ami,098,right,098_right,2,4,192,jpegmix,38.108193,0.922032,34.745075,0.97848,5,0.037855,36.628301,44.918187,37.494373,0.921324,0.285631,0.275323,0.836,cuda
span_ch48,ami,098,up,098_up,2,4,192,jpegmix,36.87976,0.894747,33.939576,0.972497,5,0.043433,35.539117,44.086974,37.016025,0.90829,0.297268,0.269455,0.835,cuda
span_ch48,ami,098,zoom,098_zoom,2,4,192,jpegmix,38.433192,0.922544,34.996095,0.979074,5,0.037974,36.91289,45.126496,37.89833,0.925276,0.313811,0.292251,0.84,cuda
span_ch48,ami,099,back,099_back,1,4,192,jpegmix,37.100659,0.899233,34.285691,0.975359,5,0.039576,35.700966,44.731761,36.858943,0.908692,0.325781,0.263748,0.861,cuda
span_ch48,ami,099,down,099_down,1,4,192,jpegmix,35.43377,0.877896,32.601327,0.957791,5,0.0629,34.725556,39.978449,34.785723,0.884526,0.386718,0.308277,0.863,cuda
span_ch48,ami,099,front,099_front,1,4,192,jpegmix,34.453573,0.85159,31.77766,0.949723,5,0.072431,33.774477,39.019018,34.034895,0.85815,0.41498,0.312394,0.828,cuda
span_ch48,ami,099,left,099_left,1,4,192,jpegmix,35.31899,0.872146,32.656719,0.957132,5,0.066165,34.73823,39.856315,34.991794,0.877625,0.396624,0.314952,0.825,cuda
span_ch48,ami,099,right,099_right,1,4,192,jpegmix,34.953924,0.864751,32.114778,0.952795,5,0.069499,34.219656,39.653205,34.172931,0.866252,0.390737,0.316873,0.827,cuda
span_ch48,ami,099,up,099_up,1,4,192,jpegmix,34.989783,0.861973,32.220169,0.95294,5,0.064891,34.366447,39.545969,34.64065,0.870394,0.391667,0.300126,0.864,cuda
span_ch48,ami,099,zoom,099_zoom,1,4,192,jpegmix,35.419301,0.882135,32.65667,0.957891,5,0.065983,34.961117,39.544784,35.257158,0.889573,0.384364,0.301347,0.817,cuda
span_ch48,ami,100,back,100_back,1,4,192,jpegmix,36.069786,0.864977,33.151246,0.96332,5,0.046978,34.64711,44.043895,35.896718,0.879954,0.352677,0.269121,0.833,cuda
span_ch48,ami,100,down,100_down,1,4,192,jpegmix,35.529693,0.858249,33.075005,0.964216,5,0.051509,33.959887,44.00368,35.661658,0.885893,0.379025,0.288766,0.847,cuda
span_ch48,ami,100,front,100_front,1,4,192,jpegmix,34.116491,0.82445,31.413037,0.939686,5,0.074989,33.115126,39.388716,33.769068,0.834329,0.481063,0.349552,0.863,cuda
span_ch48,ami,100,left,100_left,1,4,192,jpegmix,35.999995,0.862453,33.49653,0.963912,5,0.046641,34.437989,44.411212,35.841234,0.872815,0.394485,0.284155,0.846,cuda
span_ch48,ami,100,right,100_right,1,4,192,jpegmix,33.763275,0.80812,31.082158,0.934424,5,0.078238,32.628109,39.137102,33.652531,0.827995,0.463753,0.327006,0.847,cuda
span_ch48,ami,100,up,100_up,1,4,192,jpegmix,35.104882,0.843029,32.631458,0.958931,5,0.049037,33.702763,43.592473,35.057748,0.852081,0.382966,0.292902,0.865,cuda
span_ch48,ami,100,zoom,100_zoom,1,4,192,jpegmix,33.723885,0.818419,31.085353,0.940604,5,0.07591,32.573929,39.199777,34.311913,0.847769,0.471066,0.337299,0.857,cuda
span_ch48,ami,101,back,101_back,1,4,192,jpegmix,34.727621,0.86393,31.88143,0.951058,5,0.068809,33.914706,39.312528,33.889012,0.861514,0.390501,0.313821,0.833,cuda
span_ch48,ami,101,down,101_down,1,4,192,jpegmix,37.383871,0.904676,34.655945,0.974401,5,0.041935,35.977525,44.571124,37.934529,0.924772,0.33541,0.252848,0.837,cuda
span_ch48,ami,101,front,101_front,1,4,192,jpegmix,35.757684,0.884747,32.903143,0.955325,5,0.06417,35.386701,39.843676,35.019077,0.88491,0.402262,0.309396,0.835,cuda
span_ch48,ami,101,left,101_left,1,4,192,jpegmix,37.837441,0.910797,35.085399,0.975836,5,0.036025,36.387901,45.095283,37.936544,0.925781,0.334885,0.284389,0.846,cuda
span_ch48,ami,101,right,101_right,1,4,192,jpegmix,35.148961,0.871815,32.350898,0.954161,5,0.070812,34.628873,39.504859,34.426442,0.866447,0.392944,0.29472,0.861,cuda
span_ch48,ami,101,up,101_up,1,4,192,jpegmix,36.952479,0.89767,34.217609,0.973693,5,0.043512,35.598938,44.547182,37.406212,0.915156,0.301428,0.257942,0.852,cuda
span_ch48,ami,101,zoom,101_zoom,1,4,192,jpegmix,35.611514,0.881921,32.584539,0.957491,5,0.064701,35.231606,39.813251,35.051662,0.885969,0.391914,0.297189,0.86,cuda
span_ch48,ami,102,back,102_back,1,4,192,jpegmix,34.50903,0.845547,31.66973,0.949273,5,0.070392,33.935404,39.302574,34.185505,0.863576,0.445768,0.301529,0.831,cuda
span_ch48,ami,102,down,102_down,1,4,192,jpegmix,33.689578,0.824515,31.300467,0.9455,5,0.078645,32.933625,38.817251,34.534799,0.869513,0.471928,0.324183,0.859,cuda
span_ch48,ami,102,front,102_front,1,4,192,jpegmix,33.971672,0.833292,31.513992,0.947029,5,0.074609,33.25566,38.966238,34.43834,0.864892,0.456822,0.322301,0.832,cuda
span_ch48,ami,102,left,102_left,1,4,192,jpegmix,34.251761,0.834594,31.768516,0.94633,5,0.074198,33.559369,39.187006,34.74151,0.863752,0.4795,0.317133,0.858,cuda
span_ch48,ami,102,right,102_right,1,4,192,jpegmix,33.484074,0.820421,31.000569,0.942188,5,0.078452,32.669833,38.606433,33.250028,0.838965,0.453868,0.311237,0.862,cuda
span_ch48,ami,102,up,102_up,1,4,192,jpegmix,33.053699,0.806033,30.68921,0.938706,5,0.086788,32.014188,38.517308,33.429629,0.837629,0.470721,0.311864,0.844,cuda
span_ch48,ami,102,zoom,102_zoom,1,4,192,jpegmix,34.352652,0.850295,31.696933,0.951724,5,0.070639,33.619304,39.21652,34.968439,0.87741,0.474291,0.352454,0.853,cuda
span_ch48,ami,103,back,103_back,2,4,192,jpegmix,35.18365,0.874682,32.233909,0.953097,5,0.072454,34.543958,39.583521,34.088257,0.860823,0.387161,0.321949,0.862,cuda
span_ch48,ami,103,down,103_down,2,4,192,jpegmix,38.797176,0.931012,35.419702,0.981301,5,0.030183,37.607916,45.246269,38.262924,0.93453,0.29305,0.287849,0.856,cuda
span_ch48,ami,103,front,103_front,2,4,192,jpegmix,38.053921,0.919102,34.929204,0.97762,5,0.036082,36.871043,44.614006,37.68948,0.924463,0.286382,0.287803,0.825,cuda
span_ch48,ami,103,left,103_left,2,4,192,jpegmix,39.573555,0.936475,36.051613,0.981517,5,0.030529,38.508705,45.652271,38.863197,0.934558,0.277233,0.2639,0.832,cuda
span_ch48,ami,103,right,103_right,2,4,192,jpegmix,36.089986,0.89804,32.924271,0.961485,5,0.05948,35.785937,40.071625,35.104101,0.888467,0.386624,0.299425,0.856,cuda
span_ch48,ami,103,up,103_up,2,4,192,jpegmix,34.925548,0.879764,32.078208,0.957682,5,0.070166,33.742696,39.573089,35.329513,0.887932,0.38522,0.314159,0.844,cuda
span_ch48,ami,103,zoom,103_zoom,2,4,192,jpegmix,38.483358,0.927783,35.055697,0.980956,5,0.032051,37.20665,44.81184,37.815752,0.927683,0.278194,0.247844,0.86,cuda
span_ch48,ami,104,back,104_back,4,4,192,jpegmix,33.707876,0.86866,31.123142,0.950314,5,0.070944,32.760275,38.879635,32.192066,0.858929,0.382073,0.315505,0.833,cuda
span_ch48,ami,104,down,104_down,4,4,192,jpegmix,35.868907,0.900187,33.186156,0.972795,5,0.045224,34.168652,44.810757,34.818251,0.907239,0.300283,0.279764,0.838,cuda
span_ch48,ami,104,front,104_front,4,4,192,jpegmix,34.271223,0.870559,31.733347,0.951135,5,0.073623,33.15878,39.294404,33.099796,0.86206,0.403417,0.319774,0.836,cuda
span_ch48,ami,104,left,104_left,4,4,192,jpegmix,34.152661,0.87248,31.738624,0.951457,5,0.07166,32.927404,39.449094,32.826333,0.859455,0.372183,0.323683,0.832,cuda
span_ch48,ami,104,right,104_right,4,4,192,jpegmix,34.400997,0.878971,31.467315,0.95147,5,0.070243,33.492921,38.97514,32.929736,0.869583,0.38328,0.319939,0.845,cuda
span_ch48,ami,104,up,104_up,4,4,192,jpegmix,33.906118,0.857042,31.320757,0.946761,5,0.075141,32.67622,38.814843,33.034435,0.851378,0.395757,0.322537,0.85,cuda
span_ch48,ami,104,zoom,104_zoom,4,4,192,jpegmix,36.096937,0.904649,33.370647,0.974772,5,0.041988,34.501739,44.623998,35.087137,0.913652,0.297366,0.276648,0.856,cuda
span_ch48,ami,105,back,105_back,5,4,192,jpegmix,36.580681,0.890234,33.502097,0.971386,5,0.045749,35.087434,44.306041,36.088901,0.891967,0.30746,0.287332,0.824,cuda
span_ch48,ami,105,down,105_down,5,4,192,jpegmix,34.911399,0.864555,31.671926,0.954573,5,0.066666,34.095523,39.572443,34.047722,0.868874,0.398944,0.283163,0.837,cuda
span_ch48,ami,105,front,105_front,5,4,192,jpegmix,34.439197,0.854739,31.383174,0.950854,5,0.072264,33.596906,39.178467,33.976987,0.861746,0.383155,0.300453,0.831,cuda
span_ch48,ami,105,left,105_left,5,4,192,jpegmix,37.221686,0.901442,33.895105,0.974056,5,0.041494,35.875947,44.686122,36.703774,0.908553,0.324942,0.286543,0.83,cuda
span_ch48,ami,105,right,105_right,5,4,192,jpegmix,34.460385,0.860743,31.454922,0.951909,5,0.073918,33.758828,39.207725,34.079203,0.859105,0.37286,0.279953,0.837,cuda
span_ch48,ami,105,up,105_up,5,4,192,jpegmix,32.977594,0.833262,30.280209,0.945062,5,0.080292,31.447245,38.681919,33.417967,0.835402,0.430184,0.286426,0.842,cuda
span_ch48,ami,105,zoom,105_zoom,5,4,192,jpegmix,34.62318,0.857981,31.428001,0.954674,5,0.067025,33.852243,39.502163,34.247482,0.865737,0.398158,0.275926,0.861,cuda
span_ch48,ami,106,back,106_back,3,4,192,jpegmix,33.497413,0.810555,31.114706,0.932573,5,0.084614,32.444419,38.817163,34.155627,0.852799,0.507346,0.336823,0.847,cuda
span_ch48,ami,106,down,106_down,3,4,192,jpegmix,33.667872,0.825693,31.304192,0.94314,5,0.07633,32.802894,39.004731,34.643057,0.872615,0.472101,0.344099,0.828,cuda
span_ch48,ami,106,front,106_front,3,4,192,jpegmix,33.92797,0.825302,31.516723,0.941074,5,0.076018,33.059057,39.057184,34.504734,0.866798,0.483496,0.335734,0.843,cuda
span_ch48,ami,106,left,106_left,3,4,192,jpegmix,33.823494,0.830063,31.531355,0.942003,5,0.080921,32.777118,39.352987,34.467014,0.866501,0.47941,0.356312,0.845,cuda
span_ch48,ami,106,right,106_right,3,4,192,jpegmix,34.849367,0.843271,32.517743,0.959956,5,0.057405,33.247555,44.135886,35.674501,0.874585,0.358992,0.28496,0.859,cuda
span_ch48,ami,106,up,106_up,3,4,192,jpegmix,35.858666,0.8637,33.326602,0.966088,5,0.049218,34.355075,44.472697,36.944656,0.898445,0.389915,0.293421,0.828,cuda
span_ch48,ami,106,zoom,106_zoom,3,4,192,jpegmix,36.375997,0.886931,33.702706,0.972579,5,0.045278,35.026578,44.51641,37.981761,0.921265,0.370154,0.294372,0.865,cuda
