model,dataset,subject,view,key,fold,scale,tier,degrade,psnr_y,ssim_y,psnr_rgb,ms_ssim_y,ms_ssim_scales,gmsd,grad_psnr,lr_psnr_y,psnr_y_c,ssim_y_c,lpips,dists,host_ms,device
efdn,ami,000,back,000_back,3,4,96,bicjpeg93,32.176242,0.798427,29.573831,0.952511,4,0.066469,30.389699,42.378649,32.145758,0.846816,0.231697,0.275836,1.382,cuda
efdn,ami,000,down,000_down,3,4,96,bicjpeg93,31.688586,0.814788,29.076907,0.959562,4,0.065005,29.813106,42.13924,30.402668,0.861953,0.247631,0.254773,3.568,cuda
efdn,ami,000,front,000_front,3,4,96,bicjpeg93,31.471384,0.801346,28.92884,0.950483,4,0.077416,29.814798,41.81526,30.611043,0.850412,0.284456,0.290918,1.711,cuda
efdn,ami,000,left,000_left,3,4,96,bicjpeg93,32.168293,0.81748,29.704773,0.956695,4,0.065525,30.37136,42.379594,31.378038,0.847786,0.253725,0.264869,1.797,cuda
efdn,ami,000,right,000_right,3,4,96,bicjpeg93,31.887311,0.810965,29.268142,0.958445,4,0.065192,30.288504,41.59709,32.049233,0.867356,0.272855,0.284118,1.849,cuda
efdn,ami,000,up,000_up,3,4,96,bicjpeg93,31.718811,0.804563,29.087223,0.95463,4,0.061012,30.264437,41.729952,31.559372,0.861429,0.310443,0.289911,1.428,cuda
efdn,ami,000,zoom,000_zoom,3,4,96,bicjpeg93,33.209179,0.877577,30.036171,0.969952,4,0.059946,31.595363,42.224559,33.771385,0.889635,0.237596,0.297781,1.437,cuda
efdn,ami,001,back,001_back,1,4,96,bicjpeg93,33.84108,0.843345,31.154328,0.957105,4,0.052195,32.166232,42.325124,32.186425,0.822253,0.243014,0.294837,1.47,cuda
efdn,ami,001,down,001_down,1,4,96,bicjpeg93,34.727185,0.86694,31.907044,0.96414,4,0.049519,32.910421,43.338696,33.36739,0.896758,0.23118,0.291185,1.519,cuda
efdn,ami,001,front,001_front,1,4,96,bicjpeg93,35.154966,0.871587,32.230138,0.961936,4,0.049875,33.636058,43.111094,33.58235,0.878417,0.241647,0.29695,1.51,cuda
efdn,ami,001,left,001_left,1,4,96,bicjpeg93,35.459991,0.881247,32.827407,0.964241,4,0.048691,33.767946,43.669339,33.218173,0.860627,0.230893,0.289738,1.441,cuda
efdn,ami,001,right,001_right,1,4,96,bicjpeg93,34.227662,0.855303,31.429495,0.961032,4,0.06077,32.62606,42.359882,32.474098,0.853761,0.238596,0.298975,1.482,cuda
efdn,ami,001,up,001_up,1,4,96,bicjpeg93,34.045174,0.854024,31.307823,0.961438,4,0.055432,32.399751,42.795298,32.525613,0.837025,0.220443,0.267744,1.493,cuda
efdn,ami,001,zoom,001_zoom,1,4,96,bicjpeg93,35.155847,0.879944,32.201815,0.967265,4,0.053525,33.347574,42.975036,34.66154,0.899635,0.23014,0.295496,1.451,cuda
efdn,ami,002,back,002_back,1,4,96,bicjpeg93,33.87341,0.836112,30.955476,0.95892,4,0.056526,32.483729,42.113841,33.382848,0.859827,0.283686,0.263561,1.489,cuda
efdn,ami,002,down,002_down,1,4,96,bicjpeg93,33.764826,0.84286,30.795469,0.960743,4,0.059873,31.787775,42.887069,32.101586,0.837555,0.201782,0.286978,1.473,cuda
efdn,ami,002,front,002_front,1,4,96,bicjpeg93,33.666227,0.839128,30.737175,0.96003,4,0.061539,31.88469,42.43308,32.741638,0.824146,0.227953,0.277699,1.492,cuda
efdn,ami,002,left,002_left,1,4,96,bicjpeg93,33.981589,0.834976,31.086775,0.955762,4,0.060749,32.381855,42.564427,33.069275,0.846147,0.226721,0.281872,1.525,cuda
efdn,ami,002,right,002_right,1,4,96,bicjpeg93,33.678116,0.847789,30.666064,0.959743,4,0.059305,32.103875,42.241163,32.956076,0.845053,0.245744,0.293672,1.496,cuda
efdn,ami,002,up,002_up,1,4,96,bicjpeg93,33.623074,0.839087,30.799478,0.956905,4,0.055716,31.74605,42.142536,32.342072,0.820235,0.254423,0.309777,1.496,cuda
efdn,ami,002,zoom,002_zoom,1,4,96,bicjpeg93,34.514328,0.861505,31.322803,0.963826,4,0.051607,32.934909,42.821539,34.00009,0.871756,0.202835,0.27959,1.477,cuda
efdn,ami,003,back,003_back,5,4,96,bicjpeg93,33.724365,0.831988,30.626223,0.957877,4,0.065367,32.013186,42.82466,31.918084,0.798438,0.304913,0.280189,1.468,cuda
efdn,ami,003,down,003_down,5,4,96,bicjpeg93,33.621486,0.834921,30.86533,0.955413,4,0.062113,32.424857,42.730182,31.895502,0.811064,0.273804,0.312312,1.487,cuda
efdn,ami,003,front,003_front,5,4,96,bicjpeg93,33.117082,0.814706,30.360867,0.94971,4,0.06912,31.754855,42.352736,31.370384,0.738831,0.312543,0.274061,1.506,cuda
efdn,ami,003,left,003_left,5,4,96,bicjpeg93,34.421334,0.850917,31.446118,0.960188,4,0.059154,33.180403,43.094044,32.433628,0.808629,0.269586,0.327347,1.504,cuda
efdn,ami,003,right,003_right,5,4,96,bicjpeg93,33.661535,0.841069,30.456811,0.957849,4,0.070116,32.266597,42.373115,31.996337,0.816096,0.27402,0.250714,1.504,cuda
efdn,ami,003,up,003_up,5,4,96,bicjpeg93,33.024535,0.815764,30.337951,0.947791,4,0.072865,31.439554,42.513612,31.379151,0.737392,0.281492,0.290124,1.455,cuda
efdn,ami,003,zoom,003_zoom,5,4,96,bicjpeg93,33.890594,0.843608,30.851544,0.957884,4,0.063868,32.260504,43.084555,33.802677,0.859135,0.264857,0.266268,1.487,cuda
efdn,ami,004,back,004_back,5,4,96,bicjpeg93,33.184229,0.837112,30.79834,0.956366,4,0.066043,30.865046,42.39032,32.326084,0.847452,0.153881,0.304211,1.48,cuda
efdn,ami,004,down,004_down,5,4,96,bicjpeg93,33.106342,0.829062,30.713556,0.959376,4,0.062094,31.038079,42.661476,33.188194,0.885497,0.193423,0.270931,1.491,cuda
efdn,ami,004,front,004_front,5,4,96,bicjpeg93,32.706641,0.823003,30.348479,0.957328,4,0.063298,30.819634,42.518659,31.912708,0.85371,0.164864,0.273765,1.487,cuda
efdn,ami,004,left,004_left,5,4,96,bicjpeg93,34.26583,0.85943,31.61463,0.963925,4,0.059614,32.554678,43.125593,32.866909,0.850832,0.180167,0.274578,1.492,cuda
efdn,ami,004,right,004_right,5,4,96,bicjpeg93,33.628065,0.847831,31.037653,0.960207,4,0.065853,31.884059,42.370174,32.935994,0.878712,0.207029,0.279402,1.49,cuda
efdn,ami,004,up,004_up,5,4,96,bicjpeg93,33.047134,0.827915,30.685216,0.955718,4,0.065882,31.190689,42.490352,31.972325,0.851545,0.190413,0.312963,1.502,cuda
efdn,ami,004,zoom,004_zoom,5,4,96,bicjpeg93,33.634297,0.854862,31.053013,0.963975,4,0.056146,31.64816,42.546493,34.034785,0.859876,0.20261,0.262376,1.481,cuda
efdn,ami,005,back,005_back,4,4,96,bicjpeg93,31.673106,0.809748,29.155925,0.944087,4,0.075267,29.119202,42.411191,32.206216,0.823828,0.330417,0.269516,1.501,cuda
efdn,ami,005,down,005_down,4,4,96,bicjpeg93,33.563902,0.827517,31.227477,0.952527,4,0.057781,31.641572,43.525376,32.743702,0.859549,0.314502,0.311018,1.482,cuda
efdn,ami,005,front,005_front,4,4,96,bicjpeg93,33.267065,0.827941,30.879801,0.949999,4,0.06913,31.26371,42.896607,32.835704,0.850407,0.327486,0.319007,1.511,cuda
efdn,ami,005,left,005_left,4,4,96,bicjpeg93,34.130204,0.853688,31.353482,0.962108,4,0.052351,32.242078,43.662587,32.79548,0.864699,0.28411,0.261786,1.509,cuda
efdn,ami,005,right,005_right,4,4,96,bicjpeg93,33.364241,0.845157,30.408399,0.955281,4,0.059812,31.537606,42.700744,32.322094,0.83686,0.276641,0.277716,1.482,cuda
efdn,ami,005,up,005_up,4,4,96,bicjpeg93,31.996255,0.807504,29.784944,0.944949,4,0.070952,30.090357,42.107331,32.157249,0.807684,0.315161,0.273237,1.527,cuda
efdn,ami,005,zoom,005_zoom,4,4,96,bicjpeg93,33.308338,0.837705,30.847023,0.954683,4,0.070824,31.482811,42.633634,35.091817,0.880636,0.308152,0.308307,1.867,cuda
efdn,ami,007,back,007_back,5,4,96,bicjpeg93,33.819762,0.84461,31.420333,0.956774,4,0.060629,31.71949,42.840642,32.879938,0.866096,0.140219,0.234705,1.869,cuda
efdn,ami,007,down,007_down,5,4,96,bicjpeg93,33.672444,0.842422,31.497502,0.957903,4,0.060776,31.819494,42.974411,32.640799,0.830593,0.227585,0.27105,1.476,cuda
efdn,ami,007,front,007_front,5,4,96,bicjpeg93,34.096531,0.860479,31.831025,0.962143,4,0.054107,32.565529,43.697263,32.98456,0.875875,0.196014,0.293188,1.497,cuda
efdn,ami,007,left,007_left,5,4,96,bicjpeg93,35.128165,0.873029,32.681528,0.967124,4,0.049514,33.616228,44.307894,33.944471,0.846769,0.294534,0.270509,1.495,cuda
efdn,ami,007,right,007_right,5,4,96,bicjpeg93,34.317478,0.872684,31.607739,0.96767,4,0.053244,32.441619,42.919213,33.464185,0.871844,0.219282,0.250181,1.479,cuda
efdn,ami,007,up,007_up,5,4,96,bicjpeg93,33.870657,0.847754,31.630096,0.957327,4,0.061672,32.159806,42.609706,33.376353,0.857337,0.229007,0.294724,1.507,cuda
efdn,ami,007,zoom,007_zoom,5,4,96,bicjpeg93,34.017022,0.867188,31.58115,0.962865,4,0.063543,31.792495,43.098668,34.030679,0.88727,0.193449,0.265909,1.513,cuda
efdn,ami,008,back,008_back,5,4,96,bicjpeg93,34.12742,0.860338,31.411461,0.961362,4,0.056991,32.412893,43.274393,32.560124,0.846121,0.193518,0.259927,1.487,cuda
efdn,ami,008,down,008_down,5,4,96,bicjpeg93,33.889147,0.858947,31.50689,0.962098,4,0.056369,32.263472,43.400126,31.554672,0.824927,0.238758,0.295789,1.481,cuda
efdn,ami,008,front,008_front,5,4,96,bicjpeg93,32.954817,0.847324,30.694905,0.959091,4,0.068595,31.588161,42.272454,31.728997,0.801268,0.196475,0.30181,1.505,cuda
efdn,ami,008,left,008_left,5,4,96,bicjpeg93,34.166947,0.864262,31.653339,0.964822,4,0.062628,32.613148,42.923676,32.242792,0.829588,0.234413,0.289612,1.504,cuda
efdn,ami,008,right,008_right,5,4,96,bicjpeg93,33.215271,0.852068,30.900143,0.959117,4,0.06331,31.792785,42.531566,32.691518,0.847764,0.232575,0.318156,1.482,cuda
efdn,ami,008,up,008_up,5,4,96,bicjpeg93,33.097416,0.846893,30.855752,0.960357,4,0.062685,31.630914,42.607758,32.808431,0.836259,0.258415,0.305085,1.488,cuda
efdn,ami,008,zoom,008_zoom,5,4,96,bicjpeg93,33.636223,0.862991,31.25774,0.96198,4,0.055702,32.109671,42.809297,33.448062,0.851498,0.18906,0.291086,1.496,cuda
efdn,ami,009,back,009_back,4,4,96,bicjpeg93,33.7172,0.872595,31.070784,0.964535,4,0.057059,31.855481,42.662963,32.849275,0.834516,0.159552,0.246219,1.485,cuda
efdn,ami,009,down,009_down,4,4,96,bicjpeg93,34.017486,0.87306,31.01934,0.965007,4,0.051896,32.539936,42.930546,32.83941,0.883284,0.20007,0.246117,1.485,cuda
efdn,ami,009,front,009_front,4,4,96,bicjpeg93,31.867008,0.87859,29.31777,0.968944,4,0.048597,29.253501,42.889085,33.391434,0.885982,0.209486,0.275143,1.486,cuda
efdn,ami,009,left,009_left,4,4,96,bicjpeg93,34.303485,0.868458,31.26651,0.962182,4,0.053451,32.902695,42.971234,32.88936,0.847414,0.237762,0.271102,1.503,cuda
efdn,ami,009,right,009_right,4,4,96,bicjpeg93,33.576127,0.864874,30.460735,0.964149,4,0.056632,31.686822,42.363624,32.676783,0.839067,0.228804,0.25056,1.502,cuda
efdn,ami,009,up,009_up,4,4,96,bicjpeg93,32.161133,0.833048,29.303141,0.959776,4,0.062801,30.403865,42.26302,32.602104,0.846417,0.199531,0.264325,1.506,cuda
efdn,ami,009,zoom,009_zoom,4,4,96,bicjpeg93,33.97757,0.887197,30.773886,0.969792,4,0.049737,32.105083,43.023386,34.758591,0.886289,0.218849,0.267246,1.504,cuda
efdn,ami,010,back,010_back,2,4,96,bicjpeg93,33.976811,0.834814,31.113988,0.957069,4,0.054981,32.342304,42.578462,32.959325,0.838705,0.311227,0.315952,1.507,cuda
efdn,ami,010,down,010_down,2,4,96,bicjpeg93,34.067479,0.853191,31.104586,0.962942,4,0.053628,32.412292,42.911608,32.906813,0.852109,0.273994,0.290032,1.505,cuda
efdn,ami,010,front,010_front,2,4,96,bicjpeg93,33.532559,0.844725,30.744665,0.960744,4,0.058909,31.882313,42.549714,32.277528,0.830179,0.262285,0.30477,1.469,cuda
efdn,ami,010,left,010_left,2,4,96,bicjpeg93,34.11649,0.857863,31.151421,0.963963,4,0.055124,32.269143,43.011456,33.117855,0.845718,0.263852,0.276675,1.516,cuda
efdn,ami,010,right,010_right,2,4,96,bicjpeg93,33.759372,0.850675,30.930077,0.961542,4,0.056585,32.116529,42.599318,32.657309,0.832844,0.28319,0.312715,1.517,cuda
efdn,ami,010,up,010_up,2,4,96,bicjpeg93,33.769351,0.849808,30.946031,0.961319,4,0.056993,32.0591,42.53449,32.31067,0.818165,0.281617,0.324589,1.496,cuda
efdn,ami,010,zoom,010_zoom,2,4,96,bicjpeg93,34.159602,0.859851,31.255072,0.96339,4,0.059334,32.33988,43.011687,33.017891,0.840687,0.271072,0.311566,1.486,cuda
efdn,ami,011,back,011_back,5,4,96,bicjpeg93,33.650946,0.864915,30.863,0.962572,4,0.070085,32.085203,42.184961,32.45973,0.842948,0.217792,0.261611,1.481,cuda
efdn,ami,011,down,011_down,5,4,96,bicjpeg93,33.274762,0.855383,30.532659,0.963345,4,0.056874,31.764903,42.161514,33.187192,0.870101,0.210352,0.277635,1.508,cuda
efdn,ami,011,front,011_front,5,4,96,bicjpeg93,33.070941,0.84803,30.434276,0.960747,4,0.060674,31.302393,42.26269,32.446321,0.861539,0.232246,0.282493,1.517,cuda
efdn,ami,011,left,011_left,5,4,96,bicjpeg93,33.594991,0.844653,31.063317,0.959557,4,0.063099,31.947455,42.769143,31.92331,0.818465,0.247991,0.286646,1.534,cuda
efdn,ami,011,right,011_right,5,4,96,bicjpeg93,33.67851,0.860473,30.883733,0.9622,4,0.05767,32.260583,42.238046,32.719675,0.834358,0.221031,0.281539,1.621,cuda
efdn,ami,011,up,011_up,5,4,96,bicjpeg93,33.231095,0.855367,30.591523,0.962623,4,0.058238,31.65701,41.89442,32.664326,0.844902,0.223102,0.28103,1.51,cuda
efdn,ami,011,zoom,011_zoom,5,4,96,bicjpeg93,34.115135,0.881626,31.251021,0.967848,4,0.052395,32.559665,42.709696,32.92726,0.863117,0.245411,0.271396,1.503,cuda
efdn,ami,012,back,012_back,3,4,96,bicjpeg93,34.060102,0.867739,31.180581,0.960472,4,0.059661,31.861329,43.354019,31.063758,0.782024,0.145624,0.245137,1.513,cuda
efdn,ami,012,down,012_down,3,4,96,bicjpeg93,34.34332,0.873109,31.375265,0.961673,4,0.058725,32.043248,42.979881,32.13724,0.865973,0.186139,0.246739,1.489,cuda
efdn,ami,012,front,012_front,3,4,96,bicjpeg93,34.20879,0.870173,30.981329,0.962695,4,0.055703,32.107345,42.610487,32.011258,0.821381,0.178234,0.275728,1.5,cuda
efdn,ami,012,left,012_left,3,4,96,bicjpeg93,34.462081,0.872651,31.47151,0.961446,4,0.05935,32.237011,43.056553,32.025162,0.842634,0.168629,0.3067,1.492,cuda
efdn,ami,012,right,012_right,3,4,96,bicjpeg93,34.795954,0.884887,31.458795,0.966829,4,0.050262,32.819483,43.303197,32.585444,0.85641,0.165491,0.245221,1.492,cuda
efdn,ami,012,up,012_up,3,4,96,bicjpeg93,34.063489,0.85875,30.818429,0.959328,4,0.062401,32.165227,42.702701,31.722022,0.814381,0.228331,0.271401,1.497,cuda
efdn,ami,012,zoom,012_zoom,3,4,96,bicjpeg93,34.749968,0.880104,31.43834,0.964001,4,0.052008,32.600273,42.544116,33.056812,0.844263,0.181808,0.262461,1.479,cuda
efdn,ami,013,back,013_back,1,4,96,bicjpeg93,33.507287,0.855953,30.975179,0.960309,4,0.059473,31.974013,42.674444,33.384355,0.861775,0.222246,0.251899,1.476,cuda
efdn,ami,013,down,013_down,1,4,96,bicjpeg93,33.82979,0.858138,31.291012,0.958316,4,0.058528,31.768153,43.173307,32.0909,0.840067,0.210385,0.252585,1.478,cuda
efdn,ami,013,front,013_front,1,4,96,bicjpeg93,34.209912,0.857109,31.573238,0.954442,4,0.058949,32.77655,42.785053,32.521945,0.838555,0.220715,0.252335,1.502,cuda
efdn,ami,013,left,013_left,1,4,96,bicjpeg93,34.515502,0.863591,31.828564,0.9597,4,0.055002,32.930242,43.038209,33.012966,0.86385,0.193581,0.254761,1.491,cuda
efdn,ami,013,right,013_right,1,4,96,bicjpeg93,33.979563,0.855937,31.292814,0.955018,4,0.058676,32.255849,42.339371,32.985651,0.832794,0.219995,0.246531,1.488,cuda
efdn,ami,013,up,013_up,1,4,96,bicjpeg93,33.185829,0.832481,30.62592,0.950173,4,0.06073,31.597379,42.42671,32.080769,0.785762,0.242886,0.266329,1.488,cuda
efdn,ami,013,zoom,013_zoom,1,4,96,bicjpeg93,34.687746,0.87505,31.867946,0.962873,4,0.053205,33.118238,42.611694,34.073202,0.88414,0.222018,0.253503,1.497,cuda
efdn,ami,014,back,014_back,5,4,96,bicjpeg93,33.622121,0.829626,30.559613,0.956294,4,0.058067,31.978178,42.495889,33.043833,0.813883,0.270708,0.301088,1.489,cuda
efdn,ami,014,down,014_down,5,4,96,bicjpeg93,33.835773,0.848721,30.890272,0.962063,4,0.057157,32.186512,42.621637,32.565648,0.829487,0.242257,0.28707,1.488,cuda
efdn,ami,014,front,014_front,5,4,96,bicjpeg93,34.040228,0.853409,31.017725,0.961419,4,0.056225,32.062148,42.616069,33.140051,0.843873,0.229595,0.285589,1.51,cuda
efdn,ami,014,left,014_left,5,4,96,bicjpeg93,33.814163,0.836932,30.968344,0.957415,4,0.065146,32.152021,42.977638,31.984842,0.803512,0.246068,0.281116,1.641,cuda
efdn,ami,014,right,014_right,5,4,96,bicjpeg93,33.776694,0.864209,30.911053,0.965045,4,0.056393,31.416697,42.925017,33.920385,0.862185,0.215979,0.273353,1.49,cuda
efdn,ami,014,up,014_up,5,4,96,bicjpeg93,33.470596,0.841916,30.516212,0.960718,4,0.05242,31.446661,42.519451,33.531064,0.840431,0.236519,0.273054,1.49,cuda
efdn,ami,014,zoom,014_zoom,5,4,96,bicjpeg93,33.650774,0.85225,30.690596,0.963223,4,0.060227,31.72807,42.535305,33.901391,0.859481,0.227604,0.283065,1.49,cuda
efdn,ami,018,back,018_back,1,4,96,bicjpeg93,34.977295,0.885968,31.778652,0.968583,4,0.059598,33.221833,43.350724,33.133028,0.872856,0.125701,0.277522,1.508,cuda
efdn,ami,018,down,018_down,1,4,96,bicjpeg93,34.655652,0.895959,31.600012,0.970732,4,0.052049,32.685115,43.555759,30.975431,0.871265,0.149504,0.28901,1.504,cuda
efdn,ami,018,front,018_front,1,4,96,bicjpeg93,34.604191,0.891988,31.527089,0.968824,4,0.054374,32.574555,43.173794,31.2902,0.854876,0.13825,0.2833,1.514,cuda
efdn,ami,018,left,018_left,1,4,96,bicjpeg93,36.236885,0.906828,32.841578,0.974525,4,0.053349,34.692815,44.224124,33.198604,0.876795,0.139177,0.285142,1.526,cuda
efdn,ami,018,right,018_right,1,4,96,bicjpeg93,34.509967,0.89664,31.389,0.972831,4,0.054284,32.073114,43.514772,31.62278,0.857139,0.116845,0.26901,1.491,cuda
efdn,ami,018,up,018_up,1,4,96,bicjpeg93,34.296403,0.89501,31.347761,0.970251,4,0.057113,31.926397,42.990321,31.381394,0.86519,0.174237,0.297737,1.496,cuda
efdn,ami,018,zoom,018_zoom,1,4,96,bicjpeg93,34.271375,0.88728,31.167595,0.968164,4,0.052384,32.071926,42.8868,32.318223,0.873649,0.117888,0.29162,1.5,cuda
efdn,ami,019,back,019_back,4,4,96,bicjpeg93,33.288516,0.857727,30.559948,0.957981,4,0.061219,31.303812,42.48376,31.779312,0.7896,0.180099,0.31254,1.502,cuda
efdn,ami,019,down,019_down,4,4,96,bicjpeg93,32.369906,0.856436,29.87938,0.964346,4,0.068644,30.552709,41.708069,31.843157,0.851183,0.205855,0.294807,1.491,cuda
efdn,ami,019,front,019_front,4,4,96,bicjpeg93,32.675422,0.854889,30.110559,0.964656,4,0.060394,30.54018,41.858418,31.986694,0.834696,0.206518,0.296384,1.523,cuda
efdn,ami,019,left,019_left,4,4,96,bicjpeg93,32.540638,0.861158,29.957164,0.968232,4,0.058716,30.283469,42.002439,31.352706,0.833792,0.158614,0.294065,1.5,cuda
efdn,ami,019,right,019_right,4,4,96,bicjpeg93,32.357873,0.854396,29.975824,0.961816,4,0.067602,30.109353,42.642771,31.633105,0.810947,0.200876,0.269256,1.493,cuda
efdn,ami,019,up,019_up,4,4,96,bicjpeg93,32.596554,0.853541,30.09955,0.962891,4,0.061992,30.335778,42.153977,32.011663,0.831178,0.200327,0.305362,1.488,cuda
efdn,ami,019,zoom,019_zoom,4,4,96,bicjpeg93,32.748115,0.861696,30.039022,0.964947,4,0.062513,30.894326,41.912423,33.316137,0.853714,0.186325,0.307423,1.491,cuda
efdn,ami,020,back,020_back,1,4,96,bicjpeg93,33.931543,0.853266,31.183404,0.957517,4,0.060489,31.954573,42.630225,32.400003,0.837651,0.186015,0.272569,1.504,cuda
efdn,ami,020,down,020_down,1,4,96,bicjpeg93,34.096574,0.859934,31.439411,0.962563,4,0.053086,32.414856,42.976602,31.67162,0.851087,0.239118,0.273161,1.479,cuda
efdn,ami,020,front,020_front,1,4,96,bicjpeg93,33.92805,0.851619,31.297682,0.959657,4,0.055343,32.322884,42.568484,32.183668,0.845706,0.272234,0.292808,1.51,cuda
efdn,ami,020,left,020_left,1,4,96,bicjpeg93,34.616023,0.870145,31.89199,0.964773,4,0.05272,33.317003,43.238567,32.500797,0.857013,0.231522,0.270246,1.523,cuda
efdn,ami,020,right,020_right,1,4,96,bicjpeg93,33.746835,0.865831,30.896361,0.964235,4,0.056373,31.887108,42.07981,32.433319,0.856164,0.230391,0.257404,1.518,cuda
efdn,ami,020,up,020_up,1,4,96,bicjpeg93,33.945006,0.850091,31.103806,0.959022,4,0.054284,32.430999,42.08572,32.820807,0.84197,0.26835,0.275308,1.537,cuda
efdn,ami,020,zoom,020_zoom,1,4,96,bicjpeg93,34.248791,0.869781,31.356784,0.963843,4,0.050566,32.587173,43.054923,33.256105,0.867442,0.296443,0.277938,1.51,cuda
efdn,ami,021,back,021_back,2,4,96,bicjpeg93,34.48684,0.844819,31.916436,0.958202,4,0.055192,32.838517,43.277886,33.02546,0.84043,0.246151,0.297833,1.505,cuda
efdn,ami,021,down,021_down,2,4,96,bicjpeg93,34.515019,0.855622,32.118108,0.962098,4,0.054812,33.440799,43.021077,33.047797,0.855219,0.256819,0.280905,1.489,cuda
efdn,ami,021,front,021_front,2,4,96,bicjpeg93,34.841444,0.853591,32.414744,0.956194,4,0.053944,33.580264,43.065614,33.1393,0.837229,0.211093,0.259635,1.491,cuda
efdn,ami,021,left,021_left,2,4,96,bicjpeg93,35.576486,0.871238,33.030449,0.964652,4,0.050328,34.406631,44.050291,33.923515,0.849001,0.234595,0.261399,1.526,cuda
efdn,ami,021,right,021_right,2,4,96,bicjpeg93,34.733729,0.862821,32.113125,0.964254,4,0.051737,33.274689,42.757111,33.318815,0.871078,0.261986,0.260677,1.51,cuda
efdn,ami,021,up,021_up,2,4,96,bicjpeg93,34.245364,0.851197,31.862152,0.959251,4,0.055481,32.7516,43.063511,32.921341,0.833861,0.216935,0.263672,1.516,cuda
efdn,ami,021,zoom,021_zoom,2,4,96,bicjpeg93,35.678608,0.885367,33.064129,0.968079,4,0.045868,34.400274,43.676411,33.87772,0.854966,0.203585,0.276613,1.521,cuda
efdn,ami,022,back,022_back,2,4,96,bicjpeg93,35.868388,0.905193,32.602287,0.972508,4,0.044832,33.733803,44.127588,32.395401,0.872845,0.127848,0.234203,1.495,cuda
efdn,ami,022,down,022_down,2,4,96,bicjpeg93,35.012054,0.887932,31.877269,0.9648,4,0.057554,33.191651,43.577218,31.449568,0.843256,0.165765,0.259987,1.496,cuda
efdn,ami,022,front,022_front,2,4,96,bicjpeg93,34.558092,0.881029,31.514004,0.965108,4,0.059323,32.458369,43.567009,30.812993,0.819327,0.13907,0.237377,1.495,cuda
efdn,ami,022,left,022_left,2,4,96,bicjpeg93,35.658619,0.901027,32.370877,0.968379,4,0.053165,33.560268,44.261009,31.758278,0.815956,0.187967,0.261146,1.509,cuda
efdn,ami,022,right,022_right,2,4,96,bicjpeg93,34.750531,0.884089,31.919701,0.965118,4,0.064189,32.769333,43.070936,31.350879,0.820112,0.144796,0.235737,1.474,cuda
efdn,ami,022,up,022_up,2,4,96,bicjpeg93,34.886876,0.892459,31.835191,0.968829,4,0.050965,32.887579,43.445294,31.877747,0.838393,0.194198,0.239026,1.493,cuda
efdn,ami,022,zoom,022_zoom,2,4,96,bicjpeg93,35.235723,0.891681,31.936813,0.969013,4,0.056312,32.977562,43.241975,33.290948,0.868635,0.189547,0.275819,1.493,cuda
efdn,ami,023,back,023_back,5,4,96,bicjpeg93,33.370561,0.833181,30.833942,0.956486,4,0.058117,31.66836,42.213851,32.775002,0.832839,0.202148,0.270167,1.493,cuda
efdn,ami,023,down,023_down,5,4,96,bicjpeg93,33.987329,0.854302,31.391823,0.960425,4,0.064717,32.414508,42.666558,33.279077,0.866799,0.181072,0.244788,1.473,cuda
efdn,ami,023,front,023_front,5,4,96,bicjpeg93,33.46777,0.837784,30.993973,0.954006,4,0.060593,31.542594,42.344148,32.862943,0.844272,0.174118,0.259495,1.484,cuda
efdn,ami,023,left,023_left,5,4,96,bicjpeg93,35.817722,0.881966,32.945952,0.965889,4,0.051819,34.891623,43.62451,34.952009,0.888611,0.267549,0.286544,1.484,cuda
efdn,ami,023,right,023_right,5,4,96,bicjpeg93,33.481137,0.845653,30.715005,0.957842,4,0.060093,31.574885,42.365822,33.509584,0.85994,0.221885,0.26732,1.493,cuda
efdn,ami,023,up,023_up,5,4,96,bicjpeg93,33.52979,0.842969,30.982702,0.959086,4,0.059784,32.163377,42.467996,33.263082,0.869706,0.240001,0.284094,1.501,cuda
efdn,ami,023,zoom,023_zoom,5,4,96,bicjpeg93,34.510281,0.880961,31.613091,0.966655,4,0.052956,32.721953,42.670481,34.70895,0.900778,0.188401,0.247002,1.512,cuda
efdn,ami,024,back,024_back,3,4,96,bicjpeg93,34.904417,0.880946,31.933002,0.969291,4,0.050399,33.31102,42.659886,32.363977,0.840491,0.135063,0.238845,1.489,cuda
efdn,ami,024,down,024_down,3,4,96,bicjpeg93,34.98707,0.878987,31.720606,0.966375,4,0.053405,33.351338,43.340984,32.270659,0.867186,0.17795,0.274808,1.486,cuda
efdn,ami,024,front,024_front,3,4,96,bicjpeg93,34.528698,0.873903,31.492189,0.967847,4,0.054814,32.713508,43.445078,31.750388,0.853075,0.170465,0.268991,1.499,cuda
efdn,ami,024,left,024_left,3,4,96,bicjpeg93,34.719321,0.871044,31.774456,0.966275,4,0.054627,32.591935,43.395073,32.217319,0.851412,0.189163,0.283829,1.504,cuda
efdn,ami,024,right,024_right,3,4,96,bicjpeg93,34.796737,0.893537,31.557548,0.972602,4,0.048835,32.716871,43.234657,32.207401,0.868263,0.131975,0.254712,1.494,cuda
efdn,ami,024,up,024_up,3,4,96,bicjpeg93,33.898169,0.86717,30.992813,0.963476,4,0.057629,31.935132,42.814783,31.945904,0.809292,0.15801,0.260323,1.497,cuda
efdn,ami,024,zoom,024_zoom,3,4,96,bicjpeg93,34.537697,0.88065,31.22123,0.968664,4,0.054481,32.751365,42.611602,33.349875,0.879439,0.137782,0.259392,1.487,cuda
efdn,ami,025,back,025_back,2,4,96,bicjpeg93,33.339638,0.842377,31.04623,0.957088,4,0.06415,31.449631,42.413939,32.693606,0.83053,0.19376,0.281764,1.503,cuda
efdn,ami,025,down,025_down,2,4,96,bicjpeg93,33.769681,0.865572,31.322208,0.963133,4,0.063806,32.068344,42.586546,33.449311,0.896657,0.174607,0.236132,1.507,cuda
efdn,ami,025,front,025_front,2,4,96,bicjpeg93,33.130394,0.845211,30.84746,0.957781,4,0.073677,31.286876,42.056919,33.309677,0.883547,0.214834,0.288134,1.496,cuda
efdn,ami,025,left,025_left,2,4,96,bicjpeg93,34.445579,0.864501,31.986677,0.962476,4,0.053963,32.750317,42.686161,33.428399,0.877361,0.179826,0.267391,1.492,cuda
efdn,ami,025,right,025_right,2,4,96,bicjpeg93,33.379198,0.848831,30.713049,0.960739,4,0.068247,31.652178,42.209063,33.31801,0.891648,0.164237,0.237399,1.47,cuda
efdn,ami,025,up,025_up,2,4,96,bicjpeg93,33.001681,0.845956,30.599621,0.958917,4,0.068195,31.22072,41.884535,32.668723,0.850352,0.231651,0.282394,1.495,cuda
efdn,ami,025,zoom,025_zoom,2,4,96,bicjpeg93,34.313474,0.883012,31.704955,0.967896,4,0.05877,32.589512,42.482574,34.437769,0.902396,0.178956,0.251583,1.507,cuda
efdn,ami,026,back,026_back,1,4,96,bicjpeg93,34.217289,0.866985,31.02567,0.963121,4,0.060523,32.018361,42.633007,33.491824,0.859004,0.17651,0.250143,1.512,cuda
efdn,ami,026,down,026_down,1,4,96,bicjpeg93,35.049768,0.888278,31.797437,0.967504,4,0.04823,33.407349,42.546126,33.376994,0.876911,0.161707,0.241961,1.492,cuda
efdn,ami,026,front,026_front,1,4,96,bicjpeg93,34.292405,0.880701,31.302548,0.967787,4,0.048185,31.942837,42.801628,33.988378,0.887811,0.162612,0.246328,1.516,cuda
efdn,ami,026,left,026_left,1,4,96,bicjpeg93,35.026338,0.884912,31.995755,0.965461,4,0.063487,33.411278,42.916698,33.14216,0.883565,0.193043,0.267524,1.486,cuda
efdn,ami,026,right,026_right,1,4,96,bicjpeg93,34.357679,0.869577,31.346286,0.96304,4,0.057769,32.369263,42.572122,33.975695,0.885203,0.17122,0.237735,1.517,cuda
efdn,ami,026,up,026_up,1,4,96,bicjpeg93,34.040367,0.872322,31.093334,0.964854,4,0.060342,31.821697,42.241046,32.645269,0.840499,0.2082,0.274863,1.494,cuda
efdn,ami,026,zoom,026_zoom,1,4,96,bicjpeg93,34.704567,0.895205,31.505592,0.96968,4,0.053038,32.486372,42.415555,34.002785,0.8813,0.16678,0.238384,1.501,cuda
efdn,ami,027,back,027_back,3,4,96,bicjpeg93,34.037643,0.873904,31.467865,0.965845,4,0.056282,31.656029,42.738933,32.651511,0.849797,0.127211,0.23592,1.499,cuda
efdn,ami,027,down,027_down,3,4,96,bicjpeg93,34.474909,0.877458,31.757988,0.968958,4,0.050289,32.3818,42.861898,34.30982,0.883464,0.189191,0.29748,1.483,cuda
efdn,ami,027,front,027_front,3,4,96,bicjpeg93,33.840633,0.870634,31.28832,0.967593,4,0.049788,31.390613,42.883501,33.476491,0.865306,0.166807,0.262137,1.494,cuda
efdn,ami,027,left,027_left,3,4,96,bicjpeg93,34.645467,0.885969,31.896857,0.972568,4,0.05219,32.818956,42.769382,34.082803,0.882293,0.145755,0.258766,1.486,cuda
efdn,ami,027,right,027_right,3,4,96,bicjpeg93,34.425714,0.882596,31.60838,0.970521,4,0.048026,32.446665,42.810333,33.551311,0.850132,0.192595,0.245752,1.495,cuda
efdn,ami,027,up,027_up,3,4,96,bicjpeg93,34.159663,0.875551,31.44777,0.969598,4,0.051458,31.995272,42.784742,33.180716,0.855647,0.177173,0.274623,1.474,cuda
efdn,ami,027,zoom,027_zoom,3,4,96,bicjpeg93,34.185349,0.881276,31.371309,0.96988,4,0.0541,31.952627,42.923229,34.064601,0.86755,0.177548,0.267822,1.483,cuda
efdn,ami,028,back,028_back,2,4,96,bicjpeg93,33.837723,0.862844,31.197245,0.958782,4,0.059253,31.969298,42.676125,32.727571,0.824444,0.180456,0.293632,1.485,cuda
efdn,ami,028,down,028_down,2,4,96,bicjpeg93,32.704581,0.832839,30.381262,0.954931,4,0.067739,30.853357,42.442192,31.708498,0.841496,0.225288,0.300121,1.482,cuda
efdn,ami,028,front,028_front,2,4,96,bicjpeg93,33.141802,0.844154,30.757583,0.957081,4,0.061982,31.438233,42.334537,31.705339,0.82341,0.244012,0.279847,1.477,cuda
efdn,ami,028,left,028_left,2,4,96,bicjpeg93,33.690003,0.863956,31.240912,0.961695,4,0.057398,31.773136,42.322745,32.389935,0.839475,0.246478,0.282521,1.482,cuda
efdn,ami,028,right,028_right,2,4,96,bicjpeg93,32.748599,0.831204,30.307219,0.954062,4,0.064293,31.146762,41.861935,32.845225,0.830583,0.214743,0.272971,1.488,cuda
efdn,ami,028,up,028_up,2,4,96,bicjpeg93,32.792002,0.833078,30.4615,0.950962,4,0.068737,31.162445,41.745413,31.758006,0.80946,0.219427,0.274642,1.488,cuda
efdn,ami,028,zoom,028_zoom,2,4,96,bicjpeg93,33.0183,0.841268,30.579278,0.956062,4,0.059841,31.244087,42.011485,33.228229,0.856375,0.235095,0.285338,1.48,cuda
efdn,ami,029,back,029_back,5,4,96,bicjpeg93,33.598487,0.821776,30.59397,0.949902,4,0.057576,32.145552,42.615667,32.514404,0.808918,0.267007,0.272838,1.49,cuda
efdn,ami,029,down,029_down,5,4,96,bicjpeg93,33.237241,0.824524,30.571861,0.950209,4,0.063951,31.253747,42.691527,31.996783,0.805052,0.20099,0.303043,1.517,cuda
efdn,ami,029,front,029_front,5,4,96,bicjpeg93,33.150309,0.817661,30.412516,0.946563,4,0.065875,31.452096,42.432137,32.956475,0.833237,0.272659,0.282244,1.507,cuda
efdn,ami,029,left,029_left,5,4,96,bicjpeg93,34.295848,0.845101,31.251698,0.956992,4,0.054506,32.687311,43.079333,33.083105,0.851136,0.298655,0.306519,1.515,cuda
efdn,ami,029,right,029_right,5,4,96,bicjpeg93,33.944481,0.841091,30.871246,0.957183,4,0.061132,32.56242,42.764654,34.08563,0.862879,0.256038,0.279333,1.51,cuda
efdn,ami,029,up,029_up,5,4,96,bicjpeg93,33.10179,0.814747,30.384321,0.946133,4,0.063382,31.329812,42.265425,32.785958,0.819319,0.293993,0.267902,1.501,cuda
efdn,ami,029,zoom,029_zoom,5,4,96,bicjpeg93,33.907765,0.84698,31.012524,0.956754,4,0.062593,32.456094,42.595051,33.898418,0.849793,0.275566,0.30077,1.509,cuda
efdn,ami,030,back,030_back,1,4,96,bicjpeg93,34.220693,0.865497,30.858528,0.96713,4,0.049583,32.309014,42.663474,33.24653,0.859335,0.168823,0.276718,1.509,cuda
efdn,ami,030,down,030_down,1,4,96,bicjpeg93,33.342757,0.845661,30.637278,0.955524,4,0.061742,31.623832,42.352575,31.113055,0.820378,0.196251,0.27036,1.501,cuda
efdn,ami,030,front,030_front,1,4,96,bicjpeg93,33.911219,0.857701,31.005837,0.961755,4,0.056914,31.94573,42.553729,32.382685,0.852621,0.207531,0.258071,1.504,cuda
efdn,ami,030,left,030_left,1,4,96,bicjpeg93,33.662779,0.851905,30.783486,0.959105,4,0.065161,31.54433,42.951171,31.757147,0.839342,0.173263,0.2788,1.479,cuda
efdn,ami,030,right,030_right,1,4,96,bicjpeg93,33.272089,0.851153,30.438566,0.961216,4,0.065203,31.398846,42.416441,31.349308,0.833868,0.217062,0.273074,1.469,cuda
efdn,ami,030,up,030_up,1,4,96,bicjpeg93,33.490611,0.848087,30.596733,0.959968,4,0.05356,31.719836,42.059655,32.928385,0.841375,0.252429,0.279955,1.476,cuda
efdn,ami,030,zoom,030_zoom,1,4,96,bicjpeg93,33.82079,0.866107,30.868426,0.963847,4,0.056533,31.876004,42.53721,32.782349,0.856749,0.222523,0.273347,1.514,cuda
efdn,ami,031,back,031_back,5,4,96,bicjpeg93,33.843016,0.85699,30.802957,0.960969,4,0.056931,32.064372,42.572129,32.572093,0.834854,0.186687,0.230318,1.499,cuda
efdn,ami,031,down,031_down,5,4,96,bicjpeg93,33.599682,0.867268,30.720699,0.965718,4,0.053133,31.685959,42.535555,32.499318,0.841545,0.274293,0.256258,1.492,cuda
efdn,ami,031,front,031_front,5,4,96,bicjpeg93,33.829705,0.867714,30.841048,0.964709,4,0.05253,32.005297,42.366354,32.125499,0.830606,0.247625,0.27197,1.487,cuda
efdn,ami,031,left,031_left,5,4,96,bicjpeg93,33.175146,0.857246,30.509768,0.96297,4,0.06016,30.947801,42.694157,31.637704,0.803421,0.224532,0.283359,1.492,cuda
efdn,ami,031,right,031_right,5,4,96,bicjpeg93,34.013131,0.866172,31.025517,0.965177,4,0.058168,32.403201,42.646802,32.612901,0.835723,0.206741,0.28033,1.523,cuda
efdn,ami,031,up,031_up,5,4,96,bicjpeg93,33.529951,0.858395,30.748921,0.964478,4,0.054252,31.647686,42.669004,32.667423,0.830602,0.244954,0.253014,1.508,cuda
efdn,ami,031,zoom,031_zoom,5,4,96,bicjpeg93,33.853593,0.868213,30.878871,0.964698,4,0.054502,31.966611,42.585177,32.890173,0.836718,0.274428,0.272807,1.503,cuda
efdn,ami,032,back,032_back,3,4,96,bicjpeg93,33.064611,0.866218,30.074337,0.961126,4,0.062435,30.365803,42.893666,31.468969,0.815343,0.151413,0.270126,1.491,cuda
efdn,ami,032,down,032_down,3,4,96,bicjpeg93,34.303835,0.882211,31.027212,0.967878,4,0.055003,31.928011,43.436864,31.448328,0.828658,0.1605,0.259462,1.491,cuda
efdn,ami,032,front,032_front,3,4,96,bicjpeg93,34.058383,0.884013,30.879714,0.967966,4,0.053016,31.711229,43.07797,31.650062,0.854113,0.168622,0.300086,1.511,cuda
efdn,ami,032,left,032_left,3,4,96,bicjpeg93,34.053925,0.889157,30.99102,0.969529,4,0.055831,31.415114,43.373355,33.112151,0.874211,0.149656,0.261379,1.537,cuda
efdn,ami,032,right,032_right,3,4,96,bicjpeg93,33.472553,0.876439,30.596234,0.964745,4,0.060661,30.78111,43.134965,31.467146,0.82084,0.174956,0.262677,1.506,cuda
efdn,ami,032,up,032_up,3,4,96,bicjpeg93,34.27763,0.88632,31.008085,0.970846,4,0.054502,32.122535,43.452093,31.838147,0.836428,0.158103,0.254921,1.503,cuda
efdn,ami,032,zoom,032_zoom,3,4,96,bicjpeg93,34.0904,0.884851,30.686228,0.969295,4,0.057711,31.819613,42.979635,32.784928,0.871678,0.184046,0.276421,1.522,cuda
efdn,ami,033,back,033_back,3,4,96,bicjpeg93,35.376075,0.887559,32.401705,0.967629,4,0.046683,33.563045,43.301215,33.737542,0.866413,0.184297,0.249996,1.508,cuda
efdn,ami,033,down,033_down,3,4,96,bicjpeg93,35.332566,0.894314,32.329617,0.970054,4,0.047191,33.758518,42.820995,34.59264,0.884802,0.15312,0.245661,1.508,cuda
efdn,ami,033,front,033_front,3,4,96,bicjpeg93,34.998113,0.884691,31.984507,0.966135,4,0.049135,33.455827,42.454601,33.534138,0.868466,0.188185,0.268992,1.491,cuda
efdn,ami,033,left,033_left,3,4,96,bicjpeg93,36.280972,0.906543,33.203201,0.970568,4,0.044212,34.670222,44.030068,33.85891,0.871518,0.171062,0.284091,1.491,cuda
efdn,ami,033,right,033_right,3,4,96,bicjpeg93,33.736747,0.872063,31.05848,0.966425,4,0.05362,31.236569,42.913176,33.150309,0.873228,0.146248,0.244942,1.508,cuda
efdn,ami,033,up,033_up,3,4,96,bicjpeg93,34.334922,0.866773,31.535635,0.962216,4,0.052554,32.457112,42.722704,33.533632,0.854895,0.176784,0.264748,1.506,cuda
efdn,ami,033,zoom,033_zoom,3,4,96,bicjpeg93,35.325579,0.893127,32.034627,0.969592,4,0.045107,33.404681,43.054834,34.498531,0.885494,0.193706,0.252187,1.488,cuda
efdn,ami,034,back,034_back,4,4,96,bicjpeg93,32.681999,0.819416,30.373501,0.952134,4,0.066408,30.949515,42.350928,32.066208,0.812168,0.236344,0.245339,1.487,cuda
efdn,ami,034,down,034_down,4,4,96,bicjpeg93,32.656297,0.832525,30.506931,0.95579,4,0.070565,30.978342,42.375691,32.13786,0.871425,0.230964,0.267447,1.518,cuda
efdn,ami,034,front,034_front,4,4,96,bicjpeg93,32.965339,0.838008,30.670838,0.957269,4,0.068513,31.524197,42.472649,32.650158,0.847744,0.25247,0.281178,1.505,cuda
efdn,ami,034,left,034_left,4,4,96,bicjpeg93,33.109236,0.841141,30.895139,0.957999,4,0.072407,31.650913,42.745437,32.827184,0.848708,0.246814,0.285906,1.49,cuda
efdn,ami,034,right,034_right,4,4,96,bicjpeg93,32.6582,0.819698,30.300711,0.952123,4,0.068117,31.05264,41.925637,32.998819,0.852352,0.230455,0.266199,1.469,cuda
efdn,ami,034,up,034_up,4,4,96,bicjpeg93,32.147376,0.823313,29.926952,0.954943,4,0.074769,30.791508,41.84014,32.538558,0.823692,0.214912,0.289606,1.477,cuda
efdn,ami,034,zoom,034_zoom,4,4,96,bicjpeg93,34.03191,0.86784,31.559908,0.964419,4,0.062462,32.653018,42.522235,34.144919,0.862506,0.229201,0.262983,1.517,cuda
efdn,ami,035,back,035_back,5,4,96,bicjpeg93,35.307972,0.884836,32.125267,0.965897,4,0.053316,33.469166,43.420346,33.307026,0.857653,0.158258,0.253373,1.495,cuda
efdn,ami,035,down,035_down,5,4,96,bicjpeg93,35.56464,0.895258,32.365718,0.968374,4,0.051328,34.022892,43.209511,33.011596,0.870581,0.16185,0.274149,1.504,cuda
efdn,ami,035,front,035_front,5,4,96,bicjpeg93,35.33365,0.889644,32.180557,0.966604,4,0.055835,33.471397,43.474251,33.163501,0.868403,0.153407,0.279418,1.497,cuda
efdn,ami,035,left,035_left,5,4,96,bicjpeg93,35.911501,0.8969,32.550317,0.967814,4,0.050386,34.046752,43.668938,32.960583,0.852287,0.159849,0.280871,1.497,cuda
efdn,ami,035,right,035_right,5,4,96,bicjpeg93,35.136833,0.8838,31.850148,0.964605,4,0.049908,33.119996,43.363848,33.505362,0.888687,0.152922,0.259635,1.506,cuda
efdn,ami,035,up,035_up,5,4,96,bicjpeg93,35.207098,0.888205,31.949403,0.965103,4,0.050621,33.912488,42.647518,32.52518,0.840074,0.188405,0.275162,1.497,cuda
efdn,ami,035,zoom,035_zoom,5,4,96,bicjpeg93,35.561721,0.901497,32.248611,0.970671,4,0.049846,34.034731,42.719659,35.057312,0.893497,0.188122,0.280438,1.492,cuda
efdn,ami,036,back,036_back,2,4,96,bicjpeg93,34.339825,0.858969,31.953176,0.960278,4,0.055425,32.546368,43.214278,32.351702,0.839967,0.171245,0.242903,1.508,cuda
efdn,ami,036,down,036_down,2,4,96,bicjpeg93,34.379933,0.863444,32.280521,0.95924,4,0.065086,32.644419,43.707767,32.627081,0.868926,0.253331,0.297332,1.502,cuda
efdn,ami,036,front,036_front,2,4,96,bicjpeg93,34.769661,0.868256,32.584698,0.961691,4,0.056453,33.079418,43.641144,33.406203,0.855352,0.236939,0.313408,1.512,cuda
efdn,ami,036,left,036_left,2,4,96,bicjpeg93,35.498504,0.884372,33.217203,0.966601,4,0.049576,34.182204,43.919972,33.133798,0.835649,0.259367,0.26541,1.522,cuda
efdn,ami,036,right,036_right,2,4,96,bicjpeg93,35.119823,0.886449,32.596656,0.966767,4,0.052837,33.451348,43.048849,32.562124,0.851802,0.218342,0.26267,1.493,cuda
efdn,ami,036,up,036_up,2,4,96,bicjpeg93,33.734348,0.841192,31.686517,0.955114,4,0.063633,32.222727,42.245903,32.891723,0.829279,0.257911,0.282477,1.512,cuda
efdn,ami,036,zoom,036_zoom,2,4,96,bicjpeg93,35.652181,0.892274,33.295253,0.968608,4,0.049836,33.968576,43.520701,34.483323,0.88916,0.229527,0.301293,1.483,cuda
efdn,ami,037,back,037_back,2,4,96,bicjpeg93,34.853408,0.863503,32.408229,0.961422,4,0.050034,33.240931,43.376261,32.254759,0.865646,0.227668,0.228008,1.49,cuda
efdn,ami,037,down,037_down,2,4,96,bicjpeg93,34.536409,0.864992,32.060012,0.958971,4,0.051521,32.872485,42.566352,32.568446,0.876077,0.247679,0.2619,1.484,cuda
efdn,ami,037,front,037_front,2,4,96,bicjpeg93,35.277574,0.879689,32.722798,0.964835,4,0.047332,33.446188,43.472948,33.378809,0.889155,0.23797,0.252871,1.481,cuda
efdn,ami,037,left,037_left,2,4,96,bicjpeg93,35.427793,0.882584,33.012176,0.966274,4,0.053913,33.901627,43.431813,32.685344,0.887604,0.224695,0.273785,1.482,cuda
efdn,ami,037,right,037_right,2,4,96,bicjpeg93,34.899807,0.874799,32.316167,0.96289,4,0.054936,32.968199,42.676867,32.743929,0.866806,0.238837,0.258362,1.487,cuda
efdn,ami,037,up,037_up,2,4,96,bicjpeg93,34.606629,0.86357,32.183993,0.960017,4,0.054581,32.707769,42.937895,33.028161,0.878081,0.253168,0.247935,1.513,cuda
efdn,ami,037,zoom,037_zoom,2,4,96,bicjpeg93,35.107133,0.885893,32.438219,0.965466,4,0.050092,33.082747,42.982814,34.74494,0.880522,0.192235,0.270927,1.492,cuda
efdn,ami,038,back,038_back,2,4,96,bicjpeg93,33.947932,0.850047,31.294776,0.956282,4,0.062522,32.087847,42.734038,31.77293,0.818402,0.182277,0.291193,1.496,cuda
efdn,ami,038,down,038_down,2,4,96,bicjpeg93,33.290503,0.842426,31.049008,0.959317,4,0.063451,31.630262,42.260007,32.446459,0.862134,0.196142,0.251387,1.527,cuda
efdn,ami,038,front,038_front,2,4,96,bicjpeg93,33.534118,0.841907,31.234189,0.956912,4,0.062038,31.636215,42.705485,31.752783,0.869734,0.20419,0.2451,1.479,cuda
efdn,ami,038,left,038_left,2,4,96,bicjpeg93,34.505473,0.857164,32.097262,0.959934,4,0.061441,32.845702,43.336216,32.534093,0.851543,0.19917,0.27837,1.499,cuda
efdn,ami,038,right,038_right,2,4,96,bicjpeg93,33.774042,0.847086,31.186356,0.957188,4,0.061445,31.901039,43.203923,31.904109,0.876211,0.173651,0.25504,1.491,cuda
efdn,ami,038,up,038_up,2,4,96,bicjpeg93,33.02863,0.82898,30.829107,0.953345,4,0.064576,31.204612,42.439219,31.54206,0.827983,0.195597,0.275828,1.507,cuda
efdn,ami,038,zoom,038_zoom,2,4,96,bicjpeg93,34.649513,0.875573,31.924236,0.965748,4,0.05299,33.102646,42.853266,34.579814,0.913509,0.177357,0.278137,1.476,cuda
efdn,ami,039,back,039_back,2,4,96,bicjpeg93,34.417769,0.875826,31.609891,0.964733,4,0.052315,32.583796,42.663798,31.177226,0.825175,0.159985,0.235154,1.481,cuda
efdn,ami,039,down,039_down,2,4,96,bicjpeg93,34.68208,0.888403,31.673492,0.969261,4,0.052225,33.055596,43.287379,31.652101,0.842228,0.182316,0.258845,1.521,cuda
efdn,ami,039,front,039_front,2,4,96,bicjpeg93,34.764889,0.881019,31.718815,0.966506,4,0.057202,33.002181,43.152295,32.049099,0.857157,0.16232,0.24701,1.521,cuda
efdn,ami,039,left,039_left,2,4,96,bicjpeg93,35.753527,0.898501,32.645009,0.970856,4,0.049723,33.909859,44.197474,32.854064,0.847877,0.190365,0.284447,1.521,cuda
efdn,ami,039,right,039_right,2,4,96,bicjpeg93,34.611716,0.88593,31.594282,0.968926,4,0.053911,32.564332,43.013387,31.698515,0.844671,0.170004,0.251005,1.487,cuda
efdn,ami,039,up,039_up,2,4,96,bicjpeg93,34.883061,0.882698,31.722889,0.966329,4,0.051914,33.327143,43.101912,32.201525,0.832916,0.15868,0.258843,1.505,cuda
efdn,ami,039,zoom,039_zoom,2,4,96,bicjpeg93,35.750629,0.904639,32.199059,0.972361,4,0.048483,34.25769,43.26159,33.409343,0.876934,0.127895,0.248156,1.5,cuda
efdn,ami,040,back,040_back,4,4,96,bicjpeg93,34.32525,0.864724,31.283425,0.960173,4,0.063577,32.525136,43.069433,31.823577,0.78815,0.171724,0.239024,1.492,cuda
efdn,ami,040,down,040_down,4,4,96,bicjpeg93,34.033252,0.870581,31.166,0.964938,4,0.055123,32.322536,42.684206,31.821585,0.83452,0.205672,0.247521,1.485,cuda
efdn,ami,040,front,040_front,4,4,96,bicjpeg93,33.890067,0.858588,30.94639,0.958052,4,0.064244,32.275226,42.33848,31.317089,0.820716,0.193281,0.256105,1.454,cuda
efdn,ami,040,left,040_left,4,4,96,bicjpeg93,35.230185,0.894309,32.05599,0.970583,4,0.045499,33.775953,43.914875,32.62888,0.857021,0.221355,0.282877,1.491,cuda
efdn,ami,040,right,040_right,4,4,96,bicjpeg93,34.056772,0.875647,30.99167,0.964455,4,0.054378,32.11887,42.804267,31.93327,0.843005,0.195329,0.271913,1.504,cuda
efdn,ami,040,up,040_up,4,4,96,bicjpeg93,33.535394,0.857929,30.732613,0.959495,4,0.066373,31.967653,42.075855,32.04945,0.838506,0.216671,0.288917,1.498,cuda
efdn,ami,040,zoom,040_zoom,4,4,96,bicjpeg93,34.394534,0.881454,31.30516,0.9655,4,0.055434,32.467512,42.755862,33.325222,0.878625,0.201968,0.267886,1.54,cuda
efdn,ami,041,back,041_back,5,4,96,bicjpeg93,34.167524,0.864197,31.444819,0.963332,4,0.054438,32.56758,42.628774,33.041507,0.856773,0.217039,0.238941,1.509,cuda
efdn,ami,041,down,041_down,5,4,96,bicjpeg93,34.815276,0.878187,31.991701,0.963526,4,0.054484,33.615046,42.756321,32.360681,0.873112,0.249554,0.274549,1.52,cuda
efdn,ami,041,front,041_front,5,4,96,bicjpeg93,34.292178,0.871308,31.607209,0.962226,4,0.058603,33.125495,42.883629,32.314033,0.825656,0.239288,0.284012,1.526,cuda
efdn,ami,041,left,041_left,5,4,96,bicjpeg93,36.485373,0.897676,33.203659,0.968695,4,0.046664,35.36162,43.785591,34.320642,0.869876,0.222603,0.273931,1.511,cuda
efdn,ami,041,right,041_right,5,4,96,bicjpeg93,34.547901,0.873064,31.402716,0.964812,4,0.054586,32.983253,42.676583,33.028925,0.851124,0.196854,0.25149,1.514,cuda
efdn,ami,041,up,041_up,5,4,96,bicjpeg93,34.444153,0.872899,31.610808,0.964876,4,0.052812,33.096084,42.698766,33.245644,0.845027,0.215232,0.263389,1.496,cuda
efdn,ami,041,zoom,041_zoom,5,4,96,bicjpeg93,35.043933,0.892395,32.149538,0.969286,4,0.050931,33.621311,42.46808,34.096067,0.894764,0.185248,0.266305,1.48,cuda
efdn,ami,042,back,042_back,4,4,96,bicjpeg93,32.982015,0.826818,30.536553,0.954264,4,0.067644,31.179821,42.331031,31.89952,0.83931,0.17254,0.265481,1.48,cuda
efdn,ami,042,down,042_down,4,4,96,bicjpeg93,33.779869,0.854072,31.39072,0.963535,4,0.060042,31.781405,43.204794,32.289706,0.863907,0.208318,0.288121,1.523,cuda
efdn,ami,042,front,042_front,4,4,96,bicjpeg93,33.111035,0.833755,30.807204,0.958132,4,0.057202,31.501782,42.247358,32.872932,0.858139,0.180426,0.264872,1.481,cuda
efdn,ami,042,left,042_left,4,4,96,bicjpeg93,34.333624,0.863266,31.99237,0.963075,4,0.05827,32.648928,43.252139,32.895435,0.868005,0.1854,0.283812,1.518,cuda
efdn,ami,042,right,042_right,4,4,96,bicjpeg93,33.221674,0.829105,30.741187,0.95866,4,0.05907,31.72244,42.225269,33.054967,0.880604,0.173628,0.247492,1.499,cuda
efdn,ami,042,up,042_up,4,4,96,bicjpeg93,32.81997,0.82623,30.505552,0.957731,4,0.061286,31.178917,42.236657,32.656221,0.837223,0.18586,0.241645,1.49,cuda
efdn,ami,042,zoom,042_zoom,4,4,96,bicjpeg93,33.887605,0.865616,31.341568,0.96758,4,0.055261,32.237235,42.437509,34.414567,0.891403,0.178771,0.263844,1.445,cuda
efdn,ami,043,back,043_back,4,4,96,bicjpeg93,33.90429,0.878101,31.210903,0.969339,4,0.055016,32.22184,42.40117,33.107375,0.885173,0.138096,0.241266,1.475,cuda
efdn,ami,043,down,043_down,4,4,96,bicjpeg93,33.808813,0.858716,31.218278,0.96629,4,0.053987,32.606282,42.824464,32.148973,0.86404,0.227004,0.249233,1.497,cuda
efdn,ami,043,front,043_front,4,4,96,bicjpeg93,34.088533,0.864806,31.475734,0.965243,4,0.054611,32.958474,42.651595,32.855573,0.883254,0.214778,0.254053,1.491,cuda
efdn,ami,043,left,043_left,4,4,96,bicjpeg93,34.66881,0.876991,32.188682,0.968498,4,0.04648,33.351744,43.002876,32.489976,0.852955,0.239909,0.288169,1.465,cuda
efdn,ami,043,right,043_right,4,4,96,bicjpeg93,34.732088,0.887406,31.642576,0.971884,4,0.049257,33.260986,42.776758,34.276692,0.90205,0.163184,0.271411,1.508,cuda
efdn,ami,043,up,043_up,4,4,96,bicjpeg93,33.933942,0.857049,31.2847,0.964262,4,0.055199,32.672587,42.404097,32.701736,0.852527,0.234307,0.267927,1.49,cuda
efdn,ami,043,zoom,043_zoom,4,4,96,bicjpeg93,34.862289,0.882211,32.053043,0.970282,4,0.056252,33.46299,42.811938,35.467372,0.923583,0.205332,0.260641,1.489,cuda
efdn,ami,044,back,044_back,5,4,96,bicjpeg93,34.854693,0.881983,32.028389,0.968643,4,0.047677,32.975764,42.749256,32.311607,0.867977,0.179651,0.268258,1.474,cuda
efdn,ami,044,down,044_down,5,4,96,bicjpeg93,34.407835,0.886389,31.506079,0.968225,4,0.054271,32.478438,43.373462,31.823805,0.876161,0.185526,0.251078,1.465,cuda
efdn,ami,044,front,044_front,5,4,96,bicjpeg93,34.463911,0.886937,31.71399,0.96971,4,0.053118,32.509857,43.307252,32.09969,0.870677,0.217493,0.281282,1.492,cuda
efdn,ami,044,left,044_left,5,4,96,bicjpeg93,34.875227,0.892408,31.950273,0.971299,4,0.04595,33.083131,43.611746,31.96607,0.869274,0.220938,0.285003,1.48,cuda
efdn,ami,044,right,044_right,5,4,96,bicjpeg93,34.991771,0.890872,31.828874,0.969825,4,0.050419,33.297057,43.341211,32.313248,0.874097,0.193494,0.279451,1.49,cuda
efdn,ami,044,up,044_up,5,4,96,bicjpeg93,34.397352,0.885827,31.556744,0.969224,4,0.050936,32.591801,42.839088,31.788186,0.85038,0.216562,0.296119,1.51,cuda
efdn,ami,044,zoom,044_zoom,5,4,96,bicjpeg93,33.934212,0.882983,31.208226,0.968461,4,0.053063,31.631845,42.675477,33.520946,0.887632,0.160361,0.2592,1.521,cuda
efdn,ami,045,back,045_back,2,4,96,bicjpeg93,33.401326,0.85353,30.887485,0.958401,4,0.062445,31.562542,42.584794,32.035928,0.824174,0.164431,0.246563,1.512,cuda
efdn,ami,045,down,045_down,2,4,96,bicjpeg93,35.015505,0.888038,32.340526,0.97046,4,0.053126,33.481773,43.278711,33.319204,0.870754,0.242087,0.273011,1.512,cuda
efdn,ami,045,front,045_front,2,4,96,bicjpeg93,34.99632,0.882541,32.23705,0.96598,4,0.052068,33.650059,42.948384,33.797724,0.876054,0.200805,0.260999,1.506,cuda
efdn,ami,045,left,045_left,2,4,96,bicjpeg93,36.478366,0.902592,33.412229,0.97204,4,0.044868,35.356578,43.656037,34.669967,0.874955,0.220457,0.279543,1.48,cuda
efdn,ami,045,right,045_right,2,4,96,bicjpeg93,34.375368,0.874789,31.628653,0.962732,4,0.053579,32.226744,42.60552,33.381436,0.849272,0.187387,0.274055,1.48,cuda
efdn,ami,045,up,045_up,2,4,96,bicjpeg93,34.69418,0.88257,31.987064,0.96504,4,0.04984,33.224833,42.905549,33.28303,0.85363,0.1738,0.260337,1.501,cuda
efdn,ami,045,zoom,045_zoom,2,4,96,bicjpeg93,36.332711,0.911288,33.095076,0.97252,4,0.046476,34.891247,43.634031,34.557038,0.878133,0.168356,0.244982,1.507,cuda
efdn,ami,046,back,046_back,5,4,96,bicjpeg93,33.599377,0.875837,30.644742,0.967021,4,0.061574,31.761268,41.97817,33.310936,0.863077,0.172485,0.231041,1.475,cuda
efdn,ami,046,down,046_down,5,4,96,bicjpeg93,35.349898,0.903864,32.300657,0.972573,4,0.044205,33.399725,43.395967,32.588278,0.884594,0.196395,0.278277,1.485,cuda
efdn,ami,046,front,046_front,5,4,96,bicjpeg93,35.087592,0.890377,31.975312,0.969276,4,0.052222,33.449606,42.940155,33.062318,0.866157,0.184445,0.270413,1.487,cuda
efdn,ami,046,left,046_left,5,4,96,bicjpeg93,35.841416,0.900824,32.700848,0.969507,4,0.049464,34.175059,43.67445,32.948236,0.83043,0.198781,0.266727,1.472,cuda
efdn,ami,046,right,046_right,5,4,96,bicjpeg93,34.796913,0.891539,31.526233,0.968915,4,0.055272,32.967052,42.664793,33.081107,0.879033,0.164212,0.240848,1.475,cuda
efdn,ami,046,up,046_up,5,4,96,bicjpeg93,33.891945,0.871128,30.829918,0.966671,4,0.056919,32.191434,42.1683,32.663936,0.837849,0.181758,0.255274,1.495,cuda
efdn,ami,046,zoom,046_zoom,5,4,96,bicjpeg93,35.233918,0.895965,31.990007,0.970419,4,0.047015,33.539016,42.810116,33.748407,0.869642,0.203363,0.261293,1.511,cuda
efdn,ami,047,back,047_back,3,4,96,bicjpeg93,34.58121,0.880281,31.839953,0.966493,4,0.051039,32.821122,43.293971,33.893729,0.889982,0.145559,0.235637,1.507,cuda
efdn,ami,047,down,047_down,3,4,96,bicjpeg93,34.651913,0.870861,31.99547,0.964817,4,0.053039,32.94066,43.375248,33.5256,0.894169,0.185302,0.262581,1.478,cuda
efdn,ami,047,front,047_front,3,4,96,bicjpeg93,34.665297,0.864616,31.957659,0.96042,4,0.052541,32.897046,42.86892,33.047183,0.871264,0.221198,0.254985,1.494,cuda
efdn,ami,047,left,047_left,3,4,96,bicjpeg93,34.437239,0.855771,31.778994,0.959819,4,0.057877,32.995705,42.727524,34.103747,0.890198,0.221248,0.290678,1.495,cuda
efdn,ami,047,right,047_right,3,4,96,bicjpeg93,35.30256,0.888667,32.299791,0.967084,4,0.049677,33.635091,43.114402,33.806544,0.892849,0.221526,0.259459,1.497,cuda
efdn,ami,047,up,047_up,3,4,96,bicjpeg93,34.117324,0.851351,31.477639,0.9565,4,0.057656,32.015389,43.110827,32.62164,0.838186,0.182553,0.263232,1.488,cuda
efdn,ami,047,zoom,047_zoom,3,4,96,bicjpeg93,35.781412,0.897342,32.650988,0.970808,4,0.048729,34.179308,43.194598,35.618992,0.902217,0.172837,0.251709,1.496,cuda
efdn,ami,048,back,048_back,1,4,96,bicjpeg93,34.076379,0.86836,31.092892,0.963495,4,0.054435,31.840787,42.827889,32.924997,0.829967,0.163735,0.239908,1.487,cuda
efdn,ami,048,down,048_down,1,4,96,bicjpeg93,34.885616,0.890168,32.153314,0.969133,4,0.052165,33.068535,43.53823,32.246111,0.87458,0.204872,0.254712,1.477,cuda
efdn,ami,048,front,048_front,1,4,96,bicjpeg93,34.840684,0.891361,31.993071,0.967581,4,0.053223,33.220435,42.883481,32.199366,0.859422,0.188938,0.277751,1.475,cuda
efdn,ami,048,left,048_left,1,4,96,bicjpeg93,36.041722,0.899259,33.152172,0.96987,4,0.044188,34.379058,43.601883,33.245076,0.878519,0.204825,0.260105,1.476,cuda
efdn,ami,048,right,048_right,1,4,96,bicjpeg93,34.099416,0.873417,31.370791,0.961682,4,0.059301,32.215884,42.658045,31.673184,0.83609,0.152762,0.249965,1.456,cuda
efdn,ami,048,up,048_up,1,4,96,bicjpeg93,34.432216,0.881911,31.692394,0.965394,4,0.053298,32.745784,42.713094,32.183827,0.834573,0.183874,0.275711,1.484,cuda
efdn,ami,048,zoom,048_zoom,1,4,96,bicjpeg93,35.528836,0.897367,32.460313,0.969995,4,0.049291,34.071867,42.630152,34.151816,0.884062,0.194783,0.259514,1.475,cuda
efdn,ami,051,back,051_back,4,4,96,bicjpeg93,33.874271,0.876172,31.559364,0.967519,4,0.05103,32.202989,42.123301,32.383471,0.845618,0.2086,0.281955,1.492,cuda
efdn,ami,051,down,051_down,4,4,96,bicjpeg93,34.179101,0.877727,31.906479,0.964974,4,0.052938,32.4539,42.851739,32.465188,0.885455,0.239554,0.266859,1.487,cuda
efdn,ami,051,front,051_front,4,4,96,bicjpeg93,33.959231,0.872568,31.663279,0.965677,4,0.058725,32.261854,42.259289,32.590069,0.856587,0.234628,0.271397,1.475,cuda
efdn,ami,051,left,051_left,4,4,96,bicjpeg93,35.410449,0.888181,32.826623,0.967833,4,0.05734,33.77944,42.978067,33.972023,0.875092,0.230965,0.258055,1.49,cuda
efdn,ami,051,right,051_right,4,4,96,bicjpeg93,34.469247,0.874849,31.761435,0.964076,4,0.053011,32.50359,42.876646,31.734847,0.814998,0.203147,0.27427,1.517,cuda
efdn,ami,051,up,051_up,4,4,96,bicjpeg93,33.629131,0.864069,31.409251,0.962516,4,0.061038,32.446193,41.970177,32.384668,0.845284,0.254349,0.278047,1.479,cuda
efdn,ami,051,zoom,051_zoom,4,4,96,bicjpeg93,35.620862,0.905928,33.111169,0.973589,4,0.048801,34.186814,42.46554,34.505952,0.88767,0.176563,0.272311,1.49,cuda
efdn,ami,052,back,052_back,1,4,96,bicjpeg93,33.689315,0.8689,30.936438,0.965855,4,0.057548,31.633313,42.300023,32.477504,0.852233,0.162169,0.247354,1.488,cuda
efdn,ami,052,down,052_down,1,4,96,bicjpeg93,33.486081,0.867335,30.884126,0.969483,4,0.059411,31.489788,42.616444,31.784825,0.861707,0.158445,0.23823,1.49,cuda
efdn,ami,052,front,052_front,1,4,96,bicjpeg93,33.88556,0.87548,31.3098,0.971099,4,0.05555,31.880022,42.703828,32.028794,0.857823,0.142442,0.276443,1.467,cuda
efdn,ami,052,left,052_left,1,4,96,bicjpeg93,35.222327,0.897346,32.412508,0.974788,4,0.048512,33.613382,43.599521,32.577808,0.866491,0.146721,0.25468,1.487,cuda
efdn,ami,052,right,052_right,1,4,96,bicjpeg93,34.113346,0.87835,31.487028,0.967617,4,0.067462,32.437135,42.31507,32.887389,0.863039,0.152252,0.250979,1.481,cuda
efdn,ami,052,up,052_up,1,4,96,bicjpeg93,33.959191,0.878143,31.255811,0.971206,4,0.056302,32.007313,42.337153,32.803881,0.883454,0.146627,0.267265,1.493,cuda
efdn,ami,052,zoom,052_zoom,1,4,96,bicjpeg93,33.101228,0.872743,30.563198,0.971122,4,0.060694,30.507384,42.248793,34.157342,0.891111,0.143668,0.249048,1.504,cuda
efdn,ami,053,back,053_back,3,4,96,bicjpeg93,33.97482,0.862008,30.776894,0.962531,4,0.056415,32.033316,42.777307,32.223567,0.838511,0.159008,0.249209,1.493,cuda
efdn,ami,053,down,053_down,3,4,96,bicjpeg93,33.936986,0.865167,30.91115,0.963071,4,0.054158,32.372249,42.778303,31.650576,0.84225,0.20685,0.266955,1.489,cuda
efdn,ami,053,front,053_front,3,4,96,bicjpeg93,33.758464,0.857517,30.899574,0.959613,4,0.060707,31.716686,42.840242,32.276682,0.865471,0.16188,0.268258,1.487,cuda
efdn,ami,053,left,053_left,3,4,96,bicjpeg93,34.531444,0.87954,31.5589,0.967382,4,0.056336,33.116432,43.048832,32.372488,0.818573,0.197031,0.261767,1.509,cuda
efdn,ami,053,right,053_right,3,4,96,bicjpeg93,34.130928,0.872526,30.958398,0.964367,4,0.049016,32.250463,42.358658,31.98739,0.833212,0.162329,0.277375,1.501,cuda
efdn,ami,053,up,053_up,3,4,96,bicjpeg93,33.367975,0.847633,30.512294,0.957962,4,0.0621,31.822251,42.226354,31.725944,0.81634,0.200867,0.272714,1.489,cuda
efdn,ami,053,zoom,053_zoom,3,4,96,bicjpeg93,34.219008,0.869672,31.186928,0.962885,4,0.061426,32.414803,42.543398,33.220478,0.872223,0.156416,0.28238,1.481,cuda
efdn,ami,054,back,054_back,3,4,96,bicjpeg93,33.674199,0.865979,30.676011,0.960934,4,0.060672,31.689655,42.784356,31.292458,0.814297,0.170767,0.244049,1.48,cuda
efdn,ami,054,down,054_down,3,4,96,bicjpeg93,34.440391,0.886459,31.358097,0.967265,4,0.053835,32.563329,43.38654,32.351819,0.869599,0.198741,0.253428,1.474,cuda
efdn,ami,054,front,054_front,3,4,96,bicjpeg93,34.092562,0.875624,31.185871,0.965163,4,0.057967,32.691927,42.27536,31.84307,0.828927,0.1934,0.2536,1.494,cuda
efdn,ami,054,left,054_left,3,4,96,bicjpeg93,34.700627,0.87772,31.897634,0.965747,4,0.05425,33.421191,42.593771,32.579563,0.860345,0.169195,0.265666,1.487,cuda
efdn,ami,054,right,054_right,3,4,96,bicjpeg93,34.111865,0.87369,31.351628,0.9676,4,0.057118,32.173294,42.848406,32.14845,0.848735,0.164223,0.243409,1.518,cuda
efdn,ami,054,up,054_up,3,4,96,bicjpeg93,33.123975,0.85813,30.026235,0.962373,4,0.05758,31.352409,42.606296,31.590798,0.811116,0.210905,0.252741,1.506,cuda
efdn,ami,054,zoom,054_zoom,3,4,96,bicjpeg93,34.397101,0.879492,31.377281,0.964518,4,0.057879,32.85975,42.433185,32.892058,0.858691,0.152381,0.232359,1.498,cuda
efdn,ami,055,back,055_back,2,4,96,bicjpeg93,34.596936,0.879099,31.672394,0.964322,4,0.054752,32.575711,43.379513,31.572088,0.782911,0.157893,0.244252,1.504,cuda
efdn,ami,055,down,055_down,2,4,96,bicjpeg93,34.542478,0.878724,31.709907,0.964053,4,0.051182,32.724906,42.398776,31.804005,0.842188,0.138769,0.250596,1.497,cuda
efdn,ami,055,front,055_front,2,4,96,bicjpeg93,34.391779,0.888234,31.485306,0.966643,4,0.051992,32.177262,43.392315,31.748303,0.834203,0.137187,0.256922,1.502,cuda
efdn,ami,055,left,055_left,2,4,96,bicjpeg93,35.100894,0.888907,32.038516,0.967403,4,0.046131,33.413297,43.413966,31.906097,0.819489,0.205682,0.2767,1.497,cuda
efdn,ami,055,right,055_right,2,4,96,bicjpeg93,34.34208,0.886749,31.313823,0.965935,4,0.058939,31.949489,43.388312,31.514586,0.824604,0.141978,0.246216,1.503,cuda
efdn,ami,055,up,055_up,2,4,96,bicjpeg93,34.236651,0.884012,31.401632,0.968883,4,0.056618,31.774745,43.325377,31.88972,0.830418,0.169748,0.272191,1.504,cuda
efdn,ami,055,zoom,055_zoom,2,4,96,bicjpeg93,34.500916,0.889576,31.311518,0.966814,4,0.053384,32.119728,42.711967,33.231042,0.847343,0.141797,0.237627,1.486,cuda
efdn,ami,056,back,056_back,4,4,96,bicjpeg93,32.958581,0.853254,30.373426,0.958912,4,0.064196,30.678517,42.357281,30.836992,0.835604,0.158994,0.257232,1.488,cuda
efdn,ami,056,down,056_down,4,4,96,bicjpeg93,33.780082,0.868951,31.107477,0.964156,4,0.062976,31.852682,42.713005,30.932721,0.841756,0.15929,0.240684,1.47,cuda
efdn,ami,056,front,056_front,4,4,96,bicjpeg93,33.292462,0.862999,30.660621,0.962869,4,0.064589,31.414956,42.233696,30.447549,0.840256,0.169141,0.257125,1.49,cuda
efdn,ami,056,left,056_left,4,4,96,bicjpeg93,34.543695,0.884609,31.632712,0.966722,4,0.053005,32.708921,42.925662,31.68779,0.816917,0.185967,0.258128,1.511,cuda
efdn,ami,056,right,056_right,4,4,96,bicjpeg93,33.926918,0.886758,31.06905,0.968222,4,0.056489,31.833616,42.67866,31.03989,0.818409,0.143446,0.256335,1.497,cuda
efdn,ami,056,up,056_up,4,4,96,bicjpeg93,32.57953,0.849294,30.210032,0.9585,4,0.073401,30.416326,42.46266,30.665926,0.827863,0.173169,0.262514,1.502,cuda
efdn,ami,056,zoom,056_zoom,4,4,96,bicjpeg93,33.87987,0.878296,31.092905,0.967141,4,0.062505,31.74575,42.527939,32.409069,0.861323,0.103534,0.213892,1.52,cuda
efdn,ami,057,back,057_back,5,4,96,bicjpeg93,32.984196,0.85724,30.426204,0.961445,4,0.064005,31.024049,41.664568,33.462211,0.865376,0.160241,0.241735,1.503,cuda
efdn,ami,057,down,057_down,5,4,96,bicjpeg93,34.141524,0.879518,31.483317,0.967946,4,0.065967,32.109379,42.820568,33.346363,0.892476,0.210894,0.28191,1.508,cuda
efdn,ami,057,front,057_front,5,4,96,bicjpeg93,33.62531,0.867635,31.120095,0.96514,4,0.063108,31.769421,42.532616,33.009269,0.857479,0.214949,0.278867,1.493,cuda
efdn,ami,057,left,057_left,5,4,96,bicjpeg93,34.959175,0.896794,32.170211,0.974128,4,0.052886,33.061709,43.152133,33.612952,0.885636,0.212232,0.273314,1.5,cuda
efdn,ami,057,right,057_right,5,4,96,bicjpeg93,34.571536,0.884613,31.716719,0.967209,4,0.055095,32.911615,42.32024,33.944868,0.875056,0.188866,0.256662,1.504,cuda
efdn,ami,057,up,057_up,5,4,96,bicjpeg93,32.306691,0.857458,29.907389,0.962682,4,0.066722,30.201127,42.522691,32.526077,0.847255,0.190972,0.268584,1.509,cuda
efdn,ami,057,zoom,057_zoom,5,4,96,bicjpeg93,34.716794,0.90105,31.728008,0.97482,4,0.052878,32.70378,42.765314,35.368109,0.905752,0.176186,0.242227,1.492,cuda
efdn,ami,058,back,058_back,5,4,96,bicjpeg93,34.62879,0.895372,31.516217,0.97263,4,0.053405,32.73176,43.344208,31.88569,0.856807,0.114743,0.231789,1.496,cuda
efdn,ami,058,down,058_down,5,4,96,bicjpeg93,34.063479,0.886015,31.267679,0.966722,4,0.058414,32.525487,42.903554,32.324911,0.843681,0.167623,0.253473,1.517,cuda
efdn,ami,058,front,058_front,5,4,96,bicjpeg93,34.018979,0.881454,31.159121,0.966822,4,0.051591,32.341227,42.923905,31.610692,0.815354,0.167391,0.270754,1.497,cuda
efdn,ami,058,left,058_left,5,4,96,bicjpeg93,35.100717,0.903597,32.06907,0.971742,4,0.048158,33.581939,43.325039,32.619389,0.867396,0.19723,0.274176,1.499,cuda
efdn,ami,058,right,058_right,5,4,96,bicjpeg93,34.516403,0.87983,31.406416,0.967249,4,0.056878,32.606293,42.760272,32.260465,0.855211,0.156993,0.227275,1.512,cuda
efdn,ami,058,up,058_up,5,4,96,bicjpeg93,33.306223,0.865457,30.633606,0.962743,4,0.061564,31.210573,42.916947,30.662698,0.797766,0.135532,0.275368,1.512,cuda
efdn,ami,058,zoom,058_zoom,5,4,96,bicjpeg93,34.564678,0.902698,31.487702,0.97133,4,0.055043,32.992774,42.598241,33.977717,0.881879,0.146224,0.235807,1.486,cuda
efdn,ami,059,back,059_back,3,4,96,bicjpeg93,35.41591,0.892078,32.325199,0.966924,4,0.054045,33.421443,42.929563,33.420727,0.858211,0.145078,0.236613,1.501,cuda
efdn,ami,059,down,059_down,3,4,96,bicjpeg93,35.434067,0.899427,32.487784,0.970571,4,0.050979,33.865797,43.281264,33.717366,0.889342,0.165482,0.284418,1.504,cuda
efdn,ami,059,front,059_front,3,4,96,bicjpeg93,35.187093,0.892649,32.324254,0.969416,4,0.052132,33.319794,43.525105,33.285975,0.872043,0.164225,0.274337,1.512,cuda
efdn,ami,059,left,059_left,3,4,96,bicjpeg93,35.220405,0.898173,32.401204,0.969546,4,0.051829,33.205003,43.066447,33.40869,0.89145,0.102768,0.267922,1.503,cuda
efdn,ami,059,right,059_right,3,4,96,bicjpeg93,35.22042,0.902352,32.222115,0.971372,4,0.043853,33.241305,42.837363,33.489893,0.866475,0.15866,0.248618,1.506,cuda
efdn,ami,059,up,059_up,3,4,96,bicjpeg93,34.873177,0.883933,31.975302,0.967547,4,0.049752,32.959829,43.03147,33.408463,0.838555,0.181517,0.277964,1.498,cuda
efdn,ami,059,zoom,059_zoom,3,4,96,bicjpeg93,34.801071,0.88974,31.941629,0.96899,4,0.056013,32.594785,42.526232,34.182677,0.879848,0.155767,0.270826,1.501,cuda
efdn,ami,061,back,061_back,2,4,96,bicjpeg93,35.049515,0.880975,32.040507,0.965704,4,0.055221,33.112024,43.28659,32.371583,0.827546,0.168955,0.228051,1.509,cuda
efdn,ami,061,down,061_down,2,4,96,bicjpeg93,34.785181,0.877704,32.028588,0.963737,4,0.056995,33.013315,42.71211,32.404696,0.869546,0.189956,0.254631,1.491,cuda
efdn,ami,061,front,061_front,2,4,96,bicjpeg93,34.747917,0.881221,31.974455,0.966786,4,0.050788,33.051587,43.517328,32.175061,0.854768,0.173759,0.272076,1.506,cuda
efdn,ami,061,left,061_left,2,4,96,bicjpeg93,35.645587,0.890666,32.654683,0.968932,4,0.048068,34.404353,43.858757,32.916655,0.845336,0.202052,0.286387,1.503,cuda
efdn,ami,061,right,061_right,2,4,96,bicjpeg93,35.263271,0.88569,32.125931,0.965664,4,0.059089,33.428696,42.975382,32.583226,0.830461,0.179362,0.240857,1.478,cuda
efdn,ami,061,up,061_up,2,4,96,bicjpeg93,34.939447,0.877926,31.936696,0.964403,4,0.051162,32.962359,42.834374,32.097868,0.816196,0.215945,0.262226,1.462,cuda
efdn,ami,061,zoom,061_zoom,2,4,96,bicjpeg93,35.630014,0.899768,32.390052,0.970267,4,0.047729,33.689693,43.509393,34.006351,0.886334,0.157479,0.256429,1.483,cuda
efdn,ami,062,back,062_back,3,4,96,bicjpeg93,34.074031,0.876952,31.712817,0.967134,4,0.059414,32.51764,42.241729,33.837727,0.867224,0.209898,0.248362,1.468,cuda
efdn,ami,062,down,062_down,3,4,96,bicjpeg93,34.860798,0.88585,32.331324,0.972178,4,0.050238,33.765644,42.950828,33.793614,0.862994,0.228528,0.287661,1.475,cuda
efdn,ami,062,front,062_front,3,4,96,bicjpeg93,34.2963,0.874913,31.755242,0.967649,4,0.05302,33.325364,42.285875,33.581344,0.830816,0.239705,0.289675,1.497,cuda
efdn,ami,062,left,062_left,3,4,96,bicjpeg93,35.726832,0.895869,33.040249,0.972247,4,0.047195,34.864941,42.932863,34.742554,0.858176,0.213544,0.264247,1.499,cuda
efdn,ami,062,right,062_right,3,4,96,bicjpeg93,34.220503,0.864477,31.497968,0.961247,4,0.061246,33.006683,42.332433,33.676755,0.877203,0.20201,0.272037,1.48,cuda
efdn,ami,062,up,062_up,3,4,96,bicjpeg93,32.617694,0.866608,30.421338,0.966346,4,0.060455,30.910864,42.564536,33.853474,0.8543,0.218211,0.272155,1.489,cuda
efdn,ami,062,zoom,062_zoom,3,4,96,bicjpeg93,35.283883,0.899091,32.588792,0.971945,4,0.047518,34.283951,42.820619,34.287985,0.868278,0.182605,0.263512,1.497,cuda
efdn,ami,063,back,063_back,4,4,96,bicjpeg93,35.240665,0.889177,32.208882,0.96842,4,0.049194,33.213419,43.316743,32.978969,0.85153,0.171496,0.230125,1.485,cuda
efdn,ami,063,down,063_down,4,4,96,bicjpeg93,34.190783,0.875666,31.620398,0.963832,4,0.053448,32.074995,43.123875,32.504965,0.880348,0.181284,0.284323,1.5,cuda
efdn,ami,063,front,063_front,4,4,96,bicjpeg93,35.086636,0.885249,32.213921,0.964985,4,0.050724,33.53859,42.991433,32.848549,0.870088,0.191422,0.272329,1.476,cuda
efdn,ami,063,left,063_left,4,4,96,bicjpeg93,35.567105,0.890435,32.491585,0.965501,4,0.05238,34.100901,43.597962,32.628719,0.842684,0.18253,0.27947,1.477,cuda
efdn,ami,063,right,063_right,4,4,96,bicjpeg93,34.690517,0.875885,31.884093,0.964179,4,0.05373,32.856024,42.8615,32.963247,0.866677,0.194697,0.281397,1.483,cuda
efdn,ami,063,up,063_up,4,4,96,bicjpeg93,34.456382,0.867144,31.773077,0.962872,4,0.054653,32.806001,42.853427,32.371071,0.829591,0.181954,0.275992,1.487,cuda
efdn,ami,063,zoom,063_zoom,4,4,96,bicjpeg93,35.807279,0.909489,32.542686,0.972295,4,0.046093,34.296515,43.040761,35.418995,0.899152,0.169267,0.280636,1.493,cuda
efdn,ami,064,back,064_back,5,4,96,bicjpeg93,34.428571,0.86632,31.485481,0.965078,4,0.053948,32.984715,42.914673,32.452478,0.847322,0.180906,0.271633,1.474,cuda
efdn,ami,064,down,064_down,5,4,96,bicjpeg93,33.890148,0.855539,31.342004,0.96238,4,0.057805,31.910497,43.06661,31.231491,0.839686,0.200425,0.250892,1.508,cuda
efdn,ami,064,front,064_front,5,4,96,bicjpeg93,34.504648,0.866422,31.864832,0.9634,4,0.059761,32.945674,43.308952,32.721108,0.861187,0.177997,0.256162,1.495,cuda
efdn,ami,064,left,064_left,5,4,96,bicjpeg93,35.062602,0.879338,32.250917,0.969313,4,0.052511,33.454461,43.790827,32.742339,0.852583,0.216088,0.255591,1.479,cuda
efdn,ami,064,right,064_right,5,4,96,bicjpeg93,34.261034,0.873765,31.504768,0.96736,4,0.055344,32.092895,43.442693,32.322879,0.834167,0.155232,0.249509,1.509,cuda
efdn,ami,064,up,064_up,5,4,96,bicjpeg93,33.873571,0.856254,31.160412,0.961511,4,0.06273,31.941461,43.027231,31.300584,0.832426,0.161742,0.253396,1.448,cuda
efdn,ami,064,zoom,064_zoom,5,4,96,bicjpeg93,34.476911,0.867732,31.661265,0.964977,4,0.065347,32.629458,42.748262,33.39355,0.882829,0.161129,0.236256,1.487,cuda
efdn,ami,065,back,065_back,3,4,96,bicjpeg93,33.927379,0.860412,31.22216,0.960024,4,0.05569,32.024704,42.371731,32.965126,0.850694,0.186714,0.260682,1.478,cuda
efdn,ami,065,down,065_down,3,4,96,bicjpeg93,35.375436,0.902955,32.409543,0.97452,4,0.055487,33.706717,43.408344,33.833159,0.895905,0.195537,0.239592,1.506,cuda
efdn,ami,065,front,065_front,3,4,96,bicjpeg93,34.663456,0.884145,31.971268,0.968844,4,0.054836,32.773702,42.924376,34.652775,0.89887,0.191127,0.244963,1.496,cuda
efdn,ami,065,left,065_left,3,4,96,bicjpeg93,36.48134,0.912197,33.563519,0.975712,4,0.04676,35.124968,44.030735,34.549306,0.87978,0.193816,0.251025,1.509,cuda
efdn,ami,065,right,065_right,3,4,96,bicjpeg93,34.264906,0.885354,31.412714,0.968496,4,0.057213,31.999232,42.826056,33.277987,0.892869,0.171724,0.253522,1.446,cuda
efdn,ami,065,up,065_up,3,4,96,bicjpeg93,34.407773,0.875616,31.763748,0.965805,4,0.059507,32.819418,42.269556,34.176564,0.867802,0.222393,0.258776,1.467,cuda
efdn,ami,065,zoom,065_zoom,3,4,96,bicjpeg93,36.000053,0.905071,32.854495,0.973191,4,0.045289,34.153507,43.073444,35.701015,0.892139,0.179107,0.26062,1.488,cuda
efdn,ami,066,back,066_back,4,4,96,bicjpeg93,34.731944,0.884213,31.797401,0.968076,4,0.053451,33.066566,42.915186,33.891539,0.877955,0.155486,0.255241,1.473,cuda
efdn,ami,066,down,066_down,4,4,96,bicjpeg93,35.077149,0.883499,32.281494,0.964926,4,0.052122,33.473612,42.799496,33.778234,0.891239,0.153954,0.242874,1.485,cuda
efdn,ami,066,front,066_front,4,4,96,bicjpeg93,34.810223,0.8778,32.045883,0.964654,4,0.057838,33.287444,42.838134,33.699795,0.875611,0.174591,0.274186,1.488,cuda
efdn,ami,066,left,066_left,4,4,96,bicjpeg93,35.679376,0.895623,33.046662,0.96929,4,0.05394,34.204083,43.694782,33.085522,0.861672,0.176212,0.258339,1.484,cuda
efdn,ami,066,right,066_right,4,4,96,bicjpeg93,34.668363,0.883089,31.651737,0.966603,4,0.057212,32.626356,43.142312,33.790481,0.877798,0.159163,0.244752,1.505,cuda
efdn,ami,066,up,066_up,4,4,96,bicjpeg93,34.414532,0.866486,31.619537,0.961147,4,0.05554,32.688268,42.326348,32.904379,0.871794,0.190982,0.271359,1.499,cuda
efdn,ami,066,zoom,066_zoom,4,4,96,bicjpeg93,35.260126,0.892121,32.348081,0.966018,4,0.055006,33.822633,42.064169,35.765293,0.901284,0.17996,0.247161,1.484,cuda
efdn,ami,067,back,067_back,2,4,96,bicjpeg93,34.622295,0.865036,31.821569,0.962273,4,0.051459,32.805742,42.894692,32.595258,0.84969,0.196543,0.260907,1.475,cuda
efdn,ami,067,down,067_down,2,4,96,bicjpeg93,34.513676,0.862656,31.85756,0.96047,4,0.056593,32.966481,42.801864,32.874163,0.829027,0.208628,0.274135,1.486,cuda
efdn,ami,067,front,067_front,2,4,96,bicjpeg93,33.788226,0.846108,31.277286,0.954716,4,0.061997,32.081717,42.459924,31.59255,0.808555,0.180323,0.266438,1.496,cuda
efdn,ami,067,left,067_left,2,4,96,bicjpeg93,34.806139,0.871438,32.200745,0.964548,4,0.053958,33.649273,42.886727,33.053681,0.859296,0.270366,0.29142,1.487,cuda
efdn,ami,067,right,067_right,2,4,96,bicjpeg93,34.356582,0.870291,31.500201,0.965865,4,0.056698,32.729641,42.692677,33.052479,0.854654,0.208752,0.279837,1.485,cuda
efdn,ami,067,up,067_up,2,4,96,bicjpeg93,34.344244,0.854542,31.724785,0.959547,4,0.057749,32.808483,42.491984,32.968873,0.838763,0.188783,0.251448,1.491,cuda
efdn,ami,067,zoom,067_zoom,2,4,96,bicjpeg93,35.115589,0.882262,32.19245,0.965834,4,0.050318,33.730915,42.73037,33.75109,0.87787,0.168707,0.251395,1.501,cuda
efdn,ami,068,back,068_back,2,4,96,bicjpeg93,33.307771,0.83836,30.830083,0.959274,4,0.060811,31.364177,42.466437,32.232239,0.844964,0.159857,0.251135,1.494,cuda
efdn,ami,068,down,068_down,2,4,96,bicjpeg93,34.025014,0.878188,31.387291,0.967752,4,0.05354,32.398449,42.462023,31.97437,0.865349,0.165097,0.268748,1.482,cuda
efdn,ami,068,front,068_front,2,4,96,bicjpeg93,33.96813,0.870712,31.20485,0.966259,4,0.061066,32.347869,42.204067,33.214085,0.887643,0.191913,0.261165,1.475,cuda
efdn,ami,068,left,068_left,2,4,96,bicjpeg93,34.970979,0.888838,32.02611,0.970724,4,0.047119,33.533574,42.913947,32.989373,0.857548,0.198116,0.292655,1.477,cuda
efdn,ami,068,right,068_right,2,4,96,bicjpeg93,34.178698,0.882445,31.226048,0.968722,4,0.058878,32.36478,42.480641,32.842951,0.882106,0.192617,0.257751,1.501,cuda
efdn,ami,068,up,068_up,2,4,96,bicjpeg93,33.934389,0.87032,31.266423,0.966868,4,0.056808,32.438406,42.546171,32.611967,0.866326,0.181542,0.267468,1.494,cuda
efdn,ami,068,zoom,068_zoom,2,4,96,bicjpeg93,35.186037,0.901964,32.103035,0.973146,4,0.051577,33.51071,42.561214,35.197417,0.910538,0.16928,0.254142,1.493,cuda
efdn,ami,069,back,069_back,4,4,96,bicjpeg93,34.014809,0.86323,31.040676,0.965872,4,0.051912,32.224316,42.434324,32.493427,0.861989,0.225191,0.282193,1.487,cuda
efdn,ami,069,down,069_down,4,4,96,bicjpeg93,32.940544,0.862784,30.575957,0.967128,4,0.060401,30.627333,42.678198,32.046943,0.86467,0.180217,0.253632,1.459,cuda
efdn,ami,069,front,069_front,4,4,96,bicjpeg93,33.703007,0.869804,31.228358,0.968523,4,0.052455,31.787017,41.993285,32.369458,0.857833,0.179866,0.250056,1.483,cuda
efdn,ami,069,left,069_left,4,4,96,bicjpeg93,33.865509,0.876718,31.570323,0.966238,4,0.056329,31.804233,42.876463,31.815711,0.844533,0.206284,0.25126,1.537,cuda
efdn,ami,069,right,069_right,4,4,96,bicjpeg93,34.152587,0.889604,31.551224,0.972251,4,0.049496,31.943096,42.778817,31.947539,0.850654,0.147821,0.246556,1.496,cuda
efdn,ami,069,up,069_up,4,4,96,bicjpeg93,33.468669,0.866495,31.026276,0.96837,4,0.057984,31.569931,42.326017,31.102237,0.829753,0.213568,0.261257,1.504,cuda
efdn,ami,069,zoom,069_zoom,4,4,96,bicjpeg93,33.55158,0.871409,30.998361,0.970509,4,0.057204,31.551192,41.68028,33.602738,0.890446,0.245145,0.26055,1.492,cuda
efdn,ami,070,back,070_back,3,4,96,bicjpeg93,34.023719,0.870069,30.748221,0.962797,4,0.061827,32.35033,42.073399,33.617163,0.85109,0.149323,0.232962,1.505,cuda
efdn,ami,070,down,070_down,3,4,96,bicjpeg93,32.922205,0.857443,30.303129,0.963173,4,0.061904,30.97737,42.428177,31.701102,0.836656,0.207185,0.272957,1.479,cuda
efdn,ami,070,front,070_front,3,4,96,bicjpeg93,33.176126,0.858705,30.364036,0.963245,4,0.069859,31.12847,42.384058,33.384974,0.874853,0.16866,0.252054,1.469,cuda
efdn,ami,070,left,070_left,3,4,96,bicjpeg93,34.567388,0.879906,31.705862,0.967112,4,0.05596,32.739818,43.240246,33.238586,0.848524,0.201811,0.248084,1.484,cuda
efdn,ami,070,right,070_right,3,4,96,bicjpeg93,33.721082,0.855504,30.796283,0.958392,4,0.067362,31.820169,42.279988,33.593794,0.854569,0.156996,0.2522,1.471,cuda
efdn,ami,070,up,070_up,3,4,96,bicjpeg93,33.641961,0.859326,30.747033,0.962143,4,0.05312,31.571112,42.910688,33.198256,0.840702,0.226029,0.258448,1.48,cuda
efdn,ami,070,zoom,070_zoom,3,4,96,bicjpeg93,33.961584,0.876661,30.942072,0.965407,4,0.059494,32.077489,42.174011,35.076951,0.897556,0.159419,0.228117,1.504,cuda
efdn,ami,071,back,071_back,2,4,96,bicjpeg93,33.653789,0.862716,31.145133,0.962861,4,0.059006,31.944396,42.093623,32.400311,0.846265,0.174264,0.292714,1.469,cuda
efdn,ami,071,down,071_down,2,4,96,bicjpeg93,33.187787,0.868013,30.631135,0.96347,4,0.058252,31.421621,42.148342,32.897394,0.891207,0.219688,0.262984,1.482,cuda
efdn,ami,071,front,071_front,2,4,96,bicjpeg93,32.511009,0.853821,30.043901,0.960897,4,0.075813,30.6736,41.853986,31.793031,0.863425,0.178684,0.255963,1.497,cuda
efdn,ami,071,left,071_left,2,4,96,bicjpeg93,33.58182,0.881388,30.985769,0.968375,4,0.057682,31.888996,42.400047,32.970209,0.876585,0.244535,0.244899,1.492,cuda
efdn,ami,071,right,071_right,2,4,96,bicjpeg93,33.360854,0.852059,30.557837,0.960161,4,0.063758,31.464908,42.423023,31.383908,0.829767,0.215054,0.255333,1.495,cuda
efdn,ami,071,up,071_up,2,4,96,bicjpeg93,32.264963,0.850464,29.795588,0.962442,4,0.065311,30.288677,42.082352,32.292009,0.838695,0.222686,0.248855,1.476,cuda
efdn,ami,071,zoom,071_zoom,2,4,96,bicjpeg93,33.777036,0.882135,30.960668,0.969109,4,0.052874,31.739537,42.249749,34.066878,0.883521,0.201044,0.25647,1.476,cuda
efdn,ami,072,back,072_back,1,4,96,bicjpeg93,35.132051,0.885618,31.957796,0.965875,4,0.052088,33.612637,42.59892,32.519888,0.84722,0.141955,0.254801,1.484,cuda
efdn,ami,072,down,072_down,1,4,96,bicjpeg93,35.867777,0.89906,32.834462,0.96934,4,0.045949,34.842036,43.176971,33.004592,0.862033,0.144694,0.236448,1.497,cuda
efdn,ami,072,front,072_front,1,4,96,bicjpeg93,35.906353,0.901433,32.835692,0.967966,4,0.048598,34.614035,43.226056,33.389816,0.857293,0.161254,0.251302,1.505,cuda
efdn,ami,072,left,072_left,1,4,96,bicjpeg93,35.918316,0.892545,33.044024,0.966886,4,0.045144,34.684423,43.361088,33.372382,0.851364,0.193913,0.260005,1.495,cuda
efdn,ami,072,right,072_right,1,4,96,bicjpeg93,36.312726,0.913036,32.915648,0.972972,4,0.04564,34.879642,43.488439,33.402687,0.876308,0.161367,0.239842,1.492,cuda
efdn,ami,072,up,072_up,1,4,96,bicjpeg93,35.893913,0.899314,32.748346,0.969784,4,0.049177,34.383039,43.656327,33.030256,0.841781,0.173385,0.244864,1.476,cuda
efdn,ami,072,zoom,072_zoom,1,4,96,bicjpeg93,36.58287,0.910481,33.206334,0.970585,4,0.046679,35.002645,43.091166,34.688518,0.886839,0.153133,0.258276,1.486,cuda
efdn,ami,073,back,073_back,1,4,96,bicjpeg93,34.905196,0.884881,31.713316,0.966724,4,0.052702,32.933223,42.675657,31.959327,0.819353,0.141822,0.2336,1.493,cuda
efdn,ami,073,down,073_down,1,4,96,bicjpeg93,35.142298,0.903663,32.21097,0.973638,4,0.047449,33.414257,43.609585,32.722566,0.876752,0.170049,0.286403,1.481,cuda
efdn,ami,073,front,073_front,1,4,96,bicjpeg93,34.147552,0.876473,31.396349,0.96301,4,0.056086,31.948278,42.895713,31.532691,0.826726,0.173422,0.256589,1.497,cuda
efdn,ami,073,left,073_left,1,4,96,bicjpeg93,35.449147,0.896096,32.664765,0.96935,4,0.051649,34.239576,43.405776,32.661928,0.86493,0.204637,0.267022,1.488,cuda
efdn,ami,073,right,073_right,1,4,96,bicjpeg93,34.986612,0.887153,31.865242,0.966412,4,0.054098,33.054585,43.003364,32.527569,0.843189,0.183714,0.257849,1.496,cuda
efdn,ami,073,up,073_up,1,4,96,bicjpeg93,34.522123,0.881501,31.633124,0.967945,4,0.055809,32.567271,43.293357,32.364787,0.82404,0.242282,0.260651,1.505,cuda
efdn,ami,073,zoom,073_zoom,1,4,96,bicjpeg93,35.748427,0.904842,32.539951,0.971817,4,0.04958,33.967767,43.786657,33.716602,0.87496,0.157606,0.262094,1.497,cuda
efdn,ami,074,back,074_back,1,4,96,bicjpeg93,34.697233,0.865357,32.010193,0.962649,4,0.056595,33.237612,43.054666,32.636245,0.837349,0.221969,0.293916,1.49,cuda
efdn,ami,074,down,074_down,1,4,96,bicjpeg93,34.380822,0.863805,31.863472,0.961133,4,0.058304,32.83226,43.138725,32.148447,0.83453,0.208111,0.291969,1.481,cuda
efdn,ami,074,front,074_front,1,4,96,bicjpeg93,34.127487,0.855975,31.470457,0.958608,4,0.062942,32.34102,42.796086,31.681447,0.829193,0.225766,0.274915,1.481,cuda
efdn,ami,074,left,074_left,1,4,96,bicjpeg93,34.804923,0.873815,32.073302,0.962505,4,0.053998,33.351611,42.714057,32.995465,0.838083,0.205948,0.294799,1.481,cuda
efdn,ami,074,right,074_right,1,4,96,bicjpeg93,34.27599,0.874599,31.163552,0.963175,4,0.064008,32.49522,42.409277,32.268306,0.831525,0.209034,0.252875,1.477,cuda
efdn,ami,074,up,074_up,1,4,96,bicjpeg93,34.079646,0.857618,31.451694,0.96067,4,0.061272,32.461105,42.378019,32.32127,0.830327,0.221701,0.280616,1.482,cuda
efdn,ami,074,zoom,074_zoom,1,4,96,bicjpeg93,35.097602,0.883055,32.255173,0.965313,4,0.052025,33.911554,42.623375,33.948347,0.880035,0.186111,0.273695,1.448,cuda
efdn,ami,075,back,075_back,3,4,96,bicjpeg93,33.917762,0.851138,30.660038,0.95897,4,0.06121,32.26095,42.536683,32.640535,0.825531,0.191647,0.221782,1.459,cuda
efdn,ami,075,down,075_down,3,4,96,bicjpeg93,33.537412,0.856144,30.487442,0.962009,4,0.066003,31.715387,42.61845,32.716315,0.852305,0.223148,0.297996,1.486,cuda
efdn,ami,075,front,075_front,3,4,96,bicjpeg93,32.807881,0.837277,30.001636,0.959816,4,0.062175,31.106174,42.135497,33.267762,0.877038,0.207177,0.260803,1.482,cuda
efdn,ami,075,left,075_left,3,4,96,bicjpeg93,33.805041,0.862784,31.107276,0.964853,4,0.05905,31.906461,43.161066,33.671999,0.852269,0.263553,0.296594,1.476,cuda
efdn,ami,075,right,075_right,3,4,96,bicjpeg93,34.479254,0.872517,30.983128,0.967238,4,0.060453,32.75092,42.551699,33.949771,0.869927,0.207741,0.262383,1.463,cuda
efdn,ami,075,up,075_up,3,4,96,bicjpeg93,33.19269,0.845222,30.341937,0.961302,4,0.057276,31.311479,42.07013,34.086399,0.865532,0.182441,0.278127,1.487,cuda
efdn,ami,075,zoom,075_zoom,3,4,96,bicjpeg93,33.458057,0.869328,30.648519,0.964927,4,0.070206,31.590972,42.46635,34.970557,0.909663,0.193001,0.242715,1.496,cuda
efdn,ami,076,back,076_back,5,4,96,bicjpeg93,35.017764,0.890568,31.697156,0.968728,4,0.055847,33.051673,42.899135,33.262269,0.900688,0.154993,0.241322,1.497,cuda
efdn,ami,076,down,076_down,5,4,96,bicjpeg93,34.398695,0.876018,31.302839,0.963915,4,0.055339,32.692155,43.111052,33.048983,0.874399,0.210212,0.262593,1.482,cuda
efdn,ami,076,front,076_front,5,4,96,bicjpeg93,34.711033,0.877727,31.539017,0.964856,4,0.056117,33.117403,42.764457,33.752949,0.899236,0.189718,0.250765,1.5,cuda
efdn,ami,076,left,076_left,5,4,96,bicjpeg93,35.051851,0.880746,31.690217,0.967536,4,0.059031,33.885362,43.082932,33.819598,0.882464,0.192085,0.258938,1.495,cuda
efdn,ami,076,right,076_right,5,4,96,bicjpeg93,34.302938,0.868774,31.250754,0.962844,4,0.064876,32.806071,42.365109,33.092123,0.885009,0.196321,0.262447,1.473,cuda
efdn,ami,076,up,076_up,5,4,96,bicjpeg93,34.007031,0.87111,31.006437,0.963833,4,0.054628,32.17205,42.548571,32.696017,0.88567,0.18771,0.256608,1.482,cuda
efdn,ami,076,zoom,076_zoom,5,4,96,bicjpeg93,35.100572,0.901799,31.620364,0.971397,4,0.051506,33.096895,42.790298,36.719246,0.928089,0.141688,0.230348,1.476,cuda
efdn,ami,077,back,077_back,2,4,96,bicjpeg93,35.56064,0.879804,32.679539,0.96523,4,0.052331,34.010575,43.14167,33.229119,0.854145,0.156689,0.257874,1.482,cuda
efdn,ami,077,down,077_down,2,4,96,bicjpeg93,34.354484,0.85502,31.808846,0.959367,4,0.05556,32.466882,42.770775,31.672547,0.818355,0.180961,0.274088,1.487,cuda
efdn,ami,077,front,077_front,2,4,96,bicjpeg93,34.797461,0.865645,32.114913,0.963491,4,0.054117,32.992705,42.857898,32.338052,0.839253,0.177158,0.303617,1.486,cuda
efdn,ami,077,left,077_left,2,4,96,bicjpeg93,34.893054,0.869404,32.319905,0.966868,4,0.057026,33.219177,43.082204,33.36423,0.855288,0.161786,0.294654,1.475,cuda
efdn,ami,077,right,077_right,2,4,96,bicjpeg93,34.865144,0.888671,32.006236,0.968258,4,0.051356,32.447001,43.313588,33.238933,0.881735,0.101248,0.251968,1.462,cuda
efdn,ami,077,up,077_up,2,4,96,bicjpeg93,34.960023,0.865938,32.264751,0.962621,4,0.050432,33.12351,42.995409,32.835963,0.841006,0.176761,0.291351,1.475,cuda
efdn,ami,077,zoom,077_zoom,2,4,96,bicjpeg93,35.712972,0.889727,32.555771,0.969077,4,0.048461,34.097619,42.916064,34.020961,0.874137,0.169739,0.296565,1.479,cuda
efdn,ami,078,back,078_back,2,4,96,bicjpeg93,34.577886,0.873531,31.606814,0.961983,4,0.053403,33.287085,42.354262,32.592202,0.836589,0.236845,0.270799,1.484,cuda
efdn,ami,078,down,078_down,2,4,96,bicjpeg93,34.083544,0.857316,31.634889,0.957746,4,0.063751,32.520834,42.860843,31.485335,0.819015,0.179138,0.256299,1.485,cuda
efdn,ami,078,front,078_front,2,4,96,bicjpeg93,34.432886,0.870854,31.842378,0.961663,4,0.059502,32.989765,42.941793,33.081698,0.894709,0.160975,0.255487,1.49,cuda
efdn,ami,078,left,078_left,2,4,96,bicjpeg93,33.889377,0.854519,31.370875,0.957269,4,0.062457,32.2201,42.395159,31.788484,0.844863,0.17125,0.242381,1.47,cuda
efdn,ami,078,right,078_right,2,4,96,bicjpeg93,34.696828,0.880813,31.777896,0.964808,4,0.054401,33.073356,42.440498,32.865089,0.870671,0.157023,0.246138,1.488,cuda
efdn,ami,078,up,078_up,2,4,96,bicjpeg93,34.043928,0.853927,31.506073,0.954928,4,0.060342,32.231129,42.102565,33.113163,0.85508,0.197168,0.261783,1.504,cuda
efdn,ami,078,zoom,078_zoom,2,4,96,bicjpeg93,34.773655,0.887125,32.097867,0.963307,4,0.063206,32.799594,42.904644,34.530587,0.907518,0.130952,0.236883,1.502,cuda
efdn,ami,079,back,079_back,4,4,96,bicjpeg93,34.166901,0.865575,31.057943,0.961679,4,0.051873,32.900927,42.747865,31.671187,0.812221,0.231117,0.25423,1.484,cuda
efdn,ami,079,down,079_down,4,4,96,bicjpeg93,33.9537,0.862214,31.236051,0.957545,4,0.056398,32.463267,42.642723,31.656685,0.810517,0.251182,0.275892,1.474,cuda
efdn,ami,079,front,079_front,4,4,96,bicjpeg93,33.650552,0.855575,30.834782,0.96144,4,0.059758,32.341322,42.489241,32.443978,0.825673,0.284078,0.245939,1.499,cuda
efdn,ami,079,left,079_left,4,4,96,bicjpeg93,34.832116,0.88127,31.942544,0.964002,4,0.055443,33.418106,43.021771,32.14262,0.813915,0.247308,0.270801,1.5,cuda
efdn,ami,079,right,079_right,4,4,96,bicjpeg93,33.785486,0.873311,30.83663,0.964274,4,0.054553,31.806846,42.506506,31.833479,0.839404,0.21304,0.229601,1.502,cuda
efdn,ami,079,up,079_up,4,4,96,bicjpeg93,33.541781,0.853381,30.723178,0.96198,4,0.059214,32.012048,42.327745,32.266856,0.82469,0.239199,0.255698,1.49,cuda
efdn,ami,079,zoom,079_zoom,4,4,96,bicjpeg93,34.078384,0.866835,31.122598,0.959715,4,0.061965,32.518985,42.408596,33.904137,0.855102,0.255631,0.267158,1.464,cuda
efdn,ami,080,back,080_back,3,4,96,bicjpeg93,35.341236,0.890167,32.691019,0.969232,4,0.051736,33.437088,44.098002,31.254333,0.81957,0.193775,0.287592,1.486,cuda
efdn,ami,080,down,080_down,3,4,96,bicjpeg93,35.55405,0.890102,32.905626,0.965043,4,0.056258,33.994513,43.994016,31.496247,0.82656,0.196482,0.289867,1.482,cuda
efdn,ami,080,front,080_front,3,4,96,bicjpeg93,35.553142,0.88857,32.903995,0.963252,4,0.052063,34.22127,43.615829,31.805009,0.812424,0.207878,0.310831,1.481,cuda
efdn,ami,080,left,080_left,3,4,96,bicjpeg93,35.974966,0.89976,33.3449,0.970002,4,0.048306,34.622334,44.17706,31.626259,0.814097,0.214265,0.29358,1.502,cuda
efdn,ami,080,right,080_right,3,4,96,bicjpeg93,35.272995,0.89777,32.477059,0.970149,4,0.044484,33.080383,43.4816,31.858407,0.853744,0.166869,0.261072,1.474,cuda
efdn,ami,080,up,080_up,3,4,96,bicjpeg93,35.30858,0.882325,32.622612,0.964759,4,0.047849,33.622559,43.273103,31.768492,0.806479,0.211878,0.295159,1.474,cuda
efdn,ami,080,zoom,080_zoom,3,4,96,bicjpeg93,36.233603,0.903908,33.127646,0.968787,4,0.047001,34.80335,43.301931,33.087794,0.873501,0.161048,0.29127,1.497,cuda
efdn,ami,081,back,081_back,1,4,96,bicjpeg93,34.985055,0.878842,31.694449,0.963353,4,0.049587,33.117982,43.442862,31.437665,0.815593,0.190217,0.261995,1.49,cuda
efdn,ami,081,down,081_down,1,4,96,bicjpeg93,34.628937,0.872481,31.803774,0.964691,4,0.049087,32.619717,44.235607,30.636943,0.821462,0.231191,0.304694,1.479,cuda
efdn,ami,081,front,081_front,1,4,96,bicjpeg93,34.23665,0.854552,31.377661,0.95843,4,0.054632,32.327119,43.309423,30.669886,0.786462,0.281346,0.291035,1.49,cuda
efdn,ami,081,left,081_left,1,4,96,bicjpeg93,35.615072,0.872246,32.644152,0.963215,4,0.048376,34.192528,44.164778,32.137952,0.806619,0.258627,0.315803,1.476,cuda
efdn,ami,081,right,081_right,1,4,96,bicjpeg93,35.749571,0.913916,32.511239,0.974367,4,0.039724,33.592031,44.092017,31.633417,0.840359,0.156086,0.280454,1.497,cuda
efdn,ami,081,up,081_up,1,4,96,bicjpeg93,33.928308,0.848889,31.184689,0.959183,4,0.062857,32.226252,43.352978,30.889518,0.801454,0.279065,0.330406,1.493,cuda
efdn,ami,081,zoom,081_zoom,1,4,96,bicjpeg93,34.85195,0.878145,31.739693,0.963942,4,0.053873,32.875069,43.100713,32.332485,0.861227,0.213325,0.290198,1.476,cuda
efdn,ami,082,back,082_back,2,4,96,bicjpeg93,34.890303,0.888901,32.00363,0.971136,4,0.053237,32.599541,44.078327,32.550328,0.862903,0.108632,0.255178,1.499,cuda
efdn,ami,082,down,082_down,2,4,96,bicjpeg93,34.186114,0.873172,31.366899,0.967814,4,0.052714,32.051689,43.145373,31.644179,0.892245,0.180427,0.264869,1.502,cuda
efdn,ami,082,front,082_front,2,4,96,bicjpeg93,34.056296,0.864789,31.295165,0.963792,4,0.059391,31.839784,43.059664,30.860302,0.843098,0.220041,0.292039,1.492,cuda
efdn,ami,082,left,082_left,2,4,96,bicjpeg93,34.542564,0.881657,31.569908,0.968701,4,0.052847,32.307898,43.290178,31.23068,0.867534,0.187184,0.265867,1.468,cuda
efdn,ami,082,right,082_right,2,4,96,bicjpeg93,34.776862,0.877534,31.968477,0.964839,4,0.051673,32.867224,43.118983,31.654025,0.845928,0.164417,0.267213,1.483,cuda
efdn,ami,082,up,082_up,2,4,96,bicjpeg93,34.679506,0.8787,31.612057,0.966343,4,0.053469,32.649029,42.962051,32.127107,0.867681,0.232438,0.275744,1.458,cuda
efdn,ami,082,zoom,082_zoom,2,4,96,bicjpeg93,34.293545,0.879362,31.361301,0.970304,4,0.056881,31.880534,42.913971,33.137722,0.899595,0.146723,0.270091,1.481,cuda
efdn,ami,083,back,083_back,4,4,96,bicjpeg93,33.740026,0.856815,30.934835,0.962687,4,0.05529,31.574528,42.615906,30.941819,0.810431,0.168663,0.264045,1.497,cuda
efdn,ami,083,down,083_down,4,4,96,bicjpeg93,33.286776,0.825817,30.641805,0.953291,4,0.061153,30.99303,42.60394,32.189924,0.847268,0.227708,0.279444,1.471,cuda
efdn,ami,083,front,083_front,4,4,96,bicjpeg93,33.708269,0.838431,31.005844,0.960116,4,0.057952,31.872266,42.637728,32.64821,0.845158,0.229272,0.275254,1.471,cuda
efdn,ami,083,left,083_left,4,4,96,bicjpeg93,34.852293,0.875772,31.693839,0.967902,4,0.047931,32.852917,43.550861,32.922489,0.878755,0.195873,0.2339,1.476,cuda
efdn,ami,083,right,083_right,4,4,96,bicjpeg93,34.288575,0.882142,31.428544,0.968873,4,0.054921,31.932365,43.32528,31.687611,0.836479,0.146168,0.261346,1.48,cuda
efdn,ami,083,up,083_up,4,4,96,bicjpeg93,33.512507,0.832109,30.838734,0.958785,4,0.060916,31.584109,42.960039,31.86792,0.84603,0.23934,0.283094,1.467,cuda
efdn,ami,083,zoom,083_zoom,4,4,96,bicjpeg93,34.602647,0.870923,31.545899,0.966424,4,0.053895,32.547404,43.137845,34.80708,0.887044,0.198465,0.302226,1.498,cuda
efdn,ami,084,back,084_back,3,4,96,bicjpeg93,34.278828,0.852998,31.710384,0.958853,4,0.059167,32.5603,42.924658,32.204162,0.808345,0.191163,0.263826,1.476,cuda
efdn,ami,084,down,084_down,3,4,96,bicjpeg93,33.453924,0.853525,31.125734,0.958538,4,0.06427,31.939479,42.688966,30.617138,0.825167,0.227893,0.261677,1.48,cuda
efdn,ami,084,front,084_front,3,4,96,bicjpeg93,33.095721,0.837663,30.877485,0.949586,4,0.074321,31.610918,42.442798,30.681034,0.821658,0.229404,0.271897,1.47,cuda
efdn,ami,084,left,084_left,3,4,96,bicjpeg93,34.303986,0.86113,31.99203,0.959418,4,0.056134,32.634156,42.945851,31.727228,0.816871,0.244473,0.283297,1.478,cuda
efdn,ami,084,right,084_right,3,4,96,bicjpeg93,34.432317,0.869362,31.704893,0.962901,4,0.059296,32.793477,42.759441,32.151382,0.830185,0.205982,0.248527,1.475,cuda
efdn,ami,084,up,084_up,3,4,96,bicjpeg93,33.097085,0.843065,30.78378,0.956478,4,0.064764,31.486906,42.231118,31.686184,0.799731,0.197742,0.264696,1.49,cuda
efdn,ami,084,zoom,084_zoom,3,4,96,bicjpeg93,33.773625,0.864064,31.294709,0.960746,4,0.064924,32.136276,42.897109,31.411045,0.846497,0.219725,0.272173,1.499,cuda
efdn,ami,085,back,085_back,4,4,96,bicjpeg93,35.833013,0.890859,32.680806,0.966449,4,0.047159,34.769631,44.021598,32.001327,0.771828,0.219442,0.25168,1.493,cuda
efdn,ami,085,down,085_down,4,4,96,bicjpeg93,35.358456,0.879905,32.624731,0.965119,4,0.05144,34.171544,43.611623,32.080906,0.776364,0.27114,0.300106,1.491,cuda
efdn,ami,085,front,085_front,4,4,96,bicjpeg93,35.397408,0.880264,32.717625,0.963651,4,0.057285,34.13298,43.51996,32.091432,0.772679,0.241234,0.25028,1.496,cuda
efdn,ami,085,left,085_left,4,4,96,bicjpeg93,36.011508,0.885532,32.945469,0.964796,4,0.045196,34.559975,43.778158,32.947862,0.785321,0.26031,0.285236,1.488,cuda
efdn,ami,085,right,085_right,4,4,96,bicjpeg93,34.951897,0.876232,32.217199,0.96545,4,0.0556,33.398742,43.486412,32.493642,0.837873,0.194934,0.281797,1.481,cuda
efdn,ami,085,up,085_up,4,4,96,bicjpeg93,35.040526,0.870214,32.455826,0.960861,4,0.058261,33.914042,43.423651,31.975321,0.774951,0.207054,0.250666,1.492,cuda
efdn,ami,085,zoom,085_zoom,4,4,96,bicjpeg93,35.8388,0.895062,33.078689,0.969267,4,0.05634,34.501608,43.983634,33.0887,0.822399,0.214862,0.270875,1.49,cuda
efdn,ami,086,back,086_back,5,4,96,bicjpeg93,34.829967,0.881032,31.63357,0.968643,4,0.049273,33.302924,43.050984,32.660467,0.869848,0.168514,0.253573,1.491,cuda
efdn,ami,086,down,086_down,5,4,96,bicjpeg93,34.020531,0.863743,31.2983,0.962706,4,0.060894,32.347763,43.040527,31.838595,0.85867,0.222238,0.260014,1.493,cuda
efdn,ami,086,front,086_front,5,4,96,bicjpeg93,33.548253,0.854226,30.970901,0.957639,4,0.061896,32.21635,42.453548,30.933271,0.83902,0.1972,0.265804,1.481,cuda
efdn,ami,086,left,086_left,5,4,96,bicjpeg93,34.598544,0.869065,31.609971,0.962241,4,0.059113,33.022479,43.138742,32.874536,0.826665,0.222389,0.277175,1.476,cuda
efdn,ami,086,right,086_right,5,4,96,bicjpeg93,34.728185,0.880241,31.568496,0.964699,4,0.056399,32.901863,42.660104,33.481229,0.859522,0.192139,0.259717,1.507,cuda
efdn,ami,086,up,086_up,5,4,96,bicjpeg93,34.07952,0.86436,31.171121,0.962482,4,0.055124,32.460374,42.52759,32.466138,0.8379,0.207335,0.25643,1.5,cuda
efdn,ami,086,zoom,086_zoom,5,4,96,bicjpeg93,34.289237,0.873258,31.542591,0.963542,4,0.056224,32.53941,42.461455,33.243291,0.875172,0.170506,0.254573,1.5,cuda
efdn,ami,087,back,087_back,4,4,96,bicjpeg93,34.239229,0.863564,31.457087,0.961134,4,0.056892,32.479776,42.730308,32.101134,0.841215,0.190712,0.240756,1.473,cuda
efdn,ami,087,down,087_down,4,4,96,bicjpeg93,34.397382,0.88308,31.631336,0.967313,4,0.059394,32.657887,43.054014,32.01244,0.84972,0.156756,0.232955,1.463,cuda
efdn,ami,087,front,087_front,4,4,96,bicjpeg93,34.743907,0.885152,31.923285,0.965417,4,0.057589,33.091097,43.160842,32.536069,0.851733,0.157645,0.250074,1.483,cuda
efdn,ami,087,left,087_left,4,4,96,bicjpeg93,35.205986,0.886227,32.4284,0.966676,4,0.052688,33.395579,43.704975,33.932353,0.88484,0.175134,0.269627,1.482,cuda
efdn,ami,087,right,087_right,4,4,96,bicjpeg93,35.121068,0.900418,32.038291,0.971581,4,0.053766,32.923001,42.848204,33.127589,0.866432,0.128615,0.24127,1.483,cuda
efdn,ami,087,up,087_up,4,4,96,bicjpeg93,33.722824,0.86761,31.122467,0.962553,4,0.052684,31.880377,42.128568,31.887984,0.826201,0.163732,0.252018,1.482,cuda
efdn,ami,087,zoom,087_zoom,4,4,96,bicjpeg93,35.136032,0.896384,32.062837,0.968951,4,0.051548,33.36719,42.421047,33.567459,0.876295,0.155721,0.228179,1.489,cuda
efdn,ami,088,back,088_back,1,4,96,bicjpeg93,33.548234,0.856928,31.040865,0.957886,4,0.066378,32.004905,42.054596,32.882975,0.856438,0.126851,0.226244,1.468,cuda
efdn,ami,088,down,088_down,1,4,96,bicjpeg93,34.065143,0.873337,31.250256,0.963863,4,0.063149,32.185537,42.778693,32.903041,0.870692,0.148433,0.253617,1.495,cuda
efdn,ami,088,front,088_front,1,4,96,bicjpeg93,33.744829,0.865328,31.065161,0.962259,4,0.062561,31.756784,42.043296,32.976154,0.851927,0.159039,0.270468,1.483,cuda
efdn,ami,088,left,088_left,1,4,96,bicjpeg93,35.569013,0.904937,32.641743,0.970638,4,0.04905,34.02387,43.211171,33.072221,0.85128,0.168634,0.294787,1.497,cuda
efdn,ami,088,right,088_right,1,4,96,bicjpeg93,34.63307,0.893563,31.547369,0.97198,4,0.050286,32.324737,43.093535,33.99037,0.904303,0.14754,0.222332,1.5,cuda
efdn,ami,088,up,088_up,1,4,96,bicjpeg93,34.126412,0.875852,31.509505,0.964532,4,0.060201,32.153576,42.412495,32.991631,0.861331,0.155734,0.238287,1.512,cuda
efdn,ami,088,zoom,088_zoom,1,4,96,bicjpeg93,34.431912,0.89579,31.488835,0.970331,4,0.059459,32.206759,42.959144,34.688027,0.905606,0.141351,0.253155,1.497,cuda
efdn,ami,089,back,089_back,1,4,96,bicjpeg93,34.427619,0.886475,31.616984,0.968383,4,0.053381,32.699271,43.022104,31.389263,0.828734,0.152003,0.254445,1.506,cuda
efdn,ami,089,down,089_down,1,4,96,bicjpeg93,34.280998,0.877031,31.567934,0.965909,4,0.053232,32.608264,42.577788,32.607113,0.867217,0.202697,0.257862,1.493,cuda
efdn,ami,089,front,089_front,1,4,96,bicjpeg93,34.356125,0.87564,31.546418,0.964798,4,0.053364,32.827455,42.380713,32.60849,0.857633,0.208516,0.244578,1.504,cuda
efdn,ami,089,left,089_left,1,4,96,bicjpeg93,34.241378,0.871541,31.745843,0.962061,4,0.058305,32.931553,42.532095,32.516437,0.841512,0.213177,0.242761,1.505,cuda
efdn,ami,089,right,089_right,1,4,96,bicjpeg93,34.129117,0.871558,31.257666,0.964783,4,0.05198,31.920206,42.920631,33.076909,0.870725,0.16623,0.223122,1.461,cuda
efdn,ami,089,up,089_up,1,4,96,bicjpeg93,34.269344,0.872734,31.30031,0.964184,4,0.054586,32.394642,42.406519,32.157813,0.831809,0.219288,0.252467,1.464,cuda
efdn,ami,089,zoom,089_zoom,1,4,96,bicjpeg93,35.372907,0.897232,32.19961,0.972323,4,0.046535,33.987187,42.608096,34.962813,0.907092,0.20649,0.240703,1.497,cuda
efdn,ami,090,back,090_back,1,4,96,bicjpeg93,32.682661,0.86801,30.154965,0.96342,4,0.067429,30.363707,42.144478,30.746895,0.851781,0.146879,0.267075,1.501,cuda
efdn,ami,090,down,090_down,1,4,96,bicjpeg93,33.452928,0.876065,30.838396,0.96647,4,0.061162,31.496218,42.162683,30.424153,0.881544,0.164537,0.258022,1.494,cuda
efdn,ami,090,front,090_front,1,4,96,bicjpeg93,33.090991,0.877304,30.616682,0.96442,4,0.055015,30.733472,42.338303,31.910344,0.867724,0.141854,0.256759,1.517,cuda
efdn,ami,090,left,090_left,1,4,96,bicjpeg93,32.900056,0.884407,30.462847,0.968086,4,0.051663,30.838855,42.389418,31.285651,0.861633,0.145068,0.264216,1.497,cuda
efdn,ami,090,right,090_right,1,4,96,bicjpeg93,33.454703,0.874545,30.91144,0.964008,4,0.064253,31.374721,42.626856,30.802729,0.819506,0.140328,0.26334,1.491,cuda
efdn,ami,090,up,090_up,1,4,96,bicjpeg93,33.341822,0.8797,30.711377,0.966789,4,0.056882,31.369579,42.683806,32.267199,0.838112,0.180666,0.253384,1.499,cuda
efdn,ami,090,zoom,090_zoom,1,4,96,bicjpeg93,33.545164,0.890278,30.777494,0.968848,4,0.059115,31.2568,42.111955,34.022294,0.876061,0.144514,0.248776,1.481,cuda
efdn,ami,091,back,091_back,4,4,96,bicjpeg93,32.568317,0.83764,30.241568,0.957788,4,0.070721,30.273383,42.386986,31.750936,0.842687,0.221664,0.239555,1.472,cuda
efdn,ami,091,down,091_down,4,4,96,bicjpeg93,32.534932,0.837571,30.304117,0.960961,4,0.074286,30.262458,42.592127,31.498619,0.851603,0.228555,0.276627,1.508,cuda
efdn,ami,091,front,091_front,4,4,96,bicjpeg93,32.215955,0.819236,30.014376,0.953807,4,0.084612,29.948641,42.576528,32.218068,0.857886,0.253147,0.271182,1.495,cuda
efdn,ami,091,left,091_left,4,4,96,bicjpeg93,34.039954,0.861886,31.592873,0.965581,4,0.057443,31.759147,43.394481,32.410986,0.850287,0.241548,0.300708,1.493,cuda
efdn,ami,091,right,091_right,4,4,96,bicjpeg93,32.761603,0.852946,30.338885,0.962446,4,0.064077,29.870179,42.485711,31.792801,0.844412,0.18786,0.274834,1.507,cuda
efdn,ami,091,up,091_up,4,4,96,bicjpeg93,32.514197,0.82291,30.378853,0.953673,4,0.071193,30.544184,42.190299,31.613462,0.839628,0.219818,0.251446,1.502,cuda
efdn,ami,091,zoom,091_zoom,4,4,96,bicjpeg93,32.97754,0.842903,30.560459,0.962448,4,0.072539,30.834893,43.0427,33.814204,0.897938,0.225297,0.267684,1.496,cuda
efdn,ami,092,back,092_back,3,4,96,bicjpeg93,32.903234,0.817844,29.992077,0.950517,4,0.061779,31.115077,42.123487,32.212106,0.826116,0.271839,0.279022,1.495,cuda
efdn,ami,092,down,092_down,3,4,96,bicjpeg93,33.280894,0.818756,30.459693,0.952061,4,0.065596,31.679747,42.529918,33.063648,0.868856,0.250495,0.288588,1.488,cuda
efdn,ami,092,front,092_front,3,4,96,bicjpeg93,32.754771,0.809489,30.165237,0.949072,4,0.068575,31.27316,41.966275,31.144317,0.796631,0.248019,0.289959,1.492,cuda
efdn,ami,092,left,092_left,3,4,96,bicjpeg93,34.545933,0.850805,31.802735,0.961578,4,0.051572,33.137861,43.252691,33.379496,0.847646,0.282412,0.322125,1.465,cuda
efdn,ami,092,right,092_right,3,4,96,bicjpeg93,33.323631,0.815131,30.531091,0.951134,4,0.061135,31.818118,42.194283,32.289053,0.836344,0.31637,0.28175,1.478,cuda
efdn,ami,092,up,092_up,3,4,96,bicjpeg93,32.886233,0.815516,30.094512,0.9489,4,0.060609,31.439725,41.704989,31.448082,0.806063,0.284407,0.299819,1.464,cuda
efdn,ami,092,zoom,092_zoom,3,4,96,bicjpeg93,33.885319,0.852465,31.020987,0.960424,4,0.057452,32.319055,42.458908,33.027489,0.865274,0.218869,0.275257,1.453,cuda
efdn,ami,093,back,093_back,4,4,96,bicjpeg93,32.664782,0.831003,30.166102,0.953501,4,0.061067,30.859128,42.586603,32.600251,0.822314,0.177711,0.253197,1.468,cuda
efdn,ami,093,down,093_down,4,4,96,bicjpeg93,34.022258,0.871553,31.249434,0.965307,4,0.054016,32.7166,42.975302,32.506466,0.872875,0.228796,0.297762,1.495,cuda
efdn,ami,093,front,093_front,4,4,96,bicjpeg93,32.96466,0.843175,30.298414,0.955631,4,0.062032,31.448381,42.182715,31.889172,0.816748,0.226556,0.287969,1.489,cuda
efdn,ami,093,left,093_left,4,4,96,bicjpeg93,34.357968,0.873029,31.523655,0.961929,4,0.054018,32.953475,43.008814,33.141975,0.805138,0.295243,0.302668,1.49,cuda
efdn,ami,093,right,093_right,4,4,96,bicjpeg93,33.470774,0.860286,30.665387,0.962398,4,0.058686,31.665871,42.473268,32.891138,0.848639,0.187508,0.243307,1.495,cuda
efdn,ami,093,up,093_up,4,4,96,bicjpeg93,32.973642,0.842542,30.225177,0.958205,4,0.063951,31.362944,42.057493,33.057091,0.845119,0.22866,0.292388,1.47,cuda
efdn,ami,093,zoom,093_zoom,4,4,96,bicjpeg93,33.545539,0.862063,30.64809,0.964264,4,0.05722,32.178094,42.234953,33.522841,0.854306,0.245283,0.292579,1.468,cuda
efdn,ami,094,back,094_back,3,4,96,bicjpeg93,32.406083,0.839907,29.840442,0.954877,4,0.076484,29.933807,42.352359,32.366267,0.836306,0.245602,0.278813,1.482,cuda
efdn,ami,094,down,094_down,3,4,96,bicjpeg93,34.128153,0.871082,31.281372,0.965738,4,0.060849,32.186858,42.716056,32.853728,0.868005,0.157986,0.24243,1.508,cuda
efdn,ami,094,front,094_front,3,4,96,bicjpeg93,34.775715,0.878086,31.665822,0.964698,4,0.053312,33.02287,42.594111,33.301242,0.849955,0.180966,0.259677,1.485,cuda
efdn,ami,094,left,094_left,3,4,96,bicjpeg93,34.590422,0.877702,31.660918,0.96758,4,0.054078,33.276003,42.719808,32.690336,0.863395,0.188847,0.260678,1.479,cuda
efdn,ami,094,right,094_right,3,4,96,bicjpeg93,34.101877,0.872771,30.984397,0.96667,4,0.058412,32.353021,42.588658,32.625028,0.849892,0.151177,0.242753,1.499,cuda
efdn,ami,094,up,094_up,3,4,96,bicjpeg93,34.034166,0.865362,30.945611,0.963924,4,0.058561,31.976952,42.514574,33.539154,0.862613,0.17501,0.25341,1.49,cuda
efdn,ami,094,zoom,094_zoom,3,4,96,bicjpeg93,34.127326,0.8815,31.064393,0.968327,4,0.05712,32.027804,42.298099,34.545447,0.891305,0.14854,0.242752,1.478,cuda
efdn,ami,095,back,095_back,3,4,96,bicjpeg93,34.004692,0.874377,31.340728,0.968736,4,0.054537,31.6672,43.044881,30.575449,0.800327,0.175148,0.265319,1.474,cuda
efdn,ami,095,down,095_down,3,4,96,bicjpeg93,33.713188,0.86208,31.205734,0.960376,4,0.058397,31.526054,43.329436,30.391704,0.778565,0.214931,0.277949,1.466,cuda
efdn,ami,095,front,095_front,3,4,96,bicjpeg93,33.852726,0.866461,31.355407,0.963636,4,0.054147,32.386344,42.91578,30.448517,0.757348,0.196733,0.264686,1.48,cuda
efdn,ami,095,left,095_left,3,4,96,bicjpeg93,33.561341,0.8576,31.142466,0.959818,4,0.070444,31.640988,43.203541,29.838166,0.742462,0.222555,0.265657,1.498,cuda
efdn,ami,095,right,095_right,3,4,96,bicjpeg93,33.485388,0.878715,30.622542,0.968771,4,0.057357,30.745163,43.398266,30.49547,0.781552,0.175529,0.265137,1.502,cuda
efdn,ami,095,up,095_up,3,4,96,bicjpeg93,33.362195,0.854899,30.748775,0.961682,4,0.061435,31.160893,43.181027,30.796751,0.788452,0.19335,0.263533,1.46,cuda
efdn,ami,095,zoom,095_zoom,3,4,96,bicjpeg93,33.791554,0.857514,31.218872,0.956827,4,0.06209,31.953303,42.493903,31.228866,0.777112,0.17341,0.280383,1.474,cuda
efdn,ami,096,back,096_back,5,4,96,bicjpeg93,32.618936,0.846262,29.833033,0.965734,4,0.062377,30.63037,42.351404,33.477179,0.850797,0.229799,0.257997,1.498,cuda
efdn,ami,096,down,096_down,5,4,96,bicjpeg93,32.400578,0.851686,29.588827,0.964323,4,0.059691,30.208769,42.083527,32.479573,0.859114,0.211386,0.250966,1.502,cuda
efdn,ami,096,front,096_front,5,4,96,bicjpeg93,32.176585,0.837598,29.403955,0.959146,4,0.064862,29.833231,42.11415,32.688173,0.829239,0.24692,0.252652,1.472,cuda
efdn,ami,096,left,096_left,5,4,96,bicjpeg93,33.948214,0.862406,30.845964,0.964742,4,0.058135,32.317311,43.00402,32.432352,0.824138,0.269647,0.25564,1.476,cuda
efdn,ami,096,right,096_right,5,4,96,bicjpeg93,33.068708,0.841267,30.092286,0.959514,4,0.060987,31.243559,42.06498,32.296655,0.820102,0.237293,0.256035,1.461,cuda
efdn,ami,096,up,096_up,5,4,96,bicjpeg93,31.833982,0.824745,29.318831,0.957844,4,0.068852,30.234803,41.897041,32.040493,0.82925,0.2507,0.252288,1.497,cuda
efdn,ami,096,zoom,096_zoom,5,4,96,bicjpeg93,32.763422,0.846535,29.859413,0.961359,4,0.074738,30.935213,42.140263,33.577956,0.852852,0.246559,0.25527,1.49,cuda
efdn,ami,097,back,097_back,4,4,96,bicjpeg93,34.229313,0.862351,31.459373,0.956938,4,0.055883,32.261758,42.512584,31.502368,0.801578,0.20925,0.303013,1.493,cuda
efdn,ami,097,down,097_down,4,4,96,bicjpeg93,34.406246,0.872161,31.548656,0.962032,4,0.059703,32.582118,42.900397,32.218572,0.857399,0.171137,0.260563,1.483,cuda
efdn,ami,097,front,097_front,4,4,96,bicjpeg93,33.966932,0.868984,31.383324,0.962466,4,0.059661,32.126234,42.931969,31.560295,0.834168,0.169325,0.263538,1.456,cuda
efdn,ami,097,left,097_left,4,4,96,bicjpeg93,34.375551,0.873595,31.930856,0.963977,4,0.061431,32.356646,43.542963,31.557703,0.827579,0.210327,0.286366,1.482,cuda
efdn,ami,097,right,097_right,4,4,96,bicjpeg93,33.737152,0.859759,31.064964,0.958555,4,0.069774,31.640198,42.633572,32.399992,0.83622,0.204638,0.286189,1.49,cuda
efdn,ami,097,up,097_up,4,4,96,bicjpeg93,34.088322,0.869512,31.46366,0.962133,4,0.060626,32.219556,42.834902,31.771054,0.812683,0.167701,0.2532,1.491,cuda
efdn,ami,097,zoom,097_zoom,4,4,96,bicjpeg93,34.22681,0.868009,31.411368,0.964039,4,0.060326,32.369027,42.519894,33.693727,0.874449,0.159379,0.251081,1.508,cuda
efdn,ami,098,back,098_back,2,4,96,bicjpeg93,34.103689,0.858679,31.089802,0.959933,4,0.059788,32.341221,42.809175,31.764005,0.790942,0.189165,0.261132,1.489,cuda
efdn,ami,098,down,098_down,2,4,96,bicjpeg93,34.165487,0.870206,31.399288,0.961018,4,0.06741,32.098992,43.680341,30.802995,0.807196,0.198682,0.282242,1.482,cuda
efdn,ami,098,front,098_front,2,4,96,bicjpeg93,34.589713,0.869434,31.584479,0.958489,4,0.05615,32.78928,43.027156,31.543971,0.815055,0.206574,0.251895,1.498,cuda
efdn,ami,098,left,098_left,2,4,96,bicjpeg93,36.00015,0.89871,33.028091,0.968242,4,0.048338,34.500392,44.052632,32.659032,0.842485,0.223822,0.267118,1.483,cuda
efdn,ami,098,right,098_right,2,4,96,bicjpeg93,34.391679,0.870767,31.444147,0.961217,4,0.055249,32.3931,42.251557,31.904663,0.802543,0.244956,0.288774,1.461,cuda
efdn,ami,098,up,098_up,2,4,96,bicjpeg93,34.016991,0.855251,31.089622,0.95787,4,0.058183,32.008077,42.786579,31.194699,0.797731,0.220149,0.293946,1.465,cuda
efdn,ami,098,zoom,098_zoom,2,4,96,bicjpeg93,34.83887,0.881251,31.617492,0.963021,4,0.057622,33.003918,42.397302,32.106844,0.834944,0.231125,0.29327,1.489,cuda
efdn,ami,099,back,099_back,1,4,96,bicjpeg93,34.060521,0.862579,31.138025,0.961657,4,0.055952,32.239745,42.48473,32.817282,0.838596,0.16693,0.26932,1.475,cuda
efdn,ami,099,down,099_down,1,4,96,bicjpeg93,33.745849,0.864073,31.134287,0.961557,4,0.059426,31.647202,42.495565,32.86281,0.871079,0.171351,0.25982,1.489,cuda
efdn,ami,099,front,099_front,1,4,96,bicjpeg93,33.300506,0.840809,30.711854,0.954618,4,0.062838,31.463862,42.235752,32.529769,0.835462,0.210996,0.255246,1.476,cuda
efdn,ami,099,left,099_left,1,4,96,bicjpeg93,34.331824,0.875261,31.702126,0.965753,4,0.058243,32.585164,42.99906,32.550771,0.851678,0.195739,0.271336,1.466,cuda
efdn,ami,099,right,099_right,1,4,96,bicjpeg93,33.463144,0.855586,30.602458,0.960344,4,0.062844,31.140929,42.510299,33.018882,0.84753,0.154381,0.241512,1.474,cuda
efdn,ami,099,up,099_up,1,4,96,bicjpeg93,34.195668,0.862663,31.344867,0.963633,4,0.053845,32.731322,42.320351,33.715237,0.85716,0.194852,0.229764,1.462,cuda
efdn,ami,099,zoom,099_zoom,1,4,96,bicjpeg93,34.438299,0.877035,31.610484,0.967516,4,0.052614,32.6076,42.931561,34.531883,0.874647,0.196045,0.256907,1.496,cuda
efdn,ami,100,back,100_back,1,4,96,bicjpeg93,34.125841,0.828361,30.95246,0.952621,4,0.058226,32.657803,42.692369,33.536288,0.82796,0.292254,0.299298,1.48,cuda
efdn,ami,100,down,100_down,1,4,96,bicjpeg93,33.707453,0.840288,30.833029,0.959851,4,0.056149,31.807105,43.182798,32.861516,0.856177,0.288604,0.296364,1.491,cuda
efdn,ami,100,front,100_front,1,4,96,bicjpeg93,33.626058,0.825012,30.769337,0.953692,4,0.059749,31.762207,42.667091,32.827939,0.837226,0.302781,0.308206,1.511,cuda
efdn,ami,100,left,100_left,1,4,96,bicjpeg93,34.589208,0.841806,31.720659,0.957623,4,0.052635,33.041659,43.400223,32.844964,0.855884,0.284885,0.280257,1.501,cuda
efdn,ami,100,right,100_right,1,4,96,bicjpeg93,33.733168,0.823854,30.802732,0.953428,4,0.056992,32.18646,42.495947,33.603832,0.862169,0.298578,0.268642,1.483,cuda
efdn,ami,100,up,100_up,1,4,96,bicjpeg93,33.208843,0.810452,30.469893,0.944531,4,0.057564,31.646599,41.706731,31.988308,0.789897,0.296844,0.284289,1.49,cuda
efdn,ami,100,zoom,100_zoom,1,4,96,bicjpeg93,33.518053,0.834515,30.632074,0.956386,4,0.056435,31.735831,42.533372,33.588616,0.850408,0.27232,0.309748,1.496,cuda
efdn,ami,101,back,101_back,1,4,96,bicjpeg93,33.929903,0.858756,30.935124,0.961243,4,0.05581,32.058082,42.549428,32.288175,0.83844,0.216677,0.271132,1.466,cuda
efdn,ami,101,down,101_down,1,4,96,bicjpeg93,34.552149,0.87225,31.753789,0.963461,4,0.052143,32.848716,43.475327,32.046764,0.87507,0.18647,0.258098,1.469,cuda
efdn,ami,101,front,101_front,1,4,96,bicjpeg93,34.345064,0.868592,31.457695,0.960563,4,0.060821,32.598588,42.683306,32.02788,0.860397,0.187593,0.235682,1.455,cuda
efdn,ami,101,left,101_left,1,4,96,bicjpeg93,34.395554,0.867331,31.628776,0.959123,4,0.066498,32.262583,43.375064,31.260471,0.7996,0.184172,0.26709,1.508,cuda
efdn,ami,101,right,101_right,1,4,96,bicjpeg93,33.891351,0.868416,31.06068,0.962044,4,0.056539,31.877199,42.615887,32.74409,0.837742,0.186047,0.253203,1.5,cuda
efdn,ami,101,up,101_up,1,4,96,bicjpeg93,34.132898,0.866494,31.284586,0.96219,4,0.055727,32.479979,42.679255,32.866663,0.851343,0.216928,0.243138,1.488,cuda
efdn,ami,101,zoom,101_zoom,1,4,96,bicjpeg93,34.373878,0.871846,31.438442,0.962933,4,0.058482,32.546431,42.839381,34.035542,0.882207,0.182658,0.25891,1.529,cuda
efdn,ami,102,back,102_back,1,4,96,bicjpeg93,33.552163,0.84949,30.524647,0.96066,4,0.066533,31.936796,42.1602,31.481842,0.799405,0.227535,0.273116,1.515,cuda
efdn,ami,102,down,102_down,1,4,96,bicjpeg93,33.468885,0.845125,30.83109,0.962897,4,0.060205,32.154317,42.366535,33.141646,0.878768,0.256519,0.304551,1.502,cuda
efdn,ami,102,front,102_front,1,4,96,bicjpeg93,33.663155,0.848982,30.901458,0.962084,4,0.059418,32.239787,42.609247,32.792817,0.856604,0.236109,0.272671,1.511,cuda
efdn,ami,102,left,102_left,1,4,96,bicjpeg93,34.118148,0.854028,31.237843,0.964028,4,0.055686,32.609482,42.909468,33.190194,0.866218,0.277285,0.28601,1.494,cuda
efdn,ami,102,right,102_right,1,4,96,bicjpeg93,32.955956,0.827564,30.216345,0.959148,4,0.066233,31.543624,41.989784,32.819786,0.861265,0.29067,0.291814,1.509,cuda
efdn,ami,102,up,102_up,1,4,96,bicjpeg93,32.588761,0.819233,30.154289,0.954037,4,0.059795,30.885953,41.875781,32.642848,0.821792,0.244672,0.282232,1.485,cuda
efdn,ami,102,zoom,102_zoom,1,4,96,bicjpeg93,34.228462,0.865993,31.304007,0.966817,4,0.053262,32.757304,42.748637,34.582837,0.878186,0.276047,0.276162,1.497,cuda
efdn,ami,103,back,103_back,2,4,96,bicjpeg93,34.182097,0.862582,31.024396,0.963567,4,0.05987,32.280402,42.982235,32.271324,0.833267,0.205175,0.269334,1.493,cuda
efdn,ami,103,down,103_down,2,4,96,bicjpeg93,34.424587,0.877939,31.33878,0.962336,4,0.059828,32.247582,42.493452,32.07003,0.842529,0.216023,0.250889,1.494,cuda
efdn,ami,103,front,103_front,2,4,96,bicjpeg93,34.726519,0.883164,31.458668,0.968343,4,0.050077,32.894844,42.765794,32.473852,0.848959,0.212054,0.25542,1.496,cuda
efdn,ami,103,left,103_left,2,4,96,bicjpeg93,36.08244,0.904785,32.581065,0.972458,4,0.043854,34.384918,43.522837,32.784565,0.847281,0.175139,0.235984,1.502,cuda
efdn,ami,103,right,103_right,2,4,96,bicjpeg93,34.322016,0.870796,31.2671,0.960338,4,0.060365,32.284269,42.564295,32.507624,0.82477,0.18291,0.264812,1.476,cuda
efdn,ami,103,up,103_up,2,4,96,bicjpeg93,34.21985,0.873198,31.093517,0.966115,4,0.059605,32.37994,42.833003,32.082335,0.821756,0.196798,0.259524,1.505,cuda
efdn,ami,103,zoom,103_zoom,2,4,96,bicjpeg93,34.781253,0.890537,31.55132,0.969257,4,0.052468,33.083597,42.555542,33.303713,0.888021,0.164085,0.248956,1.467,cuda
efdn,ami,104,back,104_back,4,4,96,bicjpeg93,32.22248,0.853121,29.662592,0.95537,4,0.063215,29.672755,42.338434,31.490638,0.837836,0.218656,0.271404,1.496,cuda
efdn,ami,104,down,104_down,4,4,96,bicjpeg93,33.200388,0.854432,30.402636,0.95521,4,0.066713,30.971104,43.033544,30.863227,0.854627,0.225297,0.258516,1.477,cuda
efdn,ami,104,front,104_front,4,4,96,bicjpeg93,33.602837,0.856791,30.884489,0.956873,4,0.056454,31.644423,42.687344,32.185415,0.852988,0.233446,0.259615,1.491,cuda
efdn,ami,104,left,104_left,4,4,96,bicjpeg93,33.831435,0.863697,31.223634,0.960755,4,0.054833,31.936251,43.206173,31.892217,0.869149,0.211222,0.265887,1.465,cuda
efdn,ami,104,right,104_right,4,4,96,bicjpeg93,33.310329,0.862662,30.480446,0.957841,4,0.058907,30.69309,42.723171,32.099578,0.832435,0.222848,0.267821,1.491,cuda
efdn,ami,104,up,104_up,4,4,96,bicjpeg93,32.93553,0.837533,30.335352,0.950006,4,0.061994,30.895594,41.821126,31.600631,0.833381,0.288842,0.302932,1.492,cuda
efdn,ami,104,zoom,104_zoom,4,4,96,bicjpeg93,33.258285,0.85819,30.473238,0.957882,4,0.063095,30.899966,42.506742,33.264377,0.870579,0.234301,0.276441,1.494,cuda
efdn,ami,105,back,105_back,5,4,96,bicjpeg93,33.820191,0.850406,30.632755,0.963106,4,0.054995,31.896653,42.653967,32.694119,0.852948,0.181212,0.250685,1.474,cuda
efdn,ami,105,down,105_down,5,4,96,bicjpeg93,33.411164,0.849935,30.357346,0.962611,4,0.062422,31.321498,42.587936,34.002583,0.883029,0.183807,0.224981,1.485,cuda
efdn,ami,105,front,105_front,5,4,96,bicjpeg93,32.995103,0.841796,30.114261,0.959706,4,0.062217,31.144762,42.152551,33.204784,0.840785,0.180564,0.261666,1.475,cuda
efdn,ami,105,left,105_left,5,4,96,bicjpeg93,33.553651,0.846544,30.472361,0.959875,4,0.064055,31.71491,42.898222,33.34112,0.861444,0.226065,0.254427,1.487,cuda
efdn,ami,105,right,105_right,5,4,96,bicjpeg93,32.626232,0.832349,29.886865,0.95449,4,0.073717,30.265493,42.244651,31.884512,0.85992,0.202953,0.24471,1.474,cuda
efdn,ami,105,up,105_up,5,4,96,bicjpeg93,32.698063,0.83836,29.866957,0.958774,4,0.065858,31.031665,41.941216,32.305194,0.823087,0.261051,0.247865,1.494,cuda
efdn,ami,105,zoom,105_zoom,5,4,96,bicjpeg93,33.658225,0.866383,30.407785,0.965902,4,0.056,31.74152,42.10566,34.500733,0.877044,0.193329,0.238543,1.505,cuda
efdn,ami,106,back,106_back,3,4,96,bicjpeg93,33.686483,0.834965,30.973198,0.953219,4,0.058451,32.019295,42.738245,33.362496,0.839236,0.288555,0.284654,1.492,cuda
efdn,ami,106,down,106_down,3,4,96,bicjpeg93,33.786209,0.851981,31.177286,0.959028,4,0.055351,32.498222,42.556383,33.305654,0.879541,0.255643,0.294823,1.508,cuda
efdn,ami,106,front,106_front,3,4,96,bicjpeg93,33.96505,0.849932,31.326772,0.958061,4,0.059731,32.64238,42.492647,33.379234,0.851293,0.266586,0.306647,1.463,cuda
efdn,ami,106,left,106_left,3,4,96,bicjpeg93,34.011274,0.847203,31.574706,0.960781,4,0.064973,32.392573,43.424333,33.082095,0.830012,0.226587,0.322468,1.472,cuda
efdn,ami,106,right,106_right,3,4,96,bicjpeg93,33.524127,0.821764,30.899841,0.94807,4,0.061353,32.085995,42.425499,33.694624,0.850914,0.265401,0.298316,1.472,cuda
efdn,ami,106,up,106_up,3,4,96,bicjpeg93,34.166667,0.845033,31.496472,0.955003,4,0.058461,32.645483,42.70103,33.159369,0.845779,0.27959,0.281529,1.495,cuda
efdn,ami,106,zoom,106_zoom,3,4,96,bicjpeg93,34.14043,0.867448,31.516906,0.96199,4,0.059234,32.802884,42.35871,33.757052,0.863817,0.230518,0.308255,1.474,cuda
