model,dataset,subject,view,key,fold,scale,tier,degrade,psnr_y,ssim_y,psnr_rgb,ms_ssim_y,ms_ssim_scales,gmsd,grad_psnr,lr_psnr_y,psnr_y_c,ssim_y_c,lpips,dists,host_ms,device
esrgan,ami,000,back,000_back,3,4,192,bicjpeg75,31.159777,0.733563,28.913446,0.915809,5,0.102794,30.260946,37.714292,31.340952,0.764898,0.373116,0.267611,13.783,cuda
esrgan,ami,000,down,000_down,3,4,192,bicjpeg75,30.700329,0.724954,28.441269,0.922372,5,0.094674,29.803614,37.562958,30.850768,0.771848,0.396338,0.296534,13.55,cuda
esrgan,ami,000,front,000_front,3,4,192,bicjpeg75,30.706193,0.724315,28.471129,0.922262,5,0.098968,29.756764,37.375103,31.136431,0.780623,0.373297,0.29542,13.536,cuda
esrgan,ami,000,left,000_left,3,4,192,bicjpeg75,30.949069,0.731736,28.820895,0.922246,5,0.098507,30.055177,37.604245,31.024295,0.771307,0.398943,0.29516,13.548,cuda
esrgan,ami,000,right,000_right,3,4,192,bicjpeg75,30.672625,0.719505,28.424205,0.918413,5,0.101721,29.694011,37.598898,31.008347,0.777249,0.353492,0.291052,13.473,cuda
esrgan,ami,000,up,000_up,3,4,192,bicjpeg75,30.564803,0.723888,28.320466,0.918757,5,0.099562,29.786949,37.206161,30.885874,0.774944,0.378224,0.300518,13.438,cuda
esrgan,ami,000,zoom,000_zoom,3,4,192,bicjpeg75,32.118945,0.800724,29.406698,0.944353,5,0.083607,31.387249,38.174995,32.813106,0.831359,0.363613,0.286481,13.463,cuda
esrgan,ami,001,back,001_back,1,4,192,bicjpeg75,33.250048,0.801018,30.882372,0.932152,5,0.084682,32.451053,38.885151,32.841166,0.810647,0.333076,0.287695,13.447,cuda
esrgan,ami,001,down,001_down,1,4,192,bicjpeg75,34.396449,0.841803,31.899646,0.945266,5,0.076324,33.72181,39.643218,33.973529,0.852277,0.297842,0.274762,13.554,cuda
esrgan,ami,001,front,001_front,1,4,192,bicjpeg75,33.87944,0.833489,31.531307,0.9419,5,0.08077,32.981035,40.010559,33.316311,0.835711,0.304473,0.255588,13.552,cuda
esrgan,ami,001,left,001_left,1,4,192,bicjpeg75,34.957848,0.855732,32.55497,0.948958,5,0.066315,34.319941,40.35623,34.031985,0.846164,0.308764,0.268951,13.547,cuda
esrgan,ami,001,right,001_right,1,4,192,bicjpeg75,33.908534,0.831801,31.430022,0.942525,5,0.076164,33.201511,39.484849,32.496576,0.809088,0.307351,0.278218,13.528,cuda
esrgan,ami,001,up,001_up,1,4,192,bicjpeg75,33.469623,0.814905,31.09198,0.940897,5,0.077885,32.67987,39.248069,33.309528,0.823705,0.319819,0.27886,13.556,cuda
esrgan,ami,001,zoom,001_zoom,1,4,192,bicjpeg75,34.802296,0.849778,32.218763,0.949545,5,0.07474,34.083296,40.11733,34.334775,0.866258,0.278488,0.262701,13.544,cuda
esrgan,ami,002,back,002_back,1,4,192,bicjpeg75,33.235479,0.782774,30.671699,0.93319,5,0.07953,32.506182,39.223642,33.076244,0.810481,0.326227,0.271988,13.549,cuda
esrgan,ami,002,down,002_down,1,4,192,bicjpeg75,33.60834,0.803761,30.934935,0.936253,5,0.077102,32.843421,39.234303,32.943813,0.819437,0.336026,0.27295,13.531,cuda
esrgan,ami,002,front,002_front,1,4,192,bicjpeg75,33.207172,0.790047,30.644521,0.933758,5,0.081812,32.613972,38.878677,32.770167,0.803729,0.331667,0.267495,13.548,cuda
esrgan,ami,002,left,002_left,1,4,192,bicjpeg75,33.910284,0.808217,31.220435,0.937323,5,0.073731,33.366005,39.422769,33.538387,0.823434,0.32526,0.282817,13.551,cuda
esrgan,ami,002,right,002_right,1,4,192,bicjpeg75,33.638002,0.815985,30.860608,0.938159,5,0.079999,33.19001,38.853376,32.877426,0.817359,0.307665,0.293526,13.526,cuda
esrgan,ami,002,up,002_up,1,4,192,bicjpeg75,33.906049,0.811077,31.142938,0.938843,5,0.07029,33.359296,39.191013,33.562841,0.819473,0.335126,0.289042,13.545,cuda
esrgan,ami,002,zoom,002_zoom,1,4,192,bicjpeg75,33.93487,0.814387,31.102971,0.939994,5,0.073455,33.481604,39.446416,33.902647,0.836432,0.310817,0.276925,13.539,cuda
esrgan,ami,003,back,003_back,5,4,192,bicjpeg75,33.580029,0.800672,30.865254,0.936471,5,0.077405,33.021203,39.179932,33.09274,0.810258,0.321856,0.277941,13.544,cuda
esrgan,ami,003,down,003_down,5,4,192,bicjpeg75,33.471483,0.803779,30.886368,0.935107,5,0.077139,32.724696,38.997315,32.844238,0.809513,0.364677,0.269699,13.532,cuda
esrgan,ami,003,front,003_front,5,4,192,bicjpeg75,32.757925,0.785078,30.270567,0.928917,5,0.087282,32.087169,38.530606,31.835173,0.773499,0.363492,0.28937,13.539,cuda
esrgan,ami,003,left,003_left,5,4,192,bicjpeg75,34.011953,0.816864,31.361304,0.940336,5,0.07385,33.478783,39.582566,33.553882,0.820572,0.328903,0.291869,13.543,cuda
esrgan,ami,003,right,003_right,5,4,192,bicjpeg75,33.722534,0.816883,30.728513,0.940984,5,0.075882,32.980443,39.299052,32.857297,0.809366,0.300757,0.257669,13.54,cuda
esrgan,ami,003,up,003_up,5,4,192,bicjpeg75,32.875483,0.788844,30.383929,0.932195,5,0.082673,32.326925,38.744038,32.116457,0.78082,0.32013,0.28004,13.563,cuda
esrgan,ami,003,zoom,003_zoom,5,4,192,bicjpeg75,33.72954,0.81499,30.982562,0.940071,5,0.079193,33.266714,39.140947,33.761124,0.838883,0.326864,0.276842,13.542,cuda
esrgan,ami,004,back,004_back,5,4,192,bicjpeg75,33.241181,0.816062,30.772191,0.936959,5,0.082326,32.481462,38.680202,32.196291,0.807918,0.289854,0.30366,13.539,cuda
esrgan,ami,004,down,004_down,5,4,192,bicjpeg75,32.492879,0.791515,30.233386,0.933102,5,0.09081,31.556013,38.520609,31.887816,0.803725,0.302117,0.284291,13.557,cuda
esrgan,ami,004,front,004_front,5,4,192,bicjpeg75,32.355037,0.787652,30.133527,0.932721,5,0.088454,31.570171,38.44781,32.021137,0.801086,0.305141,0.288891,13.536,cuda
esrgan,ami,004,left,004_left,5,4,192,bicjpeg75,33.469615,0.820123,31.142497,0.939936,5,0.083094,32.622596,39.055276,32.569423,0.812394,0.330534,0.293252,13.542,cuda
esrgan,ami,004,right,004_right,5,4,192,bicjpeg75,33.106905,0.813259,30.715595,0.939623,5,0.084917,32.023355,38.874695,32.209416,0.810623,0.294027,0.285889,13.535,cuda
esrgan,ami,004,up,004_up,5,4,192,bicjpeg75,32.707858,0.798026,30.483448,0.933322,5,0.08868,31.925589,38.24555,32.053163,0.803569,0.355584,0.29736,13.563,cuda
esrgan,ami,004,zoom,004_zoom,5,4,192,bicjpeg75,32.940625,0.806805,30.590458,0.939747,5,0.087149,31.981561,38.551275,32.651276,0.822118,0.293036,0.297272,13.542,cuda
esrgan,ami,005,back,005_back,4,4,192,bicjpeg75,31.588416,0.782231,29.104927,0.930827,5,0.090156,30.311808,38.557451,31.488677,0.803079,0.363886,0.291406,13.551,cuda
esrgan,ami,005,down,005_down,4,4,192,bicjpeg75,32.904688,0.78922,30.649217,0.927346,5,0.085777,31.957762,38.914417,32.492959,0.796995,0.391388,0.272527,13.547,cuda
esrgan,ami,005,front,005_front,4,4,192,bicjpeg75,32.678674,0.803219,30.450711,0.931963,5,0.086857,31.704963,39.002221,32.142174,0.803023,0.393689,0.289116,13.551,cuda
esrgan,ami,005,left,005_left,4,4,192,bicjpeg75,34.010242,0.818867,31.519278,0.938898,5,0.074104,33.294198,39.664143,33.567324,0.822169,0.365324,0.293942,13.545,cuda
esrgan,ami,005,right,005_right,4,4,192,bicjpeg75,33.628257,0.827174,30.849944,0.940703,5,0.076073,32.910007,38.914987,33.395444,0.835204,0.313969,0.256508,13.55,cuda
esrgan,ami,005,up,005_up,4,4,192,bicjpeg75,31.281025,0.7721,29.251267,0.922242,5,0.094999,30.309929,38.162064,31.393736,0.795587,0.350168,0.285848,13.535,cuda
esrgan,ami,005,zoom,005_zoom,4,4,192,bicjpeg75,33.95631,0.829167,31.417812,0.941894,5,0.075569,33.314106,39.44487,33.960032,0.847728,0.349832,0.286347,13.545,cuda
esrgan,ami,007,back,007_back,5,4,192,bicjpeg75,33.663069,0.817508,31.247137,0.936929,5,0.084078,33.185467,39.080502,33.202296,0.825892,0.311644,0.273437,13.549,cuda
esrgan,ami,007,down,007_down,5,4,192,bicjpeg75,33.053036,0.801577,30.934456,0.935835,5,0.086361,32.19404,38.910751,33.792218,0.84463,0.375878,0.28676,13.553,cuda
esrgan,ami,007,front,007_front,5,4,192,bicjpeg75,33.342107,0.809214,31.153143,0.938559,5,0.087671,32.610436,39.411643,33.721203,0.84011,0.333099,0.273838,13.553,cuda
esrgan,ami,007,left,007_left,5,4,192,bicjpeg75,33.59882,0.818016,31.434332,0.937044,5,0.082226,32.901561,39.758269,34.364656,0.852291,0.361011,0.283182,13.549,cuda
esrgan,ami,007,right,007_right,5,4,192,bicjpeg75,33.265061,0.823041,30.891535,0.944152,5,0.09052,31.946935,39.423576,33.767519,0.847035,0.334651,0.278696,13.546,cuda
esrgan,ami,007,up,007_up,5,4,192,bicjpeg75,32.560018,0.800314,30.494185,0.935359,5,0.092094,31.947239,39.13886,32.885346,0.828897,0.314352,0.290702,13.547,cuda
esrgan,ami,007,zoom,007_zoom,5,4,192,bicjpeg75,33.951054,0.834778,31.537479,0.94745,5,0.078805,33.134056,39.731059,34.073111,0.849319,0.331421,0.283591,13.544,cuda
esrgan,ami,008,back,008_back,5,4,192,bicjpeg75,34.020952,0.837394,31.542483,0.945778,5,0.0768,33.344325,39.586709,33.464034,0.836294,0.256384,0.272262,13.553,cuda
esrgan,ami,008,down,008_down,5,4,192,bicjpeg75,33.556966,0.828308,31.345673,0.945541,5,0.077461,32.749736,39.355817,33.268115,0.844159,0.345869,0.282516,13.55,cuda
esrgan,ami,008,front,008_front,5,4,192,bicjpeg75,32.11702,0.794994,30.105047,0.93834,5,0.085794,31.648441,38.528318,32.023759,0.810853,0.31931,0.268927,13.539,cuda
esrgan,ami,008,left,008_left,5,4,192,bicjpeg75,33.570083,0.821564,31.340528,0.943446,5,0.077208,32.947384,39.60884,33.156957,0.82832,0.320051,0.287029,13.541,cuda
esrgan,ami,008,right,008_right,5,4,192,bicjpeg75,32.535888,0.807221,30.400083,0.939975,5,0.084325,32.240967,38.703712,32.530569,0.816691,0.254418,0.290669,13.55,cuda
esrgan,ami,008,up,008_up,5,4,192,bicjpeg75,32.702538,0.809524,30.625245,0.941567,5,0.086566,32.048899,38.750902,32.641791,0.82115,0.271467,0.290799,13.533,cuda
esrgan,ami,008,zoom,008_zoom,5,4,192,bicjpeg75,32.845441,0.820351,30.694323,0.944639,5,0.08318,32.156848,39.194412,33.049028,0.836951,0.305053,0.273608,13.532,cuda
esrgan,ami,009,back,009_back,4,4,192,bicjpeg75,33.005143,0.843425,30.525032,0.951167,5,0.071972,31.782345,39.499881,32.990647,0.859983,0.305688,0.245809,13.545,cuda
esrgan,ami,009,down,009_down,4,4,192,bicjpeg75,33.578544,0.831692,30.931275,0.94756,5,0.071791,33.026996,39.053254,34.188087,0.856602,0.289571,0.285026,13.545,cuda
esrgan,ami,009,front,009_front,4,4,192,bicjpeg75,32.918823,0.827852,30.246247,0.946385,5,0.078254,31.740355,38.839155,33.277209,0.849312,0.295021,0.269804,13.545,cuda
esrgan,ami,009,left,009_left,4,4,192,bicjpeg75,34.396551,0.842057,31.552793,0.950751,5,0.069179,33.971026,39.893089,34.345502,0.851197,0.306582,0.255263,13.542,cuda
esrgan,ami,009,right,009_right,4,4,192,bicjpeg75,33.590626,0.830045,30.769263,0.949538,5,0.073538,32.896546,39.292782,33.356433,0.830962,0.267433,0.254562,13.537,cuda
esrgan,ami,009,up,009_up,4,4,192,bicjpeg75,30.473037,0.783309,28.285995,0.931018,5,0.088081,29.136457,37.614738,32.179932,0.798613,0.312452,0.261932,13.547,cuda
esrgan,ami,009,zoom,009_zoom,4,4,192,bicjpeg75,34.197249,0.853513,31.26565,0.952807,5,0.065821,33.436414,39.614369,34.831875,0.864489,0.297306,0.277528,13.57,cuda
esrgan,ami,010,back,010_back,2,4,192,bicjpeg75,33.567977,0.79522,30.949419,0.933164,5,0.077906,33.062841,39.13108,33.298355,0.814054,0.321288,0.269207,13.563,cuda
esrgan,ami,010,down,010_down,2,4,192,bicjpeg75,33.113443,0.798278,30.598664,0.937261,5,0.078276,32.555636,39.070607,32.973103,0.830777,0.364399,0.302795,13.552,cuda
esrgan,ami,010,front,010_front,2,4,192,bicjpeg75,32.890449,0.788936,30.373204,0.936413,5,0.079717,32.156065,39.187569,32.799998,0.813858,0.346836,0.301048,13.45,cuda
esrgan,ami,010,left,010_left,2,4,192,bicjpeg75,33.301637,0.803269,30.737245,0.938596,5,0.07521,32.695648,39.320569,33.121173,0.828306,0.352181,0.302052,13.437,cuda
esrgan,ami,010,right,010_right,2,4,192,bicjpeg75,33.353403,0.800968,30.80809,0.938592,5,0.077018,32.643781,39.302203,33.268752,0.832491,0.347339,0.287416,13.45,cuda
esrgan,ami,010,up,010_up,2,4,192,bicjpeg75,33.264374,0.803937,30.719703,0.939376,5,0.07552,32.491423,39.07052,33.247857,0.82586,0.342093,0.284036,13.548,cuda
esrgan,ami,010,zoom,010_zoom,2,4,192,bicjpeg75,33.696829,0.814267,30.977462,0.943426,5,0.075097,33.184713,39.250604,33.808285,0.831882,0.310058,0.275918,13.55,cuda
esrgan,ami,011,back,011_back,5,4,192,bicjpeg75,33.693112,0.836264,30.963189,0.949549,5,0.075474,33.062657,39.010691,33.669293,0.854278,0.311562,0.266062,13.542,cuda
esrgan,ami,011,down,011_down,5,4,192,bicjpeg75,32.772803,0.805409,30.262001,0.941524,5,0.081162,32.186537,38.662937,32.982581,0.84356,0.314961,0.270877,13.534,cuda
esrgan,ami,011,front,011_front,5,4,192,bicjpeg75,32.602311,0.797322,30.143777,0.939843,5,0.084659,31.864359,38.264795,33.188741,0.834965,0.318656,0.282867,13.521,cuda
esrgan,ami,011,left,011_left,5,4,192,bicjpeg75,33.249242,0.800526,30.847635,0.937924,5,0.082792,32.373665,38.850061,33.360659,0.833973,0.362171,0.292404,13.572,cuda
esrgan,ami,011,right,011_right,5,4,192,bicjpeg75,32.854272,0.807814,30.345789,0.938792,5,0.084114,32.20103,38.651978,32.989551,0.836038,0.310201,0.297654,13.545,cuda
esrgan,ami,011,up,011_up,5,4,192,bicjpeg75,32.266129,0.791203,29.839158,0.937763,5,0.090195,31.502962,38.235982,33.102125,0.834064,0.318823,0.287078,13.528,cuda
esrgan,ami,011,zoom,011_zoom,5,4,192,bicjpeg75,33.476879,0.83011,30.82765,0.949397,5,0.075573,33.081031,38.882481,33.867474,0.853367,0.261549,0.260713,13.552,cuda
esrgan,ami,012,back,012_back,3,4,192,bicjpeg75,35.202203,0.873516,32.228922,0.956062,5,0.065875,34.894693,40.179821,33.538961,0.843196,0.2495,0.248856,13.536,cuda
esrgan,ami,012,down,012_down,3,4,192,bicjpeg75,34.470114,0.858645,31.674941,0.949406,5,0.07841,33.771461,39.465963,33.254902,0.843287,0.284363,0.259072,13.534,cuda
esrgan,ami,012,front,012_front,3,4,192,bicjpeg75,34.081071,0.851625,31.299241,0.948877,5,0.074098,33.36604,39.495653,32.771085,0.836006,0.287138,0.273029,13.543,cuda
esrgan,ami,012,left,012_left,3,4,192,bicjpeg75,35.149296,0.86788,32.294129,0.952875,5,0.067311,34.900285,39.864426,33.999968,0.852516,0.285025,0.270594,13.534,cuda
esrgan,ami,012,right,012_right,3,4,192,bicjpeg75,34.747664,0.865666,31.831864,0.953965,5,0.069842,34.384452,40.004849,33.177351,0.83832,0.24914,0.26298,13.544,cuda
esrgan,ami,012,up,012_up,3,4,192,bicjpeg75,33.516601,0.840095,30.822614,0.948028,5,0.075319,32.677259,39.591513,32.851534,0.829028,0.277694,0.256669,13.554,cuda
esrgan,ami,012,zoom,012_zoom,3,4,192,bicjpeg75,34.705899,0.860876,31.726374,0.953257,5,0.067487,34.375546,39.893341,33.409894,0.842128,0.252025,0.262879,13.535,cuda
esrgan,ami,013,back,013_back,1,4,192,bicjpeg75,32.634039,0.806025,30.298036,0.937345,5,0.088524,31.16725,38.931239,33.635992,0.838031,0.347252,0.278126,13.531,cuda
esrgan,ami,013,down,013_down,1,4,192,bicjpeg75,33.71296,0.825977,31.231806,0.942895,5,0.077372,32.761296,39.521505,33.661089,0.839263,0.380964,0.281526,13.534,cuda
esrgan,ami,013,front,013_front,1,4,192,bicjpeg75,33.8032,0.835533,31.297536,0.943145,5,0.078671,33.269854,39.260597,33.808565,0.852117,0.337903,0.270721,13.563,cuda
esrgan,ami,013,left,013_left,1,4,192,bicjpeg75,33.962802,0.834763,31.528059,0.944064,5,0.079034,33.392864,39.338528,33.865755,0.847714,0.346789,0.262847,13.548,cuda
esrgan,ami,013,right,013_right,1,4,192,bicjpeg75,33.4531,0.82562,30.952041,0.940678,5,0.079657,32.864147,39.226468,33.30764,0.836633,0.312029,0.269284,13.524,cuda
esrgan,ami,013,up,013_up,1,4,192,bicjpeg75,33.318339,0.820709,30.865236,0.938166,5,0.079361,32.528532,38.739878,33.569088,0.846635,0.365751,0.287352,13.585,cuda
esrgan,ami,013,zoom,013_zoom,1,4,192,bicjpeg75,33.978983,0.842558,31.397771,0.946437,5,0.075154,33.249326,39.497436,34.099439,0.854837,0.360266,0.294664,13.551,cuda
esrgan,ami,014,back,014_back,5,4,192,bicjpeg75,33.345668,0.800837,30.649726,0.933491,5,0.079178,32.814327,38.806084,32.419154,0.787031,0.300411,0.275547,13.555,cuda
esrgan,ami,014,down,014_down,5,4,192,bicjpeg75,33.756025,0.808682,31.054215,0.941452,5,0.073529,33.090232,39.454599,33.255003,0.816843,0.328615,0.284981,13.563,cuda
esrgan,ami,014,front,014_front,5,4,192,bicjpeg75,33.770997,0.812623,31.012397,0.940418,5,0.079806,33.187578,39.269046,32.959651,0.806637,0.31597,0.297415,13.557,cuda
esrgan,ami,014,left,014_left,5,4,192,bicjpeg75,33.790663,0.80518,31.167905,0.938942,5,0.07785,33.088167,39.563166,33.29914,0.810115,0.318453,0.28517,13.543,cuda
esrgan,ami,014,right,014_right,5,4,192,bicjpeg75,33.248087,0.816914,30.690198,0.943063,5,0.077323,32.229424,39.217297,32.491167,0.804069,0.297404,0.282966,13.55,cuda
esrgan,ami,014,up,014_up,5,4,192,bicjpeg75,33.319767,0.799022,30.666227,0.935224,5,0.081096,32.583835,38.937262,32.965353,0.801385,0.295854,0.272143,13.564,cuda
esrgan,ami,014,zoom,014_zoom,5,4,192,bicjpeg75,33.434703,0.803765,30.669462,0.93995,5,0.076298,32.686943,38.999997,33.219045,0.809019,0.332408,0.302942,13.543,cuda
esrgan,ami,018,back,018_back,1,4,192,bicjpeg75,34.773416,0.876722,31.944269,0.954781,5,0.064253,34.335884,39.811548,33.143172,0.851289,0.275427,0.275202,13.557,cuda
esrgan,ami,018,down,018_down,1,4,192,bicjpeg75,34.321257,0.874593,31.699102,0.955546,5,0.071684,33.057965,39.853086,32.433323,0.840518,0.309765,0.282966,13.543,cuda
esrgan,ami,018,front,018_front,1,4,192,bicjpeg75,34.593412,0.886161,31.997427,0.960919,5,0.061959,33.558147,39.938376,32.77236,0.855271,0.265007,0.289112,13.543,cuda
esrgan,ami,018,left,018_left,1,4,192,bicjpeg75,35.89964,0.894195,33.135788,0.961028,5,0.059322,35.40321,40.724672,34.30932,0.868072,0.266744,0.286747,13.532,cuda
esrgan,ami,018,right,018_right,1,4,192,bicjpeg75,34.399873,0.881705,31.774859,0.958375,5,0.07255,33.281048,39.873391,32.507856,0.847341,0.295487,0.2781,13.546,cuda
esrgan,ami,018,up,018_up,1,4,192,bicjpeg75,34.428969,0.881923,31.810388,0.957552,5,0.067749,33.338692,40.029976,32.566305,0.8465,0.282029,0.283594,13.578,cuda
esrgan,ami,018,zoom,018_zoom,1,4,192,bicjpeg75,34.709613,0.885427,31.971441,0.960956,5,0.066575,33.442927,40.231105,32.89574,0.852097,0.234237,0.292393,13.548,cuda
esrgan,ami,019,back,019_back,4,4,192,bicjpeg75,33.348335,0.851563,30.780151,0.945361,5,0.081587,32.458887,38.791516,32.200542,0.820071,0.293387,0.283887,13.554,cuda
esrgan,ami,019,down,019_down,4,4,192,bicjpeg75,32.664437,0.834721,30.30677,0.945492,5,0.085466,31.530204,38.264113,31.652083,0.814207,0.300355,0.255928,13.547,cuda
esrgan,ami,019,front,019_front,4,4,192,bicjpeg75,32.240384,0.823581,29.959552,0.942546,5,0.084632,31.138899,38.005554,31.41425,0.806796,0.273898,0.272786,13.532,cuda
esrgan,ami,019,left,019_left,4,4,192,bicjpeg75,32.389749,0.825916,30.050305,0.943519,5,0.087845,31.281793,38.18158,31.188894,0.801153,0.30409,0.268688,13.535,cuda
esrgan,ami,019,right,019_right,4,4,192,bicjpeg75,32.557755,0.845465,30.192577,0.946865,5,0.084358,31.500163,38.285319,31.711487,0.821293,0.281979,0.266837,13.54,cuda
esrgan,ami,019,up,019_up,4,4,192,bicjpeg75,32.205651,0.827523,29.925091,0.943627,5,0.084108,30.954777,38.150389,31.192807,0.803376,0.318278,0.281833,13.552,cuda
esrgan,ami,019,zoom,019_zoom,4,4,192,bicjpeg75,32.472751,0.826538,30.021592,0.942012,5,0.089309,31.193266,37.875144,32.086254,0.822257,0.282997,0.263711,13.542,cuda
esrgan,ami,020,back,020_back,1,4,192,bicjpeg75,34.290366,0.845651,31.535342,0.943166,5,0.077871,33.787425,39.101211,33.237637,0.840859,0.283201,0.250503,13.558,cuda
esrgan,ami,020,down,020_down,1,4,192,bicjpeg75,33.808252,0.832174,31.374385,0.941748,5,0.079148,33.341997,39.031271,33.195459,0.838023,0.285058,0.274641,13.551,cuda
esrgan,ami,020,front,020_front,1,4,192,bicjpeg75,33.858491,0.833478,31.345236,0.94467,5,0.074531,33.574907,39.009783,33.049718,0.830087,0.294433,0.286723,13.537,cuda
esrgan,ami,020,left,020_left,1,4,192,bicjpeg75,34.529748,0.848462,31.939091,0.947798,5,0.069373,34.141295,39.508475,33.887721,0.848221,0.324962,0.281414,13.543,cuda
esrgan,ami,020,right,020_right,1,4,192,bicjpeg75,34.081409,0.84446,31.26929,0.947825,5,0.071926,33.637305,39.023913,33.023174,0.830494,0.295734,0.26852,13.537,cuda
esrgan,ami,020,up,020_up,1,4,192,bicjpeg75,33.744956,0.828242,31.117042,0.940834,5,0.081434,33.231554,38.851269,33.058447,0.825996,0.311703,0.279396,13.542,cuda
esrgan,ami,020,zoom,020_zoom,1,4,192,bicjpeg75,33.922377,0.844951,31.36282,0.948825,5,0.069718,33.306833,39.299814,32.95182,0.840959,0.288044,0.275281,13.553,cuda
esrgan,ami,021,back,021_back,2,4,192,bicjpeg75,33.560682,0.809709,31.214937,0.931315,5,0.08264,32.729065,39.050346,33.440473,0.832518,0.361283,0.287439,13.555,cuda
esrgan,ami,021,down,021_down,2,4,192,bicjpeg75,33.825103,0.813682,31.587591,0.93679,5,0.077896,33.161918,39.25804,34.392837,0.850796,0.365049,0.273202,13.533,cuda
esrgan,ami,021,front,021_front,2,4,192,bicjpeg75,34.369346,0.830633,32.041177,0.938265,5,0.080441,33.711056,39.441984,34.507526,0.856327,0.364932,0.274301,13.543,cuda
esrgan,ami,021,left,021_left,2,4,192,bicjpeg75,34.931359,0.839713,32.589003,0.944333,5,0.070984,34.399656,40.151892,35.329276,0.861783,0.367485,0.26616,13.576,cuda
esrgan,ami,021,right,021_right,2,4,192,bicjpeg75,34.650688,0.84155,32.105573,0.946393,5,0.06939,34.28133,39.844323,34.402591,0.85834,0.307777,0.272115,13.547,cuda
esrgan,ami,021,up,021_up,2,4,192,bicjpeg75,33.976214,0.823681,31.666416,0.939779,5,0.081825,33.414373,39.267224,34.289175,0.854321,0.337868,0.27932,13.556,cuda
esrgan,ami,021,zoom,021_zoom,2,4,192,bicjpeg75,35.037531,0.855588,32.426057,0.949519,5,0.070263,34.863804,40.07991,35.044194,0.872535,0.312849,0.268282,13.544,cuda
esrgan,ami,022,back,022_back,2,4,192,bicjpeg75,36.67304,0.905088,33.525557,0.965574,5,0.05376,36.776861,41.007942,35.27705,0.885711,0.248049,0.234488,13.546,cuda
esrgan,ami,022,down,022_down,2,4,192,bicjpeg75,35.311054,0.884152,32.456573,0.958535,5,0.065351,34.799036,40.335096,33.562785,0.852899,0.288693,0.26792,13.548,cuda
esrgan,ami,022,front,022_front,2,4,192,bicjpeg75,35.27631,0.881805,32.325132,0.960008,5,0.063371,35.144716,40.143223,33.596869,0.850741,0.244098,0.245724,13.537,cuda
esrgan,ami,022,left,022_left,2,4,192,bicjpeg75,36.326689,0.895274,33.150826,0.961965,5,0.061879,36.003601,41.233245,34.652307,0.866741,0.274133,0.243885,13.557,cuda
esrgan,ami,022,right,022_right,2,4,192,bicjpeg75,35.247198,0.891294,32.382224,0.9606,5,0.065571,34.580804,40.300546,33.288087,0.853,0.277836,0.262191,13.574,cuda
esrgan,ami,022,up,022_up,2,4,192,bicjpeg75,35.492179,0.892608,32.534453,0.962786,5,0.06596,35.228313,40.086615,34.146265,0.872246,0.247187,0.254247,13.547,cuda
esrgan,ami,022,zoom,022_zoom,2,4,192,bicjpeg75,35.73227,0.885788,32.528973,0.960884,5,0.064759,35.410855,40.482237,34.225703,0.862944,0.227322,0.239336,13.532,cuda
esrgan,ami,023,back,023_back,5,4,192,bicjpeg75,33.335207,0.813647,30.796196,0.937449,5,0.084755,33.008362,38.70347,33.407799,0.842472,0.312147,0.282063,13.551,cuda
esrgan,ami,023,down,023_down,5,4,192,bicjpeg75,34.63334,0.847866,31.967528,0.948557,5,0.07364,34.063564,39.539367,34.626702,0.875392,0.299983,0.280868,13.539,cuda
esrgan,ami,023,front,023_front,5,4,192,bicjpeg75,33.957082,0.832104,31.392749,0.94306,5,0.078734,33.421066,39.3749,33.968613,0.850781,0.300792,0.281122,13.527,cuda
esrgan,ami,023,left,023_left,5,4,192,bicjpeg75,35.939878,0.8729,33.127167,0.952056,5,0.062692,35.699024,40.500921,35.698888,0.882692,0.313238,0.263944,13.553,cuda
esrgan,ami,023,right,023_right,5,4,192,bicjpeg75,33.916903,0.835463,31.230467,0.944369,5,0.077569,33.298169,39.230434,33.210193,0.837754,0.309637,0.280581,13.539,cuda
esrgan,ami,023,up,023_up,5,4,192,bicjpeg75,33.741898,0.821461,31.252647,0.939243,5,0.081959,33.308058,38.890433,33.751217,0.847197,0.287043,0.286709,13.55,cuda
esrgan,ami,023,zoom,023_zoom,5,4,192,bicjpeg75,34.739688,0.859169,31.868187,0.952555,5,0.07369,34.530586,39.466155,35.426975,0.884346,0.234746,0.285407,13.544,cuda
esrgan,ami,024,back,024_back,3,4,192,bicjpeg75,34.495257,0.84948,31.834516,0.948411,5,0.07567,34.027962,39.53034,33.164474,0.83206,0.258953,0.262936,13.548,cuda
esrgan,ami,024,down,024_down,3,4,192,bicjpeg75,34.451652,0.859668,31.880152,0.951511,5,0.073826,33.600057,39.874865,32.86709,0.829419,0.305871,0.286439,13.529,cuda
esrgan,ami,024,front,024_front,3,4,192,bicjpeg75,34.399507,0.848183,31.789181,0.949181,5,0.07557,33.583975,39.731473,33.120116,0.83364,0.309312,0.269751,13.52,cuda
esrgan,ami,024,left,024_left,3,4,192,bicjpeg75,34.999234,0.85703,32.209871,0.94911,5,0.071417,34.437623,39.964839,33.89223,0.841244,0.306353,0.263709,13.547,cuda
esrgan,ami,024,right,024_right,3,4,192,bicjpeg75,35.043749,0.877387,32.039467,0.957641,5,0.067809,34.256718,39.889697,33.635103,0.859716,0.263148,0.265544,13.543,cuda
esrgan,ami,024,up,024_up,3,4,192,bicjpeg75,34.509335,0.857502,31.726177,0.953135,5,0.069699,33.91105,39.465624,33.817633,0.85308,0.273747,0.259446,13.555,cuda
esrgan,ami,024,zoom,024_zoom,3,4,192,bicjpeg75,33.946906,0.843901,31.305129,0.950537,5,0.081807,33.004858,39.622823,32.668331,0.831443,0.290023,0.266222,13.55,cuda
esrgan,ami,025,back,025_back,2,4,192,bicjpeg75,33.180258,0.813611,30.930696,0.936449,5,0.084262,32.839235,38.54929,32.868865,0.824731,0.311,0.297298,13.56,cuda
esrgan,ami,025,down,025_down,2,4,192,bicjpeg75,33.380744,0.829433,31.015036,0.944036,5,0.079896,32.845682,38.724142,33.216795,0.84679,0.311678,0.258447,13.543,cuda
esrgan,ami,025,front,025_front,2,4,192,bicjpeg75,32.74207,0.809856,30.511157,0.938159,5,0.090164,32.073312,38.234241,32.463586,0.826576,0.338117,0.291911,13.545,cuda
esrgan,ami,025,left,025_left,2,4,192,bicjpeg75,33.908477,0.838157,31.554266,0.942646,5,0.08153,33.523819,38.824245,33.746231,0.848452,0.30206,0.273612,13.564,cuda
esrgan,ami,025,right,025_right,2,4,192,bicjpeg75,33.227562,0.831909,30.741452,0.944541,5,0.082945,32.387838,38.755741,33.602849,0.851368,0.269545,0.260798,13.555,cuda
esrgan,ami,025,up,025_up,2,4,192,bicjpeg75,32.568857,0.807513,30.379448,0.939089,5,0.092528,31.948673,38.257182,33.338004,0.849917,0.280325,0.278755,13.549,cuda
esrgan,ami,025,zoom,025_zoom,2,4,192,bicjpeg75,34.366704,0.85989,31.800222,0.953711,5,0.072488,34.041936,39.093447,34.146724,0.871569,0.245076,0.259506,13.542,cuda
esrgan,ami,026,back,026_back,1,4,192,bicjpeg75,34.561209,0.852238,31.500014,0.950838,5,0.071863,33.919233,39.731031,33.399456,0.843974,0.296122,0.278116,13.54,cuda
esrgan,ami,026,down,026_down,1,4,192,bicjpeg75,35.029396,0.869525,32.057375,0.956964,5,0.059609,34.758008,40.082598,33.789452,0.860604,0.275414,0.261568,13.548,cuda
esrgan,ami,026,front,026_front,1,4,192,bicjpeg75,34.533852,0.856887,31.604628,0.952486,5,0.068935,33.879617,39.81732,33.401114,0.852527,0.280513,0.290972,13.549,cuda
esrgan,ami,026,left,026_left,1,4,192,bicjpeg75,35.859929,0.880647,32.8701,0.959113,5,0.05644,35.760291,40.594306,34.782742,0.870025,0.25501,0.259425,13.538,cuda
esrgan,ami,026,right,026_right,1,4,192,bicjpeg75,35.407298,0.86894,32.276618,0.953734,5,0.069284,34.883157,40.152056,34.405373,0.867156,0.25822,0.280309,13.527,cuda
esrgan,ami,026,up,026_up,1,4,192,bicjpeg75,34.6155,0.852351,31.756489,0.950814,5,0.068843,34.36492,39.550572,34.249343,0.865242,0.265829,0.272498,13.552,cuda
esrgan,ami,026,zoom,026_zoom,1,4,192,bicjpeg75,34.583658,0.862092,31.591508,0.955901,5,0.061757,33.9301,39.797675,33.64785,0.861813,0.261024,0.255957,13.549,cuda
esrgan,ami,027,back,027_back,3,4,192,bicjpeg75,34.919806,0.866945,32.281893,0.954869,5,0.065007,34.495156,39.904508,33.431307,0.842784,0.254378,0.267151,13.528,cuda
esrgan,ami,027,down,027_down,3,4,192,bicjpeg75,34.237355,0.838885,31.776561,0.948659,5,0.072844,33.643824,39.499317,33.44341,0.840541,0.255141,0.282732,13.548,cuda
esrgan,ami,027,front,027_front,3,4,192,bicjpeg75,34.277353,0.848504,31.739187,0.952915,5,0.072468,33.876707,39.647005,33.475769,0.846139,0.241828,0.277808,13.549,cuda
esrgan,ami,027,left,027_left,3,4,192,bicjpeg75,34.106468,0.845373,31.63976,0.951346,5,0.074267,33.519848,39.284307,33.223454,0.839282,0.272107,0.270848,13.555,cuda
esrgan,ami,027,right,027_right,3,4,192,bicjpeg75,34.037003,0.84876,31.567833,0.954182,5,0.074386,33.119049,39.622378,33.158657,0.847906,0.258309,0.289237,13.541,cuda
esrgan,ami,027,up,027_up,3,4,192,bicjpeg75,33.527885,0.836292,31.204776,0.948587,5,0.078231,32.8935,39.154816,32.957739,0.835071,0.262862,0.280597,13.56,cuda
esrgan,ami,027,zoom,027_zoom,3,4,192,bicjpeg75,33.26395,0.833118,30.879097,0.948992,5,0.077632,32.485297,39.082685,32.787077,0.831672,0.25535,0.29704,13.555,cuda
esrgan,ami,028,back,028_back,2,4,192,bicjpeg75,33.805683,0.873213,31.325543,0.951947,5,0.070739,32.772639,39.36997,31.917456,0.845897,0.273058,0.266376,13.56,cuda
esrgan,ami,028,down,028_down,2,4,192,bicjpeg75,33.469098,0.835784,31.109656,0.943702,5,0.080631,32.77636,38.941544,32.23207,0.818048,0.28909,0.283025,13.538,cuda
esrgan,ami,028,front,028_front,2,4,192,bicjpeg75,33.161297,0.826529,30.826946,0.938222,5,0.08479,32.27306,38.808557,31.857486,0.80411,0.284881,0.271037,13.55,cuda
esrgan,ami,028,left,028_left,2,4,192,bicjpeg75,33.868361,0.845272,31.452713,0.946681,5,0.075301,33.240845,39.526755,32.36367,0.81404,0.307792,0.258031,13.552,cuda
esrgan,ami,028,right,028_right,2,4,192,bicjpeg75,32.766408,0.816695,30.441387,0.933509,5,0.083068,31.68807,38.554218,31.315909,0.794063,0.304416,0.278457,13.552,cuda
esrgan,ami,028,up,028_up,2,4,192,bicjpeg75,33.146591,0.821452,30.799143,0.939084,5,0.082322,32.277637,38.738074,32.198839,0.811241,0.286365,0.269721,13.536,cuda
esrgan,ami,028,zoom,028_zoom,2,4,192,bicjpeg75,33.124743,0.83387,30.825591,0.944309,5,0.075168,32.379598,39.187408,31.784754,0.81428,0.284237,0.283995,13.547,cuda
esrgan,ami,029,back,029_back,5,4,192,bicjpeg75,33.20559,0.798665,30.581263,0.930775,5,0.085322,32.564874,38.813614,32.48465,0.803974,0.334078,0.281462,13.558,cuda
esrgan,ami,029,down,029_down,5,4,192,bicjpeg75,33.092536,0.799256,30.602863,0.931367,5,0.08823,32.32797,38.833185,32.376518,0.804816,0.345112,0.270619,13.55,cuda
esrgan,ami,029,front,029_front,5,4,192,bicjpeg75,33.12743,0.801235,30.569783,0.930687,5,0.086523,32.594902,38.681306,32.795417,0.821822,0.332874,0.279471,13.552,cuda
esrgan,ami,029,left,029_left,5,4,192,bicjpeg75,33.837704,0.816079,31.212563,0.937003,5,0.077014,33.314247,39.287713,33.209117,0.821513,0.342358,0.291949,13.548,cuda
esrgan,ami,029,right,029_right,5,4,192,bicjpeg75,33.789516,0.815521,30.990768,0.939154,5,0.076277,33.156911,39.389726,33.310393,0.823032,0.316598,0.302689,13.55,cuda
esrgan,ami,029,up,029_up,5,4,192,bicjpeg75,32.889454,0.791017,30.355129,0.928112,5,0.085246,32.257843,38.491273,32.730946,0.807987,0.361251,0.274891,13.545,cuda
esrgan,ami,029,zoom,029_zoom,5,4,192,bicjpeg75,33.799837,0.81781,31.01681,0.941362,5,0.077277,33.614478,39.247461,33.627229,0.828123,0.313665,0.247162,13.557,cuda
esrgan,ami,030,back,030_back,1,4,192,bicjpeg75,33.920941,0.828723,31.071788,0.947083,5,0.074635,33.632786,39.156866,33.335127,0.830901,0.27217,0.261987,13.534,cuda
esrgan,ami,030,down,030_down,1,4,192,bicjpeg75,34.214982,0.834275,31.645646,0.94444,5,0.071318,33.599204,39.338377,33.344004,0.837519,0.322349,0.2908,13.546,cuda
esrgan,ami,030,front,030_front,1,4,192,bicjpeg75,34.156429,0.836878,31.474891,0.946735,5,0.068931,33.533573,39.44081,33.403902,0.83403,0.301493,0.269122,13.551,cuda
esrgan,ami,030,left,030_left,1,4,192,bicjpeg75,34.651788,0.842739,31.882112,0.948646,5,0.073121,34.283112,39.808316,34.136567,0.847678,0.290506,0.271195,13.554,cuda
esrgan,ami,030,right,030_right,1,4,192,bicjpeg75,33.671982,0.833202,31.023755,0.946099,5,0.078766,33.069604,39.195293,33.07637,0.825599,0.279561,0.261034,13.55,cuda
esrgan,ami,030,up,030_up,1,4,192,bicjpeg75,33.162716,0.815588,30.52905,0.940739,5,0.08315,32.327411,38.850776,33.141445,0.81899,0.320993,0.280913,13.555,cuda
esrgan,ami,030,zoom,030_zoom,1,4,192,bicjpeg75,33.742149,0.828652,31.092401,0.946563,5,0.075213,32.974104,39.315868,33.117722,0.823353,0.268793,0.273959,13.551,cuda
esrgan,ami,031,back,031_back,5,4,192,bicjpeg75,33.746719,0.835777,30.94813,0.945735,5,0.073473,33.113712,39.366659,32.692919,0.82416,0.274187,0.26561,13.548,cuda
esrgan,ami,031,down,031_down,5,4,192,bicjpeg75,33.527043,0.833587,30.863183,0.949598,5,0.074099,33.068609,38.865164,32.533207,0.819576,0.259748,0.263751,13.544,cuda
esrgan,ami,031,front,031_front,5,4,192,bicjpeg75,33.673937,0.842705,30.970788,0.949706,5,0.072903,33.256751,38.893172,32.56432,0.828705,0.275727,0.267846,13.534,cuda
esrgan,ami,031,left,031_left,5,4,192,bicjpeg75,33.469184,0.832625,30.864893,0.948916,5,0.075045,33.019558,39.140848,32.434029,0.812517,0.284928,0.264948,13.553,cuda
esrgan,ami,031,right,031_right,5,4,192,bicjpeg75,34.248654,0.846683,31.343531,0.950434,5,0.07134,33.837579,39.265237,33.187396,0.830854,0.256379,0.272929,13.551,cuda
esrgan,ami,031,up,031_up,5,4,192,bicjpeg75,33.853339,0.84032,31.204793,0.948146,5,0.073216,33.575276,38.967066,32.933695,0.82701,0.2881,0.275405,13.542,cuda
esrgan,ami,031,zoom,031_zoom,5,4,192,bicjpeg75,33.766905,0.842093,31.011265,0.948999,5,0.07025,33.282203,38.926277,32.910708,0.829813,0.295308,0.2524,13.554,cuda
esrgan,ami,032,back,032_back,3,4,192,bicjpeg75,34.818749,0.878064,31.655226,0.956194,5,0.071217,34.433044,39.620101,33.243089,0.85554,0.24906,0.262302,13.543,cuda
esrgan,ami,032,down,032_down,3,4,192,bicjpeg75,35.010033,0.880316,32.034959,0.957082,5,0.069002,34.242943,40.117063,33.236693,0.847406,0.232981,0.273393,13.536,cuda
esrgan,ami,032,front,032_front,3,4,192,bicjpeg75,34.751584,0.884102,31.693834,0.957767,5,0.069652,34.076995,39.572191,32.970329,0.852671,0.234995,0.261697,13.532,cuda
esrgan,ami,032,left,032_left,3,4,192,bicjpeg75,34.258294,0.874449,31.541873,0.955671,5,0.075052,32.996352,39.752813,32.512656,0.844068,0.257575,0.279591,13.55,cuda
esrgan,ami,032,right,032_right,3,4,192,bicjpeg75,34.41356,0.883645,31.522221,0.958163,5,0.072621,33.545598,39.63749,32.52531,0.848535,0.248105,0.255402,13.534,cuda
esrgan,ami,032,up,032_up,3,4,192,bicjpeg75,34.612485,0.874893,31.592251,0.955651,5,0.071656,33.990837,39.399397,33.107537,0.845243,0.26081,0.276207,13.557,cuda
esrgan,ami,032,zoom,032_zoom,3,4,192,bicjpeg75,35.143911,0.888245,31.853472,0.960328,5,0.067415,34.541383,39.726312,33.624606,0.86347,0.221782,0.243203,13.551,cuda
esrgan,ami,033,back,033_back,3,4,192,bicjpeg75,35.791858,0.877168,32.806569,0.95623,5,0.060412,35.780526,40.512395,34.542926,0.859876,0.260178,0.264643,13.537,cuda
esrgan,ami,033,down,033_down,3,4,192,bicjpeg75,35.421582,0.872376,32.574424,0.955998,5,0.063301,35.177549,40.106695,34.472386,0.865999,0.245228,0.268197,13.534,cuda
esrgan,ami,033,front,033_front,3,4,192,bicjpeg75,35.398743,0.867076,32.602322,0.954879,5,0.064063,35.116106,40.29816,34.433622,0.856892,0.26143,0.283834,13.554,cuda
esrgan,ami,033,left,033_left,3,4,192,bicjpeg75,36.162667,0.887799,33.253608,0.961435,5,0.058132,35.854677,41.141834,35.170645,0.872034,0.284843,0.257167,13.537,cuda
esrgan,ami,033,right,033_right,3,4,192,bicjpeg75,34.857078,0.859681,32.103663,0.953899,5,0.066663,34.273089,40.182999,33.427631,0.828924,0.252051,0.258604,13.547,cuda
esrgan,ami,033,up,033_up,3,4,192,bicjpeg75,35.094063,0.865487,32.1959,0.953401,5,0.062914,34.882867,40.104938,34.135676,0.850578,0.263443,0.284637,13.571,cuda
esrgan,ami,033,zoom,033_zoom,3,4,192,bicjpeg75,35.607731,0.875088,32.487314,0.957736,5,0.060322,35.385722,40.436422,34.768005,0.865456,0.233981,0.29128,13.539,cuda
esrgan,ami,034,back,034_back,4,4,192,bicjpeg75,32.273796,0.789202,30.131033,0.929711,5,0.092308,31.515115,38.180969,32.918351,0.825569,0.302005,0.266351,13.538,cuda
esrgan,ami,034,down,034_down,4,4,192,bicjpeg75,32.401879,0.797462,30.325406,0.937679,5,0.090393,31.820583,38.257862,33.322574,0.845784,0.318703,0.286097,13.551,cuda
esrgan,ami,034,front,034_front,4,4,192,bicjpeg75,32.155862,0.798848,30.125197,0.934011,5,0.096654,31.389655,38.222126,33.384102,0.845917,0.315836,0.26697,13.551,cuda
esrgan,ami,034,left,034_left,4,4,192,bicjpeg75,32.228364,0.787472,30.278295,0.933084,5,0.093885,31.807978,38.463767,33.137387,0.830581,0.311782,0.288408,13.532,cuda
esrgan,ami,034,right,034_right,4,4,192,bicjpeg75,32.413199,0.797086,30.197815,0.932412,5,0.090938,31.936366,37.926437,32.797268,0.82839,0.293775,0.281564,13.547,cuda
esrgan,ami,034,up,034_up,4,4,192,bicjpeg75,31.841394,0.787336,29.776158,0.933279,5,0.09411,31.652265,37.768992,32.954713,0.837338,0.2796,0.279446,13.56,cuda
esrgan,ami,034,zoom,034_zoom,4,4,192,bicjpeg75,33.822712,0.845669,31.533846,0.950505,5,0.080785,33.189107,39.093815,34.682169,0.880326,0.265751,0.263033,13.539,cuda
esrgan,ami,035,back,035_back,5,4,192,bicjpeg75,35.880128,0.880064,32.761688,0.958796,5,0.055931,35.729143,40.878337,34.632734,0.867001,0.248255,0.267748,13.543,cuda
esrgan,ami,035,down,035_down,5,4,192,bicjpeg75,35.734798,0.878914,32.706887,0.95996,5,0.056153,35.396355,40.894614,34.754923,0.875906,0.278433,0.266529,13.554,cuda
esrgan,ami,035,front,035_front,5,4,192,bicjpeg75,35.869271,0.880666,32.866813,0.959559,5,0.057431,35.424829,40.930864,34.782009,0.873568,0.255921,0.260724,13.553,cuda
esrgan,ami,035,left,035_left,5,4,192,bicjpeg75,36.376517,0.889826,33.184638,0.961094,5,0.054939,36.249179,41.099004,35.353145,0.882687,0.290996,0.271142,13.535,cuda
esrgan,ami,035,right,035_right,5,4,192,bicjpeg75,35.596827,0.873143,32.56628,0.956678,5,0.063178,35.264079,40.649699,34.267725,0.856362,0.265221,0.250771,13.525,cuda
esrgan,ami,035,up,035_up,5,4,192,bicjpeg75,35.73133,0.875767,32.673258,0.958804,5,0.060658,35.443805,40.737575,34.648932,0.867054,0.2486,0.26905,13.547,cuda
esrgan,ami,035,zoom,035_zoom,5,4,192,bicjpeg75,35.512305,0.871783,32.513324,0.959972,5,0.06047,35.221668,40.81122,34.917725,0.871744,0.267182,0.258143,13.551,cuda
esrgan,ami,036,back,036_back,2,4,192,bicjpeg75,33.84298,0.828762,31.549146,0.942098,5,0.082921,32.986212,39.474824,32.965168,0.828014,0.341227,0.278741,13.531,cuda
esrgan,ami,036,down,036_down,2,4,192,bicjpeg75,34.550528,0.84978,32.321737,0.946845,5,0.07658,33.831085,39.795166,34.402004,0.858694,0.35737,0.287341,13.546,cuda
esrgan,ami,036,front,036_front,2,4,192,bicjpeg75,34.47175,0.849034,32.316081,0.946667,5,0.075131,33.916095,39.558637,34.497284,0.867947,0.297759,0.269615,13.544,cuda
esrgan,ami,036,left,036_left,2,4,192,bicjpeg75,35.149065,0.859433,32.919825,0.949799,5,0.066392,34.933719,40.283121,35.229657,0.874421,0.33657,0.278732,13.55,cuda
esrgan,ami,036,right,036_right,2,4,192,bicjpeg75,34.737208,0.854847,32.248072,0.950236,5,0.070967,34.018119,40.051129,33.891979,0.852702,0.317619,0.277537,13.547,cuda
esrgan,ami,036,up,036_up,2,4,192,bicjpeg75,33.762615,0.829494,31.61158,0.940553,5,0.083319,33.150121,39.14825,33.828611,0.855736,0.332317,0.274539,13.534,cuda
esrgan,ami,036,zoom,036_zoom,2,4,192,bicjpeg75,35.311328,0.871869,32.88479,0.953231,5,0.073368,34.873598,39.889582,35.141878,0.882889,0.311134,0.254868,13.547,cuda
esrgan,ami,037,back,037_back,2,4,192,bicjpeg75,33.993699,0.816892,31.733248,0.940366,5,0.073532,32.580116,40.195768,33.541821,0.838113,0.385458,0.275272,13.559,cuda
esrgan,ami,037,down,037_down,2,4,192,bicjpeg75,34.641192,0.837834,32.192825,0.94584,5,0.063731,33.678649,40.305601,34.38285,0.862833,0.399098,0.272574,13.539,cuda
esrgan,ami,037,front,037_front,2,4,192,bicjpeg75,34.328654,0.831515,31.919616,0.944554,5,0.068552,32.996885,40.434444,33.765236,0.851724,0.424881,0.283591,13.554,cuda
esrgan,ami,037,left,037_left,2,4,192,bicjpeg75,34.806933,0.839103,32.516313,0.948663,5,0.065537,33.461844,40.858698,34.776421,0.865614,0.382168,0.259007,13.539,cuda
esrgan,ami,037,right,037_right,2,4,192,bicjpeg75,34.178132,0.842406,31.80742,0.949172,5,0.066346,32.833883,40.380071,34.680698,0.869059,0.371378,0.263879,13.52,cuda
esrgan,ami,037,up,037_up,2,4,192,bicjpeg75,34.260268,0.825672,31.8773,0.943491,5,0.069302,32.996083,40.195473,33.902029,0.853714,0.40744,0.277676,13.549,cuda
esrgan,ami,037,zoom,037_zoom,2,4,192,bicjpeg75,35.118386,0.859708,32.543434,0.955305,5,0.063961,33.976977,40.788153,34.788508,0.884892,0.312601,0.264838,13.619,cuda
esrgan,ami,038,back,038_back,2,4,192,bicjpeg75,34.207127,0.841021,31.663282,0.944101,5,0.07557,33.74794,39.333376,33.826235,0.848853,0.270616,0.292235,13.551,cuda
esrgan,ami,038,down,038_down,2,4,192,bicjpeg75,33.060581,0.801241,30.8997,0.936112,5,0.086062,32.510241,38.518808,33.045982,0.827947,0.320485,0.270329,13.548,cuda
esrgan,ami,038,front,038_front,2,4,192,bicjpeg75,33.227442,0.803659,31.05452,0.933078,5,0.085885,32.6101,38.475208,33.388438,0.833002,0.366439,0.297459,13.546,cuda
esrgan,ami,038,left,038_left,2,4,192,bicjpeg75,34.260056,0.833463,31.937113,0.944161,5,0.077677,33.581006,39.514204,34.700632,0.860669,0.344992,0.306268,13.547,cuda
esrgan,ami,038,right,038_right,2,4,192,bicjpeg75,34.186358,0.840658,31.705721,0.945725,5,0.07096,33.705137,39.452501,33.712652,0.843091,0.295352,0.278139,13.547,cuda
esrgan,ami,038,up,038_up,2,4,192,bicjpeg75,33.110317,0.803211,30.949477,0.935775,5,0.084511,32.656348,38.724809,33.229275,0.82769,0.304096,0.295295,13.545,cuda
esrgan,ami,038,zoom,038_zoom,2,4,192,bicjpeg75,34.305787,0.838049,31.863552,0.948026,5,0.07254,33.884103,39.572198,34.455344,0.864226,0.315285,0.276672,13.53,cuda
esrgan,ami,039,back,039_back,2,4,192,bicjpeg75,34.883569,0.869199,32.182023,0.953439,5,0.066178,34.573614,39.524242,33.71888,0.857024,0.265832,0.250738,13.525,cuda
esrgan,ami,039,down,039_down,2,4,192,bicjpeg75,34.382697,0.859176,31.822354,0.953163,5,0.070215,33.912952,39.563367,34.125598,0.863084,0.282419,0.267296,13.556,cuda
esrgan,ami,039,front,039_front,2,4,192,bicjpeg75,35.338095,0.875007,32.506055,0.956442,5,0.064851,35.014504,39.939804,34.359166,0.869381,0.251704,0.25483,13.561,cuda
esrgan,ami,039,left,039_left,2,4,192,bicjpeg75,35.867236,0.882882,33.094417,0.959509,5,0.065168,35.74081,40.636284,35.52664,0.882614,0.248738,0.254933,13.552,cuda
esrgan,ami,039,right,039_right,2,4,192,bicjpeg75,34.927639,0.873756,32.153781,0.956353,5,0.065832,34.197976,39.768434,33.708085,0.859744,0.235457,0.249961,13.55,cuda
esrgan,ami,039,up,039_up,2,4,192,bicjpeg75,35.136895,0.871878,32.243596,0.955828,5,0.064539,34.920002,39.959721,33.983068,0.861485,0.250912,0.260988,13.553,cuda
esrgan,ami,039,zoom,039_zoom,2,4,192,bicjpeg75,35.757993,0.884949,32.681413,0.959473,5,0.062804,35.626277,40.094218,34.901897,0.879363,0.235283,0.251188,13.541,cuda
esrgan,ami,040,back,040_back,4,4,192,bicjpeg75,34.752944,0.859874,31.892968,0.950076,5,0.07419,34.442521,39.452727,33.840864,0.848955,0.263135,0.254905,13.548,cuda
esrgan,ami,040,down,040_down,4,4,192,bicjpeg75,34.201354,0.854648,31.454306,0.949208,5,0.072087,33.674307,39.23063,33.409126,0.850989,0.32124,0.241965,13.552,cuda
esrgan,ami,040,front,040_front,4,4,192,bicjpeg75,34.461823,0.859253,31.634428,0.950464,5,0.071359,34.330221,39.181093,33.486968,0.846469,0.247243,0.268027,13.538,cuda
esrgan,ami,040,left,040_left,4,4,192,bicjpeg75,35.115735,0.869318,32.258298,0.954801,5,0.063383,34.824803,39.892929,34.320323,0.865331,0.291055,0.253526,13.547,cuda
esrgan,ami,040,right,040_right,4,4,192,bicjpeg75,34.679692,0.864459,31.601383,0.953618,5,0.065312,34.506377,39.506753,33.408764,0.846064,0.257436,0.266863,13.547,cuda
esrgan,ami,040,up,040_up,4,4,192,bicjpeg75,34.534616,0.862635,31.729225,0.953031,5,0.068243,34.347613,39.246196,33.449933,0.853382,0.25882,0.254858,13.549,cuda
esrgan,ami,040,zoom,040_zoom,4,4,192,bicjpeg75,34.71091,0.864182,31.728995,0.954422,5,0.067413,34.543166,39.434078,34.040362,0.860235,0.270013,0.248988,13.557,cuda
esrgan,ami,041,back,041_back,5,4,192,bicjpeg75,34.350165,0.842183,31.772506,0.947441,5,0.071154,34.070327,39.257773,34.03027,0.851297,0.307239,0.265164,13.537,cuda
esrgan,ami,041,down,041_down,5,4,192,bicjpeg75,35.042642,0.861339,32.398152,0.953655,5,0.067126,34.616497,39.705884,34.869416,0.876984,0.315306,0.259764,13.543,cuda
esrgan,ami,041,front,041_front,5,4,192,bicjpeg75,34.574236,0.853753,31.997809,0.952074,5,0.065538,34.266252,39.467394,34.45009,0.869845,0.292678,0.265528,13.535,cuda
esrgan,ami,041,left,041_left,5,4,192,bicjpeg75,36.293507,0.882336,33.377787,0.95695,5,0.055357,36.294547,40.894498,36.065621,0.890241,0.30821,0.272928,13.552,cuda
esrgan,ami,041,right,041_right,5,4,192,bicjpeg75,34.61906,0.852485,31.754012,0.951025,5,0.071332,34.013995,39.615507,33.790072,0.849957,0.269641,0.267928,13.548,cuda
esrgan,ami,041,up,041_up,5,4,192,bicjpeg75,34.4336,0.848101,31.792442,0.949881,5,0.069659,34.093345,39.350939,34.101014,0.862706,0.305237,0.274124,13.554,cuda
esrgan,ami,041,zoom,041_zoom,5,4,192,bicjpeg75,35.081218,0.866499,32.268001,0.956967,5,0.064892,34.936952,40.022548,34.835612,0.878392,0.270335,0.258501,13.536,cuda
esrgan,ami,042,back,042_back,4,4,192,bicjpeg75,33.356511,0.818625,31.004329,0.938708,5,0.081286,32.849322,38.544399,33.395069,0.843506,0.267883,0.258683,13.559,cuda
esrgan,ami,042,down,042_down,4,4,192,bicjpeg75,33.704257,0.827639,31.403213,0.943442,5,0.08173,33.028872,39.115836,33.95275,0.856119,0.299778,0.26271,13.553,cuda
esrgan,ami,042,front,042_front,4,4,192,bicjpeg75,32.40255,0.789653,30.31018,0.932999,5,0.095809,31.468253,38.33667,33.025704,0.83313,0.315474,0.272077,13.553,cuda
esrgan,ami,042,left,042_left,4,4,192,bicjpeg75,33.93691,0.825837,31.75485,0.942153,5,0.086519,32.978918,39.552913,34.137999,0.848469,0.335759,0.275251,13.548,cuda
esrgan,ami,042,right,042_right,4,4,192,bicjpeg75,33.036959,0.806216,30.722702,0.935174,5,0.088364,32.418074,38.532199,32.988441,0.833575,0.329139,0.27223,13.547,cuda
esrgan,ami,042,up,042_up,4,4,192,bicjpeg75,32.420563,0.78485,30.253176,0.931463,5,0.09377,31.62696,38.394112,33.091391,0.834272,0.31368,0.295959,13.55,cuda
esrgan,ami,042,zoom,042_zoom,4,4,192,bicjpeg75,33.557015,0.824946,31.202474,0.945857,5,0.082041,33.121112,38.708501,34.403733,0.86517,0.271387,0.264041,13.554,cuda
esrgan,ami,043,back,043_back,4,4,192,bicjpeg75,34.65785,0.863024,31.977946,0.956637,5,0.070019,34.457027,39.451492,34.481029,0.873755,0.235643,0.234709,13.544,cuda
esrgan,ami,043,down,043_down,4,4,192,bicjpeg75,33.839861,0.827203,31.461547,0.946616,5,0.071788,33.326164,39.285385,34.011948,0.856319,0.301188,0.255362,13.545,cuda
esrgan,ami,043,front,043_front,4,4,192,bicjpeg75,33.94029,0.836548,31.563106,0.94839,5,0.074488,33.605585,39.198858,33.70036,0.843833,0.274879,0.276925,13.552,cuda
esrgan,ami,043,left,043_left,4,4,192,bicjpeg75,34.349946,0.844586,31.998284,0.950242,5,0.068444,33.93087,39.642827,33.492297,0.840039,0.292304,0.246814,13.549,cuda
esrgan,ami,043,right,043_right,4,4,192,bicjpeg75,33.988909,0.849847,31.374749,0.952328,5,0.072128,33.443531,39.410827,33.238002,0.83998,0.253254,0.253805,13.541,cuda
esrgan,ami,043,up,043_up,4,4,192,bicjpeg75,33.459778,0.820987,31.061339,0.942824,5,0.076344,32.960252,38.707312,32.784765,0.82318,0.270819,0.273742,13.528,cuda
esrgan,ami,043,zoom,043_zoom,4,4,192,bicjpeg75,34.536301,0.850379,31.876514,0.953346,5,0.070467,34.162669,39.542326,34.589135,0.87006,0.256813,0.265916,13.54,cuda
esrgan,ami,044,back,044_back,5,4,192,bicjpeg75,34.746123,0.864076,32.016461,0.95257,5,0.068109,34.312274,39.575281,33.526334,0.853565,0.299331,0.255765,13.551,cuda
esrgan,ami,044,down,044_down,5,4,192,bicjpeg75,34.38753,0.85981,31.774611,0.953589,5,0.070591,33.665608,39.689499,33.428978,0.857337,0.310329,0.274665,13.526,cuda
esrgan,ami,044,front,044_front,5,4,192,bicjpeg75,34.526701,0.865362,31.963993,0.955493,5,0.06865,33.764639,39.733389,33.147373,0.852857,0.30282,0.282638,13.534,cuda
esrgan,ami,044,left,044_left,5,4,192,bicjpeg75,34.592368,0.863966,32.008627,0.954133,5,0.068714,33.938173,39.583467,33.462023,0.852578,0.293919,0.268516,13.531,cuda
esrgan,ami,044,right,044_right,5,4,192,bicjpeg75,35.155963,0.873647,32.280216,0.956537,5,0.064688,34.669218,39.998544,33.82856,0.860317,0.279849,0.283748,13.546,cuda
esrgan,ami,044,up,044_up,5,4,192,bicjpeg75,34.762393,0.864251,32.148077,0.953113,5,0.069342,34.073769,39.64725,33.324324,0.844323,0.29684,0.301452,13.548,cuda
esrgan,ami,044,zoom,044_zoom,5,4,192,bicjpeg75,34.893848,0.870416,32.067941,0.956156,5,0.068927,34.320577,39.751055,33.891786,0.867036,0.282696,0.274648,13.551,cuda
esrgan,ami,045,back,045_back,2,4,192,bicjpeg75,34.103018,0.853472,31.647713,0.950785,5,0.074308,33.618483,38.947475,34.397152,0.870665,0.26177,0.262318,13.55,cuda
esrgan,ami,045,down,045_down,2,4,192,bicjpeg75,34.639689,0.857338,32.183963,0.953243,5,0.076661,34.051851,40.038474,35.117894,0.878407,0.308242,0.277568,13.547,cuda
esrgan,ami,045,front,045_front,2,4,192,bicjpeg75,34.624408,0.859857,32.085796,0.954416,5,0.073887,34.202619,39.793841,34.685318,0.873595,0.277994,0.258672,13.548,cuda
esrgan,ami,045,left,045_left,2,4,192,bicjpeg75,36.21861,0.882347,33.505426,0.959465,5,0.067161,35.915043,40.960078,36.744415,0.899855,0.274309,0.256755,13.535,cuda
esrgan,ami,045,right,045_right,2,4,192,bicjpeg75,33.792971,0.846776,31.326766,0.948883,5,0.078121,33.457692,39.52703,33.513763,0.856841,0.237648,0.271637,13.544,cuda
esrgan,ami,045,up,045_up,2,4,192,bicjpeg75,34.816802,0.870532,32.250674,0.95545,5,0.071439,34.611795,39.509297,35.438768,0.891637,0.247835,0.257747,13.553,cuda
esrgan,ami,045,zoom,045_zoom,2,4,192,bicjpeg75,36.381308,0.898209,33.342825,0.965218,5,0.061732,36.260508,40.863526,36.211886,0.903929,0.252978,0.256746,13.539,cuda
esrgan,ami,046,back,046_back,5,4,192,bicjpeg75,33.722652,0.867949,31.017919,0.95473,5,0.0679,33.230193,38.800458,33.549116,0.860065,0.268579,0.238741,13.525,cuda
esrgan,ami,046,down,046_down,5,4,192,bicjpeg75,35.664445,0.884055,32.673454,0.960128,5,0.06367,35.489405,40.473746,34.683357,0.875061,0.256162,0.249864,13.537,cuda
esrgan,ami,046,front,046_front,5,4,192,bicjpeg75,35.182643,0.876961,32.263125,0.957372,5,0.063261,35.044446,39.842973,33.951699,0.860578,0.262087,0.248276,13.564,cuda
esrgan,ami,046,left,046_left,5,4,192,bicjpeg75,36.795647,0.905383,33.770122,0.964959,5,0.055205,36.78957,40.817266,35.901002,0.895034,0.255712,0.261358,13.533,cuda
esrgan,ami,046,right,046_right,5,4,192,bicjpeg75,35.154291,0.877126,32.055415,0.958555,5,0.06557,34.902508,39.977044,33.968575,0.858498,0.215313,0.248197,13.552,cuda
esrgan,ami,046,up,046_up,5,4,192,bicjpeg75,33.947398,0.848851,31.055116,0.952147,5,0.070937,33.449558,39.338147,33.041588,0.836613,0.244075,0.248229,13.557,cuda
esrgan,ami,046,zoom,046_zoom,5,4,192,bicjpeg75,35.566669,0.88406,32.413127,0.960727,5,0.063903,35.568071,39.933258,34.779342,0.87518,0.218108,0.224978,13.551,cuda
esrgan,ami,047,back,047_back,3,4,192,bicjpeg75,34.14511,0.845894,31.67638,0.944472,5,0.080751,33.28159,39.425621,33.120668,0.835544,0.264513,0.27188,13.521,cuda
esrgan,ami,047,down,047_down,3,4,192,bicjpeg75,34.303341,0.841231,31.777516,0.94386,5,0.077918,33.965797,39.172518,34.276122,0.862211,0.292616,0.249686,13.531,cuda
esrgan,ami,047,front,047_front,3,4,192,bicjpeg75,34.503364,0.850835,32.060088,0.948332,5,0.072632,33.979781,39.745695,34.523741,0.866606,0.269718,0.260715,13.546,cuda
esrgan,ami,047,left,047_left,3,4,192,bicjpeg75,34.058457,0.833304,31.646482,0.941575,5,0.087123,33.430574,39.268292,34.038636,0.854831,0.309674,0.28162,13.578,cuda
esrgan,ami,047,right,047_right,3,4,192,bicjpeg75,35.247486,0.867654,32.516328,0.954452,5,0.066753,34.666306,40.217553,34.58826,0.869524,0.297128,0.271789,13.544,cuda
esrgan,ami,047,up,047_up,3,4,192,bicjpeg75,34.625722,0.84789,31.990425,0.945199,5,0.076688,34.009029,39.704911,34.097382,0.85493,0.286926,0.289744,13.553,cuda
esrgan,ami,047,zoom,047_zoom,3,4,192,bicjpeg75,35.851844,0.879775,32.947931,0.957994,5,0.062873,35.696014,40.423348,35.511779,0.890053,0.261511,0.253909,13.53,cuda
esrgan,ami,048,back,048_back,1,4,192,bicjpeg75,34.385165,0.859267,31.630928,0.948629,5,0.077503,33.94575,39.35273,33.514341,0.854495,0.234841,0.265087,13.536,cuda
esrgan,ami,048,down,048_down,1,4,192,bicjpeg75,34.713879,0.868128,32.241222,0.95297,5,0.072449,34.299827,39.542182,34.03251,0.860626,0.26582,0.277506,13.549,cuda
esrgan,ami,048,front,048_front,1,4,192,bicjpeg75,34.536128,0.869368,32.051627,0.954629,5,0.073587,33.593594,39.814366,33.999725,0.861061,0.267983,0.278345,13.545,cuda
esrgan,ami,048,left,048_left,1,4,192,bicjpeg75,35.517648,0.881902,33.025846,0.956163,5,0.068256,35.175412,40.226017,35.273862,0.879256,0.270084,0.244463,13.537,cuda
esrgan,ami,048,right,048_right,1,4,192,bicjpeg75,35.142049,0.878253,32.448417,0.957316,5,0.069306,34.594516,40.076851,34.08771,0.86602,0.209496,0.249037,13.542,cuda
esrgan,ami,048,up,048_up,1,4,192,bicjpeg75,34.192887,0.862146,31.721081,0.952603,5,0.076235,33.743279,39.465683,33.949613,0.855816,0.24267,0.276742,13.533,cuda
esrgan,ami,048,zoom,048_zoom,1,4,192,bicjpeg75,36.20857,0.897337,33.223093,0.963438,5,0.059169,36.115032,40.559279,35.189708,0.886073,0.225019,0.259366,13.545,cuda
esrgan,ami,051,back,051_back,4,4,192,bicjpeg75,34.157102,0.85986,31.764918,0.953727,5,0.068539,33.937018,39.038406,33.582998,0.856758,0.235366,0.265172,13.539,cuda
esrgan,ami,051,down,051_down,4,4,192,bicjpeg75,34.265945,0.858943,32.026765,0.953286,5,0.075121,33.81745,39.256324,34.940357,0.883488,0.245823,0.243162,13.527,cuda
esrgan,ami,051,front,051_front,4,4,192,bicjpeg75,34.251517,0.857919,31.863369,0.953042,5,0.072424,33.81242,39.256682,34.363768,0.869278,0.250156,0.256941,13.542,cuda
esrgan,ami,051,left,051_left,4,4,192,bicjpeg75,35.456504,0.879804,32.984658,0.955988,5,0.067519,35.088303,40.166532,35.590782,0.889469,0.275814,0.251482,13.536,cuda
esrgan,ami,051,right,051_right,4,4,192,bicjpeg75,34.488459,0.858995,32.003142,0.951775,5,0.073465,33.945939,39.482417,33.368864,0.840391,0.261821,0.260842,13.522,cuda
esrgan,ami,051,up,051_up,4,4,192,bicjpeg75,33.710065,0.841612,31.492753,0.946616,5,0.082735,33.013188,38.772553,33.766384,0.853178,0.287373,0.280077,13.556,cuda
esrgan,ami,051,zoom,051_zoom,4,4,192,bicjpeg75,35.307013,0.882009,32.77748,0.958949,5,0.071612,34.848002,40.009826,35.435535,0.894621,0.251614,0.250233,13.533,cuda
esrgan,ami,052,back,052_back,1,4,192,bicjpeg75,33.723892,0.846363,31.283142,0.949921,5,0.076722,32.916564,38.992542,32.781128,0.837663,0.276787,0.250408,13.55,cuda
esrgan,ami,052,down,052_down,1,4,192,bicjpeg75,34.034293,0.849336,31.624829,0.953764,5,0.070508,33.630173,39.131714,33.354157,0.846428,0.246019,0.229294,13.535,cuda
esrgan,ami,052,front,052_front,1,4,192,bicjpeg75,33.922015,0.850006,31.450444,0.950364,5,0.077066,33.26539,39.009071,32.587074,0.832136,0.28747,0.265566,13.534,cuda
esrgan,ami,052,left,052_left,1,4,192,bicjpeg75,34.872867,0.869089,32.413312,0.959412,5,0.069121,34.580728,40.044331,34.152803,0.864465,0.244409,0.242454,13.56,cuda
esrgan,ami,052,right,052_right,1,4,192,bicjpeg75,33.295885,0.84994,30.976088,0.95144,5,0.083688,32.059807,38.865933,31.874507,0.824224,0.281487,0.25603,13.55,cuda
esrgan,ami,052,up,052_up,1,4,192,bicjpeg75,33.911966,0.846285,31.420284,0.951977,5,0.073675,33.267077,39.112044,33.311344,0.839418,0.259099,0.264486,13.532,cuda
esrgan,ami,052,zoom,052_zoom,1,4,192,bicjpeg75,34.477441,0.87022,31.883264,0.957734,5,0.069912,33.733876,39.253886,33.726976,0.856549,0.231439,0.251228,13.537,cuda
esrgan,ami,053,back,053_back,3,4,192,bicjpeg75,34.448555,0.853958,31.480315,0.95077,5,0.076052,33.94865,39.378524,33.706868,0.852529,0.245015,0.253697,13.55,cuda
esrgan,ami,053,down,053_down,3,4,192,bicjpeg75,33.924717,0.838368,31.269619,0.948247,5,0.07589,33.575505,38.888935,33.795395,0.850431,0.280738,0.255422,13.534,cuda
esrgan,ami,053,front,053_front,3,4,192,bicjpeg75,34.24385,0.848763,31.417208,0.949761,5,0.072807,33.846346,39.231865,33.740924,0.854665,0.266084,0.248547,13.53,cuda
esrgan,ami,053,left,053_left,3,4,192,bicjpeg75,34.573079,0.855545,31.859595,0.951085,5,0.071658,34.322725,39.427892,34.370407,0.858981,0.275539,0.288821,13.558,cuda
esrgan,ami,053,right,053_right,3,4,192,bicjpeg75,34.322771,0.858657,31.422026,0.953423,5,0.070654,33.795136,39.388761,33.003145,0.834863,0.254179,0.25674,13.534,cuda
esrgan,ami,053,up,053_up,3,4,192,bicjpeg75,33.294164,0.821551,30.67062,0.938941,5,0.082706,32.62147,38.579908,32.400834,0.805373,0.279242,0.26855,13.556,cuda
esrgan,ami,053,zoom,053_zoom,3,4,192,bicjpeg75,34.983611,0.867572,31.952603,0.956084,5,0.067515,34.624804,39.693612,34.710494,0.869521,0.242988,0.249598,13.545,cuda
esrgan,ami,054,back,054_back,3,4,192,bicjpeg75,34.22313,0.856087,31.301735,0.950061,5,0.074357,33.261477,39.435522,33.492972,0.839799,0.276408,0.261601,13.533,cuda
esrgan,ami,054,down,054_down,3,4,192,bicjpeg75,34.051928,0.86468,31.399182,0.950517,5,0.074822,33.510467,39.361693,33.925857,0.870232,0.269897,0.247011,13.524,cuda
esrgan,ami,054,front,054_front,3,4,192,bicjpeg75,34.439101,0.868277,31.728992,0.955349,5,0.07407,33.954392,39.45298,33.75552,0.855743,0.235246,0.243867,13.541,cuda
esrgan,ami,054,left,054_left,3,4,192,bicjpeg75,35.368375,0.873291,32.724436,0.954613,5,0.068413,35.304123,39.64305,34.744523,0.870514,0.270641,0.241585,13.55,cuda
esrgan,ami,054,right,054_right,3,4,192,bicjpeg75,34.659172,0.863114,31.872668,0.953373,5,0.075521,34.136819,39.519174,33.788053,0.853026,0.268091,0.268234,13.55,cuda
esrgan,ami,054,up,054_up,3,4,192,bicjpeg75,33.18347,0.857346,30.148084,0.952686,5,0.072856,31.878285,38.987604,32.749284,0.845243,0.266793,0.252029,13.555,cuda
esrgan,ami,054,zoom,054_zoom,3,4,192,bicjpeg75,35.308204,0.884393,32.24806,0.960623,5,0.064745,34.833046,40.018736,34.640663,0.875,0.208167,0.258242,13.554,cuda
esrgan,ami,055,back,055_back,2,4,192,bicjpeg75,35.28254,0.877948,32.460954,0.955549,5,0.071101,34.770719,40.049026,33.723689,0.853182,0.265125,0.24589,13.536,cuda
esrgan,ami,055,down,055_down,2,4,192,bicjpeg75,34.775417,0.866574,32.09921,0.953495,5,0.067188,34.180346,39.813955,33.848063,0.860145,0.259764,0.245498,13.543,cuda
esrgan,ami,055,front,055_front,2,4,192,bicjpeg75,35.318805,0.881418,32.290836,0.95709,5,0.06762,34.812338,39.9964,34.217447,0.867471,0.261529,0.258026,13.551,cuda
esrgan,ami,055,left,055_left,2,4,192,bicjpeg75,35.36435,0.873589,32.480878,0.954564,5,0.06363,34.988439,40.199473,34.441743,0.867372,0.261238,0.247058,13.538,cuda
esrgan,ami,055,right,055_right,2,4,192,bicjpeg75,35.207838,0.886625,32.191716,0.958362,5,0.068262,34.487185,40.089073,33.537574,0.85399,0.280987,0.271961,13.529,cuda
esrgan,ami,055,up,055_up,2,4,192,bicjpeg75,34.98196,0.874393,32.097716,0.955518,5,0.069003,34.396942,39.879162,34.065648,0.862669,0.285286,0.259048,13.555,cuda
esrgan,ami,055,zoom,055_zoom,2,4,192,bicjpeg75,35.861775,0.892436,32.595176,0.962734,5,0.059534,35.455918,40.506726,34.838297,0.883489,0.241835,0.22322,13.553,cuda
esrgan,ami,056,back,056_back,4,4,192,bicjpeg75,33.311252,0.851696,30.891684,0.94499,5,0.079594,32.369029,38.671946,31.91533,0.819252,0.283881,0.265172,13.55,cuda
esrgan,ami,056,down,056_down,4,4,192,bicjpeg75,34.383961,0.863631,31.867185,0.954183,5,0.071956,33.872603,39.270663,33.231248,0.85103,0.244396,0.242174,13.548,cuda
esrgan,ami,056,front,056_front,4,4,192,bicjpeg75,33.700703,0.853542,31.284626,0.948841,5,0.082468,32.987072,38.776517,32.228205,0.82529,0.251633,0.248051,13.555,cuda
esrgan,ami,056,left,056_left,4,4,192,bicjpeg75,35.343674,0.887403,32.548575,0.960392,5,0.067257,34.776269,40.141628,34.123096,0.871054,0.210155,0.219911,13.543,cuda
esrgan,ami,056,right,056_right,4,4,192,bicjpeg75,34.637195,0.874892,31.849117,0.955439,5,0.069139,34.135258,39.321364,33.204575,0.848009,0.233771,0.25243,13.568,cuda
esrgan,ami,056,up,056_up,4,4,192,bicjpeg75,33.217542,0.850392,30.862819,0.946882,5,0.08827,32.224308,38.206411,32.77798,0.837403,0.250626,0.261519,13.549,cuda
esrgan,ami,056,zoom,056_zoom,4,4,192,bicjpeg75,34.594949,0.870418,31.888259,0.958274,5,0.071627,34.063934,39.649861,33.710326,0.863718,0.20961,0.205616,13.554,cuda
esrgan,ami,057,back,057_back,5,4,192,bicjpeg75,33.796101,0.855916,31.24652,0.951307,5,0.080527,33.043541,38.890058,33.281184,0.860629,0.269216,0.257603,13.56,cuda
esrgan,ami,057,down,057_down,5,4,192,bicjpeg75,34.424493,0.866252,31.8592,0.955766,5,0.072695,33.82794,39.387378,33.632316,0.866157,0.288623,0.26974,13.55,cuda
esrgan,ami,057,front,057_front,5,4,192,bicjpeg75,33.504858,0.849888,31.124537,0.952236,5,0.081126,32.800234,39.049571,32.781837,0.854879,0.302795,0.244206,13.543,cuda
esrgan,ami,057,left,057_left,5,4,192,bicjpeg75,35.100223,0.875757,32.382404,0.958511,5,0.068706,34.657278,39.619587,34.597219,0.884142,0.263233,0.249572,13.546,cuda
esrgan,ami,057,right,057_right,5,4,192,bicjpeg75,34.889177,0.874494,32.177913,0.959274,5,0.066664,34.513496,39.828441,34.185155,0.871237,0.242867,0.243847,13.534,cuda
esrgan,ami,057,up,057_up,5,4,192,bicjpeg75,32.002423,0.841404,29.852783,0.948158,5,0.084569,31.025442,38.070651,32.438762,0.852143,0.281346,0.25986,13.547,cuda
esrgan,ami,057,zoom,057_zoom,5,4,192,bicjpeg75,34.859384,0.884133,32.11086,0.962994,5,0.067325,34.293614,39.694243,34.69606,0.886269,0.238118,0.227495,13.544,cuda
esrgan,ami,058,back,058_back,5,4,192,bicjpeg75,35.125068,0.88187,32.229097,0.959468,5,0.063551,34.65667,39.916859,33.801829,0.862749,0.25336,0.233185,13.535,cuda
esrgan,ami,058,down,058_down,5,4,192,bicjpeg75,34.961997,0.876895,32.220942,0.957955,5,0.065285,34.663871,39.582961,34.233651,0.869315,0.26407,0.273174,13.541,cuda
esrgan,ami,058,front,058_front,5,4,192,bicjpeg75,34.88965,0.874769,32.087486,0.956418,5,0.067754,34.63809,39.642209,33.924513,0.864966,0.241946,0.264338,13.546,cuda
esrgan,ami,058,left,058_left,5,4,192,bicjpeg75,35.689865,0.892113,32.869548,0.96139,5,0.061437,35.456482,39.941948,34.981974,0.88393,0.266504,0.272958,13.534,cuda
esrgan,ami,058,right,058_right,5,4,192,bicjpeg75,34.90265,0.872911,32.062102,0.954858,5,0.068645,34.491677,39.646376,33.999183,0.858523,0.240715,0.268327,13.541,cuda
esrgan,ami,058,up,058_up,5,4,192,bicjpeg75,34.124197,0.857939,31.463692,0.951414,5,0.072303,33.548549,39.29829,32.959261,0.840008,0.299343,0.289795,13.538,cuda
esrgan,ami,058,zoom,058_zoom,5,4,192,bicjpeg75,35.457398,0.887759,32.370307,0.961889,5,0.065577,35.558737,39.724432,34.991653,0.881521,0.207465,0.246801,13.54,cuda
esrgan,ami,059,back,059_back,3,4,192,bicjpeg75,35.85771,0.88548,32.996019,0.95626,5,0.065537,35.62666,40.159728,34.954588,0.879526,0.271131,0.263999,13.548,cuda
esrgan,ami,059,down,059_down,3,4,192,bicjpeg75,34.934553,0.881164,32.550187,0.957072,5,0.072408,34.10598,40.132051,34.263143,0.873385,0.263901,0.267886,13.547,cuda
esrgan,ami,059,front,059_front,3,4,192,bicjpeg75,35.091273,0.873536,32.533307,0.955069,5,0.067544,34.766523,39.550208,33.924102,0.85737,0.262578,0.263872,13.535,cuda
esrgan,ami,059,left,059_left,3,4,192,bicjpeg75,35.802776,0.892639,33.126575,0.962073,5,0.058611,35.48188,40.197,34.504014,0.875563,0.251436,0.253737,13.542,cuda
esrgan,ami,059,right,059_right,3,4,192,bicjpeg75,34.382242,0.875926,31.880732,0.955815,5,0.075318,33.324668,39.635442,33.534057,0.858245,0.252058,0.269736,13.542,cuda
esrgan,ami,059,up,059_up,3,4,192,bicjpeg75,34.784101,0.86602,32.200473,0.952675,5,0.072032,34.279681,39.543472,34.072727,0.864117,0.263558,0.259423,13.554,cuda
esrgan,ami,059,zoom,059_zoom,3,4,192,bicjpeg75,35.818592,0.889539,32.908575,0.961505,5,0.061646,35.291162,40.458609,35.104203,0.884509,0.242355,0.243661,13.541,cuda
esrgan,ami,061,back,061_back,2,4,192,bicjpeg75,35.115977,0.865885,32.440782,0.951901,5,0.071029,34.624949,40.07857,33.865083,0.849607,0.271748,0.23992,13.525,cuda
esrgan,ami,061,down,061_down,2,4,192,bicjpeg75,35.187013,0.863139,32.508538,0.954634,5,0.066377,34.767488,40.331816,34.490023,0.865144,0.295861,0.239972,13.574,cuda
esrgan,ami,061,front,061_front,2,4,192,bicjpeg75,35.340599,0.86937,32.592476,0.953248,5,0.071084,35.283242,40.016049,34.480877,0.865642,0.270466,0.265642,13.548,cuda
esrgan,ami,061,left,061_left,2,4,192,bicjpeg75,35.716164,0.874789,32.861394,0.956873,5,0.066381,35.461634,40.503927,35.425276,0.880304,0.276449,0.268783,13.545,cuda
esrgan,ami,061,right,061_right,2,4,192,bicjpeg75,36.237793,0.894829,33.058314,0.961546,5,0.058468,36.08256,40.636703,34.802651,0.87053,0.260212,0.26355,13.549,cuda
esrgan,ami,061,up,061_up,2,4,192,bicjpeg75,35.865553,0.881267,32.761282,0.957344,5,0.064032,35.610679,40.40147,35.017775,0.877464,0.261817,0.273107,13.583,cuda
esrgan,ami,061,zoom,061_zoom,2,4,192,bicjpeg75,35.546437,0.876494,32.520636,0.958229,5,0.066475,35.110507,40.348134,34.584222,0.869021,0.271662,0.242964,13.555,cuda
esrgan,ami,062,back,062_back,3,4,192,bicjpeg75,34.066459,0.863323,31.778364,0.956737,5,0.072587,32.918445,39.651809,35.534946,0.890807,0.257736,0.25444,13.54,cuda
esrgan,ami,062,down,062_down,3,4,192,bicjpeg75,34.142,0.84635,31.801759,0.953401,5,0.068489,33.63206,39.687999,34.392279,0.871981,0.307831,0.269876,13.535,cuda
esrgan,ami,062,front,062_front,3,4,192,bicjpeg75,34.35107,0.853002,31.87428,0.952031,5,0.07033,33.989311,39.566068,34.872347,0.87501,0.272699,0.271101,13.547,cuda
esrgan,ami,062,left,062_left,3,4,192,bicjpeg75,35.43889,0.869325,32.815244,0.955999,5,0.063112,35.482783,40.091121,35.746962,0.886513,0.278069,0.24685,13.542,cuda
esrgan,ami,062,right,062_right,3,4,192,bicjpeg75,34.542954,0.849228,31.886884,0.949516,5,0.070108,34.200339,39.486297,34.103123,0.861241,0.265721,0.263762,13.531,cuda
esrgan,ami,062,up,062_up,3,4,192,bicjpeg75,32.806417,0.837199,30.581235,0.948171,5,0.077074,31.571726,38.863438,34.699167,0.866614,0.250913,0.248973,13.555,cuda
esrgan,ami,062,zoom,062_zoom,3,4,192,bicjpeg75,35.227758,0.874528,32.637237,0.959445,5,0.063504,34.984632,40.11857,36.516559,0.898752,0.25479,0.238534,13.55,cuda
esrgan,ami,063,back,063_back,4,4,192,bicjpeg75,35.577519,0.878125,32.737658,0.954587,5,0.065434,35.445315,39.878665,34.554191,0.867533,0.259994,0.252025,13.539,cuda
esrgan,ami,063,down,063_down,4,4,192,bicjpeg75,34.926795,0.868216,32.342561,0.954148,5,0.068832,34.607089,39.698061,34.693799,0.878057,0.293284,0.274124,13.528,cuda
esrgan,ami,063,front,063_front,4,4,192,bicjpeg75,35.141491,0.867508,32.538292,0.953731,5,0.065907,34.820248,39.984715,34.87203,0.879795,0.282314,0.275696,13.548,cuda
esrgan,ami,063,left,063_left,4,4,192,bicjpeg75,35.908097,0.884285,32.982904,0.960069,5,0.06161,35.674653,40.496463,35.704456,0.888856,0.279388,0.274818,13.535,cuda
esrgan,ami,063,right,063_right,4,4,192,bicjpeg75,35.126607,0.867952,32.520657,0.953006,5,0.063949,35.002315,39.645788,34.579651,0.87265,0.271815,0.280975,13.549,cuda
esrgan,ami,063,up,063_up,4,4,192,bicjpeg75,34.776086,0.856291,32.172172,0.949795,5,0.073001,34.271968,39.669501,34.142141,0.857777,0.295278,0.290518,13.554,cuda
esrgan,ami,063,zoom,063_zoom,4,4,192,bicjpeg75,36.213071,0.896994,33.049735,0.964209,5,0.05649,35.979937,40.638424,35.567824,0.897489,0.268261,0.239495,13.547,cuda
esrgan,ami,064,back,064_back,5,4,192,bicjpeg75,34.151374,0.849782,31.618072,0.94788,5,0.073285,33.571494,39.379059,32.804275,0.829188,0.280983,0.242831,13.56,cuda
esrgan,ami,064,down,064_down,5,4,192,bicjpeg75,34.165347,0.842464,31.75264,0.94427,5,0.072646,33.614688,39.176934,33.467976,0.852244,0.30945,0.237261,13.549,cuda
esrgan,ami,064,front,064_front,5,4,192,bicjpeg75,34.862348,0.86214,32.328113,0.950848,5,0.067094,34.632113,39.54673,33.88057,0.854665,0.298989,0.243126,13.531,cuda
esrgan,ami,064,left,064_left,5,4,192,bicjpeg75,34.631471,0.856877,32.2018,0.948479,5,0.074479,34.094456,39.642992,33.898235,0.859397,0.321163,0.258418,13.534,cuda
esrgan,ami,064,right,064_right,5,4,192,bicjpeg75,34.513266,0.851337,32.012514,0.948478,5,0.072154,33.97595,39.579745,33.594985,0.84164,0.281975,0.25023,13.532,cuda
esrgan,ami,064,up,064_up,5,4,192,bicjpeg75,34.67917,0.851937,32.143046,0.948713,5,0.070734,34.502984,39.594279,33.674763,0.837537,0.263835,0.27915,13.532,cuda
esrgan,ami,064,zoom,064_zoom,5,4,192,bicjpeg75,35.09622,0.866536,32.425779,0.953018,5,0.067005,34.858318,39.766401,34.089064,0.85586,0.252462,0.253834,13.544,cuda
esrgan,ami,065,back,065_back,3,4,192,bicjpeg75,33.934863,0.845772,31.406387,0.946163,5,0.078754,33.293244,39.02562,33.272739,0.849994,0.260235,0.260274,13.552,cuda
esrgan,ami,065,down,065_down,3,4,192,bicjpeg75,34.730252,0.86456,32.234048,0.957029,5,0.071613,33.995555,40.024643,34.248236,0.866088,0.308765,0.264013,13.534,cuda
esrgan,ami,065,front,065_front,3,4,192,bicjpeg75,34.564508,0.859371,32.016881,0.95442,5,0.070606,34.023938,39.801651,34.93005,0.875383,0.278491,0.263821,13.554,cuda
esrgan,ami,065,left,065_left,3,4,192,bicjpeg75,35.905865,0.881837,33.363966,0.95871,5,0.068089,35.301994,40.693815,35.462502,0.882447,0.313255,0.241074,13.572,cuda
esrgan,ami,065,right,065_right,3,4,192,bicjpeg75,34.135842,0.854573,31.598081,0.952572,5,0.080171,33.425753,39.819295,34.258671,0.863405,0.237751,0.257844,13.554,cuda
esrgan,ami,065,up,065_up,3,4,192,bicjpeg75,34.547088,0.856312,31.981062,0.951717,5,0.073904,34.169213,39.071376,34.868451,0.873846,0.258236,0.247059,13.554,cuda
esrgan,ami,065,zoom,065_zoom,3,4,192,bicjpeg75,36.339696,0.899209,33.339414,0.964795,5,0.059046,36.106877,40.594081,36.124808,0.906429,0.227865,0.261574,13.554,cuda
esrgan,ami,066,back,066_back,4,4,192,bicjpeg75,35.198226,0.870269,32.354656,0.955177,5,0.068172,34.682783,40.112656,34.100193,0.859921,0.258079,0.25784,13.559,cuda
esrgan,ami,066,down,066_down,4,4,192,bicjpeg75,35.697759,0.883867,32.866144,0.958019,5,0.063937,35.585587,39.970309,34.922287,0.87951,0.271685,0.255479,13.555,cuda
esrgan,ami,066,front,066_front,4,4,192,bicjpeg75,35.064586,0.871967,32.476261,0.953718,5,0.073402,34.743456,39.832707,34.086572,0.862952,0.279861,0.264153,13.544,cuda
esrgan,ami,066,left,066_left,4,4,192,bicjpeg75,36.238353,0.895089,33.5806,0.961479,5,0.062506,36.284029,40.35693,35.418486,0.88896,0.240223,0.239996,13.544,cuda
esrgan,ami,066,right,066_right,4,4,192,bicjpeg75,35.226057,0.875891,32.268687,0.95695,5,0.068569,34.525548,40.143658,33.754754,0.856299,0.24946,0.252905,13.547,cuda
esrgan,ami,066,up,066_up,4,4,192,bicjpeg75,34.490666,0.854919,31.913503,0.948519,5,0.072788,34.125654,39.228587,33.661396,0.846091,0.294001,0.254435,13.559,cuda
esrgan,ami,066,zoom,066_zoom,4,4,192,bicjpeg75,35.843359,0.886089,32.991598,0.960534,5,0.062047,35.596767,40.379431,35.247098,0.883566,0.226363,0.261108,13.523,cuda
esrgan,ami,067,back,067_back,2,4,192,bicjpeg75,34.85575,0.852654,32.064771,0.946893,5,0.066062,34.82091,39.540455,34.014322,0.846687,0.302934,0.263412,13.54,cuda
esrgan,ami,067,down,067_down,2,4,192,bicjpeg75,34.488078,0.839908,31.757931,0.943699,5,0.072205,34.343505,39.149613,34.231823,0.849537,0.317369,0.268275,13.537,cuda
esrgan,ami,067,front,067_front,2,4,192,bicjpeg75,34.213563,0.835385,31.588036,0.943375,5,0.077551,33.895108,39.42567,33.514496,0.838904,0.309238,0.271831,13.548,cuda
esrgan,ami,067,left,067_left,2,4,192,bicjpeg75,34.789051,0.843268,32.316533,0.948457,5,0.069419,34.576613,39.805671,34.990165,0.868549,0.310466,0.271091,13.537,cuda
esrgan,ami,067,right,067_right,2,4,192,bicjpeg75,34.399651,0.848757,31.610683,0.94975,5,0.068357,34.048228,39.330098,33.448095,0.84246,0.267452,0.269474,13.545,cuda
esrgan,ami,067,up,067_up,2,4,192,bicjpeg75,34.431703,0.840172,31.695514,0.94461,5,0.071762,34.17768,39.435687,33.698367,0.842571,0.298845,0.276762,13.534,cuda
esrgan,ami,067,zoom,067_zoom,2,4,192,bicjpeg75,35.214387,0.86172,32.285546,0.952856,5,0.065506,35.060999,39.888814,34.933232,0.867835,0.258706,0.266375,13.545,cuda
esrgan,ami,068,back,068_back,2,4,192,bicjpeg75,33.520862,0.825182,31.174125,0.939268,5,0.080054,33.209955,38.671058,32.811174,0.828251,0.264926,0.259841,13.528,cuda
esrgan,ami,068,down,068_down,2,4,192,bicjpeg75,33.777527,0.842872,31.33231,0.948959,5,0.077243,33.335359,38.782744,33.767215,0.859177,0.284156,0.261575,13.542,cuda
esrgan,ami,068,front,068_front,2,4,192,bicjpeg75,33.843953,0.845099,31.33859,0.950931,5,0.072524,33.265277,39.110555,33.39798,0.850975,0.286975,0.270524,13.525,cuda
esrgan,ami,068,left,068_left,2,4,192,bicjpeg75,34.617272,0.861029,32.043446,0.953374,5,0.076047,34.207437,39.271826,34.624592,0.873168,0.281688,0.264361,13.553,cuda
esrgan,ami,068,right,068_right,2,4,192,bicjpeg75,33.834803,0.850736,31.350031,0.951675,5,0.075484,33.041868,38.980746,32.720612,0.839135,0.269037,0.281075,13.549,cuda
esrgan,ami,068,up,068_up,2,4,192,bicjpeg75,33.927442,0.845545,31.422431,0.950988,5,0.075157,33.369757,38.863204,33.666912,0.858546,0.271458,0.269105,13.557,cuda
esrgan,ami,068,zoom,068_zoom,2,4,192,bicjpeg75,35.306461,0.881427,32.435684,0.961317,5,0.064282,35.036747,39.761291,35.04203,0.887885,0.237334,0.256869,13.547,cuda
esrgan,ami,069,back,069_back,4,4,192,bicjpeg75,34.045946,0.848098,31.421678,0.94763,5,0.07523,33.498217,39.029806,32.800855,0.832964,0.24094,0.256579,13.535,cuda
esrgan,ami,069,down,069_down,4,4,192,bicjpeg75,32.951499,0.837359,30.739888,0.948109,5,0.08034,32.253581,38.277727,32.099492,0.829279,0.30127,0.262159,13.547,cuda
esrgan,ami,069,front,069_front,4,4,192,bicjpeg75,33.521232,0.840078,31.288894,0.948529,5,0.074727,32.63908,38.769842,32.32798,0.819446,0.298565,0.27219,13.53,cuda
esrgan,ami,069,left,069_left,4,4,192,bicjpeg75,32.484462,0.841899,30.496293,0.94822,5,0.080116,31.246829,38.936567,31.504631,0.815613,0.293216,0.253143,13.542,cuda
esrgan,ami,069,right,069_right,4,4,192,bicjpeg75,33.888798,0.853275,31.627281,0.952851,5,0.076251,33.071238,39.319961,32.207003,0.814338,0.250889,0.257538,13.545,cuda
esrgan,ami,069,up,069_up,4,4,192,bicjpeg75,33.384785,0.841171,31.12473,0.950933,5,0.078798,32.411559,38.676992,32.155104,0.825651,0.261122,0.261422,13.558,cuda
esrgan,ami,069,zoom,069_zoom,4,4,192,bicjpeg75,33.61147,0.844518,31.185946,0.950877,5,0.077663,32.784955,38.861515,32.466695,0.831451,0.260428,0.265369,13.557,cuda
esrgan,ami,070,back,070_back,3,4,192,bicjpeg75,33.938984,0.861823,31.107982,0.951358,5,0.077151,33.190445,39.423947,33.227303,0.852366,0.228478,0.241398,13.549,cuda
esrgan,ami,070,down,070_down,3,4,192,bicjpeg75,33.395896,0.841306,30.895303,0.949788,5,0.083114,33.22351,38.81383,33.391062,0.852908,0.242241,0.262491,13.564,cuda
esrgan,ami,070,front,070_front,3,4,192,bicjpeg75,33.856636,0.851024,31.091102,0.950412,5,0.075977,33.20763,38.942455,32.925538,0.843943,0.278402,0.259025,13.551,cuda
esrgan,ami,070,left,070_left,3,4,192,bicjpeg75,34.602227,0.860539,31.900797,0.953416,5,0.07741,34.08142,39.813838,34.413672,0.867274,0.269822,0.263474,13.537,cuda
esrgan,ami,070,right,070_right,3,4,192,bicjpeg75,34.298715,0.867871,31.531027,0.952992,5,0.07463,33.464574,39.392912,32.974671,0.84631,0.241615,0.245267,13.539,cuda
esrgan,ami,070,up,070_up,3,4,192,bicjpeg75,34.19819,0.857797,31.329055,0.949117,5,0.076091,33.727642,38.870158,33.558149,0.847089,0.251483,0.238941,13.556,cuda
esrgan,ami,070,zoom,070_zoom,3,4,192,bicjpeg75,35.382716,0.883307,32.254059,0.959677,5,0.065701,35.18129,39.79533,34.843451,0.882478,0.208009,0.215112,13.549,cuda
esrgan,ami,071,back,071_back,2,4,192,bicjpeg75,33.855895,0.848504,31.456207,0.948836,5,0.080783,33.353445,38.668487,33.804032,0.861592,0.264366,0.25063,13.541,cuda
esrgan,ami,071,down,071_down,2,4,192,bicjpeg75,32.867278,0.830916,30.493625,0.945319,5,0.081932,32.288821,38.099937,32.655744,0.844349,0.300644,0.239919,13.544,cuda
esrgan,ami,071,front,071_front,2,4,192,bicjpeg75,33.318502,0.839646,30.78375,0.947602,5,0.077051,32.74097,38.413821,32.747182,0.840272,0.274349,0.248401,13.54,cuda
esrgan,ami,071,left,071_left,2,4,192,bicjpeg75,33.492382,0.846947,31.016021,0.949211,5,0.079433,32.979317,38.474359,33.337399,0.857851,0.331545,0.236983,13.544,cuda
esrgan,ami,071,right,071_right,2,4,192,bicjpeg75,34.001102,0.84789,31.242899,0.946943,5,0.076842,33.36516,39.137505,32.968654,0.834837,0.268983,0.25864,13.545,cuda
esrgan,ami,071,up,071_up,2,4,192,bicjpeg75,32.688812,0.822313,30.282656,0.943701,5,0.088459,31.921378,38.355801,32.186548,0.826653,0.270266,0.258504,13.541,cuda
esrgan,ami,071,zoom,071_zoom,2,4,192,bicjpeg75,33.667652,0.852363,31.071478,0.951848,5,0.081195,32.881616,38.69032,33.531204,0.855953,0.259962,0.257262,13.552,cuda
esrgan,ami,072,back,072_back,1,4,192,bicjpeg75,35.833891,0.882954,32.932713,0.958098,5,0.063133,35.776862,40.374288,34.708591,0.868094,0.22815,0.254382,13.543,cuda
esrgan,ami,072,down,072_down,1,4,192,bicjpeg75,36.270819,0.891497,33.52495,0.961328,5,0.054736,36.088232,40.812182,35.59985,0.888864,0.241824,0.226593,13.538,cuda
esrgan,ami,072,front,072_front,1,4,192,bicjpeg75,36.361244,0.893438,33.514816,0.960495,5,0.057569,36.376287,40.701244,35.197631,0.875275,0.238893,0.231636,13.544,cuda
esrgan,ami,072,left,072_left,1,4,192,bicjpeg75,36.152775,0.886852,33.418128,0.956266,5,0.060005,36.096333,40.43024,35.423949,0.879504,0.269359,0.245266,13.544,cuda
esrgan,ami,072,right,072_right,1,4,192,bicjpeg75,36.463786,0.903539,33.637552,0.964612,5,0.055614,36.50859,40.679445,35.088411,0.878175,0.225509,0.229251,13.545,cuda
esrgan,ami,072,up,072_up,1,4,192,bicjpeg75,36.508102,0.899774,33.443569,0.963446,5,0.055517,36.164743,40.994213,35.267811,0.88223,0.234083,0.243762,13.542,cuda
esrgan,ami,072,zoom,072_zoom,1,4,192,bicjpeg75,36.976049,0.906548,33.871908,0.963735,5,0.053902,36.735416,41.288246,35.737039,0.891684,0.218335,0.239332,13.543,cuda
esrgan,ami,073,back,073_back,1,4,192,bicjpeg75,35.782134,0.886701,32.725255,0.959867,5,0.060593,35.568635,40.164277,34.893539,0.875075,0.246942,0.277305,13.526,cuda
esrgan,ami,073,down,073_down,1,4,192,bicjpeg75,34.620717,0.866243,32.188378,0.958427,5,0.069134,34.335229,39.7949,34.811405,0.875358,0.260878,0.243775,13.54,cuda
esrgan,ami,073,front,073_front,1,4,192,bicjpeg75,35.259182,0.877161,32.524458,0.959672,5,0.064575,35.131091,39.974614,34.995521,0.878938,0.268427,0.237845,13.534,cuda
esrgan,ami,073,left,073_left,1,4,192,bicjpeg75,35.415622,0.87965,32.842938,0.959564,5,0.062594,35.473326,39.9594,35.53048,0.889358,0.258131,0.244606,13.55,cuda
esrgan,ami,073,right,073_right,1,4,192,bicjpeg75,35.053598,0.874401,32.27297,0.955945,5,0.067625,34.732096,39.780218,34.077457,0.855595,0.263687,0.277916,13.551,cuda
esrgan,ami,073,up,073_up,1,4,192,bicjpeg75,34.651961,0.861328,31.970435,0.953581,5,0.07104,34.328582,39.41826,34.704749,0.87321,0.236256,0.255518,13.549,cuda
esrgan,ami,073,zoom,073_zoom,1,4,192,bicjpeg75,36.059936,0.891435,33.168096,0.964163,5,0.055017,36.074292,40.660322,35.284713,0.886368,0.221531,0.242958,13.545,cuda
esrgan,ami,074,back,074_back,1,4,192,bicjpeg75,34.837387,0.858057,32.348326,0.949732,5,0.070855,34.74836,39.38633,34.218916,0.857783,0.262291,0.252107,13.548,cuda
esrgan,ami,074,down,074_down,1,4,192,bicjpeg75,34.144279,0.83905,31.822984,0.945183,5,0.07935,33.580212,39.455202,34.491364,0.866262,0.284273,0.292658,13.554,cuda
esrgan,ami,074,front,074_front,1,4,192,bicjpeg75,34.257808,0.836958,31.822148,0.943385,5,0.078496,33.885666,39.250713,34.21661,0.856824,0.295897,0.268653,13.584,cuda
esrgan,ami,074,left,074_left,1,4,192,bicjpeg75,34.441647,0.836839,32.071176,0.944605,5,0.078036,34.167438,39.632906,34.729621,0.858364,0.296886,0.26756,13.556,cuda
esrgan,ami,074,right,074_right,1,4,192,bicjpeg75,33.990393,0.852505,31.400941,0.950522,5,0.080604,33.273064,39.413576,34.147325,0.859554,0.258546,0.260201,13.546,cuda
esrgan,ami,074,up,074_up,1,4,192,bicjpeg75,34.223012,0.834301,31.810805,0.944112,5,0.07861,33.955819,39.18765,34.419858,0.85501,0.295017,0.265031,13.544,cuda
esrgan,ami,074,zoom,074_zoom,1,4,192,bicjpeg75,34.957251,0.860215,32.427459,0.952964,5,0.070107,34.781278,39.843611,34.748546,0.873257,0.286517,0.280335,13.538,cuda
esrgan,ami,075,back,075_back,3,4,192,bicjpeg75,34.172797,0.837802,31.22863,0.94442,5,0.073992,33.812462,39.142071,33.546973,0.841359,0.283278,0.26348,13.543,cuda
esrgan,ami,075,down,075_down,3,4,192,bicjpeg75,33.78649,0.837951,31.017089,0.947292,5,0.080778,33.214673,39.090384,34.483647,0.871822,0.277644,0.267804,13.553,cuda
esrgan,ami,075,front,075_front,3,4,192,bicjpeg75,33.310655,0.821135,30.593202,0.941576,5,0.080833,32.831379,38.518993,33.898039,0.854435,0.27296,0.268284,13.544,cuda
esrgan,ami,075,left,075_left,3,4,192,bicjpeg75,33.876803,0.849692,31.382063,0.948276,5,0.072934,32.898057,39.415816,34.629151,0.871293,0.31191,0.259403,13.536,cuda
esrgan,ami,075,right,075_right,3,4,192,bicjpeg75,34.736737,0.861239,31.565426,0.953936,5,0.07055,34.212653,39.630502,34.127623,0.853569,0.259455,0.247675,13.545,cuda
esrgan,ami,075,up,075_up,3,4,192,bicjpeg75,32.533695,0.809636,30.040247,0.936695,5,0.084026,31.923006,38.23505,32.569555,0.830784,0.279527,0.284736,13.552,cuda
esrgan,ami,075,zoom,075_zoom,3,4,192,bicjpeg75,34.428018,0.86297,31.541366,0.954322,5,0.07141,33.957136,39.364893,34.974548,0.880223,0.226846,0.261179,13.55,cuda
esrgan,ami,076,back,076_back,5,4,192,bicjpeg75,35.60797,0.876277,32.417323,0.956446,5,0.065414,35.396468,40.088826,34.820304,0.877959,0.243379,0.230128,13.544,cuda
esrgan,ami,076,down,076_down,5,4,192,bicjpeg75,34.981304,0.860964,32.019326,0.953348,5,0.066359,34.670047,39.938661,34.414623,0.87006,0.29438,0.261589,13.537,cuda
esrgan,ami,076,front,076_front,5,4,192,bicjpeg75,35.125302,0.864725,32.189379,0.954131,5,0.067041,34.770149,39.915667,34.6372,0.875467,0.244225,0.255413,13.544,cuda
esrgan,ami,076,left,076_left,5,4,192,bicjpeg75,35.421867,0.870241,32.331786,0.956309,5,0.061267,34.998749,40.399896,34.860997,0.877327,0.30871,0.259539,13.544,cuda
esrgan,ami,076,right,076_right,5,4,192,bicjpeg75,35.068682,0.863151,32.081752,0.951807,5,0.068365,34.784719,39.706546,34.404193,0.867021,0.26194,0.244139,13.533,cuda
esrgan,ami,076,up,076_up,5,4,192,bicjpeg75,34.381533,0.85014,31.47746,0.949327,5,0.071904,33.760348,39.415127,33.759511,0.854356,0.270245,0.251513,13.547,cuda
esrgan,ami,076,zoom,076_zoom,5,4,192,bicjpeg75,35.908921,0.887508,32.58739,0.963946,5,0.057869,35.882603,40.497746,35.132442,0.886948,0.236709,0.260438,13.54,cuda
esrgan,ami,077,back,077_back,2,4,192,bicjpeg75,35.774365,0.878625,32.919578,0.953131,5,0.062217,35.577335,40.10234,34.466066,0.861613,0.255393,0.261141,13.552,cuda
esrgan,ami,077,down,077_down,2,4,192,bicjpeg75,34.903516,0.848235,32.277525,0.944771,5,0.067036,34.507159,39.745131,33.870636,0.840331,0.343794,0.274149,13.543,cuda
esrgan,ami,077,front,077_front,2,4,192,bicjpeg75,34.931927,0.850151,32.375964,0.945616,5,0.067968,34.644514,39.777745,33.792985,0.835861,0.317731,0.270963,13.538,cuda
esrgan,ami,077,left,077_left,2,4,192,bicjpeg75,35.42724,0.870585,32.836387,0.949824,5,0.068082,35.569507,39.628808,34.822653,0.870858,0.309583,0.239873,13.551,cuda
esrgan,ami,077,right,077_right,2,4,192,bicjpeg75,36.045765,0.888635,33.068369,0.957435,5,0.063538,35.842788,40.358651,34.623566,0.868568,0.22924,0.234199,13.538,cuda
esrgan,ami,077,up,077_up,2,4,192,bicjpeg75,34.925771,0.853537,32.415151,0.946499,5,0.065957,34.338589,39.830839,33.871942,0.843693,0.325674,0.274459,13.551,cuda
esrgan,ami,077,zoom,077_zoom,2,4,192,bicjpeg75,35.410136,0.867894,32.609836,0.951441,5,0.065941,35.082278,39.991524,34.333999,0.863355,0.293205,0.265618,13.556,cuda
esrgan,ami,078,back,078_back,2,4,192,bicjpeg75,35.14956,0.872913,32.338359,0.952564,5,0.068508,35.16268,39.588342,34.387902,0.873723,0.26328,0.252137,13.527,cuda
esrgan,ami,078,down,078_down,2,4,192,bicjpeg75,33.815833,0.840088,31.460171,0.942866,5,0.083014,33.441946,39.002403,33.166825,0.848614,0.319283,0.253977,13.55,cuda
esrgan,ami,078,front,078_front,2,4,192,bicjpeg75,34.72456,0.864888,32.153268,0.952181,5,0.072221,34.239048,39.586831,33.904117,0.861966,0.274818,0.258562,13.535,cuda
esrgan,ami,078,left,078_left,2,4,192,bicjpeg75,34.582239,0.855546,32.006528,0.946425,5,0.075502,34.422413,39.106631,34.159074,0.860459,0.259696,0.244686,13.578,cuda
esrgan,ami,078,right,078_right,2,4,192,bicjpeg75,34.97702,0.872428,32.172864,0.953822,5,0.068843,34.680394,39.520381,34.395046,0.872186,0.250441,0.252063,13.533,cuda
esrgan,ami,078,up,078_up,2,4,192,bicjpeg75,33.996765,0.851017,31.634979,0.944821,5,0.077947,33.307955,39.065369,33.08795,0.843452,0.287032,0.259687,13.555,cuda
esrgan,ami,078,zoom,078_zoom,2,4,192,bicjpeg75,35.740627,0.887052,32.960208,0.959482,5,0.066207,35.683004,40.081227,34.90292,0.8814,0.266599,0.243276,13.535,cuda
esrgan,ami,079,back,079_back,4,4,192,bicjpeg75,34.289749,0.84158,31.513449,0.948012,5,0.071557,33.922879,39.431689,34.242262,0.845548,0.295576,0.268729,13.552,cuda
esrgan,ami,079,down,079_down,4,4,192,bicjpeg75,34.486138,0.857115,31.819044,0.950865,5,0.075881,34.014401,39.54562,34.316978,0.85846,0.271921,0.24935,13.532,cuda
esrgan,ami,079,front,079_front,4,4,192,bicjpeg75,33.592572,0.834815,31.049858,0.945699,5,0.080353,33.000356,39.052619,33.074064,0.832807,0.299692,0.275221,13.552,cuda
esrgan,ami,079,left,079_left,4,4,192,bicjpeg75,35.242663,0.870389,32.615961,0.957116,5,0.065896,35.26383,40.212133,35.439905,0.881872,0.259909,0.269922,13.543,cuda
esrgan,ami,079,right,079_right,4,4,192,bicjpeg75,34.308733,0.860813,31.604049,0.952427,5,0.074669,33.801925,39.383234,33.123342,0.835889,0.263083,0.260974,13.537,cuda
esrgan,ami,079,up,079_up,4,4,192,bicjpeg75,33.359303,0.823403,30.783941,0.941657,5,0.081674,32.762497,38.659582,32.780786,0.819119,0.297532,0.281932,13.551,cuda
esrgan,ami,079,zoom,079_zoom,4,4,192,bicjpeg75,34.483561,0.858864,31.729111,0.951018,5,0.073874,34.176668,39.542816,34.30805,0.865203,0.260419,0.254128,13.533,cuda
esrgan,ami,080,back,080_back,3,4,192,bicjpeg75,35.092866,0.86717,32.562991,0.951853,5,0.07103,34.396132,40.357927,33.673894,0.842996,0.342901,0.266456,13.529,cuda
esrgan,ami,080,down,080_down,3,4,192,bicjpeg75,35.871708,0.882999,33.249708,0.959262,5,0.061688,35.24345,41.100131,34.381061,0.858154,0.299949,0.275769,13.552,cuda
esrgan,ami,080,front,080_front,3,4,192,bicjpeg75,35.77803,0.878209,33.173979,0.954492,5,0.068271,35.498542,40.669389,34.437152,0.859507,0.327316,0.283853,13.538,cuda
esrgan,ami,080,left,080_left,3,4,192,bicjpeg75,35.922899,0.884213,33.437205,0.958696,5,0.059158,35.477944,40.975308,34.712078,0.869869,0.320832,0.259033,13.537,cuda
esrgan,ami,080,right,080_right,3,4,192,bicjpeg75,35.774152,0.889263,33.148056,0.959673,5,0.063426,35.080611,40.640608,33.990319,0.859534,0.269768,0.278076,13.544,cuda
esrgan,ami,080,up,080_up,3,4,192,bicjpeg75,35.787496,0.876674,33.128743,0.954378,5,0.062505,35.511174,40.515679,34.719748,0.868948,0.311973,0.273895,13.544,cuda
esrgan,ami,080,zoom,080_zoom,3,4,192,bicjpeg75,36.620581,0.895866,33.672204,0.961262,5,0.055058,36.402679,41.12952,35.322295,0.880485,0.291006,0.266384,13.543,cuda
esrgan,ami,081,back,081_back,1,4,192,bicjpeg75,35.004352,0.865347,32.125123,0.952083,5,0.06725,34.377809,40.158606,33.643576,0.838053,0.298925,0.255335,13.537,cuda
esrgan,ami,081,down,081_down,1,4,192,bicjpeg75,33.95113,0.837746,31.547219,0.942298,5,0.075547,32.978305,39.632784,32.602415,0.813034,0.338514,0.28738,13.548,cuda
esrgan,ami,081,front,081_front,1,4,192,bicjpeg75,34.411983,0.838769,31.856111,0.94168,5,0.073412,33.910471,39.62194,33.317284,0.822868,0.358346,0.298664,13.553,cuda
esrgan,ami,081,left,081_left,1,4,192,bicjpeg75,35.152674,0.850865,32.593847,0.945478,5,0.066133,34.563396,40.273537,33.929178,0.830599,0.340514,0.285036,13.536,cuda
esrgan,ami,081,right,081_right,1,4,192,bicjpeg75,36.70392,0.91147,33.556145,0.967804,5,0.057206,36.335708,41.258442,34.995631,0.884099,0.252916,0.23747,13.534,cuda
esrgan,ami,081,up,081_up,1,4,192,bicjpeg75,33.95836,0.826096,31.510084,0.940758,5,0.078613,33.033523,39.485397,33.157037,0.823501,0.34009,0.28411,13.539,cuda
esrgan,ami,081,zoom,081_zoom,1,4,192,bicjpeg75,34.908663,0.857172,32.150996,0.949818,5,0.070211,34.377033,40.106023,33.905784,0.845006,0.300323,0.274193,13.543,cuda
esrgan,ami,082,back,082_back,2,4,192,bicjpeg75,35.15393,0.877755,32.445356,0.956456,5,0.072008,34.399964,40.021304,33.719044,0.85324,0.261501,0.25218,13.554,cuda
esrgan,ami,082,down,082_down,2,4,192,bicjpeg75,33.759246,0.840908,31.36039,0.945079,5,0.081082,32.447922,39.338649,32.642906,0.828888,0.313046,0.25469,13.557,cuda
esrgan,ami,082,front,082_front,2,4,192,bicjpeg75,33.702116,0.837445,31.361428,0.945472,5,0.079844,32.584124,39.680156,32.566908,0.819803,0.307324,0.243636,13.538,cuda
esrgan,ami,082,left,082_left,2,4,192,bicjpeg75,34.433314,0.860076,31.921424,0.952785,5,0.072469,33.691383,39.501537,33.252797,0.849209,0.297662,0.256227,13.54,cuda
esrgan,ami,082,right,082_right,2,4,192,bicjpeg75,34.881726,0.865594,32.305234,0.950895,5,0.068891,34.154962,39.948651,33.493868,0.844966,0.275784,0.241418,13.544,cuda
esrgan,ami,082,up,082_up,2,4,192,bicjpeg75,34.681724,0.864832,31.977734,0.95246,5,0.074007,33.897668,39.68403,33.348637,0.85201,0.288188,0.252975,13.556,cuda
esrgan,ami,082,zoom,082_zoom,2,4,192,bicjpeg75,34.824279,0.863796,32.057342,0.954917,5,0.072415,34.053418,39.769062,33.913914,0.861982,0.278657,0.252816,13.539,cuda
esrgan,ami,083,back,083_back,4,4,192,bicjpeg75,34.240884,0.845385,31.585539,0.944786,5,0.075322,33.38033,39.323593,34.140588,0.855288,0.300967,0.287483,13.544,cuda
esrgan,ami,083,down,083_down,4,4,192,bicjpeg75,33.207386,0.803929,30.709668,0.931949,5,0.087021,32.320922,38.733205,32.475664,0.808342,0.296139,0.285028,13.549,cuda
esrgan,ami,083,front,083_front,4,4,192,bicjpeg75,33.794096,0.818843,31.26066,0.940024,5,0.082237,33.172618,39.138258,33.496433,0.832131,0.313486,0.294081,13.529,cuda
esrgan,ami,083,left,083_left,4,4,192,bicjpeg75,34.65976,0.845756,31.871409,0.948028,5,0.081477,33.923756,39.747485,34.111802,0.846806,0.308234,0.280863,13.544,cuda
esrgan,ami,083,right,083_right,4,4,192,bicjpeg75,35.048969,0.867481,32.302781,0.95512,5,0.072018,34.647134,39.839356,33.776158,0.85159,0.301275,0.265491,13.558,cuda
esrgan,ami,083,up,083_up,4,4,192,bicjpeg75,33.002947,0.803825,30.538901,0.933003,5,0.091753,31.828288,38.829763,32.659473,0.822584,0.325746,0.291793,13.521,cuda
esrgan,ami,083,zoom,083_zoom,4,4,192,bicjpeg75,34.406797,0.841052,31.700153,0.947182,5,0.071135,33.815187,39.491544,34.210254,0.857091,0.278887,0.29844,13.554,cuda
esrgan,ami,084,back,084_back,3,4,192,bicjpeg75,34.155033,0.838595,31.746397,0.944041,5,0.077318,33.803683,39.508155,33.317825,0.824981,0.258097,0.245408,13.563,cuda
esrgan,ami,084,down,084_down,3,4,192,bicjpeg75,33.221041,0.820646,30.959446,0.94145,5,0.08327,32.718534,38.715961,33.199134,0.827823,0.303402,0.265592,13.553,cuda
esrgan,ami,084,front,084_front,3,4,192,bicjpeg75,33.401017,0.826582,31.193304,0.943358,5,0.084259,32.726291,38.911143,32.810603,0.827656,0.306226,0.26966,13.545,cuda
esrgan,ami,084,left,084_left,3,4,192,bicjpeg75,34.055821,0.840442,31.81455,0.943212,5,0.079727,33.783322,39.461627,33.820883,0.843491,0.305842,0.277675,13.544,cuda
esrgan,ami,084,right,084_right,3,4,192,bicjpeg75,34.535734,0.857004,32.016833,0.951742,5,0.075598,33.870668,39.802289,33.443078,0.842709,0.27327,0.275008,13.564,cuda
esrgan,ami,084,up,084_up,3,4,192,bicjpeg75,33.362127,0.828185,31.04673,0.94423,5,0.082725,32.683447,38.747495,32.771992,0.827336,0.291606,0.281842,13.536,cuda
esrgan,ami,084,zoom,084_zoom,3,4,192,bicjpeg75,33.357398,0.833748,31.020221,0.94739,5,0.076745,32.848553,39.312301,33.317361,0.839907,0.288647,0.267567,13.527,cuda
esrgan,ami,085,back,085_back,4,4,192,bicjpeg75,35.417203,0.863584,32.626887,0.952845,5,0.065612,34.931991,40.746535,34.698851,0.857665,0.320441,0.270703,13.548,cuda
esrgan,ami,085,down,085_down,4,4,192,bicjpeg75,34.616444,0.840512,32.285468,0.945511,5,0.072014,34.047147,40.145436,34.223736,0.844093,0.339896,0.286334,13.543,cuda
esrgan,ami,085,front,085_front,4,4,192,bicjpeg75,35.447993,0.861509,32.982913,0.950745,5,0.069171,35.140889,40.26154,35.168772,0.865929,0.326905,0.2938,13.534,cuda
esrgan,ami,085,left,085_left,4,4,192,bicjpeg75,35.167223,0.856476,32.533664,0.94856,5,0.071826,34.354196,40.537418,34.947722,0.867954,0.33931,0.289034,13.541,cuda
esrgan,ami,085,right,085_right,4,4,192,bicjpeg75,34.935026,0.854305,32.285038,0.949493,5,0.073987,34.239873,40.087972,34.379718,0.855685,0.309061,0.260593,13.542,cuda
esrgan,ami,085,up,085_up,4,4,192,bicjpeg75,35.094263,0.852827,32.569674,0.949446,5,0.067319,34.725385,40.014838,34.918858,0.86301,0.313979,0.269876,13.546,cuda
esrgan,ami,085,zoom,085_zoom,4,4,192,bicjpeg75,35.645332,0.870202,33.042617,0.955004,5,0.066002,35.397056,40.315581,35.285213,0.875128,0.29439,0.277265,13.531,cuda
esrgan,ami,086,back,086_back,5,4,192,bicjpeg75,35.14791,0.86704,32.141877,0.952576,5,0.066352,35.035315,39.761997,33.951414,0.856932,0.262078,0.252007,13.546,cuda
esrgan,ami,086,down,086_down,5,4,192,bicjpeg75,34.183157,0.845915,31.665105,0.947537,5,0.07545,33.782707,39.168735,33.553096,0.850746,0.29404,0.248109,13.551,cuda
esrgan,ami,086,front,086_front,5,4,192,bicjpeg75,34.005088,0.84137,31.585753,0.946324,5,0.076453,33.746491,38.98845,33.294129,0.839877,0.283344,0.255972,13.536,cuda
esrgan,ami,086,left,086_left,5,4,192,bicjpeg75,34.724547,0.855343,32.024704,0.948752,5,0.074183,34.307053,39.560218,33.909948,0.85285,0.30072,0.256127,13.544,cuda
esrgan,ami,086,right,086_right,5,4,192,bicjpeg75,35.415417,0.878103,32.292635,0.956583,5,0.06508,35.076316,40.293589,34.256148,0.86475,0.229671,0.260681,13.548,cuda
esrgan,ami,086,up,086_up,5,4,192,bicjpeg75,34.133587,0.851047,31.497719,0.948564,5,0.072361,33.826297,39.441425,32.851938,0.839112,0.272303,0.25427,13.569,cuda
esrgan,ami,086,zoom,086_zoom,5,4,192,bicjpeg75,34.541954,0.861222,31.894895,0.952322,5,0.070802,34.444701,39.186805,34.128788,0.871072,0.23729,0.253632,13.538,cuda
esrgan,ami,087,back,087_back,4,4,192,bicjpeg75,34.46907,0.848563,31.913093,0.945817,5,0.070283,33.960408,39.311964,33.489446,0.845723,0.290118,0.276554,13.555,cuda
esrgan,ami,087,down,087_down,4,4,192,bicjpeg75,34.70648,0.862838,32.082425,0.954088,5,0.065847,34.372316,39.530875,33.74521,0.859615,0.281501,0.244279,13.53,cuda
esrgan,ami,087,front,087_front,4,4,192,bicjpeg75,35.945258,0.889716,32.992581,0.960032,5,0.063273,35.665848,40.227915,34.865036,0.880326,0.229471,0.253891,13.545,cuda
esrgan,ami,087,left,087_left,4,4,192,bicjpeg75,35.566887,0.876626,32.827281,0.955196,5,0.063908,35.488355,39.935473,34.748324,0.870338,0.269955,0.253642,13.567,cuda
esrgan,ami,087,right,087_right,4,4,192,bicjpeg75,35.515956,0.887654,32.630764,0.959912,5,0.063783,34.929484,40.177581,34.003368,0.862856,0.238351,0.263744,13.55,cuda
esrgan,ami,087,up,087_up,4,4,192,bicjpeg75,34.867659,0.869375,32.102386,0.956678,5,0.064753,34.64824,39.566207,34.415364,0.864595,0.24021,0.243782,13.549,cuda
esrgan,ami,087,zoom,087_zoom,4,4,192,bicjpeg75,36.249558,0.895044,33.083164,0.964897,5,0.056658,36.319772,40.542753,35.387226,0.888643,0.209602,0.209229,13.531,cuda
esrgan,ami,088,back,088_back,1,4,192,bicjpeg75,33.894573,0.847935,31.375523,0.946701,5,0.07958,33.26789,38.891106,33.049152,0.846451,0.264194,0.269233,13.547,cuda
esrgan,ami,088,down,088_down,1,4,192,bicjpeg75,35.196056,0.878333,32.35817,0.957833,5,0.062026,34.925333,39.816686,33.93875,0.863493,0.271764,0.280312,13.551,cuda
esrgan,ami,088,front,088_front,1,4,192,bicjpeg75,34.384422,0.863258,31.805136,0.953896,5,0.069809,33.756767,39.628258,33.028896,0.845636,0.242494,0.282321,13.544,cuda
esrgan,ami,088,left,088_left,1,4,192,bicjpeg75,35.942614,0.893559,32.958657,0.962944,5,0.058865,35.674018,40.651517,34.841279,0.880209,0.23625,0.244604,13.539,cuda
esrgan,ami,088,right,088_right,1,4,192,bicjpeg75,34.604871,0.881531,31.89091,0.959785,5,0.066245,33.622194,39.99973,32.992534,0.853625,0.230348,0.247719,13.553,cuda
esrgan,ami,088,up,088_up,1,4,192,bicjpeg75,34.997749,0.871318,32.23193,0.956962,5,0.065271,34.833416,39.689331,34.221969,0.861928,0.236852,0.278734,13.546,cuda
esrgan,ami,088,zoom,088_zoom,1,4,192,bicjpeg75,35.395076,0.879927,32.350978,0.959739,5,0.061721,35.587646,39.819759,34.864825,0.879141,0.220802,0.255119,13.538,cuda
esrgan,ami,089,back,089_back,1,4,192,bicjpeg75,35.248458,0.880874,32.593526,0.960263,5,0.067919,35.03493,40.019293,34.473797,0.871715,0.244077,0.222184,13.534,cuda
esrgan,ami,089,down,089_down,1,4,192,bicjpeg75,34.576981,0.859484,32.149231,0.950978,5,0.075222,33.850559,39.432706,33.854065,0.853317,0.266258,0.239078,13.554,cuda
esrgan,ami,089,front,089_front,1,4,192,bicjpeg75,34.948187,0.871208,32.201367,0.956686,5,0.065778,34.546684,39.75219,34.20613,0.865034,0.271062,0.250144,13.546,cuda
esrgan,ami,089,left,089_left,1,4,192,bicjpeg75,34.642167,0.862583,32.172884,0.952638,5,0.069847,34.293017,39.502908,34.43484,0.864605,0.267192,0.249575,13.548,cuda
esrgan,ami,089,right,089_right,1,4,192,bicjpeg75,34.869642,0.862963,31.983995,0.952848,5,0.06877,34.492501,39.836396,33.730912,0.842857,0.249977,0.23674,13.534,cuda
esrgan,ami,089,up,089_up,1,4,192,bicjpeg75,35.267832,0.873177,32.426113,0.955236,5,0.066325,34.877926,39.792014,34.406987,0.863685,0.253432,0.253359,13.539,cuda
esrgan,ami,089,zoom,089_zoom,1,4,192,bicjpeg75,35.602966,0.880251,32.773312,0.960197,5,0.064798,35.442466,40.123404,35.200548,0.881416,0.227515,0.235901,13.54,cuda
esrgan,ami,090,back,090_back,1,4,192,bicjpeg75,33.74881,0.873043,31.253911,0.955411,5,0.074342,33.029583,38.917038,31.985622,0.844095,0.277304,0.25217,13.549,cuda
esrgan,ami,090,down,090_down,1,4,192,bicjpeg75,33.852475,0.867173,31.43306,0.953621,5,0.075493,33.019799,38.853254,32.142448,0.840293,0.250983,0.235649,13.55,cuda
esrgan,ami,090,front,090_front,1,4,192,bicjpeg75,33.5499,0.864811,31.19534,0.951864,5,0.072998,32.747688,38.740214,31.815817,0.841478,0.290539,0.273514,13.543,cuda
esrgan,ami,090,left,090_left,1,4,192,bicjpeg75,31.843148,0.844232,29.834023,0.945926,5,0.08577,30.129337,38.361075,29.775068,0.804944,0.302242,0.278229,13.549,cuda
esrgan,ami,090,right,090_right,1,4,192,bicjpeg75,33.953104,0.872493,31.517942,0.952535,5,0.076131,32.700014,39.441031,31.980657,0.832893,0.27635,0.24673,13.548,cuda
esrgan,ami,090,up,090_up,1,4,192,bicjpeg75,32.901248,0.859659,30.707535,0.951027,5,0.079341,31.559213,38.669514,31.334592,0.83847,0.263473,0.252772,13.556,cuda
esrgan,ami,090,zoom,090_zoom,1,4,192,bicjpeg75,33.95362,0.884608,31.37889,0.959869,5,0.066462,33.276246,39.136534,32.479116,0.87081,0.215814,0.244284,13.551,cuda
esrgan,ami,091,back,091_back,4,4,192,bicjpeg75,31.618169,0.791404,29.504641,0.936904,5,0.096757,30.812341,38.518388,31.397981,0.793787,0.296195,0.234788,13.55,cuda
esrgan,ami,091,down,091_down,4,4,192,bicjpeg75,31.211432,0.768795,29.221611,0.93208,5,0.103741,30.190484,38.389025,31.59433,0.790798,0.299731,0.254406,13.536,cuda
esrgan,ami,091,front,091_front,4,4,192,bicjpeg75,32.304247,0.790489,30.096092,0.936268,5,0.095895,31.124803,38.723482,32.078626,0.794484,0.319163,0.24623,13.548,cuda
esrgan,ami,091,left,091_left,4,4,192,bicjpeg75,32.595745,0.807058,30.482661,0.940959,5,0.097099,31.821292,39.298645,32.842544,0.828767,0.274688,0.257338,13.535,cuda
esrgan,ami,091,right,091_right,4,4,192,bicjpeg75,33.366504,0.827984,30.972688,0.94435,5,0.08421,32.447193,39.283105,32.543789,0.822549,0.298673,0.263567,13.551,cuda
esrgan,ami,091,up,091_up,4,4,192,bicjpeg75,32.127785,0.791567,30.048339,0.934796,5,0.095616,31.253603,38.195692,31.935371,0.802084,0.32031,0.27017,13.533,cuda
esrgan,ami,091,zoom,091_zoom,4,4,192,bicjpeg75,33.311541,0.820939,30.863188,0.9443,5,0.087229,32.382051,39.21133,33.236283,0.841503,0.2776,0.232359,13.542,cuda
esrgan,ami,092,back,092_back,3,4,192,bicjpeg75,32.543919,0.776985,29.943856,0.927309,5,0.087829,31.788459,38.247302,32.527192,0.813981,0.358533,0.268382,13.557,cuda
esrgan,ami,092,down,092_down,3,4,192,bicjpeg75,32.891969,0.777433,30.425603,0.928403,5,0.08639,32.192472,38.713513,32.823815,0.805655,0.344874,0.277399,13.528,cuda
esrgan,ami,092,front,092_front,3,4,192,bicjpeg75,32.773522,0.784828,30.309201,0.930153,5,0.084329,32.266001,38.473495,33.167999,0.823536,0.331341,0.28651,13.564,cuda
esrgan,ami,092,left,092_left,3,4,192,bicjpeg75,33.901131,0.81369,31.456202,0.936511,5,0.08077,33.13152,39.506688,34.362008,0.842013,0.351896,0.299221,13.541,cuda
esrgan,ami,092,right,092_right,3,4,192,bicjpeg75,32.821322,0.774555,30.278233,0.925864,5,0.084538,32.075618,38.630793,32.918309,0.803533,0.3614,0.295457,13.55,cuda
esrgan,ami,092,up,092_up,3,4,192,bicjpeg75,32.664559,0.782119,30.134401,0.929583,5,0.087139,31.918658,38.560427,32.798319,0.809057,0.345246,0.279596,13.559,cuda
esrgan,ami,092,zoom,092_zoom,3,4,192,bicjpeg75,33.675843,0.821149,30.937519,0.942365,5,0.076291,33.180448,39.036173,33.961328,0.850331,0.31779,0.293294,13.55,cuda
esrgan,ami,093,back,093_back,4,4,192,bicjpeg75,32.868625,0.81543,30.531097,0.936692,5,0.086289,31.720683,38.629332,32.545231,0.825151,0.287694,0.255568,13.542,cuda
esrgan,ami,093,down,093_down,4,4,192,bicjpeg75,34.142936,0.843329,31.572425,0.948367,5,0.070323,33.411053,39.458721,33.688403,0.848256,0.298873,0.269293,13.555,cuda
esrgan,ami,093,front,093_front,4,4,192,bicjpeg75,33.820619,0.839226,31.282508,0.947533,5,0.072682,33.162051,39.183379,33.676392,0.849417,0.291439,0.276569,13.544,cuda
esrgan,ami,093,left,093_left,4,4,192,bicjpeg75,33.760334,0.84734,31.253174,0.947652,5,0.072995,32.912209,39.571937,33.191051,0.851717,0.298777,0.266336,13.549,cuda
esrgan,ami,093,right,093_right,4,4,192,bicjpeg75,34.376893,0.85069,31.504819,0.95036,5,0.068064,33.976817,39.427735,33.554599,0.843624,0.253477,0.270573,13.552,cuda
esrgan,ami,093,up,093_up,4,4,192,bicjpeg75,33.267344,0.821541,30.686835,0.943617,5,0.075336,32.548542,38.733782,33.013179,0.824881,0.265394,0.278181,13.545,cuda
esrgan,ami,093,zoom,093_zoom,4,4,192,bicjpeg75,33.78527,0.841844,31.098106,0.950454,5,0.075075,32.873269,39.250069,34.169694,0.86337,0.285815,0.275219,13.558,cuda
esrgan,ami,094,back,094_back,3,4,192,bicjpeg75,32.19998,0.826,29.828561,0.940633,5,0.086639,31.162482,38.801088,30.911905,0.810152,0.292429,0.261032,13.545,cuda
esrgan,ami,094,down,094_down,3,4,192,bicjpeg75,34.8253,0.864183,32.051314,0.954279,5,0.067116,34.29831,39.801641,33.826369,0.861818,0.260203,0.269558,13.532,cuda
esrgan,ami,094,front,094_front,3,4,192,bicjpeg75,35.469315,0.87772,32.400248,0.95932,5,0.06185,35.290079,40.206707,34.464166,0.867925,0.214639,0.263441,13.529,cuda
esrgan,ami,094,left,094_left,3,4,192,bicjpeg75,34.744905,0.862332,32.072037,0.955425,5,0.06659,34.348009,39.982255,33.711096,0.853398,0.247574,0.266986,13.527,cuda
esrgan,ami,094,right,094_right,3,4,192,bicjpeg75,33.903866,0.83964,31.177115,0.946391,5,0.076164,33.253369,39.383529,33.045164,0.837089,0.255119,0.275852,13.565,cuda
esrgan,ami,094,up,094_up,3,4,192,bicjpeg75,34.475839,0.86056,31.590813,0.950124,5,0.075172,33.860566,39.378365,34.288153,0.861935,0.258545,0.26111,13.58,cuda
esrgan,ami,094,zoom,094_zoom,3,4,192,bicjpeg75,34.053067,0.847619,31.287885,0.951334,5,0.071999,33.59756,39.52092,33.646084,0.847176,0.246778,0.269116,13.556,cuda
esrgan,ami,095,back,095_back,3,4,192,bicjpeg75,34.766745,0.865911,32.18507,0.954515,5,0.066901,34.246942,39.52622,33.625069,0.853802,0.266351,0.262306,13.556,cuda
esrgan,ami,095,down,095_down,3,4,192,bicjpeg75,33.769764,0.836892,31.488348,0.944873,5,0.076718,32.938872,39.281145,32.451182,0.816062,0.32734,0.260689,13.535,cuda
esrgan,ami,095,front,095_front,3,4,192,bicjpeg75,33.73205,0.840351,31.446387,0.948492,5,0.076683,32.990131,39.291748,32.492638,0.824287,0.276515,0.270263,13.54,cuda
esrgan,ami,095,left,095_left,3,4,192,bicjpeg75,34.448718,0.851265,32.06832,0.950441,5,0.073587,33.769192,39.557107,33.45345,0.844952,0.297792,0.280563,13.534,cuda
esrgan,ami,095,right,095_right,3,4,192,bicjpeg75,34.071478,0.865906,31.480812,0.957827,5,0.071308,33.010896,39.510524,32.839898,0.84994,0.26807,0.273995,13.564,cuda
esrgan,ami,095,up,095_up,3,4,192,bicjpeg75,33.089271,0.818887,30.757701,0.943806,5,0.079639,32.045151,39.074965,32.24058,0.810041,0.320938,0.272951,13.544,cuda
esrgan,ami,095,zoom,095_zoom,3,4,192,bicjpeg75,34.38522,0.852912,31.92553,0.950796,5,0.071503,33.633301,39.244365,33.7444,0.854424,0.282855,0.265484,13.531,cuda
esrgan,ami,096,back,096_back,5,4,192,bicjpeg75,32.359783,0.808516,29.820832,0.941303,5,0.078127,31.388038,38.563823,33.300813,0.828026,0.264955,0.273437,13.551,cuda
esrgan,ami,096,down,096_down,5,4,192,bicjpeg75,31.719273,0.825104,29.307377,0.94628,5,0.078327,30.511699,38.703574,32.005636,0.829087,0.292469,0.292999,13.552,cuda
esrgan,ami,096,front,096_front,5,4,192,bicjpeg75,32.146252,0.818011,29.624937,0.94275,5,0.081622,31.275014,38.784567,32.665384,0.815083,0.260303,0.275787,13.558,cuda
esrgan,ami,096,left,096_left,5,4,192,bicjpeg75,33.579601,0.827234,30.859838,0.945617,5,0.071591,32.834097,39.29422,32.975637,0.820384,0.284865,0.277581,13.55,cuda
esrgan,ami,096,right,096_right,5,4,192,bicjpeg75,33.032972,0.812931,30.336455,0.941205,5,0.079919,32.364282,38.812438,32.560771,0.811171,0.264977,0.249818,13.556,cuda
esrgan,ami,096,up,096_up,5,4,192,bicjpeg75,31.216409,0.794576,28.899407,0.935886,5,0.091195,30.041613,37.783583,32.859412,0.810401,0.307327,0.252844,13.538,cuda
esrgan,ami,096,zoom,096_zoom,5,4,192,bicjpeg75,33.020195,0.825937,30.223885,0.94687,5,0.076906,32.269416,38.838814,33.257909,0.830207,0.269705,0.257846,13.535,cuda
esrgan,ami,097,back,097_back,4,4,192,bicjpeg75,34.562834,0.850352,31.971157,0.946353,5,0.07071,34.215125,39.524181,33.470812,0.837626,0.292349,0.26409,13.55,cuda
esrgan,ami,097,down,097_down,4,4,192,bicjpeg75,34.15427,0.848265,31.787984,0.948597,5,0.071856,33.396859,39.597543,32.823078,0.824241,0.326816,0.281347,13.538,cuda
esrgan,ami,097,front,097_front,4,4,192,bicjpeg75,34.013432,0.842647,31.603725,0.947572,5,0.073728,33.237286,39.287848,33.014638,0.828544,0.322579,0.27444,13.55,cuda
esrgan,ami,097,left,097_left,4,4,192,bicjpeg75,34.161254,0.852781,31.865039,0.95089,5,0.078055,33.255524,39.824229,34.104553,0.859459,0.30391,0.272684,13.537,cuda
esrgan,ami,097,right,097_right,4,4,192,bicjpeg75,33.92912,0.846778,31.398038,0.94889,5,0.076062,33.098436,39.500532,32.685024,0.829723,0.259902,0.264142,13.538,cuda
esrgan,ami,097,up,097_up,4,4,192,bicjpeg75,34.080374,0.847592,31.777755,0.949163,5,0.07403,33.212987,39.621911,33.216287,0.835049,0.287913,0.276055,13.559,cuda
esrgan,ami,097,zoom,097_zoom,4,4,192,bicjpeg75,34.281286,0.848721,31.644291,0.952171,5,0.070366,33.393567,39.685165,33.349263,0.84168,0.276497,0.265331,13.554,cuda
esrgan,ami,098,back,098_back,2,4,192,bicjpeg75,34.503935,0.855434,31.716369,0.948813,5,0.076599,33.722316,39.762628,33.247227,0.831623,0.267262,0.257055,13.528,cuda
esrgan,ami,098,down,098_down,2,4,192,bicjpeg75,34.990693,0.862441,32.26616,0.95115,5,0.072953,34.604881,40.00184,33.912048,0.851327,0.314936,0.244949,13.549,cuda
esrgan,ami,098,front,098_front,2,4,192,bicjpeg75,35.158369,0.868987,32.278813,0.952313,5,0.069858,34.577721,40.117343,34.109219,0.856875,0.302372,0.257885,13.552,cuda
esrgan,ami,098,left,098_left,2,4,192,bicjpeg75,35.820181,0.879203,33.055986,0.956373,5,0.061694,35.238118,40.729807,34.795707,0.86621,0.311922,0.274511,13.537,cuda
esrgan,ami,098,right,098_right,2,4,192,bicjpeg75,34.613734,0.863052,31.783929,0.953302,5,0.070568,33.822992,39.821038,33.563071,0.842256,0.257285,0.252694,13.533,cuda
esrgan,ami,098,up,098_up,2,4,192,bicjpeg75,34.050478,0.836713,31.410331,0.943372,5,0.076701,33.382914,39.099757,33.310366,0.833764,0.346287,0.290859,13.546,cuda
esrgan,ami,098,zoom,098_zoom,2,4,192,bicjpeg75,35.30482,0.86737,32.166177,0.954861,5,0.069291,34.78395,40.355619,34.175913,0.850444,0.290815,0.276897,13.539,cuda
esrgan,ami,099,back,099_back,1,4,192,bicjpeg75,33.780695,0.83193,31.167187,0.947514,5,0.073181,33.194057,39.520051,32.709065,0.822331,0.270595,0.275211,13.526,cuda
esrgan,ami,099,down,099_down,1,4,192,bicjpeg75,34.615089,0.852804,31.866364,0.951937,5,0.069045,34.137844,39.756044,33.791105,0.853688,0.2561,0.263834,13.535,cuda
esrgan,ami,099,front,099_front,1,4,192,bicjpeg75,33.590308,0.825691,30.996854,0.943957,5,0.07743,33.039592,38.865214,33.04748,0.828235,0.281364,0.27389,13.558,cuda
esrgan,ami,099,left,099_left,1,4,192,bicjpeg75,34.208504,0.839889,31.664407,0.95033,5,0.07137,33.759995,39.596293,33.718256,0.84116,0.255891,0.266436,13.55,cuda
esrgan,ami,099,right,099_right,1,4,192,bicjpeg75,33.955508,0.835469,31.26071,0.945872,5,0.076219,33.236436,39.445638,33.108385,0.836893,0.254709,0.279414,13.573,cuda
esrgan,ami,099,up,099_up,1,4,192,bicjpeg75,34.20963,0.838366,31.523412,0.947441,5,0.06887,33.664599,39.39607,33.701001,0.843639,0.253939,0.263916,13.532,cuda
esrgan,ami,099,zoom,099_zoom,1,4,192,bicjpeg75,34.541484,0.857594,31.872152,0.952307,5,0.070232,34.11005,39.404141,34.222035,0.864777,0.248855,0.261607,13.533,cuda
esrgan,ami,100,back,100_back,1,4,192,bicjpeg75,33.614739,0.800795,30.913743,0.929968,5,0.078115,32.889149,39.34212,32.85878,0.800011,0.333926,0.294188,13.534,cuda
esrgan,ami,100,down,100_down,1,4,192,bicjpeg75,32.932852,0.787226,30.520116,0.930422,5,0.087796,32.174414,39.205061,32.347143,0.800887,0.337662,0.300902,13.54,cuda
esrgan,ami,100,front,100_front,1,4,192,bicjpeg75,33.216564,0.795349,30.649301,0.932246,5,0.079588,32.467778,39.217631,32.567266,0.797463,0.335453,0.294567,13.548,cuda
esrgan,ami,100,left,100_left,1,4,192,bicjpeg75,33.820141,0.805081,31.403434,0.934102,5,0.076287,33.243635,39.66661,33.095385,0.796688,0.353192,0.299023,13.537,cuda
esrgan,ami,100,right,100_right,1,4,192,bicjpeg75,33.075752,0.78132,30.52511,0.927893,5,0.082041,32.219388,38.985008,32.665547,0.790577,0.331365,0.290225,13.548,cuda
esrgan,ami,100,up,100_up,1,4,192,bicjpeg75,32.946204,0.778807,30.489879,0.924488,5,0.082742,32.342224,38.713439,32.496358,0.780513,0.359608,0.285112,13.542,cuda
esrgan,ami,100,zoom,100_zoom,1,4,192,bicjpeg75,32.961397,0.794263,30.420892,0.935043,5,0.081589,32.16856,38.97246,33.449341,0.822045,0.328744,0.288125,13.537,cuda
esrgan,ami,101,back,101_back,1,4,192,bicjpeg75,33.620822,0.831124,30.973461,0.942829,5,0.07565,32.89895,39.109658,32.52286,0.820367,0.296612,0.253959,13.553,cuda
esrgan,ami,101,down,101_down,1,4,192,bicjpeg75,34.287966,0.850134,31.753641,0.948387,5,0.07315,33.551749,39.755265,33.430486,0.845127,0.305061,0.26414,13.541,cuda
esrgan,ami,101,front,101_front,1,4,192,bicjpeg75,34.872542,0.860084,32.159965,0.949276,5,0.069148,34.555447,39.692516,33.914013,0.85256,0.297377,0.275872,13.536,cuda
esrgan,ami,101,left,101_left,1,4,192,bicjpeg75,34.599066,0.856,32.138046,0.948843,5,0.07103,33.678054,39.915073,33.569641,0.846909,0.309497,0.272724,13.538,cuda
esrgan,ami,101,right,101_right,1,4,192,bicjpeg75,33.974364,0.840874,31.384087,0.946624,5,0.079314,33.275287,39.253517,33.08383,0.829562,0.27583,0.268748,13.546,cuda
esrgan,ami,101,up,101_up,1,4,192,bicjpeg75,33.722899,0.832312,31.227915,0.943727,5,0.075735,33.098718,39.106098,33.176175,0.836435,0.313149,0.258983,13.543,cuda
esrgan,ami,101,zoom,101_zoom,1,4,192,bicjpeg75,34.657999,0.855166,31.781808,0.951886,5,0.069071,34.453863,39.626134,33.893116,0.852798,0.278174,0.241778,13.525,cuda
esrgan,ami,102,back,102_back,1,4,192,bicjpeg75,33.729075,0.820162,31.020868,0.943258,5,0.073718,33.30999,39.122182,33.135309,0.831949,0.320492,0.270798,13.551,cuda
esrgan,ami,102,down,102_down,1,4,192,bicjpeg75,32.790919,0.793949,30.465337,0.938222,5,0.083486,32.160066,38.605884,33.231972,0.833324,0.352141,0.298274,13.551,cuda
esrgan,ami,102,front,102_front,1,4,192,bicjpeg75,33.162263,0.804071,30.781156,0.94014,5,0.080183,32.672203,38.758151,33.27347,0.82883,0.280752,0.260649,13.547,cuda
esrgan,ami,102,left,102_left,1,4,192,bicjpeg75,33.626377,0.810744,31.191379,0.941105,5,0.078072,33.110648,39.081399,33.812003,0.833355,0.326997,0.276094,13.537,cuda
esrgan,ami,102,right,102_right,1,4,192,bicjpeg75,32.687167,0.79388,30.298638,0.935653,5,0.083789,31.926427,38.400654,32.164644,0.806102,0.296868,0.267229,13.539,cuda
esrgan,ami,102,up,102_up,1,4,192,bicjpeg75,32.284128,0.778424,30.018234,0.932353,5,0.090747,31.340191,38.389452,32.587171,0.809226,0.322559,0.305423,13.54,cuda
esrgan,ami,102,zoom,102_zoom,1,4,192,bicjpeg75,33.707301,0.826671,31.163112,0.946838,5,0.074416,33.070177,39.263053,33.96934,0.850763,0.316253,0.294298,13.546,cuda
esrgan,ami,103,back,103_back,2,4,192,bicjpeg75,34.232636,0.846653,31.478468,0.946408,5,0.079241,33.654882,39.323682,32.981131,0.824793,0.265001,0.242762,13.551,cuda
esrgan,ami,103,down,103_down,2,4,192,bicjpeg75,35.39641,0.878137,32.543593,0.957537,5,0.06575,34.90442,40.088624,34.172839,0.864935,0.260351,0.262902,13.544,cuda
esrgan,ami,103,front,103_front,2,4,192,bicjpeg75,34.71899,0.864385,31.829801,0.95346,5,0.069749,34.177835,39.407979,33.581351,0.853347,0.273758,0.281451,13.545,cuda
esrgan,ami,103,left,103_left,2,4,192,bicjpeg75,36.099168,0.889236,33.119716,0.958664,5,0.06073,36.075239,40.394188,34.643979,0.866871,0.283709,0.246045,13.559,cuda
esrgan,ami,103,right,103_right,2,4,192,bicjpeg75,35.137907,0.876781,32.191883,0.956428,5,0.065498,34.755492,39.775111,34.05505,0.862637,0.274576,0.251094,13.542,cuda
esrgan,ami,103,up,103_up,2,4,192,bicjpeg75,33.975355,0.852223,31.281268,0.951522,5,0.075938,32.896742,39.260273,33.975256,0.852416,0.294278,0.262763,13.543,cuda
esrgan,ami,103,zoom,103_zoom,2,4,192,bicjpeg75,34.833478,0.872498,31.787529,0.958595,5,0.066162,34.114186,39.762597,33.573108,0.855346,0.229842,0.244132,13.55,cuda
esrgan,ami,104,back,104_back,4,4,192,bicjpeg75,31.976763,0.844812,29.691066,0.943286,5,0.080049,31.192145,38.479078,30.156227,0.825703,0.304219,0.269475,13.546,cuda
esrgan,ami,104,down,104_down,4,4,192,bicjpeg75,32.728571,0.835955,30.242118,0.941662,5,0.077866,31.789777,39.051617,31.326946,0.827799,0.297395,0.268336,13.545,cuda
esrgan,ami,104,front,104_front,4,4,192,bicjpeg75,33.490122,0.847211,31.041205,0.945351,5,0.079562,32.478346,39.104946,32.1903,0.831135,0.299968,0.278045,13.576,cuda
esrgan,ami,104,left,104_left,4,4,192,bicjpeg75,32.876618,0.835322,30.611728,0.942291,5,0.079855,32.028175,39.036935,31.439051,0.808055,0.307111,0.282361,13.552,cuda
esrgan,ami,104,right,104_right,4,4,192,bicjpeg75,32.354858,0.840507,29.886225,0.941746,5,0.080861,31.12987,38.653843,30.56033,0.816724,0.304738,0.275251,13.545,cuda
esrgan,ami,104,up,104_up,4,4,192,bicjpeg75,33.04772,0.830407,30.597016,0.93971,5,0.081997,32.002345,38.556917,32.119548,0.818667,0.315997,0.276225,13.545,cuda
esrgan,ami,104,zoom,104_zoom,4,4,192,bicjpeg75,32.427461,0.829092,30.050108,0.941062,5,0.086163,31.148483,38.810852,30.917622,0.813285,0.31605,0.273272,13.534,cuda
esrgan,ami,105,back,105_back,5,4,192,bicjpeg75,33.897646,0.829716,30.970433,0.942556,5,0.079293,33.373847,39.20729,32.815145,0.809764,0.291314,0.265987,13.549,cuda
esrgan,ami,105,down,105_down,5,4,192,bicjpeg75,33.993512,0.839216,30.996419,0.94817,5,0.073693,33.205661,39.340724,32.903334,0.834966,0.284327,0.239877,13.545,cuda
esrgan,ami,105,front,105_front,5,4,192,bicjpeg75,33.137712,0.817344,30.372438,0.941725,5,0.078265,32.384828,38.854539,32.300362,0.8116,0.297338,0.263533,13.549,cuda
esrgan,ami,105,left,105_left,5,4,192,bicjpeg75,34.046335,0.838233,31.042284,0.946871,5,0.073888,33.44701,39.560682,32.79261,0.825511,0.267471,0.272931,13.546,cuda
esrgan,ami,105,right,105_right,5,4,192,bicjpeg75,32.857179,0.815499,30.229568,0.940852,5,0.085714,31.881583,38.810292,32.013259,0.797079,0.296701,0.245659,13.543,cuda
esrgan,ami,105,up,105_up,5,4,192,bicjpeg75,32.216732,0.803486,29.64903,0.937226,5,0.084554,30.791243,38.465173,32.366217,0.801803,0.328426,0.250262,13.543,cuda
esrgan,ami,105,zoom,105_zoom,5,4,192,bicjpeg75,33.685487,0.829221,30.718005,0.947788,5,0.072171,33.087548,39.223131,33.116985,0.832236,0.257835,0.245793,13.557,cuda
esrgan,ami,106,back,106_back,3,4,192,bicjpeg75,32.765856,0.785987,30.409035,0.924678,5,0.093723,31.896319,38.597707,33.210882,0.824074,0.377515,0.28604,13.548,cuda
esrgan,ami,106,down,106_down,3,4,192,bicjpeg75,32.752734,0.797354,30.454856,0.935138,5,0.082077,31.966246,38.823496,33.393502,0.841534,0.361215,0.303942,13.533,cuda
esrgan,ami,106,front,106_front,3,4,192,bicjpeg75,32.934898,0.796096,30.558746,0.933699,5,0.08311,32.092624,38.889594,33.416121,0.837098,0.369131,0.295719,13.546,cuda
esrgan,ami,106,left,106_left,3,4,192,bicjpeg75,32.786835,0.799712,30.577816,0.934082,5,0.087116,32.191167,39.162656,33.22964,0.831217,0.359777,0.31262,13.549,cuda
esrgan,ami,106,right,106_right,3,4,192,bicjpeg75,32.623278,0.777134,30.258175,0.925218,5,0.086707,31.873845,39.023892,32.759554,0.800226,0.362515,0.286766,13.544,cuda
esrgan,ami,106,up,106_up,3,4,192,bicjpeg75,33.506382,0.805234,31.000021,0.938562,5,0.07755,32.52728,39.559415,33.659053,0.831478,0.380273,0.291219,13.534,cuda
esrgan,ami,106,zoom,106_zoom,3,4,192,bicjpeg75,33.43033,0.819283,30.934368,0.941917,5,0.083195,32.828358,39.195679,33.626251,0.844907,0.33404,0.285267,13.542,cuda
