model,dataset,subject,view,key,fold,scale,tier,degrade,psnr_y,ssim_y,psnr_rgb,ms_ssim_y,ms_ssim_scales,gmsd,grad_psnr,lr_psnr_y,psnr_y_c,ssim_y_c,lpips,dists,host_ms,device
pds26,ami,000,back,000_back,3,4,144,bicjpeg85,32.090061,0.779917,29.658051,0.931035,4,0.084604,30.714367,39.382849,31.943101,0.825102,0.38063,0.317629,0.7,cuda
pds26,ami,000,down,000_down,3,4,144,bicjpeg85,31.648584,0.77848,29.194914,0.93825,4,0.07915,30.399299,38.912632,31.932449,0.838882,0.433365,0.340406,0.654,cuda
pds26,ami,000,front,000_front,3,4,144,bicjpeg85,31.497689,0.771002,29.027916,0.935468,4,0.082487,30.272742,39.000258,32.02515,0.847196,0.413999,0.312204,0.684,cuda
pds26,ami,000,left,000_left,3,4,144,bicjpeg85,32.14062,0.789804,29.809544,0.940417,4,0.0824,30.72547,39.65888,32.43177,0.849179,0.390142,0.326283,0.685,cuda
pds26,ami,000,right,000_right,3,4,144,bicjpeg85,31.427463,0.762633,28.984114,0.931907,4,0.086972,29.998967,38.848334,31.773382,0.84016,0.408836,0.331094,0.677,cuda
pds26,ami,000,up,000_up,3,4,144,bicjpeg85,31.444128,0.766947,28.978454,0.933806,4,0.084918,30.192676,38.924018,32.070055,0.836852,0.41999,0.32502,0.686,cuda
pds26,ami,000,zoom,000_zoom,3,4,144,bicjpeg85,33.211247,0.851574,30.167853,0.958294,4,0.066586,32.054537,39.684604,34.078682,0.880551,0.401253,0.336067,0.668,cuda
pds26,ami,001,back,001_back,1,4,144,bicjpeg85,34.092127,0.833877,31.478215,0.943814,4,0.075256,32.837013,40.459705,33.543566,0.856028,0.39371,0.322823,0.658,cuda
pds26,ami,001,down,001_down,1,4,144,bicjpeg85,35.191926,0.866771,32.464983,0.955462,4,0.062935,33.846396,41.274697,34.273522,0.872955,0.337557,0.31373,0.671,cuda
pds26,ami,001,front,001_front,1,4,144,bicjpeg85,35.552724,0.871756,32.664549,0.953673,4,0.063714,34.530073,41.153583,34.411005,0.868871,0.340712,0.316348,0.667,cuda
pds26,ami,001,left,001_left,1,4,144,bicjpeg85,35.597546,0.877916,33.01246,0.952733,4,0.059404,34.571299,41.223436,33.975477,0.869499,0.329979,0.324076,0.672,cuda
pds26,ami,001,right,001_right,1,4,144,bicjpeg85,34.865657,0.865856,32.05194,0.954641,4,0.062316,33.488502,40.98256,33.258413,0.849886,0.321312,0.315431,0.708,cuda
pds26,ami,001,up,001_up,1,4,144,bicjpeg85,34.275543,0.844049,31.753466,0.948926,4,0.067971,33.082665,40.389113,33.920826,0.862719,0.363089,0.317138,0.679,cuda
pds26,ami,001,zoom,001_zoom,1,4,144,bicjpeg85,35.604422,0.875143,32.671908,0.957099,4,0.058147,34.538126,41.175155,35.356354,0.891105,0.319314,0.29469,0.679,cuda
pds26,ami,002,back,002_back,1,4,144,bicjpeg85,33.876462,0.815031,31.096846,0.941992,4,0.067389,32.798912,40.211327,33.442988,0.845236,0.393615,0.309872,0.691,cuda
pds26,ami,002,down,002_down,1,4,144,bicjpeg85,34.408081,0.837613,31.400231,0.949128,4,0.066694,33.161565,40.701408,33.873733,0.860693,0.344436,0.310736,0.681,cuda
pds26,ami,002,front,002_front,1,4,144,bicjpeg85,33.819259,0.820274,31.051371,0.943492,4,0.06833,32.4906,40.28614,33.176528,0.835497,0.395246,0.329263,0.664,cuda
pds26,ami,002,left,002_left,1,4,144,bicjpeg85,34.374483,0.83077,31.524118,0.943157,4,0.067356,33.160855,40.45411,33.798935,0.848434,0.361975,0.328361,0.692,cuda
pds26,ami,002,right,002_right,1,4,144,bicjpeg85,34.459738,0.848427,31.306303,0.950298,4,0.068296,33.314694,40.30612,33.481737,0.843318,0.349293,0.314818,0.683,cuda
pds26,ami,002,up,002_up,1,4,144,bicjpeg85,34.262618,0.829705,31.415144,0.942534,4,0.068368,33.127518,40.339671,33.92008,0.85061,0.360094,0.299067,0.666,cuda
pds26,ami,002,zoom,002_zoom,1,4,144,bicjpeg85,34.712268,0.845496,31.661873,0.948713,4,0.062165,33.798004,40.583001,34.828867,0.871046,0.357101,0.315411,0.706,cuda
pds26,ami,003,back,003_back,5,4,144,bicjpeg85,34.159315,0.82757,31.129062,0.944397,4,0.066993,33.058939,40.336134,33.505134,0.840467,0.377506,0.260194,0.657,cuda
pds26,ami,003,down,003_down,5,4,144,bicjpeg85,34.012768,0.829284,31.200076,0.944266,4,0.067031,32.899204,40.271879,33.236993,0.839244,0.411931,0.316342,0.693,cuda
pds26,ami,003,front,003_front,5,4,144,bicjpeg85,33.63772,0.81615,30.898363,0.938266,4,0.074329,32.707397,40.030331,32.789816,0.824369,0.379776,0.312707,0.687,cuda
pds26,ami,003,left,003_left,5,4,144,bicjpeg85,34.591918,0.844856,31.6888,0.947247,4,0.063929,33.798938,40.578838,33.951066,0.853896,0.376054,0.322721,0.667,cuda
pds26,ami,003,right,003_right,5,4,144,bicjpeg85,34.403226,0.847544,31.218644,0.952998,4,0.062682,33.182994,40.740993,33.448225,0.843389,0.372993,0.2851,0.671,cuda
pds26,ami,003,up,003_up,5,4,144,bicjpeg85,33.504042,0.817427,30.849628,0.939092,4,0.070072,32.472473,39.960813,32.820549,0.822166,0.360279,0.302158,0.653,cuda
pds26,ami,003,zoom,003_zoom,5,4,144,bicjpeg85,34.403197,0.842144,31.321975,0.948728,4,0.066213,33.402292,40.537828,34.642997,0.868038,0.368689,0.302801,0.69,cuda
pds26,ami,004,back,004_back,5,4,144,bicjpeg85,33.844171,0.839666,31.367055,0.943582,4,0.074136,32.252158,40.048865,32.698071,0.835168,0.299698,0.321406,0.67,cuda
pds26,ami,004,down,004_down,5,4,144,bicjpeg85,33.400377,0.823062,30.99407,0.9436,4,0.075266,31.782826,40.159425,32.458755,0.84412,0.299713,0.291949,0.682,cuda
pds26,ami,004,front,004_front,5,4,144,bicjpeg85,33.288111,0.824018,30.915433,0.943631,4,0.078966,31.890137,39.712804,32.330726,0.831296,0.293308,0.315824,0.668,cuda
pds26,ami,004,left,004_left,5,4,144,bicjpeg85,34.46385,0.848566,31.849932,0.950205,4,0.072146,33.17747,40.648365,33.468633,0.85111,0.290935,0.324187,0.699,cuda
pds26,ami,004,right,004_right,5,4,144,bicjpeg85,33.840526,0.839964,31.296768,0.946585,4,0.071362,32.45948,39.896043,32.731978,0.846719,0.316342,0.314966,0.663,cuda
pds26,ami,004,up,004_up,5,4,144,bicjpeg85,33.582282,0.828987,31.169892,0.943984,4,0.07284,32.127244,39.863462,32.833943,0.83729,0.323434,0.345332,0.67,cuda
pds26,ami,004,zoom,004_zoom,5,4,144,bicjpeg85,33.782454,0.841373,31.277667,0.948425,4,0.075547,32.528827,39.822426,33.302203,0.857352,0.310287,0.302564,0.657,cuda
pds26,ami,005,back,005_back,4,4,144,bicjpeg85,31.951931,0.804349,29.416533,0.930829,4,0.089398,29.855196,39.707534,31.592733,0.826164,0.407234,0.295092,0.667,cuda
pds26,ami,005,down,005_down,4,4,144,bicjpeg85,33.482784,0.812204,31.199604,0.934698,4,0.078977,32.08958,40.172242,32.893736,0.826024,0.420452,0.285276,0.676,cuda
pds26,ami,005,front,005_front,4,4,144,bicjpeg85,33.79243,0.829864,31.327716,0.938654,4,0.072065,32.387114,40.383077,33.290019,0.842388,0.409147,0.317938,0.654,cuda
pds26,ami,005,left,005_left,4,4,144,bicjpeg85,34.643124,0.843627,32.043767,0.946691,4,0.064829,33.550018,40.962623,34.168278,0.864473,0.415315,0.319041,0.703,cuda
pds26,ami,005,right,005_right,4,4,144,bicjpeg85,33.960604,0.844485,30.976787,0.94579,4,0.063657,32.828981,40.1076,33.691282,0.855637,0.389253,0.289368,0.68,cuda
pds26,ami,005,up,005_up,4,4,144,bicjpeg85,32.92468,0.8154,30.660684,0.937978,4,0.072631,31.567075,39.813801,33.312038,0.847851,0.379729,0.29653,0.675,cuda
pds26,ami,005,zoom,005_zoom,4,4,144,bicjpeg85,34.181493,0.844337,31.626197,0.946473,4,0.072901,32.872097,40.73576,35.020878,0.876142,0.375287,0.308024,0.683,cuda
pds26,ami,007,back,007_back,5,4,144,bicjpeg85,34.061436,0.836907,31.665108,0.942093,4,0.074693,33.019477,39.865205,33.458991,0.844577,0.333103,0.318561,0.683,cuda
pds26,ami,007,down,007_down,5,4,144,bicjpeg85,33.844971,0.834793,31.665392,0.946962,4,0.070785,32.582103,40.323584,34.307402,0.867606,0.351437,0.300056,0.68,cuda
pds26,ami,007,front,007_front,5,4,144,bicjpeg85,34.049578,0.839985,31.838518,0.945837,4,0.074708,32.608701,40.63764,33.934933,0.867288,0.343961,0.308902,0.668,cuda
pds26,ami,007,left,007_left,5,4,144,bicjpeg85,34.58836,0.844818,32.355122,0.945086,4,0.070776,33.277177,41.236247,34.935773,0.868916,0.372699,0.336227,0.673,cuda
pds26,ami,007,right,007_right,5,4,144,bicjpeg85,34.4514,0.862807,31.817385,0.956227,4,0.062892,32.96091,40.692669,34.433119,0.869124,0.338729,0.285847,0.687,cuda
pds26,ami,007,up,007_up,5,4,144,bicjpeg85,33.73421,0.835316,31.533917,0.944873,4,0.076458,32.285746,40.744491,33.775311,0.860369,0.328934,0.317082,0.68,cuda
pds26,ami,007,zoom,007_zoom,5,4,144,bicjpeg85,34.732803,0.864214,32.210829,0.956078,4,0.068912,33.34234,41.140146,34.92031,0.874123,0.352352,0.322059,0.691,cuda
pds26,ami,008,back,008_back,5,4,144,bicjpeg85,34.637632,0.862396,32.022117,0.95242,4,0.062099,33.541383,40.793993,33.607627,0.861237,0.326671,0.3125,0.701,cuda
pds26,ami,008,down,008_down,5,4,144,bicjpeg85,33.887053,0.848684,31.669482,0.951275,4,0.066572,32.900578,40.388221,33.492234,0.864833,0.336777,0.318332,0.703,cuda
pds26,ami,008,front,008_front,5,4,144,bicjpeg85,32.954722,0.834444,30.804454,0.947127,4,0.075107,31.754256,39.848171,32.615802,0.848248,0.33417,0.345882,0.676,cuda
pds26,ami,008,left,008_left,5,4,144,bicjpeg85,34.276797,0.851468,31.914426,0.950533,4,0.065593,33.354196,40.597726,33.509154,0.856573,0.34147,0.355731,0.666,cuda
pds26,ami,008,right,008_right,5,4,144,bicjpeg85,33.389156,0.840348,31.126569,0.948952,4,0.071773,32.327659,39.988544,33.069163,0.860654,0.295501,0.33745,0.69,cuda
pds26,ami,008,up,008_up,5,4,144,bicjpeg85,33.26416,0.839989,31.121404,0.949226,4,0.07164,32.206584,40.092182,33.151775,0.862554,0.300221,0.312608,0.672,cuda
pds26,ami,008,zoom,008_zoom,5,4,144,bicjpeg85,34.00882,0.857558,31.689172,0.955636,4,0.066142,32.897267,40.495324,34.40604,0.8743,0.321253,0.314056,0.667,cuda
pds26,ami,009,back,009_back,4,4,144,bicjpeg85,33.533804,0.860707,30.957937,0.951024,4,0.065365,31.651725,40.175808,34.378941,0.862687,0.326389,0.283884,0.709,cuda
pds26,ami,009,down,009_down,4,4,144,bicjpeg85,34.24408,0.859628,31.353362,0.954468,4,0.066446,33.211257,40.285801,34.225002,0.868112,0.335523,0.287415,0.668,cuda
pds26,ami,009,front,009_front,4,4,144,bicjpeg85,33.102219,0.85157,30.343637,0.952977,4,0.065844,31.143904,40.153574,33.777724,0.868036,0.337181,0.296862,0.691,cuda
pds26,ami,009,left,009_left,4,4,144,bicjpeg85,34.696791,0.861849,31.690402,0.952377,4,0.063228,33.819195,40.644177,34.591492,0.87505,0.380589,0.301834,0.66,cuda
pds26,ami,009,right,009_right,4,4,144,bicjpeg85,34.229749,0.860217,31.138976,0.956232,4,0.065826,32.918655,40.406322,33.868359,0.861457,0.349516,0.274352,0.673,cuda
pds26,ami,009,up,009_up,4,4,144,bicjpeg85,32.546784,0.823658,29.923653,0.944964,4,0.072787,31.373422,39.437048,32.95707,0.83798,0.341938,0.276254,0.662,cuda
pds26,ami,009,zoom,009_zoom,4,4,144,bicjpeg85,34.550439,0.872452,31.42021,0.958108,4,0.060548,33.423431,40.532531,34.907177,0.878582,0.339979,0.286355,0.702,cuda
pds26,ami,010,back,010_back,2,4,144,bicjpeg85,34.059276,0.820609,31.415181,0.941959,4,0.069477,32.92303,40.306926,33.762001,0.845223,0.414892,0.311301,0.664,cuda
pds26,ami,010,down,010_down,2,4,144,bicjpeg85,34.029857,0.832631,31.290873,0.947725,4,0.068671,33.02426,40.15718,33.744478,0.86002,0.401826,0.320758,0.675,cuda
pds26,ami,010,front,010_front,2,4,144,bicjpeg85,33.495641,0.8235,30.891889,0.946539,4,0.067221,31.957252,40.402795,33.475141,0.854116,0.398507,0.305567,0.679,cuda
pds26,ami,010,left,010_left,2,4,144,bicjpeg85,34.122036,0.837439,31.365606,0.949683,4,0.063172,33.167572,40.434218,34.261706,0.872842,0.374359,0.315299,0.685,cuda
pds26,ami,010,right,010_right,2,4,144,bicjpeg85,33.953858,0.8339,31.180188,0.948032,4,0.065455,32.750651,40.270739,33.591313,0.860205,0.431455,0.324333,0.672,cuda
pds26,ami,010,up,010_up,2,4,144,bicjpeg85,34.043483,0.839094,31.265935,0.950284,4,0.061039,32.867546,40.32481,34.14033,0.87035,0.402597,0.311314,0.671,cuda
pds26,ami,010,zoom,010_zoom,2,4,144,bicjpeg85,34.413029,0.84593,31.464159,0.951426,4,0.06264,33.429071,40.366947,34.5432,0.871675,0.404471,0.312069,0.675,cuda
pds26,ami,011,back,011_back,5,4,144,bicjpeg85,34.304967,0.860205,31.429859,0.953207,4,0.066531,33.385237,39.999032,34.018348,0.875219,0.356683,0.311207,0.689,cuda
pds26,ami,011,down,011_down,5,4,144,bicjpeg85,33.540364,0.83912,30.839122,0.951022,4,0.071461,32.565794,39.732661,34.011792,0.879474,0.372414,0.306818,0.673,cuda
pds26,ami,011,front,011_front,5,4,144,bicjpeg85,33.304436,0.834909,30.681213,0.949931,4,0.069851,32.335051,39.565276,33.810156,0.873714,0.385286,0.314944,0.657,cuda
pds26,ami,011,left,011_left,5,4,144,bicjpeg85,33.926213,0.83406,31.426151,0.948373,4,0.066354,32.865074,40.076026,34.254589,0.870633,0.36674,0.306539,0.687,cuda
pds26,ami,011,right,011_right,5,4,144,bicjpeg85,33.68458,0.840374,31.009267,0.945888,4,0.067154,32.684277,39.577667,33.715442,0.867257,0.386809,0.334703,0.657,cuda
pds26,ami,011,up,011_up,5,4,144,bicjpeg85,33.401494,0.836563,30.702872,0.949424,4,0.07195,32.181066,39.695073,33.855049,0.86687,0.391903,0.301371,0.68,cuda
pds26,ami,011,zoom,011_zoom,5,4,144,bicjpeg85,34.20667,0.86447,31.341528,0.956725,4,0.067202,33.310463,39.851109,34.359975,0.880128,0.401699,0.292105,0.702,cuda
pds26,ami,012,back,012_back,3,4,144,bicjpeg85,36.083438,0.897563,32.688593,0.962246,4,0.055981,34.897135,41.479327,34.020768,0.869383,0.266534,0.277727,0.686,cuda
pds26,ami,012,down,012_down,3,4,144,bicjpeg85,35.110963,0.879334,32.002646,0.954457,4,0.062915,33.987351,40.864377,33.124509,0.839585,0.278188,0.30725,0.677,cuda
pds26,ami,012,front,012_front,3,4,144,bicjpeg85,35.034942,0.877082,31.803667,0.955683,4,0.061621,33.795849,40.764285,33.42795,0.859859,0.325757,0.281736,0.674,cuda
pds26,ami,012,left,012_left,3,4,144,bicjpeg85,35.687304,0.887792,32.566064,0.957369,4,0.061267,34.544874,41.219223,33.872409,0.865893,0.243383,0.290328,0.693,cuda
pds26,ami,012,right,012_right,3,4,144,bicjpeg85,35.329627,0.888123,32.154982,0.957936,4,0.064573,34.034868,40.879646,33.194828,0.851202,0.285798,0.291807,0.668,cuda
pds26,ami,012,up,012_up,3,4,144,bicjpeg85,34.700455,0.867853,31.600149,0.953817,4,0.065233,33.544533,40.596478,33.621689,0.856983,0.310761,0.281615,0.668,cuda
pds26,ami,012,zoom,012_zoom,3,4,144,bicjpeg85,35.423269,0.888296,32.145247,0.95991,4,0.061091,34.3312,40.926112,34.115291,0.87761,0.277104,0.281437,0.672,cuda
pds26,ami,013,back,013_back,1,4,144,bicjpeg85,33.405479,0.838133,30.929308,0.946655,4,0.071204,31.813983,40.244203,34.351296,0.874675,0.366833,0.28227,0.676,cuda
pds26,ami,013,down,013_down,1,4,144,bicjpeg85,34.336937,0.854412,31.766871,0.950373,4,0.068867,33.050092,40.511901,34.171921,0.870621,0.367948,0.295338,0.69,cuda
pds26,ami,013,front,013_front,1,4,144,bicjpeg85,34.35551,0.852874,31.731279,0.944633,4,0.071874,33.278279,40.286696,34.26465,0.865965,0.376514,0.284158,0.673,cuda
pds26,ami,013,left,013_left,1,4,144,bicjpeg85,34.446599,0.853903,31.92656,0.946842,4,0.064396,33.319635,40.556867,34.132798,0.861252,0.364256,0.274903,0.676,cuda
pds26,ami,013,right,013_right,1,4,144,bicjpeg85,34.531352,0.858578,31.80341,0.948761,4,0.06866,33.274037,40.498342,34.592748,0.871932,0.35458,0.277261,0.679,cuda
pds26,ami,013,up,013_up,1,4,144,bicjpeg85,33.592114,0.83398,31.086811,0.94075,4,0.070208,32.430882,39.809939,34.208539,0.871992,0.426183,0.287021,0.695,cuda
pds26,ami,013,zoom,013_zoom,1,4,144,bicjpeg85,34.930119,0.875008,32.216518,0.955977,4,0.062158,33.870512,40.875454,35.048407,0.885602,0.371768,0.27655,0.648,cuda
pds26,ami,014,back,014_back,5,4,144,bicjpeg85,33.928374,0.822552,30.954074,0.94104,4,0.070457,32.817659,40.079563,33.084595,0.819703,0.342745,0.320368,0.692,cuda
pds26,ami,014,down,014_down,5,4,144,bicjpeg85,34.24908,0.835241,31.356681,0.948709,4,0.066172,33.098663,40.534701,33.627998,0.843568,0.388213,0.324857,0.666,cuda
pds26,ami,014,front,014_front,5,4,144,bicjpeg85,34.460466,0.843743,31.40905,0.951025,4,0.064003,33.59628,40.400582,33.792062,0.847099,0.35178,0.328888,0.702,cuda
pds26,ami,014,left,014_left,5,4,144,bicjpeg85,34.639027,0.843018,31.780874,0.952071,4,0.062259,33.537413,40.894433,34.052014,0.855478,0.370726,0.32864,0.682,cuda
pds26,ami,014,right,014_right,5,4,144,bicjpeg85,34.389743,0.856126,31.533841,0.952675,4,0.063455,33.123199,40.484692,33.779103,0.846235,0.350344,0.313517,0.68,cuda
pds26,ami,014,up,014_up,5,4,144,bicjpeg85,33.868404,0.830952,31.123201,0.946904,4,0.066372,32.586115,40.267861,33.842605,0.839049,0.368857,0.318689,0.666,cuda
pds26,ami,014,zoom,014_zoom,5,4,144,bicjpeg85,34.298959,0.843642,31.164156,0.951514,4,0.064873,33.348578,40.337191,34.243423,0.851169,0.363009,0.317365,0.687,cuda
pds26,ami,018,back,018_back,1,4,144,bicjpeg85,35.371773,0.892803,32.129672,0.959664,4,0.058051,33.861703,41.372484,33.134981,0.87116,0.227151,0.299024,0.681,cuda
pds26,ami,018,down,018_down,1,4,144,bicjpeg85,35.074606,0.898667,32.163171,0.961421,4,0.057516,33.479084,40.8544,32.39348,0.855898,0.283153,0.313666,0.658,cuda
pds26,ami,018,front,018_front,1,4,144,bicjpeg85,35.306609,0.901003,32.356395,0.964145,4,0.057652,33.789266,41.242049,32.699509,0.857876,0.264014,0.305898,0.679,cuda
pds26,ami,018,left,018_left,1,4,144,bicjpeg85,36.337238,0.907981,33.299129,0.965868,4,0.054882,35.045133,41.923825,33.972757,0.874058,0.272759,0.31852,0.694,cuda
pds26,ami,018,right,018_right,1,4,144,bicjpeg85,35.714974,0.906311,32.438167,0.965461,4,0.056877,34.114633,41.228031,33.203818,0.87019,0.255956,0.304168,0.658,cuda
pds26,ami,018,up,018_up,1,4,144,bicjpeg85,35.214642,0.902496,32.270996,0.963091,4,0.059868,33.724763,40.994349,32.80759,0.868501,0.263395,0.325928,0.69,cuda
pds26,ami,018,zoom,018_zoom,1,4,144,bicjpeg85,35.255753,0.902627,32.125622,0.963255,4,0.057382,33.611137,41.02025,32.799748,0.870363,0.249351,0.327628,0.67,cuda
pds26,ami,019,back,019_back,4,4,144,bicjpeg85,33.735259,0.866551,31.097544,0.948523,4,0.070671,32.586158,39.89955,32.632971,0.841476,0.281954,0.306434,0.661,cuda
pds26,ami,019,down,019_down,4,4,144,bicjpeg85,33.256244,0.858571,30.6923,0.95406,4,0.070509,31.575786,39.645271,31.829341,0.831901,0.320613,0.321702,0.688,cuda
pds26,ami,019,front,019_front,4,4,144,bicjpeg85,33.126698,0.854818,30.495752,0.952729,4,0.069655,31.595296,39.451703,32.366305,0.845034,0.318256,0.311725,0.681,cuda
pds26,ami,019,left,019_left,4,4,144,bicjpeg85,33.355271,0.863538,30.669883,0.956822,4,0.066731,31.805605,39.941425,32.392757,0.853336,0.298633,0.307601,0.677,cuda
pds26,ami,019,right,019_right,4,4,144,bicjpeg85,33.239423,0.865116,30.693984,0.952519,4,0.069501,31.537698,39.756805,32.253607,0.839183,0.306503,0.300765,0.697,cuda
pds26,ami,019,up,019_up,4,4,144,bicjpeg85,33.304405,0.859271,30.730957,0.952838,4,0.066598,31.719251,39.698095,32.513957,0.853414,0.31449,0.3138,0.645,cuda
pds26,ami,019,zoom,019_zoom,4,4,144,bicjpeg85,33.131461,0.861215,30.584639,0.954775,4,0.069477,31.37909,39.268315,33.675542,0.86745,0.326601,0.315203,0.658,cuda
pds26,ami,020,back,020_back,1,4,144,bicjpeg85,34.649539,0.866279,31.769487,0.950785,4,0.066981,33.428033,40.20854,33.001128,0.848641,0.287008,0.261912,0.669,cuda
pds26,ami,020,down,020_down,1,4,144,bicjpeg85,34.348587,0.850318,31.72936,0.94799,4,0.067635,33.209416,40.351056,33.212968,0.844624,0.346346,0.313576,0.675,cuda
pds26,ami,020,front,020_front,1,4,144,bicjpeg85,34.5945,0.857198,31.788301,0.951582,4,0.06642,33.765459,40.244799,33.705781,0.857756,0.339561,0.284699,0.669,cuda
pds26,ami,020,left,020_left,1,4,144,bicjpeg85,35.273383,0.875328,32.57355,0.956693,4,0.06133,34.461533,40.729873,34.20202,0.869194,0.355489,0.302519,0.66,cuda
pds26,ami,020,right,020_right,1,4,144,bicjpeg85,34.463586,0.865345,31.51394,0.953683,4,0.064115,33.389714,39.995033,33.159696,0.854174,0.312411,0.254477,0.685,cuda
pds26,ami,020,up,020_up,1,4,144,bicjpeg85,34.341891,0.850492,31.689662,0.94655,4,0.066749,33.604794,39.862528,33.848984,0.86057,0.325493,0.280006,0.658,cuda
pds26,ami,020,zoom,020_zoom,1,4,144,bicjpeg85,34.990421,0.873791,32.009576,0.955413,4,0.065349,34.075662,40.343699,34.018157,0.866821,0.315764,0.296468,0.668,cuda
pds26,ami,021,back,021_back,2,4,144,bicjpeg85,34.200744,0.82966,31.823062,0.937338,4,0.073225,33.309779,40.292442,34.071854,0.857853,0.361914,0.315221,0.678,cuda
pds26,ami,021,down,021_down,2,4,144,bicjpeg85,34.314007,0.835468,32.078015,0.945079,4,0.068225,33.200822,40.488284,34.717102,0.872939,0.37016,0.306743,0.688,cuda
pds26,ami,021,front,021_front,2,4,144,bicjpeg85,34.633609,0.839214,32.278122,0.941882,4,0.069317,33.410468,40.724048,34.272381,0.859785,0.352145,0.295934,0.647,cuda
pds26,ami,021,left,021_left,2,4,144,bicjpeg85,35.661285,0.862663,33.169644,0.952594,4,0.058075,34.556559,41.542436,36.07259,0.893653,0.361895,0.309671,0.653,cuda
pds26,ami,021,right,021_right,2,4,144,bicjpeg85,34.991739,0.851792,32.461833,0.947965,4,0.066554,34.060162,40.577456,34.53223,0.875316,0.372052,0.286964,0.678,cuda
pds26,ami,021,up,021_up,2,4,144,bicjpeg85,34.308129,0.836988,32.047063,0.944102,4,0.071127,33.398654,40.502364,34.505544,0.869376,0.318501,0.307452,0.698,cuda
pds26,ami,021,zoom,021_zoom,2,4,144,bicjpeg85,35.580884,0.871905,33.022564,0.953874,4,0.060422,34.650386,41.088975,35.240546,0.883436,0.345677,0.329647,0.658,cuda
pds26,ami,022,back,022_back,2,4,144,bicjpeg85,37.356534,0.919732,33.781737,0.968713,4,0.044586,36.706102,42.117608,35.309418,0.895792,0.217317,0.248976,0.701,cuda
pds26,ami,022,down,022_down,2,4,144,bicjpeg85,36.354822,0.905375,32.99954,0.963071,4,0.052746,35.296854,41.766424,34.071512,0.876012,0.245743,0.290247,0.685,cuda
pds26,ami,022,front,022_front,2,4,144,bicjpeg85,36.249897,0.907297,32.923299,0.965091,4,0.056751,35.153448,41.40919,34.184597,0.882336,0.238637,0.273647,0.67,cuda
pds26,ami,022,left,022_left,2,4,144,bicjpeg85,37.187116,0.916328,33.530735,0.966296,4,0.049916,36.089193,42.30506,34.859978,0.883946,0.247698,0.281508,0.666,cuda
pds26,ami,022,right,022_right,2,4,144,bicjpeg85,35.994889,0.905686,32.982559,0.963972,4,0.057376,34.443765,41.570826,34.093114,0.876037,0.253454,0.267298,0.689,cuda
pds26,ami,022,up,022_up,2,4,144,bicjpeg85,35.991735,0.903674,32.80849,0.963137,4,0.06137,34.924644,41.248691,34.224959,0.881052,0.264397,0.257173,0.672,cuda
pds26,ami,022,zoom,022_zoom,2,4,144,bicjpeg85,36.298402,0.907779,32.756759,0.965279,4,0.057432,35.360285,41.34875,34.40822,0.887803,0.22512,0.275142,0.675,cuda
pds26,ami,023,back,023_back,5,4,144,bicjpeg85,33.906201,0.838272,31.297751,0.948026,4,0.069839,32.807951,40.245238,33.780201,0.864598,0.313101,0.280297,0.658,cuda
pds26,ami,023,down,023_down,5,4,144,bicjpeg85,34.835316,0.860807,32.20915,0.953286,4,0.064108,33.700154,40.550582,34.813421,0.891006,0.311067,0.27811,0.699,cuda
pds26,ami,023,front,023_front,5,4,144,bicjpeg85,34.513922,0.848532,31.849147,0.947984,4,0.066096,33.457505,40.242234,34.434204,0.878146,0.334627,0.295229,0.689,cuda
pds26,ami,023,left,023_left,5,4,144,bicjpeg85,36.331851,0.886566,33.478933,0.95844,4,0.05409,35.493446,41.676366,35.790873,0.893154,0.368026,0.327555,0.66,cuda
pds26,ami,023,right,023_right,5,4,144,bicjpeg85,34.124446,0.845663,31.420947,0.945868,4,0.069692,32.779358,40.000451,33.488978,0.860205,0.339417,0.28531,0.686,cuda
pds26,ami,023,up,023_up,5,4,144,bicjpeg85,34.264828,0.844178,31.608997,0.947489,4,0.070353,33.175599,40.181593,34.31883,0.878033,0.313212,0.287514,0.665,cuda
pds26,ami,023,zoom,023_zoom,5,4,144,bicjpeg85,35.362802,0.880642,32.252272,0.959206,4,0.060338,34.249503,40.678666,35.864972,0.906182,0.273231,0.289748,0.66,cuda
pds26,ami,024,back,024_back,3,4,144,bicjpeg85,35.238354,0.87467,32.346527,0.95498,4,0.063704,34.204433,40.547327,33.522025,0.858275,0.259502,0.259453,0.678,cuda
pds26,ami,024,down,024_down,3,4,144,bicjpeg85,35.550798,0.882651,32.470824,0.956271,4,0.058129,34.370833,41.042241,33.637302,0.865459,0.275385,0.277916,0.681,cuda
pds26,ami,024,front,024_front,3,4,144,bicjpeg85,35.16417,0.872978,32.19372,0.955475,4,0.065737,33.820105,41.058818,33.490558,0.863725,0.275162,0.293462,0.659,cuda
pds26,ami,024,left,024_left,3,4,144,bicjpeg85,35.283851,0.869671,32.261591,0.952025,4,0.063806,33.999362,41.094853,33.473055,0.853331,0.297293,0.287526,0.662,cuda
pds26,ami,024,right,024_right,3,4,144,bicjpeg85,35.888844,0.903808,32.491306,0.966502,4,0.055519,34.40691,41.570513,34.078493,0.887978,0.244562,0.279399,0.675,cuda
pds26,ami,024,up,024_up,3,4,144,bicjpeg85,34.929702,0.87487,31.885018,0.955809,4,0.06176,33.783619,40.576684,34.202075,0.874788,0.307778,0.303156,0.668,cuda
pds26,ami,024,zoom,024_zoom,3,4,144,bicjpeg85,35.021604,0.877419,31.927823,0.9589,4,0.064073,33.763247,40.630561,33.475221,0.860718,0.266127,0.276872,0.67,cuda
pds26,ami,025,back,025_back,2,4,144,bicjpeg85,33.860214,0.842005,31.545064,0.944728,4,0.067836,32.746095,39.914022,33.322009,0.851972,0.295264,0.302331,0.675,cuda
pds26,ami,025,down,025_down,2,4,144,bicjpeg85,34.116139,0.857746,31.665835,0.950704,4,0.076203,32.836071,39.930643,33.841871,0.882194,0.268626,0.275294,0.677,cuda
pds26,ami,025,front,025_front,2,4,144,bicjpeg85,33.709771,0.849015,31.367852,0.949248,4,0.076486,32.753698,39.374807,33.68538,0.867389,0.333394,0.283566,0.685,cuda
pds26,ami,025,left,025_left,2,4,144,bicjpeg85,34.716976,0.861695,32.33235,0.950967,4,0.069105,33.772059,40.287013,34.521911,0.878796,0.304526,0.299804,0.69,cuda
pds26,ami,025,right,025_right,2,4,144,bicjpeg85,34.33138,0.861476,31.615462,0.952682,4,0.072608,33.129925,40.058003,33.916463,0.877419,0.257646,0.265721,0.692,cuda
pds26,ami,025,up,025_up,2,4,144,bicjpeg85,33.611523,0.848413,31.325681,0.950912,4,0.075042,32.651594,39.47725,34.210725,0.882859,0.307312,0.275705,0.673,cuda
pds26,ami,025,zoom,025_zoom,2,4,144,bicjpeg85,35.213402,0.889083,32.399668,0.961857,4,0.058642,34.145409,40.523359,35.410691,0.898179,0.271757,0.285331,0.688,cuda
pds26,ami,026,back,026_back,1,4,144,bicjpeg85,34.967726,0.868812,31.835052,0.95255,4,0.066856,33.956018,40.372262,33.963569,0.871418,0.295574,0.283827,0.686,cuda
pds26,ami,026,down,026_down,1,4,144,bicjpeg85,35.37588,0.887717,32.226942,0.960106,4,0.056793,34.089108,40.842439,33.71204,0.878352,0.25991,0.279228,0.702,cuda
pds26,ami,026,front,026_front,1,4,144,bicjpeg85,35.237303,0.881149,32.025751,0.958759,4,0.058753,34.29846,40.613875,34.027604,0.885081,0.290092,0.291025,0.672,cuda
pds26,ami,026,left,026_left,1,4,144,bicjpeg85,36.540662,0.903522,33.135596,0.963953,4,0.05204,35.766814,41.506089,35.024313,0.891878,0.284946,0.296069,0.676,cuda
pds26,ami,026,right,026_right,1,4,144,bicjpeg85,35.24259,0.876602,32.184073,0.955042,4,0.066202,33.834868,40.957048,34.429786,0.878542,0.304054,0.28173,0.66,cuda
pds26,ami,026,up,026_up,1,4,144,bicjpeg85,34.959299,0.874593,32.067878,0.955667,4,0.062458,33.927284,40.344002,33.984692,0.87341,0.283801,0.300995,0.695,cuda
pds26,ami,026,zoom,026_zoom,1,4,144,bicjpeg85,35.733879,0.897607,32.31249,0.964719,4,0.052447,34.546732,40.950776,34.743672,0.892803,0.285086,0.29046,0.671,cuda
pds26,ami,027,back,027_back,3,4,144,bicjpeg85,35.711448,0.889338,32.804241,0.960159,4,0.057121,34.751747,40.988351,33.9991,0.871695,0.263183,0.305365,0.686,cuda
pds26,ami,027,down,027_down,3,4,144,bicjpeg85,34.965326,0.869466,32.352124,0.957778,4,0.063876,33.757581,40.62245,34.082614,0.873169,0.320561,0.315999,0.713,cuda
pds26,ami,027,front,027_front,3,4,144,bicjpeg85,34.705734,0.870117,32.03064,0.957548,4,0.066425,33.221287,40.497779,33.743063,0.864561,0.254285,0.302231,0.692,cuda
pds26,ami,027,left,027_left,3,4,144,bicjpeg85,34.772893,0.87266,32.134434,0.959094,4,0.065928,33.489877,40.445367,33.821665,0.881334,0.271349,0.312923,0.694,cuda
pds26,ami,027,right,027_right,3,4,144,bicjpeg85,34.645148,0.866823,31.948003,0.95646,4,0.065083,33.390826,40.429685,33.766303,0.863529,0.284783,0.297801,0.691,cuda
pds26,ami,027,up,027_up,3,4,144,bicjpeg85,34.554395,0.863692,31.934182,0.956822,4,0.065703,33.270696,40.342352,33.600191,0.861828,0.253751,0.296951,0.694,cuda
pds26,ami,027,zoom,027_zoom,3,4,144,bicjpeg85,35.004735,0.8773,32.190314,0.962201,4,0.055485,33.855082,40.666049,34.693474,0.881254,0.260506,0.301521,0.67,cuda
pds26,ami,028,back,028_back,2,4,144,bicjpeg85,34.554151,0.879452,31.797674,0.952674,4,0.061844,33.22101,40.509462,33.092334,0.859659,0.279226,0.319714,0.648,cuda
pds26,ami,028,down,028_down,2,4,144,bicjpeg85,33.921586,0.85712,31.497645,0.951522,4,0.06774,32.881945,40.168464,32.219145,0.844408,0.293481,0.331112,0.673,cuda
pds26,ami,028,front,028_front,2,4,144,bicjpeg85,33.822535,0.84739,31.357957,0.945577,4,0.074372,32.40023,40.035489,32.100624,0.832092,0.315999,0.302183,0.667,cuda
pds26,ami,028,left,028_left,2,4,144,bicjpeg85,34.242767,0.867772,31.707346,0.952268,4,0.065397,33.04222,40.328246,32.290087,0.841979,0.332914,0.314742,0.687,cuda
pds26,ami,028,right,028_right,2,4,144,bicjpeg85,33.423112,0.834742,30.924988,0.938843,4,0.07145,31.971319,39.583958,32.115017,0.825159,0.370334,0.325797,0.688,cuda
pds26,ami,028,up,028_up,2,4,144,bicjpeg85,33.71436,0.847264,31.259701,0.945278,4,0.069041,32.205318,39.89638,33.381991,0.845468,0.325268,0.306473,0.67,cuda
pds26,ami,028,zoom,028_zoom,2,4,144,bicjpeg85,34.319148,0.866614,31.639946,0.953285,4,0.065604,33.360083,40.317644,32.886533,0.849967,0.291504,0.276131,0.699,cuda
pds26,ami,029,back,029_back,5,4,144,bicjpeg85,34.006383,0.825497,31.095499,0.938793,4,0.067784,32.878915,40.135213,33.751871,0.847993,0.358252,0.305324,0.662,cuda
pds26,ami,029,down,029_down,5,4,144,bicjpeg85,33.659171,0.827697,31.087623,0.939951,4,0.073059,32.236499,40.029669,32.828974,0.846239,0.361596,0.324324,0.696,cuda
pds26,ami,029,front,029_front,5,4,144,bicjpeg85,33.628917,0.823451,30.94117,0.937147,4,0.074605,32.577594,39.856087,33.441066,0.847824,0.382201,0.320968,0.7,cuda
pds26,ami,029,left,029_left,5,4,144,bicjpeg85,34.285539,0.837102,31.494203,0.944073,4,0.068358,33.43592,40.339322,33.83898,0.854371,0.382933,0.313218,0.672,cuda
pds26,ami,029,right,029_right,5,4,144,bicjpeg85,34.29027,0.838063,31.261075,0.944068,4,0.065862,33.070234,40.257166,33.898866,0.860045,0.37772,0.323413,0.652,cuda
pds26,ami,029,up,029_up,5,4,144,bicjpeg85,33.260885,0.810198,30.689991,0.935175,4,0.075298,32.096892,39.760803,33.536676,0.840924,0.376213,0.297742,0.676,cuda
pds26,ami,029,zoom,029_zoom,5,4,144,bicjpeg85,34.487451,0.849777,31.547472,0.950294,4,0.066037,33.489125,40.469723,34.497656,0.871067,0.361643,0.312978,0.681,cuda
pds26,ami,030,back,030_back,1,4,144,bicjpeg85,34.530396,0.857687,31.324672,0.952645,4,0.066373,33.668552,39.988107,33.540965,0.86624,0.309692,0.297551,0.664,cuda
pds26,ami,030,down,030_down,1,4,144,bicjpeg85,34.69045,0.856607,31.905684,0.95133,4,0.066116,33.494123,40.388265,33.429146,0.86037,0.336409,0.319271,0.658,cuda
pds26,ami,030,front,030_front,1,4,144,bicjpeg85,34.752598,0.860224,31.717345,0.954324,4,0.063359,33.520558,40.716405,33.746638,0.853123,0.343657,0.30024,0.7,cuda
pds26,ami,030,left,030_left,1,4,144,bicjpeg85,35.336749,0.866615,32.227815,0.955349,4,0.062563,34.307788,40.974019,34.699897,0.878927,0.317575,0.320148,0.673,cuda
pds26,ami,030,right,030_right,1,4,144,bicjpeg85,34.456033,0.864991,31.48664,0.955541,4,0.065615,33.146875,40.374045,33.663871,0.861899,0.341552,0.279798,0.659,cuda
pds26,ami,030,up,030_up,1,4,144,bicjpeg85,33.823362,0.840224,31.051046,0.94753,4,0.066712,32.457082,40.259896,33.538256,0.847078,0.316428,0.301761,0.679,cuda
pds26,ami,030,zoom,030_zoom,1,4,144,bicjpeg85,34.512669,0.862137,31.566985,0.957194,4,0.062964,33.376529,40.417837,34.06905,0.862819,0.345949,0.291286,0.688,cuda
pds26,ami,031,back,031_back,5,4,144,bicjpeg85,34.618874,0.862728,31.534776,0.951313,4,0.06606,33.738867,40.308156,33.267081,0.849942,0.301993,0.291611,0.671,cuda
pds26,ami,031,down,031_down,5,4,144,bicjpeg85,34.095852,0.862052,31.29628,0.957174,4,0.06263,33.095462,39.905418,33.036072,0.847471,0.3316,0.292227,0.675,cuda
pds26,ami,031,front,031_front,5,4,144,bicjpeg85,34.197271,0.861076,31.318378,0.955545,4,0.064451,33.169764,40.014004,33.006184,0.842983,0.331169,0.296176,0.703,cuda
pds26,ami,031,left,031_left,5,4,144,bicjpeg85,34.567301,0.86867,31.667543,0.958996,4,0.062087,33.758568,40.484064,33.481628,0.85987,0.327812,0.302605,0.662,cuda
pds26,ami,031,right,031_right,5,4,144,bicjpeg85,34.396026,0.859391,31.472121,0.951991,4,0.067055,33.353485,39.972406,33.363601,0.847364,0.358918,0.313485,0.691,cuda
pds26,ami,031,up,031_up,5,4,144,bicjpeg85,34.157182,0.856256,31.324723,0.952294,4,0.063297,33.347326,39.991173,32.905328,0.838878,0.363417,0.29932,0.673,cuda
pds26,ami,031,zoom,031_zoom,5,4,144,bicjpeg85,34.295577,0.864057,31.290301,0.955956,4,0.064623,33.44859,40.142829,33.299169,0.847635,0.375016,0.300562,0.704,cuda
pds26,ami,032,back,032_back,3,4,144,bicjpeg85,35.324785,0.892879,31.818424,0.960505,4,0.063983,34.02972,41.081193,33.048837,0.863097,0.23298,0.28193,0.695,cuda
pds26,ami,032,down,032_down,3,4,144,bicjpeg85,35.621682,0.897986,32.130207,0.961799,4,0.060793,34.219413,41.303346,33.196635,0.858308,0.24528,0.270542,0.696,cuda
pds26,ami,032,front,032_front,3,4,144,bicjpeg85,35.508606,0.90195,31.925492,0.963132,4,0.062184,33.96196,40.953114,33.339794,0.873282,0.233193,0.302975,0.68,cuda
pds26,ami,032,left,032_left,3,4,144,bicjpeg85,35.483258,0.901976,32.119619,0.963793,4,0.061364,33.840761,41.320558,33.076955,0.872263,0.225697,0.30874,0.684,cuda
pds26,ami,032,right,032_right,3,4,144,bicjpeg85,35.129696,0.899347,31.793441,0.96273,4,0.060725,33.683239,40.915946,32.796891,0.861833,0.243405,0.283438,0.669,cuda
pds26,ami,032,up,032_up,3,4,144,bicjpeg85,35.595741,0.904555,32.030731,0.965716,4,0.059186,34.14967,41.087163,33.844272,0.883359,0.243323,0.305335,0.701,cuda
pds26,ami,032,zoom,032_zoom,3,4,144,bicjpeg85,34.6869,0.884787,31.397555,0.957559,4,0.067817,33.25864,40.326147,33.207197,0.864658,0.230627,0.27154,0.682,cuda
pds26,ami,033,back,033_back,3,4,144,bicjpeg85,36.23837,0.894184,33.210505,0.961075,4,0.056158,35.303022,41.52478,34.759592,0.876145,0.281609,0.279228,0.667,cuda
pds26,ami,033,down,033_down,3,4,144,bicjpeg85,36.011617,0.896458,32.854137,0.962025,4,0.054226,35.180105,40.979492,34.920133,0.892774,0.315525,0.285625,0.694,cuda
pds26,ami,033,front,033_front,3,4,144,bicjpeg85,35.694919,0.883369,32.729788,0.958008,4,0.059056,34.757897,40.910908,34.26095,0.869763,0.326861,0.293926,0.694,cuda
pds26,ami,033,left,033_left,3,4,144,bicjpeg85,36.716658,0.907671,33.646437,0.964288,4,0.053255,35.557559,42.022959,35.052433,0.885808,0.258236,0.305965,0.685,cuda
pds26,ami,033,right,033_right,3,4,144,bicjpeg85,35.453078,0.88098,32.492726,0.956887,4,0.061031,34.390365,40.898008,33.763457,0.847941,0.297312,0.305694,0.692,cuda
pds26,ami,033,up,033_up,3,4,144,bicjpeg85,35.890705,0.888711,32.958203,0.959125,4,0.056413,35.317953,40.959721,34.665212,0.874506,0.291363,0.290953,0.677,cuda
pds26,ami,033,zoom,033_zoom,3,4,144,bicjpeg85,36.171579,0.894252,32.936855,0.961538,4,0.049218,35.245504,41.273472,35.381886,0.888362,0.320371,0.291829,0.684,cuda
pds26,ami,034,back,034_back,4,4,144,bicjpeg85,32.880847,0.819794,30.620216,0.942726,4,0.082335,31.628595,39.755757,33.627426,0.863216,0.328619,0.299114,0.667,cuda
pds26,ami,034,down,034_down,4,4,144,bicjpeg85,33.059846,0.831602,30.922011,0.947684,4,0.078474,32.072174,39.581934,34.362032,0.88765,0.332388,0.298966,0.682,cuda
pds26,ami,034,front,034_front,4,4,144,bicjpeg85,33.047641,0.826977,30.864624,0.941037,4,0.079458,32.138972,39.472624,33.737135,0.867638,0.332156,0.297349,0.679,cuda
pds26,ami,034,left,034_left,4,4,144,bicjpeg85,33.354835,0.83575,31.270804,0.946779,4,0.078491,32.371179,39.852656,34.401205,0.87839,0.338685,0.315426,0.685,cuda
pds26,ami,034,right,034_right,4,4,144,bicjpeg85,33.090577,0.823071,30.753721,0.940772,4,0.077122,31.847694,39.340516,33.622836,0.866663,0.324968,0.291685,0.673,cuda
pds26,ami,034,up,034_up,4,4,144,bicjpeg85,32.565512,0.817826,30.454154,0.942323,4,0.080799,31.496908,39.332254,34.111694,0.872825,0.297362,0.285515,0.677,cuda
pds26,ami,034,zoom,034_zoom,4,4,144,bicjpeg85,34.301313,0.863661,31.896556,0.955495,4,0.072298,33.31672,40.360724,35.219905,0.892004,0.303244,0.32519,0.664,cuda
pds26,ami,035,back,035_back,5,4,144,bicjpeg85,36.359902,0.896531,33.002127,0.95931,4,0.055621,35.57194,41.309317,34.523916,0.874765,0.249021,0.289181,0.699,cuda
pds26,ami,035,down,035_down,5,4,144,bicjpeg85,36.463054,0.900828,33.149974,0.965473,4,0.048362,35.375016,41.940349,35.114202,0.898015,0.264585,0.281138,0.706,cuda
pds26,ami,035,front,035_front,5,4,144,bicjpeg85,36.563417,0.90276,33.296926,0.964793,4,0.048206,35.602018,41.809972,35.10427,0.898563,0.251834,0.294394,0.661,cuda
pds26,ami,035,left,035_left,5,4,144,bicjpeg85,36.914201,0.906911,33.533856,0.964527,4,0.046904,35.842314,41.975439,35.294571,0.891413,0.290672,0.308887,0.687,cuda
pds26,ami,035,right,035_right,5,4,144,bicjpeg85,35.838976,0.890001,32.635558,0.958764,4,0.058994,34.718962,41.33051,33.962472,0.869151,0.298031,0.283743,0.674,cuda
pds26,ami,035,up,035_up,5,4,144,bicjpeg85,36.251177,0.898201,32.905145,0.96342,4,0.053221,35.199032,41.439212,34.801357,0.888289,0.282964,0.29493,0.671,cuda
pds26,ami,035,zoom,035_zoom,5,4,144,bicjpeg85,36.586243,0.904812,33.043932,0.966274,4,0.046851,35.853197,41.629989,35.664039,0.90254,0.26534,0.286677,0.659,cuda
pds26,ami,036,back,036_back,2,4,144,bicjpeg85,34.811528,0.858861,32.410395,0.949595,4,0.067502,33.642273,40.442202,33.785347,0.861981,0.314537,0.294815,0.688,cuda
pds26,ami,036,down,036_down,2,4,144,bicjpeg85,35.016283,0.865536,32.926421,0.950329,4,0.067709,33.747138,40.966637,34.563391,0.879831,0.349159,0.312264,0.666,cuda
pds26,ami,036,front,036_front,2,4,144,bicjpeg85,34.994558,0.866234,32.870069,0.949976,4,0.063792,33.888243,40.711898,34.69616,0.879219,0.307552,0.314854,0.686,cuda
pds26,ami,036,left,036_left,2,4,144,bicjpeg85,35.633225,0.873148,33.446588,0.953479,4,0.065715,34.469738,41.345799,35.145207,0.88215,0.330203,0.292593,0.661,cuda
pds26,ami,036,right,036_right,2,4,144,bicjpeg85,35.337919,0.879059,32.880775,0.956671,4,0.059379,34.237546,40.975198,33.920988,0.874245,0.301584,0.293969,0.679,cuda
pds26,ami,036,up,036_up,2,4,144,bicjpeg85,34.263966,0.848055,32.203099,0.946024,4,0.067447,33.203186,40.048368,34.303102,0.878209,0.316399,0.30363,0.691,cuda
pds26,ami,036,zoom,036_zoom,2,4,144,bicjpeg85,35.640622,0.885285,33.316023,0.95606,4,0.064462,34.550298,40.857331,35.374894,0.89935,0.313383,0.324264,0.681,cuda
pds26,ami,037,back,037_back,2,4,144,bicjpeg85,34.640404,0.840634,32.286322,0.944332,4,0.064268,33.183042,41.035243,33.825908,0.870648,0.406839,0.272096,0.678,cuda
pds26,ami,037,down,037_down,2,4,144,bicjpeg85,34.966919,0.857168,32.537866,0.94997,4,0.058841,33.555148,40.969332,33.849216,0.876982,0.370808,0.28637,0.65,cuda
pds26,ami,037,front,037_front,2,4,144,bicjpeg85,35.223801,0.861938,32.764703,0.952539,4,0.058264,33.882013,41.536517,34.145831,0.881936,0.378246,0.284522,0.665,cuda
pds26,ami,037,left,037_left,2,4,144,bicjpeg85,35.281022,0.860757,33.060692,0.952829,4,0.055618,33.971002,41.478849,34.502605,0.881195,0.425197,0.290112,0.678,cuda
pds26,ami,037,right,037_right,2,4,144,bicjpeg85,35.392855,0.870064,32.79724,0.953435,4,0.06135,34.40819,40.995949,34.540701,0.888714,0.419734,0.295053,0.659,cuda
pds26,ami,037,up,037_up,2,4,144,bicjpeg85,35.160852,0.856264,32.672455,0.951279,4,0.056255,33.890214,41.357969,34.606497,0.888349,0.373139,0.280778,0.655,cuda
pds26,ami,037,zoom,037_zoom,2,4,144,bicjpeg85,35.717791,0.881773,33.031641,0.959931,4,0.055961,34.39479,41.458695,35.19174,0.903531,0.316857,0.29062,0.684,cuda
pds26,ami,038,back,038_back,2,4,144,bicjpeg85,34.487896,0.852049,31.87042,0.94477,4,0.072932,33.377933,40.190624,33.571527,0.857,0.313216,0.319489,0.669,cuda
pds26,ami,038,down,038_down,2,4,144,bicjpeg85,33.516369,0.827215,31.320766,0.942625,4,0.075959,32.251095,39.740688,33.46456,0.856938,0.353067,0.293982,0.671,cuda
pds26,ami,038,front,038_front,2,4,144,bicjpeg85,33.92685,0.836151,31.637664,0.944104,4,0.073442,32.836881,39.971177,33.959993,0.869375,0.325406,0.295671,0.693,cuda
pds26,ami,038,left,038_left,2,4,144,bicjpeg85,34.597046,0.851788,32.267551,0.949979,4,0.070985,33.527526,40.642489,34.612778,0.87345,0.319485,0.329885,0.677,cuda
pds26,ami,038,right,038_right,2,4,144,bicjpeg85,34.57308,0.860003,31.942027,0.950608,4,0.070634,33.342955,40.568493,33.540306,0.869555,0.314747,0.296157,0.696,cuda
pds26,ami,038,up,038_up,2,4,144,bicjpeg85,33.598129,0.828653,31.335111,0.940126,4,0.078953,32.742431,39.513295,33.405536,0.851006,0.301513,0.292695,0.668,cuda
pds26,ami,038,zoom,038_zoom,2,4,144,bicjpeg85,34.604616,0.859858,32.06481,0.953902,4,0.069005,33.462118,40.35537,34.228536,0.881782,0.315956,0.303714,0.685,cuda
pds26,ami,039,back,039_back,2,4,144,bicjpeg85,35.271629,0.884084,32.336132,0.956435,4,0.062206,34.253674,40.583775,33.401419,0.862544,0.258919,0.270725,0.683,cuda
pds26,ami,039,down,039_down,2,4,144,bicjpeg85,35.236997,0.888245,32.354559,0.960601,4,0.062309,34.10095,40.77125,34.112508,0.876904,0.252336,0.298511,0.676,cuda
pds26,ami,039,front,039_front,2,4,144,bicjpeg85,35.824247,0.8938,32.683783,0.96177,4,0.054501,34.93097,40.941134,34.45624,0.884315,0.242474,0.285234,0.707,cuda
pds26,ami,039,left,039_left,2,4,144,bicjpeg85,36.564041,0.905659,33.449609,0.965942,4,0.052696,35.530054,41.748585,35.67666,0.901604,0.255441,0.285183,0.676,cuda
pds26,ami,039,right,039_right,2,4,144,bicjpeg85,35.591715,0.896483,32.527856,0.963822,4,0.056648,34.245786,41.133033,33.844804,0.879666,0.254653,0.278211,0.705,cuda
pds26,ami,039,up,039_up,2,4,144,bicjpeg85,35.701883,0.889845,32.53703,0.959134,4,0.056924,34.932989,40.862097,33.9773,0.871132,0.26589,0.29193,0.68,cuda
pds26,ami,039,zoom,039_zoom,2,4,144,bicjpeg85,35.900721,0.900096,32.526887,0.963761,4,0.058086,35.038263,40.816467,34.463236,0.886082,0.247174,0.282807,0.705,cuda
pds26,ami,040,back,040_back,4,4,144,bicjpeg85,35.282334,0.880781,32.177386,0.954494,4,0.061357,34.389333,40.610741,34.015194,0.86344,0.320681,0.297211,0.671,cuda
pds26,ami,040,down,040_down,4,4,144,bicjpeg85,34.931672,0.879117,31.920433,0.957733,4,0.058527,33.995392,40.44053,33.914971,0.876073,0.293133,0.307329,0.701,cuda
pds26,ami,040,front,040_front,4,4,144,bicjpeg85,35.008246,0.87725,31.909614,0.954389,4,0.062737,34.087402,40.457846,33.561216,0.859574,0.294149,0.298495,0.674,cuda
pds26,ami,040,left,040_left,4,4,144,bicjpeg85,35.846386,0.892942,32.735883,0.962062,4,0.056904,35.096378,41.277552,34.677667,0.879344,0.321254,0.308193,0.68,cuda
pds26,ami,040,right,040_right,4,4,144,bicjpeg85,35.077786,0.885412,31.854127,0.958504,4,0.054825,34.205859,40.312551,33.42248,0.867637,0.297409,0.291134,0.668,cuda
pds26,ami,040,up,040_up,4,4,144,bicjpeg85,34.848207,0.877836,31.792994,0.95588,4,0.061418,33.933679,40.298866,33.197934,0.856302,0.350895,0.301105,0.689,cuda
pds26,ami,040,zoom,040_zoom,4,4,144,bicjpeg85,34.96668,0.881952,31.838526,0.956986,4,0.061714,34.42138,40.050309,34.151942,0.876409,0.323165,0.311007,0.692,cuda
pds26,ami,041,back,041_back,5,4,144,bicjpeg85,34.766076,0.862257,32.073519,0.952336,4,0.065969,33.993693,40.128362,33.954418,0.871577,0.322071,0.29033,0.662,cuda
pds26,ami,041,down,041_down,5,4,144,bicjpeg85,35.420135,0.87897,32.737689,0.958288,4,0.058322,34.715971,40.991933,34.934323,0.894701,0.348321,0.269995,0.694,cuda
pds26,ami,041,front,041_front,5,4,144,bicjpeg85,34.941023,0.871476,32.256104,0.955735,4,0.062324,34.103593,40.535088,34.657056,0.888756,0.328983,0.298871,0.672,cuda
pds26,ami,041,left,041_left,5,4,144,bicjpeg85,36.875699,0.898004,33.767467,0.961664,4,0.051419,36.311137,41.942358,36.764134,0.914374,0.33982,0.300193,0.661,cuda
pds26,ami,041,right,041_right,5,4,144,bicjpeg85,35.140453,0.872422,31.994928,0.955273,4,0.059949,34.323353,40.601428,34.383038,0.882722,0.326061,0.285211,0.687,cuda
pds26,ami,041,up,041_up,5,4,144,bicjpeg85,34.893942,0.87066,32.063213,0.957178,4,0.060901,34.031774,40.385687,34.687963,0.885322,0.337258,0.294291,0.67,cuda
pds26,ami,041,zoom,041_zoom,5,4,144,bicjpeg85,35.676048,0.889963,32.668889,0.962057,4,0.05901,34.931672,40.763989,35.744026,0.904139,0.312931,0.298961,0.694,cuda
pds26,ami,042,back,042_back,4,4,144,bicjpeg85,33.476124,0.831335,31.08485,0.941171,4,0.075801,32.444867,39.605683,33.296454,0.860986,0.258458,0.281346,0.678,cuda
pds26,ami,042,down,042_down,4,4,144,bicjpeg85,33.930431,0.840078,31.639696,0.946754,4,0.075682,32.534443,40.203707,33.829192,0.869419,0.329391,0.293342,0.689,cuda
pds26,ami,042,front,042_front,4,4,144,bicjpeg85,33.152801,0.817681,31.00165,0.942442,4,0.077902,32.032672,39.73206,33.80213,0.873053,0.310507,0.274843,0.687,cuda
pds26,ami,042,left,042_left,4,4,144,bicjpeg85,34.682727,0.855973,32.44596,0.952574,4,0.067333,33.235136,41.046553,34.792549,0.886483,0.303478,0.289558,0.67,cuda
pds26,ami,042,right,042_right,4,4,144,bicjpeg85,33.403036,0.825236,30.983334,0.941683,4,0.075645,32.235606,39.647729,33.286454,0.872729,0.324597,0.275809,0.703,cuda
pds26,ami,042,up,042_up,4,4,144,bicjpeg85,32.817754,0.807381,30.585464,0.938463,4,0.084094,31.599302,39.628934,33.332362,0.860436,0.316641,0.286021,0.678,cuda
pds26,ami,042,zoom,042_zoom,4,4,144,bicjpeg85,34.121478,0.857481,31.664426,0.955756,4,0.072496,33.021166,40.09711,34.856881,0.899951,0.299956,0.287474,0.666,cuda
pds26,ami,043,back,043_back,4,4,144,bicjpeg85,34.742246,0.878168,32.048131,0.9604,4,0.061136,33.852916,40.140911,34.067231,0.887373,0.258717,0.27127,0.688,cuda
pds26,ami,043,down,043_down,4,4,144,bicjpeg85,34.22719,0.851627,31.773984,0.952631,4,0.063859,33.263928,40.02787,34.371108,0.888542,0.324648,0.289499,0.693,cuda
pds26,ami,043,front,043_front,4,4,144,bicjpeg85,34.494799,0.860414,31.986192,0.953506,4,0.065775,33.589289,40.200311,33.754395,0.869305,0.317469,0.287659,0.674,cuda
pds26,ami,043,left,043_left,4,4,144,bicjpeg85,35.129518,0.871758,32.596265,0.957151,4,0.062673,34.367809,40.724245,34.376527,0.883469,0.280515,0.260704,0.657,cuda
pds26,ami,043,right,043_right,4,4,144,bicjpeg85,35.091573,0.883782,32.101602,0.96237,4,0.063087,34.054977,40.556146,34.237735,0.881075,0.282247,0.290848,0.678,cuda
pds26,ami,043,up,043_up,4,4,144,bicjpeg85,34.22712,0.852517,31.601313,0.95341,4,0.061901,33.364303,40.071833,33.659596,0.86642,0.335045,0.294524,0.656,cuda
pds26,ami,043,zoom,043_zoom,4,4,144,bicjpeg85,35.209988,0.877689,32.39517,0.960632,4,0.060211,34.335007,40.55678,35.314507,0.900103,0.302823,0.281901,0.675,cuda
pds26,ami,044,back,044_back,5,4,144,bicjpeg85,35.123684,0.879757,32.282294,0.956287,4,0.060014,34.285737,40.369643,33.421016,0.870051,0.340489,0.275232,0.697,cuda
pds26,ami,044,down,044_down,5,4,144,bicjpeg85,35.162001,0.886418,32.245042,0.961559,4,0.057561,33.672064,41.304375,33.560054,0.87742,0.318264,0.276242,0.672,cuda
pds26,ami,044,front,044_front,5,4,144,bicjpeg85,35.40724,0.892949,32.676317,0.964028,4,0.056578,34.144519,41.10212,33.646895,0.878383,0.294365,0.280838,0.691,cuda
pds26,ami,044,left,044_left,5,4,144,bicjpeg85,35.461982,0.889294,32.606265,0.961004,4,0.057206,34.184084,41.209424,34.000822,0.884528,0.301223,0.2838,0.681,cuda
pds26,ami,044,right,044_right,5,4,144,bicjpeg85,35.916126,0.894962,32.759437,0.962792,4,0.051487,34.865952,41.349308,34.060247,0.880947,0.28506,0.295989,0.68,cuda
pds26,ami,044,up,044_up,5,4,144,bicjpeg85,35.295887,0.885677,32.514379,0.9598,4,0.057186,34.224128,40.728856,33.312029,0.865463,0.300104,0.306531,0.676,cuda
pds26,ami,044,zoom,044_zoom,5,4,144,bicjpeg85,35.511735,0.894935,32.570431,0.964899,4,0.055766,34.428065,40.674678,34.480969,0.896482,0.238994,0.283437,0.667,cuda
pds26,ami,045,back,045_back,2,4,144,bicjpeg85,34.252284,0.864139,31.741091,0.95153,4,0.068228,33.157737,40.098488,34.203606,0.881992,0.292814,0.271001,0.678,cuda
pds26,ami,045,down,045_down,2,4,144,bicjpeg85,35.437335,0.88456,32.838272,0.961013,4,0.06171,34.584381,41.014939,35.945482,0.907675,0.289872,0.294192,0.697,cuda
pds26,ami,045,front,045_front,2,4,144,bicjpeg85,35.214666,0.880848,32.568098,0.958346,4,0.06308,34.170652,40.829428,35.07731,0.8899,0.297812,0.298975,0.67,cuda
pds26,ami,045,left,045_left,2,4,144,bicjpeg85,36.79638,0.898427,33.709665,0.963176,4,0.055864,36.002523,42.116791,37.017588,0.912467,0.318213,0.298292,0.679,cuda
pds26,ami,045,right,045_right,2,4,144,bicjpeg85,35.290326,0.883207,32.284069,0.958033,4,0.065763,34.193009,40.848202,34.714132,0.886763,0.286119,0.282908,0.691,cuda
pds26,ami,045,up,045_up,2,4,144,bicjpeg85,35.08991,0.882945,32.430853,0.958792,4,0.065584,33.921548,40.844037,35.29456,0.900613,0.273279,0.273728,0.672,cuda
pds26,ami,045,zoom,045_zoom,2,4,144,bicjpeg85,36.589385,0.909082,33.409433,0.965732,4,0.055284,35.91286,41.375108,36.118269,0.90893,0.263957,0.280815,0.707,cuda
pds26,ami,046,back,046_back,5,4,144,bicjpeg85,34.597032,0.886935,31.53575,0.959237,4,0.060175,33.752962,39.758938,34.425664,0.880251,0.300043,0.283634,0.662,cuda
pds26,ami,046,down,046_down,5,4,144,bicjpeg85,36.18485,0.906054,33.033111,0.965391,4,0.05234,35.173636,41.310558,34.724679,0.892936,0.312245,0.291127,0.687,cuda
pds26,ami,046,front,046_front,5,4,144,bicjpeg85,36.077315,0.901312,32.700022,0.964705,4,0.051876,35.242566,41.333732,34.451186,0.885507,0.286011,0.294954,0.661,cuda
pds26,ami,046,left,046_left,5,4,144,bicjpeg85,36.854513,0.910792,33.571284,0.965565,4,0.05342,35.951389,41.685017,35.329333,0.892939,0.260885,0.281223,0.683,cuda
pds26,ami,046,right,046_right,5,4,144,bicjpeg85,35.715787,0.898063,32.225721,0.963381,4,0.059859,34.35135,40.999932,33.977991,0.876721,0.275249,0.257334,0.678,cuda
pds26,ami,046,up,046_up,5,4,144,bicjpeg85,34.700792,0.876032,31.509362,0.958864,4,0.065254,33.46364,40.344182,34.071843,0.878668,0.287108,0.272241,0.697,cuda
pds26,ami,046,zoom,046_zoom,5,4,144,bicjpeg85,35.905444,0.897692,32.512165,0.963055,4,0.055707,35.276908,40.688039,34.902534,0.89208,0.257113,0.269082,0.671,cuda
pds26,ami,047,back,047_back,3,4,144,bicjpeg85,35.055177,0.876561,32.337393,0.954136,4,0.066935,33.939205,40.5611,33.812715,0.877339,0.281741,0.264525,0.695,cuda
pds26,ami,047,down,047_down,3,4,144,bicjpeg85,34.954244,0.86748,32.393725,0.952228,4,0.068747,34.029595,40.323174,34.386662,0.883931,0.276888,0.299852,0.701,cuda
pds26,ami,047,front,047_front,3,4,144,bicjpeg85,35.162616,0.868131,32.469007,0.951607,4,0.067128,34.032558,40.621236,34.57088,0.882941,0.284983,0.304294,0.668,cuda
pds26,ami,047,left,047_left,3,4,144,bicjpeg85,34.640535,0.852784,32.183614,0.946686,4,0.071339,33.540922,40.42704,34.292126,0.873103,0.304965,0.322015,0.681,cuda
pds26,ami,047,right,047_right,3,4,144,bicjpeg85,35.675208,0.88948,32.840326,0.95974,4,0.059666,34.38485,41.113067,34.527902,0.89237,0.278409,0.27781,0.663,cuda
pds26,ami,047,up,047_up,3,4,144,bicjpeg85,35.060025,0.866909,32.360722,0.950939,4,0.070236,33.918097,40.947801,34.5936,0.888851,0.254409,0.284318,0.67,cuda
pds26,ami,047,zoom,047_zoom,3,4,144,bicjpeg85,36.135839,0.893515,33.019215,0.960213,4,0.057929,35.47755,41.000302,35.730732,0.903658,0.267714,0.311026,0.676,cuda
pds26,ami,048,back,048_back,1,4,144,bicjpeg85,34.823127,0.87515,31.941027,0.952925,4,0.071365,33.653394,40.354505,33.26572,0.853685,0.265572,0.281787,0.67,cuda
pds26,ami,048,down,048_down,1,4,144,bicjpeg85,35.542727,0.892486,32.893456,0.960415,4,0.060364,34.491064,40.698542,34.202653,0.878043,0.267711,0.294982,0.678,cuda
pds26,ami,048,front,048_front,1,4,144,bicjpeg85,35.578594,0.890993,32.798435,0.95798,4,0.06218,34.685091,40.613665,34.340249,0.880503,0.284451,0.295146,0.672,cuda
pds26,ami,048,left,048_left,1,4,144,bicjpeg85,36.498679,0.90375,33.685981,0.961477,4,0.05031,35.639521,41.411187,35.437226,0.893982,0.282175,0.310812,0.695,cuda
pds26,ami,048,right,048_right,1,4,144,bicjpeg85,35.553075,0.892292,32.635543,0.959563,4,0.058159,34.413627,40.939465,34.096297,0.87901,0.243088,0.284975,0.688,cuda
pds26,ami,048,up,048_up,1,4,144,bicjpeg85,35.167994,0.888607,32.470973,0.958491,4,0.064454,34.180025,40.571805,34.338073,0.877078,0.259222,0.309503,0.691,cuda
pds26,ami,048,zoom,048_zoom,1,4,144,bicjpeg85,36.558338,0.909029,33.519449,0.965096,4,0.053137,35.744538,41.40366,35.179654,0.895221,0.246694,0.289171,0.665,cuda
pds26,ami,051,back,051_back,4,4,144,bicjpeg85,34.593695,0.881121,32.11498,0.958431,4,0.060593,33.6432,39.923435,33.874022,0.884677,0.314046,0.313131,0.706,cuda
pds26,ami,051,down,051_down,4,4,144,bicjpeg85,34.649123,0.880206,32.405266,0.957705,4,0.064327,33.43072,40.200051,34.805899,0.896763,0.287464,0.285011,0.7,cuda
pds26,ami,051,front,051_front,4,4,144,bicjpeg85,34.487908,0.876768,32.201915,0.957508,4,0.069076,33.454393,40.021347,34.412134,0.881443,0.31584,0.294637,0.674,cuda
pds26,ami,051,left,051_left,4,4,144,bicjpeg85,35.7584,0.894307,33.276788,0.958734,4,0.060335,34.960506,40.821302,35.412575,0.894888,0.290889,0.294852,0.689,cuda
pds26,ami,051,right,051_right,4,4,144,bicjpeg85,34.944055,0.879625,32.451876,0.957124,4,0.065041,33.478665,40.799841,33.319513,0.855814,0.279437,0.278875,0.664,cuda
pds26,ami,051,up,051_up,4,4,144,bicjpeg85,34.414594,0.871963,32.154075,0.957405,4,0.06469,33.359501,40.218771,34.677186,0.887977,0.306048,0.322138,0.686,cuda
pds26,ami,051,zoom,051_zoom,4,4,144,bicjpeg85,35.968193,0.900188,33.407887,0.962454,4,0.0601,35.341693,40.5317,35.724982,0.900761,0.263009,0.300272,0.684,cuda
pds26,ami,052,back,052_back,1,4,144,bicjpeg85,34.693761,0.875572,31.854081,0.957452,4,0.061561,33.448102,40.161233,33.531743,0.876544,0.240981,0.285586,0.705,cuda
pds26,ami,052,down,052_down,1,4,144,bicjpeg85,34.652723,0.873394,32.106459,0.962522,4,0.062026,33.62848,40.627243,33.82387,0.865537,0.21666,0.274201,0.676,cuda
pds26,ami,052,front,052_front,1,4,144,bicjpeg85,34.767623,0.876212,32.015273,0.961196,4,0.064006,33.745506,40.359864,33.319864,0.860388,0.244703,0.303069,0.709,cuda
pds26,ami,052,left,052_left,1,4,144,bicjpeg85,35.731177,0.893421,32.9615,0.965615,4,0.060334,34.815143,41.188788,34.369583,0.882874,0.256296,0.28572,0.701,cuda
pds26,ami,052,right,052_right,1,4,144,bicjpeg85,34.533729,0.880004,31.887923,0.958331,4,0.064903,33.176854,40.091412,32.838539,0.856281,0.23722,0.280564,0.675,cuda
pds26,ami,052,up,052_up,1,4,144,bicjpeg85,34.678387,0.876128,31.991625,0.95765,4,0.065323,33.25483,40.161307,33.797676,0.877427,0.2422,0.292216,0.679,cuda
pds26,ami,052,zoom,052_zoom,1,4,144,bicjpeg85,35.354243,0.889871,32.584721,0.962916,4,0.059301,34.479824,40.220574,34.266541,0.870146,0.22457,0.276729,0.668,cuda
pds26,ami,053,back,053_back,3,4,144,bicjpeg85,35.002998,0.876807,31.750282,0.956859,4,0.058242,33.854733,40.433837,33.953279,0.874317,0.26419,0.256666,0.69,cuda
pds26,ami,053,down,053_down,3,4,144,bicjpeg85,34.266855,0.859103,31.41413,0.953217,4,0.064142,33.354955,40.085477,34.126646,0.876969,0.275617,0.271509,0.678,cuda
pds26,ami,053,front,053_front,3,4,144,bicjpeg85,34.49539,0.863394,31.587776,0.952578,4,0.066723,33.510145,40.287958,33.7878,0.866138,0.269435,0.276345,0.669,cuda
pds26,ami,053,left,053_left,3,4,144,bicjpeg85,35.155874,0.880497,32.160869,0.959795,4,0.06619,34.243999,40.69427,34.807026,0.882388,0.284653,0.300707,0.704,cuda
pds26,ami,053,right,053_right,3,4,144,bicjpeg85,34.836372,0.874135,31.72891,0.956379,4,0.061582,33.755602,40.42928,33.297537,0.846978,0.285634,0.287308,0.677,cuda
pds26,ami,053,up,053_up,3,4,144,bicjpeg85,34.24016,0.856428,31.389198,0.950716,4,0.068719,33.066696,39.962648,33.359397,0.858087,0.273072,0.293521,0.689,cuda
pds26,ami,053,zoom,053_zoom,3,4,144,bicjpeg85,35.083045,0.880425,31.889842,0.957896,4,0.060649,34.134715,40.336298,34.521075,0.877757,0.262212,0.269164,0.681,cuda
pds26,ami,054,back,054_back,3,4,144,bicjpeg85,34.552128,0.879769,31.429409,0.956632,4,0.067133,32.885223,40.528653,33.916645,0.874778,0.302208,0.300055,0.695,cuda
pds26,ami,054,down,054_down,3,4,144,bicjpeg85,34.956481,0.888173,32.00247,0.95877,4,0.063222,33.433204,40.573996,34.353768,0.88564,0.323039,0.31033,0.661,cuda
pds26,ami,054,front,054_front,3,4,144,bicjpeg85,34.993829,0.884413,32.092184,0.959674,4,0.062048,33.864475,40.419347,34.136909,0.879328,0.247003,0.258961,0.672,cuda
pds26,ami,054,left,054_left,3,4,144,bicjpeg85,35.480061,0.88327,32.68907,0.956927,4,0.062175,34.921481,40.417336,34.680144,0.880501,0.304615,0.28428,0.706,cuda
pds26,ami,054,right,054_right,3,4,144,bicjpeg85,35.158939,0.881777,32.218625,0.958724,4,0.060833,34.194422,40.367999,33.90812,0.87273,0.307252,0.277892,0.693,cuda
pds26,ami,054,up,054_up,3,4,144,bicjpeg85,33.563592,0.870224,30.370279,0.955226,4,0.065334,31.735874,40.117698,33.249396,0.855503,0.3067,0.306671,0.685,cuda
pds26,ami,054,zoom,054_zoom,3,4,144,bicjpeg85,35.23424,0.894971,31.964518,0.961966,4,0.063895,33.70674,40.976901,34.56262,0.888722,0.278128,0.287693,0.658,cuda
pds26,ami,055,back,055_back,2,4,144,bicjpeg85,35.711352,0.893172,32.588035,0.959698,4,0.061188,34.583413,41.112101,33.662545,0.866578,0.259059,0.278007,0.665,cuda
pds26,ami,055,down,055_down,2,4,144,bicjpeg85,35.355775,0.88353,32.409202,0.956028,4,0.062526,34.311236,40.67961,33.885164,0.8776,0.27222,0.283952,0.703,cuda
pds26,ami,055,front,055_front,2,4,144,bicjpeg85,35.685864,0.892523,32.531125,0.958036,4,0.062296,34.600921,40.934408,34.02153,0.878702,0.271463,0.281486,0.666,cuda
pds26,ami,055,left,055_left,2,4,144,bicjpeg85,36.03712,0.894121,32.762147,0.959913,4,0.05732,34.90641,41.299427,34.609183,0.887817,0.278369,0.312671,0.694,cuda
pds26,ami,055,right,055_right,2,4,144,bicjpeg85,35.477427,0.896264,32.260007,0.960268,4,0.065663,33.979528,40.969313,33.570225,0.862385,0.252325,0.28604,0.67,cuda
pds26,ami,055,up,055_up,2,4,144,bicjpeg85,35.294971,0.886713,32.265662,0.958162,4,0.064514,34.03264,40.73428,33.91789,0.874615,0.262776,0.281133,0.681,cuda
pds26,ami,055,zoom,055_zoom,2,4,144,bicjpeg85,36.126722,0.905428,32.752728,0.963254,4,0.05636,35.048389,40.930652,34.576955,0.89886,0.230608,0.251499,0.693,cuda
pds26,ami,056,back,056_back,4,4,144,bicjpeg85,34.050849,0.876485,31.340875,0.952188,4,0.069933,32.445805,40.069959,32.75327,0.858977,0.260876,0.279406,0.684,cuda
pds26,ami,056,down,056_down,4,4,144,bicjpeg85,34.80749,0.881764,32.059842,0.956786,4,0.064155,33.845602,40.027127,33.303835,0.867104,0.231076,0.273398,0.674,cuda
pds26,ami,056,front,056_front,4,4,144,bicjpeg85,34.485946,0.88209,31.709177,0.957767,4,0.064758,33.169689,39.978064,32.721886,0.868257,0.246068,0.280083,0.697,cuda
pds26,ami,056,left,056_left,4,4,144,bicjpeg85,35.664752,0.89813,32.497471,0.960971,4,0.059871,34.785119,40.738275,34.01031,0.877824,0.231448,0.249327,0.686,cuda
pds26,ami,056,right,056_right,4,4,144,bicjpeg85,34.99115,0.89977,32.024579,0.963103,4,0.06013,33.657824,40.534365,32.721689,0.854579,0.204717,0.263668,0.679,cuda
pds26,ami,056,up,056_up,4,4,144,bicjpeg85,33.973719,0.871241,31.425568,0.952415,4,0.07204,32.804085,39.748222,32.936074,0.871853,0.246671,0.253343,0.669,cuda
pds26,ami,056,zoom,056_zoom,4,4,144,bicjpeg85,35.247043,0.894426,32.25806,0.961646,4,0.065415,33.932947,40.160031,34.354652,0.886059,0.185113,0.248456,0.698,cuda
pds26,ami,057,back,057_back,5,4,144,bicjpeg85,34.35173,0.879668,31.527584,0.956898,4,0.071207,33.173471,39.814218,34.05616,0.891085,0.254278,0.258148,0.663,cuda
pds26,ami,057,down,057_down,5,4,144,bicjpeg85,35.289231,0.891551,32.416826,0.962516,4,0.061035,34.152552,40.598855,34.519467,0.898232,0.280092,0.262124,0.672,cuda
pds26,ami,057,front,057_front,5,4,144,bicjpeg85,34.597227,0.876498,31.8552,0.959029,4,0.065709,33.358426,40.21279,33.917982,0.883747,0.30078,0.281781,0.662,cuda
pds26,ami,057,left,057_left,5,4,144,bicjpeg85,35.506532,0.891916,32.670659,0.963576,4,0.063277,34.654851,40.449493,34.765696,0.89636,0.270848,0.294623,0.69,cuda
pds26,ami,057,right,057_right,5,4,144,bicjpeg85,35.287141,0.890519,32.497555,0.961672,4,0.059478,34.348383,40.789981,34.527373,0.88662,0.28749,0.268862,0.68,cuda
pds26,ami,057,up,057_up,5,4,144,bicjpeg85,33.445594,0.866889,31.033581,0.954159,4,0.072787,31.939214,39.426794,33.986779,0.88028,0.268685,0.271397,0.704,cuda
pds26,ami,057,zoom,057_zoom,5,4,144,bicjpeg85,35.714227,0.904412,32.498921,0.96688,4,0.057708,34.571091,40.598324,35.526469,0.908448,0.261114,0.277342,0.668,cuda
pds26,ami,058,back,058_back,5,4,144,bicjpeg85,35.698823,0.900454,32.532149,0.965677,4,0.055109,34.725748,41.032133,34.078592,0.880127,0.241792,0.272853,0.69,cuda
pds26,ami,058,down,058_down,5,4,144,bicjpeg85,35.403472,0.897518,32.418732,0.964101,4,0.057486,34.470022,40.698415,34.634674,0.89356,0.259306,0.300481,0.684,cuda
pds26,ami,058,front,058_front,5,4,144,bicjpeg85,35.564525,0.899923,32.235113,0.963356,4,0.055373,34.66281,40.650307,34.534224,0.887907,0.257828,0.306143,0.649,cuda
pds26,ami,058,left,058_left,5,4,144,bicjpeg85,36.452508,0.913549,33.084798,0.968682,4,0.053325,35.666059,41.574973,35.697533,0.909471,0.259247,0.271176,0.695,cuda
pds26,ami,058,right,058_right,5,4,144,bicjpeg85,35.280516,0.887564,32.165999,0.958603,4,0.061997,33.980179,40.720009,33.745084,0.869466,0.248361,0.276084,0.661,cuda
pds26,ami,058,up,058_up,5,4,144,bicjpeg85,35.179779,0.889851,32.128311,0.96089,4,0.061561,34.119727,40.570732,34.142418,0.879852,0.245821,0.295359,0.677,cuda
pds26,ami,058,zoom,058_zoom,5,4,144,bicjpeg85,35.802773,0.903215,32.597404,0.964959,4,0.060788,34.933581,40.687894,35.108377,0.894475,0.228684,0.27426,0.701,cuda
pds26,ami,059,back,059_back,3,4,144,bicjpeg85,36.288502,0.898219,33.236126,0.958978,4,0.058231,35.469162,41.011371,34.940445,0.889032,0.237351,0.264933,0.671,cuda
pds26,ami,059,down,059_down,3,4,144,bicjpeg85,36.042921,0.899187,33.281501,0.961305,4,0.059967,35.145215,40.946834,34.391048,0.882107,0.217757,0.300971,0.669,cuda
pds26,ami,059,front,059_front,3,4,144,bicjpeg85,35.948631,0.900586,33.03924,0.96365,4,0.053656,34.80003,41.221884,34.527617,0.88681,0.23759,0.287969,0.698,cuda
pds26,ami,059,left,059_left,3,4,144,bicjpeg85,35.981055,0.903616,33.256933,0.961768,4,0.058708,34.745695,40.932713,34.184081,0.889902,0.230767,0.273801,0.687,cuda
pds26,ami,059,right,059_right,3,4,144,bicjpeg85,35.556197,0.901718,32.655861,0.962985,4,0.059379,33.961227,40.750694,34.221286,0.886239,0.232882,0.261026,0.654,cuda
pds26,ami,059,up,059_up,3,4,144,bicjpeg85,35.525028,0.890399,32.690621,0.960715,4,0.058575,34.203627,40.952408,34.844471,0.892464,0.248132,0.28222,0.685,cuda
pds26,ami,059,zoom,059_zoom,3,4,144,bicjpeg85,36.373824,0.910447,33.368686,0.965615,4,0.052803,35.25244,40.979587,35.414679,0.895751,0.221208,0.287385,0.701,cuda
pds26,ami,061,back,061_back,2,4,144,bicjpeg85,36.295374,0.894408,33.19328,0.961557,4,0.057772,35.336521,41.595984,34.62375,0.876734,0.26537,0.276228,0.677,cuda
pds26,ami,061,down,061_down,2,4,144,bicjpeg85,35.711448,0.882994,32.906675,0.958793,4,0.057131,34.636153,41.126204,34.346121,0.879361,0.317284,0.284401,0.7,cuda
pds26,ami,061,front,061_front,2,4,144,bicjpeg85,35.672592,0.885016,32.751391,0.959355,4,0.062166,34.543923,41.084512,34.246126,0.870067,0.303145,0.274577,0.693,cuda
pds26,ami,061,left,061_left,2,4,144,bicjpeg85,36.197612,0.891135,33.134221,0.96111,4,0.059671,34.968165,41.886892,35.388804,0.888844,0.284301,0.299925,0.68,cuda
pds26,ami,061,right,061_right,2,4,144,bicjpeg85,35.933585,0.897081,32.834719,0.961749,4,0.059747,34.366666,41.615666,34.038793,0.869966,0.26699,0.25794,0.68,cuda
pds26,ami,061,up,061_up,2,4,144,bicjpeg85,35.907803,0.888424,32.789559,0.959212,4,0.058949,34.717595,41.355214,34.577116,0.882013,0.294009,0.267314,0.67,cuda
pds26,ami,061,zoom,061_zoom,2,4,144,bicjpeg85,36.387228,0.902281,32.950505,0.963387,4,0.058206,35.589363,41.09598,35.211991,0.894155,0.279994,0.295284,0.72,cuda
pds26,ami,062,back,062_back,3,4,144,bicjpeg85,34.639884,0.878232,32.263763,0.957651,4,0.065394,33.490085,40.17265,35.292263,0.896692,0.309188,0.286318,0.712,cuda
pds26,ami,062,down,062_down,3,4,144,bicjpeg85,35.161193,0.877436,32.608949,0.961969,4,0.057907,34.509146,40.691164,35.826146,0.903103,0.320008,0.303018,0.653,cuda
pds26,ami,062,front,062_front,3,4,144,bicjpeg85,34.552922,0.866872,32.060285,0.956148,4,0.063851,33.506789,40.381972,35.53481,0.897488,0.329544,0.303215,0.681,cuda
pds26,ami,062,left,062_left,3,4,144,bicjpeg85,35.825865,0.884737,33.20485,0.96096,4,0.058211,35.400277,40.977062,36.103966,0.901705,0.323116,0.292165,0.664,cuda
pds26,ami,062,right,062_right,3,4,144,bicjpeg85,34.987914,0.869743,32.254566,0.955427,4,0.059895,34.212107,40.443385,34.829725,0.884602,0.321529,0.312308,0.678,cuda
pds26,ami,062,up,062_up,3,4,144,bicjpeg85,33.661159,0.865568,31.352313,0.956917,4,0.063425,32.278202,40.283199,35.334407,0.889243,0.290892,0.303135,0.672,cuda
pds26,ami,062,zoom,062_zoom,3,4,144,bicjpeg85,35.72742,0.893912,33.050696,0.964121,4,0.056273,35.030444,41.022821,36.70837,0.910348,0.30408,0.292485,0.693,cuda
pds26,ami,063,back,063_back,4,4,144,bicjpeg85,35.856808,0.891714,32.833471,0.95909,4,0.058615,34.621261,41.214994,34.112579,0.871146,0.269734,0.246019,0.684,cuda
pds26,ami,063,down,063_down,4,4,144,bicjpeg85,35.412957,0.884621,32.610923,0.958774,4,0.06015,34.374041,40.970133,34.79197,0.898071,0.272581,0.293942,0.69,cuda
pds26,ami,063,front,063_front,4,4,144,bicjpeg85,35.581637,0.885699,32.854283,0.957676,4,0.059582,34.547431,40.940009,34.573165,0.891574,0.291943,0.319064,0.683,cuda
pds26,ami,063,left,063_left,4,4,144,bicjpeg85,36.270409,0.896159,33.101143,0.961072,4,0.055662,35.633017,41.370284,35.412301,0.894337,0.282341,0.275836,0.687,cuda
pds26,ami,063,right,063_right,4,4,144,bicjpeg85,35.377609,0.879061,32.600175,0.954815,4,0.060541,34.466019,40.538392,34.153377,0.880177,0.289088,0.304637,0.679,cuda
pds26,ami,063,up,063_up,4,4,144,bicjpeg85,35.242759,0.872467,32.487759,0.954913,4,0.065242,34.176201,40.782497,34.408551,0.876354,0.305505,0.298711,0.663,cuda
pds26,ami,063,zoom,063_zoom,4,4,144,bicjpeg85,36.539441,0.907787,33.333963,0.9653,4,0.053609,35.688481,41.283805,35.559418,0.905782,0.247861,0.308091,0.7,cuda
pds26,ami,064,back,064_back,5,4,144,bicjpeg85,34.70601,0.863874,31.958709,0.952473,4,0.065211,33.457029,40.546429,33.451134,0.864328,0.311496,0.29127,0.677,cuda
pds26,ami,064,down,064_down,5,4,144,bicjpeg85,34.767953,0.862335,32.266069,0.952427,4,0.063267,33.500304,40.557785,34.040853,0.883132,0.30161,0.285566,0.683,cuda
pds26,ami,064,front,064_front,5,4,144,bicjpeg85,35.374479,0.878297,32.691582,0.955645,4,0.058533,34.521103,40.67986,34.088036,0.878286,0.289405,0.270682,0.693,cuda
pds26,ami,064,left,064_left,5,4,144,bicjpeg85,35.379632,0.8769,32.691014,0.955959,4,0.064728,34.529222,40.779501,34.567536,0.885996,0.295557,0.274172,0.674,cuda
pds26,ami,064,right,064_right,5,4,144,bicjpeg85,35.289563,0.877504,32.508571,0.95722,4,0.062063,34.135399,40.869431,33.713914,0.859753,0.299018,0.293028,0.69,cuda
pds26,ami,064,up,064_up,5,4,144,bicjpeg85,35.048531,0.868423,32.387708,0.951965,4,0.065496,34.100868,40.4505,33.672308,0.857454,0.294668,0.271648,0.678,cuda
pds26,ami,064,zoom,064_zoom,5,4,144,bicjpeg85,35.761243,0.888489,32.81318,0.959932,4,0.05794,34.886716,40.838355,34.779768,0.884213,0.264079,0.272022,0.693,cuda
pds26,ami,065,back,065_back,3,4,144,bicjpeg85,34.36205,0.865388,31.826112,0.950178,4,0.068894,33.085395,39.815719,33.605095,0.879046,0.30292,0.27605,0.679,cuda
pds26,ami,065,down,065_down,3,4,144,bicjpeg85,35.900246,0.896767,33.085562,0.96509,4,0.055425,34.704676,41.285202,35.167708,0.894673,0.303356,0.301343,0.673,cuda
pds26,ami,065,front,065_front,3,4,144,bicjpeg85,34.94665,0.872989,32.281919,0.956243,4,0.072316,33.611321,40.689156,34.482485,0.874053,0.31248,0.280217,0.689,cuda
pds26,ami,065,left,065_left,3,4,144,bicjpeg85,36.953485,0.908465,34.01498,0.965799,4,0.04977,36.074152,41.87141,36.417666,0.910205,0.29068,0.304426,0.655,cuda
pds26,ami,065,right,065_right,3,4,144,bicjpeg85,35.07936,0.885997,32.209245,0.960144,4,0.066771,33.667935,40.661783,34.214147,0.882251,0.313388,0.292536,0.677,cuda
pds26,ami,065,up,065_up,3,4,144,bicjpeg85,34.762051,0.868999,32.203635,0.954939,4,0.068733,33.87944,40.098036,35.057822,0.885696,0.269891,0.276243,0.663,cuda
pds26,ami,065,zoom,065_zoom,3,4,144,bicjpeg85,36.489131,0.90627,33.340361,0.964031,4,0.054549,35.69845,41.028079,35.932131,0.908314,0.267755,0.270522,0.702,cuda
pds26,ami,066,back,066_back,4,4,144,bicjpeg85,35.950923,0.896983,32.897707,0.96248,4,0.058332,34.901418,40.871802,34.417437,0.891166,0.262368,0.277328,0.672,cuda
pds26,ami,066,down,066_down,4,4,144,bicjpeg85,35.738899,0.893229,33.000974,0.959344,4,0.057143,34.859474,40.751518,34.431534,0.881061,0.269156,0.286213,0.692,cuda
pds26,ami,066,front,066_front,4,4,144,bicjpeg85,35.748305,0.891603,32.973185,0.959297,4,0.057449,34.78286,40.711057,34.423283,0.879627,0.267703,0.285066,0.688,cuda
pds26,ami,066,left,066_left,4,4,144,bicjpeg85,36.37997,0.902341,33.689356,0.963374,4,0.054138,35.52631,41.232275,35.001996,0.887584,0.273481,0.30334,0.667,cuda
pds26,ami,066,right,066_right,4,4,144,bicjpeg85,35.631984,0.894046,32.546956,0.96037,4,0.062588,34.504109,40.813355,33.674291,0.86594,0.268355,0.276373,0.673,cuda
pds26,ami,066,up,066_up,4,4,144,bicjpeg85,35.197486,0.881192,32.32786,0.956017,4,0.064321,34.286992,40.489001,33.956513,0.86914,0.284769,0.272365,0.706,cuda
pds26,ami,066,zoom,066_zoom,4,4,144,bicjpeg85,36.232827,0.901408,33.229578,0.961825,4,0.057626,35.614298,40.842133,35.447674,0.890919,0.255629,0.280171,0.67,cuda
pds26,ami,067,back,067_back,2,4,144,bicjpeg85,35.189513,0.868701,32.342594,0.952488,4,0.05971,34.310001,40.454336,33.823653,0.859575,0.334139,0.294227,0.689,cuda
pds26,ami,067,down,067_down,2,4,144,bicjpeg85,34.951313,0.863484,32.276521,0.952203,4,0.063481,34.199067,40.488444,34.523952,0.873695,0.329054,0.300302,0.662,cuda
pds26,ami,067,front,067_front,2,4,144,bicjpeg85,34.932688,0.859098,32.124,0.950184,4,0.06362,34.205104,40.375349,34.257327,0.864298,0.344729,0.298459,0.672,cuda
pds26,ami,067,left,067_left,2,4,144,bicjpeg85,35.13508,0.862107,32.672269,0.952512,4,0.064645,34.423098,40.684597,35.48342,0.891723,0.372826,0.312968,0.683,cuda
pds26,ami,067,right,067_right,2,4,144,bicjpeg85,35.056403,0.875766,32.054277,0.957742,4,0.059568,34.060267,40.547091,33.731943,0.866387,0.331389,0.296133,0.684,cuda
pds26,ami,067,up,067_up,2,4,144,bicjpeg85,35.062208,0.863016,32.254653,0.951597,4,0.06182,34.262358,40.442875,34.213891,0.862094,0.293648,0.279106,0.656,cuda
pds26,ami,067,zoom,067_zoom,2,4,144,bicjpeg85,35.66766,0.882335,32.609074,0.958384,4,0.057256,35.042543,40.716518,35.347601,0.891947,0.316988,0.28725,0.695,cuda
pds26,ami,068,back,068_back,2,4,144,bicjpeg85,34.000794,0.846781,31.404798,0.946253,4,0.071187,32.958399,39.685659,33.040784,0.858444,0.291785,0.274974,0.687,cuda
pds26,ami,068,down,068_down,2,4,144,bicjpeg85,34.541492,0.873867,31.971565,0.958572,4,0.063202,33.550571,40.268055,34.154107,0.891068,0.281072,0.282947,0.666,cuda
pds26,ami,068,front,068_front,2,4,144,bicjpeg85,34.571096,0.871391,31.922285,0.957218,4,0.070097,33.657847,39.963707,34.077299,0.88434,0.28325,0.275781,0.692,cuda
pds26,ami,068,left,068_left,2,4,144,bicjpeg85,35.102952,0.878667,32.47784,0.957396,4,0.06256,34.467199,40.455397,34.805057,0.886471,0.30689,0.30445,0.655,cuda
pds26,ami,068,right,068_right,2,4,144,bicjpeg85,34.446982,0.869104,31.768523,0.954235,4,0.068456,33.407612,39.628817,33.010135,0.867202,0.278206,0.293562,0.697,cuda
pds26,ami,068,up,068_up,2,4,144,bicjpeg85,34.304097,0.866918,31.682239,0.959301,4,0.071106,33.398128,40.114353,33.981197,0.882602,0.28427,0.284069,0.673,cuda
pds26,ami,068,zoom,068_zoom,2,4,144,bicjpeg85,35.488125,0.895026,32.61922,0.963939,4,0.058757,34.509351,40.400595,34.806655,0.893619,0.250277,0.265424,0.691,cuda
pds26,ami,069,back,069_back,4,4,144,bicjpeg85,34.808404,0.870196,31.888123,0.95511,4,0.065882,33.552028,40.265789,33.446753,0.857808,0.267878,0.283255,0.671,cuda
pds26,ami,069,down,069_down,4,4,144,bicjpeg85,33.570767,0.859095,31.315012,0.954196,4,0.067982,32.337546,39.369009,32.639412,0.858824,0.326457,0.296497,0.687,cuda
pds26,ami,069,front,069_front,4,4,144,bicjpeg85,34.030491,0.858744,31.709925,0.953818,4,0.064874,32.784714,39.762527,32.220629,0.844429,0.300046,0.266831,0.675,cuda
pds26,ami,069,left,069_left,4,4,144,bicjpeg85,34.334857,0.870585,32.048354,0.954803,4,0.067103,33.027817,40.421467,32.782659,0.84957,0.264549,0.295735,0.686,cuda
pds26,ami,069,right,069_right,4,4,144,bicjpeg85,34.804951,0.884654,32.256427,0.960295,4,0.058338,33.67674,40.270938,32.433423,0.853367,0.265158,0.26925,0.678,cuda
pds26,ami,069,up,069_up,4,4,144,bicjpeg85,34.235862,0.868466,31.869726,0.959175,4,0.066283,33.017155,39.945683,32.684059,0.847884,0.276698,0.278228,0.69,cuda
pds26,ami,069,zoom,069_zoom,4,4,144,bicjpeg85,34.621151,0.877194,31.966524,0.96108,4,0.065893,33.500887,39.949252,33.690275,0.871611,0.239483,0.272178,0.7,cuda
pds26,ami,070,back,070_back,3,4,144,bicjpeg85,35.161609,0.883659,31.769839,0.956262,4,0.062494,34.191805,40.169197,34.004966,0.873052,0.272472,0.253178,0.675,cuda
pds26,ami,070,down,070_down,3,4,144,bicjpeg85,34.196699,0.86451,31.413211,0.956135,4,0.06891,33.233049,39.909615,33.935848,0.872508,0.25108,0.288809,0.689,cuda
pds26,ami,070,front,070_front,3,4,144,bicjpeg85,34.440059,0.872216,31.406074,0.954573,4,0.068645,33.417736,39.834902,33.322572,0.859424,0.260519,0.282315,0.67,cuda
pds26,ami,070,left,070_left,3,4,144,bicjpeg85,35.268173,0.883382,32.334985,0.960336,4,0.063918,34.200886,40.773505,34.817072,0.889844,0.260389,0.309492,0.702,cuda
pds26,ami,070,right,070_right,3,4,144,bicjpeg85,34.936973,0.880678,31.860572,0.95588,4,0.065096,33.73305,40.371217,33.491466,0.853424,0.265063,0.263689,0.678,cuda
pds26,ami,070,up,070_up,3,4,144,bicjpeg85,34.477205,0.874537,31.505323,0.954195,4,0.0718,32.999627,40.264578,33.62987,0.867843,0.283891,0.265948,0.669,cuda
pds26,ami,070,zoom,070_zoom,3,4,144,bicjpeg85,36.007446,0.899523,32.400034,0.96413,4,0.054122,35.071458,40.99763,35.477331,0.893931,0.211378,0.22795,0.705,cuda
pds26,ami,071,back,071_back,2,4,144,bicjpeg85,34.518677,0.871027,31.947855,0.954577,4,0.067946,33.492132,39.977948,34.154483,0.876302,0.286285,0.291587,0.673,cuda
pds26,ami,071,down,071_down,2,4,144,bicjpeg85,33.528651,0.860397,31.005474,0.95543,4,0.069192,32.267026,39.458345,33.591459,0.872443,0.300956,0.275441,0.667,cuda
pds26,ami,071,front,071_front,2,4,144,bicjpeg85,33.366604,0.859613,30.814864,0.954114,4,0.07246,31.798946,39.40063,32.691588,0.861352,0.309826,0.286372,0.697,cuda
pds26,ami,071,left,071_left,2,4,144,bicjpeg85,34.160979,0.870624,31.569183,0.95753,4,0.065175,32.708706,39.99492,34.326427,0.886047,0.303526,0.275124,0.67,cuda
pds26,ami,071,right,071_right,2,4,144,bicjpeg85,34.474572,0.869347,31.537212,0.953465,4,0.069587,33.173479,40.076583,33.112529,0.861369,0.289128,0.274521,0.691,cuda
pds26,ami,071,up,071_up,2,4,144,bicjpeg85,33.304217,0.851039,30.715923,0.952112,4,0.077218,31.91682,39.556913,32.991299,0.861741,0.296965,0.266584,0.699,cuda
pds26,ami,071,zoom,071_zoom,2,4,144,bicjpeg85,34.580998,0.883741,31.671272,0.961979,4,0.062687,33.138578,40.268953,34.46101,0.888446,0.252213,0.275729,0.668,cuda
pds26,ami,072,back,072_back,1,4,144,bicjpeg85,36.3096,0.899154,32.977467,0.961484,4,0.056114,35.47973,41.341158,34.649496,0.882464,0.251591,0.270412,0.671,cuda
pds26,ami,072,down,072_down,1,4,144,bicjpeg85,36.45353,0.900682,33.378777,0.960082,4,0.050588,35.825565,41.226516,35.327899,0.89729,0.253079,0.29238,0.665,cuda
pds26,ami,072,front,072_front,1,4,144,bicjpeg85,36.996574,0.912965,33.894688,0.965183,4,0.04849,36.416335,41.758454,35.385851,0.896055,0.255368,0.265456,0.691,cuda
pds26,ami,072,left,072_left,1,4,144,bicjpeg85,36.673654,0.903759,33.579595,0.96263,4,0.050873,35.975851,41.71899,35.663862,0.897958,0.290772,0.309937,0.694,cuda
pds26,ami,072,right,072_right,1,4,144,bicjpeg85,37.087262,0.916973,34.02559,0.967224,4,0.051256,36.568009,41.661571,35.267608,0.895963,0.210787,0.240767,0.699,cuda
pds26,ami,072,up,072_up,1,4,144,bicjpeg85,36.743859,0.907868,33.613266,0.962736,4,0.052124,36.159586,41.307767,35.073535,0.885034,0.228489,0.264027,0.682,cuda
pds26,ami,072,zoom,072_zoom,1,4,144,bicjpeg85,37.634233,0.923592,34.178744,0.968269,4,0.045818,37.149414,42.079292,36.156289,0.911945,0.205754,0.259436,0.664,cuda
pds26,ami,073,back,073_back,1,4,144,bicjpeg85,36.137581,0.901302,32.840431,0.963301,4,0.052849,35.222211,41.26021,34.700599,0.883658,0.232396,0.263143,0.698,cuda
pds26,ami,073,down,073_down,1,4,144,bicjpeg85,35.629818,0.899816,32.830542,0.967146,4,0.058619,34.643399,41.227362,35.480276,0.904886,0.243545,0.267868,0.684,cuda
pds26,ami,073,front,073_front,1,4,144,bicjpeg85,35.518501,0.890836,32.635157,0.961547,4,0.06234,34.685197,40.758282,34.820487,0.885185,0.285582,0.270989,0.675,cuda
pds26,ami,073,left,073_left,1,4,144,bicjpeg85,36.135325,0.900837,33.375807,0.964348,4,0.058482,35.481182,41.473701,35.488854,0.893825,0.258064,0.296404,0.707,cuda
pds26,ami,073,right,073_right,1,4,144,bicjpeg85,35.755998,0.898707,32.648816,0.961845,4,0.057846,34.884878,41.048309,34.494621,0.881387,0.245128,0.271861,0.68,cuda
pds26,ami,073,up,073_up,1,4,144,bicjpeg85,35.444157,0.887677,32.524621,0.961313,4,0.056071,34.630385,40.959937,35.557816,0.901253,0.245318,0.273885,0.683,cuda
pds26,ami,073,zoom,073_zoom,1,4,144,bicjpeg85,36.828416,0.912619,33.566841,0.967953,4,0.053625,36.051226,41.60587,35.69313,0.905223,0.261362,0.284483,0.698,cuda
pds26,ami,074,back,074_back,1,4,144,bicjpeg85,35.113928,0.874585,32.586572,0.953735,4,0.06512,34.452455,40.17161,34.142614,0.875273,0.288062,0.289301,0.69,cuda
pds26,ami,074,down,074_down,1,4,144,bicjpeg85,34.744407,0.860172,32.320832,0.950947,4,0.070545,33.635222,40.514366,34.764349,0.882816,0.273157,0.279009,0.652,cuda
pds26,ami,074,front,074_front,1,4,144,bicjpeg85,34.851362,0.861005,32.271044,0.951219,4,0.06983,33.720424,40.5423,34.611994,0.881149,0.309574,0.277857,0.684,cuda
pds26,ami,074,left,074_left,1,4,144,bicjpeg85,35.217182,0.868819,32.670965,0.952679,4,0.067679,34.305413,40.621125,35.54536,0.892936,0.28427,0.280964,0.677,cuda
pds26,ami,074,right,074_right,1,4,144,bicjpeg85,35.040146,0.882793,31.989874,0.959198,4,0.060484,33.906147,40.817612,34.347689,0.88542,0.282813,0.297807,0.667,cuda
pds26,ami,074,up,074_up,1,4,144,bicjpeg85,34.537909,0.857552,32.017592,0.949487,4,0.068812,33.568217,40.201313,34.296904,0.877215,0.263725,0.273299,0.707,cuda
pds26,ami,074,zoom,074_zoom,1,4,144,bicjpeg85,35.787151,0.888559,33.044149,0.95932,4,0.062035,35.11938,40.688056,35.698981,0.905155,0.277547,0.272491,0.642,cuda
pds26,ami,075,back,075_back,3,4,144,bicjpeg85,34.521965,0.857608,31.217318,0.949307,4,0.06834,33.522457,40.210422,34.392208,0.876971,0.306026,0.282571,0.68,cuda
pds26,ami,075,down,075_down,3,4,144,bicjpeg85,34.338453,0.859165,31.281158,0.954062,4,0.068231,32.961712,40.554487,34.910466,0.88966,0.335038,0.311492,0.685,cuda
pds26,ami,075,front,075_front,3,4,144,bicjpeg85,33.895391,0.846365,30.936355,0.950736,4,0.067382,32.585749,40.037317,34.430693,0.878102,0.289128,0.307214,0.668,cuda
pds26,ami,075,left,075_left,3,4,144,bicjpeg85,34.973068,0.878079,32.127312,0.956605,4,0.066213,33.85981,40.773415,35.568205,0.899347,0.292445,0.289325,0.675,cuda
pds26,ami,075,right,075_right,3,4,144,bicjpeg85,34.817175,0.871724,31.619318,0.955516,4,0.067587,33.532307,40.43344,34.257648,0.860307,0.301539,0.282772,0.698,cuda
pds26,ami,075,up,075_up,3,4,144,bicjpeg85,33.647349,0.844024,30.9036,0.948108,4,0.067812,32.456818,39.780835,34.195542,0.874256,0.299124,0.288928,0.687,cuda
pds26,ami,075,zoom,075_zoom,3,4,144,bicjpeg85,35.214406,0.892275,31.763781,0.963973,4,0.061422,34.091353,40.710282,36.05489,0.907415,0.286529,0.294497,0.687,cuda
pds26,ami,076,back,076_back,5,4,144,bicjpeg85,35.846246,0.890756,32.285333,0.959964,4,0.057743,34.735878,41.075315,34.629929,0.895833,0.246734,0.254833,0.687,cuda
pds26,ami,076,down,076_down,5,4,144,bicjpeg85,35.165382,0.875929,31.969974,0.956401,4,0.065698,34.056083,40.589175,33.947676,0.883995,0.280934,0.282269,0.69,cuda
pds26,ami,076,front,076_front,5,4,144,bicjpeg85,35.316856,0.88174,32.095449,0.958294,4,0.066867,34.119059,40.791647,34.224096,0.893184,0.27674,0.28308,0.656,cuda
pds26,ami,076,left,076_left,5,4,144,bicjpeg85,35.955283,0.888012,32.662847,0.95985,4,0.054399,35.274629,41.059221,34.942057,0.891826,0.300332,0.289213,0.673,cuda
pds26,ami,076,right,076_right,5,4,144,bicjpeg85,35.044547,0.875216,31.806642,0.954775,4,0.064458,34.099867,40.597837,33.851765,0.879859,0.298702,0.273299,0.696,cuda
pds26,ami,076,up,076_up,5,4,144,bicjpeg85,34.953239,0.872876,31.799212,0.953644,4,0.065498,33.964326,40.471567,34.266528,0.888139,0.289438,0.264044,0.678,cuda
pds26,ami,076,zoom,076_zoom,5,4,144,bicjpeg85,36.493234,0.908896,32.643466,0.96718,4,0.050153,35.76791,41.315237,35.774346,0.911991,0.256053,0.28451,0.695,cuda
pds26,ami,077,back,077_back,2,4,144,bicjpeg85,36.253525,0.889622,33.310516,0.956048,4,0.060415,35.297174,41.180113,34.755623,0.883973,0.260439,0.309971,0.693,cuda
pds26,ami,077,down,077_down,2,4,144,bicjpeg85,35.221508,0.861793,32.592324,0.949812,4,0.059138,34.260293,40.682901,33.842248,0.859838,0.353724,0.312233,0.684,cuda
pds26,ami,077,front,077_front,2,4,144,bicjpeg85,35.840865,0.87398,33.023229,0.953472,4,0.056128,34.733819,41.259874,34.362088,0.873294,0.303928,0.3281,0.684,cuda
pds26,ami,077,left,077_left,2,4,144,bicjpeg85,35.840816,0.883537,33.226074,0.955925,4,0.061592,35.197226,40.60582,34.905223,0.884461,0.305801,0.2852,0.674,cuda
pds26,ami,077,right,077_right,2,4,144,bicjpeg85,36.614792,0.906747,33.438928,0.963364,4,0.054345,35.3959,41.542711,34.643972,0.885665,0.245384,0.319431,0.694,cuda
pds26,ami,077,up,077_up,2,4,144,bicjpeg85,35.73598,0.873806,33.018077,0.953918,4,0.05525,34.772298,41.235711,34.276545,0.865695,0.301337,0.302779,0.668,cuda
pds26,ami,077,zoom,077_zoom,2,4,144,bicjpeg85,36.123417,0.889644,33.112017,0.958851,4,0.057,35.108342,41.15679,34.773893,0.883798,0.259273,0.296356,0.697,cuda
pds26,ami,078,back,078_back,2,4,144,bicjpeg85,35.114768,0.877017,32.302333,0.95269,4,0.066724,34.26045,40.437756,33.743225,0.865153,0.273738,0.293526,0.667,cuda
pds26,ami,078,down,078_down,2,4,144,bicjpeg85,34.564865,0.862708,32.079751,0.949571,4,0.068562,33.452942,40.076014,33.639024,0.869497,0.303716,0.303047,0.691,cuda
pds26,ami,078,front,078_front,2,4,144,bicjpeg85,35.2412,0.880627,32.553905,0.954272,4,0.065758,34.385584,40.355495,34.052517,0.876148,0.267905,0.279645,0.67,cuda
pds26,ami,078,left,078_left,2,4,144,bicjpeg85,34.668602,0.865285,32.12852,0.94684,4,0.073533,33.813072,39.916733,33.58855,0.85876,0.287555,0.295374,0.705,cuda
pds26,ami,078,right,078_right,2,4,144,bicjpeg85,35.333046,0.885894,32.407916,0.956848,4,0.060905,34.29917,40.39412,34.13059,0.88183,0.292947,0.282209,0.689,cuda
pds26,ami,078,up,078_up,2,4,144,bicjpeg85,35.001428,0.873753,32.392691,0.949252,4,0.069578,34.308515,40.120007,34.187474,0.871871,0.293005,0.282695,0.674,cuda
pds26,ami,078,zoom,078_zoom,2,4,144,bicjpeg85,36.185997,0.904809,33.314801,0.962415,4,0.057398,35.304437,40.941061,34.783414,0.891378,0.256823,0.278579,0.66,cuda
pds26,ami,079,back,079_back,4,4,144,bicjpeg85,34.49428,0.860934,31.493164,0.951553,4,0.065868,33.522346,40.39703,33.814345,0.850068,0.346761,0.278501,0.703,cuda
pds26,ami,079,down,079_down,4,4,144,bicjpeg85,34.521773,0.873101,31.851815,0.954375,4,0.063727,33.68574,40.593014,33.861864,0.867422,0.280055,0.285898,0.676,cuda
pds26,ami,079,front,079_front,4,4,144,bicjpeg85,34.319543,0.860224,31.601385,0.951563,4,0.065906,33.394077,40.309166,33.669911,0.86862,0.35219,0.307948,0.653,cuda
pds26,ami,079,left,079_left,4,4,144,bicjpeg85,35.291411,0.883398,32.576947,0.95746,4,0.060123,34.65949,40.778085,34.933199,0.880525,0.340547,0.302231,0.679,cuda
pds26,ami,079,right,079_right,4,4,144,bicjpeg85,34.892804,0.881482,31.908625,0.956706,4,0.063732,33.903069,40.549566,33.451855,0.857945,0.307518,0.258595,0.701,cuda
pds26,ami,079,up,079_up,4,4,144,bicjpeg85,33.953401,0.850219,31.230026,0.949411,4,0.064174,33.021215,40.180015,33.392394,0.856302,0.318026,0.307255,0.689,cuda
pds26,ami,079,zoom,079_zoom,4,4,144,bicjpeg85,34.900732,0.875616,31.87563,0.954894,4,0.064877,33.912938,40.718944,34.378125,0.878731,0.313614,0.291992,0.668,cuda
pds26,ami,080,back,080_back,3,4,144,bicjpeg85,36.435453,0.898325,33.674937,0.96143,4,0.054718,35.698549,41.586613,34.461258,0.874818,0.269018,0.302933,0.677,cuda
pds26,ami,080,down,080_down,3,4,144,bicjpeg85,36.678155,0.902569,33.924632,0.961394,4,0.052356,35.923418,41.683858,34.589169,0.876152,0.29477,0.322774,0.658,cuda
pds26,ami,080,front,080_front,3,4,144,bicjpeg85,36.504529,0.900725,33.7876,0.960705,4,0.054742,35.641845,41.79231,34.381357,0.871561,0.285308,0.329467,0.669,cuda
pds26,ami,080,left,080_left,3,4,144,bicjpeg85,36.743486,0.901093,33.933775,0.961466,4,0.052527,35.825568,42.004959,34.900664,0.874463,0.327722,0.32828,0.684,cuda
pds26,ami,080,right,080_right,3,4,144,bicjpeg85,36.375775,0.907437,33.546791,0.963595,4,0.056058,35.106124,41.52135,33.987567,0.873766,0.274607,0.316518,0.666,cuda
pds26,ami,080,up,080_up,3,4,144,bicjpeg85,36.200987,0.885935,33.495904,0.956908,4,0.057186,35.385152,41.588094,34.532293,0.866911,0.310514,0.33114,0.685,cuda
pds26,ami,080,zoom,080_zoom,3,4,144,bicjpeg85,36.842963,0.90967,33.786096,0.963593,4,0.056369,36.003284,41.709348,34.787828,0.889886,0.279898,0.319871,0.665,cuda
pds26,ami,081,back,081_back,1,4,144,bicjpeg85,35.749352,0.884798,32.517368,0.956899,4,0.060333,34.713838,41.255628,33.825787,0.85372,0.315733,0.311339,0.711,cuda
pds26,ami,081,down,081_down,1,4,144,bicjpeg85,34.998449,0.861311,32.288425,0.947315,4,0.061733,33.776703,40.716115,33.079815,0.832614,0.365308,0.322354,0.668,cuda
pds26,ami,081,front,081_front,1,4,144,bicjpeg85,35.028376,0.858182,32.194296,0.948072,4,0.062742,33.876823,40.780715,33.424095,0.837862,0.390538,0.340958,0.668,cuda
pds26,ami,081,left,081_left,1,4,144,bicjpeg85,35.928194,0.872218,33.161827,0.952956,4,0.055899,35.008984,41.784887,34.462886,0.851092,0.359289,0.325237,0.648,cuda
pds26,ami,081,right,081_right,1,4,144,bicjpeg85,36.966411,0.919319,33.657003,0.968647,4,0.048708,35.793272,42.075371,34.377231,0.882166,0.259046,0.307285,0.705,cuda
pds26,ami,081,up,081_up,1,4,144,bicjpeg85,34.569797,0.849871,31.881967,0.948232,4,0.069123,33.322902,40.708115,33.201984,0.833913,0.344291,0.323638,0.703,cuda
pds26,ami,081,zoom,081_zoom,1,4,144,bicjpeg85,35.432212,0.874823,32.357816,0.951202,4,0.064527,34.312041,40.732206,33.61253,0.855387,0.331331,0.311433,0.666,cuda
pds26,ami,082,back,082_back,2,4,144,bicjpeg85,35.723892,0.897139,32.780874,0.961316,4,0.06085,34.306382,41.33481,33.654966,0.875944,0.241529,0.300597,0.674,cuda
pds26,ami,082,down,082_down,2,4,144,bicjpeg85,34.746096,0.869371,32.091935,0.954697,4,0.066222,33.302124,40.692208,33.291983,0.870814,0.289039,0.311066,0.656,cuda
pds26,ami,082,front,082_front,2,4,144,bicjpeg85,34.629565,0.863552,32.070826,0.952464,4,0.070772,33.195983,40.643377,33.374969,0.8699,0.324771,0.302722,0.657,cuda
pds26,ami,082,left,082_left,2,4,144,bicjpeg85,34.976006,0.880114,32.295491,0.959511,4,0.0601,33.528708,40.750142,33.307437,0.875047,0.306299,0.271535,0.667,cuda
pds26,ami,082,right,082_right,2,4,144,bicjpeg85,35.883204,0.891586,33.041788,0.959417,4,0.059356,34.607361,41.543618,34.097048,0.879793,0.276809,0.283798,0.665,cuda
pds26,ami,082,up,082_up,2,4,144,bicjpeg85,35.477717,0.884403,32.595976,0.959101,4,0.060665,34.079215,41.015483,33.827522,0.874624,0.280171,0.294856,0.699,cuda
pds26,ami,082,zoom,082_zoom,2,4,144,bicjpeg85,35.453665,0.886643,32.493997,0.962135,4,0.059161,34.126001,40.883742,34.562223,0.899036,0.250148,0.283661,0.673,cuda
pds26,ami,083,back,083_back,4,4,144,bicjpeg85,34.724691,0.86226,31.839837,0.951215,4,0.067527,33.497494,40.499507,34.422003,0.876832,0.284421,0.316414,0.686,cuda
pds26,ami,083,down,083_down,4,4,144,bicjpeg85,34.031283,0.83346,31.430772,0.942573,4,0.072466,32.393646,40.25256,33.481607,0.863293,0.335208,0.310812,0.688,cuda
pds26,ami,083,front,083_front,4,4,144,bicjpeg85,33.819663,0.833465,31.244802,0.944379,4,0.07365,32.341116,39.856424,33.468217,0.860203,0.295686,0.308411,0.671,cuda
pds26,ami,083,left,083_left,4,4,144,bicjpeg85,35.019627,0.862554,32.05573,0.954494,4,0.068215,33.552814,40.876191,34.531231,0.879828,0.28536,0.301144,0.693,cuda
pds26,ami,083,right,083_right,4,4,144,bicjpeg85,35.448181,0.886767,32.513877,0.960862,4,0.059944,34.178049,41.252914,33.947535,0.869946,0.274615,0.309376,0.706,cuda
pds26,ami,083,up,083_up,4,4,144,bicjpeg85,33.843427,0.831396,31.241006,0.942851,4,0.075695,32.368508,40.062264,33.6216,0.858059,0.338997,0.305742,0.687,cuda
pds26,ami,083,zoom,083_zoom,4,4,144,bicjpeg85,35.054372,0.866946,32.090978,0.955541,4,0.063585,33.851593,40.315917,34.912491,0.88993,0.291911,0.33007,0.661,cuda
pds26,ami,084,back,084_back,3,4,144,bicjpeg85,35.000895,0.864865,32.417908,0.951381,4,0.063447,33.992781,40.897589,33.854296,0.862201,0.305864,0.283866,0.665,cuda
pds26,ami,084,down,084_down,3,4,144,bicjpeg85,34.129806,0.854253,31.767599,0.950038,4,0.067234,33.176373,40.246097,33.661738,0.867467,0.322865,0.309617,0.681,cuda
pds26,ami,084,front,084_front,3,4,144,bicjpeg85,34.361079,0.862471,32.045643,0.954166,4,0.066889,33.219805,40.56842,33.930694,0.868202,0.311592,0.310438,0.66,cuda
pds26,ami,084,left,084_left,3,4,144,bicjpeg85,34.97535,0.86714,32.687999,0.951739,4,0.064736,33.988591,40.791473,34.551021,0.875586,0.308454,0.316521,0.646,cuda
pds26,ami,084,right,084_right,3,4,144,bicjpeg85,35.19552,0.878752,32.51579,0.957136,4,0.060787,33.967905,40.920967,33.67324,0.865389,0.29384,0.27586,0.686,cuda
pds26,ami,084,up,084_up,3,4,144,bicjpeg85,33.891315,0.849199,31.553549,0.948488,4,0.069554,32.866878,39.901102,33.292164,0.851907,0.299715,0.298933,0.683,cuda
pds26,ami,084,zoom,084_zoom,3,4,144,bicjpeg85,34.86108,0.878986,32.314812,0.957849,4,0.060436,33.72294,40.380192,34.388944,0.884446,0.310302,0.311057,0.666,cuda
pds26,ami,085,back,085_back,4,4,144,bicjpeg85,36.263618,0.885105,33.220047,0.956404,4,0.059138,35.562645,41.714372,34.97249,0.870916,0.289559,0.281032,0.671,cuda
pds26,ami,085,down,085_down,4,4,144,bicjpeg85,35.61004,0.872002,33.18136,0.953686,4,0.059738,34.575582,41.441142,34.899423,0.875557,0.331889,0.314293,0.698,cuda
pds26,ami,085,front,085_front,4,4,144,bicjpeg85,36.080284,0.883771,33.503375,0.95803,4,0.056037,35.042334,41.54169,35.25376,0.884505,0.311096,0.304701,0.68,cuda
pds26,ami,085,left,085_left,4,4,144,bicjpeg85,36.258284,0.883723,33.306538,0.956967,4,0.058029,35.304723,41.921135,35.722501,0.88683,0.303261,0.282148,0.686,cuda
pds26,ami,085,right,085_right,4,4,144,bicjpeg85,35.648097,0.880203,32.803205,0.955055,4,0.060871,34.604311,40.929517,34.202773,0.870398,0.311697,0.273286,0.677,cuda
pds26,ami,085,up,085_up,4,4,144,bicjpeg85,35.453213,0.867534,32.944422,0.952348,4,0.06461,34.594584,41.086543,34.654402,0.862569,0.300589,0.312428,0.685,cuda
pds26,ami,085,zoom,085_zoom,4,4,144,bicjpeg85,36.276572,0.892607,33.480098,0.962469,4,0.053867,35.46052,41.631621,35.632503,0.892336,0.299373,0.28993,0.664,cuda
pds26,ami,086,back,086_back,5,4,144,bicjpeg85,35.316006,0.882733,32.206452,0.957448,4,0.056864,34.331507,40.644599,33.560539,0.866372,0.271762,0.266006,0.666,cuda
pds26,ami,086,down,086_down,5,4,144,bicjpeg85,34.908394,0.869404,32.09839,0.955401,4,0.060884,33.814704,40.706358,33.978345,0.873444,0.293968,0.285601,0.692,cuda
pds26,ami,086,front,086_front,5,4,144,bicjpeg85,34.172065,0.85679,31.636562,0.950159,4,0.071334,33.146132,39.857018,33.180466,0.862909,0.299838,0.285678,0.689,cuda
pds26,ami,086,left,086_left,5,4,144,bicjpeg85,35.38045,0.874563,32.487836,0.955344,4,0.064788,34.534145,40.861033,34.556148,0.87632,0.255056,0.288025,0.672,cuda
pds26,ami,086,right,086_right,5,4,144,bicjpeg85,35.937237,0.895799,32.547034,0.960637,4,0.055922,35.098134,40.938312,34.498799,0.882134,0.293801,0.281712,0.691,cuda
pds26,ami,086,up,086_up,5,4,144,bicjpeg85,34.71972,0.871095,31.733379,0.95373,4,0.064125,33.510982,40.22815,33.292285,0.868769,0.28817,0.267602,0.677,cuda
pds26,ami,086,zoom,086_zoom,5,4,144,bicjpeg85,34.956398,0.87992,32.122476,0.956043,4,0.06184,34.164673,40.211321,34.092519,0.88099,0.277611,0.277715,0.667,cuda
pds26,ami,087,back,087_back,4,4,144,bicjpeg85,34.900208,0.865018,32.205394,0.950489,4,0.065536,34.079818,40.462169,33.643162,0.860991,0.315629,0.287303,0.689,cuda
pds26,ami,087,down,087_down,4,4,144,bicjpeg85,35.299847,0.885837,32.521866,0.960608,4,0.059304,34.303258,40.651737,33.971658,0.875273,0.287433,0.29589,0.69,cuda
pds26,ami,087,front,087_front,4,4,144,bicjpeg85,35.549122,0.890105,32.684835,0.958587,4,0.06483,34.458207,40.661997,33.804165,0.87314,0.260542,0.276937,0.677,cuda
pds26,ami,087,left,087_left,4,4,144,bicjpeg85,35.84112,0.892523,33.021147,0.959105,4,0.059241,35.054935,41.043932,34.548571,0.885756,0.287776,0.295787,0.654,cuda
pds26,ami,087,right,087_right,4,4,144,bicjpeg85,35.730085,0.904956,32.652437,0.965747,4,0.058687,34.065179,41.097734,34.567658,0.887814,0.23719,0.257067,0.691,cuda
pds26,ami,087,up,087_up,4,4,144,bicjpeg85,35.114629,0.886184,32.328944,0.959615,4,0.060546,34.210616,40.46435,34.407662,0.881378,0.27314,0.259212,0.666,cuda
pds26,ami,087,zoom,087_zoom,4,4,144,bicjpeg85,36.078375,0.901922,32.861776,0.962932,4,0.058215,35.080709,40.977932,34.672908,0.892298,0.226095,0.283675,0.703,cuda
pds26,ami,088,back,088_back,1,4,144,bicjpeg85,34.319865,0.866209,31.763218,0.947663,4,0.075666,33.237242,39.454237,33.570902,0.868129,0.271581,0.261713,0.672,cuda
pds26,ami,088,down,088_down,1,4,144,bicjpeg85,35.543925,0.894933,32.470315,0.960871,4,0.058052,34.69943,40.881357,33.98976,0.879172,0.251569,0.298366,0.669,cuda
pds26,ami,088,front,088_front,1,4,144,bicjpeg85,35.2215,0.888049,32.244429,0.959177,4,0.059591,34.111064,40.594183,33.676509,0.874945,0.256393,0.2964,0.653,cuda
pds26,ami,088,left,088_left,1,4,144,bicjpeg85,36.408809,0.90922,33.209714,0.964749,4,0.054738,35.492779,41.412767,34.860212,0.891257,0.238011,0.299847,0.692,cuda
pds26,ami,088,right,088_right,1,4,144,bicjpeg85,36.318539,0.907582,33.026866,0.96617,4,0.05252,35.397866,41.21863,34.915996,0.888177,0.243761,0.268909,0.66,cuda
pds26,ami,088,up,088_up,1,4,144,bicjpeg85,35.574428,0.892874,32.503268,0.961692,4,0.057199,34.742866,40.755864,34.880712,0.892277,0.270764,0.299827,0.694,cuda
pds26,ami,088,zoom,088_zoom,1,4,144,bicjpeg85,36.133157,0.905709,32.681819,0.96702,4,0.053598,35.213095,41.08019,35.799097,0.902633,0.237081,0.290583,0.698,cuda
pds26,ami,089,back,089_back,1,4,144,bicjpeg85,35.755424,0.900205,32.763204,0.9637,4,0.05617,35.003267,40.884357,34.630913,0.895477,0.264414,0.26529,0.668,cuda
pds26,ami,089,down,089_down,1,4,144,bicjpeg85,35.220278,0.880024,32.46275,0.957301,4,0.058523,34.526905,40.448103,34.611055,0.888156,0.279679,0.258621,0.689,cuda
pds26,ami,089,front,089_front,1,4,144,bicjpeg85,35.605105,0.890569,32.623656,0.961436,4,0.056093,34.544295,40.912174,34.827074,0.893685,0.268423,0.265193,0.716,cuda
pds26,ami,089,left,089_left,1,4,144,bicjpeg85,35.040445,0.882288,32.370903,0.95916,4,0.063273,34.116376,40.491656,34.885404,0.891348,0.266139,0.293169,0.692,cuda
pds26,ami,089,right,089_right,1,4,144,bicjpeg85,35.612167,0.891494,32.403884,0.961054,4,0.058539,34.17078,40.932226,34.346663,0.884133,0.293198,0.263363,0.662,cuda
pds26,ami,089,up,089_up,1,4,144,bicjpeg85,35.721773,0.891233,32.585409,0.961228,4,0.057512,34.743654,40.852317,34.613786,0.890081,0.285,0.26642,0.693,cuda
pds26,ami,089,zoom,089_zoom,1,4,144,bicjpeg85,35.863338,0.89597,32.963656,0.963996,4,0.056743,35.072654,40.681324,35.550222,0.905129,0.269103,0.239346,0.664,cuda
pds26,ami,090,back,090_back,1,4,144,bicjpeg85,34.060481,0.884111,31.458434,0.95604,4,0.066669,32.744024,40.081147,31.629735,0.856953,0.262404,0.272466,0.695,cuda
pds26,ami,090,down,090_down,1,4,144,bicjpeg85,34.389329,0.887696,31.798531,0.957312,4,0.063014,33.085035,39.914037,32.073659,0.861939,0.232192,0.265787,0.668,cuda
pds26,ami,090,front,090_front,1,4,144,bicjpeg85,34.365367,0.888568,31.85177,0.959683,4,0.06337,32.892506,40.053264,32.295101,0.876603,0.243901,0.273913,0.685,cuda
pds26,ami,090,left,090_left,1,4,144,bicjpeg85,33.832855,0.890097,31.400218,0.961106,4,0.065908,32.049408,40.431197,31.127103,0.859621,0.2386,0.28084,0.669,cuda
pds26,ami,090,right,090_right,1,4,144,bicjpeg85,34.797288,0.890986,32.121564,0.958199,4,0.066591,33.630338,40.512496,32.47744,0.863419,0.273493,0.290645,0.654,cuda
pds26,ami,090,up,090_up,1,4,144,bicjpeg85,34.300561,0.888687,31.708375,0.958459,4,0.063625,32.774855,40.178427,32.798138,0.884113,0.292418,0.287208,0.681,cuda
pds26,ami,090,zoom,090_zoom,1,4,144,bicjpeg85,34.516879,0.892772,31.724618,0.960861,4,0.06557,33.121011,39.848181,32.911556,0.888232,0.22352,0.275742,0.652,cuda
pds26,ami,091,back,091_back,4,4,144,bicjpeg85,33.117512,0.840728,30.772138,0.945286,4,0.077359,31.416475,39.94495,32.328057,0.844175,0.288396,0.288806,0.677,cuda
pds26,ami,091,down,091_down,4,4,144,bicjpeg85,33.414156,0.840267,31.031747,0.951517,4,0.078109,31.886462,40.268142,33.352855,0.870906,0.294357,0.286765,0.686,cuda
pds26,ami,091,front,091_front,4,4,144,bicjpeg85,32.8764,0.817984,30.628985,0.943974,4,0.09048,31.305533,40.124665,32.847625,0.850547,0.312188,0.280964,0.671,cuda
pds26,ami,091,left,091_left,4,4,144,bicjpeg85,34.594175,0.867674,32.19565,0.958419,4,0.070071,33.047601,41.093865,34.206482,0.882841,0.258837,0.297323,0.698,cuda
pds26,ami,091,right,091_right,4,4,144,bicjpeg85,34.547395,0.866139,31.960739,0.95511,4,0.068962,33.088662,40.479951,32.902935,0.853974,0.302753,0.315252,0.699,cuda
pds26,ami,091,up,091_up,4,4,144,bicjpeg85,33.209882,0.832921,31.022944,0.946716,4,0.075027,31.845164,39.574759,32.804666,0.844989,0.295692,0.304665,0.693,cuda
pds26,ami,091,zoom,091_zoom,4,4,144,bicjpeg85,33.908012,0.85015,31.436501,0.953568,4,0.075901,32.425987,40.216819,34.111085,0.878644,0.272354,0.282654,0.669,cuda
pds26,ami,092,back,092_back,3,4,144,bicjpeg85,33.151111,0.805747,30.509296,0.937018,4,0.076067,31.794199,39.782134,33.260582,0.851708,0.37412,0.299458,0.653,cuda
pds26,ami,092,down,092_down,3,4,144,bicjpeg85,33.371157,0.808757,30.77356,0.938547,4,0.07211,32.224265,39.674741,33.231582,0.85234,0.357516,0.291221,0.699,cuda
pds26,ami,092,front,092_front,3,4,144,bicjpeg85,33.098779,0.802831,30.482361,0.934032,4,0.077741,32.081487,39.329239,33.178734,0.847003,0.39981,0.317137,0.668,cuda
pds26,ami,092,left,092_left,3,4,144,bicjpeg85,34.497594,0.837438,31.866391,0.947361,4,0.068073,33.39096,40.986942,34.58481,0.865469,0.400627,0.334598,0.702,cuda
pds26,ami,092,right,092_right,3,4,144,bicjpeg85,33.505773,0.804249,30.748489,0.937661,4,0.070166,32.229819,40.145158,33.573639,0.840272,0.448773,0.319783,0.71,cuda
pds26,ami,092,up,092_up,3,4,144,bicjpeg85,33.366936,0.808755,30.629221,0.935742,4,0.076004,32.169598,39.651128,33.501291,0.845853,0.390114,0.303515,0.695,cuda
pds26,ami,092,zoom,092_zoom,3,4,144,bicjpeg85,34.545747,0.851054,31.325737,0.950184,4,0.064251,33.549312,40.337899,34.998923,0.88206,0.355789,0.314294,0.681,cuda
pds26,ami,093,back,093_back,4,4,144,bicjpeg85,33.355108,0.840112,30.841564,0.944781,4,0.071709,31.905954,39.80743,33.333533,0.856066,0.333551,0.292732,0.68,cuda
pds26,ami,093,down,093_down,4,4,144,bicjpeg85,34.548393,0.863297,31.709605,0.953554,4,0.061584,33.601781,40.658415,33.90852,0.874035,0.326253,0.325103,0.665,cuda
pds26,ami,093,front,093_front,4,4,144,bicjpeg85,34.086544,0.854691,31.35953,0.952291,4,0.065204,32.921035,40.033025,34.11381,0.877415,0.359346,0.324633,0.694,cuda
pds26,ami,093,left,093_left,4,4,144,bicjpeg85,34.837803,0.877338,32.068372,0.955748,4,0.060645,33.582276,40.952996,34.178567,0.87982,0.339011,0.312239,0.692,cuda
pds26,ami,093,right,093_right,4,4,144,bicjpeg85,34.539261,0.867589,31.514137,0.955344,4,0.067086,33.36458,40.402199,33.687614,0.867811,0.33248,0.260801,0.683,cuda
pds26,ami,093,up,093_up,4,4,144,bicjpeg85,33.512189,0.843466,30.792703,0.950154,4,0.069906,32.176242,39.962038,33.367477,0.864815,0.321421,0.313444,0.676,cuda
pds26,ami,093,zoom,093_zoom,4,4,144,bicjpeg85,34.185994,0.861428,31.381488,0.954744,4,0.06493,33.093039,40.332079,34.756537,0.879697,0.359208,0.311353,0.66,cuda
pds26,ami,094,back,094_back,3,4,144,bicjpeg85,33.007585,0.850271,30.352126,0.94853,4,0.07746,30.987437,39.975962,32.090477,0.849519,0.331958,0.285387,0.688,cuda
pds26,ami,094,down,094_down,3,4,144,bicjpeg85,35.24356,0.884244,32.351661,0.960118,4,0.062542,34.105143,40.660296,33.716613,0.875737,0.308146,0.293619,0.654,cuda
pds26,ami,094,front,094_front,3,4,144,bicjpeg85,35.704269,0.890153,32.353795,0.960313,4,0.058321,34.818797,40.854242,34.465369,0.879865,0.298291,0.274231,0.672,cuda
pds26,ami,094,left,094_left,3,4,144,bicjpeg85,35.42149,0.885157,32.397655,0.960212,4,0.056532,34.468567,40.77989,34.244817,0.878237,0.277285,0.29716,0.699,cuda
pds26,ami,094,right,094_right,3,4,144,bicjpeg85,34.852326,0.870186,31.729683,0.956071,4,0.063742,33.721433,40.719679,34.075033,0.874793,0.315761,0.293881,0.686,cuda
pds26,ami,094,up,094_up,3,4,144,bicjpeg85,34.91877,0.876278,31.868198,0.955663,4,0.062235,33.758216,40.600005,34.221034,0.873269,0.283857,0.278543,0.669,cuda
pds26,ami,094,zoom,094_zoom,3,4,144,bicjpeg85,34.926003,0.881777,31.805047,0.960559,4,0.059167,33.866866,40.396811,34.60865,0.887868,0.279104,0.28299,0.677,cuda
pds26,ami,095,back,095_back,3,4,144,bicjpeg85,35.205549,0.881564,32.463653,0.959355,4,0.05957,33.909751,41.071737,33.682438,0.870682,0.2646,0.296675,0.695,cuda
pds26,ami,095,down,095_down,3,4,144,bicjpeg85,34.866802,0.875134,32.339162,0.956873,4,0.062302,33.517184,40.73003,33.161884,0.862262,0.271216,0.298836,0.692,cuda
pds26,ami,095,front,095_front,3,4,144,bicjpeg85,34.515677,0.868841,31.914455,0.954791,4,0.067462,33.110075,40.467525,33.221143,0.858138,0.279616,0.288806,0.673,cuda
pds26,ami,095,left,095_left,3,4,144,bicjpeg85,34.839192,0.869851,32.367509,0.955114,4,0.065105,33.67023,40.645095,33.415535,0.862408,0.298778,0.310823,0.691,cuda
pds26,ami,095,right,095_right,3,4,144,bicjpeg85,35.018421,0.891113,31.969853,0.964004,4,0.053643,33.651989,40.979738,33.680956,0.880198,0.275612,0.281768,0.69,cuda
pds26,ami,095,up,095_up,3,4,144,bicjpeg85,34.195368,0.856198,31.643995,0.953796,4,0.065962,32.704382,40.565068,33.675402,0.863622,0.304009,0.296245,0.669,cuda
pds26,ami,095,zoom,095_zoom,3,4,144,bicjpeg85,34.630397,0.875704,31.930819,0.958095,4,0.059915,33.392701,40.337707,33.713991,0.883873,0.266471,0.290336,0.693,cuda
pds26,ami,096,back,096_back,5,4,144,bicjpeg85,32.881838,0.829422,30.222565,0.947131,4,0.072468,31.207133,39.580482,33.402384,0.846948,0.325314,0.286981,0.663,cuda
pds26,ami,096,down,096_down,5,4,144,bicjpeg85,33.011127,0.852035,30.281836,0.953851,4,0.070433,31.162582,40.13958,33.314835,0.858861,0.355163,0.285915,0.703,cuda
pds26,ami,096,front,096_front,5,4,144,bicjpeg85,32.728196,0.847623,29.954711,0.951082,4,0.06675,30.672926,40.007318,33.353256,0.842746,0.301623,0.277158,0.699,cuda
pds26,ami,096,left,096_left,5,4,144,bicjpeg85,34.452043,0.864687,31.327427,0.958369,4,0.058945,33.477567,40.501077,34.01842,0.863809,0.362965,0.298872,0.671,cuda
pds26,ami,096,right,096_right,5,4,144,bicjpeg85,33.665122,0.842137,30.612683,0.949922,4,0.07223,32.538507,39.76796,32.796731,0.834968,0.322008,0.272445,0.688,cuda
pds26,ami,096,up,096_up,5,4,144,bicjpeg85,32.341395,0.823974,29.711431,0.945195,4,0.073896,30.840329,39.572888,33.573674,0.844521,0.33817,0.264371,0.671,cuda
pds26,ami,096,zoom,096_zoom,5,4,144,bicjpeg85,33.407101,0.852613,30.444866,0.955361,4,0.069449,31.992509,40.199004,34.37604,0.869826,0.333185,0.299396,0.679,cuda
pds26,ami,097,back,097_back,4,4,144,bicjpeg85,35.026605,0.871525,32.285856,0.951458,4,0.065372,33.656063,40.864167,33.388734,0.857957,0.32467,0.310359,0.689,cuda
pds26,ami,097,down,097_down,4,4,144,bicjpeg85,35.077235,0.872517,32.266691,0.953373,4,0.069029,33.919399,40.795213,33.249977,0.846441,0.300491,0.284926,0.674,cuda
pds26,ami,097,front,097_front,4,4,144,bicjpeg85,34.778929,0.872285,32.192829,0.955935,4,0.061486,33.458248,40.698952,33.590509,0.866019,0.293207,0.304641,0.684,cuda
pds26,ami,097,left,097_left,4,4,144,bicjpeg85,35.490217,0.885716,32.867241,0.959511,4,0.059163,34.418712,41.166442,34.475356,0.882744,0.286403,0.298675,0.693,cuda
pds26,ami,097,right,097_right,4,4,144,bicjpeg85,34.815925,0.875143,32.134626,0.955629,4,0.064687,33.587568,40.671634,33.776816,0.865793,0.299873,0.288017,0.688,cuda
pds26,ami,097,up,097_up,4,4,144,bicjpeg85,35.049977,0.872665,32.514413,0.953381,4,0.065376,33.84979,40.749908,33.836957,0.85979,0.271291,0.300519,0.676,cuda
pds26,ami,097,zoom,097_zoom,4,4,144,bicjpeg85,35.178979,0.880834,32.445984,0.958484,4,0.055994,34.212043,40.571028,34.375129,0.883901,0.280076,0.304167,0.662,cuda
pds26,ami,098,back,098_back,2,4,144,bicjpeg85,34.964804,0.872163,31.900446,0.953564,4,0.061912,33.889814,40.722879,33.388549,0.845514,0.285953,0.305377,0.67,cuda
pds26,ami,098,down,098_down,2,4,144,bicjpeg85,35.552415,0.884261,32.532504,0.957397,4,0.060494,34.196108,41.365121,33.731049,0.86523,0.350607,0.294824,0.69,cuda
pds26,ami,098,front,098_front,2,4,144,bicjpeg85,35.380387,0.881048,32.354012,0.953955,4,0.064491,34.094864,40.915532,33.702616,0.855914,0.305027,0.308683,0.667,cuda
pds26,ami,098,left,098_left,2,4,144,bicjpeg85,36.478072,0.900848,33.523179,0.962769,4,0.054041,35.416132,41.944421,34.90596,0.883514,0.316134,0.301898,0.674,cuda
pds26,ami,098,right,098_right,2,4,144,bicjpeg85,35.591287,0.888557,32.433415,0.958704,4,0.059629,34.582133,40.832022,34.272527,0.867983,0.289425,0.29667,0.693,cuda
pds26,ami,098,up,098_up,2,4,144,bicjpeg85,34.499163,0.855128,31.627791,0.948874,4,0.067763,33.292044,40.497223,33.559489,0.856768,0.326201,0.314162,0.687,cuda
pds26,ami,098,zoom,098_zoom,2,4,144,bicjpeg85,35.671669,0.885718,32.395742,0.957458,4,0.060063,34.632615,40.853552,34.216747,0.872624,0.333679,0.29131,0.683,cuda
pds26,ami,099,back,099_back,1,4,144,bicjpeg85,34.715962,0.86944,31.923553,0.955682,4,0.060762,33.474658,40.612673,33.470258,0.862309,0.284503,0.300416,0.677,cuda
pds26,ami,099,down,099_down,1,4,144,bicjpeg85,34.89644,0.874521,32.118435,0.957511,4,0.058778,33.509906,40.556326,33.852459,0.874331,0.299891,0.29687,0.657,cuda
pds26,ami,099,front,099_front,1,4,144,bicjpeg85,34.317868,0.85471,31.563855,0.951783,4,0.062862,33.228265,40.192126,33.543985,0.858994,0.311943,0.309676,0.688,cuda
pds26,ami,099,left,099_left,1,4,144,bicjpeg85,35.111942,0.875156,32.451207,0.958734,4,0.060952,34.129339,40.801652,34.23493,0.865804,0.303059,0.269279,0.672,cuda
pds26,ami,099,right,099_right,1,4,144,bicjpeg85,34.641027,0.865643,31.682419,0.954541,4,0.065893,33.391225,40.354721,33.426481,0.860877,0.308309,0.285241,0.685,cuda
pds26,ami,099,up,099_up,1,4,144,bicjpeg85,34.421681,0.853808,31.728312,0.949716,4,0.062039,33.477219,39.966358,33.960088,0.863318,0.31056,0.28418,0.675,cuda
pds26,ami,099,zoom,099_zoom,1,4,144,bicjpeg85,35.053312,0.878234,32.001923,0.957641,4,0.0599,34.246686,40.291713,34.867044,0.882492,0.309553,0.285189,0.693,cuda
pds26,ami,100,back,100_back,1,4,144,bicjpeg85,34.316398,0.829263,31.34751,0.938461,4,0.066941,33.077604,40.399695,33.570928,0.841466,0.4028,0.321361,0.676,cuda
pds26,ami,100,down,100_down,1,4,144,bicjpeg85,33.9586,0.822745,31.254713,0.94494,4,0.068678,32.77282,40.780053,33.911351,0.853679,0.387365,0.333046,0.699,cuda
pds26,ami,100,front,100_front,1,4,144,bicjpeg85,33.76778,0.81501,31.058222,0.936025,4,0.070926,32.563252,40.24687,33.204727,0.822354,0.416623,0.339908,0.685,cuda
pds26,ami,100,left,100_left,1,4,144,bicjpeg85,34.491135,0.830034,31.86886,0.941978,4,0.062798,33.429103,41.033288,33.623263,0.836789,0.429083,0.322209,0.67,cuda
pds26,ami,100,right,100_right,1,4,144,bicjpeg85,33.683011,0.80983,30.839683,0.938338,4,0.06983,32.298994,40.310842,33.367782,0.830545,0.458063,0.318338,0.673,cuda
pds26,ami,100,up,100_up,1,4,144,bicjpeg85,33.440408,0.803766,30.782871,0.931619,4,0.066837,32.385131,39.810108,32.963324,0.809513,0.421159,0.33756,0.661,cuda
pds26,ami,100,zoom,100_zoom,1,4,144,bicjpeg85,33.670829,0.819552,30.890521,0.942926,4,0.069899,32.318179,40.37038,33.977369,0.849289,0.409432,0.339706,0.7,cuda
pds26,ami,101,back,101_back,1,4,144,bicjpeg85,34.742228,0.865627,31.695698,0.952249,4,0.063024,33.468034,40.61569,33.554627,0.867011,0.292346,0.27075,0.675,cuda
pds26,ami,101,down,101_down,1,4,144,bicjpeg85,34.813096,0.871458,32.137149,0.953256,4,0.062359,33.486058,40.877876,33.319608,0.859841,0.291813,0.28556,0.67,cuda
pds26,ami,101,front,101_front,1,4,144,bicjpeg85,35.20907,0.879273,32.298461,0.954465,4,0.056363,33.971569,40.828757,33.684805,0.871042,0.300368,0.292837,0.653,cuda
pds26,ami,101,left,101_left,1,4,144,bicjpeg85,35.425673,0.878247,32.643844,0.955595,4,0.060609,34.309801,41.311187,33.738793,0.85177,0.319989,0.311678,0.691,cuda
pds26,ami,101,right,101_right,1,4,144,bicjpeg85,34.780871,0.872107,31.815766,0.95564,4,0.065601,33.806578,40.38146,33.673267,0.86512,0.3003,0.282894,0.673,cuda
pds26,ami,101,up,101_up,1,4,144,bicjpeg85,34.757173,0.867641,31.908973,0.953427,4,0.060396,33.717597,40.396699,34.157209,0.872763,0.289757,0.285856,0.697,cuda
pds26,ami,101,zoom,101_zoom,1,4,144,bicjpeg85,35.325198,0.879902,32.240559,0.9577,4,0.057761,34.402206,40.574396,34.160949,0.877663,0.296064,0.268547,0.681,cuda
pds26,ami,102,back,102_back,1,4,144,bicjpeg85,34.18603,0.84671,31.271413,0.952355,4,0.066142,33.279086,40.128292,33.464377,0.864531,0.338758,0.308972,0.674,cuda
pds26,ami,102,down,102_down,1,4,144,bicjpeg85,33.4836,0.823434,31.053748,0.947163,4,0.07271,32.564677,39.852624,33.931229,0.870522,0.365682,0.291109,0.687,cuda
pds26,ami,102,front,102_front,1,4,144,bicjpeg85,33.691672,0.832198,31.171922,0.948434,4,0.071031,32.776691,39.958462,34.050569,0.867965,0.378754,0.318496,0.666,cuda
pds26,ami,102,left,102_left,1,4,144,bicjpeg85,34.261788,0.841222,31.559648,0.94985,4,0.066176,33.366324,40.461899,34.315136,0.868074,0.372253,0.311619,0.687,cuda
pds26,ami,102,right,102_right,1,4,144,bicjpeg85,33.421221,0.82183,30.77528,0.945996,4,0.070634,32.329085,39.876808,32.713168,0.831961,0.376952,0.297525,0.672,cuda
pds26,ami,102,up,102_up,1,4,144,bicjpeg85,33.084488,0.810966,30.626255,0.940833,4,0.074868,32.102345,39.615129,33.453641,0.851936,0.381151,0.306609,0.663,cuda
pds26,ami,102,zoom,102_zoom,1,4,144,bicjpeg85,34.299907,0.854486,31.483886,0.953669,4,0.065168,33.331514,40.385573,34.516549,0.875381,0.377853,0.309787,0.706,cuda
pds26,ami,103,back,103_back,2,4,144,bicjpeg85,34.826894,0.866955,31.744408,0.951137,4,0.066513,33.587831,40.462976,33.158006,0.842183,0.285222,0.285836,0.678,cuda
pds26,ami,103,down,103_down,2,4,144,bicjpeg85,35.966504,0.896226,32.673175,0.961375,4,0.057567,34.932181,41.119675,33.999153,0.874342,0.283118,0.2765,0.671,cuda
pds26,ami,103,front,103_front,2,4,144,bicjpeg85,35.250072,0.888055,31.978857,0.961697,4,0.059318,33.923993,40.875945,33.722488,0.872951,0.287782,0.296601,0.69,cuda
pds26,ami,103,left,103_left,2,4,144,bicjpeg85,36.67299,0.909308,33.287981,0.964839,4,0.050567,35.710016,41.465138,34.518263,0.887139,0.297929,0.280077,0.7,cuda
pds26,ami,103,right,103_right,2,4,144,bicjpeg85,35.720406,0.892571,32.545589,0.957814,4,0.060184,34.891506,40.83894,34.040579,0.86494,0.280668,0.271277,0.658,cuda
pds26,ami,103,up,103_up,2,4,144,bicjpeg85,34.627973,0.874397,31.711743,0.956181,4,0.066318,33.039912,40.678271,34.337981,0.873306,0.287655,0.296968,0.685,cuda
pds26,ami,103,zoom,103_zoom,2,4,144,bicjpeg85,36.021661,0.899959,32.54339,0.965469,4,0.053927,35.015009,41.159668,34.669298,0.886418,0.266657,0.270583,0.667,cuda
pds26,ami,104,back,104_back,4,4,144,bicjpeg85,33.320614,0.854841,30.579105,0.945958,4,0.075309,31.912478,39.601821,31.134323,0.834829,0.284731,0.299652,0.697,cuda
pds26,ami,104,down,104_down,4,4,144,bicjpeg85,33.959818,0.862139,31.131827,0.948427,4,0.067771,32.190982,40.574913,32.028208,0.856104,0.343629,0.314842,0.664,cuda
pds26,ami,104,front,104_front,4,4,144,bicjpeg85,33.869831,0.862545,31.163562,0.945543,4,0.074176,32.121727,40.033559,31.968703,0.847592,0.351462,0.312963,0.669,cuda
pds26,ami,104,left,104_left,4,4,144,bicjpeg85,34.062101,0.865156,31.551042,0.949706,4,0.070651,32.500166,40.323952,31.954533,0.831667,0.31591,0.300326,0.67,cuda
pds26,ami,104,right,104_right,4,4,144,bicjpeg85,34.288953,0.878404,31.331119,0.953092,4,0.062449,33.055495,40.26077,32.063969,0.85437,0.289514,0.316471,0.671,cuda
pds26,ami,104,up,104_up,4,4,144,bicjpeg85,33.512272,0.849827,30.860766,0.943002,4,0.072707,31.849287,39.816766,32.700682,0.860518,0.345413,0.313483,0.699,cuda
pds26,ami,104,zoom,104_zoom,4,4,144,bicjpeg85,33.656864,0.863347,30.958011,0.951541,4,0.064743,31.787288,40.4139,32.748922,0.871815,0.308063,0.31569,0.692,cuda
pds26,ami,105,back,105_back,5,4,144,bicjpeg85,34.477911,0.85491,31.287438,0.953284,4,0.06815,33.125194,40.735507,32.96468,0.842395,0.32198,0.285681,0.666,cuda
pds26,ami,105,down,105_down,5,4,144,bicjpeg85,34.3106,0.858818,31.123214,0.953686,4,0.067728,33.147179,40.394574,32.924555,0.858227,0.317911,0.270369,0.669,cuda
pds26,ami,105,front,105_front,5,4,144,bicjpeg85,33.802533,0.846142,30.691166,0.951516,4,0.066523,32.184091,40.173184,32.824163,0.846678,0.319467,0.267741,0.68,cuda
pds26,ami,105,left,105_left,5,4,144,bicjpeg85,34.911901,0.863479,31.425292,0.952939,4,0.061378,33.646276,40.991832,33.312368,0.854464,0.310987,0.303224,0.679,cuda
pds26,ami,105,right,105_right,5,4,144,bicjpeg85,34.259721,0.85864,31.090176,0.953738,4,0.068469,33.108246,40.12458,33.327008,0.849703,0.333463,0.286506,0.675,cuda
pds26,ami,105,up,105_up,5,4,144,bicjpeg85,33.146776,0.840688,30.307528,0.949362,4,0.072897,31.764502,39.96785,33.431208,0.850861,0.335591,0.266881,0.685,cuda
pds26,ami,105,zoom,105_zoom,5,4,144,bicjpeg85,34.123361,0.854512,30.912928,0.954824,4,0.064132,32.835857,40.223698,33.755274,0.858629,0.329366,0.280694,0.664,cuda
pds26,ami,106,back,106_back,3,4,144,bicjpeg85,33.637494,0.821113,31.206428,0.938703,4,0.071733,32.369278,40.12597,33.840167,0.851008,0.410716,0.323929,0.697,cuda
pds26,ami,106,down,106_down,3,4,144,bicjpeg85,33.656171,0.829679,31.227831,0.9439,4,0.072969,32.722991,39.932598,34.093623,0.864564,0.399156,0.336247,0.703,cuda
pds26,ami,106,front,106_front,3,4,144,bicjpeg85,33.949421,0.830337,31.438338,0.943581,4,0.070948,33.011476,40.307949,34.147147,0.868984,0.409139,0.328019,0.682,cuda
pds26,ami,106,left,106_left,3,4,144,bicjpeg85,33.945258,0.837264,31.600343,0.946919,4,0.070744,32.855087,40.539698,34.3798,0.870168,0.361508,0.323346,0.677,cuda
pds26,ami,106,right,106_right,3,4,144,bicjpeg85,33.409634,0.808369,30.894553,0.93372,4,0.072891,32.191399,39.97935,33.888129,0.848199,0.425246,0.318969,0.678,cuda
pds26,ami,106,up,106_up,3,4,144,bicjpeg85,34.481438,0.84029,31.814143,0.945809,4,0.063616,33.57298,40.735275,34.789918,0.875442,0.398661,0.310361,0.671,cuda
pds26,ami,106,zoom,106_zoom,3,4,144,bicjpeg85,34.657267,0.858392,31.972969,0.953194,4,0.066076,33.788502,40.612894,34.89312,0.881501,0.376101,0.332877,0.706,cuda
