model,dataset,subject,view,key,fold,scale,tier,degrade,psnr_y,ssim_y,psnr_rgb,ms_ssim_y,ms_ssim_scales,gmsd,grad_psnr,lr_psnr_y,psnr_y_c,ssim_y_c,lpips,dists,host_ms,device
pds26,ami,000,back,000_back,3,4,96,bicjpeg75,30.354324,0.73139,27.963922,0.913892,4,0.098185,29.396976,36.424484,29.262549,0.76307,0.349305,0.305099,0.7,cuda
pds26,ami,000,down,000_down,3,4,96,bicjpeg75,29.495356,0.73251,27.165486,0.907073,4,0.116604,28.739649,35.258484,27.757251,0.760035,0.360259,0.306031,0.626,cuda
pds26,ami,000,front,000_front,3,4,96,bicjpeg75,29.445532,0.721056,27.154697,0.898098,4,0.111629,28.664695,35.738733,27.804832,0.742786,0.349466,0.32518,0.662,cuda
pds26,ami,000,left,000_left,3,4,96,bicjpeg75,30.161443,0.751731,27.843043,0.912124,4,0.103719,29.098474,36.192637,28.71098,0.742097,0.346428,0.332174,0.672,cuda
pds26,ami,000,right,000_right,3,4,96,bicjpeg75,30.023504,0.733291,27.551293,0.90685,4,0.104826,29.066407,35.90143,29.183814,0.759239,0.388494,0.355761,0.682,cuda
pds26,ami,000,up,000_up,3,4,96,bicjpeg75,29.708797,0.713887,27.307086,0.900189,4,0.106892,28.925347,35.454808,28.713563,0.745913,0.406161,0.338839,0.703,cuda
pds26,ami,000,zoom,000_zoom,3,4,96,bicjpeg75,30.868938,0.803427,27.931093,0.927456,4,0.094944,29.737234,36.253691,30.76537,0.798536,0.382432,0.33342,0.687,cuda
pds26,ami,001,back,001_back,1,4,96,bicjpeg75,31.620817,0.770597,29.108267,0.909611,4,0.097016,30.854483,36.867686,29.338572,0.71373,0.311999,0.346086,0.668,cuda
pds26,ami,001,down,001_down,1,4,96,bicjpeg75,32.521689,0.814662,30.067323,0.927199,4,0.084885,31.857181,37.600049,30.386388,0.808177,0.310564,0.330182,0.684,cuda
pds26,ami,001,front,001_front,1,4,96,bicjpeg75,32.722219,0.817511,30.152905,0.924778,4,0.085486,31.999648,37.641421,30.687119,0.787414,0.331132,0.32754,0.686,cuda
pds26,ami,001,left,001_left,1,4,96,bicjpeg75,32.896254,0.825179,30.473337,0.915328,4,0.085016,32.284431,37.454269,30.126803,0.771813,0.371877,0.34559,0.674,cuda
pds26,ami,001,right,001_right,1,4,96,bicjpeg75,31.758638,0.796239,29.168619,0.924085,4,0.095323,30.281987,37.332487,29.573526,0.745539,0.278692,0.291482,0.68,cuda
pds26,ami,001,up,001_up,1,4,96,bicjpeg75,31.696864,0.787864,29.131142,0.916763,4,0.097737,30.818656,36.891772,29.847866,0.744155,0.36746,0.332449,0.684,cuda
pds26,ami,001,zoom,001_zoom,1,4,96,bicjpeg75,32.931678,0.826206,30.218028,0.93016,4,0.085081,32.301421,37.461719,31.305161,0.817061,0.325608,0.323866,0.686,cuda
pds26,ami,002,back,002_back,1,4,96,bicjpeg75,31.622141,0.766158,28.868518,0.915239,4,0.09839,31.161693,36.581622,30.364164,0.752012,0.335416,0.336447,0.681,cuda
pds26,ami,002,down,002_down,1,4,96,bicjpeg75,31.572461,0.774384,28.771356,0.918643,4,0.100869,30.867803,36.64671,30.637683,0.784013,0.35754,0.323619,0.681,cuda
pds26,ami,002,front,002_front,1,4,96,bicjpeg75,31.361571,0.760258,28.679773,0.909488,4,0.09834,30.285448,36.792064,30.112942,0.741681,0.312402,0.326494,0.694,cuda
pds26,ami,002,left,002_left,1,4,96,bicjpeg75,31.986499,0.770887,29.14119,0.907888,4,0.098513,31.300869,37.116331,30.075769,0.759369,0.394078,0.341597,0.685,cuda
pds26,ami,002,right,002_right,1,4,96,bicjpeg75,31.352558,0.773841,28.469957,0.911765,4,0.098524,30.63675,36.332338,29.517882,0.72181,0.388896,0.321282,0.689,cuda
pds26,ami,002,up,002_up,1,4,96,bicjpeg75,31.77153,0.77557,28.996398,0.915418,4,0.089958,30.995589,36.851289,30.246372,0.735539,0.384898,0.343641,0.688,cuda
pds26,ami,002,zoom,002_zoom,1,4,96,bicjpeg75,32.003374,0.791061,29.192064,0.916652,4,0.093692,31.66714,36.651952,31.093771,0.770972,0.296724,0.321796,0.658,cuda
pds26,ami,003,back,003_back,5,4,96,bicjpeg75,31.896223,0.769983,29.194338,0.91569,4,0.097944,31.077464,37.402509,29.744306,0.679188,0.368828,0.289787,0.661,cuda
pds26,ami,003,down,003_down,5,4,96,bicjpeg75,31.596849,0.763551,29.061776,0.905326,4,0.098051,30.828639,37.309081,28.979201,0.673138,0.363617,0.318242,0.672,cuda
pds26,ami,003,front,003_front,5,4,96,bicjpeg75,31.293328,0.75087,28.785744,0.905384,4,0.094743,30.483024,36.960758,29.386131,0.624864,0.422345,0.314998,0.679,cuda
pds26,ami,003,left,003_left,5,4,96,bicjpeg75,32.072151,0.78622,29.449931,0.907558,4,0.094267,31.60626,36.971326,29.418521,0.695702,0.369493,0.312322,0.684,cuda
pds26,ami,003,right,003_right,5,4,96,bicjpeg75,31.743416,0.774714,28.790315,0.917375,4,0.102916,31.228939,37.036892,29.972239,0.725383,0.389212,0.305522,0.687,cuda
pds26,ami,003,up,003_up,5,4,96,bicjpeg75,31.221268,0.74827,28.714913,0.899616,4,0.107992,30.560839,36.824454,29.309456,0.609575,0.416494,0.298049,0.692,cuda
pds26,ami,003,zoom,003_zoom,5,4,96,bicjpeg75,31.697855,0.774978,28.882014,0.904874,4,0.094919,31.213287,36.846321,30.510144,0.740829,0.360977,0.283886,0.68,cuda
pds26,ami,004,back,004_back,5,4,96,bicjpeg75,31.276962,0.774401,29.091327,0.917292,4,0.096812,29.925511,36.694889,30.559331,0.785117,0.297044,0.357329,0.682,cuda
pds26,ami,004,down,004_down,5,4,96,bicjpeg75,30.970611,0.755259,28.733982,0.916895,4,0.103298,30.038762,36.50286,30.091566,0.796319,0.281657,0.321373,0.691,cuda
pds26,ami,004,front,004_front,5,4,96,bicjpeg75,30.698956,0.7501,28.488282,0.913118,4,0.105407,29.798829,36.326945,29.48194,0.751988,0.294807,0.336663,0.694,cuda
pds26,ami,004,left,004_left,5,4,96,bicjpeg75,31.774783,0.78842,29.316127,0.926037,4,0.095155,30.638879,37.498556,29.940905,0.733675,0.25885,0.329169,0.696,cuda
pds26,ami,004,right,004_right,5,4,96,bicjpeg75,31.367805,0.782912,28.943336,0.918709,4,0.103088,30.206955,36.672054,30.594914,0.797317,0.321837,0.347862,0.691,cuda
pds26,ami,004,up,004_up,5,4,96,bicjpeg75,30.959775,0.759584,28.723998,0.909155,4,0.102055,29.884335,36.243803,29.351859,0.757753,0.34617,0.348309,0.696,cuda
pds26,ami,004,zoom,004_zoom,5,4,96,bicjpeg75,31.148116,0.777399,28.902945,0.922036,4,0.102918,30.396107,36.407439,31.553015,0.816013,0.295623,0.323979,0.691,cuda
pds26,ami,005,back,005_back,4,4,96,bicjpeg75,30.129293,0.735415,27.720101,0.889151,4,0.11735,28.000804,36.79439,29.690823,0.709102,0.425139,0.322542,0.676,cuda
pds26,ami,005,down,005_down,4,4,96,bicjpeg75,32.137049,0.779724,29.836795,0.91619,4,0.093794,30.782432,38.244746,30.633356,0.798422,0.37607,0.318573,0.67,cuda
pds26,ami,005,front,005_front,4,4,96,bicjpeg75,31.784718,0.777182,29.492852,0.907496,4,0.090727,30.609665,37.823925,30.550739,0.783629,0.397939,0.339958,0.661,cuda
pds26,ami,005,left,005_left,4,4,96,bicjpeg75,32.257655,0.80143,29.666606,0.918935,4,0.084737,31.382185,37.794771,29.409481,0.730932,0.350945,0.316281,0.66,cuda
pds26,ami,005,right,005_right,4,4,96,bicjpeg75,31.377832,0.771666,28.664656,0.902568,4,0.104491,30.50862,36.683368,29.786126,0.7451,0.408103,0.306014,0.671,cuda
pds26,ami,005,up,005_up,4,4,96,bicjpeg75,30.485777,0.723917,28.220159,0.882869,4,0.109113,29.083464,36.682492,30.079442,0.717397,0.416302,0.327007,0.679,cuda
pds26,ami,005,zoom,005_zoom,4,4,96,bicjpeg75,31.852203,0.78454,29.480563,0.909829,4,0.093008,30.688776,37.913774,31.922087,0.796296,0.401397,0.357844,0.682,cuda
pds26,ami,007,back,007_back,5,4,96,bicjpeg75,31.621771,0.76206,29.429258,0.897977,4,0.099911,30.599948,36.829511,29.491152,0.728446,0.312707,0.301884,0.679,cuda
pds26,ami,007,down,007_down,5,4,96,bicjpeg75,31.54621,0.768952,29.564399,0.901877,4,0.102704,30.669993,36.939608,30.081195,0.753132,0.353249,0.330568,0.676,cuda
pds26,ami,007,front,007_front,5,4,96,bicjpeg75,31.725053,0.778847,29.731326,0.898136,4,0.096722,30.679477,37.336459,30.159843,0.778188,0.272595,0.348735,0.675,cuda
pds26,ami,007,left,007_left,5,4,96,bicjpeg75,33.136627,0.816122,30.865921,0.923972,4,0.08256,32.041464,38.748468,30.874667,0.742784,0.416,0.339369,0.669,cuda
pds26,ami,007,right,007_right,5,4,96,bicjpeg75,31.996865,0.81556,29.413311,0.932225,4,0.093372,30.792191,37.193012,30.891804,0.788723,0.275438,0.289521,0.675,cuda
pds26,ami,007,up,007_up,5,4,96,bicjpeg75,31.713245,0.773989,29.674658,0.899688,4,0.104449,30.652864,37.133534,29.848673,0.735738,0.330964,0.345205,0.683,cuda
pds26,ami,007,zoom,007_zoom,5,4,96,bicjpeg75,31.856013,0.796635,29.712977,0.909812,4,0.102405,30.990936,36.871492,30.624767,0.798963,0.272334,0.333702,0.685,cuda
pds26,ami,008,back,008_back,5,4,96,bicjpeg75,32.028944,0.798104,29.45292,0.920185,4,0.096426,31.122571,37.263118,30.194212,0.771845,0.355599,0.326063,0.693,cuda
pds26,ami,008,down,008_down,5,4,96,bicjpeg75,31.700351,0.793614,29.493802,0.916038,4,0.096694,31.17193,37.031447,28.914289,0.698353,0.35816,0.338112,0.681,cuda
pds26,ami,008,front,008_front,5,4,96,bicjpeg75,30.735301,0.771626,28.610304,0.910921,4,0.108259,30.093316,36.213457,28.980624,0.698616,0.326989,0.330907,0.687,cuda
pds26,ami,008,left,008_left,5,4,96,bicjpeg75,32.459649,0.813285,30.085288,0.930802,4,0.08403,31.774144,37.843156,30.325394,0.747187,0.32622,0.301059,0.679,cuda
pds26,ami,008,right,008_right,5,4,96,bicjpeg75,31.095236,0.78221,28.80948,0.907235,4,0.102782,30.426309,36.535296,30.055236,0.762905,0.336964,0.325827,0.687,cuda
pds26,ami,008,up,008_up,5,4,96,bicjpeg75,31.094831,0.775605,28.885149,0.909129,4,0.102974,30.498064,36.35744,29.865617,0.69094,0.324759,0.329157,0.661,cuda
pds26,ami,008,zoom,008_zoom,5,4,96,bicjpeg75,31.767542,0.807579,29.398478,0.925152,4,0.09582,31.091279,36.818211,31.308769,0.769142,0.268587,0.320286,0.69,cuda
pds26,ami,009,back,009_back,4,4,96,bicjpeg75,31.62233,0.807876,28.996527,0.919192,4,0.091325,30.72456,36.70509,30.529378,0.720423,0.245827,0.288303,0.687,cuda
pds26,ami,009,down,009_down,4,4,96,bicjpeg75,31.083308,0.779845,28.458804,0.906159,4,0.10045,30.77328,35.975936,30.154355,0.767412,0.275879,0.286417,0.673,cuda
pds26,ami,009,front,009_front,4,4,96,bicjpeg75,30.872648,0.794528,28.118909,0.91483,4,0.099925,29.935129,36.242145,29.612458,0.747312,0.299243,0.289537,0.672,cuda
pds26,ami,009,left,009_left,4,4,96,bicjpeg75,32.40819,0.808454,29.45719,0.921561,4,0.087885,31.867328,37.424781,30.563077,0.751483,0.325985,0.296706,0.664,cuda
pds26,ami,009,right,009_right,4,4,96,bicjpeg75,31.634754,0.801234,28.591174,0.921027,4,0.102502,30.832515,36.428852,30.596471,0.758679,0.329839,0.276732,0.679,cuda
pds26,ami,009,up,009_up,4,4,96,bicjpeg75,29.018929,0.75043,26.639995,0.906428,4,0.105441,27.643614,35.29631,29.722399,0.729685,0.280149,0.291891,0.682,cuda
pds26,ami,009,zoom,009_zoom,4,4,96,bicjpeg75,31.605112,0.809837,28.574969,0.917472,4,0.094614,30.981128,36.512034,30.894753,0.784906,0.321096,0.311303,0.683,cuda
pds26,ami,010,back,010_back,2,4,96,bicjpeg75,31.891522,0.775883,29.224434,0.919747,4,0.092018,31.033386,37.461711,30.755184,0.757776,0.32291,0.322556,0.667,cuda
pds26,ami,010,down,010_down,2,4,96,bicjpeg75,31.505735,0.788124,28.963444,0.925185,4,0.094621,30.583533,37.130025,31.056461,0.80021,0.33324,0.298991,0.67,cuda
pds26,ami,010,front,010_front,2,4,96,bicjpeg75,31.60186,0.789342,28.862627,0.926577,4,0.092176,30.967864,36.851955,30.696305,0.781168,0.37,0.334386,0.664,cuda
pds26,ami,010,left,010_left,2,4,96,bicjpeg75,32.06418,0.795109,29.304352,0.92988,4,0.093977,31.204444,37.137533,31.073355,0.792336,0.359575,0.321552,0.66,cuda
pds26,ami,010,right,010_right,2,4,96,bicjpeg75,31.548874,0.787005,28.90597,0.918646,4,0.096607,30.920493,36.903187,30.117067,0.7479,0.37893,0.311222,0.649,cuda
pds26,ami,010,up,010_up,2,4,96,bicjpeg75,31.303835,0.779205,28.746386,0.919493,4,0.099347,30.339619,36.445904,30.046367,0.756914,0.340659,0.327628,0.669,cuda
pds26,ami,010,zoom,010_zoom,2,4,96,bicjpeg75,32.198784,0.807405,29.438337,0.931545,4,0.088937,31.411057,37.299841,31.21366,0.764272,0.356161,0.312947,0.671,cuda
pds26,ami,011,back,011_back,5,4,96,bicjpeg75,31.119205,0.786283,28.735644,0.906146,4,0.100757,30.245179,36.123987,28.674729,0.657331,0.287316,0.305612,0.673,cuda
pds26,ami,011,down,011_down,5,4,96,bicjpeg75,30.71983,0.773215,28.201046,0.913322,4,0.102247,30.09555,35.726691,29.760801,0.799586,0.289508,0.321965,0.667,cuda
pds26,ami,011,front,011_front,5,4,96,bicjpeg75,30.691108,0.768148,28.294831,0.909069,4,0.106675,30.041239,35.88368,29.545448,0.739835,0.310709,0.309308,0.683,cuda
pds26,ami,011,left,011_left,5,4,96,bicjpeg75,31.572927,0.779738,29.143947,0.918392,4,0.095479,30.819042,36.767872,29.986651,0.762145,0.316698,0.325259,0.677,cuda
pds26,ami,011,right,011_right,5,4,96,bicjpeg75,30.90831,0.770439,28.453768,0.896808,4,0.09849,30.097227,36.088969,29.289716,0.722312,0.381379,0.337385,0.675,cuda
pds26,ami,011,up,011_up,5,4,96,bicjpeg75,30.575498,0.769513,28.055775,0.90716,4,0.095222,29.745982,35.841612,29.303103,0.712827,0.343341,0.323323,0.68,cuda
pds26,ami,011,zoom,011_zoom,5,4,96,bicjpeg75,31.604267,0.811214,28.936803,0.921916,4,0.093747,30.928722,36.417821,29.811341,0.758129,0.297694,0.322694,0.688,cuda
pds26,ami,012,back,012_back,3,4,96,bicjpeg75,32.102399,0.807423,29.440519,0.916564,4,0.098045,31.245983,37.16797,29.279317,0.715962,0.295168,0.303321,0.677,cuda
pds26,ami,012,down,012_down,3,4,96,bicjpeg75,32.320602,0.818378,29.445943,0.921299,4,0.093042,31.226058,37.930537,29.414103,0.71044,0.283454,0.314098,0.681,cuda
pds26,ami,012,front,012_front,3,4,96,bicjpeg75,31.797011,0.798804,28.886766,0.913271,4,0.091197,30.90632,36.749659,29.274805,0.702459,0.337284,0.346586,0.686,cuda
pds26,ami,012,left,012_left,3,4,96,bicjpeg75,32.529956,0.817418,29.674238,0.921201,4,0.086224,31.851377,37.569021,29.810464,0.744642,0.284918,0.310211,0.696,cuda
pds26,ami,012,right,012_right,3,4,96,bicjpeg75,32.05781,0.804268,29.246505,0.91667,4,0.097061,30.895925,37.307837,29.108305,0.696098,0.314458,0.278807,0.668,cuda
pds26,ami,012,up,012_up,3,4,96,bicjpeg75,31.597769,0.790658,28.739321,0.917368,4,0.097228,30.701791,36.906949,29.154164,0.704751,0.303731,0.305568,0.677,cuda
pds26,ami,012,zoom,012_zoom,3,4,96,bicjpeg75,32.032964,0.800615,29.178124,0.912993,4,0.102765,30.87803,36.882222,29.49894,0.7109,0.304924,0.332881,0.663,cuda
pds26,ami,013,back,013_back,1,4,96,bicjpeg75,31.187915,0.768342,28.925342,0.896294,4,0.10377,30.443596,36.616593,30.199375,0.759141,0.383426,0.304221,0.673,cuda
pds26,ami,013,down,013_down,1,4,96,bicjpeg75,31.681327,0.783629,29.344595,0.906779,4,0.104655,30.625702,37.347512,30.108752,0.782271,0.337988,0.313794,0.68,cuda
pds26,ami,013,front,013_front,1,4,96,bicjpeg75,31.836617,0.777275,29.475342,0.896788,4,0.105066,30.930043,37.289035,29.837824,0.704087,0.302608,0.310856,0.686,cuda
pds26,ami,013,left,013_left,1,4,96,bicjpeg75,31.923369,0.786099,29.587492,0.903321,4,0.096598,31.309695,37.29992,29.504261,0.721776,0.325738,0.30131,0.689,cuda
pds26,ami,013,right,013_right,1,4,96,bicjpeg75,31.878948,0.791024,29.424859,0.902039,4,0.09643,31.183607,36.983436,30.44903,0.740701,0.348756,0.29664,0.658,cuda
pds26,ami,013,up,013_up,1,4,96,bicjpeg75,31.255511,0.7648,28.929129,0.897983,4,0.101924,30.393467,36.681233,30.013545,0.72327,0.407823,0.31366,0.664,cuda
pds26,ami,013,zoom,013_zoom,1,4,96,bicjpeg75,31.825181,0.788294,29.438393,0.900943,4,0.099048,31.27676,36.488956,30.229266,0.733426,0.366348,0.309102,0.676,cuda
pds26,ami,014,back,014_back,5,4,96,bicjpeg75,31.655602,0.765207,28.865627,0.91037,4,0.096563,30.930735,36.932413,30.503561,0.70368,0.31273,0.327103,0.683,cuda
pds26,ami,014,down,014_down,5,4,96,bicjpeg75,31.096957,0.769367,28.477153,0.911853,4,0.105699,29.785208,36.620893,28.595047,0.739043,0.331968,0.317084,0.682,cuda
pds26,ami,014,front,014_front,5,4,96,bicjpeg75,31.730142,0.785348,28.965249,0.919134,4,0.09021,30.498845,37.165244,30.467376,0.727273,0.312681,0.336582,0.675,cuda
pds26,ami,014,left,014_left,5,4,96,bicjpeg75,32.013302,0.778028,29.261549,0.912595,4,0.098193,31.428958,37.394342,30.056254,0.739337,0.377687,0.338169,0.669,cuda
pds26,ami,014,right,014_right,5,4,96,bicjpeg75,31.130677,0.778009,28.51826,0.910612,4,0.104472,29.927683,36.47076,30.665457,0.721142,0.327668,0.2948,0.66,cuda
pds26,ami,014,up,014_up,5,4,96,bicjpeg75,31.114053,0.766525,28.486291,0.915649,4,0.092327,29.747461,36.805412,30.461834,0.729624,0.336826,0.326855,0.678,cuda
pds26,ami,014,zoom,014_zoom,5,4,96,bicjpeg75,31.56559,0.787175,28.762393,0.919718,4,0.091613,30.782651,36.497615,31.201999,0.766102,0.308778,0.317376,0.665,cuda
pds26,ami,018,back,018_back,1,4,96,bicjpeg75,32.369806,0.826308,29.423574,0.931448,4,0.091239,31.742623,37.189503,29.482988,0.73079,0.18243,0.300461,0.664,cuda
pds26,ami,018,down,018_down,1,4,96,bicjpeg75,31.72954,0.823762,29.121769,0.931431,4,0.101433,30.630358,36.812215,28.178645,0.744979,0.237511,0.324697,0.673,cuda
pds26,ami,018,front,018_front,1,4,96,bicjpeg75,32.122464,0.836355,29.318733,0.93832,4,0.098752,30.837604,37.124472,28.429944,0.750057,0.251026,0.333604,0.696,cuda
pds26,ami,018,left,018_left,1,4,96,bicjpeg75,33.069021,0.844671,30.289592,0.936466,4,0.084962,32.640799,37.738341,29.303073,0.73152,0.203691,0.324834,0.673,cuda
pds26,ami,018,right,018_right,1,4,96,bicjpeg75,31.981482,0.846608,29.149445,0.93978,4,0.095244,30.828269,36.951,29.005946,0.746617,0.25053,0.292995,0.688,cuda
pds26,ami,018,up,018_up,1,4,96,bicjpeg75,31.498023,0.831461,28.920393,0.932257,4,0.09802,29.980322,37.058004,28.160476,0.720216,0.252044,0.303196,0.679,cuda
pds26,ami,018,zoom,018_zoom,1,4,96,bicjpeg75,32.080914,0.831273,29.378497,0.932533,4,0.100208,31.125358,36.845419,29.73637,0.750241,0.233573,0.332021,0.694,cuda
pds26,ami,019,back,019_back,4,4,96,bicjpeg75,30.683172,0.765016,28.370148,0.903778,4,0.108951,29.714228,35.954578,29.212663,0.672976,0.236574,0.351128,0.688,cuda
pds26,ami,019,down,019_down,4,4,96,bicjpeg75,29.89059,0.777668,27.696977,0.923503,4,0.112751,28.613026,35.545529,28.842665,0.718523,0.339606,0.343812,0.673,cuda
pds26,ami,019,front,019_front,4,4,96,bicjpeg75,30.025533,0.765626,27.680437,0.914682,4,0.109196,28.681216,35.609156,29.031413,0.703038,0.30296,0.338542,0.66,cuda
pds26,ami,019,left,019_left,4,4,96,bicjpeg75,29.742273,0.77412,27.55116,0.925302,4,0.11461,28.234368,35.374971,29.007767,0.709978,0.298879,0.32489,0.658,cuda
pds26,ami,019,right,019_right,4,4,96,bicjpeg75,29.873807,0.770191,27.680702,0.910659,4,0.112106,28.647107,35.502776,28.646554,0.671052,0.340595,0.340498,0.672,cuda
pds26,ami,019,up,019_up,4,4,96,bicjpeg75,30.418517,0.781677,28.078331,0.91983,4,0.10199,28.897134,36.194152,29.199585,0.731147,0.286525,0.344134,0.673,cuda
pds26,ami,019,zoom,019_zoom,4,4,96,bicjpeg75,30.124118,0.777625,27.658261,0.919088,4,0.109738,28.735764,35.59116,29.80596,0.724719,0.317085,0.334248,0.675,cuda
pds26,ami,020,back,020_back,1,4,96,bicjpeg75,31.736047,0.79018,29.31986,0.914776,4,0.094537,30.839693,36.653389,30.227253,0.754425,0.30447,0.308227,0.676,cuda
pds26,ami,020,down,020_down,1,4,96,bicjpeg75,31.7541,0.791868,29.316868,0.91554,4,0.095635,30.590874,37.29612,28.720135,0.76546,0.384665,0.344204,0.676,cuda
pds26,ami,020,front,020_front,1,4,96,bicjpeg75,31.909838,0.79631,29.418885,0.92334,4,0.085448,31.410315,36.880149,30.197941,0.747045,0.413332,0.335159,0.677,cuda
pds26,ami,020,left,020_left,1,4,96,bicjpeg75,32.396662,0.812245,29.965966,0.925565,4,0.086659,31.82539,37.409566,29.724438,0.770372,0.344287,0.303635,0.674,cuda
pds26,ami,020,right,020_right,1,4,96,bicjpeg75,31.083219,0.790412,28.544588,0.919694,4,0.100045,29.809043,36.538737,29.505853,0.720252,0.343062,0.2983,0.685,cuda
pds26,ami,020,up,020_up,1,4,96,bicjpeg75,31.587131,0.783567,29.027181,0.912037,4,0.095124,30.798048,36.331311,29.724607,0.707343,0.388479,0.321901,0.678,cuda
pds26,ami,020,zoom,020_zoom,1,4,96,bicjpeg75,31.982084,0.804119,29.209729,0.922141,4,0.087746,31.282395,36.975299,30.366935,0.775343,0.408499,0.336882,0.665,cuda
pds26,ami,021,back,021_back,2,4,96,bicjpeg75,32.356704,0.77714,30.039897,0.907055,4,0.094633,31.583581,37.684944,30.087207,0.725658,0.353281,0.333513,0.673,cuda
pds26,ami,021,down,021_down,2,4,96,bicjpeg75,31.838233,0.778848,29.748044,0.905598,4,0.096135,31.248007,37.237076,28.569938,0.729455,0.402962,0.333719,0.678,cuda
pds26,ami,021,front,021_front,2,4,96,bicjpeg75,32.412935,0.783559,30.21923,0.902854,4,0.092756,31.733092,37.491677,29.378889,0.69429,0.326132,0.273733,0.677,cuda
pds26,ami,021,left,021_left,2,4,96,bicjpeg75,33.420213,0.819487,31.067038,0.92518,4,0.085515,32.885912,38.613433,30.806363,0.75226,0.324936,0.305683,0.665,cuda
pds26,ami,021,right,021_right,2,4,96,bicjpeg75,32.492998,0.79959,30.145427,0.918631,4,0.089226,32.036527,37.146404,30.593095,0.775598,0.371335,0.277333,0.675,cuda
pds26,ami,021,up,021_up,2,4,96,bicjpeg75,31.860511,0.775428,29.70033,0.903963,4,0.095285,31.247331,37.03526,29.431539,0.710931,0.345379,0.31189,0.681,cuda
pds26,ami,021,zoom,021_zoom,2,4,96,bicjpeg75,33.051958,0.822966,30.740006,0.917479,4,0.083931,32.972517,37.496126,30.913178,0.76766,0.309822,0.323749,0.68,cuda
pds26,ami,022,back,022_back,2,4,96,bicjpeg75,33.69841,0.869072,30.556647,0.945333,4,0.073127,32.9256,38.499375,29.570295,0.769194,0.189044,0.27129,0.672,cuda
pds26,ami,022,down,022_down,2,4,96,bicjpeg75,33.282499,0.847449,30.346392,0.93536,4,0.082237,32.368356,38.394963,30.054113,0.798749,0.232555,0.307253,0.672,cuda
pds26,ami,022,front,022_front,2,4,96,bicjpeg75,32.251815,0.824348,29.51714,0.925681,4,0.098491,31.262489,37.451346,28.50477,0.72598,0.248095,0.273406,0.678,cuda
pds26,ami,022,left,022_left,2,4,96,bicjpeg75,33.699148,0.859778,30.615618,0.938692,4,0.079548,33.120033,38.49978,29.350975,0.705373,0.291971,0.282782,0.698,cuda
pds26,ami,022,right,022_right,2,4,96,bicjpeg75,32.009697,0.81978,29.432832,0.922165,4,0.100573,31.138824,36.904628,29.150155,0.723769,0.276954,0.298773,0.686,cuda
pds26,ami,022,up,022_up,2,4,96,bicjpeg75,32.227559,0.835908,29.56142,0.928009,4,0.09194,30.872573,37.485276,29.021984,0.750408,0.300269,0.294342,0.661,cuda
pds26,ami,022,zoom,022_zoom,2,4,96,bicjpeg75,32.481704,0.82637,29.665083,0.927564,4,0.088652,31.49483,37.421193,29.916512,0.770056,0.27468,0.276706,0.676,cuda
pds26,ami,023,back,023_back,5,4,96,bicjpeg75,31.469579,0.77167,29.053042,0.919373,4,0.094717,30.885773,36.571012,30.74812,0.759397,0.294635,0.282341,0.677,cuda
pds26,ami,023,down,023_down,5,4,96,bicjpeg75,31.653573,0.790105,29.351142,0.916241,4,0.103752,30.554208,37.107808,30.191308,0.779271,0.29733,0.289243,0.671,cuda
pds26,ami,023,front,023_front,5,4,96,bicjpeg75,31.44597,0.765212,29.130914,0.897939,4,0.098036,30.731641,36.665339,29.966621,0.749557,0.335438,0.326196,0.678,cuda
pds26,ami,023,left,023_left,5,4,96,bicjpeg75,33.984828,0.845351,31.042658,0.926984,4,0.078696,33.707157,38.518289,31.478794,0.781721,0.355895,0.347433,0.678,cuda
pds26,ami,023,right,023_right,5,4,96,bicjpeg75,31.065501,0.767718,28.708372,0.908479,4,0.097486,30.356217,36.531954,30.389457,0.773713,0.329922,0.301771,0.674,cuda
pds26,ami,023,up,023_up,5,4,96,bicjpeg75,31.091429,0.762056,28.813145,0.908074,4,0.102582,30.159257,36.514408,30.247728,0.747232,0.311481,0.33712,0.673,cuda
pds26,ami,023,zoom,023_zoom,5,4,96,bicjpeg75,31.536302,0.791778,28.994277,0.908955,4,0.10126,31.054362,36.015061,31.137816,0.783278,0.296601,0.306543,0.68,cuda
pds26,ami,024,back,024_back,3,4,96,bicjpeg75,31.92492,0.804468,29.324428,0.924937,4,0.099385,30.985812,36.799652,28.876687,0.709969,0.274538,0.315313,0.675,cuda
pds26,ami,024,down,024_down,3,4,96,bicjpeg75,32.295117,0.81737,29.370838,0.927956,4,0.088647,31.367482,37.508823,29.453639,0.728247,0.265128,0.330604,0.686,cuda
pds26,ami,024,front,024_front,3,4,96,bicjpeg75,32.034335,0.813502,29.186308,0.928776,4,0.093433,31.069059,37.306364,28.995798,0.725525,0.295764,0.309393,0.687,cuda
pds26,ami,024,left,024_left,3,4,96,bicjpeg75,32.075953,0.800569,29.225276,0.920498,4,0.093861,31.138857,37.038506,28.537119,0.680056,0.292544,0.315255,0.687,cuda
pds26,ami,024,right,024_right,3,4,96,bicjpeg75,31.890152,0.826002,28.917711,0.937117,4,0.094427,30.62214,36.909297,29.553707,0.751077,0.237896,0.277019,0.673,cuda
pds26,ami,024,up,024_up,3,4,96,bicjpeg75,31.574212,0.805318,28.733289,0.925446,4,0.095169,30.723593,36.695071,29.05419,0.696371,0.256334,0.306662,0.679,cuda
pds26,ami,024,zoom,024_zoom,3,4,96,bicjpeg75,31.651471,0.807631,28.919624,0.928437,4,0.092571,30.5931,36.618379,30.33034,0.772861,0.24596,0.30964,0.676,cuda
pds26,ami,025,back,025_back,2,4,96,bicjpeg75,31.354332,0.768317,29.129485,0.906361,4,0.102053,30.44341,36.542275,30.562674,0.769158,0.338822,0.317743,0.66,cuda
pds26,ami,025,down,025_down,2,4,96,bicjpeg75,30.932402,0.761617,28.853098,0.908218,4,0.111176,29.928168,36.245262,29.744397,0.800928,0.299184,0.280177,0.659,cuda
pds26,ami,025,front,025_front,2,4,96,bicjpeg75,30.9422,0.78167,28.834693,0.920958,4,0.107579,29.997357,36.188456,30.885912,0.82637,0.28559,0.313081,0.672,cuda
pds26,ami,025,left,025_left,2,4,96,bicjpeg75,32.075101,0.799122,29.912867,0.922672,4,0.095727,31.335805,37.346985,31.050001,0.78542,0.322956,0.31398,0.675,cuda
pds26,ami,025,right,025_right,2,4,96,bicjpeg75,31.029458,0.77723,28.652085,0.916239,4,0.103559,29.899877,36.468129,29.59433,0.767977,0.268752,0.279367,0.68,cuda
pds26,ami,025,up,025_up,2,4,96,bicjpeg75,30.859285,0.778002,28.665186,0.917788,4,0.104969,29.789715,36.109161,30.698435,0.792046,0.368346,0.337383,0.679,cuda
pds26,ami,025,zoom,025_zoom,2,4,96,bicjpeg75,31.439159,0.80972,29.150731,0.925588,4,0.099814,30.752164,36.0339,31.819737,0.847275,0.292258,0.31467,0.676,cuda
pds26,ami,026,back,026_back,1,4,96,bicjpeg75,31.834721,0.8068,29.007885,0.921767,4,0.095023,30.963725,36.736369,30.074911,0.744624,0.261283,0.284753,0.682,cuda
pds26,ami,026,down,026_down,1,4,96,bicjpeg75,31.846414,0.810406,29.184103,0.918419,4,0.099153,31.029138,36.442333,30.643353,0.8138,0.249149,0.278957,0.68,cuda
pds26,ami,026,front,026_front,1,4,96,bicjpeg75,31.321742,0.799503,28.815337,0.919754,4,0.102882,30.365475,36.398513,30.084654,0.797119,0.210307,0.277288,0.681,cuda
pds26,ami,026,left,026_left,1,4,96,bicjpeg75,31.838301,0.814216,29.348661,0.913826,4,0.105586,30.765347,36.953297,28.83061,0.772396,0.312519,0.288422,0.665,cuda
pds26,ami,026,right,026_right,1,4,96,bicjpeg75,32.058648,0.801363,29.331556,0.915267,4,0.093787,31.467676,36.982039,31.126739,0.797115,0.270999,0.290106,0.673,cuda
pds26,ami,026,up,026_up,1,4,96,bicjpeg75,31.52165,0.802756,28.935654,0.918557,4,0.095185,30.817749,36.299042,29.682439,0.741652,0.286365,0.300594,0.671,cuda
pds26,ami,026,zoom,026_zoom,1,4,96,bicjpeg75,31.344889,0.811567,28.639758,0.920249,4,0.101536,30.498426,36.192674,31.07326,0.822148,0.257158,0.296794,0.667,cuda
pds26,ami,027,back,027_back,3,4,96,bicjpeg75,32.183804,0.818521,29.73448,0.923859,4,0.089627,31.720255,36.635699,30.156509,0.739198,0.286661,0.313632,0.67,cuda
pds26,ami,027,down,027_down,3,4,96,bicjpeg75,31.846401,0.806566,29.584793,0.932249,4,0.104033,30.948534,36.739365,31.754696,0.814464,0.260929,0.326979,0.68,cuda
pds26,ami,027,front,027_front,3,4,96,bicjpeg75,31.978992,0.817453,29.693877,0.935451,4,0.091024,31.149485,36.924269,30.981722,0.791144,0.259208,0.326522,0.684,cuda
pds26,ami,027,left,027_left,3,4,96,bicjpeg75,31.249939,0.798251,29.159183,0.922419,4,0.099454,30.008155,36.373658,29.705281,0.75506,0.219199,0.304634,0.687,cuda
pds26,ami,027,right,027_right,3,4,96,bicjpeg75,31.818099,0.813322,29.510833,0.933488,4,0.101558,30.893884,36.805105,30.701114,0.766084,0.300985,0.310021,0.683,cuda
pds26,ami,027,up,027_up,3,4,96,bicjpeg75,31.492777,0.807708,29.29529,0.930611,4,0.093283,30.388858,36.720378,30.954982,0.779719,0.266475,0.333761,0.675,cuda
pds26,ami,027,zoom,027_zoom,3,4,96,bicjpeg75,31.529406,0.813098,29.201693,0.933269,4,0.095479,29.975486,37.063122,31.720257,0.807044,0.268881,0.301645,0.655,cuda
pds26,ami,028,back,028_back,2,4,96,bicjpeg75,31.362321,0.802756,28.976566,0.915233,4,0.096421,30.031215,36.60441,30.004791,0.719385,0.288223,0.314291,0.664,cuda
pds26,ami,028,down,028_down,2,4,96,bicjpeg75,31.147306,0.78314,28.960915,0.915606,4,0.098314,30.135426,36.733875,29.416994,0.775836,0.335171,0.329783,0.675,cuda
pds26,ami,028,front,028_front,2,4,96,bicjpeg75,31.258115,0.781989,29.009359,0.917702,4,0.097759,30.334625,36.896967,29.50223,0.747483,0.399394,0.340263,0.669,cuda
pds26,ami,028,left,028_left,2,4,96,bicjpeg75,31.629997,0.809932,29.425593,0.915983,4,0.088483,30.114949,37.068778,29.787515,0.739383,0.34528,0.334752,0.666,cuda
pds26,ami,028,right,028_right,2,4,96,bicjpeg75,30.904682,0.763434,28.540527,0.914488,4,0.104505,29.765022,36.625655,30.413819,0.72787,0.346751,0.303233,0.686,cuda
pds26,ami,028,up,028_up,2,4,96,bicjpeg75,31.356643,0.782222,29.017347,0.91428,4,0.098661,30.369754,37.032885,29.724096,0.731689,0.380991,0.325194,0.685,cuda
pds26,ami,028,zoom,028_zoom,2,4,96,bicjpeg75,31.401454,0.785161,29.09995,0.915892,4,0.099617,30.416678,36.633786,31.102798,0.769225,0.388052,0.352938,0.684,cuda
pds26,ami,029,back,029_back,5,4,96,bicjpeg75,31.745847,0.74616,28.890103,0.904032,4,0.095237,31.122581,37.095557,30.714153,0.706159,0.405628,0.318423,0.673,cuda
pds26,ami,029,down,029_down,5,4,96,bicjpeg75,31.428908,0.755197,28.92368,0.902965,4,0.106025,30.364749,37.203341,30.485164,0.719987,0.340043,0.331538,0.655,cuda
pds26,ami,029,front,029_front,5,4,96,bicjpeg75,31.190498,0.746476,28.591773,0.896349,4,0.115138,30.443683,36.629809,30.5519,0.716945,0.453353,0.330889,0.658,cuda
pds26,ami,029,left,029_left,5,4,96,bicjpeg75,32.060042,0.785927,29.315731,0.915455,4,0.082299,31.201625,37.508756,30.41652,0.752154,0.361029,0.33696,0.681,cuda
pds26,ami,029,right,029_right,5,4,96,bicjpeg75,31.529885,0.767144,28.641002,0.901534,4,0.105691,30.824713,36.625646,30.853508,0.748187,0.38036,0.318679,0.676,cuda
pds26,ami,029,up,029_up,5,4,96,bicjpeg75,30.973933,0.724581,28.396857,0.880922,4,0.104044,30.255955,36.514149,29.906624,0.681808,0.430721,0.321039,0.685,cuda
pds26,ami,029,zoom,029_zoom,5,4,96,bicjpeg75,31.930511,0.773064,29.081599,0.902255,4,0.094279,31.276155,37.149034,30.611717,0.709058,0.409825,0.344933,0.692,cuda
pds26,ami,030,back,030_back,1,4,96,bicjpeg75,31.447305,0.78206,28.66405,0.913677,4,0.101747,30.826011,36.197165,29.094324,0.698795,0.300752,0.307674,0.688,cuda
pds26,ami,030,down,030_down,1,4,96,bicjpeg75,31.558035,0.794945,28.952019,0.919189,4,0.096058,30.810771,36.920046,29.290792,0.744816,0.30783,0.298011,0.68,cuda
pds26,ami,030,front,030_front,1,4,96,bicjpeg75,31.536388,0.782344,28.940941,0.907087,4,0.106191,30.619509,36.466443,29.667882,0.724419,0.365522,0.317065,0.693,cuda
pds26,ami,030,left,030_left,1,4,96,bicjpeg75,31.685103,0.789465,29.05029,0.916086,4,0.098657,30.820109,36.839963,29.010243,0.745625,0.333374,0.314939,0.683,cuda
pds26,ami,030,right,030_right,1,4,96,bicjpeg75,30.895728,0.775941,28.278564,0.917508,4,0.105606,29.934492,36.194808,29.162243,0.7361,0.356616,0.307005,0.682,cuda
pds26,ami,030,up,030_up,1,4,96,bicjpeg75,31.194519,0.763349,28.510946,0.905807,4,0.111175,30.355816,36.353169,29.737579,0.679045,0.325667,0.311064,0.683,cuda
pds26,ami,030,zoom,030_zoom,1,4,96,bicjpeg75,31.925886,0.803124,28.950948,0.922127,4,0.094943,31.245996,36.796712,30.765063,0.754124,0.311803,0.308014,0.688,cuda
pds26,ami,031,back,031_back,5,4,96,bicjpeg75,31.494493,0.799005,28.955415,0.927013,4,0.092241,30.540502,36.45559,30.00203,0.728612,0.278638,0.292006,0.69,cuda
pds26,ami,031,down,031_down,5,4,96,bicjpeg75,30.815824,0.789392,28.371928,0.923002,4,0.093667,29.200196,36.623153,29.860663,0.744876,0.314198,0.298662,0.68,cuda
pds26,ami,031,front,031_front,5,4,96,bicjpeg75,31.263611,0.792586,28.688213,0.922612,4,0.08768,30.570167,36.546768,29.194737,0.712568,0.314226,0.301972,0.679,cuda
pds26,ami,031,left,031_left,5,4,96,bicjpeg75,31.384385,0.79871,28.81506,0.928084,4,0.093213,30.126776,37.075945,29.63389,0.720148,0.268604,0.298987,0.679,cuda
pds26,ami,031,right,031_right,5,4,96,bicjpeg75,31.751696,0.803854,29.004955,0.925601,4,0.090258,31.150811,36.670515,30.328133,0.75839,0.269395,0.28881,0.692,cuda
pds26,ami,031,up,031_up,5,4,96,bicjpeg75,31.555966,0.801101,28.867973,0.928041,4,0.090417,30.808711,36.823738,29.69146,0.727881,0.353458,0.314377,0.685,cuda
pds26,ami,031,zoom,031_zoom,5,4,96,bicjpeg75,31.192098,0.795836,28.556273,0.924623,4,0.103224,30.301137,36.251065,30.41617,0.762775,0.323848,0.303671,0.68,cuda
pds26,ami,032,back,032_back,3,4,96,bicjpeg75,31.64672,0.825836,28.650832,0.931633,4,0.093927,30.169869,36.966785,29.486899,0.730249,0.250342,0.298906,0.675,cuda
pds26,ami,032,down,032_down,3,4,96,bicjpeg75,32.262759,0.836791,29.1118,0.937191,4,0.08214,30.981108,37.670072,29.188246,0.763477,0.247334,0.300057,0.671,cuda
pds26,ami,032,front,032_front,3,4,96,bicjpeg75,31.864847,0.821758,28.728702,0.932284,4,0.093031,30.637763,36.699506,29.161166,0.750068,0.280912,0.323025,0.667,cuda
pds26,ami,032,left,032_left,3,4,96,bicjpeg75,32.192308,0.836234,29.136111,0.938018,4,0.090273,30.875625,37.438802,30.458032,0.805767,0.281405,0.314665,0.654,cuda
pds26,ami,032,right,032_right,3,4,96,bicjpeg75,31.744669,0.834144,28.846781,0.934156,4,0.091294,30.098578,37.535255,28.845551,0.696585,0.223104,0.292948,0.663,cuda
pds26,ami,032,up,032_up,3,4,96,bicjpeg75,31.521304,0.824292,28.584856,0.933632,4,0.083837,29.862142,37.014743,28.804689,0.746595,0.230018,0.300774,0.671,cuda
pds26,ami,032,zoom,032_zoom,3,4,96,bicjpeg75,31.677319,0.818625,28.689605,0.933906,4,0.086022,30.366058,36.970596,29.868782,0.752047,0.268774,0.316584,0.678,cuda
pds26,ami,033,back,033_back,3,4,96,bicjpeg75,32.781465,0.816302,30.126146,0.917128,4,0.090966,32.545771,37.235747,30.82826,0.735703,0.26575,0.28057,0.668,cuda
pds26,ami,033,down,033_down,3,4,96,bicjpeg75,32.583639,0.83056,29.997735,0.930364,4,0.100261,31.950444,37.005899,31.716471,0.799725,0.236263,0.286851,0.678,cuda
pds26,ami,033,front,033_front,3,4,96,bicjpeg75,32.464932,0.810905,29.884888,0.925728,4,0.100265,31.673099,37.293912,31.353378,0.786183,0.294933,0.307509,0.694,cuda
pds26,ami,033,left,033_left,3,4,96,bicjpeg75,33.098277,0.839319,30.566368,0.922796,4,0.086283,31.834475,37.992073,29.962234,0.753362,0.24871,0.314692,0.691,cuda
pds26,ami,033,right,033_right,3,4,96,bicjpeg75,31.798042,0.800425,29.164939,0.919838,4,0.09968,30.816827,36.675481,30.1422,0.761466,0.287804,0.302558,0.675,cuda
pds26,ami,033,up,033_up,3,4,96,bicjpeg75,32.163226,0.81167,29.562621,0.925111,4,0.098538,31.433531,36.927232,30.866364,0.757694,0.276979,0.306034,0.675,cuda
pds26,ami,033,zoom,033_zoom,3,4,96,bicjpeg75,32.015672,0.806706,29.435387,0.922439,4,0.108459,31.311819,36.497373,32.05557,0.810564,0.31616,0.304442,0.69,cuda
pds26,ami,034,back,034_back,4,4,96,bicjpeg75,30.780035,0.751169,28.601095,0.908814,4,0.111894,29.624059,36.389639,29.623757,0.728474,0.328366,0.30037,0.684,cuda
pds26,ami,034,down,034_down,4,4,96,bicjpeg75,30.861254,0.753738,28.858062,0.902197,4,0.119249,29.698498,36.237644,30.031174,0.79894,0.35467,0.302418,0.677,cuda
pds26,ami,034,front,034_front,4,4,96,bicjpeg75,30.774758,0.750349,28.713454,0.904612,4,0.115574,29.799262,36.192899,29.501523,0.75034,0.35008,0.334424,0.686,cuda
pds26,ami,034,left,034_left,4,4,96,bicjpeg75,31.380246,0.774002,29.263008,0.914165,4,0.102708,30.445922,37.130118,29.853362,0.738572,0.318325,0.345297,0.688,cuda
pds26,ami,034,right,034_right,4,4,96,bicjpeg75,30.701693,0.743004,28.461557,0.896468,4,0.109126,29.485293,36.391946,29.852345,0.726502,0.393802,0.322732,0.663,cuda
pds26,ami,034,up,034_up,4,4,96,bicjpeg75,30.340489,0.73697,28.184376,0.900154,4,0.111609,29.13694,36.152773,30.047103,0.728631,0.367574,0.340037,0.655,cuda
pds26,ami,034,zoom,034_zoom,4,4,96,bicjpeg75,31.817607,0.801943,29.513002,0.922025,4,0.097611,31.756693,36.52441,31.356295,0.793829,0.314326,0.302209,0.658,cuda
pds26,ami,035,back,035_back,5,4,96,bicjpeg75,32.880135,0.82256,30.016739,0.91694,4,0.100204,32.269833,37.438206,30.26473,0.727761,0.276837,0.297156,0.692,cuda
pds26,ami,035,down,035_down,5,4,96,bicjpeg75,33.157203,0.839463,30.427543,0.931496,4,0.084737,32.693422,37.981139,31.026438,0.790299,0.234838,0.326761,0.658,cuda
pds26,ami,035,front,035_front,5,4,96,bicjpeg75,32.775029,0.825006,30.06841,0.920378,4,0.08606,32.357545,37.428379,30.437862,0.758253,0.261905,0.321842,0.669,cuda
pds26,ami,035,left,035_left,5,4,96,bicjpeg75,33.292287,0.836549,30.455775,0.924785,4,0.087934,32.655875,38.191908,29.944957,0.750414,0.254074,0.316119,0.676,cuda
pds26,ami,035,right,035_right,5,4,96,bicjpeg75,32.673787,0.816199,29.939691,0.911834,4,0.092109,32.026628,37.286778,29.941646,0.748487,0.308363,0.288126,0.676,cuda
pds26,ami,035,up,035_up,5,4,96,bicjpeg75,32.024375,0.806697,29.514914,0.907011,4,0.099057,31.590923,36.709125,29.768729,0.725709,0.280738,0.326003,0.679,cuda
pds26,ami,035,zoom,035_zoom,5,4,96,bicjpeg75,32.81606,0.835997,29.991306,0.922367,4,0.082073,32.278938,37.127215,31.233524,0.791351,0.304654,0.34407,0.69,cuda
pds26,ami,036,back,036_back,2,4,96,bicjpeg75,31.889265,0.787077,29.746672,0.904977,4,0.095994,31.089214,36.936521,29.021964,0.688783,0.321044,0.32149,0.673,cuda
pds26,ami,036,down,036_down,2,4,96,bicjpeg75,32.879156,0.818685,30.898565,0.921109,4,0.085811,31.816209,38.376483,30.154228,0.774183,0.322201,0.319829,0.688,cuda
pds26,ami,036,front,036_front,2,4,96,bicjpeg75,32.686653,0.813819,30.637431,0.917632,4,0.090678,31.799485,37.711681,30.823561,0.778273,0.347125,0.321264,0.668,cuda
pds26,ami,036,left,036_left,2,4,96,bicjpeg75,33.097767,0.831339,31.053336,0.927512,4,0.084035,32.206873,38.374039,30.00612,0.784713,0.285821,0.323836,0.688,cuda
pds26,ami,036,right,036_right,2,4,96,bicjpeg75,31.731385,0.798362,29.561229,0.915921,4,0.101386,30.663875,36.877361,29.505693,0.725292,0.331402,0.298797,0.662,cuda
pds26,ami,036,up,036_up,2,4,96,bicjpeg75,31.907813,0.790077,29.862154,0.914144,4,0.103193,30.904648,37.141235,30.677937,0.746171,0.352083,0.311099,0.685,cuda
pds26,ami,036,zoom,036_zoom,2,4,96,bicjpeg75,33.090526,0.831741,30.973512,0.927483,4,0.08797,32.18621,38.009185,31.840371,0.816494,0.27679,0.334801,0.674,cuda
pds26,ami,037,back,037_back,2,4,96,bicjpeg75,32.5623,0.802297,30.334818,0.914789,4,0.084595,31.758276,37.702021,29.336717,0.765424,0.371068,0.291776,0.681,cuda
pds26,ami,037,down,037_down,2,4,96,bicjpeg75,32.325598,0.802254,30.096977,0.9119,4,0.091159,31.231639,37.722167,29.914325,0.798793,0.364761,0.287678,0.69,cuda
pds26,ami,037,front,037_front,2,4,96,bicjpeg75,32.435874,0.806761,30.258096,0.909666,4,0.092523,31.640089,37.409977,29.670692,0.797526,0.329606,0.301671,0.687,cuda
pds26,ami,037,left,037_left,2,4,96,bicjpeg75,32.761692,0.823466,30.637736,0.920841,4,0.090093,32.087611,37.63393,29.324822,0.799739,0.333134,0.313059,0.685,cuda
pds26,ami,037,right,037_right,2,4,96,bicjpeg75,32.072857,0.797586,29.864531,0.907263,4,0.104699,31.311161,36.719689,29.649386,0.74624,0.35115,0.282312,0.684,cuda
pds26,ami,037,up,037_up,2,4,96,bicjpeg75,31.861928,0.784616,29.790376,0.900318,4,0.10393,31.000618,36.831458,29.798504,0.767196,0.384039,0.301963,0.677,cuda
pds26,ami,037,zoom,037_zoom,2,4,96,bicjpeg75,31.970006,0.800399,29.722256,0.910932,4,0.099045,31.552928,36.86346,31.474952,0.793987,0.292811,0.302862,0.673,cuda
pds26,ami,038,back,038_back,2,4,96,bicjpeg75,31.882661,0.7877,29.428732,0.916123,4,0.099326,31.015249,37.114575,29.527819,0.753155,0.300967,0.351422,0.675,cuda
pds26,ami,038,down,038_down,2,4,96,bicjpeg75,31.147373,0.757312,29.068771,0.905736,4,0.105468,30.290846,36.558699,29.195059,0.738836,0.302073,0.322521,0.673,cuda
pds26,ami,038,front,038_front,2,4,96,bicjpeg75,31.473517,0.772896,29.317447,0.909611,4,0.101281,30.772907,36.982396,29.090558,0.746018,0.263349,0.302246,0.673,cuda
pds26,ami,038,left,038_left,2,4,96,bicjpeg75,32.430935,0.794184,30.218481,0.918994,4,0.092319,31.775024,37.770882,29.742702,0.733966,0.302007,0.359749,0.676,cuda
pds26,ami,038,right,038_right,2,4,96,bicjpeg75,31.91508,0.79307,29.42006,0.915873,4,0.099116,31.0044,37.160112,29.215797,0.770459,0.371013,0.314496,0.674,cuda
pds26,ami,038,up,038_up,2,4,96,bicjpeg75,30.807237,0.736923,28.80011,0.893077,4,0.119472,29.913919,36.17696,29.376208,0.718047,0.396859,0.321016,0.68,cuda
pds26,ami,038,zoom,038_zoom,2,4,96,bicjpeg75,32.377185,0.810775,30.091709,0.925891,4,0.098699,31.82883,36.981021,31.712865,0.830072,0.262205,0.328174,0.683,cuda
pds26,ami,039,back,039_back,2,4,96,bicjpeg75,31.942706,0.812458,29.409234,0.919223,4,0.094762,31.056431,36.986738,28.515504,0.693151,0.277156,0.264505,0.681,cuda
pds26,ami,039,down,039_down,2,4,96,bicjpeg75,31.827748,0.814625,29.300354,0.919602,4,0.092986,30.978196,37.340239,28.086465,0.670768,0.230874,0.309225,0.689,cuda
pds26,ami,039,front,039_front,2,4,96,bicjpeg75,32.068689,0.818901,29.360451,0.923854,4,0.084813,31.180295,37.107914,28.900694,0.715931,0.258923,0.296949,0.672,cuda
pds26,ami,039,left,039_left,2,4,96,bicjpeg75,33.098642,0.850921,30.348248,0.93472,4,0.080821,32.379253,38.15082,29.528055,0.733255,0.273029,0.30362,0.671,cuda
pds26,ami,039,right,039_right,2,4,96,bicjpeg75,32.110309,0.827404,29.442806,0.931667,4,0.089831,31.25675,36.911769,29.157194,0.746179,0.264254,0.287871,0.685,cuda
pds26,ami,039,up,039_up,2,4,96,bicjpeg75,32.019288,0.820282,29.359044,0.920211,4,0.090639,32.044573,36.747552,28.755299,0.687617,0.240855,0.287678,0.69,cuda
pds26,ami,039,zoom,039_zoom,2,4,96,bicjpeg75,32.706781,0.839983,29.86591,0.927353,4,0.083039,32.260705,37.159015,29.803257,0.729982,0.196602,0.311092,0.691,cuda
pds26,ami,040,back,040_back,4,4,96,bicjpeg75,31.551496,0.790241,28.950939,0.908633,4,0.108767,30.830786,36.806949,29.395871,0.710239,0.288462,0.301622,0.691,cuda
pds26,ami,040,down,040_down,4,4,96,bicjpeg75,31.864581,0.808312,29.279091,0.920017,4,0.091304,31.181766,36.853623,29.022154,0.726025,0.318114,0.299142,0.683,cuda
pds26,ami,040,front,040_front,4,4,96,bicjpeg75,31.847782,0.811942,29.147075,0.920769,4,0.088719,31.316634,36.903905,29.001948,0.745921,0.314892,0.320333,0.676,cuda
pds26,ami,040,left,040_left,4,4,96,bicjpeg75,32.504363,0.824878,29.848565,0.923155,4,0.095384,32.177854,37.262935,29.200511,0.703764,0.336768,0.351012,0.687,cuda
pds26,ami,040,right,040_right,4,4,96,bicjpeg75,31.643733,0.807084,28.888187,0.916431,4,0.099954,31.181405,36.347272,28.827094,0.719067,0.305777,0.316125,0.69,cuda
pds26,ami,040,up,040_up,4,4,96,bicjpeg75,31.476335,0.802295,28.793501,0.917202,4,0.093679,30.785139,36.525991,29.098557,0.737786,0.340638,0.308582,0.684,cuda
pds26,ami,040,zoom,040_zoom,4,4,96,bicjpeg75,31.876741,0.815569,29.089995,0.919592,4,0.091845,31.187313,36.678959,30.458975,0.773977,0.337629,0.319053,0.657,cuda
pds26,ami,041,back,041_back,5,4,96,bicjpeg75,31.525985,0.777588,29.07682,0.905427,4,0.0971,31.004555,36.401358,29.317485,0.716902,0.292887,0.289684,0.656,cuda
pds26,ami,041,down,041_down,5,4,96,bicjpeg75,32.389036,0.814375,29.831175,0.921813,4,0.093584,31.969745,37.353328,29.275801,0.723153,0.342649,0.325821,0.671,cuda
pds26,ami,041,front,041_front,5,4,96,bicjpeg75,31.989301,0.810148,29.385023,0.918271,4,0.088014,31.694728,36.849091,29.658466,0.719116,0.361215,0.316963,0.657,cuda
pds26,ami,041,left,041_left,5,4,96,bicjpeg75,34.074618,0.852912,31.00483,0.930036,4,0.071577,33.861618,38.491796,30.887046,0.789185,0.358352,0.334569,0.662,cuda
pds26,ami,041,right,041_right,5,4,96,bicjpeg75,31.528801,0.775749,28.798693,0.907465,4,0.102316,30.667373,36.649588,29.768709,0.729223,0.331106,0.299626,0.659,cuda
pds26,ami,041,up,041_up,5,4,96,bicjpeg75,31.749366,0.795683,29.060133,0.914389,4,0.091592,31.245605,36.71216,29.545974,0.731062,0.342813,0.335992,0.663,cuda
pds26,ami,041,zoom,041_zoom,5,4,96,bicjpeg75,32.409904,0.824561,29.628684,0.926769,4,0.08839,32.005313,36.919766,30.179506,0.751829,0.247688,0.310644,0.674,cuda
pds26,ami,042,back,042_back,4,4,96,bicjpeg75,31.040995,0.752031,28.679658,0.906185,4,0.104601,29.995454,36.625025,29.426048,0.746047,0.306454,0.300737,0.662,cuda
pds26,ami,042,down,042_down,4,4,96,bicjpeg75,31.863364,0.798657,29.594921,0.926848,4,0.086715,30.899747,37.269509,29.367207,0.781879,0.285401,0.291551,0.684,cuda
pds26,ami,042,front,042_front,4,4,96,bicjpeg75,31.041289,0.755076,28.906442,0.910937,4,0.111812,30.136476,36.499512,29.906156,0.780644,0.282484,0.328079,0.658,cuda
pds26,ami,042,left,042_left,4,4,96,bicjpeg75,32.242504,0.802015,29.987516,0.916914,4,0.098025,31.406374,37.423218,30.108135,0.752467,0.306637,0.332494,0.659,cuda
pds26,ami,042,right,042_right,4,4,96,bicjpeg75,30.932483,0.752228,28.602414,0.912834,4,0.110933,29.832862,36.361831,30.401974,0.799726,0.291616,0.304916,0.664,cuda
pds26,ami,042,up,042_up,4,4,96,bicjpeg75,30.700781,0.739255,28.508698,0.906344,4,0.111187,29.598232,36.222483,29.486062,0.745901,0.328319,0.355151,0.68,cuda
pds26,ami,042,zoom,042_zoom,4,4,96,bicjpeg75,31.354077,0.788048,29.012792,0.913963,4,0.10373,30.507974,36.419266,31.137833,0.833921,0.280112,0.317223,0.693,cuda
pds26,ami,043,back,043_back,4,4,96,bicjpeg75,31.532487,0.80287,29.034233,0.927079,4,0.100468,30.858095,36.503071,29.756526,0.764114,0.226769,0.276336,0.696,cuda
pds26,ami,043,down,043_down,4,4,96,bicjpeg75,31.505125,0.790795,29.258435,0.927514,4,0.093852,30.842599,36.821596,29.297063,0.778566,0.285853,0.27773,0.687,cuda
pds26,ami,043,front,043_front,4,4,96,bicjpeg75,31.4638,0.795419,29.109531,0.926716,4,0.094697,31.191984,36.247068,29.767748,0.741227,0.321879,0.326416,0.666,cuda
pds26,ami,043,left,043_left,4,4,96,bicjpeg75,32.294118,0.818302,30.023564,0.932605,4,0.085732,31.429994,37.461382,29.596539,0.760788,0.253118,0.286339,0.668,cuda
pds26,ami,043,right,043_right,4,4,96,bicjpeg75,31.709446,0.816385,28.99232,0.932596,4,0.097118,31.109627,36.412852,30.57211,0.812037,0.246949,0.28227,0.666,cuda
pds26,ami,043,up,043_up,4,4,96,bicjpeg75,31.339878,0.781128,28.986673,0.918286,4,0.103224,30.71497,36.235948,29.975429,0.743634,0.314601,0.31112,0.663,cuda
pds26,ami,043,zoom,043_zoom,4,4,96,bicjpeg75,32.277503,0.817815,29.688643,0.930257,4,0.087954,31.97373,36.725514,31.236522,0.81238,0.327678,0.327698,0.663,cuda
pds26,ami,044,back,044_back,5,4,96,bicjpeg75,31.798056,0.811692,29.147311,0.930428,4,0.087456,30.969254,36.660079,29.070306,0.786994,0.292814,0.293747,0.68,cuda
pds26,ami,044,down,044_down,5,4,96,bicjpeg75,32.090272,0.83393,29.428893,0.93319,4,0.091479,30.986376,37.418684,29.166454,0.781241,0.258447,0.300886,0.671,cuda
pds26,ami,044,front,044_front,5,4,96,bicjpeg75,31.649298,0.81548,29.137327,0.926317,4,0.097967,30.453174,36.79409,29.161154,0.785666,0.300909,0.336904,0.68,cuda
pds26,ami,044,left,044_left,5,4,96,bicjpeg75,32.269835,0.826263,29.578866,0.931411,4,0.083555,31.147301,37.633665,29.223538,0.730448,0.242276,0.294784,0.674,cuda
pds26,ami,044,right,044_right,5,4,96,bicjpeg75,32.506539,0.828733,29.532365,0.933494,4,0.087199,31.574337,37.312741,29.846754,0.794988,0.297419,0.296254,0.689,cuda
pds26,ami,044,up,044_up,5,4,96,bicjpeg75,32.048809,0.817149,29.384928,0.931508,4,0.095441,30.774418,37.229791,29.544385,0.766037,0.309611,0.323893,0.66,cuda
pds26,ami,044,zoom,044_zoom,5,4,96,bicjpeg75,31.841843,0.834875,29.273728,0.933773,4,0.088741,30.515341,36.772645,30.838437,0.815692,0.266763,0.290811,0.655,cuda
pds26,ami,045,back,045_back,2,4,96,bicjpeg75,31.328172,0.785822,29.080166,0.908257,4,0.099876,30.71263,36.27189,29.674016,0.713105,0.266833,0.272189,0.66,cuda
pds26,ami,045,down,045_down,2,4,96,bicjpeg75,32.760804,0.835097,30.267795,0.932699,4,0.091947,32.257307,37.282018,30.362383,0.773007,0.314852,0.328588,0.669,cuda
pds26,ami,045,front,045_front,2,4,96,bicjpeg75,32.028151,0.802949,29.610574,0.917845,4,0.100215,31.29448,36.706286,29.835106,0.742956,0.294184,0.323274,0.671,cuda
pds26,ami,045,left,045_left,2,4,96,bicjpeg75,33.664464,0.842623,30.792614,0.93279,4,0.092634,33.252014,37.949244,31.32715,0.751905,0.332348,0.312147,0.666,cuda
pds26,ami,045,right,045_right,2,4,96,bicjpeg75,31.638212,0.795947,29.133775,0.909604,4,0.100107,30.831985,36.491129,30.277805,0.711412,0.300803,0.298989,0.679,cuda
pds26,ami,045,up,045_up,2,4,96,bicjpeg75,32.051677,0.812312,29.593549,0.919926,4,0.09303,31.58111,36.724081,30.035603,0.7544,0.332101,0.347505,0.687,cuda
pds26,ami,045,zoom,045_zoom,2,4,96,bicjpeg75,32.94147,0.83155,30.311801,0.918039,4,0.087188,32.674526,37.068598,30.442436,0.773512,0.259495,0.309041,0.688,cuda
pds26,ami,046,back,046_back,5,4,96,bicjpeg75,30.560757,0.791142,28.109458,0.921188,4,0.106879,29.543592,35.833196,29.97883,0.766335,0.275522,0.273422,0.681,cuda
pds26,ami,046,down,046_down,5,4,96,bicjpeg75,32.799481,0.845407,30.072821,0.93158,4,0.083159,32.02657,37.245754,29.405731,0.775059,0.270593,0.29613,0.666,cuda
pds26,ami,046,front,046_front,5,4,96,bicjpeg75,31.988355,0.815255,29.383481,0.922536,4,0.093961,31.611073,36.721805,28.744096,0.742365,0.268821,0.323824,0.662,cuda
pds26,ami,046,left,046_left,5,4,96,bicjpeg75,33.043609,0.846456,30.284824,0.924501,4,0.084602,32.275902,37.669634,29.724949,0.728397,0.259203,0.314277,0.69,cuda
pds26,ami,046,right,046_right,5,4,96,bicjpeg75,31.564624,0.805994,28.696095,0.920177,4,0.102708,30.589235,36.383059,29.593337,0.721542,0.260507,0.277785,0.702,cuda
pds26,ami,046,up,046_up,5,4,96,bicjpeg75,31.138215,0.791248,28.438568,0.917948,4,0.101598,30.280533,36.08233,29.397913,0.755581,0.291793,0.293248,0.656,cuda
pds26,ami,046,zoom,046_zoom,5,4,96,bicjpeg75,32.555835,0.836253,29.621684,0.933046,4,0.08784,31.949247,36.919449,30.850762,0.800823,0.240674,0.296251,0.668,cuda
pds26,ami,047,back,047_back,3,4,96,bicjpeg75,31.867048,0.798879,29.500696,0.915895,4,0.103969,30.955783,36.778048,30.612156,0.763613,0.242887,0.279765,0.675,cuda
pds26,ami,047,down,047_down,3,4,96,bicjpeg75,32.369174,0.807862,29.913693,0.919608,4,0.091259,31.648955,37.329439,30.597696,0.810684,0.28614,0.309432,0.681,cuda
pds26,ami,047,front,047_front,3,4,96,bicjpeg75,32.468687,0.80474,29.940565,0.918429,4,0.094036,31.727447,37.24439,30.878586,0.788925,0.290636,0.292785,0.667,cuda
pds26,ami,047,left,047_left,3,4,96,bicjpeg75,32.384012,0.797063,29.961601,0.920147,4,0.089036,31.855046,37.678086,31.196248,0.815273,0.33871,0.303025,0.662,cuda
pds26,ami,047,right,047_right,3,4,96,bicjpeg75,32.625284,0.823931,29.755927,0.920711,4,0.091927,31.702848,37.419589,30.45323,0.775745,0.320563,0.305402,0.661,cuda
pds26,ami,047,up,047_up,3,4,96,bicjpeg75,31.989843,0.79196,29.559,0.911496,4,0.096411,31.298303,37.003387,30.126332,0.733503,0.292603,0.303745,0.666,cuda
pds26,ami,047,zoom,047_zoom,3,4,96,bicjpeg75,32.817674,0.822446,30.167359,0.919761,4,0.094132,32.247366,37.082385,32.391109,0.824929,0.270719,0.323372,0.659,cuda
pds26,ami,048,back,048_back,1,4,96,bicjpeg75,31.816698,0.803215,29.243228,0.919542,4,0.1014,30.999442,36.970945,30.053377,0.712394,0.314981,0.300799,0.663,cuda
pds26,ami,048,down,048_down,1,4,96,bicjpeg75,32.125233,0.822034,29.788316,0.923542,4,0.089741,31.04104,37.421877,28.55476,0.739174,0.243684,0.290764,0.669,cuda
pds26,ami,048,front,048_front,1,4,96,bicjpeg75,32.087364,0.818786,29.603626,0.92284,4,0.097605,31.752849,36.872198,29.287784,0.756039,0.278304,0.304756,0.669,cuda
pds26,ami,048,left,048_left,1,4,96,bicjpeg75,32.342667,0.813666,30.012093,0.907593,4,0.092843,32.293861,36.667417,28.993629,0.725327,0.273737,0.31147,0.665,cuda
pds26,ami,048,right,048_right,1,4,96,bicjpeg75,31.54854,0.806369,29.08622,0.913339,4,0.104553,30.345281,36.738458,28.938079,0.754715,0.250303,0.28983,0.671,cuda
pds26,ami,048,up,048_up,1,4,96,bicjpeg75,31.800873,0.806305,29.362985,0.919879,4,0.091545,31.294256,36.44499,29.915829,0.745787,0.264125,0.341315,0.676,cuda
pds26,ami,048,zoom,048_zoom,1,4,96,bicjpeg75,32.899892,0.8417,30.322937,0.933689,4,0.083109,32.539337,37.16799,31.671362,0.832866,0.262297,0.323848,0.665,cuda
pds26,ami,051,back,051_back,4,4,96,bicjpeg75,31.427225,0.818165,29.351109,0.933099,4,0.096751,30.697774,36.288843,29.510172,0.767909,0.261103,0.28255,0.662,cuda
pds26,ami,051,down,051_down,4,4,96,bicjpeg75,31.601956,0.815234,29.545589,0.924072,4,0.091072,31.157397,36.640411,29.062777,0.756551,0.304982,0.322016,0.669,cuda
pds26,ami,051,front,051_front,4,4,96,bicjpeg75,31.36969,0.807303,29.175038,0.924581,4,0.100448,30.578893,36.202591,29.981117,0.766061,0.302156,0.290217,0.673,cuda
pds26,ami,051,left,051_left,4,4,96,bicjpeg75,32.647469,0.838186,30.340266,0.928647,4,0.079634,32.155585,37.169697,30.389573,0.766909,0.284684,0.284965,0.682,cuda
pds26,ami,051,right,051_right,4,4,96,bicjpeg75,32.318538,0.822623,29.800209,0.929697,4,0.085435,31.332094,37.412062,29.865734,0.727928,0.264598,0.30793,0.687,cuda
pds26,ami,051,up,051_up,4,4,96,bicjpeg75,31.181367,0.790592,29.085327,0.917161,4,0.106255,30.453927,36.126273,29.527903,0.753385,0.304759,0.293561,0.679,cuda
pds26,ami,051,zoom,051_zoom,4,4,96,bicjpeg75,32.731542,0.84135,30.413194,0.932232,4,0.092221,32.144998,36.826311,31.131372,0.816138,0.263422,0.30202,0.678,cuda
pds26,ami,052,back,052_back,1,4,96,bicjpeg75,30.87832,0.784848,28.442069,0.917802,4,0.102399,29.561056,36.058803,29.535249,0.725046,0.209415,0.303579,0.663,cuda
pds26,ami,052,down,052_down,1,4,96,bicjpeg75,31.601383,0.826574,29.136467,0.943867,4,0.09112,30.705387,36.658017,29.812947,0.777458,0.254467,0.267306,0.678,cuda
pds26,ami,052,front,052_front,1,4,96,bicjpeg75,31.30798,0.804074,28.860068,0.935424,4,0.100967,30.360189,36.403951,28.635137,0.754801,0.220771,0.298212,0.688,cuda
pds26,ami,052,left,052_left,1,4,96,bicjpeg75,32.485564,0.852316,29.924563,0.951599,4,0.080107,31.685947,37.47348,29.357324,0.787008,0.245843,0.297568,0.692,cuda
pds26,ami,052,right,052_right,1,4,96,bicjpeg75,30.895667,0.80315,28.481947,0.93014,4,0.108091,29.722112,36.106439,29.640731,0.778889,0.219296,0.290183,0.697,cuda
pds26,ami,052,up,052_up,1,4,96,bicjpeg75,31.400422,0.816286,28.924549,0.935312,4,0.090368,30.262915,36.438078,29.041413,0.743441,0.295863,0.313711,0.668,cuda
pds26,ami,052,zoom,052_zoom,1,4,96,bicjpeg75,31.688484,0.823145,29.205823,0.936765,4,0.094535,30.630326,36.39957,30.70837,0.800506,0.235606,0.294258,0.679,cuda
pds26,ami,053,back,053_back,3,4,96,bicjpeg75,31.951637,0.806077,29.04997,0.92565,4,0.088614,30.95013,36.742658,29.887775,0.747588,0.231517,0.276684,0.683,cuda
pds26,ami,053,down,053_down,3,4,96,bicjpeg75,31.369509,0.796539,28.624822,0.917056,4,0.097409,30.805451,36.501931,28.492416,0.718694,0.25249,0.310861,0.685,cuda
pds26,ami,053,front,053_front,3,4,96,bicjpeg75,31.805282,0.797754,29.067771,0.912933,4,0.088184,31.217947,36.836826,28.997826,0.695794,0.286477,0.323657,0.686,cuda
pds26,ami,053,left,053_left,3,4,96,bicjpeg75,32.166296,0.82014,29.370746,0.926369,4,0.099434,31.204498,37.266532,29.307717,0.711596,0.289912,0.314154,0.695,cuda
pds26,ami,053,right,053_right,3,4,96,bicjpeg75,31.93782,0.806428,28.830841,0.926553,4,0.09161,31.024632,37.138384,29.487269,0.716592,0.252355,0.301851,0.697,cuda
pds26,ami,053,up,053_up,3,4,96,bicjpeg75,30.775649,0.758229,28.247814,0.899446,4,0.102128,29.501325,36.127284,28.562419,0.633882,0.306196,0.30812,0.686,cuda
pds26,ami,053,zoom,053_zoom,3,4,96,bicjpeg75,32.021538,0.811642,29.110711,0.917705,4,0.093526,31.2742,36.978814,29.905998,0.747689,0.329801,0.316237,0.688,cuda
pds26,ami,054,back,054_back,3,4,96,bicjpeg75,31.47251,0.803604,28.751618,0.920831,4,0.089997,30.349371,36.604426,29.003426,0.715355,0.309482,0.281663,0.683,cuda
pds26,ami,054,down,054_down,3,4,96,bicjpeg75,32.169714,0.828294,29.544674,0.928025,4,0.093339,31.152335,37.302179,29.431074,0.783892,0.304485,0.292223,0.666,cuda
pds26,ami,054,front,054_front,3,4,96,bicjpeg75,31.506525,0.802892,28.987917,0.913284,4,0.103448,30.80577,35.986002,29.01864,0.705994,0.284174,0.287458,0.668,cuda
pds26,ami,054,left,054_left,3,4,96,bicjpeg75,32.438205,0.818502,29.861897,0.92634,4,0.08756,31.913187,36.818792,29.680709,0.723685,0.314877,0.320016,0.681,cuda
pds26,ami,054,right,054_right,3,4,96,bicjpeg75,31.366865,0.796863,28.813464,0.923117,4,0.100111,30.255078,36.57709,28.60091,0.730798,0.249694,0.290934,0.682,cuda
pds26,ami,054,up,054_up,3,4,96,bicjpeg75,31.10416,0.79283,28.256562,0.916564,4,0.098364,30.519242,36.117609,29.329462,0.718484,0.320437,0.323178,0.68,cuda
pds26,ami,054,zoom,054_zoom,3,4,96,bicjpeg75,31.815451,0.81261,28.969981,0.920092,4,0.102626,30.760027,36.448884,29.867569,0.774312,0.25833,0.306517,0.672,cuda
pds26,ami,055,back,055_back,2,4,96,bicjpeg75,31.815549,0.807578,29.368045,0.919462,4,0.101125,30.704123,36.76302,29.031136,0.68789,0.231386,0.281535,0.679,cuda
pds26,ami,055,down,055_down,2,4,96,bicjpeg75,31.732915,0.804001,29.211784,0.917381,4,0.096613,30.823072,36.645586,28.277393,0.71639,0.250827,0.325468,0.68,cuda
pds26,ami,055,front,055_front,2,4,96,bicjpeg75,32.160249,0.82242,29.392263,0.926642,4,0.09419,31.05192,37.331698,29.561823,0.715029,0.225752,0.303327,0.682,cuda
pds26,ami,055,left,055_left,2,4,96,bicjpeg75,32.66753,0.827457,29.858588,0.932057,4,0.089234,31.674599,37.696115,29.740096,0.730572,0.256695,0.304396,0.674,cuda
pds26,ami,055,right,055_right,2,4,96,bicjpeg75,31.439941,0.805209,28.777048,0.917199,4,0.105939,30.416215,36.795493,28.724903,0.685326,0.271523,0.313397,0.676,cuda
pds26,ami,055,up,055_up,2,4,96,bicjpeg75,31.512118,0.813294,28.92338,0.926394,4,0.107666,29.896646,37.001432,29.173917,0.714849,0.220932,0.302424,0.689,cuda
pds26,ami,055,zoom,055_zoom,2,4,96,bicjpeg75,32.16035,0.830434,29.316164,0.925646,4,0.092971,31.146679,36.919833,30.191681,0.709762,0.239273,0.274578,0.683,cuda
pds26,ami,056,back,056_back,4,4,96,bicjpeg75,30.518505,0.771077,28.099147,0.906322,4,0.109412,29.191541,35.990477,27.926421,0.683992,0.289894,0.302523,0.681,cuda
pds26,ami,056,down,056_down,4,4,96,bicjpeg75,31.158925,0.805772,28.696483,0.920659,4,0.088151,30.39401,36.215355,27.994706,0.706631,0.241253,0.284153,0.684,cuda
pds26,ami,056,front,056_front,4,4,96,bicjpeg75,30.968824,0.788062,28.482745,0.914154,4,0.095532,30.090333,36.185745,28.451846,0.728597,0.303213,0.304604,0.682,cuda
pds26,ami,056,left,056_left,4,4,96,bicjpeg75,31.912039,0.827869,29.293677,0.929142,4,0.086271,30.80483,37.219969,28.503204,0.674644,0.240756,0.279135,0.696,cuda
pds26,ami,056,right,056_right,4,4,96,bicjpeg75,31.051191,0.816025,28.375229,0.926593,4,0.097218,29.575415,36.356446,27.922421,0.685385,0.218129,0.262961,0.654,cuda
pds26,ami,056,up,056_up,4,4,96,bicjpeg75,30.305344,0.778432,28.029507,0.913011,4,0.10796,28.88206,35.989958,28.159283,0.703354,0.311352,0.297759,0.661,cuda
pds26,ami,056,zoom,056_zoom,4,4,96,bicjpeg75,31.658275,0.816319,29.079408,0.923069,4,0.097631,30.741873,36.284179,30.110459,0.805843,0.24276,0.301237,0.675,cuda
pds26,ami,057,back,057_back,5,4,96,bicjpeg75,30.761908,0.795256,28.47733,0.923761,4,0.101408,29.811571,35.807043,31.108827,0.779307,0.290514,0.304215,0.659,cuda
pds26,ami,057,down,057_down,5,4,96,bicjpeg75,31.809046,0.822636,29.421453,0.933764,4,0.09465,30.960704,36.608933,30.765442,0.819033,0.253197,0.320235,0.666,cuda
pds26,ami,057,front,057_front,5,4,96,bicjpeg75,31.418881,0.797476,29.035071,0.924487,4,0.0983,30.674418,36.304582,30.100542,0.748847,0.30542,0.332782,0.66,cuda
pds26,ami,057,left,057_left,5,4,96,bicjpeg75,31.920047,0.826318,29.51349,0.933998,4,0.08818,30.696055,36.805742,29.669181,0.772045,0.278956,0.293608,0.679,cuda
pds26,ami,057,right,057_right,5,4,96,bicjpeg75,31.802829,0.820604,29.271918,0.927574,4,0.092626,31.087377,36.654342,31.099033,0.797654,0.323846,0.294501,0.682,cuda
pds26,ami,057,up,057_up,5,4,96,bicjpeg75,30.013748,0.783641,27.820081,0.918578,4,0.105558,28.633391,35.702323,29.281371,0.726471,0.297667,0.30211,0.683,cuda
pds26,ami,057,zoom,057_zoom,5,4,96,bicjpeg75,31.765571,0.821262,29.226738,0.929063,4,0.096681,30.934735,36.300145,30.86201,0.796289,0.285773,0.283829,0.686,cuda
pds26,ami,058,back,058_back,5,4,96,bicjpeg75,32.15248,0.827738,29.331884,0.931764,4,0.091,31.419129,37.059307,29.000031,0.714098,0.212073,0.257012,0.696,cuda
pds26,ami,058,down,058_down,5,4,96,bicjpeg75,31.909867,0.828551,29.37517,0.927601,4,0.092571,31.048297,36.88688,29.273301,0.72626,0.288119,0.315301,0.662,cuda
pds26,ami,058,front,058_front,5,4,96,bicjpeg75,31.647375,0.819056,29.082449,0.922486,4,0.088338,30.831398,36.928722,28.600375,0.671052,0.238639,0.301417,0.686,cuda
pds26,ami,058,left,058_left,5,4,96,bicjpeg75,32.4286,0.843985,29.814476,0.932076,4,0.083085,31.996114,37.148666,29.561189,0.735534,0.262211,0.304194,0.679,cuda
pds26,ami,058,right,058_right,5,4,96,bicjpeg75,32.148156,0.813626,29.202184,0.927059,4,0.095735,31.361,36.979314,29.44464,0.725499,0.233628,0.262324,0.687,cuda
pds26,ami,058,up,058_up,5,4,96,bicjpeg75,31.443979,0.80967,29.00714,0.920986,4,0.08839,30.390024,36.832969,28.931933,0.682961,0.231031,0.308006,0.682,cuda
pds26,ami,058,zoom,058_zoom,5,4,96,bicjpeg75,32.198755,0.833272,29.445863,0.926991,4,0.091418,31.472296,36.806352,30.727753,0.765367,0.272653,0.294867,0.681,cuda
pds26,ami,059,back,059_back,3,4,96,bicjpeg75,32.404177,0.814907,29.896587,0.917134,4,0.100944,31.511899,36.990085,30.539808,0.755957,0.265097,0.29147,0.658,cuda
pds26,ami,059,down,059_down,3,4,96,bicjpeg75,32.172625,0.814893,29.709395,0.922095,4,0.097019,31.275407,37.297923,29.768732,0.777014,0.217955,0.314282,0.668,cuda
pds26,ami,059,front,059_front,3,4,96,bicjpeg75,31.792965,0.797429,29.492133,0.91112,4,0.096086,30.688479,36.684723,29.436478,0.739372,0.275853,0.319166,0.675,cuda
pds26,ami,059,left,059_left,3,4,96,bicjpeg75,32.355313,0.826005,29.910357,0.931755,4,0.102446,31.405172,37.197823,29.955533,0.769269,0.176937,0.290257,0.672,cuda
pds26,ami,059,right,059_right,3,4,96,bicjpeg75,31.673637,0.812383,29.186402,0.925592,4,0.107726,30.444153,36.465188,29.559475,0.749068,0.263331,0.266411,0.687,cuda
pds26,ami,059,up,059_up,3,4,96,bicjpeg75,32.060244,0.809587,29.655075,0.91905,4,0.093413,31.169695,36.857171,29.858256,0.729771,0.288835,0.320432,0.657,cuda
pds26,ami,059,zoom,059_zoom,3,4,96,bicjpeg75,32.414087,0.829059,29.829697,0.924614,4,0.087202,31.900687,36.452602,31.429736,0.798082,0.261465,0.32249,0.683,cuda
pds26,ami,061,back,061_back,2,4,96,bicjpeg75,32.874231,0.830271,30.164646,0.927241,4,0.083428,32.561277,37.682204,29.958726,0.727638,0.258728,0.277259,0.693,cuda
pds26,ami,061,down,061_down,2,4,96,bicjpeg75,32.14232,0.811864,29.803506,0.915214,4,0.092701,31.357713,37.121143,28.752734,0.767378,0.290696,0.28604,0.692,cuda
pds26,ami,061,front,061_front,2,4,96,bicjpeg75,32.651296,0.817411,30.172929,0.926569,4,0.089442,31.973302,37.696934,30.048474,0.745775,0.28106,0.303991,0.696,cuda
pds26,ami,061,left,061_left,2,4,96,bicjpeg75,32.785459,0.817088,30.340561,0.912753,4,0.092859,32.172964,37.454031,29.278376,0.667279,0.296852,0.325839,0.663,cuda
pds26,ami,061,right,061_right,2,4,96,bicjpeg75,32.454619,0.821516,29.731185,0.921003,4,0.093576,31.844672,37.209435,29.508616,0.721392,0.309466,0.31035,0.676,cuda
pds26,ami,061,up,061_up,2,4,96,bicjpeg75,32.632095,0.815552,30.009424,0.92555,4,0.091499,31.993299,37.360043,30.001231,0.765412,0.351642,0.317756,0.678,cuda
pds26,ami,061,zoom,061_zoom,2,4,96,bicjpeg75,32.761482,0.830985,30.087641,0.929926,4,0.084648,32.083777,37.452606,30.71427,0.779101,0.239255,0.31436,0.679,cuda
pds26,ami,062,back,062_back,3,4,96,bicjpeg75,31.764373,0.808839,29.55684,0.924421,4,0.094665,30.966189,36.638849,30.77224,0.769001,0.290853,0.290401,0.684,cuda
pds26,ami,062,down,062_down,3,4,96,bicjpeg75,32.593238,0.83727,30.1576,0.942231,4,0.085794,32.391379,37.089521,31.164594,0.793969,0.305732,0.313843,0.681,cuda
pds26,ami,062,front,062_front,3,4,96,bicjpeg75,32.012651,0.820781,29.602738,0.932266,4,0.088213,31.532269,36.760247,30.299035,0.73232,0.291595,0.293539,0.675,cuda
pds26,ami,062,left,062_left,3,4,96,bicjpeg75,33.016426,0.835847,30.468812,0.936949,4,0.085859,32.867039,37.431353,31.672536,0.773216,0.303108,0.305672,0.667,cuda
pds26,ami,062,right,062_right,3,4,96,bicjpeg75,31.974758,0.799139,29.427346,0.912823,4,0.090502,31.575586,36.641526,30.243068,0.754845,0.359645,0.328309,0.679,cuda
pds26,ami,062,up,062_up,3,4,96,bicjpeg75,30.84383,0.810038,28.6634,0.928917,4,0.096691,29.522983,36.698452,30.878629,0.780856,0.325849,0.304898,0.673,cuda
pds26,ami,062,zoom,062_zoom,3,4,96,bicjpeg75,32.84002,0.838547,30.280017,0.935997,4,0.081807,32.520863,37.398349,31.52911,0.768165,0.284185,0.283755,0.674,cuda
pds26,ami,063,back,063_back,4,4,96,bicjpeg75,32.668764,0.824999,30.057382,0.929766,4,0.092414,31.913836,37.155245,30.164767,0.772001,0.289222,0.27126,0.673,cuda
pds26,ami,063,down,063_down,4,4,96,bicjpeg75,31.891215,0.819863,29.619946,0.918101,4,0.101902,31.211371,36.767561,29.321607,0.770913,0.322113,0.305321,0.684,cuda
pds26,ami,063,front,063_front,4,4,96,bicjpeg75,32.523087,0.828798,30.03368,0.923456,4,0.087331,31.651001,37.470198,29.983193,0.792186,0.246184,0.303041,0.68,cuda
pds26,ami,063,left,063_left,4,4,96,bicjpeg75,33.065448,0.835603,30.419477,0.922102,4,0.08267,32.820281,37.782967,29.22628,0.703219,0.256755,0.311228,0.681,cuda
pds26,ami,063,right,063_right,4,4,96,bicjpeg75,32.41699,0.817304,29.871518,0.922601,4,0.093405,31.803698,37.102322,29.717486,0.763247,0.308798,0.32221,0.683,cuda
pds26,ami,063,up,063_up,4,4,96,bicjpeg75,31.451787,0.789283,29.192322,0.908419,4,0.10414,30.690064,36.244117,28.87134,0.722048,0.311549,0.319737,0.668,cuda
pds26,ami,063,zoom,063_zoom,4,4,96,bicjpeg75,32.674016,0.840376,30.173527,0.929505,4,0.091578,31.824195,37.122667,32.300374,0.836629,0.278936,0.335384,0.672,cuda
pds26,ami,064,back,064_back,5,4,96,bicjpeg75,31.867215,0.798636,29.303082,0.918867,4,0.091072,31.182494,37.166618,28.733432,0.667873,0.247569,0.281027,0.67,cuda
pds26,ami,064,down,064_down,5,4,96,bicjpeg75,31.613278,0.788547,29.301961,0.917246,4,0.089151,30.705069,36.929542,28.074824,0.720288,0.340066,0.318973,0.677,cuda
pds26,ami,064,front,064_front,5,4,96,bicjpeg75,32.245721,0.810217,29.780253,0.922444,4,0.090595,31.798055,37.178936,29.155246,0.759872,0.280216,0.30521,0.69,cuda
pds26,ami,064,left,064_left,5,4,96,bicjpeg75,32.57432,0.818538,30.08208,0.929412,4,0.084365,31.786532,37.798601,28.904396,0.686281,0.323255,0.293801,0.698,cuda
pds26,ami,064,right,064_right,5,4,96,bicjpeg75,32.200275,0.817643,29.589232,0.933544,4,0.091991,30.997991,37.555,29.255793,0.737847,0.247107,0.280161,0.665,cuda
pds26,ami,064,up,064_up,5,4,96,bicjpeg75,31.914832,0.808868,29.436849,0.92693,4,0.087074,31.036025,37.235018,28.704916,0.764348,0.292885,0.297242,0.672,cuda
pds26,ami,064,zoom,064_zoom,5,4,96,bicjpeg75,32.093363,0.809323,29.535248,0.926683,4,0.101708,31.278798,37.273833,30.383973,0.791419,0.232742,0.271555,0.686,cuda
pds26,ami,065,back,065_back,3,4,96,bicjpeg75,31.262613,0.781244,28.9354,0.91267,4,0.099715,30.026019,36.33946,30.204708,0.759916,0.265953,0.290921,0.683,cuda
pds26,ami,065,down,065_down,3,4,96,bicjpeg75,32.838105,0.84748,30.321487,0.94481,4,0.085099,32.098455,37.760687,30.966107,0.82451,0.305212,0.319213,0.682,cuda
pds26,ami,065,front,065_front,3,4,96,bicjpeg75,31.953481,0.819511,29.586906,0.926963,4,0.089857,31.092623,36.71484,30.929976,0.797551,0.276821,0.298005,0.678,cuda
pds26,ami,065,left,065_left,3,4,96,bicjpeg75,33.91482,0.862248,31.258543,0.94048,4,0.07762,33.117494,38.693763,31.158638,0.793242,0.285547,0.319862,0.685,cuda
pds26,ami,065,right,065_right,3,4,96,bicjpeg75,31.789201,0.808948,29.299323,0.921901,4,0.095908,30.614995,36.858592,30.226351,0.755007,0.28967,0.310461,0.695,cuda
pds26,ami,065,up,065_up,3,4,96,bicjpeg75,31.653394,0.801352,29.253025,0.922917,4,0.097352,31.39296,36.224858,31.253919,0.785458,0.318377,0.308742,0.665,cuda
pds26,ami,065,zoom,065_zoom,3,4,96,bicjpeg75,33.177132,0.852161,30.407303,0.940082,4,0.082962,32.427835,37.429698,32.828287,0.823253,0.237418,0.300216,0.674,cuda
pds26,ami,066,back,066_back,4,4,96,bicjpeg75,32.243007,0.822122,29.60876,0.928822,4,0.090706,31.402897,37.255683,30.783168,0.810115,0.208292,0.294499,0.674,cuda
pds26,ami,066,down,066_down,4,4,96,bicjpeg75,32.506009,0.81764,30.089973,0.923957,4,0.089242,31.990391,36.992495,30.628343,0.770226,0.291273,0.312729,0.678,cuda
pds26,ami,066,front,066_front,4,4,96,bicjpeg75,32.581934,0.817788,30.148007,0.923337,4,0.085901,31.705637,37.410223,30.778556,0.763376,0.291359,0.312734,0.683,cuda
pds26,ami,066,left,066_left,4,4,96,bicjpeg75,32.646822,0.82887,30.431457,0.924335,4,0.097389,32.521377,37.155387,29.985658,0.770908,0.263437,0.322541,0.697,cuda
pds26,ami,066,right,066_right,4,4,96,bicjpeg75,32.449683,0.824153,29.710351,0.924544,4,0.089253,31.705643,37.243183,30.983431,0.782475,0.288366,0.280775,0.679,cuda
pds26,ami,066,up,066_up,4,4,96,bicjpeg75,31.784012,0.798277,29.225207,0.917396,4,0.099486,31.020236,36.376327,30.206668,0.756369,0.291301,0.326039,0.686,cuda
pds26,ami,066,zoom,066_zoom,4,4,96,bicjpeg75,32.505399,0.820215,29.898457,0.922076,4,0.092277,32.018228,36.902515,32.543187,0.816407,0.270435,0.293491,0.693,cuda
pds26,ami,067,back,067_back,2,4,96,bicjpeg75,32.454603,0.805646,29.950521,0.925578,4,0.084612,31.822822,37.250914,29.964753,0.756738,0.302878,0.282057,0.667,cuda
pds26,ami,067,down,067_down,2,4,96,bicjpeg75,32.063108,0.79733,29.781249,0.915519,4,0.098813,31.649923,36.727442,30.162708,0.714241,0.298345,0.316407,0.671,cuda
pds26,ami,067,front,067_front,2,4,96,bicjpeg75,31.86332,0.782447,29.492979,0.908001,4,0.096916,31.560948,36.495336,29.850436,0.718626,0.297041,0.307153,0.663,cuda
pds26,ami,067,left,067_left,2,4,96,bicjpeg75,32.76291,0.820972,30.419803,0.929219,4,0.084121,32.382074,37.981581,30.11179,0.766771,0.294127,0.309239,0.664,cuda
pds26,ami,067,right,067_right,2,4,96,bicjpeg75,31.857237,0.810954,29.302932,0.925723,4,0.096513,31.078752,36.817386,29.135647,0.742256,0.293681,0.310173,0.672,cuda
pds26,ami,067,up,067_up,2,4,96,bicjpeg75,32.085135,0.786734,29.71341,0.911153,4,0.095099,31.75721,36.837783,30.369371,0.731438,0.330017,0.326993,0.674,cuda
pds26,ami,067,zoom,067_zoom,2,4,96,bicjpeg75,32.255521,0.798143,29.781919,0.914452,4,0.093466,31.55131,36.862699,30.939913,0.775526,0.260633,0.298184,0.674,cuda
pds26,ami,068,back,068_back,2,4,96,bicjpeg75,31.296908,0.771665,28.879867,0.920581,4,0.094433,30.261542,36.878051,29.635404,0.776536,0.268297,0.317967,0.666,cuda
pds26,ami,068,down,068_down,2,4,96,bicjpeg75,31.423998,0.811054,29.124739,0.926041,4,0.09021,30.6959,36.566993,28.726859,0.725134,0.227443,0.29743,0.663,cuda
pds26,ami,068,front,068_front,2,4,96,bicjpeg75,31.658415,0.809668,29.221171,0.928711,4,0.088998,31.327096,36.453964,30.244606,0.797994,0.236903,0.305615,0.667,cuda
pds26,ami,068,left,068_left,2,4,96,bicjpeg75,32.520853,0.831613,29.983455,0.934023,4,0.084516,32.011063,37.264033,29.878555,0.790671,0.281574,0.299891,0.689,cuda
pds26,ami,068,right,068_right,2,4,96,bicjpeg75,31.360647,0.80331,28.898064,0.925859,4,0.099859,30.257092,36.527646,29.428035,0.779356,0.26503,0.300251,0.676,cuda
pds26,ami,068,up,068_up,2,4,96,bicjpeg75,31.335541,0.795371,28.971999,0.92484,4,0.095971,30.529182,36.384036,29.670558,0.784941,0.25751,0.272442,0.685,cuda
pds26,ami,068,zoom,068_zoom,2,4,96,bicjpeg75,32.362289,0.83369,29.632328,0.934383,4,0.085742,31.621899,36.660979,31.373273,0.826036,0.272568,0.29152,0.677,cuda
pds26,ami,069,back,069_back,4,4,96,bicjpeg75,31.310276,0.798648,28.547645,0.931652,4,0.097854,29.850152,36.468186,29.821463,0.763632,0.260896,0.318766,0.688,cuda
pds26,ami,069,down,069_down,4,4,96,bicjpeg75,30.054833,0.786405,28.01165,0.926623,4,0.119728,28.749172,35.470805,28.926174,0.753377,0.283655,0.312299,0.677,cuda
pds26,ami,069,front,069_front,4,4,96,bicjpeg75,30.847703,0.799974,28.705415,0.933272,4,0.093029,29.317542,36.453293,29.696871,0.781908,0.295191,0.300081,0.694,cuda
pds26,ami,069,left,069_left,4,4,96,bicjpeg75,31.279011,0.806134,29.111538,0.926204,4,0.101066,30.180004,36.593113,28.688733,0.728582,0.279209,0.297534,0.675,cuda
pds26,ami,069,right,069_right,4,4,96,bicjpeg75,31.303946,0.816118,29.064916,0.932913,4,0.087889,30.266787,36.253331,29.224756,0.778976,0.239139,0.285944,0.678,cuda
pds26,ami,069,up,069_up,4,4,96,bicjpeg75,30.611994,0.800144,28.46739,0.931426,4,0.096855,29.352489,35.89818,28.853482,0.737997,0.285146,0.338999,0.684,cuda
pds26,ami,069,zoom,069_zoom,4,4,96,bicjpeg75,30.820032,0.802427,28.572663,0.937571,4,0.094407,29.600798,35.86146,30.612468,0.814531,0.30306,0.306734,0.688,cuda
pds26,ami,070,back,070_back,3,4,96,bicjpeg75,31.367645,0.793967,28.722079,0.918585,4,0.099255,30.414238,36.550683,30.913324,0.76972,0.267962,0.266158,0.689,cuda
pds26,ami,070,down,070_down,3,4,96,bicjpeg75,31.15345,0.804469,28.631384,0.93502,4,0.10031,30.233386,36.878315,30.234424,0.77085,0.296939,0.295381,0.672,cuda
pds26,ami,070,front,070_front,3,4,96,bicjpeg75,31.342017,0.798239,28.840148,0.926859,4,0.102445,30.311243,36.52223,30.81476,0.782096,0.249296,0.274619,0.677,cuda
pds26,ami,070,left,070_left,3,4,96,bicjpeg75,31.748231,0.80393,29.371014,0.910558,4,0.098312,31.159507,36.760747,29.358399,0.757625,0.288943,0.284728,0.679,cuda
pds26,ami,070,right,070_right,3,4,96,bicjpeg75,31.170255,0.784245,28.541808,0.908161,4,0.114006,29.682758,36.396793,30.315961,0.748837,0.272743,0.282243,0.681,cuda
pds26,ami,070,up,070_up,3,4,96,bicjpeg75,30.969729,0.777471,28.466221,0.918587,4,0.101395,29.627905,36.371577,30.656034,0.755514,0.279339,0.283991,0.685,cuda
pds26,ami,070,zoom,070_zoom,3,4,96,bicjpeg75,32.067232,0.817541,29.276326,0.926598,4,0.10011,31.150822,36.684707,32.258277,0.831954,0.261392,0.291094,0.668,cuda
pds26,ami,071,back,071_back,2,4,96,bicjpeg75,31.249335,0.786688,29.029259,0.914702,4,0.101587,30.205313,36.225676,29.556941,0.758173,0.291218,0.316495,0.673,cuda
pds26,ami,071,down,071_down,2,4,96,bicjpeg75,30.461692,0.781826,28.231782,0.912521,4,0.104664,29.544677,35.678882,29.900537,0.796396,0.315741,0.307258,0.674,cuda
pds26,ami,071,front,071_front,2,4,96,bicjpeg75,30.205164,0.775303,27.885807,0.911872,4,0.108923,29.136999,35.686087,29.289369,0.731222,0.258704,0.303046,0.685,cuda
pds26,ami,071,left,071_left,2,4,96,bicjpeg75,31.127926,0.804104,28.869111,0.919736,4,0.100274,30.040234,36.183664,29.075329,0.692989,0.306816,0.302376,0.69,cuda
pds26,ami,071,right,071_right,2,4,96,bicjpeg75,30.766529,0.779814,28.21117,0.915636,4,0.100984,29.636241,35.958552,28.896112,0.724452,0.332918,0.282955,0.66,cuda
pds26,ami,071,up,071_up,2,4,96,bicjpeg75,30.32016,0.778752,27.931537,0.920739,4,0.099721,29.506241,35.780202,29.447889,0.722006,0.318647,0.296403,0.656,cuda
pds26,ami,071,zoom,071_zoom,2,4,96,bicjpeg75,31.290368,0.811754,28.654236,0.926382,4,0.095023,30.225581,36.085482,31.06093,0.811386,0.300152,0.293942,0.67,cuda
pds26,ami,072,back,072_back,1,4,96,bicjpeg75,32.549358,0.813621,29.734673,0.920174,4,0.093301,32.100543,36.887266,29.689211,0.709174,0.264541,0.291891,0.678,cuda
pds26,ami,072,down,072_down,1,4,96,bicjpeg75,32.796088,0.836868,30.144094,0.918378,4,0.094119,32.262274,37.329183,29.082589,0.725269,0.243468,0.294864,0.682,cuda
pds26,ami,072,front,072_front,1,4,96,bicjpeg75,33.31414,0.846714,30.269973,0.925842,4,0.085623,32.785129,37.715104,30.069678,0.73663,0.252809,0.279497,0.682,cuda
pds26,ami,072,left,072_left,1,4,96,bicjpeg75,33.408718,0.836106,30.651945,0.92662,4,0.08812,32.965416,37.78537,30.540417,0.725462,0.331523,0.3142,0.656,cuda
pds26,ami,072,right,072_right,1,4,96,bicjpeg75,33.519002,0.862281,30.63047,0.935184,4,0.083734,32.7755,37.727039,30.744888,0.780264,0.230203,0.270547,0.668,cuda
pds26,ami,072,up,072_up,1,4,96,bicjpeg75,33.521459,0.85528,30.44137,0.935318,4,0.079945,32.777626,37.970253,30.458422,0.745147,0.264445,0.293704,0.671,cuda
pds26,ami,072,zoom,072_zoom,1,4,96,bicjpeg75,33.987593,0.863156,30.771236,0.932841,4,0.076931,33.636821,37.983359,31.4208,0.818414,0.235267,0.277241,0.676,cuda
pds26,ami,073,back,073_back,1,4,96,bicjpeg75,32.397652,0.825968,29.547359,0.9243,4,0.087951,31.663559,36.89448,29.661946,0.726646,0.24748,0.302909,0.685,cuda
pds26,ami,073,down,073_down,1,4,96,bicjpeg75,32.711624,0.850971,30.126736,0.93624,4,0.081267,32.195583,37.547978,29.559891,0.75657,0.253518,0.295181,0.694,cuda
pds26,ami,073,front,073_front,1,4,96,bicjpeg75,32.209954,0.819829,29.716385,0.921934,4,0.09123,31.441478,37.12811,29.256638,0.703265,0.275343,0.312455,0.688,cuda
pds26,ami,073,left,073_left,1,4,96,bicjpeg75,33.249025,0.847439,30.663867,0.93308,4,0.082151,33.112736,37.756908,29.539154,0.706375,0.288408,0.310731,0.657,cuda
pds26,ami,073,right,073_right,1,4,96,bicjpeg75,31.969738,0.814316,29.489827,0.91979,4,0.095192,30.744883,37.225763,29.543992,0.707269,0.263744,0.319007,0.671,cuda
pds26,ami,073,up,073_up,1,4,96,bicjpeg75,32.100599,0.816909,29.609078,0.920394,4,0.0975,31.530692,37.136088,29.571147,0.695925,0.283227,0.298104,0.672,cuda
pds26,ami,073,zoom,073_zoom,1,4,96,bicjpeg75,33.412743,0.856083,30.307872,0.937685,4,0.077708,32.669716,37.976375,30.690451,0.793538,0.229618,0.265885,0.68,cuda
pds26,ami,074,back,074_back,1,4,96,bicjpeg75,32.430139,0.802059,29.884191,0.914313,4,0.091874,31.818519,37.241553,29.377582,0.701311,0.325477,0.299825,0.684,cuda
pds26,ami,074,down,074_down,1,4,96,bicjpeg75,32.324375,0.798986,29.957538,0.907186,4,0.094765,31.365359,37.647413,29.200515,0.705212,0.334117,0.310044,0.689,cuda
pds26,ami,074,front,074_front,1,4,96,bicjpeg75,31.887885,0.787335,29.473205,0.90274,4,0.090239,31.37247,36.781233,28.891958,0.700103,0.321733,0.315393,0.657,cuda
pds26,ami,074,left,074_left,1,4,96,bicjpeg75,32.213337,0.801786,29.839436,0.911239,4,0.100364,31.572304,36.971553,29.916399,0.689256,0.251933,0.325811,0.671,cuda
pds26,ami,074,right,074_right,1,4,96,bicjpeg75,31.831859,0.804691,29.062244,0.916391,4,0.102724,30.845714,36.684335,29.506243,0.667344,0.32324,0.304402,0.679,cuda
pds26,ami,074,up,074_up,1,4,96,bicjpeg75,31.890631,0.785494,29.385283,0.906033,4,0.095993,31.039247,36.998412,29.79502,0.692953,0.321812,0.303556,0.672,cuda
pds26,ami,074,zoom,074_zoom,1,4,96,bicjpeg75,32.524207,0.818291,29.908346,0.913029,4,0.092349,32.140376,36.896417,29.976562,0.730662,0.299126,0.322975,0.687,cuda
pds26,ami,075,back,075_back,3,4,96,bicjpeg75,31.586578,0.774861,28.656549,0.910714,4,0.0984,30.902909,36.595734,30.602319,0.719956,0.32305,0.303024,0.687,cuda
pds26,ami,075,down,075_down,3,4,96,bicjpeg75,31.43748,0.799838,28.668717,0.924738,4,0.091774,30.300613,36.916436,29.765182,0.784798,0.282628,0.316777,0.671,cuda
pds26,ami,075,front,075_front,3,4,96,bicjpeg75,30.979372,0.776402,28.270413,0.914695,4,0.097916,30.312122,36.529492,30.655528,0.738697,0.307059,0.333102,0.68,cuda
pds26,ami,075,left,075_left,3,4,96,bicjpeg75,32.074662,0.814028,29.46861,0.930351,4,0.089198,31.155679,37.530408,30.967137,0.758484,0.322653,0.316471,0.67,cuda
pds26,ami,075,right,075_right,3,4,96,bicjpeg75,32.041744,0.814833,28.915197,0.93032,4,0.099936,31.4157,36.71733,31.049563,0.775715,0.309744,0.310419,0.684,cuda
pds26,ami,075,up,075_up,3,4,96,bicjpeg75,30.964216,0.760024,28.18921,0.911198,4,0.097894,30.202797,36.194811,30.848506,0.749727,0.301598,0.329823,0.692,cuda
pds26,ami,075,zoom,075_zoom,3,4,96,bicjpeg75,31.720921,0.812484,28.687632,0.925419,4,0.089376,30.843008,36.631754,32.347234,0.812128,0.302952,0.310098,0.658,cuda
pds26,ami,076,back,076_back,5,4,96,bicjpeg75,32.305886,0.816539,29.19137,0.917467,4,0.099743,31.241871,36.816057,30.129267,0.80644,0.301594,0.29333,0.658,cuda
pds26,ami,076,down,076_down,5,4,96,bicjpeg75,31.697977,0.800516,29.015144,0.914979,4,0.106571,31.0118,36.642545,29.947213,0.789772,0.324641,0.283506,0.668,cuda
pds26,ami,076,front,076_front,5,4,96,bicjpeg75,31.640164,0.806478,29.049145,0.914141,4,0.098773,30.847162,36.619155,29.927929,0.81053,0.322175,0.31465,0.671,cuda
pds26,ami,076,left,076_left,5,4,96,bicjpeg75,32.431825,0.814534,29.492773,0.921638,4,0.097152,32.249355,37.030989,30.23933,0.782976,0.302075,0.296778,0.682,cuda
pds26,ami,076,right,076_right,5,4,96,bicjpeg75,31.557903,0.795221,28.885433,0.916475,4,0.102927,30.725034,36.637365,30.411002,0.824021,0.307238,0.293192,0.67,cuda
pds26,ami,076,up,076_up,5,4,96,bicjpeg75,31.502423,0.796162,28.758916,0.912533,4,0.097569,30.53012,36.189796,30.215949,0.784597,0.299666,0.29509,0.682,cuda
pds26,ami,076,zoom,076_zoom,5,4,96,bicjpeg75,32.230861,0.835227,29.217718,0.928971,4,0.094163,31.606746,36.531734,32.894898,0.865811,0.263576,0.308266,0.676,cuda
pds26,ami,077,back,077_back,2,4,96,bicjpeg75,32.583155,0.811388,30.197562,0.92321,4,0.09008,31.879178,37.16741,29.479929,0.721309,0.217939,0.334347,0.677,cuda
pds26,ami,077,down,077_down,2,4,96,bicjpeg75,32.021606,0.790944,29.865734,0.913821,4,0.090963,31.418854,36.913488,28.595974,0.700216,0.296081,0.339414,0.685,cuda
pds26,ami,077,front,077_front,2,4,96,bicjpeg75,31.964866,0.782054,29.712665,0.912592,4,0.10178,31.179164,36.84006,29.039996,0.706075,0.288632,0.323427,0.683,cuda
pds26,ami,077,left,077_left,2,4,96,bicjpeg75,32.342879,0.800958,30.203054,0.922405,4,0.090544,31.861755,37.014981,30.017995,0.73464,0.24248,0.359819,0.693,cuda
pds26,ami,077,right,077_right,2,4,96,bicjpeg75,32.814148,0.837051,30.202596,0.929792,4,0.088657,31.973356,37.390344,29.520799,0.766179,0.244963,0.330014,0.69,cuda
pds26,ami,077,up,077_up,2,4,96,bicjpeg75,32.078188,0.790006,29.795387,0.912218,4,0.093476,31.824875,36.727053,28.748426,0.692157,0.265982,0.312754,0.659,cuda
pds26,ami,077,zoom,077_zoom,2,4,96,bicjpeg75,32.709892,0.818611,30.249869,0.928777,4,0.089465,32.103452,37.065241,30.569166,0.7764,0.246912,0.327085,0.657,cuda
pds26,ami,078,back,078_back,2,4,96,bicjpeg75,32.063357,0.798095,29.518861,0.913321,4,0.093076,31.451304,36.896781,29.754038,0.713713,0.30763,0.313486,0.662,cuda
pds26,ami,078,down,078_down,2,4,96,bicjpeg75,31.700051,0.782167,29.516998,0.910771,4,0.096925,30.893698,36.798303,29.057614,0.736904,0.31308,0.306744,0.671,cuda
pds26,ami,078,front,078_front,2,4,96,bicjpeg75,32.036258,0.803198,29.785063,0.911976,4,0.094713,31.285795,36.818244,29.612549,0.758915,0.24917,0.317064,0.658,cuda
pds26,ami,078,left,078_left,2,4,96,bicjpeg75,31.777661,0.789097,29.547656,0.903448,4,0.097081,31.242995,36.497712,29.500003,0.727046,0.328875,0.344112,0.666,cuda
pds26,ami,078,right,078_right,2,4,96,bicjpeg75,31.573067,0.788544,29.077512,0.911052,4,0.108974,30.563412,36.304015,29.6755,0.742321,0.282773,0.286078,0.675,cuda
pds26,ami,078,up,078_up,2,4,96,bicjpeg75,31.644254,0.778144,29.411967,0.899539,4,0.098087,30.926463,36.42935,30.134984,0.736056,0.308605,0.298961,0.683,cuda
pds26,ami,078,zoom,078_zoom,2,4,96,bicjpeg75,32.432714,0.812544,30.087845,0.909647,4,0.102906,31.673561,37.286935,30.872236,0.797516,0.259074,0.318805,0.681,cuda
pds26,ami,079,back,079_back,4,4,96,bicjpeg75,32.03729,0.809269,29.080088,0.917192,4,0.098212,31.367555,37.064513,29.029884,0.671655,0.29797,0.30062,0.675,cuda
pds26,ami,079,down,079_down,4,4,96,bicjpeg75,32.103665,0.818293,29.611853,0.926504,4,0.091516,31.258194,37.485367,29.70448,0.76268,0.365259,0.296976,0.689,cuda
pds26,ami,079,front,079_front,4,4,96,bicjpeg75,31.235765,0.778843,28.739794,0.910133,4,0.100402,30.593259,36.292481,29.393524,0.725097,0.382067,0.316043,0.689,cuda
pds26,ami,079,left,079_left,4,4,96,bicjpeg75,32.435706,0.822241,29.772037,0.918444,4,0.088345,32.091248,37.114717,29.582716,0.705221,0.331924,0.311165,0.681,cuda
pds26,ami,079,right,079_right,4,4,96,bicjpeg75,31.281504,0.796487,28.57197,0.915075,4,0.100536,30.375741,36.320949,28.958,0.714059,0.294695,0.28852,0.682,cuda
pds26,ami,079,up,079_up,4,4,96,bicjpeg75,31.374045,0.788324,28.784158,0.915635,4,0.101163,30.851754,36.44248,29.814215,0.721081,0.329863,0.305552,0.68,cuda
pds26,ami,079,zoom,079_zoom,4,4,96,bicjpeg75,32.106269,0.809635,29.291319,0.922923,4,0.090143,31.206686,37.141036,31.585926,0.795685,0.361302,0.33596,0.69,cuda
pds26,ami,080,back,080_back,3,4,96,bicjpeg75,32.890859,0.838717,30.559658,0.932187,4,0.089023,32.008361,38.069229,28.563936,0.690416,0.313722,0.30655,0.662,cuda
pds26,ami,080,down,080_down,3,4,96,bicjpeg75,32.540972,0.82013,30.242763,0.916573,4,0.096957,32.039878,37.676696,28.115957,0.663786,0.28871,0.323457,0.664,cuda
pds26,ami,080,front,080_front,3,4,96,bicjpeg75,33.049968,0.835166,30.609473,0.919904,4,0.086923,32.328844,37.686726,29.227325,0.712101,0.297377,0.342358,0.673,cuda
pds26,ami,080,left,080_left,3,4,96,bicjpeg75,33.046189,0.846203,30.680701,0.926906,4,0.086526,32.801605,37.789006,28.1991,0.665068,0.301135,0.325848,0.69,cuda
pds26,ami,080,right,080_right,3,4,96,bicjpeg75,32.433776,0.83639,29.997927,0.929797,4,0.090036,31.189748,37.492722,28.845193,0.723477,0.251004,0.315084,0.68,cuda
pds26,ami,080,up,080_up,3,4,96,bicjpeg75,32.685968,0.82579,30.345364,0.92022,4,0.088417,32.086058,37.320839,29.545741,0.715977,0.32583,0.327455,0.69,cuda
pds26,ami,080,zoom,080_zoom,3,4,96,bicjpeg75,33.156122,0.838856,30.556103,0.918222,4,0.085747,32.884396,37.275075,30.063637,0.75649,0.278366,0.346117,0.682,cuda
pds26,ami,081,back,081_back,1,4,96,bicjpeg75,32.985626,0.836224,29.914123,0.935051,4,0.077087,32.306128,37.971546,28.921977,0.696646,0.298012,0.318209,0.698,cuda
pds26,ami,081,down,081_down,1,4,96,bicjpeg75,32.07879,0.812053,29.273113,0.92191,4,0.085304,31.286939,37.528466,27.594172,0.703923,0.329238,0.332277,0.66,cuda
pds26,ami,081,front,081_front,1,4,96,bicjpeg75,32.36641,0.80719,29.519422,0.92133,4,0.085625,31.546627,37.503322,28.475255,0.703307,0.37172,0.334614,0.679,cuda
pds26,ami,081,left,081_left,1,4,96,bicjpeg75,32.873733,0.811963,29.88148,0.921869,4,0.082002,32.551078,37.833258,28.784916,0.637613,0.378884,0.361987,0.666,cuda
pds26,ami,081,right,081_right,1,4,96,bicjpeg75,33.378551,0.872405,30.428276,0.945887,4,0.076539,32.196509,38.214441,28.997244,0.740248,0.253519,0.306112,0.676,cuda
pds26,ami,081,up,081_up,1,4,96,bicjpeg75,32.044245,0.801147,29.373516,0.924145,4,0.090806,31.315191,37.580134,28.563462,0.715504,0.361737,0.329374,0.689,cuda
pds26,ami,081,zoom,081_zoom,1,4,96,bicjpeg75,32.435209,0.808723,29.531872,0.915028,4,0.092326,32.010521,37.072399,29.31395,0.738584,0.324282,0.340062,0.684,cuda
pds26,ami,082,back,082_back,2,4,96,bicjpeg75,31.945085,0.811793,29.43207,0.928916,4,0.098494,30.841813,37.147499,28.898911,0.728203,0.250611,0.314747,0.657,cuda
pds26,ami,082,down,082_down,2,4,96,bicjpeg75,31.542834,0.802668,29.156479,0.923889,4,0.095126,30.31344,36.932927,28.419085,0.768855,0.280637,0.313811,0.662,cuda
pds26,ami,082,front,082_front,2,4,96,bicjpeg75,31.622052,0.807618,29.196348,0.923729,4,0.100894,30.344144,36.995385,28.067341,0.736182,0.279076,0.327609,0.658,cuda
pds26,ami,082,left,082_left,2,4,96,bicjpeg75,31.404785,0.806844,28.995216,0.923269,4,0.101446,29.885265,36.955037,28.144391,0.734748,0.297673,0.320673,0.675,cuda
pds26,ami,082,right,082_right,2,4,96,bicjpeg75,32.355564,0.818903,29.863805,0.9284,4,0.092272,31.404718,37.432394,29.191665,0.743378,0.312754,0.331762,0.695,cuda
pds26,ami,082,up,082_up,2,4,96,bicjpeg75,31.777324,0.817814,29.273954,0.928071,4,0.09723,30.501727,36.778429,28.836638,0.718022,0.314955,0.318742,0.652,cuda
pds26,ami,082,zoom,082_zoom,2,4,96,bicjpeg75,32.206069,0.824292,29.53833,0.938043,4,0.091255,31.214499,37.097618,30.180238,0.817471,0.245281,0.330053,0.661,cuda
pds26,ami,083,back,083_back,4,4,96,bicjpeg75,32.228698,0.807149,29.534163,0.929194,4,0.095067,31.346036,37.396491,29.885431,0.741131,0.259847,0.318304,0.671,cuda
pds26,ami,083,down,083_down,4,4,96,bicjpeg75,31.309012,0.767517,28.903676,0.916474,4,0.103828,30.039615,37.000026,29.746237,0.748427,0.324193,0.338562,0.669,cuda
pds26,ami,083,front,083_front,4,4,96,bicjpeg75,31.418226,0.767924,29.00068,0.915046,4,0.099198,30.550223,36.551811,29.268313,0.721727,0.30761,0.368409,0.679,cuda
pds26,ami,083,left,083_left,4,4,96,bicjpeg75,32.593391,0.813851,29.846258,0.932135,4,0.093451,31.501881,37.432349,30.401042,0.781838,0.329079,0.281092,0.683,cuda
pds26,ami,083,right,083_right,4,4,96,bicjpeg75,32.151172,0.821735,29.450144,0.930779,4,0.090837,31.207517,37.07471,29.084974,0.704417,0.288585,0.326793,0.683,cuda
pds26,ami,083,up,083_up,4,4,96,bicjpeg75,31.439646,0.769215,28.929098,0.919355,4,0.095963,30.424796,36.657952,29.180156,0.780592,0.326822,0.333605,0.669,cuda
pds26,ami,083,zoom,083_zoom,4,4,96,bicjpeg75,32.208941,0.803191,29.516624,0.929651,4,0.091452,31.16546,37.229614,30.777968,0.800785,0.286112,0.350706,0.66,cuda
pds26,ami,084,back,084_back,3,4,96,bicjpeg75,31.81726,0.783519,29.359373,0.91058,4,0.100635,31.064129,36.858156,29.500143,0.661971,0.272324,0.282151,0.674,cuda
pds26,ami,084,down,084_down,3,4,96,bicjpeg75,31.207811,0.774305,29.061613,0.90312,4,0.098499,30.76609,36.330689,27.946874,0.659348,0.38675,0.330839,0.665,cuda
pds26,ami,084,front,084_front,3,4,96,bicjpeg75,30.748027,0.7533,28.636434,0.893893,4,0.113666,30.325859,36.210708,28.136936,0.671505,0.340225,0.331437,0.668,cuda
pds26,ami,084,left,084_left,3,4,96,bicjpeg75,31.880758,0.788777,29.768415,0.906122,4,0.093313,31.164147,36.96945,28.647535,0.669563,0.306611,0.326077,0.673,cuda
pds26,ami,084,right,084_right,3,4,96,bicjpeg75,31.605982,0.79013,29.18691,0.913913,4,0.105969,31.049906,36.361233,29.038231,0.707722,0.298802,0.283899,0.675,cuda
pds26,ami,084,up,084_up,3,4,96,bicjpeg75,30.852625,0.77379,28.747007,0.906847,4,0.111668,30.248924,35.970565,28.941362,0.714957,0.322009,0.32491,0.691,cuda
pds26,ami,084,zoom,084_zoom,3,4,96,bicjpeg75,31.520185,0.797642,29.181893,0.915207,4,0.101087,31.208092,36.41805,29.342125,0.760942,0.304873,0.326467,0.695,cuda
pds26,ami,085,back,085_back,4,4,96,bicjpeg75,33.820654,0.84737,30.801892,0.93117,4,0.071242,33.559757,38.629688,30.038007,0.677004,0.330851,0.302238,0.686,cuda
pds26,ami,085,down,085_down,4,4,96,bicjpeg75,33.502302,0.836421,30.957994,0.92779,4,0.082716,32.977722,38.499824,30.146018,0.703547,0.389694,0.325745,0.681,cuda
pds26,ami,085,front,085_front,4,4,96,bicjpeg75,33.721715,0.841676,31.21811,0.933699,4,0.077361,33.264565,38.59564,30.44084,0.690844,0.336695,0.324896,0.69,cuda
pds26,ami,085,left,085_left,4,4,96,bicjpeg75,33.959867,0.843991,30.907044,0.931898,4,0.081868,33.31438,38.902,30.473185,0.699458,0.3477,0.30144,0.702,cuda
pds26,ami,085,right,085_right,4,4,96,bicjpeg75,32.975529,0.827732,30.066966,0.932748,4,0.089731,32.455261,38.224231,29.972363,0.754642,0.314519,0.310665,0.687,cuda
pds26,ami,085,up,085_up,4,4,96,bicjpeg75,32.8333,0.812784,30.225893,0.916387,4,0.088121,32.339544,37.816992,29.608527,0.665313,0.32748,0.327253,0.654,cuda
pds26,ami,085,zoom,085_zoom,4,4,96,bicjpeg75,33.505518,0.842185,30.98496,0.931539,4,0.08518,33.617987,38.110037,30.488263,0.740218,0.290348,0.309623,0.661,cuda
pds26,ami,086,back,086_back,5,4,96,bicjpeg75,32.113082,0.805008,29.402895,0.921878,4,0.09104,31.339738,36.913276,29.654272,0.75712,0.246369,0.269885,0.67,cuda
pds26,ami,086,down,086_down,5,4,96,bicjpeg75,31.607371,0.785128,29.118137,0.907275,4,0.104621,30.723214,37.2143,28.856034,0.734617,0.351142,0.309373,0.668,cuda
pds26,ami,086,front,086_front,5,4,96,bicjpeg75,31.541506,0.795392,29.136112,0.914467,4,0.091414,30.949714,37.014609,28.625936,0.742879,0.30833,0.328978,0.667,cuda
pds26,ami,086,left,086_left,5,4,96,bicjpeg75,32.410169,0.815876,29.608213,0.922075,4,0.085983,31.866231,37.396294,29.698119,0.716821,0.315169,0.316913,0.675,cuda
pds26,ami,086,right,086_right,5,4,96,bicjpeg75,32.2813,0.817723,29.226635,0.923026,4,0.098942,31.24445,37.429951,30.389541,0.749356,0.268536,0.295941,0.68,cuda
pds26,ami,086,up,086_up,5,4,96,bicjpeg75,31.773481,0.799905,29.105749,0.921666,4,0.095697,31.021719,36.735352,29.57466,0.732905,0.291732,0.298813,0.66,cuda
pds26,ami,086,zoom,086_zoom,5,4,96,bicjpeg75,31.923286,0.805679,29.232569,0.916217,4,0.095051,31.133525,36.855153,30.232703,0.753245,0.274564,0.305709,0.667,cuda
pds26,ami,087,back,087_back,4,4,96,bicjpeg75,31.908335,0.791318,29.432464,0.913711,4,0.091251,30.881841,37.206847,29.283852,0.695139,0.271013,0.265905,0.665,cuda
pds26,ami,087,down,087_down,4,4,96,bicjpeg75,31.918467,0.823627,29.553505,0.933166,4,0.091543,30.991617,37.059013,29.537377,0.769924,0.236122,0.28178,0.679,cuda
pds26,ami,087,front,087_front,4,4,96,bicjpeg75,32.146125,0.81282,29.781071,0.918178,4,0.099416,31.145781,37.120574,29.377022,0.740867,0.275526,0.282098,0.686,cuda
pds26,ami,087,left,087_left,4,4,96,bicjpeg75,32.384743,0.813795,30.020145,0.917172,4,0.09794,31.561759,37.211197,29.678507,0.73705,0.257901,0.326565,0.676,cuda
pds26,ami,087,right,087_right,4,4,96,bicjpeg75,31.900304,0.821539,29.243893,0.920566,4,0.098613,30.504153,36.682965,29.483425,0.734315,0.237664,0.258008,0.699,cuda
pds26,ami,087,up,087_up,4,4,96,bicjpeg75,31.224596,0.792655,28.920178,0.913045,4,0.100398,30.529434,36.333814,28.855418,0.696635,0.298806,0.289183,0.698,cuda
pds26,ami,087,zoom,087_zoom,4,4,96,bicjpeg75,32.644728,0.834282,29.945119,0.925886,4,0.08839,32.244071,36.788069,30.770529,0.784428,0.264045,0.299724,0.681,cuda
pds26,ami,088,back,088_back,1,4,96,bicjpeg75,30.814679,0.7621,28.684775,0.900617,4,0.108555,30.001074,35.90483,30.363727,0.762298,0.262617,0.281636,0.675,cuda
pds26,ami,088,down,088_down,1,4,96,bicjpeg75,31.876986,0.806952,29.477963,0.915132,4,0.099388,31.179789,36.818179,30.303104,0.767048,0.302051,0.293108,0.693,cuda
pds26,ami,088,front,088_front,1,4,96,bicjpeg75,31.60923,0.804927,29.145,0.918844,4,0.099949,30.875429,36.407989,30.776322,0.783745,0.294838,0.318485,0.668,cuda
pds26,ami,088,left,088_left,1,4,96,bicjpeg75,32.570786,0.830115,30.076678,0.919058,4,0.090683,32.071758,37.182038,29.719577,0.713508,0.283197,0.32325,0.667,cuda
pds26,ami,088,right,088_right,1,4,96,bicjpeg75,32.125738,0.833229,29.370192,0.929606,4,0.087082,31.031539,36.842967,31.003033,0.792922,0.284523,0.292728,0.681,cuda
pds26,ami,088,up,088_up,1,4,96,bicjpeg75,31.845316,0.819992,29.324313,0.926349,4,0.085533,31.054815,36.645015,30.134302,0.756576,0.277288,0.296317,0.685,cuda
pds26,ami,088,zoom,088_zoom,1,4,96,bicjpeg75,31.997444,0.824338,29.343625,0.925045,4,0.096455,31.595593,36.384027,31.927765,0.832805,0.273798,0.312903,0.691,cuda
pds26,ami,089,back,089_back,1,4,96,bicjpeg75,32.275078,0.840147,29.682652,0.936119,4,0.086254,31.49435,37.142787,29.289648,0.762786,0.229282,0.297995,0.684,cuda
pds26,ami,089,down,089_down,1,4,96,bicjpeg75,31.943152,0.809475,29.549037,0.926912,4,0.088261,31.247532,36.841014,29.720929,0.784794,0.320938,0.307505,0.681,cuda
pds26,ami,089,front,089_front,1,4,96,bicjpeg75,31.406634,0.796876,29.041809,0.9147,4,0.103149,30.718622,36.315878,29.194276,0.728598,0.33842,0.313993,0.685,cuda
pds26,ami,089,left,089_left,1,4,96,bicjpeg75,32.121279,0.81591,29.796346,0.921439,4,0.089931,31.686374,36.895853,29.732035,0.731658,0.318466,0.332965,0.681,cuda
pds26,ami,089,right,089_right,1,4,96,bicjpeg75,31.6623,0.79816,28.910056,0.918648,4,0.097287,30.60035,36.457035,29.641869,0.723988,0.311934,0.287682,0.653,cuda
pds26,ami,089,up,089_up,1,4,96,bicjpeg75,31.707265,0.793717,28.935428,0.917931,4,0.094533,30.974959,36.304734,29.713918,0.718222,0.344709,0.3392,0.673,cuda
pds26,ami,089,zoom,089_zoom,1,4,96,bicjpeg75,32.134501,0.822387,29.471718,0.924271,4,0.093605,31.896529,36.289093,30.959637,0.800517,0.322126,0.301087,0.686,cuda
pds26,ami,090,back,090_back,1,4,96,bicjpeg75,30.537221,0.795688,28.225608,0.921781,4,0.105217,29.007922,36.319627,28.050199,0.714356,0.21267,0.320767,0.695,cuda
pds26,ami,090,down,090_down,1,4,96,bicjpeg75,30.695306,0.795154,28.393882,0.922973,4,0.102838,29.070501,36.348293,28.039445,0.777333,0.275989,0.287594,0.658,cuda
pds26,ami,090,front,090_front,1,4,96,bicjpeg75,30.651784,0.802821,28.374165,0.919768,4,0.101004,29.565129,36.02419,28.895272,0.741312,0.228526,0.268997,0.67,cuda
pds26,ami,090,left,090_left,1,4,96,bicjpeg75,30.634132,0.80155,28.412932,0.925943,4,0.098815,29.592735,36.113437,28.159408,0.704416,0.265378,0.311782,0.673,cuda
pds26,ami,090,right,090_right,1,4,96,bicjpeg75,31.07051,0.802913,28.695875,0.923779,4,0.105076,29.831601,36.600083,28.43748,0.731627,0.239996,0.290787,0.688,cuda
pds26,ami,090,up,090_up,1,4,96,bicjpeg75,30.31457,0.798569,28.078767,0.920206,4,0.120401,28.803076,35.999551,29.300925,0.740473,0.258297,0.304133,0.689,cuda
pds26,ami,090,zoom,090_zoom,1,4,96,bicjpeg75,30.648568,0.811166,28.262391,0.926156,4,0.100566,29.825912,35.507984,31.328461,0.799649,0.223703,0.312587,0.681,cuda
pds26,ami,091,back,091_back,4,4,96,bicjpeg75,30.658766,0.778327,28.404345,0.917782,4,0.097051,29.199613,36.599401,28.899472,0.74932,0.308517,0.294043,0.675,cuda
pds26,ami,091,down,091_down,4,4,96,bicjpeg75,30.533398,0.764696,28.405923,0.914103,4,0.119827,29.00116,36.517,28.79335,0.750701,0.270614,0.31753,0.657,cuda
pds26,ami,091,front,091_front,4,4,96,bicjpeg75,30.744769,0.764909,28.483268,0.918342,4,0.104408,29.490359,36.787358,29.202143,0.778877,0.304021,0.324071,0.66,cuda
pds26,ami,091,left,091_left,4,4,96,bicjpeg75,31.746379,0.7958,29.475911,0.924309,4,0.092984,30.483802,37.220572,29.221663,0.748156,0.354693,0.334456,0.671,cuda
pds26,ami,091,right,091_right,4,4,96,bicjpeg75,30.976798,0.782086,28.777988,0.919313,4,0.101953,29.505666,36.368652,28.586733,0.681778,0.328594,0.30098,0.694,cuda
pds26,ami,091,up,091_up,4,4,96,bicjpeg75,30.279286,0.753488,28.280759,0.905981,4,0.110809,29.064467,35.810703,28.404394,0.736577,0.316912,0.31186,0.688,cuda
pds26,ami,091,zoom,091_zoom,4,4,96,bicjpeg75,31.070729,0.783465,28.860728,0.926395,4,0.108355,29.677194,37.087843,31.219006,0.831898,0.262067,0.297111,0.68,cuda
pds26,ami,092,back,092_back,3,4,96,bicjpeg75,30.871587,0.744731,28.282635,0.902708,4,0.100338,29.834863,36.327302,29.995511,0.72963,0.366455,0.319558,0.683,cuda
pds26,ami,092,down,092_down,3,4,96,bicjpeg75,31.223038,0.745972,28.639969,0.905376,4,0.104207,30.453962,37.05106,30.288301,0.78491,0.347292,0.351444,0.688,cuda
pds26,ami,092,front,092_front,3,4,96,bicjpeg75,30.918728,0.736433,28.3679,0.897003,4,0.102546,30.263792,36.294829,29.089879,0.695503,0.365173,0.327856,0.672,cuda
pds26,ami,092,left,092_left,3,4,96,bicjpeg75,32.441772,0.788391,29.789651,0.913291,4,0.088827,31.804174,37.86697,30.12832,0.735992,0.386107,0.327733,0.677,cuda
pds26,ami,092,right,092_right,3,4,96,bicjpeg75,31.308347,0.743258,28.492882,0.898255,4,0.098246,30.860968,36.544159,29.551757,0.717453,0.408159,0.346039,0.687,cuda
pds26,ami,092,up,092_up,3,4,96,bicjpeg75,30.818962,0.734461,28.168187,0.89024,4,0.107175,29.827659,36.227242,28.984218,0.689907,0.382235,0.358098,0.686,cuda
pds26,ami,092,zoom,092_zoom,3,4,96,bicjpeg75,31.696016,0.77851,28.745178,0.907369,4,0.09337,31.356406,36.306442,30.064291,0.721158,0.353373,0.356049,0.656,cuda
pds26,ami,093,back,093_back,4,4,96,bicjpeg75,31.456599,0.781003,28.793396,0.916037,4,0.093031,30.503519,36.983589,30.386763,0.681688,0.267789,0.300392,0.666,cuda
pds26,ami,093,down,093_down,4,4,96,bicjpeg75,31.6603,0.79947,29.102792,0.921433,4,0.090449,31.441678,36.739893,29.719565,0.757371,0.316061,0.337816,0.67,cuda
pds26,ami,093,front,093_front,4,4,96,bicjpeg75,31.507898,0.792305,28.852799,0.916702,4,0.097412,30.960832,36.52269,30.179183,0.734254,0.321143,0.326752,0.666,cuda
pds26,ami,093,left,093_left,4,4,96,bicjpeg75,32.445064,0.820635,29.626548,0.922452,4,0.089432,32.144484,37.607856,30.20141,0.674994,0.357555,0.326648,0.665,cuda
pds26,ami,093,right,093_right,4,4,96,bicjpeg75,31.296262,0.793672,28.533049,0.917591,4,0.100346,30.323589,36.512966,30.666865,0.761662,0.319662,0.32087,0.671,cuda
pds26,ami,093,up,093_up,4,4,96,bicjpeg75,30.828993,0.767529,28.338399,0.913384,4,0.10434,30.005212,36.106971,29.904065,0.717514,0.286998,0.319665,0.683,cuda
pds26,ami,093,zoom,093_zoom,4,4,96,bicjpeg75,31.386735,0.795582,28.736477,0.913016,4,0.095084,31.176179,36.128806,30.234116,0.759475,0.301916,0.323757,0.696,cuda
pds26,ami,094,back,094_back,3,4,96,bicjpeg75,30.570067,0.769446,28.089462,0.90967,4,0.111342,28.910418,36.489358,29.5452,0.708322,0.360496,0.321536,0.658,cuda
pds26,ami,094,down,094_down,3,4,96,bicjpeg75,32.237787,0.820773,29.461951,0.932947,4,0.09543,31.537059,37.109728,30.347641,0.783442,0.243927,0.292203,0.671,cuda
pds26,ami,094,front,094_front,3,4,96,bicjpeg75,32.226765,0.816498,29.293719,0.928402,4,0.093086,31.604967,36.913004,30.643358,0.768475,0.272202,0.305511,0.673,cuda
pds26,ami,094,left,094_left,3,4,96,bicjpeg75,32.108612,0.811936,29.571309,0.924851,4,0.097431,31.328119,36.850425,30.195206,0.755865,0.299624,0.306368,0.679,cuda
pds26,ami,094,right,094_right,3,4,96,bicjpeg75,31.127849,0.796753,28.34574,0.926086,4,0.10495,30.110005,36.34757,29.859091,0.729966,0.268566,0.295642,0.675,cuda
pds26,ami,094,up,094_up,3,4,96,bicjpeg75,31.693217,0.807751,29.019544,0.922951,4,0.094163,30.817788,36.552163,30.17489,0.747681,0.302609,0.294527,0.677,cuda
pds26,ami,094,zoom,094_zoom,3,4,96,bicjpeg75,31.657261,0.807806,28.816131,0.920949,4,0.097994,30.831119,36.425228,31.225077,0.769833,0.300493,0.287423,0.685,cuda
pds26,ami,095,back,095_back,3,4,96,bicjpeg75,31.797347,0.819503,29.302187,0.93224,4,0.088709,31.083566,36.796206,28.066936,0.655593,0.280466,0.287583,0.697,cuda
pds26,ami,095,down,095_down,3,4,96,bicjpeg75,31.429402,0.796938,29.110837,0.910966,4,0.099593,30.1862,37.072908,27.641401,0.582663,0.318562,0.324709,0.693,cuda
pds26,ami,095,front,095_front,3,4,96,bicjpeg75,31.618487,0.808765,29.182425,0.921069,4,0.089135,30.468338,36.995497,27.859613,0.627166,0.286076,0.301231,0.689,cuda
pds26,ami,095,left,095_left,3,4,96,bicjpeg75,31.456597,0.800393,29.146409,0.919187,4,0.095244,30.281614,36.941089,27.964025,0.636147,0.267911,0.301732,0.668,cuda
pds26,ami,095,right,095_right,3,4,96,bicjpeg75,31.178489,0.818902,28.456674,0.931538,4,0.090207,29.901112,36.647266,28.044999,0.680034,0.268523,0.29234,0.682,cuda
pds26,ami,095,up,095_up,3,4,96,bicjpeg75,31.391793,0.79426,28.896808,0.920321,4,0.095904,30.347775,36.796216,28.649068,0.702157,0.264961,0.294722,0.682,cuda
pds26,ami,095,zoom,095_zoom,3,4,96,bicjpeg75,31.413698,0.797888,28.847983,0.914925,4,0.101686,30.285405,36.264853,28.394869,0.635279,0.256415,0.318776,0.67,cuda
pds26,ami,096,back,096_back,5,4,96,bicjpeg75,30.86733,0.772559,28.275044,0.924777,4,0.093584,29.505477,36.707296,30.05636,0.729304,0.322206,0.303399,0.678,cuda
pds26,ami,096,down,096_down,5,4,96,bicjpeg75,30.746381,0.786922,28.042814,0.925636,4,0.100838,29.594373,36.308497,29.555525,0.759521,0.4063,0.320143,0.684,cuda
pds26,ami,096,front,096_front,5,4,96,bicjpeg75,30.329108,0.775683,27.571388,0.919852,4,0.102877,28.810321,36.274646,30.18791,0.711893,0.378589,0.292732,0.692,cuda
pds26,ami,096,left,096_left,5,4,96,bicjpeg75,31.852588,0.80926,28.950906,0.92655,4,0.087001,30.946577,36.972509,29.278855,0.700526,0.365597,0.311653,0.683,cuda
pds26,ami,096,right,096_right,5,4,96,bicjpeg75,30.922827,0.774324,27.976376,0.922827,4,0.103106,30.287831,36.066719,30.499899,0.77305,0.356701,0.293733,0.672,cuda
pds26,ami,096,up,096_up,5,4,96,bicjpeg75,30.165408,0.764821,27.571529,0.91987,4,0.098034,29.144137,35.981431,30.236047,0.74709,0.319584,0.289179,0.673,cuda
pds26,ami,096,zoom,096_zoom,5,4,96,bicjpeg75,31.341522,0.801512,28.344011,0.927803,4,0.098727,30.555252,36.507816,31.028161,0.768469,0.325063,0.290559,0.685,cuda
pds26,ami,097,back,097_back,4,4,96,bicjpeg75,32.037925,0.807894,29.45448,0.918074,4,0.096716,30.877393,37.268137,29.62956,0.727606,0.289683,0.324329,0.676,cuda
pds26,ami,097,down,097_down,4,4,96,bicjpeg75,31.589197,0.794815,29.238372,0.90693,4,0.108504,30.559652,36.838583,28.655735,0.758147,0.317769,0.321953,0.687,cuda
pds26,ami,097,front,097_front,4,4,96,bicjpeg75,31.512021,0.79197,29.13642,0.914348,4,0.109101,30.586408,36.739199,29.031433,0.726451,0.282576,0.308079,0.697,cuda
pds26,ami,097,left,097_left,4,4,96,bicjpeg75,32.518766,0.833954,30.293803,0.934847,4,0.086884,31.572717,37.908664,28.75082,0.736789,0.290091,0.310491,0.695,cuda
pds26,ami,097,right,097_right,4,4,96,bicjpeg75,31.840279,0.80704,29.405454,0.920218,4,0.098461,30.522241,37.047067,30.219249,0.72888,0.337737,0.332537,0.667,cuda
pds26,ami,097,up,097_up,4,4,96,bicjpeg75,31.80344,0.803594,29.36872,0.917785,4,0.099695,30.769803,36.866711,29.231205,0.705005,0.284048,0.315959,0.678,cuda
pds26,ami,097,zoom,097_zoom,4,4,96,bicjpeg75,31.770216,0.806079,29.290285,0.923631,4,0.10019,30.412269,36.635711,30.601932,0.751193,0.304049,0.309514,0.685,cuda
pds26,ami,098,back,098_back,2,4,96,bicjpeg75,31.806816,0.797293,29.214713,0.921057,4,0.098135,30.622366,37.097862,29.566042,0.694972,0.255473,0.274478,0.659,cuda
pds26,ami,098,down,098_down,2,4,96,bicjpeg75,32.360185,0.818239,29.797969,0.921078,4,0.087419,31.305256,37.915958,28.726289,0.699159,0.318833,0.327768,0.659,cuda
pds26,ami,098,front,098_front,2,4,96,bicjpeg75,32.315083,0.814432,29.669779,0.910985,4,0.088529,31.515552,37.190493,28.791063,0.681298,0.357191,0.317491,0.656,cuda
pds26,ami,098,left,098_left,2,4,96,bicjpeg75,33.753305,0.857598,30.950541,0.929339,4,0.08234,32.982228,38.548059,29.430182,0.66556,0.335549,0.331758,0.653,cuda
pds26,ami,098,right,098_right,2,4,96,bicjpeg75,32.682804,0.834656,29.647841,0.93492,4,0.086534,31.413766,37.520995,30.191338,0.743593,0.322845,0.302416,0.659,cuda
pds26,ami,098,up,098_up,2,4,96,bicjpeg75,31.770649,0.797875,29.104982,0.91842,4,0.091432,30.993931,36.894681,28.853344,0.734555,0.294352,0.330304,0.676,cuda
pds26,ami,098,zoom,098_zoom,2,4,96,bicjpeg75,32.807162,0.82813,29.817755,0.922112,4,0.087272,32.05222,37.58975,30.381125,0.786291,0.296177,0.31786,0.677,cuda
pds26,ami,099,back,099_back,1,4,96,bicjpeg75,31.340019,0.791785,28.890184,0.91677,4,0.093459,30.453415,36.46077,30.02507,0.749275,0.258649,0.293757,0.682,cuda
pds26,ami,099,down,099_down,1,4,96,bicjpeg75,31.82011,0.79834,29.334762,0.914214,4,0.094322,31.13633,36.814175,30.345344,0.810335,0.280429,0.308715,0.689,cuda
pds26,ami,099,front,099_front,1,4,96,bicjpeg75,31.252995,0.774554,28.722675,0.908968,4,0.109178,30.668871,36.352194,30.135067,0.736798,0.31579,0.287771,0.686,cuda
pds26,ami,099,left,099_left,1,4,96,bicjpeg75,32.106069,0.812215,29.680161,0.921332,4,0.087165,31.566451,36.844333,29.717729,0.753514,0.266566,0.304004,0.683,cuda
pds26,ami,099,right,099_right,1,4,96,bicjpeg75,31.478511,0.788623,28.770034,0.914111,4,0.103186,30.453915,36.594928,30.459888,0.73817,0.298139,0.305762,0.682,cuda
pds26,ami,099,up,099_up,1,4,96,bicjpeg75,31.785121,0.794781,29.140367,0.918959,4,0.092206,31.058761,36.593963,31.189145,0.75074,0.279618,0.294402,0.679,cuda
pds26,ami,099,zoom,099_zoom,1,4,96,bicjpeg75,31.930633,0.807166,29.2953,0.918907,4,0.09361,31.331023,36.482797,31.038305,0.772249,0.292338,0.320951,0.692,cuda
pds26,ami,100,back,100_back,1,4,96,bicjpeg75,31.935454,0.755434,29.057456,0.901173,4,0.096273,31.457626,37.050026,30.885299,0.73139,0.37192,0.311438,0.686,cuda
pds26,ami,100,down,100_down,1,4,96,bicjpeg75,31.583435,0.768623,29.001319,0.908205,4,0.094217,30.541808,37.236073,29.967094,0.768088,0.365935,0.343859,0.685,cuda
pds26,ami,100,front,100_front,1,4,96,bicjpeg75,31.551358,0.758596,28.972826,0.904464,4,0.099466,30.654737,36.872919,30.280761,0.747373,0.370577,0.336077,0.686,cuda
pds26,ami,100,left,100_left,1,4,96,bicjpeg75,32.513243,0.780445,29.793592,0.911296,4,0.085538,31.917828,37.649666,30.144377,0.745869,0.427133,0.34576,0.693,cuda
pds26,ami,100,right,100_right,1,4,96,bicjpeg75,31.775081,0.766162,28.8108,0.910876,4,0.092223,30.811424,37.301973,30.543846,0.750328,0.400699,0.329355,0.677,cuda
pds26,ami,100,up,100_up,1,4,96,bicjpeg75,31.458883,0.747844,28.847048,0.897051,4,0.091679,30.646451,36.722842,30.26114,0.745928,0.461003,0.3669,0.674,cuda
pds26,ami,100,zoom,100_zoom,1,4,96,bicjpeg75,31.604285,0.771623,28.766432,0.915713,4,0.095093,30.713601,36.974022,31.27321,0.763218,0.36712,0.344809,0.679,cuda
pds26,ami,101,back,101_back,1,4,96,bicjpeg75,31.490818,0.78445,28.789778,0.915939,4,0.104452,30.642582,36.534751,29.858007,0.752694,0.328151,0.279722,0.688,cuda
pds26,ami,101,down,101_down,1,4,96,bicjpeg75,31.622207,0.803871,29.269311,0.919866,4,0.103423,30.351527,37.535388,29.36798,0.797056,0.285117,0.304826,0.679,cuda
pds26,ami,101,front,101_front,1,4,96,bicjpeg75,31.836501,0.807113,29.213166,0.91523,4,0.094711,31.184493,36.853464,29.591421,0.756574,0.330022,0.275578,0.687,cuda
pds26,ami,101,left,101_left,1,4,96,bicjpeg75,32.437803,0.820125,29.877068,0.916096,4,0.091805,31.613497,37.548257,29.085702,0.682292,0.260414,0.304064,0.68,cuda
pds26,ami,101,right,101_right,1,4,96,bicjpeg75,31.731595,0.798057,29.006294,0.911529,4,0.09837,30.661565,36.81628,30.018972,0.736717,0.341704,0.311708,0.68,cuda
pds26,ami,101,up,101_up,1,4,96,bicjpeg75,31.385036,0.795738,28.802046,0.914724,4,0.0911,30.603794,36.495687,30.320904,0.754263,0.331674,0.335217,0.687,cuda
pds26,ami,101,zoom,101_zoom,1,4,96,bicjpeg75,32.033814,0.814956,29.427285,0.920797,4,0.094076,31.517183,36.50676,31.05532,0.769056,0.334085,0.329531,0.694,cuda
pds26,ami,102,back,102_back,1,4,96,bicjpeg75,31.241035,0.781103,28.563968,0.921945,4,0.098966,30.849253,36.071521,29.545431,0.731463,0.342777,0.30561,0.683,cuda
pds26,ami,102,down,102_down,1,4,96,bicjpeg75,31.244286,0.770355,28.842906,0.912371,4,0.103047,30.867593,36.14402,29.566608,0.748462,0.307642,0.318227,0.674,cuda
pds26,ami,102,front,102_front,1,4,96,bicjpeg75,31.32237,0.773563,28.923791,0.912489,4,0.105237,30.792073,36.523733,29.293047,0.732732,0.362326,0.312133,0.676,cuda
pds26,ami,102,left,102_left,1,4,96,bicjpeg75,32.013231,0.792728,29.328939,0.925239,4,0.09237,31.614357,37.102818,30.298092,0.745712,0.32899,0.332922,0.688,cuda
pds26,ami,102,right,102_right,1,4,96,bicjpeg75,30.853572,0.755225,28.392248,0.916494,4,0.104463,30.276873,36.293872,29.957641,0.770769,0.331007,0.341157,0.688,cuda
pds26,ami,102,up,102_up,1,4,96,bicjpeg75,30.898765,0.7573,28.458361,0.911425,4,0.098886,30.19568,36.345147,30.06772,0.724665,0.404084,0.32535,0.677,cuda
pds26,ami,102,zoom,102_zoom,1,4,96,bicjpeg75,31.936853,0.800797,29.28368,0.9237,4,0.092345,31.494818,36.635325,31.210458,0.769457,0.366326,0.339883,0.691,cuda
pds26,ami,103,back,103_back,2,4,96,bicjpeg75,31.929006,0.807313,28.974452,0.922578,4,0.092435,30.564993,37.155397,29.967512,0.74469,0.317611,0.299067,0.688,cuda
pds26,ami,103,down,103_down,2,4,96,bicjpeg75,32.051168,0.821735,29.161576,0.924671,4,0.096887,31.056739,36.674661,29.78229,0.776261,0.258053,0.303377,0.656,cuda
pds26,ami,103,front,103_front,2,4,96,bicjpeg75,31.502693,0.811398,28.672716,0.919733,4,0.093553,30.538628,36.304385,28.672966,0.724424,0.31701,0.296712,0.669,cuda
pds26,ami,103,left,103_left,2,4,96,bicjpeg75,33.118635,0.845222,29.905361,0.933362,4,0.08088,32.427324,37.540013,29.287326,0.734679,0.277899,0.26799,0.672,cuda
pds26,ami,103,right,103_right,2,4,96,bicjpeg75,32.442172,0.826632,29.500206,0.926733,4,0.091479,31.307947,37.00206,30.234238,0.742359,0.261041,0.281701,0.659,cuda
pds26,ami,103,up,103_up,2,4,96,bicjpeg75,31.809843,0.8177,28.893133,0.923126,4,0.092414,30.796822,36.787724,29.15966,0.736403,0.308961,0.297643,0.675,cuda
pds26,ami,103,zoom,103_zoom,2,4,96,bicjpeg75,32.238982,0.826641,29.114752,0.933108,4,0.091123,31.096966,36.888814,30.49725,0.765684,0.308047,0.300858,0.672,cuda
pds26,ami,104,back,104_back,4,4,96,bicjpeg75,30.329669,0.788154,27.767304,0.910562,4,0.0944,28.843477,36.724562,28.980767,0.719321,0.292904,0.326885,0.673,cuda
pds26,ami,104,down,104_down,4,4,96,bicjpeg75,31.339262,0.80149,28.779778,0.918461,4,0.102297,29.50355,37.834875,28.511486,0.811225,0.329644,0.316682,0.675,cuda
pds26,ami,104,front,104_front,4,4,96,bicjpeg75,31.417991,0.789795,28.882473,0.904265,4,0.100533,29.982188,36.932421,29.513324,0.756665,0.312087,0.326465,0.681,cuda
pds26,ami,104,left,104_left,4,4,96,bicjpeg75,31.546228,0.792395,29.04856,0.911107,4,0.099264,30.440362,37.316125,28.450927,0.723361,0.339592,0.352449,0.676,cuda
pds26,ami,104,right,104_right,4,4,96,bicjpeg75,31.280645,0.808133,28.421115,0.920458,4,0.097394,29.743546,36.931309,30.006949,0.729264,0.299754,0.310119,0.674,cuda
pds26,ami,104,up,104_up,4,4,96,bicjpeg75,30.940156,0.767965,28.471496,0.89802,4,0.101457,29.482984,36.498938,29.078144,0.713845,0.320843,0.322535,0.665,cuda
pds26,ami,104,zoom,104_zoom,4,4,96,bicjpeg75,31.251037,0.788755,28.602043,0.905023,4,0.097875,29.888434,36.728581,30.219643,0.77584,0.358702,0.31614,0.679,cuda
pds26,ami,105,back,105_back,5,4,96,bicjpeg75,31.587254,0.788087,28.621483,0.921365,4,0.090818,30.889438,36.675957,29.460797,0.707388,0.324516,0.300173,0.689,cuda
pds26,ami,105,down,105_down,5,4,96,bicjpeg75,30.567724,0.786539,27.915953,0.914693,4,0.099366,28.863949,36.513049,30.675163,0.778391,0.286401,0.27378,0.663,cuda
pds26,ami,105,front,105_front,5,4,96,bicjpeg75,30.671713,0.762881,27.906385,0.914925,4,0.10861,29.816157,36.395414,30.742804,0.752774,0.325243,0.300931,0.682,cuda
pds26,ami,105,left,105_left,5,4,96,bicjpeg75,31.455547,0.785386,28.632657,0.916638,4,0.096697,30.161262,37.179855,30.886719,0.759534,0.300301,0.278985,0.686,cuda
pds26,ami,105,right,105_right,5,4,96,bicjpeg75,30.198241,0.772781,27.650797,0.912765,4,0.110957,27.963936,36.308188,29.632102,0.708578,0.311454,0.277765,0.677,cuda
pds26,ami,105,up,105_up,5,4,96,bicjpeg75,30.746708,0.771141,27.956688,0.918985,4,0.09708,29.597767,36.273407,30.361469,0.708877,0.376283,0.30998,0.686,cuda
pds26,ami,105,zoom,105_zoom,5,4,96,bicjpeg75,31.163952,0.792066,28.233537,0.923278,4,0.109646,30.117165,36.469101,31.847864,0.769139,0.291686,0.291727,0.688,cuda
pds26,ami,106,back,106_back,3,4,96,bicjpeg75,31.318565,0.745968,28.809631,0.88993,4,0.112626,30.220856,36.613385,29.840996,0.700747,0.406881,0.33006,0.672,cuda
pds26,ami,106,down,106_down,3,4,96,bicjpeg75,31.668775,0.783994,29.210324,0.912649,4,0.100805,30.8407,37.006799,30.579741,0.79426,0.388016,0.364809,0.663,cuda
pds26,ami,106,front,106_front,3,4,96,bicjpeg75,31.781747,0.775137,29.28085,0.90564,4,0.095865,31.136037,36.687089,30.7215,0.73057,0.428172,0.364296,0.672,cuda
pds26,ami,106,left,106_left,3,4,96,bicjpeg75,31.646649,0.775469,29.373344,0.908484,4,0.098888,31.027097,36.919288,29.781993,0.707714,0.302,0.329014,0.676,cuda
pds26,ami,106,right,106_right,3,4,96,bicjpeg75,31.35786,0.745042,28.517104,0.888533,4,0.107114,30.586975,36.599528,30.445279,0.696981,0.457974,0.352044,0.682,cuda
pds26,ami,106,up,106_up,3,4,96,bicjpeg75,32.226303,0.782937,29.580624,0.914116,4,0.088287,31.314737,37.484307,30.431268,0.732072,0.337402,0.329161,0.676,cuda
pds26,ami,106,zoom,106_zoom,3,4,96,bicjpeg75,31.910394,0.792218,29.227762,0.906714,4,0.095251,31.403379,36.467418,30.726901,0.727614,0.357018,0.357215,0.678,cuda
