model,dataset,subject,view,key,fold,scale,tier,degrade,psnr_y,ssim_y,psnr_rgb,ms_ssim_y,ms_ssim_scales,gmsd,grad_psnr,lr_psnr_y,psnr_y_c,ssim_y_c,lpips,dists,host_ms,device
safmnpp,ami,000,back,000_back,3,4,96,bic,33.310453,0.840036,31.544511,0.969752,4,0.055625,31.047984,77.663364,33.588666,0.89082,0.180856,0.228869,13.974,cuda
safmnpp,ami,000,down,000_down,3,4,96,bic,32.935243,0.849466,31.15416,0.97298,4,0.055736,30.571743,73.820081,32.067745,0.903811,0.175076,0.238293,0.829,cuda
safmnpp,ami,000,front,000_front,3,4,96,bic,32.918686,0.850039,31.117827,0.972092,4,0.04981,30.740997,77.966048,32.166609,0.891869,0.177167,0.224221,0.824,cuda
safmnpp,ami,000,left,000_left,3,4,96,bic,33.575847,0.861796,31.766211,0.975742,4,0.043813,31.198347,76.207164,32.883246,0.886435,0.202223,0.216708,0.91,cuda
safmnpp,ami,000,right,000_right,3,4,96,bic,33.267046,0.853808,31.459852,0.976256,4,0.047594,31.040941,72.709162,33.981713,0.91826,0.175138,0.255429,0.951,cuda
safmnpp,ami,000,up,000_up,3,4,96,bic,33.212358,0.853385,31.367895,0.975465,4,0.038567,31.18306,74.648814,33.477163,0.923222,0.197162,0.220253,0.945,cuda
safmnpp,ami,000,zoom,000_zoom,3,4,96,bic,35.165904,0.918461,33.179253,0.986401,4,0.036837,32.997774,68.014121,36.530371,0.939798,0.130404,0.228329,0.94,cuda
safmnpp,ami,001,back,001_back,1,4,96,bic,36.204612,0.899491,34.585582,0.980835,4,0.0369,33.84576,73.783239,34.388906,0.891621,0.132039,0.242113,0.932,cuda
safmnpp,ami,001,down,001_down,1,4,96,bic,37.233017,0.91709,35.577365,0.98499,4,0.02526,34.73201,75.273403,35.721916,0.9439,0.141945,0.237755,0.966,cuda
safmnpp,ami,001,front,001_front,1,4,96,bic,37.76339,0.920922,36.0288,0.984992,4,0.02533,35.2674,76.592601,36.253143,0.937016,0.137977,0.240594,0.956,cuda
safmnpp,ami,001,left,001_left,1,4,96,bic,38.059075,0.926019,36.415341,0.985215,4,0.024355,35.561833,80.696637,35.839009,0.913291,0.155292,0.230128,0.944,cuda
safmnpp,ami,001,right,001_right,1,4,96,bic,37.027965,0.9106,35.302918,0.982667,4,0.030981,34.550374,76.158305,34.701212,0.903838,0.119867,0.237315,0.944,cuda
safmnpp,ami,001,up,001_up,1,4,96,bic,36.173808,0.90152,34.478093,0.981237,4,0.02858,33.792961,74.683347,34.955866,0.907782,0.147106,0.223227,0.94,cuda
safmnpp,ami,001,zoom,001_zoom,1,4,96,bic,37.850344,0.928109,36.121343,0.987456,4,0.028478,35.28375,78.529316,37.877489,0.950043,0.136667,0.233803,0.945,cuda
safmnpp,ami,002,back,002_back,1,4,96,bic,36.273854,0.894539,34.505202,0.98213,4,0.026603,34.124218,71.902267,36.470346,0.929178,0.140477,0.205976,0.956,cuda
safmnpp,ami,002,down,002_down,1,4,96,bic,36.25653,0.898095,34.510928,0.981878,4,0.033668,33.652586,71.742615,35.006364,0.913656,0.128542,0.245017,0.955,cuda
safmnpp,ami,002,front,002_front,1,4,96,bic,35.98565,0.890374,34.258943,0.980139,4,0.032827,33.519903,73.902716,35.144251,0.895826,0.129382,0.223364,0.95,cuda
safmnpp,ami,002,left,002_left,1,4,96,bic,36.435866,0.892679,34.708575,0.97957,4,0.034509,34.125823,73.490128,35.835239,0.904801,0.127731,0.234951,0.958,cuda
safmnpp,ami,002,right,002_right,1,4,96,bic,36.861578,0.912643,34.990318,0.984854,4,0.026703,34.377557,75.307341,35.551036,0.902013,0.11104,0.218253,0.946,cuda
safmnpp,ami,002,up,002_up,1,4,96,bic,36.275478,0.89647,34.53576,0.981173,4,0.027231,33.865823,76.178988,35.28983,0.895666,0.144996,0.23191,0.947,cuda
safmnpp,ami,002,zoom,002_zoom,1,4,96,bic,36.476591,0.907743,34.744044,0.982706,4,0.032067,33.729787,74.792007,37.035067,0.933656,0.115186,0.234992,0.95,cuda
safmnpp,ami,003,back,003_back,5,4,96,bic,35.961995,0.886933,34.027001,0.979055,4,0.041027,33.787558,77.972618,34.485762,0.865756,0.18434,0.215675,0.963,cuda
safmnpp,ami,003,down,003_down,5,4,96,bic,35.46415,0.882543,33.613555,0.976804,4,0.040361,33.427339,82.130079,33.821771,0.885278,0.170814,0.233374,0.96,cuda
safmnpp,ami,003,front,003_front,5,4,96,bic,34.915819,0.869424,33.120468,0.973395,4,0.050258,32.899631,80.572562,33.02998,0.81417,0.192094,0.241405,0.946,cuda
safmnpp,ami,003,left,003_left,5,4,96,bic,36.370431,0.897353,34.49102,0.980344,4,0.034816,34.500988,75.107883,33.993198,0.861966,0.16577,0.276142,0.935,cuda
safmnpp,ami,003,right,003_right,5,4,96,bic,36.079499,0.898526,34.139975,0.981746,4,0.03486,33.791502,72.002103,34.418367,0.887911,0.154665,0.178454,0.93,cuda
safmnpp,ami,003,up,003_up,5,4,96,bic,34.930763,0.873994,33.113775,0.974177,4,0.052728,32.913009,74.362592,33.248039,0.816616,0.194733,0.231453,0.936,cuda
safmnpp,ami,003,zoom,003_zoom,5,4,96,bic,35.75475,0.891062,33.797386,0.978741,4,0.045922,33.468925,81.532174,35.897314,0.903008,0.160334,0.231427,0.966,cuda
safmnpp,ami,004,back,004_back,5,4,96,bic,35.877709,0.902605,34.22494,0.98115,4,0.036227,32.981001,72.429773,34.253061,0.901396,0.094286,0.221063,0.951,cuda
safmnpp,ami,004,down,004_down,5,4,96,bic,35.183307,0.883242,33.583054,0.979752,4,0.034515,32.358366,69.824573,35.060667,0.926999,0.104965,0.203356,0.942,cuda
safmnpp,ami,004,front,004_front,5,4,96,bic,34.942819,0.880265,33.329753,0.978542,4,0.039756,32.374381,70.917455,33.875951,0.898061,0.104455,0.236172,0.959,cuda
safmnpp,ami,004,left,004_left,5,4,96,bic,36.139852,0.901601,34.500737,0.982031,4,0.035717,33.586977,71.604039,34.802091,0.898482,0.10716,0.236468,0.962,cuda
safmnpp,ami,004,right,004_right,5,4,96,bic,36.226691,0.902541,34.540003,0.982425,4,0.034366,33.626898,70.620361,35.483556,0.934943,0.112441,0.2428,0.939,cuda
safmnpp,ami,004,up,004_up,5,4,96,bic,35.299528,0.888761,33.636425,0.978988,4,0.041254,32.640088,70.521628,33.637085,0.895177,0.107179,0.245775,0.928,cuda
safmnpp,ami,004,zoom,004_zoom,5,4,96,bic,35.918683,0.905271,34.225264,0.983783,4,0.032852,33.337272,71.849394,36.291289,0.922212,0.113957,0.226631,0.962,cuda
safmnpp,ami,005,back,005_back,4,4,96,bic,33.160364,0.865456,31.309586,0.971699,4,0.059684,30.010951,80.353037,34.953417,0.89531,0.194151,0.210711,0.948,cuda
safmnpp,ami,005,down,005_down,4,4,96,bic,35.352995,0.877574,33.641757,0.976233,4,0.034146,32.839486,76.340442,35.151812,0.916664,0.202779,0.251325,0.947,cuda
safmnpp,ami,005,front,005_front,4,4,96,bic,34.787433,0.874729,33.11303,0.973209,4,0.050289,32.011903,74.870291,34.959537,0.908029,0.208221,0.238387,0.945,cuda
safmnpp,ami,005,left,005_left,4,4,96,bic,36.637531,0.901288,34.850718,0.981787,4,0.025938,34.654063,75.460273,36.080185,0.917868,0.196971,0.2341,0.929,cuda
safmnpp,ami,005,right,005_right,4,4,96,bic,35.893528,0.899942,34.114878,0.980324,4,0.033746,33.416431,70.196752,35.1515,0.915682,0.17673,0.210837,0.968,cuda
safmnpp,ami,005,up,005_up,4,4,96,bic,33.428501,0.861041,31.77972,0.972286,4,0.052637,30.683026,74.761829,34.289447,0.876829,0.20456,0.245522,0.953,cuda
safmnpp,ami,005,zoom,005_zoom,4,4,96,bic,35.035752,0.891364,33.314802,0.978335,4,0.051122,32.040748,79.443756,37.358584,0.928972,0.178678,0.213455,0.947,cuda
safmnpp,ami,007,back,007_back,5,4,96,bic,36.47903,0.907779,34.718241,0.982542,4,0.027492,34.038301,71.120968,35.648041,0.923084,0.08816,0.202661,0.932,cuda
safmnpp,ami,007,down,007_down,5,4,96,bic,35.466236,0.892365,33.885144,0.98014,4,0.038635,32.957993,74.34897,34.509064,0.889394,0.145585,0.210685,0.963,cuda
safmnpp,ami,007,front,007_front,5,4,96,bic,36.038761,0.904156,34.46031,0.982377,4,0.032077,33.723942,77.577048,35.977898,0.932709,0.136006,0.229181,0.943,cuda
safmnpp,ami,007,left,007_left,5,4,96,bic,36.517459,0.902626,34.877869,0.98272,4,0.032802,34.143386,74.308174,35.628987,0.886608,0.204558,0.203852,0.937,cuda
safmnpp,ami,007,right,007_right,5,4,96,bic,36.598036,0.915513,34.907827,0.9854,4,0.034298,34.02383,67.045587,36.611778,0.936574,0.132284,0.201978,0.943,cuda
safmnpp,ami,007,up,007_up,5,4,96,bic,35.931147,0.900388,34.292413,0.981614,4,0.042407,33.558168,75.120941,36.883704,0.931374,0.140139,0.226599,0.951,cuda
safmnpp,ami,007,zoom,007_zoom,5,4,96,bic,36.615494,0.921859,34.927071,0.985227,4,0.033234,33.937187,80.777501,37.600772,0.946879,0.126156,0.213237,0.942,cuda
safmnpp,ami,008,back,008_back,5,4,96,bic,36.467687,0.917065,34.799908,0.984842,4,0.031432,34.043332,77.595193,35.401616,0.915146,0.139964,0.207795,0.94,cuda
safmnpp,ami,008,down,008_down,5,4,96,bic,35.990937,0.907492,34.359624,0.983066,4,0.030933,33.847599,73.165752,34.38446,0.902503,0.145406,0.229462,0.948,cuda
safmnpp,ami,008,front,008_front,5,4,96,bic,34.750531,0.895977,33.17109,0.980387,4,0.040325,32.666821,73.176877,34.332928,0.884301,0.143122,0.256382,0.937,cuda
safmnpp,ami,008,left,008_left,5,4,96,bic,35.865861,0.902343,34.265894,0.98163,4,0.044194,33.848916,70.429572,33.595064,0.859514,0.178042,0.237321,0.928,cuda
safmnpp,ami,008,right,008_right,5,4,96,bic,34.923982,0.89852,33.36985,0.979969,4,0.040514,32.82049,79.033315,34.717339,0.903723,0.123903,0.228186,0.931,cuda
safmnpp,ami,008,up,008_up,5,4,96,bic,34.813737,0.894804,33.273431,0.98084,4,0.044846,32.774255,73.091632,35.3541,0.891825,0.170407,0.246123,0.935,cuda
safmnpp,ami,008,zoom,008_zoom,5,4,96,bic,35.972991,0.91639,34.329543,0.984948,4,0.031474,33.907528,76.300878,36.273447,0.91175,0.124889,0.228924,0.929,cuda
safmnpp,ami,009,back,009_back,4,4,96,bic,36.022364,0.926336,34.356503,0.987031,4,0.023447,33.472897,76.995431,36.176222,0.906668,0.102678,0.190146,0.957,cuda
safmnpp,ami,009,down,009_down,4,4,96,bic,35.780509,0.91348,34.184083,0.984481,4,0.028284,33.131464,68.881402,35.472977,0.927647,0.117038,0.226205,0.945,cuda
safmnpp,ami,009,front,009_front,4,4,96,bic,35.583947,0.91513,33.909373,0.984947,4,0.028215,33.136839,71.712326,34.95652,0.922072,0.115812,0.216355,0.942,cuda
safmnpp,ami,009,left,009_left,4,4,96,bic,36.452425,0.913661,34.76971,0.983647,4,0.034371,34.330028,75.224202,35.728008,0.911282,0.15319,0.248361,0.964,cuda
safmnpp,ami,009,right,009_right,4,4,96,bic,36.477778,0.920763,34.785196,0.985504,4,0.030607,34.14375,72.86719,35.286928,0.911701,0.123476,0.204338,0.935,cuda
safmnpp,ami,009,up,009_up,4,4,96,bic,34.541152,0.89394,32.887908,0.981159,4,0.034402,32.633408,63.569624,34.876412,0.887712,0.132072,0.225044,0.937,cuda
safmnpp,ami,009,zoom,009_zoom,4,4,96,bic,37.053437,0.935119,35.320317,0.989454,4,0.022083,34.693101,71.186145,37.840591,0.941309,0.103616,0.219266,0.938,cuda
safmnpp,ami,010,back,010_back,2,4,96,bic,36.003023,0.890284,34.203966,0.980818,4,0.036102,33.745833,81.902145,35.691154,0.91109,0.175927,0.189644,0.935,cuda
safmnpp,ami,010,down,010_down,2,4,96,bic,36.105058,0.900516,34.296547,0.982027,4,0.031793,33.693461,71.892356,35.05329,0.899216,0.180299,0.244722,0.965,cuda
safmnpp,ami,010,front,010_front,2,4,96,bic,35.569954,0.893911,33.800647,0.981235,4,0.031323,33.18103,75.734127,34.397337,0.889742,0.166543,0.237434,0.951,cuda
safmnpp,ami,010,left,010_left,2,4,96,bic,35.871692,0.898548,34.111841,0.981271,4,0.037465,33.310467,74.622881,34.523819,0.876884,0.176699,0.258151,0.949,cuda
safmnpp,ami,010,right,010_right,2,4,96,bic,35.882188,0.899326,34.064248,0.982201,4,0.038247,33.361429,71.964262,34.848268,0.900442,0.170846,0.245765,0.927,cuda
safmnpp,ami,010,up,010_up,2,4,96,bic,36.16489,0.902876,34.346802,0.983767,4,0.030944,33.746661,79.791779,35.392787,0.912853,0.186856,0.233133,0.968,cuda
safmnpp,ami,010,zoom,010_zoom,2,4,96,bic,36.604992,0.912224,34.744598,0.984987,4,0.030033,34.270038,74.325902,35.990214,0.917879,0.187266,0.230687,0.944,cuda
safmnpp,ami,011,back,011_back,5,4,96,bic,35.757046,0.915129,33.895514,0.984674,4,0.052908,33.428291,71.669024,35.056037,0.914819,0.131891,0.213433,0.927,cuda
safmnpp,ami,011,down,011_down,5,4,96,bic,35.164936,0.901156,33.368618,0.982987,4,0.035372,32.792143,71.270043,35.695047,0.9309,0.13372,0.240319,0.927,cuda
safmnpp,ami,011,front,011_front,5,4,96,bic,35.018062,0.899915,33.24572,0.982152,4,0.034757,32.68432,73.885094,34.462609,0.919236,0.136288,0.235028,0.96,cuda
safmnpp,ami,011,left,011_left,5,4,96,bic,35.605855,0.896305,33.820818,0.981087,4,0.037079,33.422565,75.091952,34.812209,0.902632,0.161228,0.225537,0.947,cuda
safmnpp,ami,011,right,011_right,5,4,96,bic,35.480325,0.901521,33.634827,0.982224,4,0.040244,33.238902,74.411718,34.90508,0.89792,0.147224,0.2369,0.954,cuda
safmnpp,ami,011,up,011_up,5,4,96,bic,35.260255,0.908171,33.4607,0.984597,4,0.03223,32.968963,73.362481,34.644826,0.902294,0.142971,0.233691,0.93,cuda
safmnpp,ami,011,zoom,011_zoom,5,4,96,bic,36.596519,0.930466,34.731129,0.988078,4,0.028704,34.400479,68.390185,35.716021,0.927637,0.12857,0.207338,0.933,cuda
safmnpp,ami,012,back,012_back,3,4,96,bic,37.585094,0.933576,35.733849,0.985941,4,0.031281,34.885853,74.054796,34.043604,0.883315,0.086149,0.193012,0.93,cuda
safmnpp,ami,012,down,012_down,3,4,96,bic,37.596123,0.934509,35.839451,0.987035,4,0.025455,34.509074,70.406106,35.868739,0.935481,0.089133,0.189183,0.929,cuda
safmnpp,ami,012,front,012_front,3,4,96,bic,37.006903,0.924075,35.221181,0.985361,4,0.021987,34.133235,71.161472,34.849475,0.897095,0.088498,0.203946,0.935,cuda
safmnpp,ami,012,left,012_left,3,4,96,bic,38.024504,0.935398,36.240973,0.986839,4,0.023936,35.362602,69.4345,34.830588,0.901134,0.077855,0.212997,0.956,cuda
safmnpp,ami,012,right,012_right,3,4,96,bic,37.540588,0.934425,35.762354,0.987026,4,0.028034,34.543713,74.148163,35.034635,0.903399,0.067041,0.199031,0.961,cuda
safmnpp,ami,012,up,012_up,3,4,96,bic,36.362858,0.911502,34.685126,0.981058,4,0.0427,33.834831,79.208854,34.287964,0.892901,0.102533,0.184273,0.953,cuda
safmnpp,ami,012,zoom,012_zoom,3,4,96,bic,37.855459,0.935567,35.982708,0.98754,4,0.022323,34.995898,82.750107,36.204392,0.920339,0.076873,0.201538,0.948,cuda
safmnpp,ami,013,back,013_back,1,4,96,bic,35.748224,0.911012,33.871796,0.984582,4,0.039266,33.877638,72.939751,37.092342,0.930499,0.135294,0.198713,0.965,cuda
safmnpp,ami,013,down,013_down,1,4,96,bic,36.474493,0.915877,34.554526,0.984124,4,0.0292,33.969951,76.869777,35.75207,0.929879,0.129353,0.204374,0.952,cuda
safmnpp,ami,013,front,013_front,1,4,96,bic,35.90708,0.905908,34.046884,0.980418,4,0.039221,33.545819,75.334134,34.982648,0.904813,0.119645,0.194091,0.942,cuda
safmnpp,ami,013,left,013_left,1,4,96,bic,36.574464,0.91567,34.69319,0.98414,4,0.033561,34.193968,74.164312,36.222136,0.930915,0.118966,0.197842,0.966,cuda
safmnpp,ami,013,right,013_right,1,4,96,bic,36.479744,0.912873,34.62138,0.982642,4,0.030318,33.856121,76.387287,36.34726,0.919469,0.131127,0.205129,0.948,cuda
safmnpp,ami,013,up,013_up,1,4,96,bic,35.218282,0.890867,33.430684,0.977435,4,0.041219,33.188242,68.252813,34.309831,0.859015,0.135832,0.198458,0.944,cuda
safmnpp,ami,013,zoom,013_zoom,1,4,96,bic,37.422938,0.929797,35.401449,0.987177,4,0.0277,35.052101,68.790097,37.534258,0.940108,0.107562,0.18619,0.961,cuda
safmnpp,ami,014,back,014_back,5,4,96,bic,35.872207,0.885489,34.100938,0.978643,4,0.035492,33.543171,72.854477,35.7939,0.888768,0.146151,0.23042,0.951,cuda
safmnpp,ami,014,down,014_down,5,4,96,bic,36.32238,0.903305,34.668538,0.982847,4,0.037838,33.946086,84.69815,35.801769,0.914069,0.148975,0.241098,0.939,cuda
safmnpp,ami,014,front,014_front,5,4,96,bic,36.612762,0.906511,34.94033,0.98303,4,0.029068,34.242322,79.024741,35.565804,0.906309,0.130272,0.242844,0.93,cuda
safmnpp,ami,014,left,014_left,5,4,96,bic,36.123522,0.890326,34.463535,0.978846,4,0.041402,33.77401,80.616994,34.581533,0.890272,0.17667,0.252808,0.962,cuda
safmnpp,ami,014,right,014_right,5,4,96,bic,36.922069,0.916586,35.170482,0.985048,4,0.026994,34.614405,72.987728,36.665209,0.913833,0.133175,0.192244,0.94,cuda
safmnpp,ami,014,up,014_up,5,4,96,bic,35.943784,0.892514,34.274062,0.980369,4,0.032944,33.752261,72.184912,35.647776,0.882778,0.153847,0.228032,0.932,cuda
safmnpp,ami,014,zoom,014_zoom,5,4,96,bic,36.532403,0.908098,34.770392,0.984023,4,0.026471,34.286476,76.641926,36.834317,0.913966,0.153671,0.274611,0.935,cuda
safmnpp,ami,018,back,018_back,1,4,96,bic,37.869067,0.940237,36.021218,0.988085,4,0.025782,35.820895,73.719605,35.568817,0.916054,0.060923,0.20953,0.929,cuda
safmnpp,ami,018,down,018_down,1,4,96,bic,37.414435,0.942896,35.719855,0.989051,4,0.021544,35.02833,77.528342,32.961174,0.9236,0.086754,0.257144,0.937,cuda
safmnpp,ami,018,front,018_front,1,4,96,bic,38.065533,0.947265,36.34704,0.990013,4,0.017448,35.527328,78.679135,33.702916,0.920994,0.076025,0.22927,0.931,cuda
safmnpp,ami,018,left,018_left,1,4,96,bic,39.544876,0.950885,37.666371,0.990909,4,0.022353,37.515525,81.435444,35.990777,0.932856,0.071828,0.245147,0.935,cuda
safmnpp,ami,018,right,018_right,1,4,96,bic,38.089507,0.946463,36.244393,0.99018,4,0.019775,35.520184,75.613736,34.191669,0.906835,0.076226,0.238028,0.928,cuda
safmnpp,ami,018,up,018_up,1,4,96,bic,37.692346,0.944677,35.945236,0.988608,4,0.023371,35.187057,81.22238,34.224664,0.900042,0.0825,0.236047,0.941,cuda
safmnpp,ami,018,zoom,018_zoom,1,4,96,bic,37.43668,0.943877,35.770661,0.988738,4,0.024263,34.753031,72.631161,35.482781,0.936831,0.079077,0.249736,0.943,cuda
safmnpp,ami,019,back,019_back,4,4,96,bic,35.424864,0.91527,33.649288,0.981324,4,0.036756,32.884222,74.924293,33.445289,0.854053,0.11218,0.209681,0.934,cuda
safmnpp,ami,019,down,019_down,4,4,96,bic,34.543841,0.916048,32.913668,0.984672,4,0.039783,32.253351,73.628864,34.232215,0.906542,0.110193,0.236067,0.93,cuda
safmnpp,ami,019,front,019_front,4,4,96,bic,35.014333,0.910305,33.298821,0.983016,4,0.031847,32.360116,78.51303,34.373451,0.884332,0.118143,0.240086,0.929,cuda
safmnpp,ami,019,left,019_left,4,4,96,bic,34.960996,0.91821,33.273662,0.985349,4,0.035778,32.314886,72.488617,34.080596,0.894485,0.111291,0.260506,0.931,cuda
safmnpp,ami,019,right,019_right,4,4,96,bic,34.615225,0.909334,32.929796,0.982073,4,0.042647,32.023247,72.959171,33.741598,0.872719,0.115305,0.226255,0.936,cuda
safmnpp,ami,019,up,019_up,4,4,96,bic,35.042464,0.911511,33.365443,0.982901,4,0.033893,32.367737,74.055545,34.409971,0.892612,0.116023,0.252317,0.938,cuda
safmnpp,ami,019,zoom,019_zoom,4,4,96,bic,35.109641,0.91923,33.375398,0.985331,4,0.034065,32.511834,78.264706,35.743218,0.908489,0.114839,0.248943,0.941,cuda
safmnpp,ami,020,back,020_back,1,4,96,bic,36.135256,0.908121,34.377475,0.981239,4,0.041202,33.763095,75.30346,34.431725,0.899192,0.113567,0.204074,0.946,cuda
safmnpp,ami,020,down,020_down,1,4,96,bic,35.883002,0.904261,34.079203,0.981401,4,0.033137,33.679593,73.941669,33.241053,0.898978,0.150498,0.203136,0.93,cuda
safmnpp,ami,020,front,020_front,1,4,96,bic,36.032612,0.905165,34.24435,0.981867,4,0.03082,33.850807,74.701506,34.48825,0.911635,0.16999,0.219822,0.967,cuda
safmnpp,ami,020,left,020_left,1,4,96,bic,36.825678,0.917354,35.032019,0.984256,4,0.029693,34.531798,74.576485,34.549962,0.911178,0.147498,0.206096,0.948,cuda
safmnpp,ami,020,right,020_right,1,4,96,bic,36.709844,0.922139,34.856513,0.985076,4,0.026487,34.283199,71.642075,35.008219,0.925117,0.122049,0.178916,0.931,cuda
safmnpp,ami,020,up,020_up,1,4,96,bic,36.200745,0.905758,34.430419,0.982803,4,0.028427,33.927606,75.195833,35.220833,0.905028,0.142689,0.199328,0.962,cuda
safmnpp,ami,020,zoom,020_zoom,1,4,96,bic,36.375534,0.91826,34.512905,0.984118,4,0.03341,34.086733,82.066882,35.915106,0.935104,0.163107,0.20818,0.96,cuda
safmnpp,ami,021,back,021_back,2,4,96,bic,36.341665,0.889796,34.548382,0.979237,4,0.035348,34.347542,73.359676,35.797601,0.91318,0.166474,0.236215,0.951,cuda
safmnpp,ami,021,down,021_down,2,4,96,bic,35.83701,0.888658,34.054987,0.978765,4,0.037939,33.760547,71.049697,34.230131,0.893484,0.202456,0.218479,0.929,cuda
safmnpp,ami,021,front,021_front,2,4,96,bic,36.642725,0.896906,34.847174,0.979726,4,0.034567,34.439387,80.824975,35.078752,0.902151,0.153511,0.231449,0.972,cuda
safmnpp,ami,021,left,021_left,2,4,96,bic,37.471168,0.906159,35.631477,0.982706,4,0.03358,35.67787,78.317641,37.252072,0.908908,0.192865,0.213976,0.936,cuda
safmnpp,ami,021,right,021_right,2,4,96,bic,37.317708,0.913491,35.44302,0.985049,4,0.024134,35.012289,77.078705,36.532708,0.931852,0.154576,0.203492,0.935,cuda
safmnpp,ami,021,up,021_up,2,4,96,bic,36.172724,0.897232,34.40138,0.981544,4,0.037696,34.078451,77.341814,35.444078,0.895955,0.162395,0.229027,0.934,cuda
safmnpp,ami,021,zoom,021_zoom,2,4,96,bic,37.546738,0.921338,35.658843,0.984989,4,0.029868,35.384679,74.068209,35.843305,0.910888,0.129241,0.238012,0.933,cuda
safmnpp,ami,022,back,022_back,2,4,96,bic,38.909766,0.949831,37.071108,0.99,4,0.023642,36.377884,78.015446,34.906411,0.911898,0.070177,0.17229,0.961,cuda
safmnpp,ami,022,down,022_down,2,4,96,bic,37.83196,0.935798,36.093115,0.986159,4,0.030041,35.096129,78.440091,34.133939,0.923628,0.079029,0.220885,0.948,cuda
safmnpp,ami,022,front,022_front,2,4,96,bic,37.547648,0.93435,35.793762,0.986509,4,0.034414,34.572318,74.699411,33.967405,0.908657,0.078418,0.20308,0.96,cuda
safmnpp,ami,022,left,022_left,2,4,96,bic,39.128741,0.945878,37.308202,0.988627,4,0.025718,36.441756,77.997128,35.117605,0.902369,0.090948,0.204923,0.949,cuda
safmnpp,ami,022,right,022_right,2,4,96,bic,37.432918,0.932672,35.67879,0.984774,4,0.04362,34.574363,78.188442,33.855914,0.897954,0.080262,0.198481,0.926,cuda
safmnpp,ami,022,up,022_up,2,4,96,bic,37.563949,0.936983,35.827713,0.98679,4,0.034595,34.727886,75.30636,34.088453,0.886783,0.091272,0.205055,0.939,cuda
safmnpp,ami,022,zoom,022_zoom,2,4,96,bic,38.439797,0.944238,36.60228,0.989213,4,0.029922,35.632173,83.196864,36.176637,0.932895,0.078784,0.195088,0.932,cuda
safmnpp,ami,023,back,023_back,5,4,96,bic,35.418779,0.888885,33.791249,0.980968,4,0.038082,32.985237,74.078294,36.009496,0.906921,0.127761,0.197794,0.963,cuda
safmnpp,ami,023,down,023_down,5,4,96,bic,35.863592,0.898194,34.255835,0.979697,4,0.050304,33.449655,73.141922,35.444396,0.922622,0.127854,0.202918,0.939,cuda
safmnpp,ami,023,front,023_front,5,4,96,bic,36.291871,0.90424,34.607219,0.982305,4,0.032585,34.018085,77.326251,36.657565,0.923015,0.137152,0.206757,0.951,cuda
safmnpp,ami,023,left,023_left,5,4,96,bic,38.255832,0.926104,36.531684,0.985802,4,0.027049,36.108395,74.23565,37.628251,0.927216,0.149697,0.251856,0.941,cuda
safmnpp,ami,023,right,023_right,5,4,96,bic,35.923864,0.90455,34.243163,0.982689,4,0.032048,33.274811,76.441608,37.204838,0.937468,0.120917,0.199228,0.939,cuda
safmnpp,ami,023,up,023_up,5,4,96,bic,35.593717,0.894202,33.944414,0.980506,4,0.036906,33.495465,78.026281,35.746991,0.911307,0.166736,0.247689,0.944,cuda
safmnpp,ami,023,zoom,023_zoom,5,4,96,bic,37.246936,0.92763,35.478568,0.986936,4,0.031923,34.809178,78.097388,37.122813,0.929031,0.120904,0.193528,0.947,cuda
safmnpp,ami,024,back,024_back,3,4,96,bic,37.090497,0.924051,35.38319,0.98608,4,0.029174,34.464763,75.207926,34.108367,0.887149,0.080466,0.185517,0.932,cuda
safmnpp,ami,024,down,024_down,3,4,96,bic,37.284451,0.924502,35.57538,0.984463,4,0.029905,34.586575,76.981423,34.0204,0.898836,0.082379,0.235293,0.961,cuda
safmnpp,ami,024,front,024_front,3,4,96,bic,37.059038,0.920658,35.386858,0.98478,4,0.033103,34.366906,82.130079,34.070415,0.899256,0.097079,0.21983,0.953,cuda
safmnpp,ami,024,left,024_left,3,4,96,bic,37.458121,0.916794,35.810121,0.983845,4,0.033969,35.064288,80.397127,35.027183,0.908817,0.104332,0.215495,0.95,cuda
safmnpp,ami,024,right,024_right,3,4,96,bic,37.524848,0.938394,35.779626,0.988807,4,0.031037,34.531259,73.607683,34.162139,0.916689,0.06204,0.213444,0.961,cuda
safmnpp,ami,024,up,024_up,3,4,96,bic,36.834627,0.92386,35.112645,0.985095,4,0.034948,34.443226,75.95519,34.657744,0.878663,0.107285,0.216293,0.919,cuda
safmnpp,ami,024,zoom,024_zoom,3,4,96,bic,37.410392,0.92814,35.680566,0.987612,4,0.032097,34.470877,81.032862,35.974273,0.927489,0.07589,0.212636,0.961,cuda
safmnpp,ami,025,back,025_back,2,4,96,bic,35.379318,0.897571,33.735047,0.980623,4,0.038302,32.763819,75.361181,34.740423,0.906352,0.123474,0.199398,0.946,cuda
safmnpp,ami,025,down,025_down,2,4,96,bic,35.767612,0.912308,34.055459,0.983242,4,0.041077,33.215717,74.04897,35.867718,0.94197,0.098573,0.201409,0.938,cuda
safmnpp,ami,025,front,025_front,2,4,96,bic,35.353445,0.905494,33.697451,0.982123,4,0.044136,32.774575,74.918393,35.608313,0.932525,0.122404,0.195221,0.935,cuda
safmnpp,ami,025,left,025_left,2,4,96,bic,36.461285,0.911528,34.757907,0.982532,4,0.036679,33.873935,76.850973,36.617077,0.94293,0.116911,0.200004,0.95,cuda
safmnpp,ami,025,right,025_right,2,4,96,bic,36.122962,0.907871,34.371652,0.983086,4,0.036859,33.456141,67.709339,36.008257,0.937041,0.102342,0.209732,0.946,cuda
safmnpp,ami,025,up,025_up,2,4,96,bic,35.254896,0.906298,33.615204,0.983789,4,0.042665,32.807875,78.621464,35.913048,0.92931,0.154916,0.213972,0.961,cuda
safmnpp,ami,025,zoom,025_zoom,2,4,96,bic,37.037057,0.935936,35.273763,0.987957,4,0.030932,34.339034,78.046882,37.441286,0.950368,0.095925,0.199658,0.938,cuda
safmnpp,ami,026,back,026_back,1,4,96,bic,37.433032,0.928061,35.428344,0.986204,4,0.038267,34.92211,78.510755,35.714322,0.920073,0.095138,0.185268,0.93,cuda
safmnpp,ami,026,down,026_down,1,4,96,bic,38.24456,0.939946,36.346734,0.988747,4,0.022433,35.478146,77.215501,36.542705,0.940474,0.079965,0.224487,0.954,cuda
safmnpp,ami,026,front,026_front,1,4,96,bic,37.536848,0.932734,35.669607,0.987735,4,0.030204,34.847548,79.513546,37.086358,0.952207,0.092256,0.200381,0.948,cuda
safmnpp,ami,026,left,026_left,1,4,96,bic,38.409214,0.939697,36.659996,0.987672,4,0.033588,35.802715,79.584711,36.542604,0.929182,0.096903,0.212073,0.938,cuda
safmnpp,ami,026,right,026_right,1,4,96,bic,37.572301,0.927961,35.71353,0.985945,4,0.026606,34.697584,76.781925,37.118449,0.941893,0.10392,0.216215,0.931,cuda
safmnpp,ami,026,up,026_up,1,4,96,bic,37.382236,0.930126,35.567033,0.986911,4,0.027673,34.692734,77.471351,35.609719,0.921911,0.100341,0.210073,0.926,cuda
safmnpp,ami,026,zoom,026_zoom,1,4,96,bic,37.822066,0.944278,35.882783,0.989179,4,0.02556,34.857581,74.632004,37.666543,0.950624,0.086259,0.200791,0.953,cuda
safmnpp,ami,027,back,027_back,3,4,96,bic,38.275064,0.940231,36.485112,0.988806,4,0.019365,35.563718,74.35841,36.53318,0.920402,0.086425,0.197786,0.953,cuda
safmnpp,ami,027,down,027_down,3,4,96,bic,36.914966,0.923225,35.290838,0.986738,4,0.02553,34.227375,79.692992,37.136651,0.937452,0.110905,0.243993,0.948,cuda
safmnpp,ami,027,front,027_front,3,4,96,bic,36.969766,0.925728,35.327542,0.987196,4,0.023952,34.096268,75.829709,35.83568,0.926643,0.103287,0.237953,0.935,cuda
safmnpp,ami,027,left,027_left,3,4,96,bic,37.141619,0.930219,35.497051,0.988097,4,0.02321,34.269429,76.407168,36.340505,0.933123,0.099879,0.220708,0.962,cuda
safmnpp,ami,027,right,027_right,3,4,96,bic,37.130718,0.930676,35.395975,0.988424,4,0.023352,34.380855,89.381777,36.423178,0.923535,0.104244,0.21981,0.955,cuda
safmnpp,ami,027,up,027_up,3,4,96,bic,36.885343,0.924625,35.228731,0.987263,4,0.025304,34.184667,78.398103,35.345445,0.916618,0.100217,0.235047,0.951,cuda
safmnpp,ami,027,zoom,027_zoom,3,4,96,bic,37.413212,0.936248,35.635281,0.989041,4,0.029088,34.614941,76.945461,37.247873,0.935941,0.130182,0.218174,0.939,cuda
safmnpp,ami,028,back,028_back,2,4,96,bic,36.171568,0.927472,34.526155,0.984465,4,0.02711,33.367427,77.663227,35.9624,0.911084,0.083825,0.16994,0.936,cuda
safmnpp,ami,028,down,028_down,2,4,96,bic,35.271293,0.903696,33.639705,0.979619,4,0.03694,32.983262,77.295669,33.808563,0.905757,0.126476,0.197918,0.929,cuda
safmnpp,ami,028,front,028_front,2,4,96,bic,35.258476,0.901519,33.64204,0.979968,4,0.036034,32.853626,77.179849,33.31057,0.883475,0.143179,0.207665,0.953,cuda
safmnpp,ami,028,left,028_left,2,4,96,bic,36.337771,0.922873,34.717128,0.984181,4,0.027482,33.749948,72.208837,35.152546,0.893115,0.121427,0.205024,0.952,cuda
safmnpp,ami,028,right,028_right,2,4,96,bic,35.474751,0.897828,33.821061,0.980462,4,0.028336,33.370989,78.344023,35.303938,0.90719,0.112239,0.207615,0.953,cuda
safmnpp,ami,028,up,028_up,2,4,96,bic,35.384314,0.896353,33.760174,0.978212,4,0.031604,33.067504,74.498566,33.758421,0.875256,0.128404,0.19781,0.952,cuda
safmnpp,ami,028,zoom,028_zoom,2,4,96,bic,35.699581,0.907166,34.068276,0.98135,4,0.029632,33.421055,76.970013,35.092168,0.90609,0.137001,0.217283,0.953,cuda
safmnpp,ami,029,back,029_back,5,4,96,bic,35.641961,0.877223,33.813421,0.974449,4,0.038147,33.275756,77.060074,35.657495,0.895729,0.140088,0.205371,0.925,cuda
safmnpp,ami,029,down,029_down,5,4,96,bic,35.54753,0.884131,33.778705,0.977211,4,0.040049,32.944642,79.412769,35.005707,0.901886,0.140339,0.26068,0.969,cuda
safmnpp,ami,029,front,029_front,5,4,96,bic,35.054091,0.876316,33.328728,0.973641,4,0.049293,32.601583,73.281121,35.396691,0.900857,0.158837,0.221817,0.944,cuda
safmnpp,ami,029,left,029_left,5,4,96,bic,36.483849,0.898583,34.66337,0.981397,4,0.028509,34.180953,74.670748,36.190075,0.92278,0.189725,0.256128,0.946,cuda
safmnpp,ami,029,right,029_right,5,4,96,bic,35.970331,0.888248,34.163981,0.978651,4,0.03258,33.543045,69.471779,36.632247,0.916954,0.133678,0.230607,0.937,cuda
safmnpp,ami,029,up,029_up,5,4,96,bic,34.726171,0.866838,32.986283,0.972379,4,0.043386,32.164878,79.317207,35.338719,0.892801,0.186664,0.222119,0.966,cuda
safmnpp,ami,029,zoom,029_zoom,5,4,96,bic,36.328218,0.90617,34.464938,0.981834,4,0.04248,34.135103,74.899907,36.705017,0.917964,0.156333,0.223044,0.952,cuda
safmnpp,ami,030,back,030_back,1,4,96,bic,36.958928,0.920398,35.172069,0.986393,4,0.026322,34.725022,74.260403,35.922417,0.918746,0.119446,0.223202,0.946,cuda
safmnpp,ami,030,down,030_down,1,4,96,bic,36.87583,0.915726,35.199944,0.984235,4,0.029998,34.591199,78.313169,34.886792,0.920962,0.120616,0.205423,0.934,cuda
safmnpp,ami,030,front,030_front,1,4,96,bic,37.080327,0.922144,35.346414,0.986469,4,0.027593,34.974615,85.319953,35.295483,0.922437,0.115263,0.231754,0.962,cuda
safmnpp,ami,030,left,030_left,1,4,96,bic,37.098041,0.917542,35.417844,0.98531,4,0.031222,34.861551,75.452997,35.137468,0.903423,0.113235,0.204107,0.957,cuda
safmnpp,ami,030,right,030_right,1,4,96,bic,36.576834,0.913822,34.878185,0.983631,4,0.033782,34.213375,69.479382,33.973264,0.899038,0.117487,0.215911,0.947,cuda
safmnpp,ami,030,up,030_up,1,4,96,bic,35.723332,0.898676,34.087503,0.981354,4,0.028615,33.308344,70.52067,35.378437,0.904122,0.142086,0.226522,0.949,cuda
safmnpp,ami,030,zoom,030_zoom,1,4,96,bic,37.220388,0.927919,35.433707,0.987461,4,0.025703,34.906206,81.603486,36.221003,0.929767,0.124294,0.213117,0.928,cuda
safmnpp,ami,031,back,031_back,5,4,96,bic,36.537172,0.914451,34.570157,0.982707,4,0.028222,33.889398,73.299888,35.067296,0.904867,0.129535,0.197118,0.967,cuda
safmnpp,ami,031,down,031_down,5,4,96,bic,36.180892,0.918789,34.26382,0.984801,4,0.02623,33.667414,70.272457,34.561351,0.906658,0.17196,0.228521,0.94,cuda
safmnpp,ami,031,front,031_front,5,4,96,bic,36.130883,0.916897,34.223256,0.983963,4,0.025286,33.660533,71.96828,34.229162,0.892156,0.183441,0.229941,0.921,cuda
safmnpp,ami,031,left,031_left,5,4,96,bic,36.000799,0.91425,34.087189,0.983642,4,0.036465,33.634844,79.784569,33.755109,0.87888,0.167114,0.242388,0.928,cuda
safmnpp,ami,031,right,031_right,5,4,96,bic,36.486547,0.915298,34.493139,0.984591,4,0.029727,34.057222,71.274,35.101107,0.899379,0.134235,0.232099,0.952,cuda
safmnpp,ami,031,up,031_up,5,4,96,bic,36.108648,0.913587,34.166967,0.984081,4,0.028584,33.517307,75.539125,34.671796,0.891774,0.170251,0.220129,0.947,cuda
safmnpp,ami,031,zoom,031_zoom,5,4,96,bic,36.479717,0.920018,34.504494,0.984626,4,0.032894,34.162835,77.41845,34.920491,0.897992,0.171136,0.210258,0.947,cuda
safmnpp,ami,032,back,032_back,3,4,96,bic,36.13002,0.933863,34.351187,0.985741,4,0.031253,32.840965,83.979654,33.377357,0.883315,0.068692,0.196147,0.951,cuda
safmnpp,ami,032,down,032_down,3,4,96,bic,37.558594,0.938463,35.728649,0.987219,4,0.024262,34.670102,73.022227,34.011505,0.909514,0.074027,0.20799,0.923,cuda
safmnpp,ami,032,front,032_front,3,4,96,bic,37.166108,0.93654,35.34957,0.98734,4,0.032602,34.468463,77.692345,34.383533,0.919326,0.06253,0.217721,0.966,cuda
safmnpp,ami,032,left,032_left,3,4,96,bic,36.393728,0.93457,34.552062,0.986637,4,0.032275,32.819084,74.068209,35.461065,0.920314,0.081006,0.228409,0.947,cuda
safmnpp,ami,032,right,032_right,3,4,96,bic,36.331502,0.934867,34.565059,0.985293,4,0.04018,33.050217,74.111266,34.272709,0.89205,0.07722,0.230444,0.943,cuda
safmnpp,ami,032,up,032_up,3,4,96,bic,37.277796,0.939303,35.432871,0.988018,4,0.030335,34.703515,85.595589,34.243491,0.901098,0.072817,0.205987,0.926,cuda
safmnpp,ami,032,zoom,032_zoom,3,4,96,bic,37.055579,0.94023,35.221359,0.988552,4,0.03319,33.913017,77.990373,35.913504,0.932182,0.05845,0.184045,0.931,cuda
safmnpp,ami,033,back,033_back,3,4,96,bic,38.962591,0.942309,36.996108,0.989401,4,0.018643,36.312642,74.054915,37.275152,0.932815,0.084963,0.183863,0.926,cuda
safmnpp,ami,033,down,033_down,3,4,96,bic,38.303276,0.943311,36.545258,0.989631,4,0.021916,35.478668,81.836624,36.900903,0.946767,0.076237,0.204427,0.932,cuda
safmnpp,ami,033,front,033_front,3,4,96,bic,38.312731,0.938168,36.541504,0.988805,4,0.021559,35.835957,87.13286,37.244012,0.939971,0.094948,0.217606,0.945,cuda
safmnpp,ami,033,left,033_left,3,4,96,bic,39.242737,0.947449,37.416447,0.989197,4,0.022744,36.753101,77.877106,37.391557,0.93688,0.093739,0.193352,0.938,cuda
safmnpp,ami,033,right,033_right,3,4,96,bic,37.950796,0.935385,36.179979,0.988177,4,0.022777,35.497709,72.881605,37.298981,0.941489,0.085903,0.21374,0.935,cuda
safmnpp,ami,033,up,033_up,3,4,96,bic,37.872078,0.930342,36.072448,0.98664,4,0.026897,35.64539,75.308262,36.694677,0.923568,0.101507,0.211867,0.947,cuda
safmnpp,ami,033,zoom,033_zoom,3,4,96,bic,38.953743,0.947305,37.029859,0.990822,4,0.015485,36.343724,83.979654,38.911802,0.955392,0.095805,0.190427,0.934,cuda
safmnpp,ami,034,back,034_back,4,4,96,bic,34.739678,0.883207,33.13834,0.978917,4,0.046475,32.536338,77.343382,35.32858,0.897933,0.122457,0.189228,0.948,cuda
safmnpp,ami,034,down,034_down,4,4,96,bic,34.640332,0.887903,33.09479,0.979496,4,0.045682,32.221773,72.818468,34.836597,0.929734,0.151946,0.220931,0.934,cuda
safmnpp,ami,034,front,034_front,4,4,96,bic,34.461026,0.88229,32.945688,0.978687,4,0.058162,32.269128,72.591156,35.43169,0.921231,0.14567,0.236973,0.934,cuda
safmnpp,ami,034,left,034_left,4,4,96,bic,34.793331,0.886312,33.308578,0.978226,4,0.054803,32.860583,76.109883,35.659217,0.919178,0.154547,0.254053,0.953,cuda
safmnpp,ami,034,right,034_right,4,4,96,bic,34.781741,0.887327,33.239924,0.979248,4,0.043968,32.535256,77.477345,36.628714,0.937647,0.136575,0.226661,0.95,cuda
safmnpp,ami,034,up,034_up,4,4,96,bic,33.985179,0.878933,32.45734,0.978315,4,0.054927,32.063114,73.973386,36.085009,0.909746,0.129679,0.225871,0.954,cuda
safmnpp,ami,034,zoom,034_zoom,4,4,96,bic,36.224491,0.919285,34.649972,0.985937,4,0.041177,34.117171,72.75723,37.534694,0.936111,0.128168,0.227645,0.94,cuda
safmnpp,ami,035,back,035_back,5,4,96,bic,38.528182,0.9407,36.709372,0.987869,4,0.027639,35.771762,74.426404,36.644898,0.937251,0.084003,0.179112,0.96,cuda
safmnpp,ami,035,down,035_down,5,4,96,bic,38.562146,0.94362,36.832572,0.989306,4,0.023773,35.914792,75.266445,36.374952,0.946956,0.086084,0.222256,0.957,cuda
safmnpp,ami,035,front,035_front,5,4,96,bic,38.847271,0.945917,37.084894,0.989556,4,0.017644,36.18954,80.731126,36.845123,0.945998,0.078952,0.208449,0.943,cuda
safmnpp,ami,035,left,035_left,5,4,96,bic,39.515878,0.948412,37.713105,0.989762,4,0.020257,37.077313,75.453088,36.864055,0.93355,0.086695,0.21618,0.929,cuda
safmnpp,ami,035,right,035_right,5,4,96,bic,38.435632,0.938957,36.675301,0.988331,4,0.025038,35.758931,79.757293,36.706204,0.94039,0.072142,0.19808,0.934,cuda
safmnpp,ami,035,up,035_up,5,4,96,bic,37.956889,0.9378,36.285844,0.987408,4,0.025997,35.373607,78.686512,35.955132,0.935913,0.077928,0.203298,0.975,cuda
safmnpp,ami,035,zoom,035_zoom,5,4,96,bic,39.111306,0.951837,37.244703,0.99146,4,0.018461,36.586526,81.119339,39.116256,0.958514,0.078456,0.213845,0.955,cuda
safmnpp,ami,036,back,036_back,2,4,96,bic,36.76669,0.913343,35.031918,0.983311,4,0.031102,34.238266,81.38153,35.078468,0.91259,0.120415,0.196578,0.95,cuda
safmnpp,ami,036,down,036_down,2,4,96,bic,36.45086,0.906536,34.744109,0.980452,4,0.037775,33.926082,76.925967,35.101079,0.917859,0.169628,0.21922,0.948,cuda
safmnpp,ami,036,front,036_front,2,4,96,bic,36.671243,0.910801,34.960158,0.98211,4,0.034528,34.15748,74.77039,35.805471,0.919273,0.168536,0.247221,0.941,cuda
safmnpp,ami,036,left,036_left,2,4,96,bic,37.731296,0.926476,35.989697,0.985763,4,0.026621,35.706849,74.486645,36.207676,0.916197,0.170551,0.212768,0.966,cuda
safmnpp,ami,036,right,036_right,2,4,96,bic,37.551696,0.929994,35.774245,0.986286,4,0.028462,34.986325,69.088282,35.166161,0.922378,0.141944,0.220433,0.96,cuda
safmnpp,ami,036,up,036_up,2,4,96,bic,35.84047,0.895981,34.172269,0.979924,4,0.04202,33.489759,81.958062,35.817123,0.909271,0.180467,0.211715,0.945,cuda
safmnpp,ami,036,zoom,036_zoom,2,4,96,bic,37.664206,0.929227,35.878985,0.986296,4,0.029861,35.223123,79.549195,36.757114,0.938094,0.137516,0.213097,0.957,cuda
safmnpp,ami,037,back,037_back,2,4,96,bic,37.279612,0.91257,35.472187,0.984591,4,0.023951,35.216407,81.327605,35.093333,0.922765,0.134706,0.181077,0.957,cuda
safmnpp,ami,037,down,037_down,2,4,96,bic,37.848219,0.924711,35.94147,0.985727,4,0.03068,35.602452,81.435444,36.751058,0.945998,0.113001,0.193649,0.95,cuda
safmnpp,ami,037,front,037_front,2,4,96,bic,37.921078,0.926159,36.048122,0.986579,4,0.021243,35.366816,78.252142,35.908661,0.937473,0.11622,0.192707,0.944,cuda
safmnpp,ami,037,left,037_left,2,4,96,bic,38.083203,0.926023,36.291612,0.986756,4,0.020719,36.079949,79.656823,35.976452,0.943763,0.130213,0.222168,0.933,cuda
safmnpp,ami,037,right,037_right,2,4,96,bic,38.370684,0.932963,36.485077,0.988163,4,0.018301,35.842956,72.257371,36.657231,0.933519,0.127138,0.189693,0.963,cuda
safmnpp,ami,037,up,037_up,2,4,96,bic,37.596102,0.921038,35.820761,0.985629,4,0.023181,35.191345,76.476324,35.824241,0.927336,0.128623,0.19859,0.953,cuda
safmnpp,ami,037,zoom,037_zoom,2,4,96,bic,38.603759,0.943457,36.672048,0.989856,4,0.020194,36.197227,77.135384,37.881163,0.956246,0.094385,0.191082,0.945,cuda
safmnpp,ami,038,back,038_back,2,4,96,bic,36.74201,0.912961,35.075639,0.982916,4,0.032169,34.190375,75.617999,34.956019,0.911575,0.11085,0.208886,0.948,cuda
safmnpp,ami,038,down,038_down,2,4,96,bic,35.161392,0.886209,33.663384,0.978635,4,0.045312,32.690773,76.631818,34.443548,0.911294,0.131516,0.224186,0.972,cuda
safmnpp,ami,038,front,038_front,2,4,96,bic,35.531963,0.891087,34.008765,0.97893,4,0.038704,33.115532,69.524936,34.43955,0.923292,0.131112,0.197335,0.958,cuda
safmnpp,ami,038,left,038_left,2,4,96,bic,36.418488,0.90321,34.912107,0.981026,4,0.036256,34.381283,82.195029,34.354272,0.893156,0.128365,0.219813,0.946,cuda
safmnpp,ami,038,right,038_right,2,4,96,bic,36.421341,0.911776,34.742459,0.982834,4,0.028407,33.754735,69.644853,34.355021,0.929313,0.111688,0.224865,0.934,cuda
safmnpp,ami,038,up,038_up,2,4,96,bic,35.374828,0.889774,33.868153,0.979266,4,0.044153,33.065155,70.993318,34.868294,0.909078,0.125617,0.207334,0.937,cuda
safmnpp,ami,038,zoom,038_zoom,2,4,96,bic,36.907304,0.920576,35.316449,0.98553,4,0.033848,34.407401,81.38085,37.251347,0.953504,0.094846,0.214529,0.958,cuda
safmnpp,ami,039,back,039_back,2,4,96,bic,37.27687,0.93241,35.587528,0.986356,4,0.032999,34.653294,66.435964,33.457651,0.902354,0.097886,0.224445,0.953,cuda
safmnpp,ami,039,down,039_down,2,4,96,bic,36.889129,0.929165,35.204705,0.985736,4,0.034918,34.230733,72.194632,33.856079,0.907828,0.098984,0.204934,0.942,cuda
safmnpp,ami,039,front,039_front,2,4,96,bic,37.612336,0.93088,35.865142,0.986692,4,0.027218,34.918499,69.665309,34.798978,0.918698,0.092066,0.21612,0.937,cuda
safmnpp,ami,039,left,039_left,2,4,96,bic,37.822611,0.934942,36.11326,0.987226,4,0.030347,35.612684,77.651733,34.567762,0.880603,0.098044,0.191111,0.931,cuda
safmnpp,ami,039,right,039_right,2,4,96,bic,38.154747,0.941877,36.37827,0.988996,4,0.027304,35.317368,65.564525,34.925681,0.926282,0.083662,0.240005,0.946,cuda
safmnpp,ami,039,up,039_up,2,4,96,bic,37.917961,0.933719,36.122986,0.986959,4,0.028827,35.439203,73.856523,35.115032,0.902773,0.082092,0.211648,0.965,cuda
safmnpp,ami,039,zoom,039_zoom,2,4,96,bic,38.619479,0.946957,36.725774,0.989967,4,0.025624,36.135912,73.388038,36.341576,0.930648,0.078897,0.209385,0.955,cuda
safmnpp,ami,040,back,040_back,4,4,96,bic,36.785245,0.923879,34.991615,0.984552,4,0.036648,34.286531,71.120458,34.092687,0.875496,0.094011,0.173171,0.937,cuda
safmnpp,ami,040,down,040_down,4,4,96,bic,36.584632,0.923302,34.842753,0.984971,4,0.029183,34.368907,69.367296,33.803171,0.892361,0.116269,0.217013,0.941,cuda
safmnpp,ami,040,front,040_front,4,4,96,bic,36.469286,0.91853,34.67242,0.982661,4,0.038476,34.128321,69.378603,33.402603,0.894184,0.113975,0.225396,0.925,cuda
safmnpp,ami,040,left,040_left,4,4,96,bic,37.209476,0.928401,35.424365,0.985203,4,0.030232,35.171279,72.094976,33.62429,0.8755,0.132319,0.217709,0.96,cuda
safmnpp,ami,040,right,040_right,4,4,96,bic,37.143206,0.933265,35.213598,0.987385,4,0.026923,34.783249,70.30985,34.750529,0.916344,0.127026,0.203804,0.965,cuda
safmnpp,ami,040,up,040_up,4,4,96,bic,36.428326,0.924133,34.614694,0.984658,4,0.031801,34.045081,73.007987,34.102765,0.889824,0.121285,0.21363,0.949,cuda
safmnpp,ami,040,zoom,040_zoom,4,4,96,bic,37.443878,0.937331,35.532989,0.98786,4,0.025628,34.956805,81.036531,36.113163,0.929815,0.114116,0.208483,0.961,cuda
safmnpp,ami,041,back,041_back,5,4,96,bic,36.930467,0.923274,35.218249,0.985947,4,0.02852,34.82304,77.035259,36.339439,0.923752,0.105188,0.178392,0.953,cuda
safmnpp,ami,041,down,041_down,5,4,96,bic,37.193918,0.927285,35.437313,0.985819,4,0.036643,35.118492,77.526381,35.417925,0.921692,0.132949,0.208476,0.934,cuda
safmnpp,ami,041,front,041_front,5,4,96,bic,36.945034,0.925713,35.226953,0.985965,4,0.034146,34.969945,79.456164,35.626716,0.903145,0.130976,0.221426,0.959,cuda
safmnpp,ami,041,left,041_left,5,4,96,bic,39.229828,0.939436,37.379989,0.988678,4,0.021427,37.450262,75.791912,37.880017,0.928184,0.128007,0.187437,0.956,cuda
safmnpp,ami,041,right,041_right,5,4,96,bic,37.094367,0.923211,35.329733,0.984696,4,0.030092,34.662836,76.74157,35.762548,0.917489,0.098187,0.192485,0.946,cuda
safmnpp,ami,041,up,041_up,5,4,96,bic,36.670562,0.91873,34.964458,0.984976,4,0.030563,34.770736,78.349036,35.645592,0.904127,0.148796,0.204537,0.928,cuda
safmnpp,ami,041,zoom,041_zoom,5,4,96,bic,38.301731,0.943231,36.443798,0.990009,4,0.017585,36.19796,75.884884,37.6533,0.944642,0.106399,0.220049,0.932,cuda
safmnpp,ami,042,back,042_back,4,4,96,bic,34.690528,0.876662,33.056699,0.976273,4,0.051488,32.124059,75.030214,34.532045,0.907246,0.099272,0.198356,0.952,cuda
safmnpp,ami,042,down,042_down,4,4,96,bic,35.702302,0.897965,34.048922,0.981732,4,0.041385,33.196875,78.679135,34.49257,0.912462,0.125577,0.213516,0.949,cuda
safmnpp,ami,042,front,042_front,4,4,96,bic,34.640959,0.87968,33.061856,0.978586,4,0.041031,32.355491,76.746402,35.551679,0.926369,0.131454,0.216268,0.939,cuda
safmnpp,ami,042,left,042_left,4,4,96,bic,36.559246,0.909886,34.931628,0.983646,4,0.037117,34.260856,79.620498,36.345709,0.934211,0.132548,0.225572,0.936,cuda
safmnpp,ami,042,right,042_right,4,4,96,bic,34.970041,0.881493,33.357724,0.979246,4,0.036991,32.569254,79.289198,35.095442,0.930741,0.123273,0.201836,0.923,cuda
safmnpp,ami,042,up,042_up,4,4,96,bic,34.580815,0.874922,32.973902,0.97768,4,0.042934,32.184394,76.492386,34.979299,0.905607,0.13768,0.211813,0.967,cuda
safmnpp,ami,042,zoom,042_zoom,4,4,96,bic,35.629176,0.908122,33.959852,0.983984,4,0.040814,33.288709,83.979654,36.81406,0.934455,0.111751,0.221086,0.947,cuda
safmnpp,ami,043,back,043_back,4,4,96,bic,36.727088,0.930201,35.026966,0.987784,4,0.028343,34.411826,77.595328,35.61913,0.936997,0.095587,0.191995,0.948,cuda
safmnpp,ami,043,down,043_down,4,4,96,bic,35.321497,0.896346,33.725226,0.981039,4,0.04049,33.237343,75.814903,34.221595,0.918972,0.161381,0.189929,0.951,cuda
safmnpp,ami,043,front,043_front,4,4,96,bic,36.272646,0.91228,34.621466,0.984404,4,0.030037,34.155366,74.014632,35.708463,0.938481,0.155143,0.205122,0.93,cuda
safmnpp,ami,043,left,043_left,4,4,96,bic,36.563029,0.915471,34.920622,0.984387,4,0.02879,34.402795,79.584925,34.439135,0.905639,0.157107,0.1961,0.931,cuda
safmnpp,ami,043,right,043_right,4,4,96,bic,37.445813,0.935401,35.721958,0.989339,4,0.021687,35.040884,85.741186,36.985974,0.949033,0.078414,0.220889,0.928,cuda
safmnpp,ami,043,up,043_up,4,4,96,bic,35.936593,0.902309,34.28753,0.982213,4,0.031152,33.87358,74.924293,35.67197,0.920466,0.169942,0.224447,0.932,cuda
safmnpp,ami,043,zoom,043_zoom,4,4,96,bic,36.932299,0.925254,35.246575,0.986546,4,0.032792,34.711454,86.250625,37.500678,0.949401,0.143708,0.196973,0.956,cuda
safmnpp,ami,044,back,044_back,5,4,96,bic,37.275528,0.929617,35.538334,0.986827,4,0.024755,34.480574,73.743481,33.606812,0.912554,0.116778,0.218346,0.931,cuda
safmnpp,ami,044,down,044_down,5,4,96,bic,37.190756,0.931275,35.412665,0.986754,4,0.029116,34.677002,73.752604,33.956525,0.913178,0.112412,0.229517,0.937,cuda
safmnpp,ami,044,front,044_front,5,4,96,bic,37.395123,0.93781,35.656785,0.988513,4,0.025335,34.86125,72.216786,34.40021,0.931994,0.099513,0.205803,0.951,cuda
safmnpp,ami,044,left,044_left,5,4,96,bic,37.080452,0.931349,35.360177,0.986646,4,0.029244,34.604009,72.357499,33.680037,0.901512,0.129215,0.239792,0.951,cuda
safmnpp,ami,044,right,044_right,5,4,96,bic,37.822139,0.935881,36.065038,0.987612,4,0.022491,35.325066,75.553019,34.760656,0.928099,0.103167,0.228932,0.948,cuda
safmnpp,ami,044,up,044_up,5,4,96,bic,37.355739,0.934664,35.609566,0.98729,4,0.020829,34.966555,80.560347,34.223628,0.917943,0.097266,0.220039,0.952,cuda
safmnpp,ami,044,zoom,044_zoom,5,4,96,bic,37.848912,0.94199,36.095343,0.989944,4,0.020417,35.13302,78.324429,37.067387,0.951545,0.087393,0.216947,0.949,cuda
safmnpp,ami,045,back,045_back,2,4,96,bic,36.221728,0.912464,34.578107,0.983043,4,0.039295,33.868344,75.412473,36.242276,0.906804,0.120363,0.216778,0.965,cuda
safmnpp,ami,045,down,045_down,2,4,96,bic,37.133968,0.92556,35.53065,0.98678,4,0.031172,34.847941,76.945461,36.7742,0.938324,0.134687,0.222272,0.939,cuda
safmnpp,ami,045,front,045_front,2,4,96,bic,37.101532,0.925012,35.446274,0.985756,4,0.031716,34.828856,68.634703,36.494298,0.924503,0.11933,0.219169,0.931,cuda
safmnpp,ami,045,left,045_left,2,4,96,bic,38.812462,0.937998,37.107398,0.989221,4,0.023479,36.565303,73.845276,38.174788,0.937918,0.140601,0.19814,0.937,cuda
safmnpp,ami,045,right,045_right,2,4,96,bic,37.627834,0.93829,35.869003,0.988756,4,0.026416,35.168855,81.477385,37.52223,0.93776,0.103445,0.207842,0.967,cuda
safmnpp,ami,045,up,045_up,2,4,96,bic,37.033417,0.927222,35.420315,0.985896,4,0.034825,34.790092,69.917465,36.687598,0.919084,0.114776,0.219859,0.929,cuda
safmnpp,ami,045,zoom,045_zoom,2,4,96,bic,39.202448,0.952288,37.394729,0.991427,4,0.025424,36.879322,74.224492,39.373735,0.953839,0.090107,0.194613,0.958,cuda
safmnpp,ami,046,back,046_back,5,4,96,bic,36.638202,0.931768,34.900888,0.98682,4,0.028482,34.020456,66.394803,35.681212,0.910212,0.101666,0.199768,0.951,cuda
safmnpp,ami,046,down,046_down,5,4,96,bic,38.104022,0.943132,36.316322,0.989129,4,0.021193,35.543884,74.084766,35.076968,0.933748,0.098662,0.212545,0.941,cuda
safmnpp,ami,046,front,046_front,5,4,96,bic,38.043707,0.94074,36.270584,0.988684,4,0.025084,35.801707,74.950962,35.356838,0.919209,0.099158,0.208784,0.937,cuda
safmnpp,ami,046,left,046_left,5,4,96,bic,39.287482,0.947792,37.458461,0.989298,4,0.022054,36.989295,79.351072,36.231335,0.907382,0.109392,0.208761,0.947,cuda
safmnpp,ami,046,right,046_right,5,4,96,bic,38.022376,0.94469,36.268248,0.989267,4,0.02183,35.200536,76.539012,36.188282,0.933592,0.082403,0.204918,0.941,cuda
safmnpp,ami,046,up,046_up,5,4,96,bic,36.936821,0.931623,35.165357,0.987796,4,0.024562,34.401506,75.978774,35.448877,0.912377,0.103951,0.194593,0.937,cuda
safmnpp,ami,046,zoom,046_zoom,5,4,96,bic,38.618738,0.948331,36.783243,0.990504,4,0.018321,36.172889,80.440052,37.515512,0.942434,0.086862,0.19912,0.956,cuda
safmnpp,ami,047,back,047_back,3,4,96,bic,37.116112,0.927755,35.458906,0.986195,4,0.03338,34.836708,83.604066,36.059933,0.928307,0.082786,0.183186,0.941,cuda
safmnpp,ami,047,down,047_down,3,4,96,bic,36.926791,0.91993,35.333194,0.985316,4,0.031022,34.492097,69.844398,35.762828,0.936729,0.101979,0.194196,0.934,cuda
safmnpp,ami,047,front,047_front,3,4,96,bic,37.319167,0.921705,35.683323,0.984942,4,0.02169,35.054316,75.366969,35.980264,0.935484,0.096524,0.21216,0.959,cuda
safmnpp,ami,047,left,047_left,3,4,96,bic,36.35478,0.90616,34.78869,0.981516,4,0.036296,34.09463,71.257694,36.699489,0.942089,0.111071,0.204348,0.957,cuda
safmnpp,ami,047,right,047_right,3,4,96,bic,37.950265,0.937088,36.244734,0.988019,4,0.024648,35.519862,75.63179,36.711197,0.952663,0.104101,0.199951,0.945,cuda
safmnpp,ami,047,up,047_up,3,4,96,bic,36.799556,0.906724,35.199067,0.980798,4,0.031845,34.395737,77.022001,35.43069,0.901312,0.126115,0.211044,0.947,cuda
safmnpp,ami,047,zoom,047_zoom,3,4,96,bic,38.812157,0.944896,37.025682,0.989886,4,0.023939,36.383488,77.550462,39.228997,0.958954,0.083958,0.177463,0.932,cuda
safmnpp,ami,048,back,048_back,1,4,96,bic,36.412438,0.920654,34.727476,0.984184,4,0.028771,33.751866,82.586614,35.229796,0.892109,0.104831,0.187591,0.969,cuda
safmnpp,ami,048,down,048_down,1,4,96,bic,37.014908,0.931444,35.348723,0.986357,4,0.03661,34.460748,74.759727,33.668624,0.901496,0.121109,0.21453,0.961,cuda
safmnpp,ami,048,front,048_front,1,4,96,bic,37.221995,0.932662,35.593235,0.986218,4,0.034658,34.600279,69.06996,34.097212,0.906937,0.10612,0.213613,0.939,cuda
safmnpp,ami,048,left,048_left,1,4,96,bic,38.721812,0.941248,36.990569,0.988133,4,0.020913,36.427595,75.077182,35.352061,0.915162,0.119105,0.227777,0.969,cuda
safmnpp,ami,048,right,048_right,1,4,96,bic,36.815794,0.928526,35.158421,0.984659,4,0.036315,34.195028,75.596805,34.187894,0.91781,0.084164,0.199659,0.963,cuda
safmnpp,ami,048,up,048_up,1,4,96,bic,37.069269,0.93307,35.422815,0.986258,4,0.027549,34.581437,74.248851,34.856121,0.897629,0.093643,0.193455,0.952,cuda
safmnpp,ami,048,zoom,048_zoom,1,4,96,bic,39.135179,0.950765,37.345518,0.990893,4,0.019069,36.350805,83.19534,37.559236,0.942814,0.092696,0.201414,0.946,cuda
safmnpp,ami,051,back,051_back,4,4,96,bic,36.294616,0.92539,34.577778,0.986037,4,0.030896,33.919921,73.961099,35.287861,0.916636,0.128105,0.21826,0.941,cuda
safmnpp,ami,051,down,051_down,4,4,96,bic,36.403747,0.926081,34.678092,0.986094,4,0.028673,33.982434,67.743954,34.947759,0.925997,0.135758,0.197275,0.956,cuda
safmnpp,ami,051,front,051_front,4,4,96,bic,36.307434,0.924231,34.624228,0.986139,4,0.031096,33.92848,70.524904,34.875721,0.902966,0.151953,0.21771,0.962,cuda
safmnpp,ami,051,left,051_left,4,4,96,bic,37.568024,0.933975,35.834267,0.987272,4,0.034236,35.362982,69.818611,35.543165,0.915614,0.139443,0.206691,0.933,cuda
safmnpp,ami,051,right,051_right,4,4,96,bic,36.945044,0.92656,35.254104,0.986219,4,0.026522,34.11348,74.754265,34.49074,0.908007,0.111506,0.21978,0.94,cuda
safmnpp,ami,051,up,051_up,4,4,96,bic,35.96232,0.918662,34.298572,0.984373,4,0.034627,33.572799,69.839223,34.865874,0.903857,0.142095,0.213788,0.962,cuda
safmnpp,ami,051,zoom,051_zoom,4,4,96,bic,38.451446,0.949338,36.621539,0.990486,4,0.024884,36.168243,70.183528,37.233483,0.931223,0.109588,0.208365,0.978,cuda
safmnpp,ami,052,back,052_back,1,4,96,bic,36.350381,0.920395,34.675725,0.985014,4,0.036854,33.926206,71.409825,35.164433,0.918853,0.077839,0.202213,0.931,cuda
safmnpp,ami,052,down,052_down,1,4,96,bic,36.545676,0.925446,34.896345,0.987801,4,0.026908,34.116992,79.444398,34.698951,0.913112,0.098202,0.214843,0.948,cuda
safmnpp,ami,052,front,052_front,1,4,96,bic,37.126694,0.929478,35.390686,0.988355,4,0.025892,34.745616,73.791047,34.704373,0.913975,0.092339,0.238914,0.944,cuda
safmnpp,ami,052,left,052_left,1,4,96,bic,37.599573,0.938312,35.935341,0.989454,4,0.022364,35.300095,84.079489,34.325723,0.901165,0.094107,0.205994,0.946,cuda
safmnpp,ami,052,right,052_right,1,4,96,bic,37.006292,0.929687,35.302663,0.985911,4,0.046727,34.384021,71.552382,35.272025,0.918357,0.073938,0.22432,0.947,cuda
safmnpp,ami,052,up,052_up,1,4,96,bic,37.531784,0.933932,35.80814,0.988813,4,0.024961,35.244291,76.752048,35.430495,0.928357,0.099553,0.233954,0.953,cuda
safmnpp,ami,052,zoom,052_zoom,1,4,96,bic,38.119023,0.941481,36.307343,0.989862,4,0.021926,35.393716,75.71793,36.785262,0.933929,0.073322,0.200166,0.95,cuda
safmnpp,ami,053,back,053_back,3,4,96,bic,37.09528,0.921122,35.290564,0.984832,4,0.032319,34.574256,73.444969,35.359547,0.912385,0.107009,0.212101,0.949,cuda
safmnpp,ami,053,down,053_down,3,4,96,bic,36.062217,0.918314,34.339801,0.984617,4,0.037481,33.880156,73.259855,33.874507,0.897051,0.123058,0.229509,0.939,cuda
safmnpp,ami,053,front,053_front,3,4,96,bic,36.631874,0.918595,34.851545,0.984097,4,0.033746,34.313548,83.635395,34.476016,0.91351,0.103784,0.222661,0.938,cuda
safmnpp,ami,053,left,053_left,3,4,96,bic,36.916098,0.925726,35.195738,0.985775,4,0.033058,34.762579,69.334563,34.620278,0.877802,0.106873,0.210315,0.933,cuda
safmnpp,ami,053,right,053_right,3,4,96,bic,36.936944,0.924181,35.149847,0.985545,4,0.032644,34.271181,68.132178,34.677137,0.906158,0.087295,0.241611,0.933,cuda
safmnpp,ami,053,up,053_up,3,4,96,bic,35.761962,0.902393,34.090437,0.980037,4,0.032775,33.275302,71.216228,33.270632,0.870074,0.11376,0.209374,0.965,cuda
safmnpp,ami,053,zoom,053_zoom,3,4,96,bic,37.528262,0.932735,35.691824,0.987495,4,0.029679,35.110232,73.862263,36.934946,0.940218,0.099881,0.222702,0.957,cuda
safmnpp,ami,054,back,054_back,3,4,96,bic,36.859375,0.92808,35.0302,0.986184,4,0.027722,34.321874,72.014725,34.717868,0.887242,0.094106,0.211734,0.938,cuda
safmnpp,ami,054,down,054_down,3,4,96,bic,36.70673,0.928581,34.973133,0.985909,4,0.031085,34.192618,70.156109,34.542489,0.911621,0.107981,0.183663,0.962,cuda
safmnpp,ami,054,front,054_front,3,4,96,bic,36.762004,0.928002,35.09188,0.985946,4,0.032364,34.282794,74.714182,34.561516,0.899451,0.112891,0.18521,0.95,cuda
safmnpp,ami,054,left,054_left,3,4,96,bic,37.43296,0.930182,35.825324,0.986774,4,0.030878,35.120287,70.761598,35.010907,0.908357,0.11501,0.197722,0.933,cuda
safmnpp,ami,054,right,054_right,3,4,96,bic,36.61531,0.923601,34.967429,0.98537,4,0.030654,33.967235,71.18378,34.010125,0.8972,0.101965,0.194291,0.959,cuda
safmnpp,ami,054,up,054_up,3,4,96,bic,35.41768,0.913915,33.521028,0.982996,4,0.034105,33.500063,74.123569,34.435224,0.898603,0.127004,0.185979,0.938,cuda
safmnpp,ami,054,zoom,054_zoom,3,4,96,bic,37.081316,0.932449,35.27363,0.986384,4,0.034187,34.224075,71.249198,35.666862,0.921621,0.09532,0.193436,0.931,cuda
safmnpp,ami,055,back,055_back,2,4,96,bic,38.077737,0.936554,36.28046,0.987265,4,0.027447,35.341618,82.066882,34.757802,0.884081,0.092443,0.161918,0.964,cuda
safmnpp,ami,055,down,055_down,2,4,96,bic,37.014726,0.929374,35.385259,0.986585,4,0.029115,34.368247,74.084766,33.300141,0.904234,0.082297,0.229155,0.96,cuda
safmnpp,ami,055,front,055_front,2,4,96,bic,37.857149,0.941087,36.137792,0.988134,4,0.02422,35.160647,73.853975,34.949318,0.905447,0.084066,0.207645,0.93,cuda
safmnpp,ami,055,left,055_left,2,4,96,bic,37.703649,0.933274,35.993922,0.986283,4,0.028099,35.242369,79.34205,34.737364,0.896702,0.092003,0.214102,0.932,cuda
safmnpp,ami,055,right,055_right,2,4,96,bic,37.639326,0.937814,35.853395,0.98611,4,0.030845,35.154391,72.949687,34.060702,0.890052,0.073884,0.210747,0.926,cuda
safmnpp,ami,055,up,055_up,2,4,96,bic,37.494505,0.936502,35.812645,0.988084,4,0.022039,34.756804,79.996712,34.957575,0.904691,0.096474,0.214633,0.968,cuda
safmnpp,ami,055,zoom,055_zoom,2,4,96,bic,38.48158,0.947528,36.699498,0.989635,4,0.024022,35.591662,75.480797,36.253202,0.925692,0.071195,0.187985,0.947,cuda
safmnpp,ami,056,back,056_back,4,4,96,bic,35.845567,0.921312,34.23812,0.983532,4,0.034978,33.234205,75.763606,32.875501,0.891041,0.084445,0.214623,0.933,cuda
safmnpp,ami,056,down,056_down,4,4,96,bic,35.828727,0.917748,34.320821,0.981935,4,0.041516,33.265843,73.636223,32.262719,0.884381,0.084449,0.190245,0.932,cuda
safmnpp,ami,056,front,056_front,4,4,96,bic,35.732251,0.917518,34.174025,0.983722,4,0.040663,33.114622,76.814682,32.857199,0.910694,0.096944,0.220327,0.942,cuda
safmnpp,ami,056,left,056_left,4,4,96,bic,37.719308,0.940925,36.113688,0.987829,4,0.034286,35.294443,72.613691,33.997861,0.881137,0.090322,0.19731,0.956,cuda
safmnpp,ami,056,right,056_right,4,4,96,bic,36.726681,0.938215,35.077948,0.986569,4,0.027565,33.690999,70.176367,33.035403,0.870747,0.067976,0.204279,0.964,cuda
safmnpp,ami,056,up,056_up,4,4,96,bic,34.771109,0.908219,33.255476,0.98085,4,0.047709,31.905383,75.959128,32.920292,0.885454,0.120608,0.207184,0.95,cuda
safmnpp,ami,056,zoom,056_zoom,4,4,96,bic,37.283621,0.937224,35.598834,0.988372,4,0.028024,34.383238,71.840605,36.572061,0.935622,0.075528,0.205935,0.946,cuda
safmnpp,ami,057,back,057_back,5,4,96,bic,36.390436,0.928062,34.67565,0.986246,4,0.036301,33.713045,72.98792,37.230476,0.926759,0.090388,0.211876,0.932,cuda
safmnpp,ami,057,down,057_down,5,4,96,bic,37.357276,0.933345,35.600972,0.987736,4,0.038419,34.675075,73.948802,37.196393,0.950901,0.105869,0.20476,0.963,cuda
safmnpp,ami,057,front,057_front,5,4,96,bic,36.095597,0.920617,34.456205,0.984238,4,0.044247,33.614119,74.577624,35.624225,0.92777,0.116792,0.224363,0.955,cuda
safmnpp,ami,057,left,057_left,5,4,96,bic,37.535745,0.936235,35.836343,0.988399,4,0.030582,35.083984,71.872586,35.430447,0.920254,0.116726,0.238015,0.943,cuda
safmnpp,ami,057,right,057_right,5,4,96,bic,37.235501,0.935071,35.488873,0.987815,4,0.031231,34.765994,77.499207,36.990408,0.94951,0.109414,0.192113,0.94,cuda
safmnpp,ami,057,up,057_up,5,4,96,bic,35.031645,0.914953,33.436131,0.983696,4,0.04129,32.567821,70.9877,34.914015,0.910881,0.111788,0.196958,0.932,cuda
safmnpp,ami,057,zoom,057_zoom,5,4,96,bic,38.338978,0.95184,36.597013,0.991852,4,0.02182,35.414324,79.444605,39.327712,0.964151,0.076362,0.203553,0.956,cuda
safmnpp,ami,058,back,058_back,5,4,96,bic,37.417226,0.938417,35.792119,0.988261,4,0.025532,35.064003,77.917206,33.897061,0.896837,0.064623,0.190557,0.946,cuda
safmnpp,ami,058,down,058_down,5,4,96,bic,36.698549,0.932074,35.111889,0.986628,4,0.039764,34.461465,72.38801,34.465839,0.895833,0.11129,0.21731,0.929,cuda
safmnpp,ami,058,front,058_front,5,4,96,bic,36.664582,0.930624,35.045508,0.986485,4,0.03116,34.483979,72.241082,34.107715,0.883838,0.094733,0.218747,0.937,cuda
safmnpp,ami,058,left,058_left,5,4,96,bic,38.062074,0.948397,36.474944,0.990238,4,0.023104,35.984922,71.785699,35.170887,0.911034,0.105854,0.215116,0.927,cuda
safmnpp,ami,058,right,058_right,5,4,96,bic,37.326568,0.929987,35.688564,0.986525,4,0.031545,34.806603,67.44704,34.1553,0.908124,0.087069,0.206936,0.944,cuda
safmnpp,ami,058,up,058_up,5,4,96,bic,36.323099,0.922872,34.745199,0.984423,4,0.036903,34.114588,75.28104,33.621799,0.861274,0.100247,0.228213,0.929,cuda
safmnpp,ami,058,zoom,058_zoom,5,4,96,bic,37.837108,0.947814,36.126679,0.98994,4,0.028817,35.648939,70.724073,36.551439,0.936438,0.075141,0.191682,0.955,cuda
safmnpp,ami,059,back,059_back,3,4,96,bic,39.072782,0.946582,37.304917,0.989546,4,0.021149,36.603956,76.864921,36.686906,0.930694,0.085866,0.198547,0.947,cuda
safmnpp,ami,059,down,059_down,3,4,96,bic,39.001721,0.951257,37.314034,0.990647,4,0.018099,36.360505,78.901163,36.298625,0.940564,0.081997,0.226693,0.939,cuda
safmnpp,ami,059,front,059_front,3,4,96,bic,37.777908,0.938725,36.147525,0.987519,4,0.02875,35.137691,82.804612,35.13082,0.911433,0.094976,0.20877,0.937,cuda
safmnpp,ami,059,left,059_left,3,4,96,bic,38.816487,0.950615,37.129661,0.990501,4,0.021986,36.290816,75.894922,36.290595,0.928208,0.062641,0.213666,0.937,cuda
safmnpp,ami,059,right,059_right,3,4,96,bic,38.479017,0.949199,36.813371,0.990198,4,0.019706,35.697349,71.119904,36.398471,0.929045,0.073956,0.188257,0.919,cuda
safmnpp,ami,059,up,059_up,3,4,96,bic,37.695152,0.935153,36.003117,0.986914,4,0.027383,35.331318,77.411868,35.321557,0.90116,0.099605,0.214672,0.959,cuda
safmnpp,ami,059,zoom,059_zoom,3,4,96,bic,39.729742,0.957349,37.835097,0.99212,4,0.020223,36.995544,73.852438,38.434778,0.956894,0.070034,0.197532,0.937,cuda
safmnpp,ami,061,back,061_back,2,4,96,bic,38.368606,0.937667,36.778694,0.988119,4,0.022755,35.778005,82.825112,35.919606,0.911251,0.083939,0.191992,0.943,cuda
safmnpp,ami,061,down,061_down,2,4,96,bic,38.013075,0.935471,36.440192,0.988413,4,0.02353,35.293428,77.135384,35.821484,0.943266,0.093948,0.20011,0.957,cuda
safmnpp,ami,061,front,061_front,2,4,96,bic,37.9284,0.932858,36.310866,0.987038,4,0.026127,35.284839,79.656823,35.550186,0.926683,0.093207,0.219403,0.934,cuda
safmnpp,ami,061,left,061_left,2,4,96,bic,37.921872,0.93143,36.365001,0.985813,4,0.029704,35.62402,78.324926,34.891116,0.890719,0.10229,0.210867,0.963,cuda
safmnpp,ami,061,right,061_right,2,4,96,bic,38.678259,0.944345,36.969272,0.988893,4,0.021517,35.59765,75.085904,35.731436,0.927789,0.082304,0.194617,0.959,cuda
safmnpp,ami,061,up,061_up,2,4,96,bic,38.269911,0.937322,36.575562,0.988554,4,0.022311,35.540312,78.932107,35.435139,0.913063,0.112497,0.22718,0.957,cuda
safmnpp,ami,061,zoom,061_zoom,2,4,96,bic,38.896696,0.948792,37.174275,0.99035,4,0.023957,36.107097,77.205767,37.380351,0.940601,0.077749,0.206591,0.974,cuda
safmnpp,ami,062,back,062_back,3,4,96,bic,36.907912,0.933718,35.237337,0.988807,4,0.030354,34.707294,77.337966,38.209444,0.952356,0.103147,0.171984,0.942,cuda
safmnpp,ami,062,down,062_down,3,4,96,bic,37.113021,0.930053,35.372683,0.988685,4,0.024858,35.122204,75.990274,36.27111,0.913224,0.157071,0.213428,0.936,cuda
safmnpp,ami,062,front,062_front,3,4,96,bic,36.674557,0.923689,34.928823,0.987377,4,0.028158,34.81686,75.453171,36.793875,0.919184,0.131385,0.22233,0.936,cuda
safmnpp,ami,062,left,062_left,3,4,96,bic,38.085989,0.934579,36.266482,0.98875,4,0.025186,36.202172,77.640663,37.481037,0.912011,0.144458,0.198067,0.958,cuda
safmnpp,ami,062,right,062_right,3,4,96,bic,37.099934,0.923303,35.303239,0.985923,4,0.02467,34.862097,78.993898,37.018415,0.934056,0.138373,0.221806,0.941,cuda
safmnpp,ami,062,up,062_up,3,4,96,bic,34.209099,0.913267,32.615914,0.985013,4,0.037154,32.010307,70.880802,35.831938,0.908593,0.137603,0.219175,0.942,cuda
safmnpp,ami,062,zoom,062_zoom,3,4,96,bic,38.002103,0.944105,36.13014,0.990937,4,0.031003,36.201257,74.167001,38.717092,0.950052,0.1227,0.205108,0.969,cuda
safmnpp,ami,063,back,063_back,4,4,96,bic,38.773495,0.942787,36.968622,0.989361,4,0.023109,36.191358,72.239408,36.314926,0.931979,0.083002,0.152712,0.957,cuda
safmnpp,ami,063,down,063_down,4,4,96,bic,36.995996,0.930172,35.313936,0.986761,4,0.029026,34.608935,80.604924,34.84089,0.927914,0.116399,0.237698,0.932,cuda
safmnpp,ami,063,front,063_front,4,4,96,bic,37.807805,0.934895,36.132508,0.988149,4,0.02349,35.048417,76.952339,35.7679,0.939565,0.106947,0.241652,0.931,cuda
safmnpp,ami,063,left,063_left,4,4,96,bic,38.367502,0.939089,36.671562,0.988119,4,0.025372,35.934395,83.694383,35.629267,0.920416,0.094876,0.207763,0.96,cuda
safmnpp,ami,063,right,063_right,4,4,96,bic,37.584383,0.929838,35.890379,0.987382,4,0.026311,34.997847,74.899907,36.207024,0.94136,0.1159,0.250062,0.956,cuda
safmnpp,ami,063,up,063_up,4,4,96,bic,37.272861,0.921625,35.60582,0.985573,4,0.027763,34.690988,76.073036,35.773568,0.919487,0.136566,0.241137,0.951,cuda
safmnpp,ami,063,zoom,063_zoom,4,4,96,bic,39.157677,0.953599,37.416545,0.991518,4,0.017891,36.234224,78.284374,38.64617,0.952353,0.076399,0.208612,0.934,cuda
safmnpp,ami,064,back,064_back,5,4,96,bic,36.34906,0.910896,34.711633,0.982478,4,0.0377,33.931856,80.742643,34.26065,0.890474,0.110291,0.235169,0.923,cuda
safmnpp,ami,064,down,064_down,5,4,96,bic,36.152619,0.907565,34.504901,0.9829,4,0.031126,33.487595,80.742643,33.93026,0.910443,0.132201,0.201933,0.955,cuda
safmnpp,ami,064,front,064_front,5,4,96,bic,36.685548,0.912824,35.037412,0.983001,4,0.045673,34.43798,72.773262,35.321879,0.917727,0.11463,0.219318,0.948,cuda
safmnpp,ami,064,left,064_left,5,4,96,bic,36.711843,0.911062,35.056518,0.982845,4,0.036063,34.33276,77.663227,34.603495,0.893696,0.127106,0.216476,0.942,cuda
safmnpp,ami,064,right,064_right,5,4,96,bic,37.013218,0.919946,35.352172,0.984706,4,0.032502,34.715685,80.075826,34.145968,0.890378,0.108069,0.211953,0.952,cuda
safmnpp,ami,064,up,064_up,5,4,96,bic,36.121825,0.907236,34.452711,0.980597,4,0.041178,33.700833,79.908502,33.219493,0.895189,0.123614,0.209821,0.948,cuda
safmnpp,ami,064,zoom,064_zoom,5,4,96,bic,37.419642,0.925312,35.640906,0.985396,4,0.040877,35.025632,80.396869,36.382619,0.932118,0.106946,0.177683,0.945,cuda
safmnpp,ami,065,back,065_back,3,4,96,bic,36.168976,0.918831,34.465104,0.984811,4,0.03208,33.444264,73.3791,35.418578,0.930852,0.110203,0.203288,0.931,cuda
safmnpp,ami,065,down,065_down,3,4,96,bic,37.702848,0.939022,35.958785,0.988975,4,0.028578,35.071494,81.38153,35.927485,0.938029,0.11376,0.218425,0.963,cuda
safmnpp,ami,065,front,065_front,3,4,96,bic,37.131929,0.933624,35.463208,0.988052,4,0.035348,34.583448,71.470223,37.823525,0.94755,0.122208,0.19193,0.956,cuda
safmnpp,ami,065,left,065_left,3,4,96,bic,39.097393,0.945298,37.334987,0.989757,4,0.025585,36.797198,76.556947,36.678383,0.913305,0.127801,0.206631,0.954,cuda
safmnpp,ami,065,right,065_right,3,4,96,bic,36.77788,0.928221,35.066706,0.986408,4,0.037184,33.759939,80.224154,35.402753,0.947151,0.116008,0.215261,0.949,cuda
safmnpp,ami,065,up,065_up,3,4,96,bic,37.027114,0.928977,35.362201,0.987363,4,0.034911,34.503829,72.43737,37.151502,0.930807,0.137655,0.206122,0.952,cuda
safmnpp,ami,065,zoom,065_zoom,3,4,96,bic,39.308406,0.951279,37.436368,0.990846,4,0.021817,36.59891,68.598854,39.366966,0.950288,0.104498,0.194501,0.932,cuda
safmnpp,ami,066,back,066_back,4,4,96,bic,37.266046,0.930957,35.571051,0.986456,4,0.035146,34.681196,76.808349,36.311628,0.927879,0.086841,0.205062,0.927,cuda
safmnpp,ami,066,down,066_down,4,4,96,bic,37.492586,0.928759,35.740463,0.985036,4,0.030356,34.824901,79.024929,36.115646,0.938492,0.093921,0.221039,0.971,cuda
safmnpp,ami,066,front,066_front,4,4,96,bic,37.42959,0.927435,35.70912,0.984529,4,0.041992,34.889915,79.394088,35.916676,0.930102,0.099588,0.212516,0.949,cuda
safmnpp,ami,066,left,066_left,4,4,96,bic,38.249911,0.937713,36.477499,0.987282,4,0.02907,35.833053,76.864921,34.976443,0.908139,0.117034,0.20951,0.935,cuda
safmnpp,ami,066,right,066_right,4,4,96,bic,37.409944,0.931714,35.642261,0.986003,4,0.039697,34.451303,75.795983,36.449121,0.9313,0.072537,0.212286,0.933,cuda
safmnpp,ami,066,up,066_up,4,4,96,bic,37.24509,0.925592,35.514852,0.985564,4,0.027711,34.484748,75.723197,35.488115,0.933179,0.102405,0.196734,0.954,cuda
safmnpp,ami,066,zoom,066_zoom,4,4,96,bic,38.158506,0.940112,36.291764,0.987039,4,0.034186,35.272816,75.29421,38.978126,0.951482,0.097667,0.209647,0.95,cuda
safmnpp,ami,067,back,067_back,2,4,96,bic,36.996501,0.914663,35.084953,0.984146,4,0.027386,34.360609,74.886737,34.895722,0.910379,0.113841,0.18751,0.934,cuda
safmnpp,ami,067,down,067_down,2,4,96,bic,36.595485,0.910591,34.689436,0.982866,4,0.03483,34.408683,73.646211,35.156946,0.898316,0.145145,0.205861,0.963,cuda
safmnpp,ami,067,front,067_front,2,4,96,bic,36.628872,0.908687,34.700045,0.981857,4,0.031685,34.283553,75.010717,34.444038,0.895711,0.139695,0.202499,0.954,cuda
safmnpp,ami,067,left,067_left,2,4,96,bic,36.838799,0.911647,34.972512,0.982961,4,0.032988,34.835478,70.763516,34.810299,0.904625,0.166796,0.213717,0.94,cuda
safmnpp,ami,067,right,067_right,2,4,96,bic,36.654636,0.918816,34.858696,0.985583,4,0.039328,33.789319,67.885922,35.177737,0.921459,0.134702,0.208831,0.977,cuda
safmnpp,ami,067,up,067_up,2,4,96,bic,36.758226,0.906423,34.840994,0.981349,4,0.036738,34.470045,73.858128,35.206333,0.908666,0.131136,0.208696,0.956,cuda
safmnpp,ami,067,zoom,067_zoom,2,4,96,bic,37.58838,0.925589,35.534607,0.985675,4,0.025668,35.230951,74.723702,36.09947,0.922924,0.126212,0.19864,0.944,cuda
safmnpp,ami,068,back,068_back,2,4,96,bic,35.522103,0.894354,33.855755,0.979606,4,0.04115,33.177114,75.097636,33.964437,0.908066,0.11222,0.196048,0.934,cuda
safmnpp,ami,068,down,068_down,2,4,96,bic,36.104243,0.922511,34.44099,0.985458,4,0.035884,33.861443,72.606811,33.769285,0.912549,0.116614,0.212215,0.961,cuda
safmnpp,ami,068,front,068_front,2,4,96,bic,36.20164,0.918908,34.544446,0.984578,4,0.038765,33.649844,75.448901,35.225085,0.933348,0.124234,0.213406,0.944,cuda
safmnpp,ami,068,left,068_left,2,4,96,bic,37.293929,0.931068,35.558552,0.987573,4,0.030509,35.153935,70.051703,35.985076,0.923945,0.12039,0.240347,0.964,cuda
safmnpp,ami,068,right,068_right,2,4,96,bic,36.681254,0.929778,34.932932,0.987288,4,0.033114,34.100291,82.97814,35.304929,0.934161,0.098156,0.208087,0.961,cuda
safmnpp,ami,068,up,068_up,2,4,96,bic,36.092562,0.917772,34.416834,0.985289,4,0.04104,33.660399,72.97702,34.62478,0.923699,0.127639,0.215069,0.934,cuda
safmnpp,ami,068,zoom,068_zoom,2,4,96,bic,37.97251,0.943813,36.168472,0.989649,4,0.028684,35.458518,76.36044,38.15752,0.954984,0.104211,0.192562,0.936,cuda
safmnpp,ami,069,back,069_back,4,4,96,bic,36.703672,0.919877,34.934052,0.985377,4,0.026473,34.036169,77.194895,35.174125,0.918422,0.112548,0.223926,0.959,cuda
safmnpp,ami,069,down,069_down,4,4,96,bic,35.526233,0.915004,33.897942,0.984372,4,0.031493,32.686077,69.364666,33.736011,0.901624,0.126799,0.20215,0.948,cuda
safmnpp,ami,069,front,069_front,4,4,96,bic,36.406002,0.92281,34.746508,0.986822,4,0.021544,33.669654,71.99035,34.543452,0.91153,0.101243,0.214395,0.927,cuda
safmnpp,ami,069,left,069_left,4,4,96,bic,36.547271,0.929687,34.884303,0.98668,4,0.032467,33.984712,77.707712,34.633218,0.907939,0.115376,0.189246,0.965,cuda
safmnpp,ami,069,right,069_right,4,4,96,bic,37.028162,0.935914,35.273444,0.98829,4,0.024911,34.284547,72.372333,33.813545,0.899346,0.093799,0.200912,0.942,cuda
safmnpp,ami,069,up,069_up,4,4,96,bic,35.923091,0.918247,34.279756,0.985484,4,0.033545,33.120983,75.24706,33.465651,0.903028,0.133079,0.218736,0.936,cuda
safmnpp,ami,069,zoom,069_zoom,4,4,96,bic,37.08608,0.932392,35.320115,0.989006,4,0.02451,34.116671,74.311002,37.006169,0.937766,0.101977,0.184801,0.969,cuda
safmnpp,ami,070,back,070_back,3,4,96,bic,36.877676,0.926922,35.212246,0.985836,4,0.027489,33.982311,76.336152,37.026856,0.928235,0.070956,0.181527,0.933,cuda
safmnpp,ami,070,down,070_down,3,4,96,bic,35.451506,0.913069,33.857816,0.983881,4,0.042497,32.986796,73.113286,34.10795,0.884593,0.114214,0.213066,0.969,cuda
safmnpp,ami,070,front,070_front,3,4,96,bic,36.33815,0.921766,34.69555,0.984971,4,0.028115,33.700092,73.119634,36.209698,0.934831,0.10108,0.202281,0.957,cuda
safmnpp,ami,070,left,070_left,3,4,96,bic,36.875765,0.927124,35.345818,0.985989,4,0.034462,34.645864,81.821401,35.200679,0.904468,0.136763,0.217748,0.942,cuda
safmnpp,ami,070,right,070_right,3,4,96,bic,36.474704,0.919055,34.834419,0.983702,4,0.03721,33.595551,71.975964,35.954647,0.914625,0.07884,0.201529,0.944,cuda
safmnpp,ami,070,up,070_up,3,4,96,bic,36.128602,0.913785,34.560916,0.983129,4,0.027023,33.517149,76.435509,35.5749,0.899098,0.109468,0.220429,0.935,cuda
safmnpp,ami,070,zoom,070_zoom,3,4,96,bic,37.87915,0.942638,36.151809,0.989526,4,0.023567,35.138161,76.64485,39.551872,0.961839,0.072009,0.177371,0.966,cuda
safmnpp,ami,071,back,071_back,2,4,96,bic,36.300925,0.925072,34.647678,0.986251,4,0.03176,33.668331,71.530559,35.299405,0.9301,0.111287,0.21883,0.953,cuda
safmnpp,ami,071,down,071_down,2,4,96,bic,35.673495,0.923124,34.006806,0.986601,4,0.033331,33.17302,70.264985,35.602318,0.937291,0.104458,0.226658,0.946,cuda
safmnpp,ami,071,front,071_front,2,4,96,bic,34.796887,0.913925,33.168544,0.983749,4,0.045205,32.311459,82.586187,34.411047,0.912926,0.120383,0.221382,0.965,cuda
safmnpp,ami,071,left,071_left,2,4,96,bic,35.729111,0.925482,34.057391,0.986905,4,0.028455,33.191226,75.22072,35.353126,0.931522,0.133026,0.218649,0.955,cuda
safmnpp,ami,071,right,071_right,2,4,96,bic,36.439427,0.917947,34.692072,0.984813,4,0.035387,33.746914,75.736698,35.138229,0.9106,0.103404,0.205913,0.96,cuda
safmnpp,ami,071,up,071_up,2,4,96,bic,34.559204,0.903856,32.931736,0.982421,4,0.037685,31.815811,71.441333,33.912137,0.889727,0.139959,0.204048,0.951,cuda
safmnpp,ami,071,zoom,071_zoom,2,4,96,bic,36.667248,0.938472,34.880653,0.988871,4,0.02567,33.930573,75.536499,37.129114,0.943013,0.097486,0.198812,0.933,cuda
safmnpp,ami,072,back,072_back,1,4,96,bic,38.563115,0.941588,36.767365,0.988465,4,0.027183,36.086939,75.704759,36.533772,0.925183,0.078552,0.176602,0.962,cuda
safmnpp,ami,072,down,072_down,1,4,96,bic,39.276129,0.947995,37.509934,0.990054,4,0.018056,37.134689,78.529148,37.541266,0.946832,0.073774,0.190467,0.956,cuda
safmnpp,ami,072,front,072_front,1,4,96,bic,39.112608,0.945986,37.346441,0.988303,4,0.020333,36.797542,72.351479,36.240861,0.920565,0.078135,0.203928,0.944,cuda
safmnpp,ami,072,left,072_left,1,4,96,bic,38.934629,0.940351,37.121239,0.987615,4,0.023879,36.920792,78.264706,36.171932,0.910948,0.103201,0.209927,0.945,cuda
safmnpp,ami,072,right,072_right,1,4,96,bic,39.471217,0.952708,37.723787,0.989817,4,0.02484,36.971853,72.433179,36.330108,0.927643,0.068487,0.185556,0.949,cuda
safmnpp,ami,072,up,072_up,1,4,96,bic,39.01128,0.94604,37.230965,0.988506,4,0.023719,36.601819,76.046481,35.781164,0.906377,0.088311,0.195788,0.956,cuda
safmnpp,ami,072,zoom,072_zoom,1,4,96,bic,40.388629,0.959302,38.435327,0.991961,4,0.016107,37.850183,82.730886,38.390915,0.960583,0.071719,0.177454,0.957,cuda
safmnpp,ami,073,back,073_back,1,4,96,bic,38.555911,0.944016,36.744945,0.989277,4,0.019551,35.993915,71.870479,35.529266,0.909054,0.076425,0.170287,0.95,cuda
safmnpp,ami,073,down,073_down,1,4,96,bic,37.704472,0.94535,36.040467,0.990177,4,0.027561,35.720586,73.308955,35.853931,0.928093,0.11134,0.228431,0.956,cuda
safmnpp,ami,073,front,073_front,1,4,96,bic,37.703556,0.937414,36.003188,0.98768,4,0.027974,35.404386,74.512525,35.592288,0.908978,0.110209,0.200395,0.942,cuda
safmnpp,ami,073,left,073_left,1,4,96,bic,38.271191,0.941914,36.615823,0.988606,4,0.02747,36.042326,73.631229,35.418423,0.911671,0.11291,0.198488,0.954,cuda
safmnpp,ami,073,right,073_right,1,4,96,bic,37.902344,0.937319,36.123739,0.987366,4,0.024203,35.147449,77.572844,35.60751,0.912096,0.101532,0.212055,0.956,cuda
safmnpp,ami,073,up,073_up,1,4,96,bic,36.785652,0.925438,35.184592,0.985633,4,0.034376,34.548683,75.416652,35.186542,0.895748,0.135981,0.204072,0.973,cuda
safmnpp,ami,073,zoom,073_zoom,1,4,96,bic,38.804593,0.948113,37.077456,0.989891,4,0.022379,36.321111,71.385331,36.993862,0.930655,0.089166,0.200317,0.965,cuda
safmnpp,ami,074,back,074_back,1,4,96,bic,37.52949,0.927241,35.91971,0.986095,4,0.031015,35.167712,77.990684,35.885306,0.920539,0.115659,0.202369,0.942,cuda
safmnpp,ami,074,down,074_down,1,4,96,bic,36.501988,0.913302,34.989108,0.983217,4,0.038532,34.172328,77.105509,34.756818,0.909968,0.117599,0.220284,0.967,cuda
safmnpp,ami,074,front,074_front,1,4,96,bic,36.626684,0.913166,35.11312,0.983481,4,0.033108,34.322004,77.663516,34.768868,0.904459,0.123967,0.219012,0.959,cuda
safmnpp,ami,074,left,074_left,1,4,96,bic,37.320008,0.923309,35.772004,0.985426,4,0.031426,35.078746,79.996476,36.659092,0.917679,0.118433,0.216562,0.948,cuda
safmnpp,ami,074,right,074_right,1,4,96,bic,37.339371,0.932788,35.720725,0.987258,4,0.028071,34.772707,69.472857,35.261775,0.912431,0.1104,0.211446,0.94,cuda
safmnpp,ami,074,up,074_up,1,4,96,bic,36.540464,0.910371,35.023402,0.98277,4,0.036607,34.30285,72.555816,35.640713,0.911319,0.137581,0.204523,0.933,cuda
safmnpp,ami,074,zoom,074_zoom,1,4,96,bic,38.148077,0.939936,36.512048,0.989434,4,0.025522,35.710292,71.967645,36.51322,0.928872,0.119449,0.199826,0.941,cuda
safmnpp,ami,075,back,075_back,3,4,96,bic,36.522411,0.909735,34.734385,0.982922,4,0.02988,34.327194,79.880209,35.681875,0.90568,0.105549,0.169815,0.953,cuda
safmnpp,ami,075,down,075_down,3,4,96,bic,35.510547,0.903004,33.82179,0.981477,4,0.049973,32.988013,72.970785,34.824396,0.910286,0.122338,0.209253,0.932,cuda
safmnpp,ami,075,front,075_front,3,4,96,bic,35.187056,0.899743,33.487152,0.983135,4,0.035887,32.688418,76.256705,36.917009,0.938596,0.135174,0.206361,0.938,cuda
safmnpp,ami,075,left,075_left,3,4,96,bic,35.308808,0.901387,33.739655,0.981767,4,0.042062,32.705369,72.773341,35.318851,0.891766,0.141142,0.235462,0.939,cuda
safmnpp,ami,075,right,075_right,3,4,96,bic,37.324019,0.926843,35.477193,0.986689,4,0.028536,34.781122,71.052909,36.655568,0.92645,0.108825,0.208595,0.943,cuda
safmnpp,ami,075,up,075_up,3,4,96,bic,35.553708,0.89739,33.85431,0.981758,4,0.028932,33.020176,78.97115,36.387455,0.917173,0.116016,0.192142,0.945,cuda
safmnpp,ami,075,zoom,075_zoom,3,4,96,bic,36.686935,0.932523,34.848876,0.988233,4,0.034488,34.016244,77.667374,38.015998,0.946255,0.119573,0.18686,0.934,cuda
safmnpp,ami,076,back,076_back,5,4,96,bic,38.559958,0.940633,36.717199,0.989296,4,0.02362,36.040328,77.892838,37.098182,0.953728,0.088746,0.169244,0.934,cuda
safmnpp,ami,076,down,076_down,5,4,96,bic,36.96459,0.924034,35.24206,0.985532,4,0.036541,34.354131,70.593804,36.143582,0.942776,0.107532,0.191565,0.929,cuda
safmnpp,ami,076,front,076_front,5,4,96,bic,37.466872,0.93018,35.726802,0.986737,4,0.030108,34.870231,71.865502,36.354583,0.947514,0.105326,0.197623,0.961,cuda
safmnpp,ami,076,left,076_left,5,4,96,bic,37.435906,0.927607,35.703237,0.9864,4,0.029573,34.99607,74.034877,35.633755,0.932085,0.101175,0.186223,0.943,cuda
safmnpp,ami,076,right,076_right,5,4,96,bic,37.294093,0.928261,35.513727,0.986712,4,0.0299,34.671421,73.125891,35.687103,0.942275,0.113017,0.204177,0.93,cuda
safmnpp,ami,076,up,076_up,5,4,96,bic,37.063572,0.923072,35.348845,0.9853,4,0.029419,34.523756,75.116191,35.939574,0.93698,0.108887,0.198453,0.945,cuda
safmnpp,ami,076,zoom,076_zoom,5,4,96,bic,39.074988,0.952614,37.198399,0.991405,4,0.020719,36.395355,77.485911,40.672866,0.970593,0.092241,0.18429,0.965,cuda
safmnpp,ami,077,back,077_back,2,4,96,bic,38.37801,0.932453,36.610395,0.98626,4,0.029354,35.654773,75.115234,36.034707,0.916942,0.077808,0.1965,0.945,cuda
safmnpp,ami,077,down,077_down,2,4,96,bic,37.176022,0.911809,35.435434,0.982878,4,0.033779,34.781968,74.882618,34.072592,0.882529,0.133218,0.24838,0.948,cuda
safmnpp,ami,077,front,077_front,2,4,96,bic,37.91188,0.920858,36.135015,0.984995,4,0.023174,35.483845,71.075789,35.114726,0.902028,0.121427,0.231416,0.943,cuda
safmnpp,ami,077,left,077_left,2,4,96,bic,37.812367,0.923804,36.055241,0.985094,4,0.031098,35.287673,73.632976,36.103395,0.914243,0.124081,0.224725,0.938,cuda
safmnpp,ami,077,right,077_right,2,4,96,bic,39.184345,0.945922,37.213928,0.990254,4,0.019109,36.109375,77.139057,36.313358,0.938654,0.061774,0.216269,0.945,cuda
safmnpp,ami,077,up,077_up,2,4,96,bic,37.800444,0.919054,36.037379,0.984601,4,0.026008,35.389202,74.748231,35.0298,0.89192,0.110837,0.231287,0.942,cuda
safmnpp,ami,077,zoom,077_zoom,2,4,96,bic,39.239121,0.94016,37.361271,0.989154,4,0.019823,36.851808,73.647058,37.438925,0.932665,0.078403,0.212959,0.947,cuda
safmnpp,ami,078,back,078_back,2,4,96,bic,36.962338,0.924748,35.214458,0.984827,4,0.028872,34.682372,73.351286,34.891999,0.904967,0.090914,0.204361,0.936,cuda
safmnpp,ami,078,down,078_down,2,4,96,bic,36.068712,0.902192,34.317284,0.978762,4,0.045803,33.646746,77.140675,33.872202,0.885416,0.125006,0.18453,0.97,cuda
safmnpp,ami,078,front,078_front,2,4,96,bic,36.925397,0.921271,35.165766,0.983399,4,0.032413,34.274688,76.908598,35.519116,0.936434,0.108678,0.17188,0.962,cuda
safmnpp,ami,078,left,078_left,2,4,96,bic,36.340276,0.912374,34.594602,0.981718,4,0.036647,33.821234,78.046882,34.013002,0.911784,0.122323,0.205935,0.94,cuda
safmnpp,ami,078,right,078_right,2,4,96,bic,37.157645,0.930051,35.317061,0.985787,4,0.030396,34.694507,69.003272,35.519507,0.932986,0.074874,0.195618,0.947,cuda
safmnpp,ami,078,up,078_up,2,4,96,bic,36.533683,0.910078,34.808847,0.98042,4,0.034263,33.878892,78.134809,35.682975,0.917965,0.126524,0.179169,0.944,cuda
safmnpp,ami,078,zoom,078_zoom,2,4,96,bic,38.105815,0.939091,36.247832,0.986556,4,0.034882,35.298855,77.118555,38.491108,0.962561,0.075849,0.176547,0.937,cuda
safmnpp,ami,079,back,079_back,4,4,96,bic,36.4509,0.915899,34.674333,0.983794,4,0.035362,34.530005,67.734599,34.079192,0.876895,0.151125,0.217075,0.931,cuda
safmnpp,ami,079,down,079_down,4,4,96,bic,36.11571,0.914228,34.428994,0.982251,4,0.035201,33.678315,70.422806,33.283443,0.873531,0.116702,0.219971,0.943,cuda
safmnpp,ami,079,front,079_front,4,4,96,bic,35.664612,0.902632,33.956494,0.981088,4,0.036172,33.46311,73.383195,34.966248,0.894635,0.14962,0.201071,0.934,cuda
safmnpp,ami,079,left,079_left,4,4,96,bic,37.233906,0.929272,35.502878,0.986287,4,0.031511,35.132002,78.102732,34.461925,0.879082,0.12802,0.203235,0.937,cuda
safmnpp,ami,079,right,079_right,4,4,96,bic,36.336469,0.92445,34.572937,0.984469,4,0.032224,33.546942,71.239925,33.970954,0.904962,0.110385,0.197137,0.965,cuda
safmnpp,ami,079,up,079_up,4,4,96,bic,35.626613,0.903217,33.942748,0.981669,4,0.029709,33.597621,74.372457,34.40334,0.895892,0.137127,0.199928,0.962,cuda
safmnpp,ami,079,zoom,079_zoom,4,4,96,bic,36.671697,0.921098,34.829536,0.984961,4,0.035657,34.101499,72.369179,36.749216,0.921578,0.136804,0.187381,0.944,cuda
safmnpp,ami,080,back,080_back,3,4,96,bic,38.277685,0.935148,36.470365,0.987119,4,0.025114,35.606236,75.361181,34.5645,0.899673,0.114717,0.179192,0.929,cuda
safmnpp,ami,080,down,080_down,3,4,96,bic,37.785154,0.929367,36.03522,0.984554,4,0.034464,35.251059,77.690645,33.384492,0.876837,0.129415,0.231275,0.926,cuda
safmnpp,ami,080,front,080_front,3,4,96,bic,38.34502,0.937034,36.550597,0.98632,4,0.03236,35.708009,79.160962,34.232469,0.896438,0.103032,0.23989,0.945,cuda
safmnpp,ami,080,left,080_left,3,4,96,bic,38.307418,0.939548,36.614327,0.987146,4,0.030318,36.569564,78.932107,33.52745,0.856586,0.150727,0.230129,0.96,cuda
safmnpp,ami,080,right,080_right,3,4,96,bic,38.693081,0.944989,36.869701,0.988549,4,0.022118,35.775379,81.38153,35.177689,0.906568,0.090653,0.234438,0.957,cuda
safmnpp,ami,080,up,080_up,3,4,96,bic,37.642327,0.925949,35.929995,0.984714,4,0.029997,35.14535,76.463568,33.851842,0.870137,0.113419,0.225691,0.961,cuda
safmnpp,ami,080,zoom,080_zoom,3,4,96,bic,39.294404,0.946971,37.368965,0.988873,4,0.025851,36.787481,74.031006,35.583663,0.917575,0.096578,0.224167,0.947,cuda
safmnpp,ami,081,back,081_back,1,4,96,bic,38.325136,0.934038,36.456891,0.986457,4,0.024829,36.084933,73.480707,34.804868,0.884912,0.090798,0.196015,0.933,cuda
safmnpp,ami,081,down,081_down,1,4,96,bic,36.964262,0.914709,35.285695,0.983313,4,0.036264,34.634662,79.119991,32.845412,0.857886,0.106058,0.22793,0.93,cuda
safmnpp,ami,081,front,081_front,1,4,96,bic,36.739445,0.907966,35.06146,0.981633,4,0.035183,34.143954,80.115434,32.964887,0.855298,0.131741,0.244158,0.951,cuda
safmnpp,ami,081,left,081_left,1,4,96,bic,37.563954,0.911799,35.887886,0.982821,4,0.031257,35.28302,76.770316,33.868269,0.859576,0.147718,0.251177,0.948,cuda
safmnpp,ami,081,right,081_right,1,4,96,bic,39.011276,0.950171,37.195849,0.989094,4,0.024784,36.491363,81.018985,35.091614,0.910977,0.067245,0.186861,0.926,cuda
safmnpp,ami,081,up,081_up,1,4,96,bic,36.30302,0.902117,34.609144,0.980918,4,0.035286,33.977918,76.23075,33.072481,0.861951,0.144392,0.238555,0.967,cuda
safmnpp,ami,081,zoom,081_zoom,1,4,96,bic,37.936884,0.929714,36.175274,0.986358,4,0.024549,35.250392,77.402331,35.003831,0.91506,0.080012,0.232693,0.941,cuda
safmnpp,ami,082,back,082_back,2,4,96,bic,37.632168,0.933727,35.912694,0.986956,4,0.030751,34.809184,72.895635,34.156261,0.898818,0.068686,0.213894,1.037,cuda
safmnpp,ami,082,down,082_down,2,4,96,bic,36.782314,0.921528,35.097329,0.985734,4,0.030115,34.141355,77.20589,34.02533,0.914495,0.109025,0.212782,0.966,cuda
safmnpp,ami,082,front,082_front,2,4,96,bic,37.068835,0.921587,35.371798,0.985617,4,0.028258,34.352115,82.211623,34.752661,0.923518,0.106905,0.235011,0.952,cuda
safmnpp,ami,082,left,082_left,2,4,96,bic,36.915529,0.924377,35.264845,0.986036,4,0.031089,34.166036,79.478834,33.436847,0.895857,0.099653,0.211519,0.944,cuda
safmnpp,ami,082,right,082_right,2,4,96,bic,37.873028,0.930542,36.139782,0.986353,4,0.023822,35.381484,76.06141,34.432161,0.904261,0.110975,0.2073,0.93,cuda
safmnpp,ami,082,up,082_up,2,4,96,bic,37.507451,0.926927,35.741708,0.985609,4,0.024089,34.987995,80.674665,35.31985,0.920506,0.119169,0.226662,0.96,cuda
safmnpp,ami,082,zoom,082_zoom,2,4,96,bic,38.093791,0.938653,36.369069,0.990059,4,0.023015,35.626903,83.056225,36.777296,0.954296,0.090746,0.211693,0.963,cuda
safmnpp,ami,083,back,083_back,4,4,96,bic,37.214569,0.921343,35.467486,0.985764,4,0.022545,34.61571,75.766195,35.28717,0.899742,0.100278,0.206291,0.95,cuda
safmnpp,ami,083,down,083_down,4,4,96,bic,36.259572,0.898606,34.632961,0.981724,4,0.025015,33.391209,72.379069,35.896105,0.924601,0.108193,0.21666,0.943,cuda
safmnpp,ami,083,front,083_front,4,4,96,bic,36.451327,0.903116,34.830732,0.982191,4,0.037157,33.832366,74.808111,36.213499,0.921044,0.112218,0.218167,0.927,cuda
safmnpp,ami,083,left,083_left,4,4,96,bic,37.683259,0.928139,35.947638,0.98768,4,0.021277,35.304988,72.871155,36.49003,0.927782,0.107271,0.190945,0.96,cuda
safmnpp,ami,083,right,083_right,4,4,96,bic,37.634624,0.933525,35.815065,0.987182,4,0.027334,34.822834,72.552221,34.712235,0.903363,0.106983,0.220681,0.958,cuda
safmnpp,ami,083,up,083_up,4,4,96,bic,36.050059,0.89675,34.358686,0.982215,4,0.03187,33.553729,74.200461,35.428662,0.92228,0.135257,0.232142,0.941,cuda
safmnpp,ami,083,zoom,083_zoom,4,4,96,bic,37.559811,0.923108,35.829332,0.986686,4,0.027639,34.965509,73.314753,38.173235,0.943378,0.090086,0.192573,0.951,cuda
safmnpp,ami,084,back,084_back,3,4,96,bic,36.554416,0.907499,34.777227,0.981774,4,0.035508,34.170436,75.734127,34.538233,0.877126,0.121149,0.223099,0.93,cuda
safmnpp,ami,084,down,084_down,3,4,96,bic,35.547306,0.902425,33.837965,0.980223,4,0.041124,33.124628,75.220877,32.98247,0.890307,0.169087,0.234858,0.952,cuda
safmnpp,ami,084,front,084_front,3,4,96,bic,34.999861,0.890892,33.343189,0.975002,4,0.053995,32.455584,72.232447,32.320209,0.862946,0.140102,0.237371,0.942,cuda
safmnpp,ami,084,left,084_left,3,4,96,bic,36.170105,0.903931,34.466569,0.980266,4,0.040627,33.70629,69.630082,33.684383,0.872398,0.142779,0.226474,0.937,cuda
safmnpp,ami,084,right,084_right,3,4,96,bic,36.600171,0.91606,34.825278,0.983481,4,0.041231,33.849771,66.145326,34.076201,0.894072,0.097832,0.207045,0.966,cuda
safmnpp,ami,084,up,084_up,3,4,96,bic,35.249159,0.898935,33.584313,0.979403,4,0.04368,33.045386,74.094782,33.607685,0.864913,0.122089,0.210415,0.955,cuda
safmnpp,ami,084,zoom,084_zoom,3,4,96,bic,35.847617,0.915199,34.104501,0.982286,4,0.049659,33.320631,69.816323,34.051544,0.918987,0.142003,0.233854,0.951,cuda
safmnpp,ami,085,back,085_back,4,4,96,bic,38.360524,0.932306,36.634861,0.985928,4,0.02259,36.528001,75.522574,34.444769,0.855958,0.123947,0.196101,0.95,cuda
safmnpp,ami,085,down,085_down,4,4,96,bic,37.278548,0.919329,35.684838,0.983845,4,0.033173,34.899266,72.534624,34.133079,0.861881,0.157904,0.218042,0.935,cuda
safmnpp,ami,085,front,085_front,4,4,96,bic,37.270072,0.915718,35.702627,0.982106,4,0.042031,35.048059,75.010717,33.755819,0.820192,0.149882,0.216556,0.932,cuda
safmnpp,ami,085,left,085_left,4,4,96,bic,38.233559,0.924711,36.580029,0.984971,4,0.029944,36.109399,83.19534,35.628619,0.867793,0.152554,0.226279,0.93,cuda
safmnpp,ami,085,right,085_right,4,4,96,bic,37.355879,0.920479,35.691854,0.983686,4,0.040218,34.909262,65.702,34.750998,0.898646,0.113294,0.216168,0.958,cuda
safmnpp,ami,085,up,085_up,4,4,96,bic,36.865418,0.909914,35.242271,0.981008,4,0.041331,34.722227,72.993006,33.807027,0.850425,0.149107,0.19416,0.966,cuda
safmnpp,ami,085,zoom,085_zoom,4,4,96,bic,38.338056,0.934423,36.617991,0.987598,4,0.029899,36.193968,75.667412,35.698146,0.897989,0.13429,0.231162,0.958,cuda
safmnpp,ami,086,back,086_back,5,4,96,bic,36.586602,0.922849,34.880945,0.984529,4,0.027487,34.238718,68.503823,33.065346,0.899821,0.087422,0.183274,0.946,cuda
safmnpp,ami,086,down,086_down,5,4,96,bic,35.835715,0.907572,34.159513,0.980854,4,0.047279,33.479004,73.244238,33.941158,0.912442,0.127522,0.205347,0.935,cuda
safmnpp,ami,086,front,086_front,5,4,96,bic,35.781859,0.907343,34.101466,0.980835,4,0.040926,33.410007,69.908599,33.525861,0.905161,0.129239,0.213965,0.94,cuda
safmnpp,ami,086,left,086_left,5,4,96,bic,36.790147,0.916273,35.064269,0.982335,4,0.041568,34.388552,76.386748,34.563397,0.879882,0.131224,0.226786,0.943,cuda
safmnpp,ami,086,right,086_right,5,4,96,bic,37.598174,0.930435,35.885234,0.985847,4,0.031277,35.021903,82.003432,36.774599,0.925979,0.084201,0.197114,0.952,cuda
safmnpp,ami,086,up,086_up,5,4,96,bic,36.412246,0.913808,34.670432,0.98344,4,0.031879,33.927771,76.64485,34.802557,0.905356,0.127149,0.209314,0.932,cuda
safmnpp,ami,086,zoom,086_zoom,5,4,96,bic,36.827678,0.926883,35.085909,0.985691,4,0.031913,34.281699,74.180042,36.110678,0.943628,0.100783,0.203002,0.933,cuda
safmnpp,ami,087,back,087_back,4,4,96,bic,36.207145,0.909082,34.515101,0.981646,4,0.040038,33.719596,76.636421,33.884472,0.888668,0.106651,0.20646,0.95,cuda
safmnpp,ami,087,down,087_down,4,4,96,bic,37.122986,0.932441,35.39868,0.986647,4,0.033216,34.464292,73.60796,34.20636,0.902725,0.106633,0.195233,0.935,cuda
safmnpp,ami,087,front,087_front,4,4,96,bic,38.122069,0.941328,36.320081,0.98819,4,0.028243,35.565725,75.456533,35.412402,0.928469,0.076125,0.191251,0.94,cuda
safmnpp,ami,087,left,087_left,4,4,96,bic,37.346711,0.927236,35.688681,0.984547,4,0.038356,35.037947,78.700401,35.402424,0.912404,0.109944,0.229018,0.942,cuda
safmnpp,ami,087,right,087_right,4,4,96,bic,38.997215,0.952001,37.173368,0.991183,4,0.01932,36.013811,72.194929,36.410145,0.934417,0.068253,0.196389,0.93,cuda
safmnpp,ami,087,up,087_up,4,4,96,bic,37.105061,0.932008,35.344932,0.986531,4,0.026704,34.596796,76.835208,35.113498,0.908681,0.118211,0.170515,0.936,cuda
safmnpp,ami,087,zoom,087_zoom,4,4,96,bic,39.410582,0.955066,37.458506,0.991733,4,0.020804,36.835508,77.954171,37.722237,0.951248,0.072567,0.180408,0.947,cuda
safmnpp,ami,088,back,088_back,1,4,96,bic,35.781213,0.910603,34.077216,0.981576,4,0.038046,32.96079,78.015297,35.339535,0.91542,0.079466,0.193743,0.944,cuda
safmnpp,ami,088,down,088_down,1,4,96,bic,37.646232,0.940899,35.920266,0.988364,4,0.028082,34.987043,74.902174,35.958613,0.943521,0.081819,0.219047,0.929,cuda
safmnpp,ami,088,front,088_front,1,4,96,bic,37.426664,0.936643,35.746092,0.988262,4,0.021894,34.625386,77.690645,36.124011,0.921694,0.11163,0.240054,0.966,cuda
safmnpp,ami,088,left,088_left,1,4,96,bic,38.228398,0.945053,36.53672,0.988582,4,0.025767,35.574697,79.157977,35.106174,0.899452,0.093026,0.229605,0.946,cuda
safmnpp,ami,088,right,088_right,1,4,96,bic,37.865968,0.943856,36.117647,0.98934,4,0.030967,34.961679,74.488087,36.543183,0.945786,0.075415,0.214817,0.955,cuda
safmnpp,ami,088,up,088_up,1,4,96,bic,37.099761,0.934618,35.37731,0.987836,4,0.020554,34.053743,76.668095,36.045567,0.931368,0.114803,0.224182,0.939,cuda
safmnpp,ami,088,zoom,088_zoom,1,4,96,bic,37.97798,0.947912,36.186316,0.99024,4,0.024193,35.402897,79.359685,37.323212,0.94581,0.088472,0.222524,0.957,cuda
safmnpp,ami,089,back,089_back,1,4,96,bic,37.57852,0.940276,35.914383,0.988141,4,0.024261,35.230149,74.553145,34.31463,0.910197,0.088812,0.203076,0.94,cuda
safmnpp,ami,089,down,089_down,1,4,96,bic,37.356714,0.93116,35.745491,0.98771,4,0.023776,35.019254,73.067719,35.456279,0.938045,0.123895,0.190841,0.935,cuda
safmnpp,ami,089,front,089_front,1,4,96,bic,37.206967,0.92732,35.59451,0.985532,4,0.028593,34.68082,74.258399,35.24665,0.906873,0.124093,0.197014,0.942,cuda
safmnpp,ami,089,left,089_left,1,4,96,bic,36.902508,0.92423,35.321016,0.985177,4,0.026933,34.685765,72.287674,35.718043,0.925443,0.131066,0.211574,0.958,cuda
safmnpp,ami,089,right,089_right,1,4,96,bic,37.604785,0.935108,35.960087,0.987395,4,0.022065,34.523615,71.416581,35.615332,0.923677,0.083628,0.189906,0.955,cuda
safmnpp,ami,089,up,089_up,1,4,96,bic,37.594392,0.931036,35.902411,0.986003,4,0.026871,34.897983,72.359273,35.580056,0.910311,0.108113,0.220166,0.955,cuda
safmnpp,ami,089,zoom,089_zoom,1,4,96,bic,38.227847,0.943145,36.547239,0.99026,4,0.020548,35.74558,71.117598,38.729342,0.959099,0.110326,0.188577,0.966,cuda
safmnpp,ami,090,back,090_back,1,4,96,bic,35.090425,0.926101,33.474086,0.983947,4,0.042827,32.079816,72.751201,32.515577,0.910694,0.06897,0.1984,0.954,cuda
safmnpp,ami,090,down,090_down,1,4,96,bic,35.729809,0.925443,34.036443,0.984045,4,0.038156,33.051436,76.178875,31.749257,0.908878,0.086868,0.218821,0.947,cuda
safmnpp,ami,090,front,090_front,1,4,96,bic,35.981783,0.931952,34.306519,0.985674,4,0.033988,33.180504,73.219516,34.076148,0.916402,0.081423,0.180535,0.954,cuda
safmnpp,ami,090,left,090_left,1,4,96,bic,35.365939,0.929026,33.728755,0.985313,4,0.026923,33.03289,75.567305,32.903629,0.906462,0.083673,0.199189,0.936,cuda
safmnpp,ami,090,right,090_right,1,4,96,bic,36.82069,0.932824,35.134425,0.985583,4,0.034161,34.14968,73.032952,33.025002,0.90588,0.06334,0.212651,0.939,cuda
safmnpp,ami,090,up,090_up,1,4,96,bic,35.969347,0.928033,34.265023,0.984757,4,0.029579,33.521736,74.88472,34.585704,0.903246,0.088589,0.200879,0.943,cuda
safmnpp,ami,090,zoom,090_zoom,1,4,96,bic,36.606334,0.941584,34.864684,0.987957,4,0.028939,33.931705,74.491234,36.657009,0.937818,0.073191,0.175492,0.942,cuda
safmnpp,ami,091,back,091_back,4,4,96,bic,33.67917,0.880242,32.240958,0.977985,4,0.065735,30.785893,68.196173,34.018325,0.908886,0.134021,0.21996,0.935,cuda
safmnpp,ami,091,down,091_down,4,4,96,bic,34.175165,0.883457,32.670201,0.978561,4,0.054719,31.261768,70.363162,32.965018,0.900152,0.141817,0.229697,0.945,cuda
safmnpp,ami,091,front,091_front,4,4,96,bic,33.655446,0.868101,32.162061,0.97519,4,0.07346,30.789036,72.634926,33.539789,0.898526,0.140626,0.22514,0.935,cuda
safmnpp,ami,091,left,091_left,4,4,96,bic,35.837608,0.905261,34.221187,0.983153,4,0.038361,33.014496,75.910381,34.893541,0.916691,0.141709,0.22946,0.93,cuda
safmnpp,ami,091,right,091_right,4,4,96,bic,36.462693,0.915077,34.760036,0.984591,4,0.034417,33.493117,75.522658,34.367375,0.914721,0.135124,0.222008,0.937,cuda
safmnpp,ami,091,up,091_up,4,4,96,bic,34.315628,0.879753,32.870408,0.976512,4,0.049375,31.629402,70.930627,33.056186,0.899228,0.146387,0.215778,0.929,cuda
safmnpp,ami,091,zoom,091_zoom,4,4,96,bic,34.793357,0.894482,33.25717,0.981523,4,0.051003,31.849167,73.044625,36.022929,0.940322,0.138093,0.214628,0.924,cuda
safmnpp,ami,092,back,092_back,3,4,96,bic,34.982196,0.873961,33.100033,0.977466,4,0.037729,32.476829,80.527755,34.972571,0.898069,0.166333,0.225625,0.961,cuda
safmnpp,ami,092,down,092_down,3,4,96,bic,34.884285,0.862996,33.122439,0.972408,4,0.050752,32.820458,81.38085,34.888699,0.910361,0.144459,0.220928,0.966,cuda
safmnpp,ami,092,front,092_front,3,4,96,bic,34.737802,0.868984,32.944017,0.973856,4,0.049486,32.424761,79.594015,33.450336,0.881613,0.154268,0.234742,0.95,cuda
safmnpp,ami,092,left,092_left,3,4,96,bic,36.323882,0.892431,34.499829,0.980101,4,0.032696,34.250899,80.516222,35.090894,0.878657,0.188517,0.253726,0.945,cuda
safmnpp,ami,092,right,092_right,3,4,96,bic,35.136188,0.868337,33.309768,0.975595,4,0.036945,32.883811,73.703568,34.528267,0.905575,0.187583,0.230911,0.937,cuda
safmnpp,ami,092,up,092_up,3,4,96,bic,35.230574,0.88076,33.400048,0.977256,4,0.034762,32.891687,77.692345,34.682767,0.897873,0.17002,0.244452,0.965,cuda
safmnpp,ami,092,zoom,092_zoom,3,4,96,bic,36.330489,0.907495,34.363266,0.982449,4,0.035656,33.921569,73.081173,35.834376,0.920417,0.143633,0.22173,0.942,cuda
safmnpp,ami,093,back,093_back,4,4,96,bic,35.126352,0.897354,33.516829,0.980935,4,0.032732,32.984687,71.203799,35.916109,0.903765,0.119369,0.212799,0.941,cuda
safmnpp,ami,093,down,093_down,4,4,96,bic,36.243569,0.914828,34.566196,0.984264,4,0.03192,33.945382,70.997454,34.566698,0.91208,0.129224,0.243444,0.94,cuda
safmnpp,ami,093,front,093_front,4,4,96,bic,36.09016,0.911273,34.398375,0.983548,4,0.036963,33.806328,71.652931,35.452828,0.91008,0.12288,0.228861,0.94,cuda
safmnpp,ami,093,left,093_left,4,4,96,bic,36.907949,0.921943,35.20312,0.983983,4,0.035357,34.792996,73.835717,35.683812,0.860892,0.156219,0.221279,0.94,cuda
safmnpp,ami,093,right,093_right,4,4,96,bic,36.821068,0.92217,35.073489,0.985792,4,0.029661,34.40964,71.436238,35.906974,0.922578,0.104486,0.212518,0.929,cuda
safmnpp,ami,093,up,093_up,4,4,96,bic,35.797742,0.908904,34.085968,0.984148,4,0.031903,33.509786,73.291714,35.697367,0.912901,0.131488,0.23337,0.929,cuda
safmnpp,ami,093,zoom,093_zoom,4,4,96,bic,36.337639,0.922668,34.606129,0.987358,4,0.024213,33.989113,73.113342,36.89799,0.922544,0.130069,0.230313,0.94,cuda
safmnpp,ami,094,back,094_back,3,4,96,bic,35.269331,0.913058,33.645342,0.982732,4,0.041385,32.208964,77.667374,35.81091,0.921401,0.099373,0.238599,0.939,cuda
safmnpp,ami,094,down,094_down,3,4,96,bic,37.051046,0.930392,35.369381,0.986882,4,0.029049,34.45674,73.683702,35.129289,0.930915,0.093748,0.195098,0.949,cuda
safmnpp,ami,094,front,094_front,3,4,96,bic,37.807528,0.937403,36.063712,0.988246,4,0.023479,35.111793,75.143655,36.35585,0.926884,0.093243,0.192755,0.967,cuda
safmnpp,ami,094,left,094_left,3,4,96,bic,37.198774,0.927891,35.521444,0.986761,4,0.026263,34.904672,82.464153,35.026804,0.913084,0.110918,0.213125,0.948,cuda
safmnpp,ami,094,right,094_right,3,4,96,bic,36.91519,0.924976,35.174742,0.986789,4,0.026097,34.288006,75.515711,36.379361,0.929381,0.109256,0.218999,0.948,cuda
safmnpp,ami,094,up,094_up,3,4,96,bic,37.24995,0.930499,35.547534,0.987479,4,0.026284,34.65674,77.080181,36.36581,0.918598,0.114831,0.198565,0.941,cuda
safmnpp,ami,094,zoom,094_zoom,3,4,96,bic,37.057074,0.937426,35.301544,0.988972,4,0.028355,34.368139,77.996816,37.346172,0.934074,0.098167,0.186342,0.934,cuda
safmnpp,ami,095,back,095_back,3,4,96,bic,36.914256,0.927644,35.278132,0.98679,4,0.024699,34.279748,79.488354,33.086961,0.870884,0.109848,0.203329,0.939,cuda
safmnpp,ami,095,down,095_down,3,4,96,bic,36.644195,0.917271,35.046032,0.982755,4,0.035339,34.028749,78.351513,33.298729,0.849283,0.13401,0.207881,0.939,cuda
safmnpp,ami,095,front,095_front,3,4,96,bic,36.598931,0.919732,35.008284,0.984237,4,0.033332,34.090821,75.791912,33.295282,0.858319,0.109577,0.210313,0.951,cuda
safmnpp,ami,095,left,095_left,3,4,96,bic,36.492184,0.910944,34.916629,0.981511,4,0.048528,34.295616,71.573938,32.899404,0.835514,0.129216,0.227494,0.936,cuda
safmnpp,ami,095,right,095_right,3,4,96,bic,36.987206,0.932163,35.237562,0.986883,4,0.026787,34.176925,72.022599,33.613338,0.884706,0.092651,0.188972,0.938,cuda
safmnpp,ami,095,up,095_up,3,4,96,bic,36.073751,0.908095,34.430249,0.982507,4,0.035724,33.671298,76.324964,33.554669,0.870005,0.146318,0.228062,0.951,cuda
safmnpp,ami,095,zoom,095_zoom,3,4,96,bic,37.330128,0.927522,35.638371,0.985602,4,0.033775,34.972398,81.836624,34.308091,0.873867,0.104011,0.216729,0.943,cuda
safmnpp,ami,096,back,096_back,5,4,96,bic,34.725232,0.895658,33.014917,0.981974,4,0.033143,32.503985,73.124542,34.712894,0.897501,0.170418,0.210283,0.935,cuda
safmnpp,ami,096,down,096_down,5,4,96,bic,34.796573,0.910429,33.046375,0.985156,4,0.029229,32.170774,76.361793,34.83243,0.923961,0.145325,0.20526,0.94,cuda
safmnpp,ami,096,front,096_front,5,4,96,bic,35.044393,0.904397,33.267005,0.982583,4,0.035503,32.798701,75.715116,34.967529,0.88679,0.13428,0.198082,0.932,cuda
safmnpp,ami,096,left,096_left,5,4,96,bic,36.062225,0.909334,34.295755,0.982682,4,0.040288,34.03809,75.488037,33.987518,0.871608,0.150291,0.219828,0.935,cuda
safmnpp,ami,096,right,096_right,5,4,96,bic,35.673667,0.899994,33.912671,0.981768,4,0.0317,33.320992,79.522931,34.581297,0.88875,0.149178,0.209293,0.931,cuda
safmnpp,ami,096,up,096_up,5,4,96,bic,34.535092,0.885301,32.779641,0.979899,4,0.040896,32.510959,67.036752,34.638022,0.893494,0.149561,0.209102,0.972,cuda
safmnpp,ami,096,zoom,096_zoom,5,4,96,bic,35.51982,0.908378,33.662731,0.983224,4,0.03771,33.271446,67.151905,36.298873,0.913535,0.157351,0.200058,0.955,cuda
safmnpp,ami,097,back,097_back,4,4,96,bic,36.974937,0.920319,35.160321,0.983218,4,0.032544,34.411268,75.157052,33.540725,0.876877,0.106599,0.222505,0.943,cuda
safmnpp,ami,097,down,097_down,4,4,96,bic,37.278632,0.926621,35.376873,0.985175,4,0.026207,34.615413,74.939693,34.335723,0.925256,0.091022,0.207056,0.943,cuda
safmnpp,ami,097,front,097_front,4,4,96,bic,36.84855,0.92201,35.077961,0.984569,4,0.03494,34.43942,72.906996,34.325862,0.905263,0.110986,0.220587,0.935,cuda
safmnpp,ami,097,left,097_left,4,4,96,bic,37.052685,0.92468,35.283253,0.984803,4,0.035707,34.470429,72.057558,33.292924,0.869469,0.130954,0.205473,0.965,cuda
safmnpp,ami,097,right,097_right,4,4,96,bic,36.922746,0.923232,35.228158,0.984882,4,0.031401,34.462547,73.861912,35.768739,0.919816,0.120119,0.217623,0.938,cuda
safmnpp,ami,097,up,097_up,4,4,96,bic,37.157932,0.922472,35.354321,0.984082,4,0.034501,34.787347,72.749785,34.650994,0.900725,0.107566,0.201456,0.95,cuda
safmnpp,ami,097,zoom,097_zoom,4,4,96,bic,37.429537,0.930269,35.585053,0.986345,4,0.028544,34.932681,73.745904,35.553006,0.915447,0.103434,0.214884,0.943,cuda
safmnpp,ami,098,back,098_back,2,4,96,bic,36.910615,0.916636,35.017449,0.982625,4,0.037105,34.377104,75.711932,34.029481,0.872988,0.109118,0.197049,0.95,cuda
safmnpp,ami,098,down,098_down,2,4,96,bic,36.752344,0.918208,34.951292,0.981937,4,0.04681,34.262747,70.809841,32.998649,0.890875,0.11418,0.220052,0.956,cuda
safmnpp,ami,098,front,098_front,2,4,96,bic,37.457872,0.9282,35.568087,0.985017,4,0.026822,34.780275,75.589659,33.718403,0.887326,0.110679,0.225596,0.947,cuda
safmnpp,ami,098,left,098_left,2,4,96,bic,38.496568,0.937197,36.679201,0.986807,4,0.030893,36.448936,75.924192,34.706887,0.883895,0.140469,0.237076,0.969,cuda
safmnpp,ami,098,right,098_right,2,4,96,bic,37.839477,0.93564,35.892613,0.986925,4,0.025438,35.141289,65.874292,34.57284,0.884605,0.089468,0.216377,0.929,cuda
safmnpp,ami,098,up,098_up,2,4,96,bic,36.677622,0.915482,34.859513,0.983522,4,0.030876,34.140925,72.076469,33.819788,0.881398,0.113023,0.224792,0.928,cuda
safmnpp,ami,098,zoom,098_zoom,2,4,96,bic,37.880105,0.934984,35.919671,0.987548,4,0.027022,34.859532,74.094889,35.107606,0.921586,0.089044,0.23195,0.958,cuda
safmnpp,ami,099,back,099_back,1,4,96,bic,36.512453,0.921514,34.767488,0.984814,4,0.031751,33.988014,74.979368,35.215061,0.908346,0.098029,0.19315,0.953,cuda
safmnpp,ami,099,down,099_down,1,4,96,bic,36.74156,0.918768,35.024828,0.984239,4,0.032973,34.176068,75.900504,35.373264,0.927791,0.130373,0.215826,0.939,cuda
safmnpp,ami,099,front,099_front,1,4,96,bic,36.16918,0.909494,34.409468,0.982867,4,0.033429,33.540635,74.520653,35.593954,0.912795,0.126432,0.204108,0.946,cuda
safmnpp,ami,099,left,099_left,1,4,96,bic,36.787696,0.922716,35.064142,0.985474,4,0.033362,34.308661,80.447829,34.676457,0.912673,0.130531,0.201375,0.943,cuda
safmnpp,ami,099,right,099_right,1,4,96,bic,36.866392,0.919582,35.051076,0.984768,4,0.033262,34.172528,72.816184,36.129297,0.92326,0.104816,0.217998,0.962,cuda
safmnpp,ami,099,up,099_up,1,4,96,bic,36.418756,0.912554,34.694687,0.983881,4,0.026831,34.070787,73.893938,34.852412,0.882178,0.133039,0.203912,0.957,cuda
safmnpp,ami,099,zoom,099_zoom,1,4,96,bic,37.077246,0.926032,35.267916,0.986149,4,0.030363,34.657068,72.402777,37.065608,0.928791,0.134947,0.197607,0.943,cuda
safmnpp,ami,100,back,100_back,1,4,96,bic,36.326402,0.885203,34.475549,0.977849,4,0.030251,33.882865,75.869797,35.895904,0.895422,0.161407,0.215208,0.943,cuda
safmnpp,ami,100,down,100_down,1,4,96,bic,35.38927,0.87892,33.666652,0.976749,4,0.041645,33.144254,78.304923,34.61701,0.895297,0.168943,0.244873,0.933,cuda
safmnpp,ami,100,front,100_front,1,4,96,bic,36.132613,0.889884,34.312997,0.979672,4,0.025872,33.784894,82.515165,35.809506,0.907872,0.164366,0.246077,0.943,cuda
safmnpp,ami,100,left,100_left,1,4,96,bic,36.59551,0.888053,34.89235,0.978747,4,0.028709,34.54215,79.087874,35.345178,0.907801,0.209865,0.259213,0.933,cuda
safmnpp,ami,100,right,100_right,1,4,96,bic,35.862764,0.880575,34.103077,0.978223,4,0.029835,33.57066,75.770054,36.318235,0.914953,0.175909,0.220948,0.937,cuda
safmnpp,ami,100,up,100_up,1,4,96,bic,35.826273,0.881101,34.018776,0.976955,4,0.028348,33.755566,76.225137,35.107945,0.887341,0.166484,0.225903,0.963,cuda
safmnpp,ami,100,zoom,100_zoom,1,4,96,bic,35.971464,0.893049,34.161754,0.981583,4,0.025941,33.835974,75.693893,36.963795,0.91655,0.149538,0.249377,0.952,cuda
safmnpp,ami,101,back,101_back,1,4,96,bic,36.872931,0.92022,35.140496,0.984958,4,0.031275,34.253292,77.638423,35.318756,0.904961,0.114609,0.218248,0.933,cuda
safmnpp,ami,101,down,101_down,1,4,96,bic,37.018335,0.922384,35.34659,0.984196,4,0.029731,34.285218,69.157521,34.205016,0.92743,0.113624,0.231731,0.962,cuda
safmnpp,ami,101,front,101_front,1,4,96,bic,37.24043,0.926613,35.603069,0.985587,4,0.029356,34.500038,75.158668,34.378976,0.911954,0.099471,0.221451,0.946,cuda
safmnpp,ami,101,left,101_left,1,4,96,bic,37.25463,0.922043,35.648214,0.982585,4,0.047673,34.867802,73.176319,33.50287,0.858538,0.134482,0.230378,0.935,cuda
safmnpp,ami,101,right,101_right,1,4,96,bic,37.121221,0.929606,35.424131,0.986925,4,0.024801,34.40247,69.37162,35.477658,0.917372,0.101261,0.217908,0.936,cuda
safmnpp,ami,101,up,101_up,1,4,96,bic,36.872757,0.923213,35.211918,0.985421,4,0.029486,34.363061,71.989041,35.727501,0.918794,0.123933,0.195837,0.968,cuda
safmnpp,ami,101,zoom,101_zoom,1,4,96,bic,38.24212,0.94035,36.397654,0.989809,4,0.019341,35.653424,73.346815,38.164838,0.944554,0.09289,0.235173,0.956,cuda
safmnpp,ami,102,back,102_back,1,4,96,bic,36.482835,0.910888,34.659791,0.984671,4,0.029718,34.238462,77.990373,34.921861,0.896215,0.140233,0.238151,0.951,cuda
safmnpp,ami,102,down,102_down,1,4,96,bic,35.30414,0.890299,33.614709,0.9811,4,0.036483,33.232176,80.105185,34.992957,0.912306,0.172696,0.230532,0.943,cuda
safmnpp,ami,102,front,102_front,1,4,96,bic,35.63238,0.898956,33.934143,0.982607,4,0.034784,33.464749,77.831193,35.171873,0.917854,0.154562,0.238278,0.938,cuda
safmnpp,ami,102,left,102_left,1,4,96,bic,36.3546,0.905709,34.606843,0.984385,4,0.027875,34.318279,77.663516,35.870505,0.917697,0.199093,0.246493,0.962,cuda
safmnpp,ami,102,right,102_right,1,4,96,bic,35.168949,0.885519,33.443781,0.98072,4,0.036881,32.888397,79.630118,35.354572,0.926327,0.146106,0.233648,0.952,cuda
safmnpp,ami,102,up,102_up,1,4,96,bic,34.771186,0.87981,33.125048,0.978553,4,0.041315,32.557036,78.331725,35.466368,0.909911,0.201062,0.248122,0.931,cuda
safmnpp,ami,102,zoom,102_zoom,1,4,96,bic,36.241781,0.909518,34.433276,0.984368,4,0.034215,33.976405,74.615533,37.274847,0.940131,0.188678,0.234992,0.93,cuda
safmnpp,ami,103,back,103_back,2,4,96,bic,37.311787,0.924924,35.526916,0.98553,4,0.024344,34.495908,75.086056,34.832884,0.900578,0.089833,0.191747,0.937,cuda
safmnpp,ami,103,down,103_down,2,4,96,bic,38.363521,0.944639,36.563173,0.989216,4,0.025023,35.882712,77.60094,34.940008,0.930304,0.093309,0.224299,0.935,cuda
safmnpp,ami,103,front,103_front,2,4,96,bic,37.389668,0.934438,35.654779,0.987692,4,0.028286,35.068492,76.441608,34.173159,0.90513,0.101321,0.217651,0.947,cuda
safmnpp,ami,103,left,103_left,2,4,96,bic,39.300549,0.949403,37.470522,0.99011,4,0.01972,36.891227,76.592725,35.418549,0.90632,0.081801,0.180656,0.952,cuda
safmnpp,ami,103,right,103_right,2,4,96,bic,37.70625,0.935903,35.970585,0.986446,4,0.035196,34.996286,73.617866,35.789456,0.915881,0.087834,0.192992,0.937,cuda
safmnpp,ami,103,up,103_up,2,4,96,bic,37.132576,0.93071,35.45892,0.986666,4,0.027986,34.811558,71.602308,35.439889,0.912486,0.102038,0.202404,0.955,cuda
safmnpp,ami,103,zoom,103_zoom,2,4,96,bic,38.618587,0.948536,36.709548,0.991016,4,0.018082,35.957983,77.060074,36.741995,0.940891,0.086623,0.195906,0.938,cuda
safmnpp,ami,104,back,104_back,4,4,96,bic,33.922979,0.912668,32.345903,0.979927,4,0.044419,30.85406,69.983607,33.006255,0.89161,0.112138,0.182253,0.971,cuda
safmnpp,ami,104,down,104_down,4,4,96,bic,35.104812,0.902233,33.431564,0.976406,4,0.05343,32.588549,71.263513,32.600149,0.905312,0.123998,0.204745,0.949,cuda
safmnpp,ami,104,front,104_front,4,4,96,bic,36.019237,0.916117,34.366906,0.981909,4,0.027513,33.382707,71.647004,34.444678,0.912058,0.113817,0.205785,0.939,cuda
safmnpp,ami,104,left,104_left,4,4,96,bic,35.68311,0.909068,34.084151,0.97915,4,0.037144,33.099225,74.669825,33.208051,0.909654,0.150882,0.207943,0.969,cuda
safmnpp,ami,104,right,104_right,4,4,96,bic,36.081241,0.9263,34.393714,0.984634,4,0.025002,33.07341,74.689867,35.12318,0.921072,0.123879,0.186771,0.965,cuda
safmnpp,ami,104,up,104_up,4,4,96,bic,35.49455,0.907081,33.857297,0.98055,4,0.034084,32.610106,75.945011,34.156814,0.903191,0.111616,0.206459,0.951,cuda
safmnpp,ami,104,zoom,104_zoom,4,4,96,bic,35.569227,0.917211,33.909504,0.981996,4,0.041488,32.586402,72.899938,36.502781,0.937136,0.125839,0.209681,0.942,cuda
safmnpp,ami,105,back,105_back,5,4,96,bic,35.947887,0.90226,34.278347,0.982663,4,0.033594,33.245524,80.605493,35.737916,0.924357,0.120013,0.227649,0.943,cuda
safmnpp,ami,105,down,105_down,5,4,96,bic,36.251017,0.912526,34.430907,0.98351,4,0.031058,33.816185,79.72374,36.523617,0.92839,0.122221,0.216095,0.961,cuda
safmnpp,ami,105,front,105_front,5,4,96,bic,35.713109,0.903608,33.980645,0.983031,4,0.035337,33.339399,76.88249,36.372513,0.935159,0.117942,0.216093,0.933,cuda
safmnpp,ami,105,left,105_left,5,4,96,bic,36.019351,0.902967,34.412126,0.98118,4,0.043143,33.714604,78.423132,35.443764,0.904914,0.139678,0.229391,0.942,cuda
safmnpp,ami,105,right,105_right,5,4,96,bic,36.320425,0.911831,34.580597,0.983552,4,0.031726,33.911622,72.406425,35.0497,0.905288,0.124237,0.201568,0.954,cuda
safmnpp,ami,105,up,105_up,5,4,96,bic,34.925542,0.895358,33.161429,0.981769,4,0.0342,32.667916,73.964444,35.649629,0.90898,0.142197,0.20867,0.956,cuda
safmnpp,ami,105,zoom,105_zoom,5,4,96,bic,36.493595,0.921293,34.673748,0.987032,4,0.029876,34.129559,83.979654,37.974266,0.944729,0.127681,0.194121,0.95,cuda
safmnpp,ami,106,back,106_back,3,4,96,bic,35.66032,0.890671,33.886232,0.978974,4,0.039609,33.560755,75.918466,36.470155,0.916419,0.146276,0.191656,0.943,cuda
safmnpp,ami,106,down,106_down,3,4,96,bic,35.57939,0.899426,33.743163,0.981511,4,0.029054,33.574178,69.35817,35.39819,0.930121,0.168301,0.247088,0.931,cuda
safmnpp,ami,106,front,106_front,3,4,96,bic,35.978355,0.900383,34.10989,0.981335,4,0.034372,33.91465,74.175332,36.003944,0.91907,0.155606,0.250794,0.955,cuda
safmnpp,ami,106,left,106_left,3,4,96,bic,35.703386,0.895102,33.962027,0.980805,4,0.047945,33.565231,71.683015,35.357005,0.896055,0.158995,0.270483,0.964,cuda
safmnpp,ami,106,right,106_right,3,4,96,bic,35.309306,0.872146,33.542137,0.974827,4,0.042775,33.093431,78.875887,36.626312,0.923645,0.153854,0.238795,0.944,cuda
safmnpp,ami,106,up,106_up,3,4,96,bic,36.152315,0.896457,34.29228,0.980181,4,0.035286,34.020281,70.594463,35.579527,0.926004,0.18605,0.219738,0.94,cuda
safmnpp,ami,106,zoom,106_zoom,3,4,96,bic,36.676364,0.919724,34.735702,0.985481,4,0.028988,34.626123,75.974622,36.627996,0.928532,0.152638,0.240286,0.938,cuda
