model,dataset,subject,view,key,fold,scale,tier,degrade,psnr_y,ssim_y,psnr_rgb,ms_ssim_y,ms_ssim_scales,gmsd,grad_psnr,lr_psnr_y,psnr_y_c,ssim_y_c,lpips,dists,host_ms,device
span_ch48,ami,000,back,000_back,3,4,96,bicjpeg60,29.502782,0.696468,27.123387,0.888511,4,0.124274,28.844755,34.630955,27.820875,0.705725,0.418775,0.337243,20.852,cuda
span_ch48,ami,000,down,000_down,3,4,96,bicjpeg60,28.59113,0.687985,26.346767,0.876497,4,0.123481,28.092022,33.535111,26.250805,0.655041,0.467303,0.332986,0.78,cuda
span_ch48,ami,000,front,000_front,3,4,96,bicjpeg60,28.726959,0.677127,26.422848,0.85898,4,0.121155,28.247329,33.897709,26.634503,0.663554,0.4475,0.362815,0.79,cuda
span_ch48,ami,000,left,000_left,3,4,96,bicjpeg60,29.456273,0.733891,27.158649,0.894776,4,0.117145,28.774988,34.564446,27.351426,0.699834,0.373014,0.355926,0.79,cuda
span_ch48,ami,000,right,000_right,3,4,96,bicjpeg60,29.212988,0.704981,26.777669,0.886199,4,0.124081,28.728924,34.20755,28.151074,0.701053,0.442651,0.362407,0.8,cuda
span_ch48,ami,000,up,000_up,3,4,96,bicjpeg60,29.058324,0.698071,26.624936,0.884911,4,0.111794,28.61441,34.062412,27.78905,0.698479,0.52046,0.363537,0.813,cuda
span_ch48,ami,000,zoom,000_zoom,3,4,96,bicjpeg60,29.873756,0.767983,27.086871,0.897102,4,0.107812,29.583322,34.137429,29.509701,0.751806,0.436934,0.351981,0.8,cuda
span_ch48,ami,001,back,001_back,1,4,96,bicjpeg60,31.015472,0.756998,28.529679,0.895177,4,0.102884,30.668474,35.326117,28.495631,0.666789,0.397125,0.348357,0.819,cuda
span_ch48,ami,001,down,001_down,1,4,96,bicjpeg60,31.68982,0.801051,29.190699,0.912024,4,0.091936,31.471574,36.112781,29.255526,0.786293,0.376252,0.329586,0.79,cuda
span_ch48,ami,001,front,001_front,1,4,96,bicjpeg60,32.108819,0.805526,29.519909,0.906757,4,0.09631,31.847767,36.071493,29.905217,0.774003,0.354674,0.323388,0.819,cuda
span_ch48,ami,001,left,001_left,1,4,96,bicjpeg60,31.793656,0.795547,29.455875,0.885294,4,0.10746,31.320292,35.722976,28.475482,0.69969,0.37972,0.34846,0.801,cuda
span_ch48,ami,001,right,001_right,1,4,96,bicjpeg60,31.166298,0.780587,28.535857,0.905403,4,0.106324,30.457748,35.566227,28.666742,0.704459,0.387646,0.33944,0.786,cuda
span_ch48,ami,001,up,001_up,1,4,96,bicjpeg60,31.009912,0.767322,28.432221,0.897698,4,0.110412,30.207897,35.356712,28.982482,0.712337,0.427674,0.351541,0.796,cuda
span_ch48,ami,001,zoom,001_zoom,1,4,96,bicjpeg60,31.973485,0.803011,29.358733,0.908218,4,0.097631,31.861391,35.696485,30.854602,0.812471,0.402907,0.360774,0.795,cuda
span_ch48,ami,002,back,002_back,1,4,96,bicjpeg60,30.947052,0.742954,28.259763,0.887794,4,0.110928,30.670429,35.286487,28.948814,0.714036,0.383354,0.335989,0.781,cuda
span_ch48,ami,002,down,002_down,1,4,96,bicjpeg60,30.922648,0.750651,28.076451,0.896651,4,0.106909,30.526995,35.413286,29.759441,0.757094,0.418834,0.32274,0.803,cuda
span_ch48,ami,002,front,002_front,1,4,96,bicjpeg60,30.902264,0.742606,28.208789,0.892238,4,0.107677,30.53114,35.441697,29.364209,0.719356,0.450231,0.34601,0.797,cuda
span_ch48,ami,002,left,002_left,1,4,96,bicjpeg60,31.267772,0.755851,28.476827,0.888993,4,0.104248,31.057358,35.496468,29.442174,0.690793,0.457655,0.362957,0.777,cuda
span_ch48,ami,002,right,002_right,1,4,96,bicjpeg60,30.630207,0.750656,27.619713,0.891268,4,0.112612,30.11179,34.821902,28.576096,0.64895,0.447575,0.344064,0.812,cuda
span_ch48,ami,002,up,002_up,1,4,96,bicjpeg60,30.877523,0.747791,28.100516,0.889764,4,0.106743,30.589069,35.106135,29.294741,0.697179,0.432027,0.360881,0.805,cuda
span_ch48,ami,002,zoom,002_zoom,1,4,96,bicjpeg60,31.237661,0.762995,28.37383,0.891497,4,0.105282,31.403932,35.040075,30.234437,0.729453,0.375225,0.336503,0.762,cuda
span_ch48,ami,003,back,003_back,5,4,96,bicjpeg60,31.233813,0.755395,28.505195,0.903157,4,0.096031,30.947811,35.771921,29.011138,0.655962,0.446252,0.328309,0.801,cuda
span_ch48,ami,003,down,003_down,5,4,96,bicjpeg60,30.889824,0.741952,28.349754,0.880795,4,0.110499,30.957936,35.437978,28.279203,0.661935,0.432409,0.360681,0.796,cuda
span_ch48,ami,003,front,003_front,5,4,96,bicjpeg60,30.797485,0.729111,28.241191,0.881098,4,0.10023,30.425258,35.450109,28.961803,0.617211,0.507734,0.354238,0.769,cuda
span_ch48,ami,003,left,003_left,5,4,96,bicjpeg60,31.278852,0.760725,28.562505,0.883696,4,0.102868,31.14919,35.589106,28.358538,0.634286,0.430407,0.373917,0.818,cuda
span_ch48,ami,003,right,003_right,5,4,96,bicjpeg60,31.041688,0.755877,28.057313,0.897501,4,0.113613,31.143244,35.322687,29.198457,0.682539,0.463452,0.339101,0.805,cuda
span_ch48,ami,003,up,003_up,5,4,96,bicjpeg60,30.656951,0.731418,28.103962,0.879947,4,0.108757,30.438205,35.389299,28.852902,0.591111,0.482684,0.330824,0.788,cuda
span_ch48,ami,003,zoom,003_zoom,5,4,96,bicjpeg60,30.988898,0.740913,28.206204,0.868794,4,0.113099,30.725243,35.418219,28.932347,0.638918,0.423415,0.31465,0.815,cuda
span_ch48,ami,004,back,004_back,5,4,96,bicjpeg60,30.449326,0.752529,28.274095,0.896773,4,0.11464,29.810018,34.83336,29.501058,0.769309,0.380343,0.357118,0.795,cuda
span_ch48,ami,004,down,004_down,5,4,96,bicjpeg60,30.038626,0.726642,27.881522,0.886636,4,0.108215,29.443478,34.690746,28.676086,0.748782,0.383179,0.351083,0.783,cuda
span_ch48,ami,004,front,004_front,5,4,96,bicjpeg60,30.052481,0.72592,27.919772,0.88963,4,0.117699,29.58858,34.71745,28.192752,0.733958,0.355232,0.343151,0.798,cuda
span_ch48,ami,004,left,004_left,5,4,96,bicjpeg60,31.314479,0.772632,28.843683,0.911581,4,0.10093,30.60146,35.903644,29.007093,0.746561,0.361881,0.336192,0.781,cuda
span_ch48,ami,004,right,004_right,5,4,96,bicjpeg60,30.355685,0.750781,28.02638,0.897629,4,0.113599,30.044734,34.70963,29.377766,0.780847,0.375106,0.351143,0.812,cuda
span_ch48,ami,004,up,004_up,5,4,96,bicjpeg60,30.186586,0.732024,27.975898,0.889233,4,0.122234,29.4945,34.862756,28.377847,0.713045,0.364956,0.35536,0.796,cuda
span_ch48,ami,004,zoom,004_zoom,5,4,96,bicjpeg60,30.487238,0.762493,28.044433,0.900867,4,0.111103,29.996302,34.549246,30.69188,0.782202,0.342767,0.365624,0.804,cuda
span_ch48,ami,005,back,005_back,4,4,96,bicjpeg60,29.832638,0.72615,27.403735,0.875364,4,0.113597,28.215564,35.561739,29.3577,0.702445,0.470208,0.33806,0.781,cuda
span_ch48,ami,005,down,005_down,4,4,96,bicjpeg60,31.531085,0.769472,29.189686,0.900976,4,0.090258,30.711418,36.795009,29.512217,0.763136,0.452836,0.332966,0.808,cuda
span_ch48,ami,005,front,005_front,4,4,96,bicjpeg60,31.098717,0.755707,28.80108,0.876992,4,0.103868,30.48272,36.149727,29.326967,0.73249,0.452399,0.360033,0.771,cuda
span_ch48,ami,005,left,005_left,4,4,96,bicjpeg60,31.457601,0.780593,28.889582,0.90178,4,0.094426,31.495642,35.860266,28.901347,0.710195,0.398857,0.343942,0.81,cuda
span_ch48,ami,005,right,005_right,4,4,96,bicjpeg60,30.584354,0.751969,27.88151,0.878742,4,0.110842,30.142688,35.079416,29.02087,0.70515,0.490229,0.346574,0.785,cuda
span_ch48,ami,005,up,005_up,4,4,96,bicjpeg60,29.87012,0.703966,27.56558,0.86113,4,0.120557,28.77729,35.21166,29.062675,0.664031,0.45567,0.346113,0.806,cuda
span_ch48,ami,005,zoom,005_zoom,4,4,96,bicjpeg60,31.326652,0.766628,28.948653,0.882332,4,0.09961,30.568776,36.358247,31.257056,0.775603,0.461079,0.385938,0.804,cuda
span_ch48,ami,007,back,007_back,5,4,96,bicjpeg60,31.001001,0.742513,28.852419,0.874689,4,0.111134,30.413593,35.443632,28.945054,0.721396,0.350872,0.326966,0.778,cuda
span_ch48,ami,007,down,007_down,5,4,96,bicjpeg60,30.835498,0.740922,28.949264,0.870295,4,0.120137,30.304713,35.323302,29.508733,0.730556,0.388997,0.346852,0.776,cuda
span_ch48,ami,007,front,007_front,5,4,96,bicjpeg60,31.183255,0.754547,29.220236,0.871645,4,0.112309,30.816679,35.765625,29.112149,0.718999,0.420349,0.359707,0.782,cuda
span_ch48,ami,007,left,007_left,5,4,96,bicjpeg60,32.5988,0.7991,30.271917,0.902728,4,0.09472,31.723393,37.329043,30.068064,0.694913,0.476719,0.338541,0.811,cuda
span_ch48,ami,007,right,007_right,5,4,96,bicjpeg60,30.788631,0.778491,28.292787,0.902787,4,0.116995,29.991822,35.31104,29.655834,0.763356,0.336511,0.291542,0.799,cuda
span_ch48,ami,007,up,007_up,5,4,96,bicjpeg60,30.916864,0.744493,28.912814,0.868316,4,0.114783,30.225705,35.58796,29.392863,0.699739,0.370474,0.361168,0.783,cuda
span_ch48,ami,007,zoom,007_zoom,5,4,96,bicjpeg60,31.257234,0.775148,29.144882,0.884764,4,0.113177,30.953137,35.5102,30.181201,0.763927,0.34378,0.331413,0.807,cuda
span_ch48,ami,008,back,008_back,5,4,96,bicjpeg60,31.34018,0.778626,28.659078,0.9013,4,0.106556,31.088743,35.852645,29.456014,0.732675,0.37935,0.31592,0.789,cuda
span_ch48,ami,008,down,008_down,5,4,96,bicjpeg60,31.056849,0.769492,28.912035,0.893071,4,0.106904,30.695255,35.624357,28.246736,0.704885,0.419106,0.354683,0.798,cuda
span_ch48,ami,008,front,008_front,5,4,96,bicjpeg60,30.065129,0.743492,27.992151,0.887887,4,0.116073,29.649484,34.751887,28.414423,0.660875,0.398161,0.366309,0.781,cuda
span_ch48,ami,008,left,008_left,5,4,96,bicjpeg60,31.366066,0.776346,29.075472,0.905169,4,0.11271,30.980771,35.818023,28.821011,0.687365,0.414523,0.336111,0.803,cuda
span_ch48,ami,008,right,008_right,5,4,96,bicjpeg60,30.241568,0.749947,28.039956,0.875227,4,0.114522,30.043492,34.980747,29.20558,0.699298,0.411885,0.345882,0.79,cuda
span_ch48,ami,008,up,008_up,5,4,96,bicjpeg60,30.246572,0.748498,28.029608,0.882739,4,0.111002,30.111195,34.673054,28.646816,0.669865,0.396131,0.351808,0.788,cuda
span_ch48,ami,008,zoom,008_zoom,5,4,96,bicjpeg60,30.837249,0.763379,28.521957,0.89056,4,0.11655,30.364664,35.145454,30.202051,0.717984,0.356228,0.362056,0.802,cuda
span_ch48,ami,009,back,009_back,4,4,96,bicjpeg60,29.801641,0.771238,27.533987,0.893573,4,0.111638,27.993521,34.913816,29.717118,0.691377,0.333785,0.30849,0.819,cuda
span_ch48,ami,009,down,009_down,4,4,96,bicjpeg60,30.131067,0.754577,27.653936,0.878137,4,0.111933,30.351231,34.122945,28.755535,0.74064,0.381826,0.318405,0.789,cuda
span_ch48,ami,009,front,009_front,4,4,96,bicjpeg60,28.652155,0.75001,26.363835,0.886187,4,0.125612,27.360063,34.355738,28.945376,0.726663,0.357922,0.3034,0.809,cuda
span_ch48,ami,009,left,009_left,4,4,96,bicjpeg60,31.366,0.780719,28.516184,0.890403,4,0.097644,31.576589,35.513633,29.052913,0.705263,0.346459,0.320472,0.776,cuda
span_ch48,ami,009,right,009_right,4,4,96,bicjpeg60,31.090779,0.78576,27.878577,0.904082,4,0.103009,30.935559,35.144819,29.991214,0.747778,0.397765,0.298614,0.797,cuda
span_ch48,ami,009,up,009_up,4,4,96,bicjpeg60,27.724188,0.700538,25.442794,0.873862,4,0.120663,26.793589,33.081343,28.50426,0.685919,0.363786,0.313342,0.779,cuda
span_ch48,ami,009,zoom,009_zoom,4,4,96,bicjpeg60,30.326119,0.781381,27.414791,0.889528,4,0.104442,29.450895,34.731391,30.258833,0.745503,0.372407,0.329926,0.802,cuda
span_ch48,ami,010,back,010_back,2,4,96,bicjpeg60,31.145535,0.751818,28.519223,0.894631,4,0.104092,31.00834,35.564427,29.277662,0.738485,0.407798,0.33527,0.79,cuda
span_ch48,ami,010,down,010_down,2,4,96,bicjpeg60,31.049946,0.764274,28.425096,0.901473,4,0.106292,30.842515,35.320079,30.08568,0.756472,0.424591,0.343937,0.807,cuda
span_ch48,ami,010,front,010_front,2,4,96,bicjpeg60,30.437785,0.754064,27.798911,0.896094,4,0.116504,30.264446,34.918916,28.932972,0.747181,0.424757,0.357134,0.793,cuda
span_ch48,ami,010,left,010_left,2,4,96,bicjpeg60,31.164041,0.778214,28.425036,0.911616,4,0.10254,31.18224,35.181066,29.871108,0.731604,0.404118,0.347142,0.807,cuda
span_ch48,ami,010,right,010_right,2,4,96,bicjpeg60,30.722428,0.760259,28.117648,0.902521,4,0.110403,30.400373,35.310916,29.831228,0.741563,0.427262,0.347047,0.796,cuda
span_ch48,ami,010,up,010_up,2,4,96,bicjpeg60,30.640979,0.762912,28.092739,0.902212,4,0.112978,30.002946,34.929343,29.1687,0.721966,0.377966,0.34057,0.815,cuda
span_ch48,ami,010,zoom,010_zoom,2,4,96,bicjpeg60,31.202238,0.787376,28.552404,0.913697,4,0.10378,30.999006,35.428225,30.553585,0.742903,0.417298,0.353718,0.8,cuda
span_ch48,ami,011,back,011_back,5,4,96,bicjpeg60,30.28022,0.758258,27.95433,0.878127,4,0.111705,30.098477,34.49625,28.173575,0.645458,0.394995,0.34595,0.814,cuda
span_ch48,ami,011,down,011_down,5,4,96,bicjpeg60,29.7675,0.732357,27.36547,0.878443,4,0.12271,29.648619,33.963955,28.593452,0.750796,0.347345,0.345872,0.799,cuda
span_ch48,ami,011,front,011_front,5,4,96,bicjpeg60,29.904634,0.72848,27.421465,0.87101,4,0.130753,29.552018,34.188729,28.486664,0.709161,0.377071,0.365063,0.81,cuda
span_ch48,ami,011,left,011_left,5,4,96,bicjpeg60,30.533311,0.7551,28.19004,0.893153,4,0.108526,30.181929,34.645639,28.430935,0.731398,0.381634,0.359032,0.793,cuda
span_ch48,ami,011,right,011_right,5,4,96,bicjpeg60,29.997963,0.726916,27.55676,0.856088,4,0.12134,29.6593,34.259476,28.691453,0.689529,0.427109,0.361339,0.778,cuda
span_ch48,ami,011,up,011_up,5,4,96,bicjpeg60,29.727044,0.729974,27.283572,0.875505,4,0.116342,29.468569,34.021291,28.362458,0.662004,0.390039,0.356367,0.817,cuda
span_ch48,ami,011,zoom,011_zoom,5,4,96,bicjpeg60,30.57716,0.778846,27.961916,0.893983,4,0.115222,30.552208,34.336979,28.829871,0.721642,0.364924,0.323807,0.788,cuda
span_ch48,ami,012,back,012_back,3,4,96,bicjpeg60,31.505505,0.790704,28.880039,0.896832,4,0.104353,31.227529,35.827072,28.524009,0.697327,0.326763,0.308801,0.807,cuda
span_ch48,ami,012,down,012_down,3,4,96,bicjpeg60,31.34621,0.79408,28.660944,0.905235,4,0.106597,30.48873,36.162208,28.898254,0.720436,0.321997,0.32431,0.782,cuda
span_ch48,ami,012,front,012_front,3,4,96,bicjpeg60,31.163382,0.777345,28.285064,0.892919,4,0.108145,30.417518,35.504877,28.53162,0.67254,0.390568,0.339728,0.811,cuda
span_ch48,ami,012,left,012_left,3,4,96,bicjpeg60,30.964359,0.78317,28.34137,0.885955,4,0.116399,30.847351,35.420337,28.299089,0.694395,0.31402,0.354408,0.792,cuda
span_ch48,ami,012,right,012_right,3,4,96,bicjpeg60,31.294449,0.782497,28.551379,0.893813,4,0.111275,30.448438,35.863428,28.43193,0.671593,0.360038,0.342861,0.807,cuda
span_ch48,ami,012,up,012_up,3,4,96,bicjpeg60,30.757303,0.766504,27.866307,0.892997,4,0.10787,30.060843,35.234964,28.447743,0.6648,0.410563,0.335382,0.785,cuda
span_ch48,ami,012,zoom,012_zoom,3,4,96,bicjpeg60,31.270943,0.776652,28.377473,0.89196,4,0.107816,30.703324,35.425327,29.166218,0.686096,0.373684,0.349613,0.791,cuda
span_ch48,ami,013,back,013_back,1,4,96,bicjpeg60,30.47488,0.738215,28.248878,0.871206,4,0.124891,29.714459,35.15234,29.467015,0.707777,0.389293,0.349115,0.819,cuda
span_ch48,ami,013,down,013_down,1,4,96,bicjpeg60,31.006978,0.757595,28.719339,0.877035,4,0.110492,30.299042,35.650554,28.763369,0.734708,0.45862,0.324331,0.792,cuda
span_ch48,ami,013,front,013_front,1,4,96,bicjpeg60,31.26381,0.760991,28.892001,0.87193,4,0.109428,30.781687,35.7638,29.190446,0.672524,0.410875,0.367707,0.765,cuda
span_ch48,ami,013,left,013_left,1,4,96,bicjpeg60,31.244653,0.759371,28.902289,0.873579,4,0.109319,30.703533,35.666587,28.448228,0.69201,0.403041,0.346354,0.785,cuda
span_ch48,ami,013,right,013_right,1,4,96,bicjpeg60,30.857993,0.753188,28.531675,0.863623,4,0.113756,30.454752,35.01902,29.385632,0.676558,0.455959,0.343506,0.815,cuda
span_ch48,ami,013,up,013_up,1,4,96,bicjpeg60,30.624392,0.741395,28.341489,0.876626,4,0.116486,29.921842,35.393674,29.311146,0.706378,0.450959,0.318334,0.789,cuda
span_ch48,ami,013,zoom,013_zoom,1,4,96,bicjpeg60,31.14772,0.764761,28.800225,0.871042,4,0.110994,30.994018,34.974126,29.266507,0.705688,0.461917,0.359424,0.811,cuda
span_ch48,ami,014,back,014_back,5,4,96,bicjpeg60,30.871934,0.736027,28.190635,0.89446,4,0.116936,30.334044,35.349859,29.908581,0.669859,0.399017,0.337085,0.787,cuda
span_ch48,ami,014,down,014_down,5,4,96,bicjpeg60,30.447808,0.735719,27.819791,0.885486,4,0.123219,30.486736,34.549873,28.784588,0.692096,0.427044,0.340153,0.763,cuda
span_ch48,ami,014,front,014_front,5,4,96,bicjpeg60,30.877227,0.771863,28.199035,0.903103,4,0.111206,29.952669,35.263395,29.627718,0.712087,0.396484,0.342477,0.813,cuda
span_ch48,ami,014,left,014_left,5,4,96,bicjpeg60,31.070369,0.744823,28.464094,0.889337,4,0.111437,30.462694,35.972701,28.704219,0.668412,0.399097,0.324111,0.808,cuda
span_ch48,ami,014,right,014_right,5,4,96,bicjpeg60,30.482505,0.75538,27.747339,0.887194,4,0.112212,30.134985,34.692254,29.920952,0.717992,0.4021,0.341497,0.776,cuda
span_ch48,ami,014,up,014_up,5,4,96,bicjpeg60,30.572348,0.738132,27.991325,0.886836,4,0.105756,30.362697,34.773554,29.527022,0.67913,0.405218,0.339032,0.806,cuda
span_ch48,ami,014,zoom,014_zoom,5,4,96,bicjpeg60,30.704426,0.754034,27.988636,0.896405,4,0.103709,30.445769,35.071076,30.114452,0.715898,0.37814,0.353185,0.794,cuda
span_ch48,ami,018,back,018_back,1,4,96,bicjpeg60,31.066784,0.78756,28.371878,0.905154,4,0.120771,29.975847,35.550568,28.652516,0.692753,0.22239,0.336161,0.775,cuda
span_ch48,ami,018,down,018_down,1,4,96,bicjpeg60,30.770015,0.802178,28.191524,0.910522,4,0.116517,29.981709,35.174434,27.175685,0.656228,0.294027,0.335757,0.817,cuda
span_ch48,ami,018,front,018_front,1,4,96,bicjpeg60,31.144993,0.806067,28.41858,0.914151,4,0.119508,30.52082,35.277572,27.815778,0.704665,0.331756,0.344982,0.787,cuda
span_ch48,ami,018,left,018_left,1,4,96,bicjpeg60,32.184436,0.829977,29.466462,0.921202,4,0.101719,31.799643,36.082106,28.569559,0.750725,0.251029,0.332679,0.784,cuda
span_ch48,ami,018,right,018_right,1,4,96,bicjpeg60,31.037478,0.816579,28.251318,0.920237,4,0.109906,30.218921,35.135483,28.066255,0.705801,0.317302,0.323182,0.8,cuda
span_ch48,ami,018,up,018_up,1,4,96,bicjpeg60,30.928778,0.80668,28.293551,0.912735,4,0.121094,29.902547,35.305101,27.738434,0.700078,0.308563,0.323287,0.803,cuda
span_ch48,ami,018,zoom,018_zoom,1,4,96,bicjpeg60,30.769536,0.802344,28.331342,0.912801,4,0.11672,30.208207,35.13769,28.54095,0.71844,0.261672,0.336833,0.792,cuda
span_ch48,ami,019,back,019_back,4,4,96,bicjpeg60,29.556045,0.749319,27.304965,0.883783,4,0.11765,29.024974,33.903748,28.238471,0.66045,0.349013,0.365996,0.779,cuda
span_ch48,ami,019,down,019_down,4,4,96,bicjpeg60,29.307777,0.756597,27.095826,0.907961,4,0.128563,28.319763,34.273332,28.109836,0.713234,0.377039,0.348018,0.812,cuda
span_ch48,ami,019,front,019_front,4,4,96,bicjpeg60,29.351478,0.748769,27.048435,0.899239,4,0.125042,28.360236,34.119108,28.50056,0.699292,0.346813,0.350681,0.793,cuda
span_ch48,ami,019,left,019_left,4,4,96,bicjpeg60,29.100999,0.737746,26.912129,0.898065,4,0.121618,28.599332,33.41455,27.907135,0.677792,0.349221,0.368329,0.818,cuda
span_ch48,ami,019,right,019_right,4,4,96,bicjpeg60,29.078904,0.737723,26.972394,0.884608,4,0.132033,28.239775,34.131404,27.749861,0.657232,0.37424,0.325232,0.797,cuda
span_ch48,ami,019,up,019_up,4,4,96,bicjpeg60,29.728484,0.760326,27.437941,0.903771,4,0.120527,28.7603,34.427134,28.516168,0.700733,0.354362,0.359894,0.79,cuda
span_ch48,ami,019,zoom,019_zoom,4,4,96,bicjpeg60,29.488565,0.748584,27.087422,0.898563,4,0.125492,28.512052,34.03388,29.468352,0.692179,0.425808,0.36448,0.81,cuda
span_ch48,ami,020,back,020_back,1,4,96,bicjpeg60,31.043587,0.774204,28.56154,0.894316,4,0.107493,30.322092,35.377552,29.62357,0.742847,0.344343,0.306689,0.79,cuda
span_ch48,ami,020,down,020_down,1,4,96,bicjpeg60,31.222319,0.780106,28.827754,0.90101,4,0.10163,30.415334,35.878537,28.173238,0.728088,0.439389,0.358211,0.811,cuda
span_ch48,ami,020,front,020_front,1,4,96,bicjpeg60,31.098055,0.769901,28.659533,0.898152,4,0.099058,30.723909,35.462079,28.944795,0.705578,0.473182,0.355721,0.793,cuda
span_ch48,ami,020,left,020_left,1,4,96,bicjpeg60,31.707161,0.800873,29.257697,0.908027,4,0.093869,31.634943,35.755529,28.818955,0.754178,0.354324,0.327985,0.787,cuda
span_ch48,ami,020,right,020_right,1,4,96,bicjpeg60,30.321704,0.753884,27.826229,0.898466,4,0.113727,29.799725,34.77367,28.884349,0.708724,0.40729,0.295357,0.769,cuda
span_ch48,ami,020,up,020_up,1,4,96,bicjpeg60,30.736312,0.750274,28.12062,0.885185,4,0.108428,30.353014,34.812639,28.796395,0.660671,0.462441,0.361773,0.813,cuda
span_ch48,ami,020,zoom,020_zoom,1,4,96,bicjpeg60,31.353836,0.787733,28.708967,0.900696,4,0.099753,31.117238,35.467687,29.999943,0.76511,0.429915,0.349897,0.782,cuda
span_ch48,ami,021,back,021_back,2,4,96,bicjpeg60,31.595124,0.757245,29.318805,0.882535,4,0.110273,31.164337,36.00831,29.286402,0.725466,0.435063,0.362163,0.808,cuda
span_ch48,ami,021,down,021_down,2,4,96,bicjpeg60,31.314966,0.755395,29.195398,0.876274,4,0.103776,31.068874,35.663756,27.879347,0.662873,0.46332,0.367112,0.778,cuda
span_ch48,ami,021,front,021_front,2,4,96,bicjpeg60,31.687794,0.760225,29.492814,0.870054,4,0.107267,31.475142,35.95691,28.629813,0.677822,0.379704,0.314886,0.8,cuda
span_ch48,ami,021,left,021_left,2,4,96,bicjpeg60,32.68621,0.803682,30.373262,0.9049,4,0.100261,32.358836,36.952651,29.823617,0.725358,0.372434,0.320334,0.788,cuda
span_ch48,ami,021,right,021_right,2,4,96,bicjpeg60,31.710506,0.779361,29.401299,0.898733,4,0.102647,31.565479,35.741693,29.537654,0.754656,0.41972,0.30387,0.781,cuda
span_ch48,ami,021,up,021_up,2,4,96,bicjpeg60,31.333995,0.758919,29.110257,0.883204,4,0.105737,31.118428,35.490813,29.112978,0.673968,0.441257,0.337735,0.797,cuda
span_ch48,ami,021,zoom,021_zoom,2,4,96,bicjpeg60,32.154348,0.796541,29.890382,0.888339,4,0.09534,32.727469,36.045779,29.556246,0.717912,0.404408,0.337412,0.789,cuda
span_ch48,ami,022,back,022_back,2,4,96,bicjpeg60,31.880096,0.837439,29.150697,0.921796,4,0.09621,31.251838,36.170418,27.069918,0.68172,0.268654,0.301324,0.779,cuda
span_ch48,ami,022,down,022_down,2,4,96,bicjpeg60,32.361289,0.831033,29.434466,0.918404,4,0.093252,32.061455,36.722789,29.13794,0.763766,0.320226,0.302993,0.78,cuda
span_ch48,ami,022,front,022_front,2,4,96,bicjpeg60,31.508643,0.80758,28.970277,0.906502,4,0.107294,30.981314,35.807319,27.755232,0.695397,0.344705,0.305792,0.806,cuda
span_ch48,ami,022,left,022_left,2,4,96,bicjpeg60,32.36841,0.828177,29.608601,0.912112,4,0.100156,32.3627,36.520365,28.026403,0.644667,0.316959,0.319106,0.795,cuda
span_ch48,ami,022,right,022_right,2,4,96,bicjpeg60,31.315866,0.800761,28.777773,0.899883,4,0.105333,30.816285,35.5555,28.120895,0.680952,0.29321,0.323418,0.791,cuda
span_ch48,ami,022,up,022_up,2,4,96,bicjpeg60,31.70994,0.816378,29.142214,0.912694,4,0.096921,30.97257,36.048072,28.458063,0.703341,0.302302,0.281579,0.783,cuda
span_ch48,ami,022,zoom,022_zoom,2,4,96,bicjpeg60,31.949105,0.806766,29.183132,0.906173,4,0.104806,31.433903,35.95984,29.681478,0.742123,0.353128,0.319654,0.775,cuda
span_ch48,ami,023,back,023_back,5,4,96,bicjpeg60,30.493912,0.7332,28.127883,0.896162,4,0.111703,30.59595,34.89047,29.904638,0.721804,0.349803,0.287044,0.809,cuda
span_ch48,ami,023,down,023_down,5,4,96,bicjpeg60,30.784593,0.754873,28.584432,0.883029,4,0.117986,30.741891,35.333011,28.891772,0.738462,0.411593,0.320131,0.79,cuda
span_ch48,ami,023,front,023_front,5,4,96,bicjpeg60,30.729712,0.747271,28.444486,0.882349,4,0.105547,30.591216,34.925514,29.221571,0.726108,0.374902,0.335783,0.773,cuda
span_ch48,ami,023,left,023_left,5,4,96,bicjpeg60,33.029714,0.822959,30.157158,0.911279,4,0.090284,32.827493,37.133461,30.486749,0.736389,0.362253,0.34413,0.755,cuda
span_ch48,ami,023,right,023_right,5,4,96,bicjpeg60,30.558434,0.755896,28.175023,0.886917,4,0.102519,30.042517,35.149248,29.601754,0.717345,0.390038,0.342302,0.808,cuda
span_ch48,ami,023,up,023_up,5,4,96,bicjpeg60,30.254818,0.744329,27.913922,0.883839,4,0.109564,29.747961,35.092819,29.092003,0.689764,0.369135,0.338659,0.801,cuda
span_ch48,ami,023,zoom,023_zoom,5,4,96,bicjpeg60,30.682337,0.755561,28.283662,0.871886,4,0.111887,30.642488,34.424102,30.200821,0.769786,0.427332,0.328294,0.814,cuda
span_ch48,ami,024,back,024_back,3,4,96,bicjpeg60,30.98957,0.775806,28.431426,0.899504,4,0.113692,30.444057,35.383577,27.782232,0.63439,0.280463,0.318568,0.799,cuda
span_ch48,ami,024,down,024_down,3,4,96,bicjpeg60,31.427033,0.795584,28.567503,0.905717,4,0.102667,31.185594,35.804792,28.115265,0.694677,0.339289,0.338239,0.786,cuda
span_ch48,ami,024,front,024_front,3,4,96,bicjpeg60,31.198403,0.792244,28.491171,0.910138,4,0.103485,30.859607,35.784664,28.166725,0.694243,0.336648,0.333888,0.813,cuda
span_ch48,ami,024,left,024_left,3,4,96,bicjpeg60,31.121651,0.779955,28.356946,0.902123,4,0.10463,30.953672,35.375298,27.719046,0.682006,0.345873,0.313381,0.807,cuda
span_ch48,ami,024,right,024_right,3,4,96,bicjpeg60,30.774618,0.801537,27.997725,0.919559,4,0.117055,30.112388,34.970984,28.267328,0.724684,0.271214,0.282006,0.799,cuda
span_ch48,ami,024,up,024_up,3,4,96,bicjpeg60,30.57593,0.781884,27.8828,0.90114,4,0.114348,30.101141,34.698681,27.706678,0.63049,0.383349,0.334329,0.794,cuda
span_ch48,ami,024,zoom,024_zoom,3,4,96,bicjpeg60,30.596735,0.782444,27.996218,0.90512,4,0.114285,29.875763,35.070239,28.766922,0.715248,0.349749,0.329396,0.783,cuda
span_ch48,ami,025,back,025_back,2,4,96,bicjpeg60,30.561954,0.741635,28.410759,0.879169,4,0.118617,29.874569,35.193629,29.031049,0.730166,0.395207,0.327037,0.784,cuda
span_ch48,ami,025,down,025_down,2,4,96,bicjpeg60,30.308894,0.738194,28.239024,0.885721,4,0.12639,29.700221,34.695678,29.402027,0.773675,0.360238,0.31224,0.779,cuda
span_ch48,ami,025,front,025_front,2,4,96,bicjpeg60,30.135151,0.728779,28.01764,0.87496,4,0.123178,29.433496,34.556785,29.820477,0.766907,0.390047,0.3594,0.772,cuda
span_ch48,ami,025,left,025_left,2,4,96,bicjpeg60,31.190024,0.768402,29.096071,0.900945,4,0.113191,30.755152,35.698555,30.003575,0.773812,0.377107,0.337869,0.789,cuda
span_ch48,ami,025,right,025_right,2,4,96,bicjpeg60,29.798614,0.735883,27.570308,0.889996,4,0.130181,28.829865,34.597901,29.371185,0.764473,0.374828,0.317639,0.776,cuda
span_ch48,ami,025,up,025_up,2,4,96,bicjpeg60,29.92256,0.728069,27.784043,0.881219,4,0.120161,29.415605,34.306773,29.931064,0.771259,0.435804,0.372874,0.802,cuda
span_ch48,ami,025,zoom,025_zoom,2,4,96,bicjpeg60,30.516444,0.771424,28.287872,0.898023,4,0.118465,29.916998,34.505395,30.713292,0.817038,0.367092,0.362405,0.774,cuda
span_ch48,ami,026,back,026_back,1,4,96,bicjpeg60,30.50478,0.769961,27.856097,0.893158,4,0.121096,29.936183,34.946749,28.753318,0.672509,0.363493,0.306102,0.798,cuda
span_ch48,ami,026,down,026_down,1,4,96,bicjpeg60,30.688649,0.779439,28.162293,0.891035,4,0.116404,30.393279,34.539964,29.302492,0.731777,0.292459,0.299691,0.795,cuda
span_ch48,ami,026,front,026_front,1,4,96,bicjpeg60,30.5476,0.777786,28.078268,0.90163,4,0.115623,30.188832,34.771253,29.190728,0.77636,0.286054,0.292821,0.819,cuda
span_ch48,ami,026,left,026_left,1,4,96,bicjpeg60,31.571611,0.80159,28.968972,0.896434,4,0.106867,31.394511,35.534962,29.203433,0.748151,0.355265,0.311802,0.788,cuda
span_ch48,ami,026,right,026_right,1,4,96,bicjpeg60,31.475217,0.785462,28.858427,0.897121,4,0.10896,31.341145,35.439633,30.158816,0.756403,0.333267,0.3214,0.814,cuda
span_ch48,ami,026,up,026_up,1,4,96,bicjpeg60,30.2323,0.777289,27.800888,0.894642,4,0.107566,29.281817,34.508444,29.020825,0.744712,0.34604,0.313491,0.783,cuda
span_ch48,ami,026,zoom,026_zoom,1,4,96,bicjpeg60,30.538547,0.788698,27.832349,0.898268,4,0.116087,30.357242,34.246566,30.312916,0.775508,0.31924,0.313109,0.81,cuda
span_ch48,ami,027,back,027_back,3,4,96,bicjpeg60,31.040927,0.784551,28.680391,0.89346,4,0.105969,30.876838,34.933278,28.659703,0.681168,0.283395,0.329384,0.794,cuda
span_ch48,ami,027,down,027_down,3,4,96,bicjpeg60,30.944193,0.773621,28.747158,0.908244,4,0.110204,30.509315,35.110002,30.631801,0.780017,0.318051,0.331619,0.772,cuda
span_ch48,ami,027,front,027_front,3,4,96,bicjpeg60,30.885329,0.780088,28.730045,0.907913,4,0.114328,30.503498,34.960315,30.085752,0.764908,0.31635,0.329745,0.813,cuda
span_ch48,ami,027,left,027_left,3,4,96,bicjpeg60,30.446191,0.766156,28.384018,0.902447,4,0.120242,30.288701,34.474228,28.951043,0.739305,0.375902,0.365242,0.801,cuda
span_ch48,ami,027,right,027_right,3,4,96,bicjpeg60,30.79922,0.783071,28.523755,0.912656,4,0.108875,30.188734,35.03052,30.344386,0.766155,0.364018,0.33832,0.79,cuda
span_ch48,ami,027,up,027_up,3,4,96,bicjpeg60,30.812937,0.783267,28.605312,0.908067,4,0.105624,30.381178,34.99929,30.097274,0.765414,0.327109,0.338855,0.769,cuda
span_ch48,ami,027,zoom,027_zoom,3,4,96,bicjpeg60,30.23912,0.774273,28.036544,0.904129,4,0.114712,29.259137,34.622288,30.814273,0.780369,0.400862,0.325538,0.794,cuda
span_ch48,ami,028,back,028_back,2,4,96,bicjpeg60,30.523241,0.773702,28.130692,0.885736,4,0.107137,29.705478,35.030114,28.354608,0.633884,0.354213,0.353848,0.778,cuda
span_ch48,ami,028,down,028_down,2,4,96,bicjpeg60,30.421833,0.76255,28.250698,0.899433,4,0.116228,29.670029,35.328875,28.710665,0.753812,0.448282,0.355798,0.81,cuda
span_ch48,ami,028,front,028_front,2,4,96,bicjpeg60,30.72164,0.765201,28.502442,0.904273,4,0.106788,30.242928,35.710321,28.709998,0.71505,0.487127,0.351551,0.796,cuda
span_ch48,ami,028,left,028_left,2,4,96,bicjpeg60,31.176325,0.796078,28.960314,0.905498,4,0.107398,29.959074,35.838719,29.427657,0.72776,0.381917,0.333667,0.782,cuda
span_ch48,ami,028,right,028_right,2,4,96,bicjpeg60,29.63542,0.733155,27.471731,0.886603,4,0.114844,28.054506,34.831492,29.8687,0.728817,0.367078,0.303424,0.804,cuda
span_ch48,ami,028,up,028_up,2,4,96,bicjpeg60,30.474368,0.758444,28.263627,0.900308,4,0.111225,29.431512,35.449375,29.065221,0.709875,0.403455,0.358596,0.796,cuda
span_ch48,ami,028,zoom,028_zoom,2,4,96,bicjpeg60,30.790787,0.77217,28.451036,0.899461,4,0.099608,30.385176,35.351188,30.293517,0.748967,0.467073,0.356189,0.77,cuda
span_ch48,ami,029,back,029_back,5,4,96,bicjpeg60,31.219954,0.730641,28.351093,0.883128,4,0.104816,30.695348,35.77401,29.819367,0.668305,0.390203,0.352244,0.813,cuda
span_ch48,ami,029,down,029_down,5,4,96,bicjpeg60,30.766686,0.725967,28.241796,0.870078,4,0.115193,30.055576,35.694248,29.701816,0.7309,0.48069,0.372207,0.779,cuda
span_ch48,ami,029,front,029_front,5,4,96,bicjpeg60,30.673782,0.713898,27.957355,0.860977,4,0.124305,30.008207,35.34263,29.795119,0.646452,0.498773,0.338809,0.77,cuda
span_ch48,ami,029,left,029_left,5,4,96,bicjpeg60,31.417547,0.757688,28.591041,0.888421,4,0.095209,31.393666,35.834462,29.22584,0.691811,0.496244,0.36379,0.815,cuda
span_ch48,ami,029,right,029_right,5,4,96,bicjpeg60,30.607525,0.74636,27.735345,0.889681,4,0.113741,30.2505,35.190245,29.944493,0.719901,0.396769,0.342137,0.808,cuda
span_ch48,ami,029,up,029_up,5,4,96,bicjpeg60,30.492014,0.710774,27.870326,0.863242,4,0.124731,29.75491,35.395375,29.533045,0.651087,0.463585,0.332866,0.783,cuda
span_ch48,ami,029,zoom,029_zoom,5,4,96,bicjpeg60,31.249308,0.753757,28.527678,0.888251,4,0.106321,30.946378,35.492834,30.323618,0.713288,0.460431,0.341622,0.784,cuda
span_ch48,ami,030,back,030_back,1,4,96,bicjpeg60,30.610354,0.761691,27.880721,0.901428,4,0.113743,30.136482,34.886132,28.54442,0.674834,0.300621,0.317173,0.818,cuda
span_ch48,ami,030,down,030_down,1,4,96,bicjpeg60,30.674597,0.764541,28.066379,0.887393,4,0.112986,30.206585,35.023466,28.381371,0.67569,0.3456,0.332863,0.783,cuda
span_ch48,ami,030,front,030_front,1,4,96,bicjpeg60,31.08597,0.774113,28.340257,0.895197,4,0.10781,30.74228,35.248442,28.998629,0.699429,0.39428,0.339476,0.811,cuda
span_ch48,ami,030,left,030_left,1,4,96,bicjpeg60,31.313602,0.775469,28.529092,0.897277,4,0.111419,30.784164,35.390096,28.656904,0.6845,0.398851,0.337501,0.788,cuda
span_ch48,ami,030,right,030_right,1,4,96,bicjpeg60,30.388109,0.761763,27.710908,0.896877,4,0.115109,29.980608,34.719426,28.19942,0.707021,0.401765,0.32326,0.819,cuda
span_ch48,ami,030,up,030_up,1,4,96,bicjpeg60,30.309538,0.745515,27.674688,0.883667,4,0.116434,29.742801,34.453477,28.910376,0.660065,0.363168,0.315661,0.792,cuda
span_ch48,ami,030,zoom,030_zoom,1,4,96,bicjpeg60,30.872284,0.776059,28.044225,0.899328,4,0.106521,30.712678,34.746297,29.336883,0.712903,0.41785,0.361792,0.78,cuda
span_ch48,ami,031,back,031_back,5,4,96,bicjpeg60,30.580384,0.761703,28.022286,0.898737,4,0.111332,30.230498,34.659117,28.851381,0.673583,0.345646,0.339343,0.801,cuda
span_ch48,ami,031,down,031_down,5,4,96,bicjpeg60,30.124622,0.764393,27.68771,0.899935,4,0.106251,29.153826,34.825284,29.091859,0.699878,0.36701,0.310564,0.805,cuda
span_ch48,ami,031,front,031_front,5,4,96,bicjpeg60,30.697651,0.77624,28.148875,0.905632,4,0.107685,30.225438,34.983448,29.110738,0.690081,0.381779,0.318576,0.791,cuda
span_ch48,ami,031,left,031_left,5,4,96,bicjpeg60,30.362369,0.763849,27.886826,0.903129,4,0.111188,29.420503,35.329128,28.548534,0.667192,0.328418,0.294652,0.78,cuda
span_ch48,ami,031,right,031_right,5,4,96,bicjpeg60,30.945206,0.786342,28.295099,0.909075,4,0.104229,30.736456,35.326746,29.532054,0.732429,0.340343,0.318375,0.803,cuda
span_ch48,ami,031,up,031_up,5,4,96,bicjpeg60,30.323517,0.764406,27.89243,0.90058,4,0.105242,29.583388,34.92541,29.150713,0.670228,0.400383,0.322701,0.777,cuda
span_ch48,ami,031,zoom,031_zoom,5,4,96,bicjpeg60,30.440809,0.768296,27.829923,0.894452,4,0.107464,30.455255,34.587854,29.413319,0.71492,0.378921,0.307418,0.806,cuda
span_ch48,ami,032,back,032_back,3,4,96,bicjpeg60,30.914569,0.809085,27.943236,0.915489,4,0.105609,30.041949,35.470556,28.183049,0.685773,0.31352,0.306857,0.799,cuda
span_ch48,ami,032,down,032_down,3,4,96,bicjpeg60,31.004535,0.809205,28.215964,0.915298,4,0.104275,30.336143,35.459552,28.047356,0.726833,0.329662,0.332086,0.785,cuda
span_ch48,ami,032,front,032_front,3,4,96,bicjpeg60,31.002997,0.805161,28.02645,0.913013,4,0.106763,30.545142,35.139618,28.237414,0.729148,0.329885,0.322966,0.811,cuda
span_ch48,ami,032,left,032_left,3,4,96,bicjpeg60,31.175867,0.807901,28.227878,0.916187,4,0.112618,30.335414,35.822096,29.489316,0.739766,0.3539,0.319333,0.805,cuda
span_ch48,ami,032,right,032_right,3,4,96,bicjpeg60,31.029385,0.804237,28.096408,0.919489,4,0.103929,30.183613,35.529879,27.959552,0.651022,0.324408,0.305902,0.757,cuda
span_ch48,ami,032,up,032_up,3,4,96,bicjpeg60,31.092991,0.806821,28.026289,0.918528,4,0.103687,30.524269,35.329834,28.296424,0.700193,0.316797,0.321997,0.802,cuda
span_ch48,ami,032,zoom,032_zoom,3,4,96,bicjpeg60,30.904558,0.80377,27.853984,0.915925,4,0.103044,30.411089,34.937898,28.89761,0.714071,0.313065,0.333709,0.807,cuda
span_ch48,ami,033,back,033_back,3,4,96,bicjpeg60,32.121055,0.7996,29.446024,0.898808,4,0.099885,32.150852,36.005597,29.89801,0.701259,0.36313,0.311874,0.794,cuda
span_ch48,ami,033,down,033_down,3,4,96,bicjpeg60,31.441276,0.802091,29.035671,0.902495,4,0.105062,31.580077,35.292169,30.580671,0.770814,0.304176,0.322267,0.778,cuda
span_ch48,ami,033,front,033_front,3,4,96,bicjpeg60,31.608693,0.791831,28.960492,0.89765,4,0.111481,31.646264,35.269321,29.724963,0.744417,0.358307,0.326302,0.81,cuda
span_ch48,ami,033,left,033_left,3,4,96,bicjpeg60,32.682441,0.826906,30.08529,0.903707,4,0.098899,32.715199,36.560415,29.908009,0.723716,0.364508,0.322435,0.784,cuda
span_ch48,ami,033,right,033_right,3,4,96,bicjpeg60,30.972642,0.785119,28.290365,0.900899,4,0.108647,30.370365,34.956392,29.666552,0.741377,0.344214,0.315913,0.778,cuda
span_ch48,ami,033,up,033_up,3,4,96,bicjpeg60,31.053523,0.769598,28.542497,0.884371,4,0.111915,31.247081,34.878073,29.35188,0.71312,0.397741,0.330573,0.789,cuda
span_ch48,ami,033,zoom,033_zoom,3,4,96,bicjpeg60,30.825914,0.775538,28.394716,0.890051,4,0.117435,30.758788,34.789995,30.756364,0.776895,0.329904,0.322444,0.803,cuda
span_ch48,ami,034,back,034_back,4,4,96,bicjpeg60,29.969708,0.718059,27.82908,0.875692,4,0.129323,29.191914,34.739904,28.547557,0.67899,0.428335,0.306404,0.794,cuda
span_ch48,ami,034,down,034_down,4,4,96,bicjpeg60,30.315243,0.735836,28.257381,0.889929,4,0.128878,29.182942,35.225855,28.887693,0.773263,0.431977,0.318373,0.81,cuda
span_ch48,ami,034,front,034_front,4,4,96,bicjpeg60,30.221799,0.729819,28.060827,0.882615,4,0.122133,29.620526,34.873442,28.844255,0.75479,0.393918,0.325581,0.792,cuda
span_ch48,ami,034,left,034_left,4,4,96,bicjpeg60,30.76873,0.748607,28.584409,0.886014,4,0.11049,30.263653,35.651016,28.894793,0.678277,0.434119,0.353449,0.784,cuda
span_ch48,ami,034,right,034_right,4,4,96,bicjpeg60,30.215729,0.728355,27.948006,0.884224,4,0.121382,29.309902,35.172167,29.546757,0.709893,0.394879,0.307341,0.81,cuda
span_ch48,ami,034,up,034_up,4,4,96,bicjpeg60,29.745465,0.713071,27.55253,0.87883,4,0.123311,28.977544,34.602773,28.966227,0.682675,0.409611,0.354057,0.792,cuda
span_ch48,ami,034,zoom,034_zoom,4,4,96,bicjpeg60,30.81543,0.769974,28.60625,0.891388,4,0.120337,30.707198,34.906508,29.980751,0.755699,0.416541,0.336888,0.776,cuda
span_ch48,ami,035,back,035_back,5,4,96,bicjpeg60,31.800032,0.79507,29.066041,0.893735,4,0.113034,31.78281,35.677817,29.12203,0.69074,0.349687,0.35036,0.797,cuda
span_ch48,ami,035,down,035_down,5,4,96,bicjpeg60,31.8758,0.810673,29.242522,0.902542,4,0.098698,31.972586,35.985538,29.57951,0.750025,0.339691,0.351445,0.788,cuda
span_ch48,ami,035,front,035_front,5,4,96,bicjpeg60,31.589549,0.793318,28.851042,0.893269,4,0.117683,31.444519,35.627721,29.291386,0.726012,0.329464,0.322339,0.811,cuda
span_ch48,ami,035,left,035_left,5,4,96,bicjpeg60,32.43559,0.823372,29.656714,0.899742,4,0.097814,33.015821,36.240362,29.193494,0.742646,0.344399,0.339516,0.813,cuda
span_ch48,ami,035,right,035_right,5,4,96,bicjpeg60,31.634841,0.787668,28.9422,0.88175,4,0.110889,31.853255,35.476027,28.798129,0.688283,0.386541,0.347634,0.796,cuda
span_ch48,ami,035,up,035_up,5,4,96,bicjpeg60,31.242982,0.77838,28.695902,0.878197,4,0.11177,31.637144,35.088005,28.907227,0.695593,0.350436,0.3122,0.782,cuda
span_ch48,ami,035,zoom,035_zoom,5,4,96,bicjpeg60,31.644951,0.806174,28.996345,0.896771,4,0.103634,31.503578,35.479596,30.57313,0.764795,0.286525,0.331635,0.784,cuda
span_ch48,ami,036,back,036_back,2,4,96,bicjpeg60,31.014605,0.769913,28.90294,0.887451,4,0.112275,30.421161,35.292075,28.004173,0.628344,0.327028,0.330355,0.806,cuda
span_ch48,ami,036,down,036_down,2,4,96,bicjpeg60,32.330419,0.807817,30.225023,0.907495,4,0.103194,31.685385,37.008806,29.754094,0.745631,0.391389,0.373678,0.782,cuda
span_ch48,ami,036,front,036_front,2,4,96,bicjpeg60,32.066959,0.793938,30.018886,0.896316,4,0.09973,31.486055,36.391457,30.180696,0.747415,0.37829,0.341743,0.791,cuda
span_ch48,ami,036,left,036_left,2,4,96,bicjpeg60,32.706107,0.823656,30.525919,0.91456,4,0.086781,32.346797,37.210272,29.57403,0.715138,0.356097,0.328974,0.793,cuda
span_ch48,ami,036,right,036_right,2,4,96,bicjpeg60,31.042523,0.782426,28.805928,0.897919,4,0.116338,30.184591,35.316893,28.56879,0.697998,0.378876,0.333453,0.807,cuda
span_ch48,ami,036,up,036_up,2,4,96,bicjpeg60,31.357483,0.774576,29.343618,0.896335,4,0.111738,30.826419,35.773463,29.512008,0.686114,0.352854,0.337218,0.792,cuda
span_ch48,ami,036,zoom,036_zoom,2,4,96,bicjpeg60,32.158906,0.809565,30.067,0.899891,4,0.100636,31.932364,36.186109,30.900251,0.797392,0.357777,0.350313,0.778,cuda
span_ch48,ami,037,back,037_back,2,4,96,bicjpeg60,31.746469,0.776754,29.568542,0.895022,4,0.099349,31.554254,36.197865,28.425407,0.729966,0.427628,0.292577,0.798,cuda
span_ch48,ami,037,down,037_down,2,4,96,bicjpeg60,31.748122,0.785926,29.580669,0.892106,4,0.102706,31.282633,36.158057,29.253808,0.771587,0.421734,0.315619,0.761,cuda
span_ch48,ami,037,front,037_front,2,4,96,bicjpeg60,31.946182,0.787508,29.765845,0.888012,4,0.105039,31.311569,36.163547,29.289893,0.769631,0.400749,0.31938,0.807,cuda
span_ch48,ami,037,left,037_left,2,4,96,bicjpeg60,31.762567,0.785819,29.615661,0.880647,4,0.111411,31.861032,35.677289,28.172467,0.741293,0.379028,0.331882,0.787,cuda
span_ch48,ami,037,right,037_right,2,4,96,bicjpeg60,31.218891,0.772617,29.018713,0.880102,4,0.124547,30.585297,35.411661,28.817707,0.685152,0.458566,0.331315,0.781,cuda
span_ch48,ami,037,up,037_up,2,4,96,bicjpeg60,31.139424,0.760617,29.028731,0.874378,4,0.111522,30.775937,35.345729,28.727644,0.737784,0.447299,0.336869,0.791,cuda
span_ch48,ami,037,zoom,037_zoom,2,4,96,bicjpeg60,31.160577,0.774109,28.985288,0.881647,4,0.112568,31.269842,35.157477,30.564672,0.76691,0.406491,0.327169,0.783,cuda
span_ch48,ami,038,back,038_back,2,4,96,bicjpeg60,31.156246,0.770137,28.695286,0.894134,4,0.107256,30.845666,35.41313,28.58811,0.720389,0.346812,0.310513,0.81,cuda
span_ch48,ami,038,down,038_down,2,4,96,bicjpeg60,30.45486,0.726989,28.379954,0.879068,4,0.114852,30.099294,35.007456,28.117796,0.734074,0.384815,0.326373,0.775,cuda
span_ch48,ami,038,front,038_front,2,4,96,bicjpeg60,30.724092,0.743148,28.571088,0.883155,4,0.110844,30.665235,35.16441,28.572644,0.719806,0.436772,0.327165,0.804,cuda
span_ch48,ami,038,left,038_left,2,4,96,bicjpeg60,31.845606,0.774984,29.629044,0.900707,4,0.109106,31.403881,36.528945,29.444973,0.748134,0.418043,0.371075,0.787,cuda
span_ch48,ami,038,right,038_right,2,4,96,bicjpeg60,31.124881,0.775503,28.766798,0.897104,4,0.102597,31.056636,35.580307,28.456088,0.756461,0.415433,0.322794,0.806,cuda
span_ch48,ami,038,up,038_up,2,4,96,bicjpeg60,30.331619,0.730724,28.198924,0.87408,4,0.127715,29.720297,34.893042,28.722691,0.683175,0.39023,0.304173,0.786,cuda
span_ch48,ami,038,zoom,038_zoom,2,4,96,bicjpeg60,31.407565,0.775393,29.131462,0.894991,4,0.110195,31.265898,35.455006,30.323404,0.78734,0.359252,0.364631,0.803,cuda
span_ch48,ami,039,back,039_back,2,4,96,bicjpeg60,31.207351,0.790215,28.610285,0.894581,4,0.102585,31.033592,35.379899,27.474893,0.634805,0.300452,0.286313,0.803,cuda
span_ch48,ami,039,down,039_down,2,4,96,bicjpeg60,30.735621,0.792968,28.334936,0.895549,4,0.102414,30.286978,35.107923,26.866383,0.640423,0.341938,0.309831,0.792,cuda
span_ch48,ami,039,front,039_front,2,4,96,bicjpeg60,31.097246,0.796445,28.476825,0.896444,4,0.108796,30.692857,35.319243,27.566883,0.636674,0.313805,0.336582,0.807,cuda
span_ch48,ami,039,left,039_left,2,4,96,bicjpeg60,32.105995,0.826293,29.429775,0.912697,4,0.094268,31.924282,36.36545,28.483447,0.675184,0.316095,0.322906,0.782,cuda
span_ch48,ami,039,right,039_right,2,4,96,bicjpeg60,30.898796,0.803313,28.262384,0.912015,4,0.116638,30.322889,35.257735,27.680105,0.694456,0.384527,0.313724,0.81,cuda
span_ch48,ami,039,up,039_up,2,4,96,bicjpeg60,31.287434,0.788994,28.705343,0.897209,4,0.100107,31.054878,35.43617,28.166745,0.645139,0.303325,0.328241,0.779,cuda
span_ch48,ami,039,zoom,039_zoom,2,4,96,bicjpeg60,31.638669,0.811355,28.903431,0.89402,4,0.099276,32.081279,35.245424,28.501666,0.660585,0.308087,0.324568,0.775,cuda
span_ch48,ami,040,back,040_back,4,4,96,bicjpeg60,31.137135,0.782205,28.524291,0.897418,4,0.114129,30.770191,35.476405,29.008501,0.686172,0.307652,0.307625,0.806,cuda
span_ch48,ami,040,down,040_down,4,4,96,bicjpeg60,31.191901,0.789182,28.651271,0.898946,4,0.097528,31.118231,35.401386,28.187533,0.708297,0.409541,0.327874,0.786,cuda
span_ch48,ami,040,front,040_front,4,4,96,bicjpeg60,31.066718,0.785923,28.382194,0.892838,4,0.096171,31.04162,35.06293,28.376323,0.71538,0.379662,0.322394,0.811,cuda
span_ch48,ami,040,left,040_left,4,4,96,bicjpeg60,31.534917,0.79769,28.907977,0.89813,4,0.104368,31.683485,35.681249,28.054037,0.647815,0.383443,0.334939,0.797,cuda
span_ch48,ami,040,right,040_right,4,4,96,bicjpeg60,31.011991,0.788934,28.24671,0.899373,4,0.104184,31.071372,35.024566,28.394416,0.710317,0.392709,0.321005,0.778,cuda
span_ch48,ami,040,up,040_up,4,4,96,bicjpeg60,30.944601,0.787484,28.259011,0.896991,4,0.098469,30.583354,35.1823,28.464572,0.688987,0.385689,0.342932,0.785,cuda
span_ch48,ami,040,zoom,040_zoom,4,4,96,bicjpeg60,31.268513,0.803676,28.537099,0.901995,4,0.101602,30.988392,35.295478,29.896787,0.767095,0.3759,0.348266,0.818,cuda
span_ch48,ami,041,back,041_back,5,4,96,bicjpeg60,30.767689,0.751265,28.347153,0.881619,4,0.112753,30.721622,34.850008,28.467243,0.670835,0.403492,0.313754,0.792,cuda
span_ch48,ami,041,down,041_down,5,4,96,bicjpeg60,31.623257,0.794561,28.994385,0.896893,4,0.102851,31.790741,35.690979,28.417354,0.713264,0.443406,0.35707,0.785,cuda
span_ch48,ami,041,front,041_front,5,4,96,bicjpeg60,31.273538,0.781973,28.729615,0.894227,4,0.101409,31.548864,35.34787,28.765117,0.675098,0.466585,0.343384,0.807,cuda
span_ch48,ami,041,left,041_left,5,4,96,bicjpeg60,33.156093,0.830065,30.215342,0.910631,4,0.088461,33.5064,36.86078,29.822041,0.741233,0.39291,0.338733,0.785,cuda
span_ch48,ami,041,right,041_right,5,4,96,bicjpeg60,30.823844,0.757171,28.136397,0.886264,4,0.11156,30.437339,35.040806,28.695633,0.712622,0.406846,0.315824,0.802,cuda
span_ch48,ami,041,up,041_up,5,4,96,bicjpeg60,30.81429,0.765031,28.280097,0.885629,4,0.109454,31.037701,34.971561,28.818273,0.679526,0.443441,0.343075,0.786,cuda
span_ch48,ami,041,zoom,041_zoom,5,4,96,bicjpeg60,31.576444,0.79499,28.800069,0.891152,4,0.110647,31.89233,35.10149,29.177424,0.720063,0.412043,0.36226,0.793,cuda
span_ch48,ami,042,back,042_back,4,4,96,bicjpeg60,30.426693,0.726577,28.024228,0.881806,4,0.113017,29.953159,35.301773,28.678727,0.694436,0.38314,0.354534,0.773,cuda
span_ch48,ami,042,down,042_down,4,4,96,bicjpeg60,30.865048,0.758888,28.61253,0.900264,4,0.109935,30.308397,35.279899,28.297723,0.716585,0.387527,0.316515,0.786,cuda
span_ch48,ami,042,front,042_front,4,4,96,bicjpeg60,30.402593,0.737059,28.190041,0.890368,4,0.120306,30.004147,34.9339,28.880351,0.744609,0.373025,0.335447,0.774,cuda
span_ch48,ami,042,left,042_left,4,4,96,bicjpeg60,31.3396,0.773032,29.180523,0.884718,4,0.107238,31.028742,35.598019,28.848902,0.677147,0.405525,0.33658,0.773,cuda
span_ch48,ami,042,right,042_right,4,4,96,bicjpeg60,30.118696,0.727241,27.836459,0.892512,4,0.119499,29.585394,34.809193,29.488523,0.776078,0.351332,0.333643,0.781,cuda
span_ch48,ami,042,up,042_up,4,4,96,bicjpeg60,29.90575,0.706327,27.727756,0.876414,4,0.123547,29.346827,34.508648,28.545968,0.692891,0.398881,0.341637,0.762,cuda
span_ch48,ami,042,zoom,042_zoom,4,4,96,bicjpeg60,30.611638,0.765884,28.244001,0.893693,4,0.118136,30.369926,34.75894,30.29803,0.784127,0.321242,0.340995,0.798,cuda
span_ch48,ami,043,back,043_back,4,4,96,bicjpeg60,30.731733,0.785762,28.241522,0.915607,4,0.119429,30.192746,35.056123,29.210328,0.759744,0.301843,0.322597,0.8,cuda
span_ch48,ami,043,down,043_down,4,4,96,bicjpeg60,30.986311,0.773746,28.64143,0.909895,4,0.100634,30.813551,35.398811,28.725476,0.745293,0.422332,0.342013,0.781,cuda
span_ch48,ami,043,front,043_front,4,4,96,bicjpeg60,30.849548,0.770984,28.464422,0.904979,4,0.107916,30.648356,34.932464,29.213839,0.725761,0.384852,0.339508,0.812,cuda
span_ch48,ami,043,left,043_left,4,4,96,bicjpeg60,31.290059,0.787574,28.969007,0.911184,4,0.097555,31.145651,35.759578,28.720175,0.713212,0.384415,0.328575,0.785,cuda
span_ch48,ami,043,right,043_right,4,4,96,bicjpeg60,30.811804,0.786452,28.253042,0.911705,4,0.115772,30.663479,34.706645,29.539998,0.77306,0.304312,0.279553,0.81,cuda
span_ch48,ami,043,up,043_up,4,4,96,bicjpeg60,30.481874,0.751291,28.085716,0.896805,4,0.112081,30.390394,34.544243,29.38902,0.722518,0.358091,0.323784,0.783,cuda
span_ch48,ami,043,zoom,043_zoom,4,4,96,bicjpeg60,31.368942,0.787756,28.809015,0.907023,4,0.100166,31.527229,35.159968,30.034283,0.760979,0.377701,0.334247,0.802,cuda
span_ch48,ami,044,back,044_back,5,4,96,bicjpeg60,31.082978,0.795149,28.5317,0.90946,4,0.100029,31.236624,35.073675,28.129274,0.710331,0.353226,0.327668,0.774,cuda
span_ch48,ami,044,down,044_down,5,4,96,bicjpeg60,30.742088,0.800839,28.191774,0.904494,4,0.101446,30.647956,34.789267,27.398884,0.717922,0.385714,0.336338,0.779,cuda
span_ch48,ami,044,front,044_front,5,4,96,bicjpeg60,30.674504,0.793908,28.262356,0.906729,4,0.108494,29.981694,34.802497,28.435247,0.745122,0.3451,0.334984,0.788,cuda
span_ch48,ami,044,left,044_left,5,4,96,bicjpeg60,31.275856,0.800123,28.735512,0.909244,4,0.105645,30.679237,35.623486,28.142592,0.698383,0.322504,0.319055,0.784,cuda
span_ch48,ami,044,right,044_right,5,4,96,bicjpeg60,31.463721,0.812283,28.509394,0.914812,4,0.10238,31.154496,35.295125,29.116759,0.775412,0.354262,0.325724,0.81,cuda
span_ch48,ami,044,up,044_up,5,4,96,bicjpeg60,31.058009,0.796826,28.489951,0.908531,4,0.110172,30.324457,35.411858,28.330998,0.742759,0.386507,0.338102,0.777,cuda
span_ch48,ami,044,zoom,044_zoom,5,4,96,bicjpeg60,30.946855,0.806189,28.400806,0.912495,4,0.105775,30.525677,34.87492,29.926769,0.789437,0.35909,0.324093,0.77,cuda
span_ch48,ami,045,back,045_back,2,4,96,bicjpeg60,30.450035,0.761666,28.217114,0.89136,4,0.113639,30.150232,34.709382,28.956004,0.688944,0.31947,0.311584,0.785,cuda
span_ch48,ami,045,down,045_down,2,4,96,bicjpeg60,31.887718,0.811997,29.423154,0.912681,4,0.104474,31.729327,35.740914,29.359894,0.73632,0.393944,0.32265,0.761,cuda
span_ch48,ami,045,front,045_front,2,4,96,bicjpeg60,31.335924,0.793368,28.839151,0.894624,4,0.103183,31.522221,35.043802,28.648648,0.708097,0.366526,0.364136,0.762,cuda
span_ch48,ami,045,left,045_left,2,4,96,bicjpeg60,32.782301,0.820985,30.068839,0.912169,4,0.098209,32.533848,36.517619,30.2092,0.730965,0.387121,0.317336,0.785,cuda
span_ch48,ami,045,right,045_right,2,4,96,bicjpeg60,30.686109,0.754135,28.11496,0.878083,4,0.125501,30.118008,34.628281,29.54372,0.683933,0.411762,0.347184,0.767,cuda
span_ch48,ami,045,up,045_up,2,4,96,bicjpeg60,31.133911,0.772361,28.676115,0.886932,4,0.108668,31.190589,34.911611,29.22263,0.687727,0.356891,0.342681,0.758,cuda
span_ch48,ami,045,zoom,045_zoom,2,4,96,bicjpeg60,32.050728,0.813353,29.434136,0.901034,4,0.096508,32.082293,35.632741,29.525799,0.737882,0.290359,0.33576,0.814,cuda
span_ch48,ami,046,back,046_back,5,4,96,bicjpeg60,29.906538,0.766682,27.434604,0.89183,4,0.111556,29.479112,34.097364,29.409928,0.726363,0.376911,0.319498,0.798,cuda
span_ch48,ami,046,down,046_down,5,4,96,bicjpeg60,31.878012,0.819846,29.253907,0.909371,4,0.093628,31.666568,35.807003,28.486954,0.755377,0.350717,0.325556,0.761,cuda
span_ch48,ami,046,front,046_front,5,4,96,bicjpeg60,31.229231,0.79357,28.574222,0.897024,4,0.106929,31.313383,35.075754,28.156778,0.730567,0.394721,0.330447,0.787,cuda
span_ch48,ami,046,left,046_left,5,4,96,bicjpeg60,32.126726,0.818246,29.373665,0.901638,4,0.098771,32.014184,36.079975,28.697914,0.650007,0.333698,0.335117,0.805,cuda
span_ch48,ami,046,right,046_right,5,4,96,bicjpeg60,30.948987,0.790334,28.144416,0.899754,4,0.110539,30.590981,34.820532,28.625726,0.698931,0.311777,0.321302,0.761,cuda
span_ch48,ami,046,up,046_up,5,4,96,bicjpeg60,30.322448,0.764036,27.641453,0.895485,4,0.110423,30.00219,34.240324,28.856747,0.718537,0.355815,0.320099,0.769,cuda
span_ch48,ami,046,zoom,046_zoom,5,4,96,bicjpeg60,31.541921,0.801486,28.68996,0.903278,4,0.102477,31.597912,35.044409,30.016227,0.759157,0.342437,0.343018,0.809,cuda
span_ch48,ami,047,back,047_back,3,4,96,bicjpeg60,31.180699,0.77452,28.702752,0.891032,4,0.115578,30.739591,35.397576,29.835121,0.738079,0.321117,0.305073,0.77,cuda
span_ch48,ami,047,down,047_down,3,4,96,bicjpeg60,31.622065,0.784601,29.101861,0.896457,4,0.102792,31.483434,35.81051,29.467857,0.77963,0.3335,0.298015,0.767,cuda
span_ch48,ami,047,front,047_front,3,4,96,bicjpeg60,31.692495,0.789525,29.142975,0.899609,4,0.107255,31.368219,35.705972,29.912562,0.764875,0.376285,0.308909,0.8,cuda
span_ch48,ami,047,left,047_left,3,4,96,bicjpeg60,31.399641,0.776273,29.038854,0.894404,4,0.098924,31.384143,35.698729,29.629181,0.762368,0.40962,0.356042,0.757,cuda
span_ch48,ami,047,right,047_right,3,4,96,bicjpeg60,31.78525,0.794536,29.032541,0.897504,4,0.106159,31.3287,35.947417,29.30369,0.714767,0.390116,0.313694,0.8,cuda
span_ch48,ami,047,up,047_up,3,4,96,bicjpeg60,31.119292,0.755929,28.655813,0.878634,4,0.107785,30.810563,35.24287,29.240505,0.68729,0.413167,0.34087,0.77,cuda
span_ch48,ami,047,zoom,047_zoom,3,4,96,bicjpeg60,32.058449,0.797165,29.47801,0.895863,4,0.102516,32.196282,35.589399,31.624563,0.784105,0.323425,0.333077,0.76,cuda
span_ch48,ami,048,back,048_back,1,4,96,bicjpeg60,31.115245,0.779342,28.515485,0.896378,4,0.110366,30.72194,35.519812,29.222723,0.687295,0.384748,0.328643,0.807,cuda
span_ch48,ami,048,down,048_down,1,4,96,bicjpeg60,31.387124,0.797827,29.078652,0.901796,4,0.104133,31.07704,35.709248,28.075989,0.703221,0.354529,0.34017,0.79,cuda
span_ch48,ami,048,front,048_front,1,4,96,bicjpeg60,31.163073,0.788669,28.837783,0.900098,4,0.107002,31.352012,34.905783,28.649121,0.708049,0.352081,0.335294,0.792,cuda
span_ch48,ami,048,left,048_left,1,4,96,bicjpeg60,31.759786,0.813686,29.411986,0.898018,4,0.102299,32.170876,35.218681,28.200542,0.67211,0.333647,0.333542,0.779,cuda
span_ch48,ami,048,right,048_right,1,4,96,bicjpeg60,30.848172,0.778122,28.398198,0.884385,4,0.113037,30.629752,35.005774,28.349339,0.724705,0.33988,0.339376,0.773,cuda
span_ch48,ami,048,up,048_up,1,4,96,bicjpeg60,30.921493,0.783693,28.504984,0.897288,4,0.104326,30.987249,34.920377,28.958418,0.694409,0.339323,0.336679,0.756,cuda
span_ch48,ami,048,zoom,048_zoom,1,4,96,bicjpeg60,31.75911,0.806345,29.332356,0.906907,4,0.106754,32.033634,35.324362,30.516816,0.801963,0.315559,0.356401,0.796,cuda
span_ch48,ami,051,back,051_back,4,4,96,bicjpeg60,30.541406,0.780235,28.518357,0.904354,4,0.110912,30.148966,34.660603,28.575437,0.706072,0.412708,0.309863,0.773,cuda
span_ch48,ami,051,down,051_down,4,4,96,bicjpeg60,30.672636,0.786579,28.602332,0.897769,4,0.110358,30.586313,34.933991,28.055931,0.720776,0.407345,0.337971,0.802,cuda
span_ch48,ami,051,front,051_front,4,4,96,bicjpeg60,30.428338,0.768894,28.337257,0.894604,4,0.120505,29.970463,34.63806,29.08283,0.721666,0.385782,0.314953,0.778,cuda
span_ch48,ami,051,left,051_left,4,4,96,bicjpeg60,31.822321,0.814033,29.555437,0.901849,4,0.097711,31.624742,35.51421,28.99507,0.71262,0.370017,0.300889,0.786,cuda
span_ch48,ami,051,right,051_right,4,4,96,bicjpeg60,31.058384,0.786746,28.567982,0.903714,4,0.107966,30.769661,35.189636,28.393395,0.684569,0.325416,0.321369,0.786,cuda
span_ch48,ami,051,up,051_up,4,4,96,bicjpeg60,30.104378,0.757666,28.091936,0.887905,4,0.118139,29.893169,34.092846,28.908713,0.703302,0.373625,0.315705,0.784,cuda
span_ch48,ami,051,zoom,051_zoom,4,4,96,bicjpeg60,31.830677,0.823876,29.64269,0.908291,4,0.101025,31.910691,35.045358,29.92446,0.765339,0.315577,0.30534,0.787,cuda
span_ch48,ami,052,back,052_back,1,4,96,bicjpeg60,30.306992,0.764214,27.930103,0.901139,4,0.108258,29.764377,34.564665,28.434713,0.705646,0.275519,0.301947,0.82,cuda
span_ch48,ami,052,down,052_down,1,4,96,bicjpeg60,30.672304,0.802056,28.233024,0.926697,4,0.099993,30.383045,34.770803,29.01071,0.759831,0.304207,0.288622,0.792,cuda
span_ch48,ami,052,front,052_front,1,4,96,bicjpeg60,30.289298,0.780136,27.957893,0.920957,4,0.120298,29.67525,34.529712,28.112413,0.711432,0.296953,0.325516,0.796,cuda
span_ch48,ami,052,left,052_left,1,4,96,bicjpeg60,31.204282,0.825627,28.766983,0.929092,4,0.097385,31.333836,35.305117,27.683249,0.731809,0.301696,0.338889,0.759,cuda
span_ch48,ami,052,right,052_right,1,4,96,bicjpeg60,29.942465,0.769094,27.623865,0.904928,4,0.119139,29.356431,34.316644,28.558478,0.775857,0.313003,0.307062,0.79,cuda
span_ch48,ami,052,up,052_up,1,4,96,bicjpeg60,30.648942,0.799944,28.180125,0.919546,4,0.102787,29.875846,34.896373,28.378048,0.742036,0.310473,0.336021,0.78,cuda
span_ch48,ami,052,zoom,052_zoom,1,4,96,bicjpeg60,30.830449,0.805795,28.454494,0.924435,4,0.109779,30.218935,34.691786,30.344725,0.790434,0.311396,0.328053,0.775,cuda
span_ch48,ami,053,back,053_back,3,4,96,bicjpeg60,30.916644,0.769222,28.114644,0.903081,4,0.103389,30.681374,34.901764,29.233063,0.706696,0.306906,0.291395,0.763,cuda
span_ch48,ami,053,down,053_down,3,4,96,bicjpeg60,30.384027,0.750637,27.780782,0.878762,4,0.113925,30.373972,34.551884,27.878186,0.643639,0.423586,0.332597,0.804,cuda
span_ch48,ami,053,front,053_front,3,4,96,bicjpeg60,30.860637,0.762544,28.205693,0.888556,4,0.101459,30.707266,35.217629,28.056078,0.674611,0.381099,0.353619,0.793,cuda
span_ch48,ami,053,left,053_left,3,4,96,bicjpeg60,31.279499,0.794116,28.505586,0.903155,4,0.104613,30.575028,35.554461,28.407548,0.662828,0.359413,0.33684,0.81,cuda
span_ch48,ami,053,right,053_right,3,4,96,bicjpeg60,31.132197,0.788621,28.139262,0.907601,4,0.100774,30.985524,35.335069,28.942669,0.716146,0.319927,0.322963,0.792,cuda
span_ch48,ami,053,up,053_up,3,4,96,bicjpeg60,30.211321,0.736728,27.534861,0.882478,4,0.114867,29.213871,34.730331,28.316004,0.622952,0.410975,0.349809,0.794,cuda
span_ch48,ami,053,zoom,053_zoom,3,4,96,bicjpeg60,31.078027,0.782825,28.138876,0.896853,4,0.113822,30.543033,35.304997,28.801754,0.693418,0.33552,0.34283,0.8,cuda
span_ch48,ami,054,back,054_back,3,4,96,bicjpeg60,30.55526,0.775975,27.872114,0.895697,4,0.104314,29.693044,34.919468,27.886406,0.682281,0.326822,0.313519,0.781,cuda
span_ch48,ami,054,down,054_down,3,4,96,bicjpeg60,30.924193,0.792661,28.436525,0.900451,4,0.110766,30.521887,35.111301,27.862281,0.717407,0.343945,0.342299,0.779,cuda
span_ch48,ami,054,front,054_front,3,4,96,bicjpeg60,30.538211,0.76113,28.138909,0.881858,4,0.118852,30.199392,34.473306,28.100895,0.669382,0.353092,0.296352,0.792,cuda
span_ch48,ami,054,left,054_left,3,4,96,bicjpeg60,31.56093,0.790478,29.050241,0.906907,4,0.110228,31.356686,35.374112,28.820958,0.694058,0.398807,0.328488,0.792,cuda
span_ch48,ami,054,right,054_right,3,4,96,bicjpeg60,30.682217,0.779981,28.150668,0.901434,4,0.111616,30.162899,34.798784,27.867325,0.669095,0.320446,0.328717,0.807,cuda
span_ch48,ami,054,up,054_up,3,4,96,bicjpeg60,30.186529,0.761197,27.507931,0.893592,4,0.11981,29.803033,34.377875,28.566711,0.67425,0.335041,0.299621,0.799,cuda
span_ch48,ami,054,zoom,054_zoom,3,4,96,bicjpeg60,31.008953,0.788378,28.197276,0.892168,4,0.114977,30.358598,34.895225,28.978389,0.705317,0.327687,0.317334,0.777,cuda
span_ch48,ami,055,back,055_back,2,4,96,bicjpeg60,31.219689,0.798533,28.674319,0.907006,4,0.103083,30.45378,35.613882,27.983354,0.682453,0.348805,0.30026,0.806,cuda
span_ch48,ami,055,down,055_down,2,4,96,bicjpeg60,31.003037,0.781249,28.559574,0.893477,4,0.109934,30.443719,35.054168,27.880634,0.670892,0.326907,0.323524,0.794,cuda
span_ch48,ami,055,front,055_front,2,4,96,bicjpeg60,31.312028,0.804928,28.550502,0.90984,4,0.111629,30.406382,35.443912,28.631091,0.682949,0.291785,0.325614,0.805,cuda
span_ch48,ami,055,left,055_left,2,4,96,bicjpeg60,31.614225,0.806249,28.848991,0.911537,4,0.107396,31.240988,35.885645,28.524517,0.677041,0.278127,0.316432,0.794,cuda
span_ch48,ami,055,right,055_right,2,4,96,bicjpeg60,30.794871,0.794667,28.190738,0.898787,4,0.119796,30.114098,35.043635,28.171245,0.651311,0.341415,0.328402,0.791,cuda
span_ch48,ami,055,up,055_up,2,4,96,bicjpeg60,30.777759,0.787383,28.226863,0.903689,4,0.123885,30.04123,35.090277,28.300164,0.670685,0.302049,0.328972,0.809,cuda
span_ch48,ami,055,zoom,055_zoom,2,4,96,bicjpeg60,30.667414,0.787184,27.95889,0.892402,4,0.116739,30.368684,34.578628,29.201623,0.686293,0.326565,0.318928,0.812,cuda
span_ch48,ami,056,back,056_back,4,4,96,bicjpeg60,30.062325,0.759316,27.646213,0.886132,4,0.110366,29.26373,34.560642,27.161493,0.631728,0.306362,0.300665,0.781,cuda
span_ch48,ami,056,down,056_down,4,4,96,bicjpeg60,30.357765,0.771442,27.940831,0.88911,4,0.114229,30.002495,34.550499,27.068381,0.641164,0.332367,0.325183,0.784,cuda
span_ch48,ami,056,front,056_front,4,4,96,bicjpeg60,30.237429,0.773942,27.885721,0.900892,4,0.107268,29.732924,34.736724,27.378835,0.717364,0.375591,0.345506,0.786,cuda
span_ch48,ami,056,left,056_left,4,4,96,bicjpeg60,31.021141,0.800405,28.372907,0.907289,4,0.108814,30.154853,35.591254,27.649981,0.666078,0.31987,0.295859,0.801,cuda
span_ch48,ami,056,right,056_right,4,4,96,bicjpeg60,29.729453,0.767172,27.271031,0.89564,4,0.130631,28.805586,34.351677,27.272332,0.659726,0.264822,0.305615,0.795,cuda
span_ch48,ami,056,up,056_up,4,4,96,bicjpeg60,29.598165,0.759235,27.304339,0.889557,4,0.119367,28.534663,34.403037,27.430118,0.689287,0.345583,0.333667,0.791,cuda
span_ch48,ami,056,zoom,056_zoom,4,4,96,bicjpeg60,30.649821,0.783461,28.085194,0.891279,4,0.107758,30.189447,34.709697,28.692615,0.735735,0.32848,0.320656,0.805,cuda
span_ch48,ami,057,back,057_back,5,4,96,bicjpeg60,30.021702,0.758367,27.767821,0.897519,4,0.116352,29.49849,34.094082,29.867971,0.707324,0.359228,0.325186,0.787,cuda
span_ch48,ami,057,down,057_down,5,4,96,bicjpeg60,30.979658,0.800191,28.640871,0.913177,4,0.098579,30.691537,35.148304,29.574771,0.77528,0.386718,0.331638,0.791,cuda
span_ch48,ami,057,front,057_front,5,4,96,bicjpeg60,30.319961,0.766815,28.028409,0.903565,4,0.114855,30.213633,34.538651,29.090693,0.710702,0.363586,0.321761,0.765,cuda
span_ch48,ami,057,left,057_left,5,4,96,bicjpeg60,30.978075,0.799123,28.659774,0.911772,4,0.106911,30.881259,34.796564,28.71879,0.6949,0.372003,0.321736,0.802,cuda
span_ch48,ami,057,right,057_right,5,4,96,bicjpeg60,31.360125,0.803451,28.913051,0.914192,4,0.097759,30.681138,35.538509,30.497671,0.789178,0.35567,0.296068,0.772,cuda
span_ch48,ami,057,up,057_up,5,4,96,bicjpeg60,29.050153,0.752185,26.870539,0.893262,4,0.120812,28.214384,33.608261,28.197923,0.672737,0.419624,0.3178,0.769,cuda
span_ch48,ami,057,zoom,057_zoom,5,4,96,bicjpeg60,30.779602,0.791225,28.258069,0.905102,4,0.115198,30.104493,34.899467,29.922022,0.759949,0.321845,0.320806,0.816,cuda
span_ch48,ami,058,back,058_back,5,4,96,bicjpeg60,31.377177,0.816861,28.627867,0.918792,4,0.093457,31.177517,35.414912,28.041869,0.682844,0.285006,0.303254,0.796,cuda
span_ch48,ami,058,down,058_down,5,4,96,bicjpeg60,31.332924,0.813147,28.904672,0.911499,4,0.099911,30.919901,35.630053,28.730833,0.66564,0.332422,0.330535,0.782,cuda
span_ch48,ami,058,front,058_front,5,4,96,bicjpeg60,30.723088,0.791714,28.294209,0.901394,4,0.106444,30.237357,35.060806,28.359826,0.661766,0.324678,0.309916,0.806,cuda
span_ch48,ami,058,left,058_left,5,4,96,bicjpeg60,31.574604,0.820184,29.110103,0.902393,4,0.098135,31.581461,35.373863,28.44285,0.677883,0.314489,0.311982,0.782,cuda
span_ch48,ami,058,right,058_right,5,4,96,bicjpeg60,31.055254,0.790568,28.263,0.912156,4,0.112396,30.934539,35.04385,28.411355,0.70267,0.308435,0.314744,0.78,cuda
span_ch48,ami,058,up,058_up,5,4,96,bicjpeg60,30.87959,0.790462,28.441198,0.904672,4,0.105897,30.465317,35.059616,28.361563,0.662398,0.338754,0.309535,0.795,cuda
span_ch48,ami,058,zoom,058_zoom,5,4,96,bicjpeg60,31.148108,0.805414,28.515789,0.90375,4,0.104235,31.009376,35.131935,30.010199,0.742638,0.32752,0.308439,0.798,cuda
span_ch48,ami,059,back,059_back,3,4,96,bicjpeg60,31.629423,0.792593,29.151906,0.889907,4,0.1135,31.398802,35.282361,28.967185,0.691727,0.324264,0.342111,0.777,cuda
span_ch48,ami,059,down,059_down,3,4,96,bicjpeg60,31.317228,0.788753,28.91669,0.902305,4,0.11186,30.840753,35.562402,29.022947,0.721433,0.334363,0.314954,0.798,cuda
span_ch48,ami,059,front,059_front,3,4,96,bicjpeg60,31.05457,0.778891,28.659123,0.892905,4,0.114524,30.462786,35.260074,28.841065,0.708224,0.366422,0.331888,0.782,cuda
span_ch48,ami,059,left,059_left,3,4,96,bicjpeg60,31.347222,0.798647,28.955107,0.903689,4,0.116337,30.748964,35.351254,28.860133,0.71682,0.289705,0.314341,0.804,cuda
span_ch48,ami,059,right,059_right,3,4,96,bicjpeg60,30.844218,0.788875,28.437426,0.905946,4,0.121864,29.982704,34.824709,29.195688,0.68413,0.343328,0.287366,0.797,cuda
span_ch48,ami,059,up,059_up,3,4,96,bicjpeg60,31.118125,0.784103,28.616534,0.894147,4,0.107235,30.674611,35.188162,28.99466,0.688931,0.381067,0.344264,0.801,cuda
span_ch48,ami,059,zoom,059_zoom,3,4,96,bicjpeg60,31.406634,0.802041,28.956035,0.901155,4,0.101024,31.136602,35.025647,29.829625,0.764246,0.335512,0.348027,0.784,cuda
span_ch48,ami,061,back,061_back,2,4,96,bicjpeg60,32.284382,0.811019,29.730319,0.907593,4,0.094678,32.363444,36.344131,29.315643,0.684697,0.349671,0.307258,0.817,cuda
span_ch48,ami,061,down,061_down,2,4,96,bicjpeg60,31.760286,0.798353,29.396656,0.896531,4,0.107771,31.694688,35.684306,28.480393,0.720515,0.384665,0.337325,0.802,cuda
span_ch48,ami,061,front,061_front,2,4,96,bicjpeg60,31.88974,0.798134,29.338538,0.903992,4,0.099118,31.595177,36.078742,28.913745,0.702844,0.368793,0.353413,0.783,cuda
span_ch48,ami,061,left,061_left,2,4,96,bicjpeg60,31.962686,0.800308,29.38713,0.893939,4,0.095962,32.133938,36.132334,28.550184,0.657994,0.405333,0.337777,0.813,cuda
span_ch48,ami,061,right,061_right,2,4,96,bicjpeg60,31.61198,0.793108,28.897144,0.900181,4,0.11273,31.251778,35.879511,28.768125,0.685918,0.39696,0.316461,0.798,cuda
span_ch48,ami,061,up,061_up,2,4,96,bicjpeg60,31.488821,0.784107,28.95212,0.898209,4,0.106223,31.60979,35.493832,28.442171,0.697498,0.368897,0.334683,0.792,cuda
span_ch48,ami,061,zoom,061_zoom,2,4,96,bicjpeg60,31.910638,0.808179,29.385681,0.909593,4,0.105412,32.106297,35.542464,30.260627,0.769506,0.324473,0.333712,0.785,cuda
span_ch48,ami,062,back,062_back,3,4,96,bicjpeg60,31.077332,0.793094,28.894423,0.908992,4,0.101904,30.868993,35.26294,29.831961,0.710973,0.320173,0.297395,0.807,cuda
span_ch48,ami,062,down,062_down,3,4,96,bicjpeg60,31.409054,0.804044,29.068552,0.917284,4,0.104137,31.654154,35.276852,29.837539,0.755766,0.335708,0.325918,0.783,cuda
span_ch48,ami,062,front,062_front,3,4,96,bicjpeg60,31.231139,0.800558,28.793148,0.911803,4,0.099111,31.209386,35.1787,29.572995,0.723178,0.332987,0.326757,0.785,cuda
span_ch48,ami,062,left,062_left,3,4,96,bicjpeg60,32.36086,0.815708,29.752511,0.923302,4,0.094557,32.393287,36.106431,30.994019,0.755614,0.37987,0.331848,0.808,cuda
span_ch48,ami,062,right,062_right,3,4,96,bicjpeg60,31.008029,0.77159,28.529359,0.885514,4,0.102191,31.030491,35.166487,29.187417,0.714193,0.367837,0.330468,0.792,cuda
span_ch48,ami,062,up,062_up,3,4,96,bicjpeg60,30.098667,0.784218,27.777672,0.903059,4,0.115611,29.01614,35.083464,28.954873,0.69621,0.391943,0.334912,0.778,cuda
span_ch48,ami,062,zoom,062_zoom,3,4,96,bicjpeg60,32.160259,0.819533,29.456928,0.91578,4,0.096672,32.334268,35.611998,30.562407,0.743213,0.32191,0.329287,0.79,cuda
span_ch48,ami,063,back,063_back,4,4,96,bicjpeg60,31.629177,0.795081,29.224601,0.903339,4,0.10829,31.793838,35.26171,28.819928,0.736205,0.344317,0.330603,0.802,cuda
span_ch48,ami,063,down,063_down,4,4,96,bicjpeg60,31.149754,0.790532,28.870518,0.889166,4,0.114167,30.853827,35.357978,28.310283,0.710996,0.420651,0.336755,0.79,cuda
span_ch48,ami,063,front,063_front,4,4,96,bicjpeg60,31.535548,0.803449,29.084667,0.895875,4,0.113957,31.349064,35.706817,29.009662,0.749661,0.343904,0.334509,0.801,cuda
span_ch48,ami,063,left,063_left,4,4,96,bicjpeg60,32.128859,0.808943,29.496125,0.897678,4,0.1019,32.412992,36.024964,28.34826,0.671083,0.307857,0.309107,0.763,cuda
span_ch48,ami,063,right,063_right,4,4,96,bicjpeg60,31.332659,0.788273,28.855788,0.897101,4,0.107346,31.259709,35.342869,28.657065,0.74665,0.399796,0.326888,0.807,cuda
span_ch48,ami,063,up,063_up,4,4,96,bicjpeg60,30.829207,0.765836,28.531989,0.891178,4,0.123086,30.140898,35.285936,28.612169,0.694336,0.377702,0.315619,0.774,cuda
span_ch48,ami,063,zoom,063_zoom,4,4,96,bicjpeg60,31.789782,0.81182,29.280891,0.901252,4,0.109526,31.897236,35.211199,30.894528,0.808725,0.35826,0.320564,0.79,cuda
span_ch48,ami,064,back,064_back,5,4,96,bicjpeg60,31.035083,0.776852,28.497968,0.902126,4,0.102099,30.861979,35.391461,28.168657,0.683102,0.383955,0.314042,0.803,cuda
span_ch48,ami,064,down,064_down,5,4,96,bicjpeg60,30.903245,0.76532,28.470787,0.892589,4,0.106564,30.716537,35.236735,27.385558,0.673391,0.359828,0.327259,0.767,cuda
span_ch48,ami,064,front,064_front,5,4,96,bicjpeg60,31.375691,0.791181,28.827538,0.901857,4,0.105464,30.993625,35.796293,27.876234,0.696374,0.354736,0.311411,0.82,cuda
span_ch48,ami,064,left,064_left,5,4,96,bicjpeg60,31.77295,0.799889,29.21499,0.908777,4,0.095464,31.772798,36.04451,27.993929,0.62949,0.347979,0.322201,0.791,cuda
span_ch48,ami,064,right,064_right,5,4,96,bicjpeg60,30.807946,0.786557,28.344783,0.911388,4,0.111762,30.259638,35.445575,28.111465,0.699308,0.292477,0.295452,0.784,cuda
span_ch48,ami,064,up,064_up,5,4,96,bicjpeg60,31.114696,0.784067,28.69765,0.910204,4,0.09718,30.565311,35.819349,27.555354,0.693205,0.313346,0.302428,0.801,cuda
span_ch48,ami,064,zoom,064_zoom,5,4,96,bicjpeg60,31.356504,0.780562,28.880302,0.902311,4,0.107064,31.202325,35.475502,29.132523,0.746053,0.331252,0.33507,0.786,cuda
span_ch48,ami,065,back,065_back,3,4,96,bicjpeg60,30.279037,0.753344,27.995816,0.879855,4,0.119355,29.680214,34.39253,28.752766,0.689575,0.393291,0.34693,0.811,cuda
span_ch48,ami,065,down,065_down,3,4,96,bicjpeg60,31.866757,0.826264,29.462628,0.926795,4,0.096203,31.503231,35.81465,29.806506,0.796484,0.351455,0.339464,0.802,cuda
span_ch48,ami,065,front,065_front,3,4,96,bicjpeg60,31.166753,0.79805,28.700396,0.903094,4,0.10431,31.275409,35.055204,29.688727,0.729091,0.366515,0.324721,0.786,cuda
span_ch48,ami,065,left,065_left,3,4,96,bicjpeg60,32.754545,0.833017,30.017505,0.912775,4,0.102833,32.69108,36.553107,29.447837,0.686885,0.335675,0.332829,0.769,cuda
span_ch48,ami,065,right,065_right,3,4,96,bicjpeg60,30.915044,0.791672,28.398414,0.905962,4,0.107845,30.27238,35.295158,29.214102,0.717024,0.360999,0.317249,0.781,cuda
span_ch48,ami,065,up,065_up,3,4,96,bicjpeg60,30.842208,0.78125,28.433625,0.901082,4,0.110228,31.034321,34.597143,30.176168,0.754233,0.384508,0.329324,0.789,cuda
span_ch48,ami,065,zoom,065_zoom,3,4,96,bicjpeg60,31.965192,0.820708,29.332999,0.917124,4,0.09708,31.978384,35.317793,31.708349,0.801077,0.334259,0.315482,0.782,cuda
span_ch48,ami,066,back,066_back,4,4,96,bicjpeg60,31.324429,0.786964,28.776098,0.90304,4,0.104823,31.079031,35.187191,29.699231,0.746394,0.351362,0.32944,0.798,cuda
span_ch48,ami,066,down,066_down,4,4,96,bicjpeg60,31.347211,0.778585,29.121058,0.894681,4,0.108918,31.055189,35.247642,29.760114,0.745414,0.350734,0.332218,0.794,cuda
span_ch48,ami,066,front,066_front,4,4,96,bicjpeg60,31.491293,0.787614,29.207313,0.90233,4,0.103681,31.261796,35.57548,29.783242,0.755211,0.341066,0.322376,0.796,cuda
span_ch48,ami,066,left,066_left,4,4,96,bicjpeg60,31.848368,0.80291,29.690844,0.906001,4,0.104217,32.080762,35.718033,29.099353,0.760505,0.347581,0.346493,0.809,cuda
span_ch48,ami,066,right,066_right,4,4,96,bicjpeg60,31.325556,0.788018,28.794903,0.897831,4,0.109232,30.766534,35.344334,29.491768,0.761502,0.359502,0.313034,0.801,cuda
span_ch48,ami,066,up,066_up,4,4,96,bicjpeg60,30.725252,0.76275,28.321608,0.89126,4,0.115676,30.40255,34.677076,29.074924,0.726192,0.397814,0.31078,0.769,cuda
span_ch48,ami,066,zoom,066_zoom,4,4,96,bicjpeg60,31.58357,0.790747,29.109568,0.895272,4,0.11097,31.640888,35.196438,31.057396,0.780265,0.380265,0.309257,0.818,cuda
span_ch48,ami,067,back,067_back,2,4,96,bicjpeg60,31.136594,0.773222,28.828125,0.891609,4,0.106361,31.161222,35.094107,28.336951,0.676335,0.342104,0.316999,0.776,cuda
span_ch48,ami,067,down,067_down,2,4,96,bicjpeg60,31.28315,0.770034,28.933036,0.884907,4,0.106327,31.329521,35.119818,29.508752,0.704808,0.389193,0.322499,0.798,cuda
span_ch48,ami,067,front,067_front,2,4,96,bicjpeg60,31.056549,0.75346,28.704525,0.879908,4,0.10688,31.088821,34.968887,29.086704,0.684382,0.377978,0.319421,0.772,cuda
span_ch48,ami,067,left,067_left,2,4,96,bicjpeg60,31.776882,0.790197,29.507669,0.906096,4,0.102451,31.929141,35.983261,29.599602,0.73948,0.366204,0.325369,0.809,cuda
span_ch48,ami,067,right,067_right,2,4,96,bicjpeg60,30.996511,0.784934,28.492903,0.899432,4,0.107085,30.734363,34.981438,28.028942,0.665838,0.316518,0.312747,0.777,cuda
span_ch48,ami,067,up,067_up,2,4,96,bicjpeg60,31.196788,0.765066,28.887867,0.887864,4,0.111537,31.13354,35.225208,29.627531,0.72362,0.35048,0.337641,0.777,cuda
span_ch48,ami,067,zoom,067_zoom,2,4,96,bicjpeg60,31.218214,0.772134,28.907206,0.887424,4,0.11221,31.222372,34.865198,29.672657,0.718743,0.333892,0.310912,0.803,cuda
span_ch48,ami,068,back,068_back,2,4,96,bicjpeg60,30.412207,0.742889,27.990309,0.894409,4,0.10981,30.129845,34.823006,28.708882,0.719191,0.320196,0.341776,0.781,cuda
span_ch48,ami,068,down,068_down,2,4,96,bicjpeg60,30.594032,0.785875,28.368132,0.900272,4,0.105487,30.392254,34.693249,27.792675,0.720757,0.30532,0.329576,0.781,cuda
span_ch48,ami,068,front,068_front,2,4,96,bicjpeg60,30.447917,0.773377,28.124271,0.895001,4,0.104832,30.452597,34.25324,28.689248,0.734927,0.32019,0.312635,0.8,cuda
span_ch48,ami,068,left,068_left,2,4,96,bicjpeg60,31.727764,0.807226,29.158084,0.91571,4,0.1007,31.688606,35.716452,29.015916,0.713268,0.331449,0.322879,0.779,cuda
span_ch48,ami,068,right,068_right,2,4,96,bicjpeg60,30.542595,0.781664,28.137932,0.907334,4,0.112384,30.153064,34.758946,28.768378,0.764357,0.294239,0.30719,0.811,cuda
span_ch48,ami,068,up,068_up,2,4,96,bicjpeg60,30.439911,0.766445,28.125834,0.897944,4,0.108142,30.342088,34.417524,28.652821,0.763932,0.322307,0.313667,0.795,cuda
span_ch48,ami,068,zoom,068_zoom,2,4,96,bicjpeg60,31.206998,0.799811,28.651327,0.910778,4,0.099193,31.059906,34.881196,30.340803,0.819824,0.301385,0.322813,0.764,cuda
span_ch48,ami,069,back,069_back,4,4,96,bicjpeg60,30.387706,0.77018,27.627585,0.910746,4,0.113122,29.790502,34.550974,28.853577,0.719106,0.345056,0.315101,0.778,cuda
span_ch48,ami,069,down,069_down,4,4,96,bicjpeg60,28.782343,0.75161,26.830793,0.904444,4,0.133227,27.530372,33.760259,28.194927,0.739188,0.361027,0.34696,0.803,cuda
span_ch48,ami,069,front,069_front,4,4,96,bicjpeg60,29.631776,0.760961,27.571847,0.911705,4,0.124106,28.726942,34.472148,28.229577,0.739307,0.295592,0.310624,0.78,cuda
span_ch48,ami,069,left,069_left,4,4,96,bicjpeg60,30.085014,0.776646,28.004094,0.905626,4,0.118892,28.727334,35.030716,27.815136,0.67714,0.321194,0.318929,0.802,cuda
span_ch48,ami,069,right,069_right,4,4,96,bicjpeg60,29.84206,0.783485,27.692835,0.911388,4,0.114849,29.359438,34.439562,27.987423,0.739662,0.311898,0.340497,0.804,cuda
span_ch48,ami,069,up,069_up,4,4,96,bicjpeg60,29.585464,0.753558,27.496454,0.908417,4,0.120047,28.899133,34.016944,27.877742,0.68523,0.349863,0.346389,0.781,cuda
span_ch48,ami,069,zoom,069_zoom,4,4,96,bicjpeg60,30.031026,0.766852,27.777378,0.912609,4,0.113012,29.523321,34.027677,29.33419,0.75518,0.39208,0.338434,0.801,cuda
span_ch48,ami,070,back,070_back,3,4,96,bicjpeg60,30.679244,0.766561,27.951587,0.898456,4,0.118366,30.053512,34.981149,30.666174,0.770774,0.323583,0.295047,0.789,cuda
span_ch48,ami,070,down,070_down,3,4,96,bicjpeg60,30.288891,0.759421,27.826161,0.901647,4,0.11802,29.667731,34.94246,28.785927,0.726727,0.400507,0.325244,0.781,cuda
span_ch48,ami,070,front,070_front,3,4,96,bicjpeg60,30.379243,0.767452,28.083243,0.904847,4,0.115104,29.978397,34.487903,30.057755,0.757045,0.352076,0.311117,0.798,cuda
span_ch48,ami,070,left,070_left,3,4,96,bicjpeg60,30.821918,0.778449,28.464519,0.889542,4,0.111827,30.632714,35.137121,28.387996,0.684157,0.383624,0.311807,0.782,cuda
span_ch48,ami,070,right,070_right,3,4,96,bicjpeg60,30.602837,0.769185,27.961915,0.892233,4,0.118461,30.150517,34.80573,29.795507,0.745355,0.361209,0.299782,0.807,cuda
span_ch48,ami,070,up,070_up,3,4,96,bicjpeg60,30.349142,0.751128,27.844501,0.891351,4,0.115477,29.98729,34.610461,29.342425,0.713794,0.376104,0.317737,0.778,cuda
span_ch48,ami,070,zoom,070_zoom,3,4,96,bicjpeg60,31.257117,0.802422,28.474029,0.912662,4,0.104722,30.942198,35.025285,32.01315,0.817805,0.344071,0.314291,0.807,cuda
span_ch48,ami,071,back,071_back,2,4,96,bicjpeg60,30.475193,0.7625,28.340813,0.89037,4,0.114337,29.955377,34.51757,28.517244,0.702057,0.378928,0.321319,0.793,cuda
span_ch48,ami,071,down,071_down,2,4,96,bicjpeg60,29.717607,0.753485,27.421345,0.889362,4,0.116364,29.370709,34.047399,28.963018,0.758313,0.354748,0.321327,0.805,cuda
span_ch48,ami,071,front,071_front,2,4,96,bicjpeg60,29.504415,0.751096,27.145496,0.884278,4,0.122941,29.052387,33.750809,28.327108,0.695324,0.378063,0.331936,0.798,cuda
span_ch48,ami,071,left,071_left,2,4,96,bicjpeg60,30.295091,0.783343,28.108467,0.896248,4,0.107603,29.819922,34.475081,27.967395,0.653819,0.361079,0.311782,0.783,cuda
span_ch48,ami,071,right,071_right,2,4,96,bicjpeg60,30.114213,0.749263,27.586097,0.886796,4,0.113956,29.458422,34.463114,27.943592,0.672899,0.393408,0.303201,0.772,cuda
span_ch48,ami,071,up,071_up,2,4,96,bicjpeg60,29.36965,0.744532,27.009798,0.899299,4,0.118389,28.70403,34.017088,28.374172,0.699995,0.385289,0.296656,0.776,cuda
span_ch48,ami,071,zoom,071_zoom,2,4,96,bicjpeg60,30.430711,0.780611,27.944978,0.897585,4,0.112134,30.054126,34.534537,29.658729,0.738227,0.342752,0.317746,0.802,cuda
span_ch48,ami,072,back,072_back,1,4,96,bicjpeg60,31.679134,0.798596,28.948825,0.894283,4,0.099341,31.896374,35.303761,28.433473,0.646269,0.341783,0.326442,0.777,cuda
span_ch48,ami,072,down,072_down,1,4,96,bicjpeg60,32.39964,0.830877,29.386097,0.90891,4,0.101923,32.276047,36.125721,28.795355,0.697341,0.287586,0.330002,0.811,cuda
span_ch48,ami,072,front,072_front,1,4,96,bicjpeg60,32.346823,0.823936,29.505092,0.902722,4,0.099378,32.390442,35.963393,29.294999,0.692092,0.285031,0.322123,0.8,cuda
span_ch48,ami,072,left,072_left,1,4,96,bicjpeg60,32.476194,0.812481,29.576757,0.905063,4,0.098337,32.45641,36.292693,29.99291,0.706572,0.376477,0.318043,0.815,cuda
span_ch48,ami,072,right,072_right,1,4,96,bicjpeg60,32.849646,0.853263,29.777986,0.925783,4,0.088382,32.315305,36.623438,29.925935,0.755321,0.268853,0.295404,0.802,cuda
span_ch48,ami,072,up,072_up,1,4,96,bicjpeg60,32.492568,0.840219,29.549172,0.921638,4,0.087894,32.300173,36.381481,29.494403,0.727581,0.288001,0.296186,0.779,cuda
span_ch48,ami,072,zoom,072_zoom,1,4,96,bicjpeg60,32.897949,0.837232,29.773041,0.908139,4,0.090575,33.266883,36.133752,30.210467,0.783262,0.282774,0.291277,0.804,cuda
span_ch48,ami,073,back,073_back,1,4,96,bicjpeg60,31.653075,0.809263,28.800707,0.912237,4,0.101591,31.537968,35.369259,29.03164,0.708523,0.292311,0.314502,0.776,cuda
span_ch48,ami,073,down,073_down,1,4,96,bicjpeg60,32.073406,0.843774,29.448472,0.923076,4,0.088604,32.198948,35.98272,28.815931,0.731035,0.279106,0.319846,0.815,cuda
span_ch48,ami,073,front,073_front,1,4,96,bicjpeg60,31.438346,0.801289,28.844423,0.899871,4,0.106781,31.405852,35.322036,28.293989,0.63508,0.357585,0.357074,0.783,cuda
span_ch48,ami,073,left,073_left,1,4,96,bicjpeg60,32.515992,0.831162,29.837446,0.912522,4,0.099577,32.64454,36.312041,28.836789,0.661844,0.307766,0.294685,0.772,cuda
span_ch48,ami,073,right,073_right,1,4,96,bicjpeg60,31.310718,0.796452,28.742357,0.898759,4,0.106532,30.720911,35.460824,28.560596,0.647706,0.314907,0.321837,0.814,cuda
span_ch48,ami,073,up,073_up,1,4,96,bicjpeg60,31.457298,0.802752,28.831458,0.909162,4,0.108204,31.225939,35.679433,29.047937,0.686574,0.303018,0.289964,0.796,cuda
span_ch48,ami,073,zoom,073_zoom,1,4,96,bicjpeg60,32.625722,0.842769,29.65687,0.916657,4,0.091433,32.700675,36.189798,29.729033,0.74462,0.272593,0.303556,0.819,cuda
span_ch48,ami,074,back,074_back,1,4,96,bicjpeg60,31.534935,0.776578,29.107142,0.888314,4,0.112305,31.216079,35.649896,28.727275,0.645908,0.374686,0.313655,0.786,cuda
span_ch48,ami,074,down,074_down,1,4,96,bicjpeg60,31.736844,0.78521,29.295071,0.891154,4,0.104323,31.128707,36.252216,28.799171,0.676923,0.360013,0.323232,0.811,cuda
span_ch48,ami,074,front,074_front,1,4,96,bicjpeg60,31.173729,0.759351,28.744791,0.866449,4,0.113316,31.122438,35.234561,28.408493,0.638427,0.413557,0.321784,0.789,cuda
span_ch48,ami,074,left,074_left,1,4,96,bicjpeg60,31.487089,0.774096,28.995166,0.876306,4,0.110552,31.305345,35.438286,29.039465,0.682418,0.376863,0.340298,0.78,cuda
span_ch48,ami,074,right,074_right,1,4,96,bicjpeg60,31.127942,0.784162,28.390213,0.898281,4,0.112487,30.585569,35.155877,28.674941,0.634485,0.402429,0.342518,0.807,cuda
span_ch48,ami,074,up,074_up,1,4,96,bicjpeg60,31.12321,0.760928,28.581709,0.885604,4,0.104657,31.104874,35.28004,28.80449,0.666685,0.405707,0.321998,0.803,cuda
span_ch48,ami,074,zoom,074_zoom,1,4,96,bicjpeg60,31.647177,0.790886,29.086854,0.881955,4,0.105638,31.662664,35.20898,29.196331,0.678508,0.353952,0.355539,0.784,cuda
span_ch48,ami,075,back,075_back,3,4,96,bicjpeg60,30.909824,0.760118,28.138935,0.896252,4,0.113939,30.389302,35.235632,29.669841,0.706201,0.374389,0.308605,0.823,cuda
span_ch48,ami,075,down,075_down,3,4,96,bicjpeg60,30.56828,0.768793,27.946397,0.898399,4,0.102066,30.107031,35.346482,28.766419,0.746709,0.422496,0.352519,0.78,cuda
span_ch48,ami,075,front,075_front,3,4,96,bicjpeg60,30.215038,0.744611,27.59186,0.890584,4,0.104975,29.695514,34.823891,29.475467,0.727084,0.378828,0.349239,0.769,cuda
span_ch48,ami,075,left,075_left,3,4,96,bicjpeg60,31.217238,0.78421,28.64562,0.903999,4,0.103153,30.712255,35.840866,29.327231,0.683899,0.425919,0.347561,0.819,cuda
span_ch48,ami,075,right,075_right,3,4,96,bicjpeg60,31.129525,0.791328,28.104922,0.915281,4,0.11957,30.801535,35.068124,30.046732,0.749817,0.355584,0.320423,0.765,cuda
span_ch48,ami,075,up,075_up,3,4,96,bicjpeg60,30.057893,0.735795,27.365978,0.884357,4,0.107325,29.722895,34.324247,29.662689,0.704026,0.361495,0.329909,0.802,cuda
span_ch48,ami,075,zoom,075_zoom,3,4,96,bicjpeg60,31.004734,0.795093,27.993427,0.909635,4,0.104961,30.630827,35.002079,31.470063,0.777393,0.352637,0.329335,0.796,cuda
span_ch48,ami,076,back,076_back,5,4,96,bicjpeg60,31.259128,0.786457,28.274108,0.890154,4,0.113431,31.120888,35.183709,28.974221,0.748447,0.321837,0.295226,0.789,cuda
span_ch48,ami,076,down,076_down,5,4,96,bicjpeg60,30.963395,0.774269,28.292843,0.889942,4,0.113618,30.851512,35.125349,29.031744,0.74866,0.337965,0.325482,0.806,cuda
span_ch48,ami,076,front,076_front,5,4,96,bicjpeg60,30.517595,0.760163,28.001996,0.869589,4,0.119119,30.484668,34.515965,28.602819,0.724254,0.406396,0.323103,0.802,cuda
span_ch48,ami,076,left,076_left,5,4,96,bicjpeg60,31.486249,0.789466,28.636693,0.898547,4,0.106504,31.795688,35.214889,29.262245,0.748645,0.37095,0.292236,0.809,cuda
span_ch48,ami,076,right,076_right,5,4,96,bicjpeg60,30.742112,0.766508,28.085909,0.885669,4,0.111428,30.538054,34.966948,29.025648,0.754508,0.378676,0.325838,0.789,cuda
span_ch48,ami,076,up,076_up,5,4,96,bicjpeg60,30.322393,0.755146,27.746289,0.86978,4,0.116943,30.249731,34.24347,28.850776,0.712144,0.416325,0.295941,0.809,cuda
span_ch48,ami,076,zoom,076_zoom,5,4,96,bicjpeg60,31.042258,0.800559,28.238435,0.89453,4,0.112148,31.054839,34.548594,30.987331,0.808367,0.345493,0.334478,0.789,cuda
span_ch48,ami,077,back,077_back,2,4,96,bicjpeg60,31.595501,0.783552,29.240188,0.899174,4,0.11219,31.179637,35.513168,28.509326,0.649784,0.284274,0.333609,0.807,cuda
span_ch48,ami,077,down,077_down,2,4,96,bicjpeg60,31.105978,0.765427,29.010196,0.889511,4,0.104362,30.998455,35.137125,27.553007,0.642,0.336934,0.365425,0.79,cuda
span_ch48,ami,077,front,077_front,2,4,96,bicjpeg60,31.370807,0.773984,29.174935,0.888387,4,0.09598,31.472717,35.180135,28.127731,0.65645,0.337011,0.356062,0.817,cuda
span_ch48,ami,077,left,077_left,2,4,96,bicjpeg60,31.416523,0.77611,29.382538,0.902695,4,0.09635,31.665037,35.227191,28.968789,0.717081,0.360681,0.338418,0.797,cuda
span_ch48,ami,077,right,077_right,2,4,96,bicjpeg60,31.768197,0.804697,29.309872,0.911353,4,0.109264,31.257293,35.708112,28.606638,0.734561,0.302794,0.334611,0.818,cuda
span_ch48,ami,077,up,077_up,2,4,96,bicjpeg60,31.217966,0.771939,28.972349,0.889811,4,0.108888,31.359945,34.971628,27.77281,0.655091,0.35827,0.356798,0.801,cuda
span_ch48,ami,077,zoom,077_zoom,2,4,96,bicjpeg60,31.615689,0.794503,29.250357,0.903185,4,0.097155,31.829264,35.031132,29.275369,0.722564,0.291437,0.34978,0.788,cuda
span_ch48,ami,078,back,078_back,2,4,96,bicjpeg60,31.16243,0.769666,28.640934,0.883866,4,0.107018,31.045598,35.232386,28.689799,0.672929,0.403377,0.326792,0.8,cuda
span_ch48,ami,078,down,078_down,2,4,96,bicjpeg60,30.820201,0.747872,28.621019,0.873692,4,0.110442,30.669249,35.060436,27.715775,0.642897,0.420866,0.353275,0.783,cuda
span_ch48,ami,078,front,078_front,2,4,96,bicjpeg60,31.201319,0.772807,28.933963,0.882502,4,0.1111,31.066482,34.998683,28.801928,0.726187,0.359508,0.348371,0.808,cuda
span_ch48,ami,078,left,078_left,2,4,96,bicjpeg60,30.862672,0.760857,28.607685,0.874194,4,0.111437,31.008001,34.747687,28.317844,0.668969,0.378887,0.332088,0.79,cuda
span_ch48,ami,078,right,078_right,2,4,96,bicjpeg60,30.872412,0.770096,28.35198,0.892598,4,0.115916,30.432248,35.123928,28.673257,0.708651,0.314203,0.31487,0.791,cuda
span_ch48,ami,078,up,078_up,2,4,96,bicjpeg60,30.821025,0.750648,28.554517,0.862763,4,0.124467,30.384871,34.96525,29.124658,0.656643,0.414448,0.353454,0.807,cuda
span_ch48,ami,078,zoom,078_zoom,2,4,96,bicjpeg60,31.604061,0.792229,29.259007,0.8871,4,0.111836,31.164813,35.368812,30.189297,0.773582,0.338867,0.337877,0.786,cuda
span_ch48,ami,079,back,079_back,4,4,96,bicjpeg60,31.376354,0.783455,28.493733,0.896171,4,0.101763,31.290777,35.662831,28.432522,0.641756,0.3627,0.311535,0.806,cuda
span_ch48,ami,079,down,079_down,4,4,96,bicjpeg60,31.435783,0.802693,28.874774,0.910644,4,0.089249,31.356699,35.843043,29.065399,0.740977,0.389138,0.324459,0.786,cuda
span_ch48,ami,079,front,079_front,4,4,96,bicjpeg60,30.843151,0.776477,28.182248,0.899551,4,0.098037,30.716189,35.058935,28.804741,0.679435,0.439704,0.339895,0.791,cuda
span_ch48,ami,079,left,079_left,4,4,96,bicjpeg60,31.912506,0.805992,29.240335,0.902644,4,0.096141,32.025563,35.948245,29.240465,0.699453,0.397345,0.351312,0.777,cuda
span_ch48,ami,079,right,079_right,4,4,96,bicjpeg60,30.751221,0.783037,27.981415,0.899898,4,0.104307,30.385297,35.053533,28.237145,0.678613,0.343875,0.286704,0.803,cuda
span_ch48,ami,079,up,079_up,4,4,96,bicjpeg60,30.766676,0.769254,28.151037,0.899816,4,0.107057,30.412832,35.173504,29.328455,0.714784,0.354007,0.317502,0.792,cuda
span_ch48,ami,079,zoom,079_zoom,4,4,96,bicjpeg60,31.218573,0.786918,28.335947,0.895502,4,0.108955,31.2025,35.23022,30.214527,0.747513,0.421236,0.351054,0.799,cuda
span_ch48,ami,080,back,080_back,3,4,96,bicjpeg60,31.974834,0.821874,29.67182,0.919286,4,0.102444,31.397202,36.644231,27.571221,0.683163,0.292634,0.30422,0.795,cuda
span_ch48,ami,080,down,080_down,3,4,96,bicjpeg60,31.811199,0.808133,29.407701,0.896218,4,0.10462,31.783486,36.222964,27.527042,0.604409,0.364152,0.346258,0.806,cuda
span_ch48,ami,080,front,080_front,3,4,96,bicjpeg60,32.221956,0.814972,29.876265,0.895363,4,0.099844,31.945936,36.363326,28.561142,0.68863,0.357431,0.365366,0.793,cuda
span_ch48,ami,080,left,080_left,3,4,96,bicjpeg60,32.139927,0.822363,29.824075,0.896836,4,0.100968,31.997409,36.275223,27.34246,0.581884,0.345631,0.338888,0.778,cuda
span_ch48,ami,080,right,080_right,3,4,96,bicjpeg60,31.266193,0.805516,28.894415,0.904807,4,0.107813,30.636566,35.279941,27.757934,0.648826,0.329136,0.345253,0.777,cuda
span_ch48,ami,080,up,080_up,3,4,96,bicjpeg60,31.719788,0.79704,29.40129,0.889773,4,0.094862,32.050071,35.595259,28.290704,0.647664,0.317332,0.335608,0.806,cuda
span_ch48,ami,080,zoom,080_zoom,3,4,96,bicjpeg60,32.155194,0.813378,29.616508,0.891088,4,0.098075,32.342403,35.894257,28.952358,0.690724,0.295095,0.332597,0.783,cuda
span_ch48,ami,081,back,081_back,1,4,96,bicjpeg60,31.922122,0.819551,29.024493,0.919562,4,0.096574,31.331043,36.26103,27.696506,0.663155,0.300682,0.33023,0.782,cuda
span_ch48,ami,081,down,081_down,1,4,96,bicjpeg60,31.574715,0.789026,28.823306,0.903261,4,0.093882,31.291017,36.014294,27.408393,0.654254,0.389226,0.343679,0.808,cuda
span_ch48,ami,081,front,081_front,1,4,96,bicjpeg60,31.626799,0.783959,28.763596,0.901751,4,0.098864,31.248226,36.077766,27.762627,0.648567,0.407595,0.360769,0.778,cuda
span_ch48,ami,081,left,081_left,1,4,96,bicjpeg60,32.404987,0.79949,29.449874,0.904535,4,0.097627,32.165847,36.64045,28.334241,0.629444,0.453907,0.381233,0.815,cuda
span_ch48,ami,081,right,081_right,1,4,96,bicjpeg60,32.584216,0.8555,29.818282,0.929952,4,0.089833,32.190322,36.624285,27.935988,0.701129,0.2687,0.329859,0.792,cuda
span_ch48,ami,081,up,081_up,1,4,96,bicjpeg60,31.316885,0.784842,28.603699,0.900532,4,0.104097,30.762864,35.686024,27.675116,0.663711,0.433019,0.324154,0.793,cuda
span_ch48,ami,081,zoom,081_zoom,1,4,96,bicjpeg60,31.790378,0.795913,28.928511,0.89674,4,0.104102,31.620246,35.706911,28.651475,0.713423,0.405157,0.351933,0.807,cuda
span_ch48,ami,082,back,082_back,2,4,96,bicjpeg60,31.13868,0.795309,28.64451,0.911146,4,0.111259,30.457648,35.499749,28.015229,0.710304,0.272632,0.324335,0.798,cuda
span_ch48,ami,082,down,082_down,2,4,96,bicjpeg60,30.447768,0.768497,28.101928,0.900947,4,0.119463,29.355674,35.231676,27.426561,0.72189,0.349387,0.324453,0.78,cuda
span_ch48,ami,082,front,082_front,2,4,96,bicjpeg60,30.927833,0.784307,28.490632,0.908184,4,0.10971,29.880373,35.696248,27.289823,0.710417,0.385003,0.340315,0.813,cuda
span_ch48,ami,082,left,082_left,2,4,96,bicjpeg60,30.770565,0.781128,28.375693,0.903361,4,0.10921,30.179927,35.265636,27.322065,0.706805,0.355118,0.342009,0.786,cuda
span_ch48,ami,082,right,082_right,2,4,96,bicjpeg60,31.486323,0.799261,29.054549,0.907914,4,0.107833,30.773141,35.892573,28.142128,0.716357,0.35794,0.320364,0.809,cuda
span_ch48,ami,082,up,082_up,2,4,96,bicjpeg60,31.10289,0.79092,28.69607,0.906086,4,0.116478,30.283206,35.172823,27.833983,0.659848,0.342982,0.330666,0.784,cuda
span_ch48,ami,082,zoom,082_zoom,2,4,96,bicjpeg60,30.724597,0.790294,28.330146,0.915755,4,0.109191,30.108919,34.874154,29.097054,0.76717,0.323398,0.30988,0.82,cuda
span_ch48,ami,083,back,083_back,4,4,96,bicjpeg60,31.465745,0.780758,28.767494,0.909064,4,0.105445,30.988294,35.919441,28.800545,0.693784,0.300364,0.341728,0.792,cuda
span_ch48,ami,083,down,083_down,4,4,96,bicjpeg60,30.513531,0.745924,28.065711,0.898292,4,0.109333,29.690554,35.446025,28.578378,0.717665,0.362339,0.355174,0.813,cuda
span_ch48,ami,083,front,083_front,4,4,96,bicjpeg60,30.543437,0.739533,28.213826,0.888423,4,0.110921,30.088379,34.726417,27.953461,0.638446,0.367009,0.357139,0.802,cuda
span_ch48,ami,083,left,083_left,4,4,96,bicjpeg60,31.617324,0.79185,28.896166,0.91672,4,0.097687,30.899626,35.609928,28.75813,0.727343,0.392452,0.3443,0.78,cuda
span_ch48,ami,083,right,083_right,4,4,96,bicjpeg60,31.126669,0.796746,28.651383,0.91218,4,0.105945,30.336646,35.381722,28.021493,0.661175,0.302773,0.320372,0.794,cuda
span_ch48,ami,083,up,083_up,4,4,96,bicjpeg60,30.557344,0.7407,28.092795,0.897947,4,0.107972,30.073948,35.107284,28.046031,0.692989,0.355001,0.363736,0.812,cuda
span_ch48,ami,083,zoom,083_zoom,4,4,96,bicjpeg60,31.498778,0.782359,28.866325,0.906188,4,0.104147,30.992134,35.710561,29.441932,0.737725,0.368325,0.355877,0.794,cuda
span_ch48,ami,084,back,084_back,3,4,96,bicjpeg60,31.204426,0.767912,28.781517,0.892388,4,0.118244,30.746102,35.437028,28.491612,0.640896,0.349503,0.307927,0.786,cuda
span_ch48,ami,084,down,084_down,3,4,96,bicjpeg60,30.427256,0.742034,28.248499,0.876109,4,0.11949,30.128727,34.914274,27.409947,0.632188,0.424711,0.350375,0.799,cuda
span_ch48,ami,084,front,084_front,3,4,96,bicjpeg60,30.028528,0.72567,27.89152,0.86578,4,0.12984,29.708815,34.761959,27.661514,0.643473,0.362917,0.340636,0.785,cuda
span_ch48,ami,084,left,084_left,3,4,96,bicjpeg60,31.257736,0.763019,29.115868,0.879296,4,0.110604,30.802567,35.422388,28.357795,0.63606,0.377135,0.354361,0.813,cuda
span_ch48,ami,084,right,084_right,3,4,96,bicjpeg60,30.858958,0.757876,28.473031,0.884886,4,0.11999,30.485709,34.853268,28.171602,0.613843,0.374568,0.33828,0.782,cuda
span_ch48,ami,084,up,084_up,3,4,96,bicjpeg60,29.941915,0.735279,27.890319,0.875101,4,0.124233,29.737347,34.136839,28.297382,0.666237,0.35821,0.331236,0.811,cuda
span_ch48,ami,084,zoom,084_zoom,3,4,96,bicjpeg60,30.30834,0.754723,28.097084,0.87757,4,0.116353,30.481593,34.219784,27.910726,0.683153,0.38379,0.36774,0.782,cuda
span_ch48,ami,085,back,085_back,4,4,96,bicjpeg60,32.836604,0.827105,29.856735,0.911616,4,0.088683,32.669954,36.899127,29.013537,0.626616,0.363167,0.31173,0.794,cuda
span_ch48,ami,085,down,085_down,4,4,96,bicjpeg60,32.779574,0.821725,30.183039,0.914175,4,0.088904,32.461128,37.229261,29.149462,0.651244,0.403817,0.357672,0.78,cuda
span_ch48,ami,085,front,085_front,4,4,96,bicjpeg60,32.249628,0.816937,29.714302,0.914728,4,0.093696,31.723934,36.901786,28.751249,0.670911,0.35228,0.318579,0.806,cuda
span_ch48,ami,085,left,085_left,4,4,96,bicjpeg60,33.093393,0.826161,30.048607,0.910867,4,0.089423,33.056446,37.098339,29.574805,0.666433,0.458462,0.350886,0.783,cuda
span_ch48,ami,085,right,085_right,4,4,96,bicjpeg60,31.91581,0.799744,28.955689,0.906762,4,0.109694,31.885997,36.250376,28.592112,0.708027,0.351611,0.313978,0.783,cuda
span_ch48,ami,085,up,085_up,4,4,96,bicjpeg60,31.893855,0.793867,29.33175,0.894416,4,0.100666,32.094169,35.999878,28.636875,0.618741,0.381443,0.320008,0.787,cuda
span_ch48,ami,085,zoom,085_zoom,4,4,96,bicjpeg60,32.382169,0.804008,29.940454,0.892404,4,0.101059,32.275589,36.237407,29.23256,0.630243,0.376545,0.35022,0.804,cuda
span_ch48,ami,086,back,086_back,5,4,96,bicjpeg60,31.154335,0.783325,28.463159,0.901553,4,0.109071,30.92998,35.138337,28.58898,0.732849,0.326224,0.288863,0.804,cuda
span_ch48,ami,086,down,086_down,5,4,96,bicjpeg60,30.978072,0.766561,28.474597,0.885338,4,0.106887,30.442748,35.784414,28.153693,0.708763,0.409373,0.320437,0.817,cuda
span_ch48,ami,086,front,086_front,5,4,96,bicjpeg60,30.732554,0.767615,28.388647,0.88787,4,0.107656,30.411747,35.248551,27.654603,0.690272,0.347933,0.334775,0.776,cuda
span_ch48,ami,086,left,086_left,5,4,96,bicjpeg60,31.583167,0.793398,28.834545,0.901215,4,0.103958,31.302293,35.930014,28.722902,0.701248,0.385107,0.33221,0.806,cuda
span_ch48,ami,086,right,086_right,5,4,96,bicjpeg60,31.512516,0.789956,28.612852,0.901171,4,0.111711,31.178433,35.751669,29.626052,0.706611,0.353947,0.314184,0.797,cuda
span_ch48,ami,086,up,086_up,5,4,96,bicjpeg60,31.104239,0.77679,28.468771,0.896882,4,0.107025,30.832754,35.46033,28.832886,0.679835,0.337182,0.325533,0.781,cuda
span_ch48,ami,086,zoom,086_zoom,5,4,96,bicjpeg60,30.996157,0.777173,28.41906,0.892358,4,0.110647,30.443478,35.226277,29.367122,0.745045,0.339168,0.33641,0.817,cuda
span_ch48,ami,087,back,087_back,4,4,96,bicjpeg60,30.889533,0.759715,28.51716,0.882923,4,0.112094,30.556405,35.296701,27.703271,0.603414,0.301707,0.292127,0.789,cuda
span_ch48,ami,087,down,087_down,4,4,96,bicjpeg60,30.776094,0.786034,28.456724,0.896217,4,0.111261,30.158957,35.190476,28.326989,0.759672,0.307826,0.27956,0.772,cuda
span_ch48,ami,087,front,087_front,4,4,96,bicjpeg60,31.340349,0.794988,28.915839,0.898265,4,0.109187,30.884366,35.673637,28.841216,0.715264,0.30291,0.304164,0.813,cuda
span_ch48,ami,087,left,087_left,4,4,96,bicjpeg60,31.65367,0.790565,29.234524,0.889685,4,0.102626,31.643174,35.609185,28.595053,0.679981,0.373005,0.333195,0.793,cuda
span_ch48,ami,087,right,087_right,4,4,96,bicjpeg60,31.217162,0.805799,28.57349,0.906165,4,0.112914,30.990006,35.114242,28.429751,0.702769,0.282693,0.280843,0.779,cuda
span_ch48,ami,087,up,087_up,4,4,96,bicjpeg60,30.341122,0.766928,27.978607,0.88755,4,0.118492,29.872207,34.527684,27.713596,0.642035,0.359524,0.306382,0.796,cuda
span_ch48,ami,087,zoom,087_zoom,4,4,96,bicjpeg60,31.56137,0.808524,28.987095,0.911583,4,0.09974,31.60021,35.276416,30.348698,0.776766,0.329985,0.309921,0.781,cuda
span_ch48,ami,088,back,088_back,1,4,96,bicjpeg60,30.053732,0.739386,27.911011,0.872231,4,0.121697,29.774688,34.339408,28.978636,0.699676,0.341911,0.2999,0.813,cuda
span_ch48,ami,088,down,088_down,1,4,96,bicjpeg60,30.915027,0.786855,28.566406,0.901796,4,0.117508,30.313865,35.367567,30.060595,0.767014,0.326853,0.306297,0.78,cuda
span_ch48,ami,088,front,088_front,1,4,96,bicjpeg60,30.759304,0.787234,28.309338,0.898326,4,0.109175,30.729057,34.760657,30.168186,0.769863,0.371267,0.322482,0.782,cuda
span_ch48,ami,088,left,088_left,1,4,96,bicjpeg60,31.762417,0.810017,29.317251,0.89685,4,0.107562,31.918765,35.492182,28.998472,0.697501,0.330236,0.328056,0.8,cuda
span_ch48,ami,088,right,088_right,1,4,96,bicjpeg60,30.687493,0.797077,28.113067,0.906505,4,0.103768,29.577556,35.311421,29.949934,0.765512,0.331634,0.298509,0.793,cuda
span_ch48,ami,088,up,088_up,1,4,96,bicjpeg60,30.775928,0.797466,28.331538,0.905297,4,0.106384,30.326403,34.918699,29.090155,0.750024,0.346921,0.285926,0.778,cuda
span_ch48,ami,088,zoom,088_zoom,1,4,96,bicjpeg60,30.685126,0.786501,28.294891,0.897202,4,0.126706,30.590984,34.351936,30.72034,0.784495,0.367117,0.355628,0.804,cuda
span_ch48,ami,089,back,089_back,1,4,96,bicjpeg60,31.07597,0.815855,28.668863,0.920214,4,0.100604,30.406054,35.475685,28.124704,0.74989,0.266911,0.296492,0.776,cuda
span_ch48,ami,089,down,089_down,1,4,96,bicjpeg60,31.087192,0.788312,28.748356,0.896737,4,0.098158,31.268916,34.974944,28.755828,0.734617,0.397943,0.327708,0.808,cuda
span_ch48,ami,089,front,089_front,1,4,96,bicjpeg60,30.843822,0.771014,28.421396,0.892573,4,0.110229,30.575592,34.967882,28.626224,0.685672,0.370447,0.335303,0.796,cuda
span_ch48,ami,089,left,089_left,1,4,96,bicjpeg60,31.37435,0.788283,28.953471,0.894443,4,0.103744,31.328423,35.259849,28.849969,0.687155,0.378528,0.336509,0.784,cuda
span_ch48,ami,089,right,089_right,1,4,96,bicjpeg60,30.908184,0.774538,28.131373,0.897325,4,0.113167,30.465466,34.778087,28.876605,0.696143,0.384295,0.303196,0.775,cuda
span_ch48,ami,089,up,089_up,1,4,96,bicjpeg60,30.934759,0.783085,28.328358,0.899366,4,0.109495,30.662414,34.753869,28.532874,0.678975,0.397021,0.334553,0.807,cuda
span_ch48,ami,089,zoom,089_zoom,1,4,96,bicjpeg60,31.340103,0.796335,28.783817,0.903465,4,0.101746,31.26368,34.846801,29.865909,0.744901,0.350022,0.333398,0.799,cuda
span_ch48,ami,090,back,090_back,1,4,96,bicjpeg60,29.663403,0.769736,27.424697,0.900421,4,0.117315,28.759812,34.386107,27.160874,0.671914,0.296951,0.330079,0.793,cuda
span_ch48,ami,090,down,090_down,1,4,96,bicjpeg60,29.815936,0.767663,27.560771,0.900953,4,0.112068,29.058301,34.486267,27.390376,0.741565,0.33744,0.313911,0.767,cuda
span_ch48,ami,090,front,090_front,1,4,96,bicjpeg60,29.483853,0.758598,27.362005,0.886926,4,0.120251,28.778335,34.380016,27.046599,0.655095,0.279477,0.308748,0.818,cuda
span_ch48,ami,090,left,090_left,1,4,96,bicjpeg60,29.962838,0.778575,27.734853,0.90466,4,0.112382,29.342872,34.650762,27.629575,0.691599,0.293683,0.306163,0.803,cuda
span_ch48,ami,090,right,090_right,1,4,96,bicjpeg60,30.044207,0.780825,27.814969,0.900586,4,0.113326,29.31345,34.750472,27.217726,0.690806,0.249737,0.308037,0.773,cuda
span_ch48,ami,090,up,090_up,1,4,96,bicjpeg60,29.628524,0.774562,27.3937,0.899251,4,0.122145,28.655814,34.21341,28.334608,0.698027,0.337943,0.334699,0.785,cuda
span_ch48,ami,090,zoom,090_zoom,1,4,96,bicjpeg60,29.705469,0.773208,27.351299,0.898298,4,0.119944,28.957558,34.00672,29.966258,0.766232,0.305096,0.327724,0.775,cuda
span_ch48,ami,091,back,091_back,4,4,96,bicjpeg60,29.469873,0.720094,27.391987,0.875676,4,0.118791,28.614417,34.433054,27.626268,0.695214,0.409262,0.321412,0.789,cuda
span_ch48,ami,091,down,091_down,4,4,96,bicjpeg60,29.931839,0.74453,27.774311,0.900847,4,0.12271,29.035611,34.900832,28.361415,0.715512,0.341601,0.329035,0.798,cuda
span_ch48,ami,091,front,091_front,4,4,96,bicjpeg60,29.346258,0.717065,27.182985,0.881956,4,0.133818,28.686151,34.496195,27.910356,0.697303,0.410206,0.347222,0.771,cuda
span_ch48,ami,091,left,091_left,4,4,96,bicjpeg60,31.01384,0.779966,28.768054,0.905915,4,0.105295,30.401635,35.557888,28.231304,0.694208,0.404787,0.34463,0.815,cuda
span_ch48,ami,091,right,091_right,4,4,96,bicjpeg60,30.596971,0.765933,28.288508,0.905941,4,0.104066,30.16044,34.951703,28.153475,0.689392,0.346908,0.331302,0.787,cuda
span_ch48,ami,091,up,091_up,4,4,96,bicjpeg60,29.452067,0.715596,27.42492,0.876552,4,0.127339,28.843372,34.023237,27.358032,0.683304,0.378997,0.316469,0.777,cuda
span_ch48,ami,091,zoom,091_zoom,4,4,96,bicjpeg60,30.557525,0.76689,28.290588,0.907946,4,0.116436,29.681116,35.418242,30.397604,0.828288,0.367591,0.339975,0.807,cuda
span_ch48,ami,092,back,092_back,3,4,96,bicjpeg60,29.987425,0.713618,27.47379,0.872848,4,0.115074,29.732192,34.588696,28.580465,0.663497,0.406855,0.33628,0.792,cuda
span_ch48,ami,092,down,092_down,3,4,96,bicjpeg60,30.47247,0.718413,27.996836,0.878438,4,0.109995,30.441918,35.284667,28.628794,0.724444,0.415254,0.376088,0.811,cuda
span_ch48,ami,092,front,092_front,3,4,96,bicjpeg60,30.216432,0.710029,27.67704,0.868778,4,0.111889,29.983949,34.795106,28.370845,0.65867,0.37687,0.359275,0.776,cuda
span_ch48,ami,092,left,092_left,3,4,96,bicjpeg60,31.952854,0.780233,29.345606,0.899323,4,0.094525,31.619943,36.449818,29.128807,0.705555,0.42621,0.351149,0.776,cuda
span_ch48,ami,092,right,092_right,3,4,96,bicjpeg60,30.670648,0.723264,27.819066,0.880677,4,0.10169,30.538952,35.265783,28.928587,0.706432,0.505081,0.35429,0.771,cuda
span_ch48,ami,092,up,092_up,3,4,96,bicjpeg60,30.218882,0.71276,27.53372,0.869167,4,0.113051,29.750253,34.899614,28.267647,0.629907,0.435649,0.351277,0.814,cuda
span_ch48,ami,092,zoom,092_zoom,3,4,96,bicjpeg60,30.915865,0.756474,28.105007,0.886754,4,0.105216,30.716952,34.905167,29.343262,0.683169,0.405569,0.3788,0.783,cuda
span_ch48,ami,093,back,093_back,4,4,96,bicjpeg60,30.78954,0.761933,28.140098,0.899582,4,0.102647,30.108349,35.508989,29.70193,0.69585,0.322531,0.306359,0.77,cuda
span_ch48,ami,093,down,093_down,4,4,96,bicjpeg60,30.809981,0.778318,28.338116,0.897399,4,0.101854,31.280874,34.76328,28.725728,0.700162,0.29871,0.350364,0.796,cuda
span_ch48,ami,093,front,093_front,4,4,96,bicjpeg60,30.68158,0.776621,28.069605,0.900295,4,0.097104,30.980066,35.027155,29.248749,0.717329,0.372687,0.349746,0.781,cuda
span_ch48,ami,093,left,093_left,4,4,96,bicjpeg60,31.807579,0.80779,28.919994,0.906931,4,0.088282,32.037227,35.982801,29.333892,0.640172,0.416738,0.351916,0.824,cuda
span_ch48,ami,093,right,093_right,4,4,96,bicjpeg60,30.750058,0.773951,27.941974,0.900433,4,0.112181,30.606802,34.890891,29.857046,0.741623,0.459162,0.326242,0.801,cuda
span_ch48,ami,093,up,093_up,4,4,96,bicjpeg60,30.226711,0.754118,27.535959,0.893356,4,0.114874,29.728657,34.58127,29.193818,0.692045,0.372631,0.36645,0.767,cuda
span_ch48,ami,093,zoom,093_zoom,4,4,96,bicjpeg60,30.704025,0.779121,28.003005,0.893539,4,0.104734,30.599799,34.640486,29.916149,0.720322,0.39803,0.346357,0.78,cuda
span_ch48,ami,094,back,094_back,3,4,96,bicjpeg60,30.039875,0.752614,27.502837,0.892466,4,0.125842,28.710699,35.100638,28.710153,0.666755,0.386728,0.356786,0.803,cuda
span_ch48,ami,094,down,094_down,3,4,96,bicjpeg60,31.19678,0.791288,28.592489,0.911173,4,0.106703,31.023931,35.380282,29.185588,0.76679,0.307555,0.290826,0.773,cuda
span_ch48,ami,094,front,094_front,3,4,96,bicjpeg60,31.318315,0.788826,28.466678,0.903531,4,0.105572,31.231868,35.062331,29.345752,0.726198,0.343036,0.30104,0.783,cuda
span_ch48,ami,094,left,094_left,3,4,96,bicjpeg60,31.391763,0.789854,28.772261,0.904824,4,0.107271,31.322343,35.503739,29.102558,0.725739,0.325727,0.318558,0.805,cuda
span_ch48,ami,094,right,094_right,3,4,96,bicjpeg60,30.232478,0.75812,27.47844,0.900151,4,0.131633,29.565149,34.53784,28.970766,0.694235,0.374903,0.316039,0.798,cuda
span_ch48,ami,094,up,094_up,3,4,96,bicjpeg60,30.792652,0.784863,28.128824,0.906729,4,0.109312,30.22303,35.067012,29.249455,0.720701,0.326222,0.322232,0.793,cuda
span_ch48,ami,094,zoom,094_zoom,3,4,96,bicjpeg60,30.93922,0.782429,28.111605,0.899298,4,0.107358,30.628973,34.909164,29.614453,0.711414,0.299591,0.289527,0.768,cuda
span_ch48,ami,095,back,095_back,3,4,96,bicjpeg60,31.051704,0.804035,28.444342,0.916082,4,0.101967,30.572186,35.276521,27.13983,0.64461,0.325432,0.313345,0.766,cuda
span_ch48,ami,095,down,095_down,3,4,96,bicjpeg60,31.197848,0.792389,28.783771,0.90278,4,0.101353,30.06629,36.061785,27.425469,0.584441,0.378214,0.308486,0.762,cuda
span_ch48,ami,095,front,095_front,3,4,96,bicjpeg60,30.994617,0.790442,28.499833,0.906234,4,0.096772,30.161782,35.710827,27.425283,0.613885,0.321484,0.285035,0.764,cuda
span_ch48,ami,095,left,095_left,3,4,96,bicjpeg60,30.793126,0.778254,28.480806,0.899342,4,0.109654,29.650401,35.533749,27.103427,0.583135,0.329039,0.308879,0.82,cuda
span_ch48,ami,095,right,095_right,3,4,96,bicjpeg60,30.524528,0.80913,27.781495,0.922005,4,0.103282,29.740739,34.948202,27.20309,0.638506,0.281159,0.28621,0.768,cuda
span_ch48,ami,095,up,095_up,3,4,96,bicjpeg60,30.706338,0.766801,28.257512,0.899888,4,0.114172,29.822485,35.346173,28.28067,0.689902,0.326169,0.305139,0.799,cuda
span_ch48,ami,095,zoom,095_zoom,3,4,96,bicjpeg60,30.883381,0.781688,28.297981,0.897593,4,0.105535,30.312547,35.175701,28.032453,0.628776,0.293086,0.315015,0.8,cuda
span_ch48,ami,096,back,096_back,5,4,96,bicjpeg60,30.312906,0.763199,27.685355,0.911107,4,0.100132,29.258005,35.135184,29.155303,0.725739,0.422785,0.32998,0.817,cuda
span_ch48,ami,096,down,096_down,5,4,96,bicjpeg60,30.087241,0.766236,27.462014,0.90433,4,0.11503,29.54612,34.701031,28.414486,0.746954,0.442895,0.335077,0.806,cuda
span_ch48,ami,096,front,096_front,5,4,96,bicjpeg60,29.819529,0.762226,27.060769,0.906379,4,0.1146,28.517481,34.880595,29.236104,0.707258,0.419891,0.289757,0.791,cuda
span_ch48,ami,096,left,096_left,5,4,96,bicjpeg60,31.130314,0.785278,28.288899,0.910839,4,0.091118,30.787525,35.43291,28.809907,0.694695,0.431331,0.334431,0.775,cuda
span_ch48,ami,096,right,096_right,5,4,96,bicjpeg60,30.140122,0.756029,27.183868,0.90333,4,0.114254,29.66238,34.43694,29.755234,0.75596,0.407616,0.320383,0.802,cuda
span_ch48,ami,096,up,096_up,5,4,96,bicjpeg60,29.564158,0.738632,26.926129,0.900214,4,0.117751,28.950658,34.273611,29.156657,0.705661,0.331551,0.30789,0.777,cuda
span_ch48,ami,096,zoom,096_zoom,5,4,96,bicjpeg60,30.561347,0.775205,27.661987,0.903365,4,0.108878,30.255356,34.895831,30.078721,0.737668,0.402461,0.322747,0.764,cuda
span_ch48,ami,097,back,097_back,4,4,96,bicjpeg60,31.031947,0.785395,28.603082,0.892609,4,0.10537,30.642187,35.316162,27.992134,0.668896,0.346355,0.340593,0.791,cuda
span_ch48,ami,097,down,097_down,4,4,96,bicjpeg60,31.055957,0.787673,28.658811,0.896524,4,0.107114,30.304571,35.790902,28.137531,0.76181,0.325901,0.315894,0.782,cuda
span_ch48,ami,097,front,097_front,4,4,96,bicjpeg60,30.345012,0.764367,28.058128,0.884323,4,0.12747,29.33877,35.154643,27.938439,0.681065,0.370018,0.343707,0.809,cuda
span_ch48,ami,097,left,097_left,4,4,96,bicjpeg60,31.870722,0.816028,29.374963,0.914398,4,0.098738,31.684619,36.179996,28.254689,0.704992,0.378919,0.337435,0.775,cuda
span_ch48,ami,097,right,097_right,4,4,96,bicjpeg60,31.133839,0.792389,28.63007,0.910244,4,0.103206,30.203487,35.656576,29.301494,0.715869,0.347863,0.336076,0.763,cuda
span_ch48,ami,097,up,097_up,4,4,96,bicjpeg60,30.706561,0.776523,28.372228,0.890031,4,0.121272,29.861245,35.153791,28.03817,0.665249,0.348876,0.333081,0.782,cuda
span_ch48,ami,097,zoom,097_zoom,4,4,96,bicjpeg60,30.826973,0.781159,28.317675,0.9025,4,0.122323,30.053553,34.80339,29.782325,0.721205,0.368943,0.352199,0.781,cuda
span_ch48,ami,098,back,098_back,2,4,96,bicjpeg60,30.850385,0.769853,28.226333,0.897655,4,0.114732,30.254622,35.344967,28.482257,0.647282,0.307157,0.311344,0.814,cuda
span_ch48,ami,098,down,098_down,2,4,96,bicjpeg60,31.51374,0.790219,28.991645,0.893109,4,0.100886,31.079511,36.219527,27.888798,0.64853,0.391248,0.3399,0.781,cuda
span_ch48,ami,098,front,098_front,2,4,96,bicjpeg60,31.599418,0.788282,28.95744,0.884898,4,0.103768,31.277681,35.79677,27.986162,0.618909,0.425458,0.338325,0.758,cuda
span_ch48,ami,098,left,098_left,2,4,96,bicjpeg60,33.013692,0.837641,30.227767,0.911767,4,0.085455,32.602501,37.302195,28.426966,0.620987,0.368533,0.350689,0.812,cuda
span_ch48,ami,098,right,098_right,2,4,96,bicjpeg60,31.320989,0.801574,28.562722,0.91244,4,0.107681,30.834155,35.413782,28.852647,0.69429,0.334623,0.318107,0.783,cuda
span_ch48,ami,098,up,098_up,2,4,96,bicjpeg60,30.970253,0.771284,28.420343,0.886726,4,0.108222,30.666322,35.117556,27.888161,0.672101,0.381221,0.346182,0.787,cuda
span_ch48,ami,098,zoom,098_zoom,2,4,96,bicjpeg60,31.74014,0.800216,28.895963,0.89622,4,0.097167,31.744427,35.731477,29.11004,0.741793,0.386155,0.346956,0.799,cuda
span_ch48,ami,099,back,099_back,1,4,96,bicjpeg60,30.500799,0.767088,28.131268,0.894216,4,0.10289,30.24934,34.659358,29.321685,0.714646,0.343698,0.33392,0.806,cuda
span_ch48,ami,099,down,099_down,1,4,96,bicjpeg60,30.987441,0.771765,28.405263,0.894782,4,0.111917,30.746241,35.212295,29.447037,0.766873,0.361313,0.306677,0.769,cuda
span_ch48,ami,099,front,099_front,1,4,96,bicjpeg60,30.459199,0.746201,27.803891,0.885176,4,0.122867,30.002484,34.910151,29.647445,0.731759,0.375113,0.313393,0.783,cuda
span_ch48,ami,099,left,099_left,1,4,96,bicjpeg60,31.150781,0.781133,28.679677,0.894108,4,0.099526,31.190619,35.157647,29.076974,0.71117,0.385213,0.337434,0.803,cuda
span_ch48,ami,099,right,099_right,1,4,96,bicjpeg60,31.081596,0.780078,28.257103,0.902598,4,0.106052,30.526947,35.402115,29.824618,0.716303,0.339918,0.309884,0.812,cuda
span_ch48,ami,099,up,099_up,1,4,96,bicjpeg60,30.94012,0.769943,28.284742,0.898383,4,0.105018,30.585274,35.091992,30.261133,0.735006,0.32538,0.308959,0.778,cuda
span_ch48,ami,099,zoom,099_zoom,1,4,96,bicjpeg60,31.141494,0.786277,28.453756,0.900848,4,0.10259,31.029069,34.997325,30.501996,0.745254,0.305237,0.296857,0.77,cuda
span_ch48,ami,100,back,100_back,1,4,96,bicjpeg60,31.196296,0.734717,28.333509,0.876515,4,0.110409,30.912746,35.597467,30.098374,0.702359,0.466714,0.333635,0.77,cuda
span_ch48,ami,100,down,100_down,1,4,96,bicjpeg60,30.956149,0.744867,28.248983,0.883143,4,0.111966,30.248062,35.652352,29.035252,0.732701,0.471349,0.361086,0.812,cuda
span_ch48,ami,100,front,100_front,1,4,96,bicjpeg60,30.598867,0.721726,27.921817,0.870356,4,0.111179,30.431343,35.072548,29.043596,0.707163,0.474981,0.376426,0.803,cuda
span_ch48,ami,100,left,100_left,1,4,96,bicjpeg60,31.637426,0.760378,28.750747,0.88427,4,0.099884,31.743849,36.01915,28.707697,0.712763,0.484039,0.364653,0.781,cuda
span_ch48,ami,100,right,100_right,1,4,96,bicjpeg60,30.830327,0.738039,28.074135,0.883793,4,0.104454,30.673768,35.240392,29.325852,0.707112,0.446897,0.347872,0.793,cuda
span_ch48,ami,100,up,100_up,1,4,96,bicjpeg60,30.596083,0.719648,27.934556,0.870191,4,0.112572,30.419779,35.008365,29.21439,0.694077,0.520388,0.382603,0.813,cuda
span_ch48,ami,100,zoom,100_zoom,1,4,96,bicjpeg60,30.789566,0.745076,27.999016,0.891441,4,0.106316,30.304626,35.264341,30.294437,0.725939,0.420064,0.382024,0.779,cuda
span_ch48,ami,101,back,101_back,1,4,96,bicjpeg60,30.852725,0.774734,28.199041,0.897797,4,0.105039,30.294421,35.211753,29.215858,0.732446,0.429663,0.336037,0.769,cuda
span_ch48,ami,101,down,101_down,1,4,96,bicjpeg60,31.215971,0.790762,28.790043,0.900657,4,0.112963,30.732684,35.70292,28.739766,0.772055,0.391934,0.336424,0.768,cuda
span_ch48,ami,101,front,101_front,1,4,96,bicjpeg60,31.056875,0.782546,28.47339,0.890086,4,0.104754,30.544107,35.377981,28.915364,0.722164,0.391046,0.318949,0.802,cuda
span_ch48,ami,101,left,101_left,1,4,96,bicjpeg60,31.797325,0.79644,29.238321,0.895603,4,0.109704,31.115556,36.233519,28.381679,0.648305,0.376647,0.332347,0.798,cuda
span_ch48,ami,101,right,101_right,1,4,96,bicjpeg60,31.029349,0.779443,28.275921,0.895108,4,0.113152,30.093488,35.333907,29.371897,0.693874,0.401268,0.328789,0.766,cuda
span_ch48,ami,101,up,101_up,1,4,96,bicjpeg60,30.749302,0.774433,28.036006,0.891848,4,0.110959,30.173939,34.951366,29.537637,0.71873,0.411955,0.349725,0.797,cuda
span_ch48,ami,101,zoom,101_zoom,1,4,96,bicjpeg60,30.874105,0.781534,28.358516,0.894259,4,0.109916,30.67485,35.11369,30.650469,0.771561,0.364639,0.320989,0.787,cuda
span_ch48,ami,102,back,102_back,1,4,96,bicjpeg60,30.435443,0.754517,27.848865,0.9053,4,0.11366,30.47321,34.714881,28.684786,0.694426,0.406033,0.324248,0.816,cuda
span_ch48,ami,102,down,102_down,1,4,96,bicjpeg60,30.479758,0.742596,28.086311,0.890423,4,0.111935,30.689154,34.756087,28.718943,0.721439,0.399271,0.322267,0.8,cuda
span_ch48,ami,102,front,102_front,1,4,96,bicjpeg60,30.357724,0.7475,27.978956,0.894004,4,0.12393,29.98626,34.842944,28.676445,0.683195,0.400741,0.306069,0.792,cuda
span_ch48,ami,102,left,102_left,1,4,96,bicjpeg60,31.292932,0.778119,28.517865,0.90836,4,0.103811,31.472529,35.33316,29.358525,0.713844,0.447181,0.345154,0.767,cuda
span_ch48,ami,102,right,102_right,1,4,96,bicjpeg60,29.9969,0.719615,27.557385,0.890243,4,0.121468,29.928009,34.465865,28.831543,0.71134,0.409167,0.341486,0.764,cuda
span_ch48,ami,102,up,102_up,1,4,96,bicjpeg60,29.964604,0.722111,27.663573,0.885546,4,0.117347,29.524919,34.603065,28.996091,0.688886,0.444405,0.333956,0.78,cuda
span_ch48,ami,102,zoom,102_zoom,1,4,96,bicjpeg60,31.304908,0.784892,28.629264,0.90667,4,0.099192,31.326355,35.463718,30.561015,0.766388,0.398228,0.362893,0.803,cuda
span_ch48,ami,103,back,103_back,2,4,96,bicjpeg60,31.168933,0.791727,28.203152,0.906289,4,0.107475,30.223164,35.638922,29.112561,0.723354,0.34811,0.308177,0.786,cuda
span_ch48,ami,103,down,103_down,2,4,96,bicjpeg60,31.008712,0.792949,28.25817,0.898815,4,0.109949,30.625454,34.888804,28.407327,0.72859,0.368031,0.327543,0.788,cuda
span_ch48,ami,103,front,103_front,2,4,96,bicjpeg60,30.961429,0.798477,28.179933,0.90304,4,0.100553,30.524738,34.945309,27.981967,0.674635,0.423006,0.321339,0.817,cuda
span_ch48,ami,103,left,103_left,2,4,96,bicjpeg60,32.276815,0.829186,29.246006,0.912348,4,0.092222,31.989801,35.906007,28.327758,0.665542,0.313721,0.324682,0.799,cuda
span_ch48,ami,103,right,103_right,2,4,96,bicjpeg60,31.469575,0.805355,28.634299,0.906462,4,0.101103,30.930904,35.208642,28.952809,0.714213,0.309593,0.301788,0.784,cuda
span_ch48,ami,103,up,103_up,2,4,96,bicjpeg60,31.064955,0.796989,28.137272,0.908549,4,0.103766,30.464527,35.3446,28.234744,0.703094,0.325949,0.2917,0.801,cuda
span_ch48,ami,103,zoom,103_zoom,2,4,96,bicjpeg60,31.478222,0.806376,28.402065,0.914594,4,0.09892,30.833467,35.385772,29.743559,0.743544,0.353944,0.310766,0.798,cuda
span_ch48,ami,104,back,104_back,4,4,96,bicjpeg60,29.779991,0.777579,27.206868,0.891622,4,0.110151,28.393091,35.163045,27.72018,0.674858,0.376347,0.351144,0.814,cuda
span_ch48,ami,104,down,104_down,4,4,96,bicjpeg60,30.743951,0.784697,28.159114,0.892869,4,0.105079,29.832243,35.730096,27.7171,0.757435,0.42845,0.34119,0.781,cuda
span_ch48,ami,104,front,104_front,4,4,96,bicjpeg60,30.551227,0.759614,28.069548,0.870967,4,0.111368,29.68926,35.169326,27.774878,0.686858,0.326047,0.324527,0.804,cuda
span_ch48,ami,104,left,104_left,4,4,96,bicjpeg60,30.885416,0.776305,28.461417,0.891049,4,0.113291,29.854051,35.970232,27.627616,0.682772,0.42132,0.344243,0.792,cuda
span_ch48,ami,104,right,104_right,4,4,96,bicjpeg60,30.637314,0.789999,27.826001,0.903055,4,0.113144,29.468999,35.456674,29.46951,0.713131,0.33643,0.321119,0.813,cuda
span_ch48,ami,104,up,104_up,4,4,96,bicjpeg60,30.329175,0.751873,27.861005,0.876518,4,0.114541,29.217087,35.043588,28.349323,0.700929,0.351938,0.347973,0.797,cuda
span_ch48,ami,104,zoom,104_zoom,4,4,96,bicjpeg60,30.345575,0.764359,27.810522,0.873893,4,0.111077,29.365174,34.992581,29.105866,0.743676,0.336266,0.319268,0.806,cuda
span_ch48,ami,105,back,105_back,5,4,96,bicjpeg60,30.738823,0.75812,27.866559,0.895527,4,0.112327,30.365495,35.068197,28.6489,0.653217,0.382179,0.310214,0.779,cuda
span_ch48,ami,105,down,105_down,5,4,96,bicjpeg60,30.164202,0.750252,27.460113,0.890925,4,0.12455,29.28097,34.846157,29.842569,0.744612,0.335804,0.285207,0.806,cuda
span_ch48,ami,105,front,105_front,5,4,96,bicjpeg60,30.335916,0.745402,27.501997,0.89599,4,0.119154,29.936646,34.806053,30.164024,0.73566,0.406648,0.306721,0.791,cuda
span_ch48,ami,105,left,105_left,5,4,96,bicjpeg60,30.875806,0.762822,28.088837,0.899967,4,0.109669,30.612993,35.313127,30.311683,0.747965,0.424188,0.320074,0.781,cuda
span_ch48,ami,105,right,105_right,5,4,96,bicjpeg60,30.369021,0.769874,27.474812,0.907012,4,0.118566,29.715467,34.770968,29.178541,0.693188,0.390501,0.320564,0.771,cuda
span_ch48,ami,105,up,105_up,5,4,96,bicjpeg60,29.918128,0.747243,27.218239,0.897391,4,0.11155,29.301474,34.474862,29.827408,0.711491,0.429287,0.328184,0.779,cuda
span_ch48,ami,105,zoom,105_zoom,5,4,96,bicjpeg60,30.185843,0.757351,27.319725,0.900874,4,0.113409,29.737244,34.715336,30.631331,0.743553,0.365789,0.321063,0.791,cuda
span_ch48,ami,106,back,106_back,3,4,96,bicjpeg60,30.835153,0.72975,28.341435,0.872607,4,0.113762,30.158622,35.34366,29.773267,0.666237,0.450852,0.37026,0.816,cuda
span_ch48,ami,106,down,106_down,3,4,96,bicjpeg60,30.932618,0.756364,28.518867,0.890566,4,0.114473,30.495676,35.531415,29.792817,0.752993,0.43587,0.387201,0.801,cuda
span_ch48,ami,106,front,106_front,3,4,96,bicjpeg60,30.962905,0.741933,28.443747,0.874238,4,0.116787,30.391307,35.279668,29.596005,0.703246,0.486386,0.412144,0.784,cuda
span_ch48,ami,106,left,106_left,3,4,96,bicjpeg60,30.926336,0.739586,28.646278,0.870553,4,0.11504,30.533636,35.490976,28.77098,0.628511,0.381383,0.359196,0.811,cuda
span_ch48,ami,106,right,106_right,3,4,96,bicjpeg60,30.682866,0.715047,27.83403,0.860982,4,0.121287,30.099581,35.105671,29.860085,0.684652,0.479,0.381953,0.795,cuda
span_ch48,ami,106,up,106_up,3,4,96,bicjpeg60,31.406094,0.76446,28.839798,0.893752,4,0.103246,31.18726,35.630138,29.761919,0.712448,0.387151,0.37105,0.792,cuda
span_ch48,ami,106,zoom,106_zoom,3,4,96,bicjpeg60,31.195447,0.769111,28.560318,0.886289,4,0.116239,30.787883,35.081584,30.462621,0.715153,0.443357,0.394663,0.812,cuda
