model,dataset,subject,view,key,fold,scale,tier,degrade,psnr_y,ssim_y,psnr_rgb,ms_ssim_y,ms_ssim_scales,gmsd,grad_psnr,lr_psnr_y,psnr_y_c,ssim_y_c,lpips,dists,host_ms,device
span_ch48,ami,000,back,000_back,3,4,144,bicjpeg93,33.118833,0.811088,30.652156,0.950434,4,0.065234,31.45476,42.939272,33.595565,0.868623,0.346985,0.293548,1.252,cuda
span_ch48,ami,000,down,000_down,3,4,144,bicjpeg93,32.597908,0.805591,30.020442,0.954422,4,0.06148,31.243765,42.546453,33.599236,0.880781,0.388826,0.301276,0.845,cuda
span_ch48,ami,000,front,000_front,3,4,144,bicjpeg93,32.563463,0.809365,30.040672,0.956368,4,0.059596,31.138805,42.608346,33.842694,0.893888,0.371492,0.287875,0.797,cuda
span_ch48,ami,000,left,000_left,3,4,144,bicjpeg93,33.139257,0.823727,30.770242,0.958767,4,0.059409,31.722543,42.999805,34.167749,0.893341,0.391033,0.304934,0.807,cuda
span_ch48,ami,000,right,000_right,3,4,144,bicjpeg93,32.557658,0.805529,30.045161,0.954684,4,0.063379,30.928481,42.654365,33.37453,0.876138,0.329919,0.292019,0.805,cuda
span_ch48,ami,000,up,000_up,3,4,144,bicjpeg93,32.316716,0.802077,29.915861,0.953995,4,0.064488,30.852389,42.467063,33.464734,0.873706,0.359246,0.297872,0.818,cuda
span_ch48,ami,000,zoom,000_zoom,3,4,144,bicjpeg93,34.46407,0.881121,31.384005,0.971928,4,0.047796,33.316131,42.923835,36.187965,0.916508,0.323754,0.292569,0.794,cuda
span_ch48,ami,001,back,001_back,1,4,144,bicjpeg93,35.208887,0.860922,32.629472,0.961148,4,0.055942,33.853873,43.504677,35.189908,0.888825,0.301341,0.311602,0.785,cuda
span_ch48,ami,001,down,001_down,1,4,144,bicjpeg93,36.463869,0.889837,33.549039,0.9687,4,0.044096,35.15275,44.261559,36.196704,0.912822,0.269399,0.26766,0.811,cuda
span_ch48,ami,001,front,001_front,1,4,144,bicjpeg93,36.781244,0.894635,33.832379,0.968687,4,0.045167,35.411329,44.324449,36.049694,0.905925,0.28364,0.293421,0.831,cuda
span_ch48,ami,001,left,001_left,1,4,144,bicjpeg93,37.236622,0.904735,34.522656,0.970349,4,0.039049,35.796299,44.746581,36.261518,0.916455,0.276828,0.294505,0.814,cuda
span_ch48,ami,001,right,001_right,1,4,144,bicjpeg93,36.21371,0.887798,33.238262,0.968044,4,0.047501,34.520194,44.420452,35.050494,0.890644,0.270792,0.277111,0.812,cuda
span_ch48,ami,001,up,001_up,1,4,144,bicjpeg93,35.456799,0.870937,32.833859,0.9658,4,0.047588,34.055076,43.910207,35.910435,0.900445,0.28209,0.256066,0.814,cuda
span_ch48,ami,001,zoom,001_zoom,1,4,144,bicjpeg93,36.946111,0.899071,33.853045,0.971823,4,0.040663,35.352002,44.556538,36.986257,0.918773,0.278066,0.280172,0.803,cuda
span_ch48,ami,002,back,002_back,1,4,144,bicjpeg93,35.004409,0.844509,32.199806,0.959797,4,0.048899,33.61468,43.394647,35.151182,0.884042,0.330374,0.271819,0.798,cuda
span_ch48,ami,002,down,002_down,1,4,144,bicjpeg93,35.755844,0.869287,32.666083,0.967172,4,0.044712,34.166641,44.082938,35.791993,0.904297,0.321524,0.27942,0.784,cuda
span_ch48,ami,002,front,002_front,1,4,144,bicjpeg93,35.077131,0.850593,32.221541,0.960998,4,0.049391,33.355649,43.563943,34.904008,0.878154,0.332997,0.283534,0.804,cuda
span_ch48,ami,002,left,002_left,1,4,144,bicjpeg93,35.794551,0.864375,32.860679,0.963339,4,0.0445,34.318924,43.996638,35.894616,0.894339,0.326597,0.285227,0.803,cuda
span_ch48,ami,002,right,002_right,1,4,144,bicjpeg93,35.671324,0.875642,32.5143,0.967105,4,0.043497,33.994079,43.80666,34.746473,0.880415,0.311775,0.305169,0.803,cuda
span_ch48,ami,002,up,002_up,1,4,144,bicjpeg93,35.646392,0.863488,32.584244,0.962768,4,0.044617,34.424214,43.777669,35.790151,0.89037,0.319129,0.268796,0.824,cuda
span_ch48,ami,002,zoom,002_zoom,1,4,144,bicjpeg93,35.920895,0.872902,32.788976,0.965397,4,0.047224,34.625029,43.756553,36.488045,0.900674,0.308476,0.298724,0.836,cuda
span_ch48,ami,003,back,003_back,5,4,144,bicjpeg93,35.331948,0.856129,32.340184,0.961691,4,0.052061,34.021323,43.547493,35.033476,0.878115,0.337511,0.245834,0.81,cuda
span_ch48,ami,003,down,003_down,5,4,144,bicjpeg93,35.309376,0.857753,32.403982,0.961801,4,0.050053,33.945614,43.499102,35.129934,0.885207,0.359149,0.298602,0.834,cuda
span_ch48,ami,003,front,003_front,5,4,144,bicjpeg93,34.818388,0.850133,32.068515,0.959855,4,0.054404,33.517727,43.353898,34.364284,0.867733,0.354161,0.287089,0.809,cuda
span_ch48,ami,003,left,003_left,5,4,144,bicjpeg93,35.882524,0.872604,32.993419,0.965289,4,0.045277,34.714567,43.901628,35.91085,0.898141,0.333699,0.294773,0.816,cuda
span_ch48,ami,003,right,003_right,5,4,144,bicjpeg93,35.592611,0.872859,32.332413,0.967493,4,0.046443,33.960658,43.783862,35.036114,0.87769,0.355005,0.278735,0.783,cuda
span_ch48,ami,003,up,003_up,5,4,144,bicjpeg93,34.883022,0.854506,32.149313,0.960376,4,0.051153,33.686017,43.045793,34.562373,0.869302,0.328095,0.286199,0.789,cuda
span_ch48,ami,003,zoom,003_zoom,5,4,144,bicjpeg93,35.417346,0.868931,32.461868,0.965714,4,0.049419,34.053657,43.73991,35.998953,0.895835,0.359291,0.300994,0.793,cuda
span_ch48,ami,004,back,004_back,5,4,144,bicjpeg93,35.665575,0.880473,32.716132,0.966903,4,0.052882,33.71032,43.758048,34.918548,0.890844,0.216935,0.274117,0.802,cuda
span_ch48,ami,004,down,004_down,5,4,144,bicjpeg93,34.469636,0.853575,31.993241,0.960756,4,0.05899,32.364518,43.47294,33.801286,0.880513,0.264148,0.283355,0.825,cuda
span_ch48,ami,004,front,004_front,5,4,144,bicjpeg93,34.597729,0.857018,32.06869,0.962475,4,0.057475,32.866847,43.452858,34.408945,0.885678,0.238047,0.261336,0.833,cuda
span_ch48,ami,004,left,004_left,5,4,144,bicjpeg93,35.774085,0.877732,32.968832,0.966345,4,0.049071,34.013189,44.243882,34.909509,0.885363,0.251496,0.266519,0.84,cuda
span_ch48,ami,004,right,004_right,5,4,144,bicjpeg93,35.425717,0.872462,32.723275,0.965953,4,0.046483,33.517146,43.839751,34.842597,0.891261,0.240771,0.270325,0.807,cuda
span_ch48,ami,004,up,004_up,5,4,144,bicjpeg93,35.010755,0.869007,32.464473,0.965275,4,0.05175,33.347364,43.482067,34.876707,0.892805,0.225625,0.262975,0.821,cuda
span_ch48,ami,004,zoom,004_zoom,5,4,144,bicjpeg93,35.605724,0.8788,32.760538,0.968992,4,0.046231,33.872358,43.943984,35.977237,0.904874,0.249519,0.241053,0.824,cuda
span_ch48,ami,005,back,005_back,4,4,144,bicjpeg93,32.95008,0.836042,30.28704,0.952759,4,0.06521,30.793549,43.223008,32.805403,0.870687,0.375705,0.276187,0.831,cuda
span_ch48,ami,005,down,005_down,4,4,144,bicjpeg93,34.722787,0.845623,32.32977,0.955729,4,0.055348,33.063444,43.690922,35.103308,0.882188,0.378079,0.273772,0.834,cuda
span_ch48,ami,005,front,005_front,4,4,144,bicjpeg93,34.802447,0.856282,32.365687,0.957263,4,0.055609,33.126738,43.503037,34.909358,0.886015,0.372848,0.298614,0.798,cuda
span_ch48,ami,005,left,005_left,4,4,144,bicjpeg93,35.663439,0.867402,32.927058,0.964007,4,0.045717,34.187029,44.137366,35.638197,0.894661,0.390763,0.296119,0.813,cuda
span_ch48,ami,005,right,005_right,4,4,144,bicjpeg93,35.237443,0.875327,32.103946,0.965068,4,0.046122,33.674457,43.391429,35.334032,0.893659,0.347924,0.260342,0.825,cuda
span_ch48,ami,005,up,005_up,4,4,144,bicjpeg93,33.911004,0.8429,31.605366,0.955694,4,0.058426,32.052624,43.273572,34.230736,0.87914,0.329755,0.269727,0.799,cuda
span_ch48,ami,005,zoom,005_zoom,4,4,144,bicjpeg93,35.128899,0.869704,32.500082,0.96281,4,0.056309,33.591685,43.780661,37.049596,0.909721,0.337224,0.259603,0.803,cuda
span_ch48,ami,007,back,007_back,5,4,144,bicjpeg93,35.671941,0.873195,32.970222,0.962916,4,0.050426,34.32165,43.519709,35.525534,0.889163,0.254384,0.304283,0.826,cuda
span_ch48,ami,007,down,007_down,5,4,144,bicjpeg93,34.881973,0.860159,32.642863,0.962966,4,0.052487,33.385667,43.397941,35.788383,0.895768,0.33133,0.275755,0.814,cuda
span_ch48,ami,007,front,007_front,5,4,144,bicjpeg93,35.270498,0.868759,32.887072,0.96435,4,0.054213,33.573733,44.199174,36.134217,0.90669,0.298926,0.286422,0.828,cuda
span_ch48,ami,007,left,007_left,5,4,144,bicjpeg93,35.580946,0.871534,33.25071,0.963667,4,0.053185,33.764684,44.520188,36.641256,0.907858,0.32563,0.287799,0.799,cuda
span_ch48,ami,007,right,007_right,5,4,144,bicjpeg93,35.953213,0.88643,33.225843,0.969685,4,0.045169,34.429688,44.105081,36.073049,0.901577,0.28713,0.289383,0.814,cuda
span_ch48,ami,007,up,007_up,5,4,144,bicjpeg93,34.901631,0.865191,32.575629,0.963693,4,0.056555,33.162142,44.156758,35.609568,0.899224,0.298849,0.262062,0.791,cuda
span_ch48,ami,007,zoom,007_zoom,5,4,144,bicjpeg93,35.96347,0.890719,33.322575,0.972675,4,0.044737,34.372538,44.512417,36.779867,0.910112,0.315962,0.279081,0.823,cuda
span_ch48,ami,008,back,008_back,5,4,144,bicjpeg93,35.94336,0.888638,33.324712,0.969701,4,0.046357,34.440941,44.222256,35.57146,0.90277,0.269635,0.288367,0.825,cuda
span_ch48,ami,008,down,008_down,5,4,144,bicjpeg93,35.213011,0.878946,32.888154,0.968588,4,0.045546,33.679209,44.030102,35.45429,0.908422,0.300347,0.327251,0.809,cuda
span_ch48,ami,008,front,008_front,5,4,144,bicjpeg93,34.131232,0.863463,31.992823,0.9653,4,0.053664,32.639207,43.652487,34.341107,0.891435,0.287173,0.304123,0.828,cuda
span_ch48,ami,008,left,008_left,5,4,144,bicjpeg93,35.425331,0.875612,33.012837,0.966927,4,0.047543,33.88314,44.115783,35.218427,0.89531,0.30256,0.333396,0.804,cuda
span_ch48,ami,008,right,008_right,5,4,144,bicjpeg93,34.618933,0.869507,32.360203,0.967122,4,0.050128,33.000611,43.557505,34.959249,0.900903,0.265379,0.293448,0.821,cuda
span_ch48,ami,008,up,008_up,5,4,144,bicjpeg93,34.413449,0.867466,32.19396,0.965346,4,0.05426,32.822238,43.596849,34.764151,0.901502,0.278949,0.313175,0.815,cuda
span_ch48,ami,008,zoom,008_zoom,5,4,144,bicjpeg93,35.309271,0.888102,32.876232,0.971614,4,0.043527,33.833322,44.115215,36.538969,0.918001,0.265696,0.294179,0.828,cuda
span_ch48,ami,009,back,009_back,4,4,144,bicjpeg93,34.985562,0.893316,32.438259,0.970784,4,0.044618,33.139633,43.877317,36.644454,0.910795,0.273601,0.270714,0.804,cuda
span_ch48,ami,009,down,009_down,4,4,144,bicjpeg93,35.50922,0.887756,32.657766,0.970761,4,0.046131,34.138377,43.908933,36.403395,0.915599,0.307132,0.269867,0.84,cuda
span_ch48,ami,009,front,009_front,4,4,144,bicjpeg93,34.576593,0.884043,31.86757,0.970486,4,0.044441,32.447964,43.740186,36.175759,0.912605,0.305821,0.290731,0.793,cuda
span_ch48,ami,009,left,009_left,4,4,144,bicjpeg93,36.045237,0.88834,33.12741,0.968943,4,0.043466,34.869699,43.842658,36.635307,0.912506,0.357734,0.284964,0.806,cuda
span_ch48,ami,009,right,009_right,4,4,144,bicjpeg93,35.783822,0.889388,32.539048,0.971585,4,0.045609,34.365056,43.956959,36.124042,0.902566,0.336192,0.258757,0.834,cuda
span_ch48,ami,009,up,009_up,4,4,144,bicjpeg93,33.567789,0.858824,30.976246,0.964209,4,0.052574,31.853247,43.23708,34.726715,0.882058,0.309502,0.262487,0.81,cuda
span_ch48,ami,009,zoom,009_zoom,4,4,144,bicjpeg93,36.177857,0.902355,32.903374,0.974842,4,0.040132,34.720637,44.077022,37.007956,0.91619,0.308409,0.284199,0.819,cuda
span_ch48,ami,010,back,010_back,2,4,144,bicjpeg93,35.123308,0.847425,32.317388,0.95871,4,0.050254,33.736908,43.476752,35.383107,0.880125,0.346556,0.273844,0.824,cuda
span_ch48,ami,010,down,010_down,2,4,144,bicjpeg93,35.332488,0.86171,32.448866,0.964961,4,0.046399,33.988204,43.698557,35.614477,0.896625,0.37022,0.282776,0.812,cuda
span_ch48,ami,010,front,010_front,2,4,144,bicjpeg93,34.819924,0.853721,32.038328,0.963445,4,0.045567,33.431426,43.755648,35.151181,0.888733,0.374825,0.27623,0.822,cuda
span_ch48,ami,010,left,010_left,2,4,144,bicjpeg93,35.430977,0.863505,32.533261,0.964672,4,0.042977,34.083983,43.772871,35.8069,0.8959,0.359406,0.288466,0.826,cuda
span_ch48,ami,010,right,010_right,2,4,144,bicjpeg93,35.072969,0.85982,32.212355,0.963745,4,0.048523,33.553603,43.421214,35.19602,0.892321,0.389506,0.310347,0.827,cuda
span_ch48,ami,010,up,010_up,2,4,144,bicjpeg93,35.209764,0.863714,32.377465,0.964514,4,0.042278,33.674782,43.534896,35.667106,0.896685,0.366108,0.272959,0.83,cuda
span_ch48,ami,010,zoom,010_zoom,2,4,144,bicjpeg93,35.58345,0.871899,32.586048,0.966838,4,0.046219,34.172168,43.586584,35.965606,0.897603,0.362632,0.273902,0.792,cuda
span_ch48,ami,011,back,011_back,5,4,144,bicjpeg93,35.554896,0.889836,32.660391,0.970911,4,0.045834,34.28348,43.38157,35.737739,0.905851,0.328323,0.28831,0.811,cuda
span_ch48,ami,011,down,011_down,5,4,144,bicjpeg93,34.874364,0.870293,32.093455,0.968043,4,0.053349,33.37772,43.477644,35.920089,0.912641,0.335325,0.308689,0.81,cuda
span_ch48,ami,011,front,011_front,5,4,144,bicjpeg93,34.579059,0.867217,31.87686,0.968039,4,0.052507,33.267634,43.131025,35.887341,0.908525,0.343093,0.280889,0.808,cuda
span_ch48,ami,011,left,011_left,5,4,144,bicjpeg93,35.114839,0.86394,32.571769,0.966378,4,0.05144,33.821884,43.518735,36.295982,0.912891,0.338542,0.291431,0.804,cuda
span_ch48,ami,011,right,011_right,5,4,144,bicjpeg93,35.045077,0.872341,32.27867,0.965162,4,0.047079,33.689128,43.162518,35.489469,0.900103,0.324337,0.301854,0.818,cuda
span_ch48,ami,011,up,011_up,5,4,144,bicjpeg93,34.76506,0.868963,31.898113,0.967333,4,0.052819,33.216365,43.188161,35.75957,0.904603,0.35093,0.278332,0.835,cuda
span_ch48,ami,011,zoom,011_zoom,5,4,144,bicjpeg93,35.701838,0.893824,32.62131,0.973194,4,0.046107,34.49968,43.566918,36.268761,0.908487,0.373389,0.290983,0.797,cuda
span_ch48,ami,012,back,012_back,3,4,144,bicjpeg93,37.676565,0.919761,34.071979,0.975921,4,0.038638,36.071288,44.828682,35.90014,0.906553,0.223488,0.24764,0.83,cuda
span_ch48,ami,012,down,012_down,3,4,144,bicjpeg93,36.797608,0.910097,33.483167,0.972548,4,0.044153,35.108103,44.142003,35.260884,0.897899,0.229876,0.279896,0.821,cuda
span_ch48,ami,012,front,012_front,3,4,144,bicjpeg93,36.585366,0.903756,33.230124,0.971678,4,0.042048,34.906802,44.280884,35.50657,0.903127,0.249252,0.270609,0.8,cuda
span_ch48,ami,012,left,012_left,3,4,144,bicjpeg93,37.202613,0.913343,33.883112,0.97286,4,0.040546,35.802291,44.498693,35.772193,0.910623,0.22492,0.246682,0.812,cuda
span_ch48,ami,012,right,012_right,3,4,144,bicjpeg93,37.169874,0.914758,33.683612,0.974197,4,0.040412,35.593194,44.673873,35.383989,0.900025,0.233764,0.270205,0.819,cuda
span_ch48,ami,012,up,012_up,3,4,144,bicjpeg93,36.098198,0.895546,32.983781,0.969217,4,0.047773,34.478505,44.103102,35.233166,0.895022,0.260393,0.262221,0.809,cuda
span_ch48,ami,012,zoom,012_zoom,3,4,144,bicjpeg93,37.097778,0.914454,33.650976,0.974263,4,0.04339,35.569406,44.483099,35.954965,0.909274,0.236517,0.265328,0.815,cuda
span_ch48,ami,013,back,013_back,1,4,144,bicjpeg93,34.44123,0.867146,31.990904,0.964464,4,0.051135,32.587455,43.558345,36.263852,0.911397,0.307729,0.278974,0.822,cuda
span_ch48,ami,013,down,013_down,1,4,144,bicjpeg93,35.853341,0.887501,33.126636,0.970183,4,0.044757,34.015616,44.384512,36.735439,0.918478,0.311063,0.251891,0.799,cuda
span_ch48,ami,013,front,013_front,1,4,144,bicjpeg93,35.649664,0.884175,32.920584,0.966532,4,0.04661,34.290011,43.516694,36.309589,0.908204,0.33368,0.268498,0.797,cuda
span_ch48,ami,013,left,013_left,1,4,144,bicjpeg93,35.969545,0.889587,33.265985,0.968858,4,0.044415,34.612553,43.961629,36.836156,0.915238,0.321557,0.254575,0.83,cuda
span_ch48,ami,013,right,013_right,1,4,144,bicjpeg93,35.968355,0.88516,33.097716,0.965828,4,0.047237,34.552676,43.587443,36.280533,0.905026,0.297531,0.249594,0.788,cuda
span_ch48,ami,013,up,013_up,1,4,144,bicjpeg93,34.933377,0.870266,32.419173,0.963416,4,0.046498,33.448916,43.61385,36.210823,0.911782,0.364931,0.280134,0.824,cuda
span_ch48,ami,013,zoom,013_zoom,1,4,144,bicjpeg93,36.354633,0.903312,33.410733,0.973476,4,0.041799,34.747836,44.612281,37.074892,0.919073,0.311921,0.253489,0.837,cuda
span_ch48,ami,014,back,014_back,5,4,144,bicjpeg93,35.137293,0.855268,32.009398,0.960763,4,0.046231,33.779015,43.268069,34.493753,0.855807,0.30186,0.295543,0.804,cuda
span_ch48,ami,014,down,014_down,5,4,144,bicjpeg93,35.672005,0.868202,32.58904,0.965995,4,0.046636,34.329466,43.735,35.679144,0.891393,0.336392,0.281263,0.834,cuda
span_ch48,ami,014,front,014_front,5,4,144,bicjpeg93,35.732122,0.872303,32.444931,0.966807,4,0.048768,34.316539,43.693069,35.256826,0.880151,0.330748,0.301334,0.811,cuda
span_ch48,ami,014,left,014_left,5,4,144,bicjpeg93,35.720147,0.866198,32.733397,0.965432,4,0.048668,34.242778,43.865441,35.610475,0.893076,0.350283,0.308255,0.826,cuda
span_ch48,ami,014,right,014_right,5,4,144,bicjpeg93,35.834877,0.88297,32.804977,0.968611,4,0.046882,34.280111,43.849119,35.394047,0.882491,0.331349,0.282531,0.807,cuda
span_ch48,ami,014,up,014_up,5,4,144,bicjpeg93,35.191888,0.860187,32.309407,0.96342,4,0.04984,33.614919,43.699,35.319214,0.874628,0.321473,0.297588,0.826,cuda
span_ch48,ami,014,zoom,014_zoom,5,4,144,bicjpeg93,35.341006,0.868027,32.135102,0.966998,4,0.049096,33.791918,43.783554,35.520973,0.878092,0.328159,0.279249,0.798,cuda
span_ch48,ami,018,back,018_back,1,4,144,bicjpeg93,37.218037,0.919638,33.911487,0.974557,4,0.037325,35.650754,44.812554,35.144944,0.901445,0.198997,0.280238,0.821,cuda
span_ch48,ami,018,down,018_down,1,4,144,bicjpeg93,36.716521,0.919078,33.666676,0.974502,4,0.038297,34.743739,44.749512,34.274087,0.897471,0.238426,0.305495,0.818,cuda
span_ch48,ami,018,front,018_front,1,4,144,bicjpeg93,37.17822,0.926717,33.901592,0.97788,4,0.036536,35.2804,44.95124,34.796096,0.902404,0.211645,0.296971,0.799,cuda
span_ch48,ami,018,left,018_left,1,4,144,bicjpeg93,38.33902,0.92991,34.999722,0.976702,4,0.035288,36.86141,45.07146,36.444099,0.918126,0.236145,0.306904,0.837,cuda
span_ch48,ami,018,right,018_right,1,4,144,bicjpeg93,37.079111,0.924684,33.664962,0.976853,4,0.037496,35.022059,44.851476,34.656859,0.901569,0.200114,0.289388,0.82,cuda
span_ch48,ami,018,up,018_up,1,4,144,bicjpeg93,36.820016,0.92382,33.69889,0.975885,4,0.039197,34.908895,44.69119,34.458237,0.902099,0.226905,0.306582,0.809,cuda
span_ch48,ami,018,zoom,018_zoom,1,4,144,bicjpeg93,36.50335,0.920999,33.420927,0.976024,4,0.039017,34.362281,44.485745,34.265261,0.900719,0.215159,0.307925,0.784,cuda
span_ch48,ami,019,back,019_back,4,4,144,bicjpeg93,35.443277,0.900604,32.502661,0.968726,4,0.047769,33.680919,44.012918,34.699105,0.889485,0.248138,0.300625,0.813,cuda
span_ch48,ami,019,down,019_down,4,4,144,bicjpeg93,34.725645,0.895418,32.103206,0.972458,4,0.04602,32.570783,43.610213,33.985214,0.891395,0.256064,0.296396,0.813,cuda
span_ch48,ami,019,front,019_front,4,4,144,bicjpeg93,34.485251,0.887572,31.831098,0.970099,4,0.049151,32.372875,43.111532,34.092074,0.891917,0.262844,0.284352,0.832,cuda
span_ch48,ami,019,left,019_left,4,4,144,bicjpeg93,34.766318,0.897188,32.142143,0.973089,4,0.049831,32.801962,43.704133,34.413064,0.90056,0.260956,0.292672,0.836,cuda
span_ch48,ami,019,right,019_right,4,4,144,bicjpeg93,34.706684,0.897436,32.007627,0.970261,4,0.04762,32.516169,43.507781,33.911457,0.878209,0.277399,0.281355,0.805,cuda
span_ch48,ami,019,up,019_up,4,4,144,bicjpeg93,34.750486,0.891817,32.148586,0.970309,4,0.047314,32.633287,43.490869,34.443569,0.897373,0.26292,0.294274,0.841,cuda
span_ch48,ami,019,zoom,019_zoom,4,4,144,bicjpeg93,34.598309,0.896699,31.845793,0.972142,4,0.047896,32.367242,43.119909,35.451296,0.904729,0.265124,0.285225,0.803,cuda
span_ch48,ami,020,back,020_back,1,4,144,bicjpeg93,36.522002,0.897929,33.460909,0.968407,4,0.043737,35.301848,43.404244,35.579671,0.905499,0.225915,0.238929,0.82,cuda
span_ch48,ami,020,down,020_down,1,4,144,bicjpeg93,35.812509,0.88262,33.09567,0.966582,4,0.049708,34.456659,43.714652,35.41441,0.900075,0.290333,0.274362,0.819,cuda
span_ch48,ami,020,front,020_front,1,4,144,bicjpeg93,35.972087,0.886564,33.215272,0.96907,4,0.046046,34.819624,43.41927,35.445743,0.898198,0.276848,0.252452,0.819,cuda
span_ch48,ami,020,left,020_left,1,4,144,bicjpeg93,36.512092,0.897169,33.724872,0.970519,4,0.044623,35.342661,43.639436,36.044892,0.908904,0.310636,0.2943,0.803,cuda
span_ch48,ami,020,right,020_right,1,4,144,bicjpeg93,36.410024,0.902536,33.178897,0.972963,4,0.041359,34.992974,43.797968,35.589212,0.908424,0.270859,0.233705,0.807,cuda
span_ch48,ami,020,up,020_up,1,4,144,bicjpeg93,35.837613,0.883475,32.97347,0.965958,4,0.04933,34.665075,43.414904,36.07461,0.908817,0.296306,0.2784,0.83,cuda
span_ch48,ami,020,zoom,020_zoom,1,4,144,bicjpeg93,36.397226,0.900337,33.333047,0.972022,4,0.047135,35.148473,43.619559,35.765153,0.903638,0.299715,0.270603,0.806,cuda
span_ch48,ami,021,back,021_back,2,4,144,bicjpeg93,35.471023,0.85827,32.968999,0.958242,4,0.052218,33.968114,43.668849,36.292239,0.906418,0.338014,0.294367,0.822,cuda
span_ch48,ami,021,down,021_down,2,4,144,bicjpeg93,35.339487,0.860084,33.018447,0.961095,4,0.0504,34.017703,43.450504,36.427873,0.904584,0.33215,0.285948,0.816,cuda
span_ch48,ami,021,front,021_front,2,4,144,bicjpeg93,35.981882,0.87097,33.519913,0.961993,4,0.050469,34.657198,44.147971,36.631862,0.912656,0.299839,0.289093,0.809,cuda
span_ch48,ami,021,left,021_left,2,4,144,bicjpeg93,36.480424,0.880313,33.982806,0.964935,4,0.045648,35.234203,44.480638,37.375518,0.917385,0.342546,0.283371,0.784,cuda
span_ch48,ami,021,right,021_right,2,4,144,bicjpeg93,36.227019,0.878701,33.605548,0.964304,4,0.048828,34.970508,43.74329,36.254092,0.907127,0.319812,0.279894,0.81,cuda
span_ch48,ami,021,up,021_up,2,4,144,bicjpeg93,35.521616,0.865973,33.102539,0.962047,4,0.052206,34.258208,43.768214,36.263028,0.902023,0.288065,0.285635,0.789,cuda
span_ch48,ami,021,zoom,021_zoom,2,4,144,bicjpeg93,36.826662,0.894594,34.105549,0.968787,4,0.045485,35.478036,44.349979,37.216476,0.922056,0.307289,0.305323,0.799,cuda
span_ch48,ami,022,back,022_back,2,4,144,bicjpeg93,38.701567,0.935414,35.04079,0.979934,4,0.033567,37.452432,45.337592,36.842721,0.921577,0.199437,0.263819,0.801,cuda
span_ch48,ami,022,down,022_down,2,4,144,bicjpeg93,38.208495,0.930948,34.590596,0.978903,4,0.033328,36.539152,45.186243,36.192195,0.915844,0.212245,0.269774,0.817,cuda
span_ch48,ami,022,front,022_front,2,4,144,bicjpeg93,37.996852,0.930877,34.31671,0.978665,4,0.037347,36.43413,44.805687,36.096734,0.919603,0.215978,0.26431,0.806,cuda
span_ch48,ami,022,left,022_left,2,4,144,bicjpeg93,38.957887,0.935684,35.073443,0.978505,4,0.033671,37.635657,45.480472,36.9948,0.921143,0.248879,0.27242,0.8,cuda
span_ch48,ami,022,right,022_right,2,4,144,bicjpeg93,38.364982,0.933646,34.727209,0.97926,4,0.032546,36.639682,45.071471,36.495835,0.91916,0.223264,0.259045,0.842,cuda
span_ch48,ami,022,up,022_up,2,4,144,bicjpeg93,37.638954,0.926546,34.310117,0.977492,4,0.04125,36.168926,44.744548,36.27137,0.918368,0.213832,0.267772,0.792,cuda
span_ch48,ami,022,zoom,022_zoom,2,4,144,bicjpeg93,38.2129,0.931396,34.433394,0.979713,4,0.036289,36.559549,44.968521,36.72911,0.929537,0.181366,0.23764,0.81,cuda
span_ch48,ami,023,back,023_back,5,4,144,bicjpeg93,35.125579,0.864489,32.429707,0.962927,4,0.054553,33.728171,43.3804,35.998228,0.909979,0.267242,0.249377,0.808,cuda
span_ch48,ami,023,down,023_down,5,4,144,bicjpeg93,36.315995,0.88991,33.507704,0.970075,4,0.045023,34.866568,44.264647,37.155445,0.931823,0.283297,0.274056,0.823,cuda
span_ch48,ami,023,front,023_front,5,4,144,bicjpeg93,36.007618,0.881228,33.115731,0.966681,4,0.04728,34.755248,43.742738,36.806835,0.921309,0.277662,0.275731,0.813,cuda
span_ch48,ami,023,left,023_left,5,4,144,bicjpeg93,37.580668,0.906127,34.598085,0.970749,4,0.040229,36.335892,44.562327,37.526677,0.925239,0.313472,0.269186,0.808,cuda
span_ch48,ami,023,right,023_right,5,4,144,bicjpeg93,35.757641,0.882115,32.89243,0.9667,4,0.049461,34.332659,43.442869,35.80418,0.913335,0.277071,0.268459,0.815,cuda
span_ch48,ami,023,up,023_up,5,4,144,bicjpeg93,35.629479,0.874706,32.854889,0.964947,4,0.049325,34.236345,43.705202,36.151841,0.915658,0.280494,0.265421,0.813,cuda
span_ch48,ami,023,zoom,023_zoom,5,4,144,bicjpeg93,36.909728,0.908231,33.670225,0.97423,4,0.040596,35.677737,44.112928,37.895261,0.932747,0.252774,0.277373,0.813,cuda
span_ch48,ami,024,back,024_back,3,4,144,bicjpeg93,37.01013,0.904085,33.95943,0.972997,4,0.038825,35.464669,44.260861,35.774381,0.903484,0.233889,0.274509,0.801,cuda
span_ch48,ami,024,down,024_down,3,4,144,bicjpeg93,37.154636,0.910007,33.860263,0.973027,4,0.037414,35.418301,44.32599,35.620602,0.909928,0.250511,0.264403,0.8,cuda
span_ch48,ami,024,front,024_front,3,4,144,bicjpeg93,36.819293,0.90165,33.653991,0.972211,4,0.043992,35.148534,44.574846,35.668474,0.906028,0.241274,0.258941,0.791,cuda
span_ch48,ami,024,left,024_left,3,4,144,bicjpeg93,37.096379,0.899257,33.792396,0.969475,4,0.046148,35.715156,44.486984,36.097991,0.907192,0.280243,0.268409,0.793,cuda
span_ch48,ami,024,right,024_right,3,4,144,bicjpeg93,37.131278,0.920658,33.675578,0.97716,4,0.041469,35.054632,44.669424,35.60706,0.915268,0.223127,0.26049,0.835,cuda
span_ch48,ami,024,up,024_up,3,4,144,bicjpeg93,36.230015,0.899979,33.258034,0.971786,4,0.047143,34.457731,44.402343,35.737418,0.907499,0.242128,0.284385,0.814,cuda
span_ch48,ami,024,zoom,024_zoom,3,4,144,bicjpeg93,37.036421,0.910096,33.712647,0.975969,4,0.040971,35.384217,44.332543,36.083195,0.907296,0.213338,0.246154,0.835,cuda
span_ch48,ami,025,back,025_back,2,4,144,bicjpeg93,35.204839,0.87571,32.783105,0.964059,4,0.049941,33.650581,43.228693,35.37419,0.903767,0.25225,0.289584,0.834,cuda
span_ch48,ami,025,down,025_down,2,4,144,bicjpeg93,35.511843,0.890354,32.948372,0.969215,4,0.051553,33.753333,43.532124,36.065151,0.922742,0.243793,0.250272,0.835,cuda
span_ch48,ami,025,front,025_front,2,4,144,bicjpeg93,35.580396,0.889689,33.035016,0.970426,4,0.052131,34.121003,43.273073,36.773053,0.922417,0.245506,0.24852,0.802,cuda
span_ch48,ami,025,left,025_left,2,4,144,bicjpeg93,36.129356,0.895311,33.561162,0.969989,4,0.04887,34.947661,43.64823,36.995249,0.925284,0.25883,0.294421,0.822,cuda
span_ch48,ami,025,right,025_right,2,4,144,bicjpeg93,35.950426,0.893934,33.052806,0.970065,4,0.050078,34.469829,43.544586,36.144747,0.921108,0.226351,0.247119,0.812,cuda
span_ch48,ami,025,up,025_up,2,4,144,bicjpeg93,35.259105,0.884346,32.743626,0.96895,4,0.05076,33.748512,43.292061,36.175624,0.917541,0.246037,0.263813,0.806,cuda
span_ch48,ami,025,zoom,025_zoom,2,4,144,bicjpeg93,36.831824,0.917668,33.881623,0.977092,4,0.041399,35.443765,43.653182,37.399723,0.933585,0.211226,0.266243,0.802,cuda
span_ch48,ami,026,back,026_back,1,4,144,bicjpeg93,36.489453,0.899687,33.077578,0.971657,4,0.0463,34.750801,44.156486,35.561417,0.904977,0.257262,0.258945,0.834,cuda
span_ch48,ami,026,down,026_down,1,4,144,bicjpeg93,37.631265,0.918885,33.976811,0.976276,4,0.034724,36.302903,44.331355,36.901748,0.930655,0.250204,0.257044,0.818,cuda
span_ch48,ami,026,front,026_front,1,4,144,bicjpeg93,36.827965,0.909431,33.435519,0.974318,4,0.042391,35.254906,44.141185,36.176535,0.921989,0.266258,0.272587,0.825,cuda
span_ch48,ami,026,left,026_left,1,4,144,bicjpeg93,38.052437,0.92353,34.564529,0.977035,4,0.035645,36.728873,44.727912,36.985538,0.926861,0.284879,0.285577,0.815,cuda
span_ch48,ami,026,right,026_right,1,4,144,bicjpeg93,37.266791,0.910779,33.860033,0.973175,4,0.041315,35.710646,44.28725,36.54584,0.914716,0.282769,0.267471,0.805,cuda
span_ch48,ami,026,up,026_up,1,4,144,bicjpeg93,36.750276,0.905038,33.474187,0.973905,4,0.039498,35.262021,44.26131,36.418598,0.919348,0.260611,0.268361,0.807,cuda
span_ch48,ami,026,zoom,026_zoom,1,4,144,bicjpeg93,37.537721,0.923214,33.646601,0.979466,4,0.034567,36.039426,44.472447,37.271344,0.929855,0.265886,0.251401,0.806,cuda
span_ch48,ami,027,back,027_back,3,4,144,bicjpeg93,37.13494,0.911752,34.138809,0.97444,4,0.038034,35.483546,44.179812,35.696485,0.903291,0.225377,0.271161,0.822,cuda
span_ch48,ami,027,down,027_down,3,4,144,bicjpeg93,36.568225,0.900464,33.693645,0.974344,4,0.040216,34.895394,44.200933,36.28883,0.917905,0.257983,0.280167,0.821,cuda
span_ch48,ami,027,front,027_front,3,4,144,bicjpeg93,36.731033,0.905237,33.821036,0.975199,4,0.038695,35.08185,44.016487,36.35781,0.913996,0.203712,0.262852,0.822,cuda
span_ch48,ami,027,left,027_left,3,4,144,bicjpeg93,36.395184,0.901948,33.561351,0.974209,4,0.044086,34.631726,44.0883,35.713801,0.91503,0.217602,0.283038,0.8,cuda
span_ch48,ami,027,right,027_right,3,4,144,bicjpeg93,36.22246,0.895823,33.399645,0.972578,4,0.040988,34.423318,43.874306,36.061389,0.906853,0.235754,0.270122,0.803,cuda
span_ch48,ami,027,up,027_up,3,4,144,bicjpeg93,36.328803,0.897804,33.533098,0.973995,4,0.041506,34.547598,44.136513,35.869269,0.907216,0.229853,0.277978,0.779,cuda
span_ch48,ami,027,zoom,027_zoom,3,4,144,bicjpeg93,36.538311,0.904271,33.594763,0.976092,4,0.040537,34.871382,43.984069,36.654324,0.911997,0.230845,0.272348,0.805,cuda
span_ch48,ami,028,back,028_back,2,4,144,bicjpeg93,35.73621,0.902321,32.980693,0.96804,4,0.041635,34.146407,43.814469,34.560016,0.889762,0.253908,0.298549,0.795,cuda
span_ch48,ami,028,down,028_down,2,4,144,bicjpeg93,35.264643,0.88735,32.645304,0.968345,4,0.045554,33.74434,43.545141,33.617909,0.88421,0.264356,0.299123,0.834,cuda
span_ch48,ami,028,front,028_front,2,4,144,bicjpeg93,35.316234,0.883797,32.719552,0.96634,4,0.048026,33.706096,43.751786,33.681933,0.877015,0.267477,0.260497,0.823,cuda
span_ch48,ami,028,left,028_left,2,4,144,bicjpeg93,35.457357,0.893253,32.758164,0.96925,4,0.043999,33.560829,44.081731,33.473224,0.878497,0.281056,0.295731,0.819,cuda
span_ch48,ami,028,right,028_right,2,4,144,bicjpeg93,34.832394,0.870458,32.211885,0.961327,4,0.047671,32.996115,43.539419,33.612231,0.86982,0.293172,0.258911,0.829,cuda
span_ch48,ami,028,up,028_up,2,4,144,bicjpeg93,35.162067,0.879572,32.537294,0.963827,4,0.048726,33.645729,43.453841,34.86772,0.879341,0.260843,0.261303,0.857,cuda
span_ch48,ami,028,zoom,028_zoom,2,4,144,bicjpeg93,35.662177,0.893439,32.905315,0.96954,4,0.043386,34.068065,43.765682,34.261144,0.883823,0.258638,0.280303,0.825,cuda
span_ch48,ami,029,back,029_back,5,4,144,bicjpeg93,35.310271,0.857793,32.309547,0.95906,4,0.047146,34.113048,43.311547,35.670915,0.890653,0.297451,0.278203,0.818,cuda
span_ch48,ami,029,down,029_down,5,4,144,bicjpeg93,35.333406,0.868441,32.503362,0.963543,4,0.047944,33.743936,43.830387,35.417312,0.901672,0.322243,0.305905,0.831,cuda
span_ch48,ami,029,front,029_front,5,4,144,bicjpeg93,35.164755,0.862643,32.319916,0.961749,4,0.050231,33.704709,43.576369,35.643593,0.89854,0.310456,0.301065,0.797,cuda
span_ch48,ami,029,left,029_left,5,4,144,bicjpeg93,35.708508,0.869095,32.811539,0.964214,4,0.0476,34.173627,43.971729,35.692183,0.894777,0.330536,0.300715,0.824,cuda
span_ch48,ami,029,right,029_right,5,4,144,bicjpeg93,35.698487,0.870795,32.604445,0.963977,4,0.044721,34.187278,43.746901,35.648697,0.898394,0.352772,0.310751,0.804,cuda
span_ch48,ami,029,up,029_up,5,4,144,bicjpeg93,34.717878,0.851661,32.075622,0.958996,4,0.055012,33.209524,43.4165,35.426199,0.884608,0.320185,0.274943,0.829,cuda
span_ch48,ami,029,zoom,029_zoom,5,4,144,bicjpeg93,35.620343,0.874818,32.614484,0.965516,4,0.048119,34.194391,43.497242,36.152631,0.901261,0.316894,0.304863,0.805,cuda
span_ch48,ami,030,back,030_back,1,4,144,bicjpeg93,36.156364,0.890074,32.910288,0.970773,4,0.044213,34.869283,43.520282,35.61347,0.905916,0.251081,0.263802,0.825,cuda
span_ch48,ami,030,down,030_down,1,4,144,bicjpeg93,36.230348,0.88704,33.228801,0.969253,4,0.04439,34.822139,43.938802,35.694514,0.909005,0.281867,0.274065,0.844,cuda
span_ch48,ami,030,front,030_front,1,4,144,bicjpeg93,36.042508,0.8868,33.175831,0.969497,4,0.043266,34.452635,43.818095,35.449912,0.895265,0.286378,0.28468,0.804,cuda
span_ch48,ami,030,left,030_left,1,4,144,bicjpeg93,36.624407,0.892249,33.576971,0.971489,4,0.042928,35.217213,44.23358,36.363026,0.907512,0.271531,0.281517,0.826,cuda
span_ch48,ami,030,right,030_right,1,4,144,bicjpeg93,35.975365,0.889387,32.936491,0.970602,4,0.045812,34.335493,44.043687,35.334668,0.891121,0.276852,0.267874,0.841,cuda
span_ch48,ami,030,up,030_up,1,4,144,bicjpeg93,35.056585,0.868728,32.283912,0.964226,4,0.047737,33.507871,43.401681,35.511719,0.890225,0.284615,0.281386,0.795,cuda
span_ch48,ami,030,zoom,030_zoom,1,4,144,bicjpeg93,36.146874,0.893103,33.053184,0.973196,4,0.045102,34.644454,44.13715,36.029854,0.900917,0.310117,0.280324,0.797,cuda
span_ch48,ami,031,back,031_back,5,4,144,bicjpeg93,35.979189,0.891548,32.73849,0.96925,4,0.046883,34.437543,43.924126,34.869451,0.885373,0.26208,0.26371,0.839,cuda
span_ch48,ami,031,down,031_down,5,4,144,bicjpeg93,35.757921,0.893745,32.678704,0.972551,4,0.043889,34.373866,43.436248,34.719657,0.884767,0.301999,0.287475,0.779,cuda
span_ch48,ami,031,front,031_front,5,4,144,bicjpeg93,35.577853,0.890589,32.509101,0.971349,4,0.045996,33.982791,43.661817,34.546834,0.881073,0.284047,0.273248,0.808,cuda
span_ch48,ami,031,left,031_left,5,4,144,bicjpeg93,35.901518,0.89653,32.738839,0.973578,4,0.043493,34.51301,43.890833,34.77745,0.886709,0.299356,0.300295,0.791,cuda
span_ch48,ami,031,right,031_right,5,4,144,bicjpeg93,35.985524,0.890375,32.684762,0.970501,4,0.044851,34.450162,43.783699,35.414818,0.890867,0.315529,0.312082,0.787,cuda
span_ch48,ami,031,up,031_up,5,4,144,bicjpeg93,35.815336,0.891807,32.727846,0.970782,4,0.043855,34.431165,43.60643,34.765194,0.882713,0.327321,0.279392,0.831,cuda
span_ch48,ami,031,zoom,031_zoom,5,4,144,bicjpeg93,35.88783,0.892815,32.784715,0.971929,4,0.041854,34.490663,43.636452,34.947738,0.882627,0.347618,0.290001,0.805,cuda
span_ch48,ami,032,back,032_back,3,4,144,bicjpeg93,37.120029,0.920463,33.449736,0.975645,4,0.041333,35.307879,44.368876,35.016258,0.904688,0.194499,0.257201,0.804,cuda
span_ch48,ami,032,down,032_down,3,4,144,bicjpeg93,37.074173,0.922242,33.531245,0.976259,4,0.041302,35.134755,44.728165,34.803695,0.89839,0.208695,0.257468,0.81,cuda
span_ch48,ami,032,front,032_front,3,4,144,bicjpeg93,36.834469,0.922717,33.258517,0.976414,4,0.045409,34.665585,44.621761,34.659062,0.904238,0.193575,0.259207,0.826,cuda
span_ch48,ami,032,left,032_left,3,4,144,bicjpeg93,36.638219,0.921057,33.221523,0.97564,4,0.043428,34.63803,44.329486,34.403793,0.905798,0.207063,0.292176,0.837,cuda
span_ch48,ami,032,right,032_right,3,4,144,bicjpeg93,37.181226,0.926144,33.492056,0.977115,4,0.040589,35.366269,44.531125,35.009154,0.903745,0.210444,0.270423,0.816,cuda
span_ch48,ami,032,up,032_up,3,4,144,bicjpeg93,36.774057,0.918781,33.286427,0.974869,4,0.045228,34.928515,44.064393,35.094627,0.904824,0.206222,0.267325,0.825,cuda
span_ch48,ami,032,zoom,032_zoom,3,4,144,bicjpeg93,37.19965,0.928207,33.46796,0.978387,4,0.036768,35.320974,44.36288,35.412171,0.913506,0.190327,0.256925,0.82,cuda
span_ch48,ami,033,back,033_back,3,4,144,bicjpeg93,37.765737,0.915831,34.582943,0.974459,4,0.041456,36.33596,44.764028,36.291854,0.902455,0.24238,0.241186,0.808,cuda
span_ch48,ami,033,down,033_down,3,4,144,bicjpeg93,37.601644,0.920503,34.312675,0.976585,4,0.035788,36.248357,44.35417,36.631627,0.921178,0.247549,0.266903,0.821,cuda
span_ch48,ami,033,front,033_front,3,4,144,bicjpeg93,37.204043,0.907979,34.034006,0.973696,4,0.038848,36.006916,44.266153,36.367514,0.908822,0.279041,0.265488,0.819,cuda
span_ch48,ami,033,left,033_left,3,4,144,bicjpeg93,38.589567,0.929198,35.113051,0.977383,4,0.039441,37.470988,45.264129,37.606234,0.926766,0.226821,0.287685,0.827,cuda
span_ch48,ami,033,right,033_right,3,4,144,bicjpeg93,37.133153,0.910036,33.8482,0.973495,4,0.03843,35.722205,44.377523,35.623908,0.891939,0.23892,0.260634,0.802,cuda
span_ch48,ami,033,up,033_up,3,4,144,bicjpeg93,37.562227,0.913842,34.335014,0.973964,4,0.036121,36.338865,44.521503,36.582198,0.907673,0.249099,0.263406,0.797,cuda
span_ch48,ami,033,zoom,033_zoom,3,4,144,bicjpeg93,37.612837,0.9157,34.262679,0.974994,4,0.033284,36.310109,44.538449,36.821214,0.909308,0.26562,0.271176,0.833,cuda
span_ch48,ami,034,back,034_back,4,4,144,bicjpeg93,34.06898,0.855305,31.79311,0.962511,4,0.056954,32.278007,43.277716,35.349268,0.903793,0.251688,0.261541,0.839,cuda
span_ch48,ami,034,down,034_down,4,4,144,bicjpeg93,34.415135,0.868027,32.197708,0.9661,4,0.056921,33.179393,43.388486,36.153137,0.920408,0.29325,0.274088,0.78,cuda
span_ch48,ami,034,front,034_front,4,4,144,bicjpeg93,34.317096,0.862439,32.066805,0.963263,4,0.062412,32.97389,43.317895,35.966896,0.91372,0.280751,0.269187,0.785,cuda
span_ch48,ami,034,left,034_left,4,4,144,bicjpeg93,34.457677,0.864603,32.255765,0.96514,4,0.058996,33.138238,43.525946,36.236502,0.920255,0.273538,0.281961,0.829,cuda
span_ch48,ami,034,right,034_right,4,4,144,bicjpeg93,34.387235,0.860778,32.040729,0.962142,4,0.057639,32.870233,43.234808,35.608909,0.908707,0.262716,0.26451,0.808,cuda
span_ch48,ami,034,up,034_up,4,4,144,bicjpeg93,33.67822,0.852637,31.515767,0.961792,4,0.06037,32.377028,42.854388,35.975364,0.910949,0.259495,0.255889,0.803,cuda
span_ch48,ami,034,zoom,034_zoom,4,4,144,bicjpeg93,35.412118,0.890002,32.958081,0.970861,4,0.057139,34.222738,43.251261,37.398352,0.92635,0.269946,0.279479,0.804,cuda
span_ch48,ami,035,back,035_back,5,4,144,bicjpeg93,38.22629,0.923737,34.515495,0.976829,4,0.034335,37.034902,44.804022,37.035702,0.925652,0.2163,0.268682,0.829,cuda
span_ch48,ami,035,down,035_down,5,4,144,bicjpeg93,37.876179,0.920381,34.44812,0.976915,4,0.033237,36.510104,44.892392,37.063392,0.926878,0.252945,0.301901,0.799,cuda
span_ch48,ami,035,front,035_front,5,4,144,bicjpeg93,37.990452,0.921428,34.512033,0.976802,4,0.033874,36.600944,44.760904,37.030304,0.929322,0.243814,0.273797,0.834,cuda
span_ch48,ami,035,left,035_left,5,4,144,bicjpeg93,38.494469,0.928037,34.774317,0.978244,4,0.031027,37.23165,45.048417,37.274327,0.925957,0.262878,0.289959,0.804,cuda
span_ch48,ami,035,right,035_right,5,4,144,bicjpeg93,37.83453,0.918395,34.336419,0.975764,4,0.036346,36.503186,44.69792,36.713079,0.92008,0.248461,0.256226,0.819,cuda
span_ch48,ami,035,up,035_up,5,4,144,bicjpeg93,37.559986,0.917126,34.177845,0.976463,4,0.036827,35.911647,44.79862,36.512394,0.921265,0.269581,0.284169,0.837,cuda
span_ch48,ami,035,zoom,035_zoom,5,4,144,bicjpeg93,38.072216,0.924716,34.513802,0.978656,4,0.032938,36.746782,44.856402,37.452865,0.930418,0.263777,0.278721,0.799,cuda
span_ch48,ami,036,back,036_back,2,4,144,bicjpeg93,36.068783,0.884403,33.531889,0.965243,4,0.048065,34.662984,43.573275,35.680268,0.905997,0.252121,0.287292,0.799,cuda
span_ch48,ami,036,down,036_down,2,4,144,bicjpeg93,36.345101,0.893692,34.113717,0.968448,4,0.046193,34.964335,43.966627,36.994397,0.925934,0.28994,0.285517,0.81,cuda
span_ch48,ami,036,front,036_front,2,4,144,bicjpeg93,36.301353,0.890628,34.051173,0.966323,4,0.0463,35.143802,43.779848,37.079567,0.923551,0.247833,0.294515,0.822,cuda
span_ch48,ami,036,left,036_left,2,4,144,bicjpeg93,37.080361,0.900242,34.73694,0.970144,4,0.045961,35.715478,44.672397,37.738217,0.927145,0.268426,0.26377,0.812,cuda
span_ch48,ami,036,right,036_right,2,4,144,bicjpeg93,37.225814,0.910092,34.479904,0.974439,4,0.036455,35.882989,44.685058,36.800137,0.925374,0.268771,0.280908,0.841,cuda
span_ch48,ami,036,up,036_up,2,4,144,bicjpeg93,35.441554,0.871202,33.321694,0.961319,4,0.049685,33.826425,43.414722,36.138289,0.905945,0.262691,0.281748,0.808,cuda
span_ch48,ami,036,zoom,036_zoom,2,4,144,bicjpeg93,37.159698,0.910988,34.713544,0.972424,4,0.044624,35.781958,44.141869,37.453313,0.930711,0.251327,0.274349,0.813,cuda
span_ch48,ami,037,back,037_back,2,4,144,bicjpeg93,36.03049,0.870517,33.498625,0.96515,4,0.041873,34.297744,44.495921,36.082179,0.911216,0.354471,0.26338,0.801,cuda
span_ch48,ami,037,down,037_down,2,4,144,bicjpeg93,36.593403,0.884935,33.911419,0.967751,4,0.041471,35.078252,44.483341,36.870297,0.930145,0.327914,0.259826,0.824,cuda
span_ch48,ami,037,front,037_front,2,4,144,bicjpeg93,36.548418,0.886304,33.96517,0.969286,4,0.038409,34.945777,44.627117,36.500051,0.925896,0.344259,0.275825,0.802,cuda
span_ch48,ami,037,left,037_left,2,4,144,bicjpeg93,36.579351,0.883901,34.226365,0.968566,4,0.039162,35.107703,44.623482,37.094919,0.928199,0.364952,0.267275,0.821,cuda
span_ch48,ami,037,right,037_right,2,4,144,bicjpeg93,36.760577,0.892535,34.112041,0.969759,4,0.038607,35.308137,44.397357,36.580598,0.923896,0.321263,0.260363,0.837,cuda
span_ch48,ami,037,up,037_up,2,4,144,bicjpeg93,36.526199,0.882139,33.974512,0.967882,4,0.038253,35.036587,44.501227,37.077547,0.928866,0.326378,0.266296,0.81,cuda
span_ch48,ami,037,zoom,037_zoom,2,4,144,bicjpeg93,37.319377,0.90924,34.432052,0.975818,4,0.035645,35.51279,44.885822,37.655231,0.939578,0.262755,0.272707,0.82,cuda
span_ch48,ami,038,back,038_back,2,4,144,bicjpeg93,36.098026,0.888078,33.288744,0.966911,4,0.051215,34.645566,43.965351,35.668566,0.900789,0.228198,0.254427,0.79,cuda
span_ch48,ami,038,down,038_down,2,4,144,bicjpeg93,34.999022,0.866408,32.613735,0.964194,4,0.052191,33.648303,43.043133,35.935576,0.91156,0.286125,0.275999,0.835,cuda
span_ch48,ami,038,front,038_front,2,4,144,bicjpeg93,35.26545,0.868671,32.850913,0.964592,4,0.047888,34.008186,43.33446,36.021416,0.912887,0.256264,0.245784,0.803,cuda
span_ch48,ami,038,left,038_left,2,4,144,bicjpeg93,36.013154,0.880692,33.579842,0.966736,4,0.048019,34.5483,43.966168,36.960414,0.919761,0.30212,0.301605,0.818,cuda
span_ch48,ami,038,right,038_right,2,4,144,bicjpeg93,36.046954,0.88827,33.277074,0.968713,4,0.047818,34.464152,44.252037,35.584293,0.905305,0.266447,0.266309,0.827,cuda
span_ch48,ami,038,up,038_up,2,4,144,bicjpeg93,35.171763,0.867544,32.75516,0.963778,4,0.049869,33.763469,43.554215,35.804356,0.907401,0.266763,0.287331,0.813,cuda
span_ch48,ami,038,zoom,038_zoom,2,4,144,bicjpeg93,36.149677,0.888184,33.499874,0.969846,4,0.045221,34.928404,43.734716,37.241171,0.928864,0.267583,0.295453,0.819,cuda
span_ch48,ami,039,back,039_back,2,4,144,bicjpeg93,36.916026,0.91376,33.870316,0.973693,4,0.042152,35.566959,43.699937,35.473754,0.912009,0.220034,0.25535,0.818,cuda
span_ch48,ami,039,down,039_down,2,4,144,bicjpeg93,36.737742,0.908967,33.715688,0.973002,4,0.045548,35.273267,44.101968,36.293169,0.916442,0.230722,0.284417,0.839,cuda
span_ch48,ami,039,front,039_front,2,4,144,bicjpeg93,37.492233,0.917394,34.118173,0.975947,4,0.036706,36.090244,44.433178,36.637944,0.927975,0.227537,0.255381,0.809,cuda
span_ch48,ami,039,left,039_left,2,4,144,bicjpeg93,37.828299,0.921647,34.703231,0.976651,4,0.037546,36.352961,44.922165,37.502762,0.926676,0.231441,0.245061,0.836,cuda
span_ch48,ami,039,right,039_right,2,4,144,bicjpeg93,37.352585,0.921058,34.075912,0.977007,4,0.035971,35.721194,44.306939,36.042781,0.9187,0.225714,0.277604,0.83,cuda
span_ch48,ami,039,up,039_up,2,4,144,bicjpeg93,37.3806,0.91559,33.991315,0.975151,4,0.037261,36.133716,44.288311,36.257579,0.915626,0.223085,0.266689,0.828,cuda
span_ch48,ami,039,zoom,039_zoom,2,4,144,bicjpeg93,37.840909,0.926057,34.35284,0.979246,4,0.035978,36.4075,44.536958,37.005629,0.927487,0.208462,0.248929,0.814,cuda
span_ch48,ami,040,back,040_back,4,4,144,bicjpeg93,36.649819,0.90292,33.362208,0.969855,4,0.043268,35.34918,43.857005,35.625835,0.894449,0.280285,0.268394,0.814,cuda
span_ch48,ami,040,down,040_down,4,4,144,bicjpeg93,36.446067,0.903837,33.275481,0.97282,4,0.040966,35.079161,44.195681,35.610453,0.906902,0.28583,0.265951,0.818,cuda
span_ch48,ami,040,front,040_front,4,4,144,bicjpeg93,36.720838,0.908823,33.465928,0.973014,4,0.03993,35.511957,43.886994,35.863658,0.910333,0.265832,0.263692,0.834,cuda
span_ch48,ami,040,left,040_left,4,4,144,bicjpeg93,37.270201,0.914294,33.972506,0.975085,4,0.037124,36.201715,44.209218,36.617431,0.914871,0.277596,0.279666,0.834,cuda
span_ch48,ami,040,right,040_right,4,4,144,bicjpeg93,36.753404,0.913429,33.418787,0.975438,4,0.038405,35.493184,43.757701,35.554763,0.911922,0.262738,0.258904,0.811,cuda
span_ch48,ami,040,up,040_up,4,4,144,bicjpeg93,36.4506,0.905034,33.329937,0.973023,4,0.04118,35.144672,43.867424,35.28413,0.8995,0.284207,0.263413,0.816,cuda
span_ch48,ami,040,zoom,040_zoom,4,4,144,bicjpeg93,36.746114,0.911431,33.397548,0.97408,4,0.043422,35.526721,43.631065,36.31203,0.916131,0.276491,0.256153,0.842,cuda
span_ch48,ami,041,back,041_back,5,4,144,bicjpeg93,36.285378,0.892924,33.501348,0.970579,4,0.042876,35.10492,43.616604,36.172709,0.916254,0.260464,0.259191,0.832,cuda
span_ch48,ami,041,down,041_down,5,4,144,bicjpeg93,36.91529,0.904383,34.183879,0.973338,4,0.038602,35.623465,44.453479,37.191784,0.933767,0.29887,0.275505,0.832,cuda
span_ch48,ami,041,front,041_front,5,4,144,bicjpeg93,36.432408,0.897791,33.691535,0.971389,4,0.042883,35.312667,43.884987,36.893628,0.928212,0.29481,0.277474,0.838,cuda
span_ch48,ami,041,left,041_left,5,4,144,bicjpeg93,38.11501,0.917286,35.018861,0.974362,4,0.034862,37.144968,44.884446,38.326862,0.937273,0.297126,0.278307,0.829,cuda
span_ch48,ami,041,right,041_right,5,4,144,bicjpeg93,36.585818,0.901205,33.530431,0.972041,4,0.042494,35.319318,43.829658,36.189108,0.914153,0.276778,0.244146,0.814,cuda
span_ch48,ami,041,up,041_up,5,4,144,bicjpeg93,36.290472,0.89522,33.443127,0.971126,4,0.043814,35.018665,43.703044,36.526036,0.919483,0.290613,0.264123,0.829,cuda
span_ch48,ami,041,zoom,041_zoom,5,4,144,bicjpeg93,37.349361,0.916583,34.182954,0.97711,4,0.037438,36.158095,44.325073,38.16188,0.9383,0.259477,0.269443,0.81,cuda
span_ch48,ami,042,back,042_back,4,4,144,bicjpeg93,34.97945,0.870831,32.449089,0.964669,4,0.052007,33.457377,43.257461,35.317206,0.908297,0.230918,0.25094,0.816,cuda
span_ch48,ami,042,down,042_down,4,4,144,bicjpeg93,35.142108,0.873798,32.774642,0.965951,4,0.055119,33.682306,43.467382,35.738469,0.911988,0.266938,0.263215,0.82,cuda
span_ch48,ami,042,front,042_front,4,4,144,bicjpeg93,34.408142,0.852651,32.150356,0.962109,4,0.05968,32.813467,43.438005,36.099145,0.917232,0.249563,0.254428,0.832,cuda
span_ch48,ami,042,left,042_left,4,4,144,bicjpeg93,35.851413,0.881791,33.580808,0.967904,4,0.051044,34.245271,44.316305,36.892195,0.925315,0.262131,0.280866,0.803,cuda
span_ch48,ami,042,right,042_right,4,4,144,bicjpeg93,34.8854,0.862344,32.387818,0.961926,4,0.051587,33.524269,42.999043,35.509591,0.911921,0.246603,0.237844,0.793,cuda
span_ch48,ami,042,up,042_up,4,4,144,bicjpeg93,34.045577,0.846215,31.840375,0.960029,4,0.064783,32.595669,43.363918,35.157135,0.902458,0.261501,0.259728,0.816,cuda
span_ch48,ami,042,zoom,042_zoom,4,4,144,bicjpeg93,35.301106,0.885296,32.840591,0.970204,4,0.054488,34.046845,43.465726,36.651457,0.928157,0.229335,0.26518,0.828,cuda
span_ch48,ami,043,back,043_back,4,4,144,bicjpeg93,36.554724,0.909438,33.583615,0.975934,4,0.042951,35.310714,43.849039,36.644559,0.930059,0.217368,0.24296,0.782,cuda
span_ch48,ami,043,down,043_down,4,4,144,bicjpeg93,35.578136,0.881107,33.060209,0.969181,4,0.046125,34.298164,43.445743,36.792115,0.930502,0.318468,0.262942,0.804,cuda
span_ch48,ami,043,front,043_front,4,4,144,bicjpeg93,36.141916,0.894584,33.396263,0.97167,4,0.04133,35.150089,43.694703,36.4276,0.921874,0.267902,0.248033,0.815,cuda
span_ch48,ami,043,left,043_left,4,4,144,bicjpeg93,36.64957,0.899861,33.930826,0.972638,4,0.043278,35.543151,44.112892,36.655804,0.925458,0.261546,0.246105,0.817,cuda
span_ch48,ami,043,right,043_right,4,4,144,bicjpeg93,36.601407,0.908018,33.485139,0.97479,4,0.040893,35.205688,43.957308,36.018718,0.915604,0.241705,0.271803,0.82,cuda
span_ch48,ami,043,up,043_up,4,4,144,bicjpeg93,35.626563,0.883021,33.001044,0.969748,4,0.045221,34.364341,43.411962,35.535188,0.902512,0.275314,0.253211,0.827,cuda
span_ch48,ami,043,zoom,043_zoom,4,4,144,bicjpeg93,36.657117,0.905195,33.762211,0.975233,4,0.042139,35.428708,43.861753,37.302339,0.930902,0.250105,0.242751,0.799,cuda
span_ch48,ami,044,back,044_back,5,4,144,bicjpeg93,37.00215,0.907933,33.919561,0.971911,4,0.041693,35.414442,43.862563,35.844684,0.914178,0.243703,0.251357,0.791,cuda
span_ch48,ami,044,down,044_down,5,4,144,bicjpeg93,36.81547,0.908775,33.832692,0.973765,4,0.038572,35.144092,44.609837,35.887453,0.919215,0.272711,0.264586,0.814,cuda
span_ch48,ami,044,front,044_front,5,4,144,bicjpeg93,36.827483,0.913353,33.859771,0.975329,4,0.040731,35.056067,44.276206,35.428573,0.914023,0.244929,0.273845,0.802,cuda
span_ch48,ami,044,left,044_left,5,4,144,bicjpeg93,37.154141,0.914545,34.147638,0.97498,4,0.037206,35.718385,44.753222,36.472565,0.927934,0.266612,0.282411,0.832,cuda
span_ch48,ami,044,right,044_right,5,4,144,bicjpeg93,37.372318,0.916053,34.061559,0.97546,4,0.037008,35.816857,44.459421,35.805093,0.914594,0.253945,0.273711,0.82,cuda
span_ch48,ami,044,up,044_up,5,4,144,bicjpeg93,36.850509,0.911403,33.877816,0.975302,4,0.039081,35.238432,44.393028,35.119671,0.902622,0.224769,0.262633,0.812,cuda
span_ch48,ami,044,zoom,044_zoom,5,4,144,bicjpeg93,37.163653,0.916985,34.165763,0.976538,4,0.03814,35.77598,44.082709,36.782963,0.930014,0.228338,0.265077,0.81,cuda
span_ch48,ami,045,back,045_back,2,4,144,bicjpeg93,35.758251,0.892858,33.168218,0.969629,4,0.048092,34.113889,43.755808,36.423185,0.921126,0.256857,0.266037,0.834,cuda
span_ch48,ami,045,down,045_down,2,4,144,bicjpeg93,36.811901,0.907388,34.035526,0.974521,4,0.043371,35.425304,44.612866,37.933917,0.938413,0.280052,0.285435,0.816,cuda
span_ch48,ami,045,front,045_front,2,4,144,bicjpeg93,36.543899,0.907616,33.747083,0.974166,4,0.048751,35.239245,44.220005,37.193781,0.928001,0.281816,0.250042,0.812,cuda
span_ch48,ami,045,left,045_left,2,4,144,bicjpeg93,38.028576,0.917346,35.022138,0.9755,4,0.039259,36.808945,45.1805,38.836596,0.93747,0.279783,0.273038,0.818,cuda
span_ch48,ami,045,right,045_right,2,4,144,bicjpeg93,36.8555,0.911301,33.744064,0.974496,4,0.046674,35.281792,44.196122,36.850413,0.925101,0.256473,0.274695,0.816,cuda
span_ch48,ami,045,up,045_up,2,4,144,bicjpeg93,36.578799,0.911668,33.867784,0.974237,4,0.047467,35.198313,43.956027,37.435585,0.936283,0.237679,0.268413,0.806,cuda
span_ch48,ami,045,zoom,045_zoom,2,4,144,bicjpeg93,38.374064,0.934806,34.920601,0.980261,4,0.038383,37.086021,44.9954,38.699508,0.94759,0.214647,0.252973,0.83,cuda
span_ch48,ami,046,back,046_back,5,4,144,bicjpeg93,36.825947,0.918089,33.441804,0.975904,4,0.037943,35.427976,43.603751,36.811982,0.923142,0.240568,0.260974,0.823,cuda
span_ch48,ami,046,down,046_down,5,4,144,bicjpeg93,37.949178,0.927649,34.521984,0.978238,4,0.036632,36.553815,44.854408,37.125841,0.93294,0.259871,0.262396,0.824,cuda
span_ch48,ami,046,front,046_front,5,4,144,bicjpeg93,37.454784,0.921995,34.045541,0.977214,4,0.034419,35.945152,44.650322,36.087918,0.917252,0.238939,0.257421,0.814,cuda
span_ch48,ami,046,left,046_left,5,4,144,bicjpeg93,38.785697,0.935355,35.292029,0.979445,4,0.032311,37.677895,45.128036,37.833807,0.932697,0.234828,0.261278,0.817,cuda
span_ch48,ami,046,right,046_right,5,4,144,bicjpeg93,37.295789,0.923594,33.744204,0.977289,4,0.039225,35.650882,44.303092,36.019716,0.914333,0.237339,0.264296,0.83,cuda
span_ch48,ami,046,up,046_up,5,4,144,bicjpeg93,36.467569,0.906326,33.154379,0.974716,4,0.040026,35.089339,43.873633,36.077894,0.915058,0.262434,0.260333,0.781,cuda
span_ch48,ami,046,zoom,046_zoom,5,4,144,bicjpeg93,37.353435,0.921067,33.874052,0.976665,4,0.039407,36.072882,43.767567,36.653137,0.9238,0.21886,0.250437,0.817,cuda
span_ch48,ami,047,back,047_back,3,4,144,bicjpeg93,36.8553,0.908333,33.865749,0.972523,4,0.046434,35.322325,44.172744,36.468267,0.924561,0.222775,0.258145,0.805,cuda
span_ch48,ami,047,down,047_down,3,4,144,bicjpeg93,36.387782,0.895545,33.647615,0.969262,4,0.045803,35.14463,43.478601,36.630918,0.922219,0.239709,0.269086,0.822,cuda
span_ch48,ami,047,front,047_front,3,4,144,bicjpeg93,36.747566,0.900621,33.877004,0.970282,4,0.046141,35.533141,44.008695,37.247171,0.931728,0.221507,0.244361,0.794,cuda
span_ch48,ami,047,left,047_left,3,4,144,bicjpeg93,36.132643,0.885461,33.519836,0.966559,4,0.050903,34.806482,43.822324,36.688539,0.921611,0.243269,0.268656,0.814,cuda
span_ch48,ami,047,right,047_right,3,4,144,bicjpeg93,37.160792,0.909345,34.077842,0.973033,4,0.04142,35.851832,44.111134,36.758166,0.923028,0.258832,0.275335,0.802,cuda
span_ch48,ami,047,up,047_up,3,4,144,bicjpeg93,36.62713,0.896922,33.732633,0.969312,4,0.048297,35.243318,44.341758,36.667191,0.922594,0.220444,0.261844,0.817,cuda
span_ch48,ami,047,zoom,047_zoom,3,4,144,bicjpeg93,37.957175,0.922218,34.647853,0.976886,4,0.039341,36.808572,44.465087,38.09268,0.93605,0.211809,0.25637,0.837,cuda
span_ch48,ami,048,back,048_back,1,4,144,bicjpeg93,36.535772,0.906932,33.454169,0.972603,4,0.043264,34.827714,43.981219,35.595784,0.90605,0.212684,0.26044,0.806,cuda
span_ch48,ami,048,down,048_down,1,4,144,bicjpeg93,37.205746,0.91686,34.387485,0.97525,4,0.040749,35.733781,44.375619,36.613462,0.920946,0.233109,0.263642,0.816,cuda
span_ch48,ami,048,front,048_front,1,4,144,bicjpeg93,37.570216,0.920875,34.599132,0.975322,4,0.035983,36.175023,44.459307,36.702422,0.921519,0.229291,0.280715,0.812,cuda
span_ch48,ami,048,left,048_left,1,4,144,bicjpeg93,38.110312,0.92534,35.21626,0.97636,4,0.036065,36.89875,44.811764,37.452179,0.925738,0.241472,0.28422,0.826,cuda
span_ch48,ami,048,right,048_right,1,4,144,bicjpeg93,37.208922,0.921371,34.115433,0.9759,4,0.038505,35.50344,44.572162,36.051649,0.91923,0.217978,0.241474,0.786,cuda
span_ch48,ami,048,up,048_up,1,4,144,bicjpeg93,37.007043,0.919932,33.964958,0.975842,4,0.042416,35.57689,44.223311,36.462416,0.919996,0.228525,0.27081,0.834,cuda
span_ch48,ami,048,zoom,048_zoom,1,4,144,bicjpeg93,38.148178,0.9307,34.966987,0.978162,4,0.036521,36.643092,44.776594,36.813174,0.922396,0.22405,0.265173,0.811,cuda
span_ch48,ami,051,back,051_back,4,4,144,bicjpeg93,36.035183,0.905888,33.427259,0.973285,4,0.044744,34.619346,43.243792,35.984276,0.917824,0.257188,0.282979,0.807,cuda
span_ch48,ami,051,down,051_down,4,4,144,bicjpeg93,36.323961,0.907928,33.895411,0.973392,4,0.043163,34.909245,43.718431,37.652169,0.938538,0.247634,0.265072,0.825,cuda
span_ch48,ami,051,front,051_front,4,4,144,bicjpeg93,36.099969,0.903566,33.606041,0.973093,4,0.048583,34.505522,43.67953,36.361774,0.917687,0.296209,0.28263,0.803,cuda
span_ch48,ami,051,left,051_left,4,4,144,bicjpeg93,37.421155,0.916251,34.704035,0.97307,4,0.043776,36.298519,44.171294,37.673336,0.931281,0.251931,0.271531,0.801,cuda
span_ch48,ami,051,right,051_right,4,4,144,bicjpeg93,36.774334,0.909547,34.040593,0.972634,4,0.044964,35.361657,44.024976,35.817614,0.906438,0.240714,0.261456,0.833,cuda
span_ch48,ami,051,up,051_up,4,4,144,bicjpeg93,35.816307,0.897124,33.391356,0.971764,4,0.047423,34.366036,43.539771,36.511744,0.918925,0.257858,0.264718,0.814,cuda
span_ch48,ami,051,zoom,051_zoom,4,4,144,bicjpeg93,37.61732,0.924517,34.896122,0.976002,4,0.04397,36.337774,44.011049,37.891015,0.936618,0.226097,0.281813,0.813,cuda
span_ch48,ami,052,back,052_back,1,4,144,bicjpeg93,36.043497,0.898779,33.197683,0.971335,4,0.04441,34.258097,43.48308,35.156204,0.904922,0.194611,0.257094,0.817,cuda
span_ch48,ami,052,down,052_down,1,4,144,bicjpeg93,35.87082,0.897198,33.187224,0.974604,4,0.044687,34.349926,43.7585,35.182298,0.896152,0.215276,0.272808,0.83,cuda
span_ch48,ami,052,front,052_front,1,4,144,bicjpeg93,36.291616,0.899291,33.445155,0.973271,4,0.042375,34.652887,43.943754,35.033992,0.891617,0.230295,0.273128,0.806,cuda
span_ch48,ami,052,left,052_left,1,4,144,bicjpeg93,37.305763,0.91757,34.393641,0.977229,4,0.038538,35.974506,44.579057,36.403131,0.915645,0.206598,0.25711,0.822,cuda
span_ch48,ami,052,right,052_right,1,4,144,bicjpeg93,36.664102,0.915229,33.665567,0.976102,4,0.0418,34.794353,44.061691,35.570926,0.911969,0.205044,0.265711,0.806,cuda
span_ch48,ami,052,up,052_up,1,4,144,bicjpeg93,36.704748,0.904881,33.739719,0.973303,4,0.042043,35.16904,43.965672,36.067516,0.914542,0.213554,0.280471,0.828,cuda
span_ch48,ami,052,zoom,052_zoom,1,4,144,bicjpeg93,37.258638,0.918974,34.055703,0.977233,4,0.039414,35.682117,44.022188,36.494768,0.911505,0.167772,0.246216,0.797,cuda
span_ch48,ami,053,back,053_back,3,4,144,bicjpeg93,36.481946,0.900912,33.237532,0.971767,4,0.043855,35.051734,43.792113,35.829394,0.906288,0.228396,0.248867,0.817,cuda
span_ch48,ami,053,down,053_down,3,4,144,bicjpeg93,35.994703,0.896094,32.96156,0.973038,4,0.042283,34.740076,43.704298,36.655745,0.925514,0.247657,0.257925,0.838,cuda
span_ch48,ami,053,front,053_front,3,4,144,bicjpeg93,35.950365,0.891335,32.925554,0.969864,4,0.046976,34.383551,43.612508,35.499767,0.89902,0.254793,0.264288,0.8,cuda
span_ch48,ami,053,left,053_left,3,4,144,bicjpeg93,36.504842,0.904457,33.420819,0.973584,4,0.044531,35.242285,44.088604,36.533076,0.917589,0.263573,0.266321,0.818,cuda
span_ch48,ami,053,right,053_right,3,4,144,bicjpeg93,36.68142,0.908389,33.337958,0.974655,4,0.041236,35.265386,43.945329,35.31717,0.892969,0.232223,0.263303,0.799,cuda
span_ch48,ami,053,up,053_up,3,4,144,bicjpeg93,35.840868,0.888648,32.842127,0.968256,4,0.046258,34.404617,43.551073,35.16557,0.893896,0.24314,0.264383,0.824,cuda
span_ch48,ami,053,zoom,053_zoom,3,4,144,bicjpeg93,36.806732,0.909661,33.373791,0.974321,4,0.042538,35.367712,44.047768,36.620015,0.916203,0.23816,0.226626,0.83,cuda
span_ch48,ami,054,back,054_back,3,4,144,bicjpeg93,36.030659,0.905357,32.745615,0.971358,4,0.048775,33.936784,44.001748,35.913683,0.908978,0.250576,0.280315,0.839,cuda
span_ch48,ami,054,down,054_down,3,4,144,bicjpeg93,36.344274,0.911919,33.344819,0.972778,4,0.044785,34.514808,43.989798,36.257225,0.919972,0.267184,0.263913,0.789,cuda
span_ch48,ami,054,front,054_front,3,4,144,bicjpeg93,36.57042,0.911467,33.4845,0.97469,4,0.042466,35.048402,43.998572,36.165376,0.915201,0.230354,0.245269,0.812,cuda
span_ch48,ami,054,left,054_left,3,4,144,bicjpeg93,37.283929,0.913423,34.167358,0.973744,4,0.041155,36.295665,44.029418,37.193246,0.922453,0.262726,0.249669,0.826,cuda
span_ch48,ami,054,right,054_right,3,4,144,bicjpeg93,36.710025,0.908923,33.504893,0.974012,4,0.043226,35.184524,43.895859,35.659441,0.905559,0.262161,0.270526,0.813,cuda
span_ch48,ami,054,up,054_up,3,4,144,bicjpeg93,34.811527,0.899014,31.596963,0.971363,4,0.045324,32.610439,43.639997,35.138757,0.895103,0.257789,0.274222,0.794,cuda
span_ch48,ami,054,zoom,054_zoom,3,4,144,bicjpeg93,36.600283,0.919674,33.314627,0.976217,4,0.049456,34.447934,44.512067,36.654219,0.927304,0.253129,0.260479,0.83,cuda
span_ch48,ami,055,back,055_back,2,4,144,bicjpeg93,37.379605,0.916892,34.161521,0.974223,4,0.041463,35.761677,44.460236,35.699175,0.907953,0.188339,0.247781,0.803,cuda
span_ch48,ami,055,down,055_down,2,4,144,bicjpeg93,37.090808,0.909837,34.016683,0.972661,4,0.042226,35.564112,44.325083,36.300612,0.920748,0.243808,0.259231,0.836,cuda
span_ch48,ami,055,front,055_front,2,4,144,bicjpeg93,37.618058,0.922893,34.096988,0.976564,4,0.039899,36.076272,44.683312,36.477454,0.922361,0.225335,0.270239,0.79,cuda
span_ch48,ami,055,left,055_left,2,4,144,bicjpeg93,37.488912,0.914685,34.049755,0.973444,4,0.037519,35.899888,44.466748,36.502547,0.920007,0.212801,0.26979,0.807,cuda
span_ch48,ami,055,right,055_right,2,4,144,bicjpeg93,37.248449,0.920002,33.877873,0.974471,4,0.042181,35.238038,44.509561,35.590153,0.904686,0.210128,0.257453,0.834,cuda
span_ch48,ami,055,up,055_up,2,4,144,bicjpeg93,37.003157,0.91212,33.764078,0.972589,4,0.042631,35.498861,44.09118,36.385345,0.91932,0.215253,0.267991,0.82,cuda
span_ch48,ami,055,zoom,055_zoom,2,4,144,bicjpeg93,38.107109,0.930832,34.454666,0.978178,4,0.036916,36.524106,44.442818,37.093915,0.933592,0.204316,0.233561,0.809,cuda
span_ch48,ami,056,back,056_back,4,4,144,bicjpeg93,35.504618,0.902225,32.726694,0.96923,4,0.048099,33.429639,43.644484,34.23235,0.890996,0.234625,0.255084,0.841,cuda
span_ch48,ami,056,down,056_down,4,4,144,bicjpeg93,36.743149,0.913723,33.713434,0.973603,4,0.041665,35.52486,43.701221,35.743739,0.916558,0.220407,0.273218,0.789,cuda
span_ch48,ami,056,front,056_front,4,4,144,bicjpeg93,36.449556,0.914872,33.538132,0.974745,4,0.044077,34.626023,43.910364,35.043201,0.915068,0.228302,0.254034,0.811,cuda
span_ch48,ami,056,left,056_left,4,4,144,bicjpeg93,37.573445,0.927124,34.273356,0.977562,4,0.037462,36.18018,44.445037,36.339102,0.92632,0.207163,0.250111,0.827,cuda
span_ch48,ami,056,right,056_right,4,4,144,bicjpeg93,37.115878,0.92744,33.834339,0.977862,4,0.039144,35.214475,44.072452,35.217104,0.909412,0.203538,0.260214,0.81,cuda
span_ch48,ami,056,up,056_up,4,4,144,bicjpeg93,35.513968,0.901326,32.842249,0.970372,4,0.048689,33.697048,43.361652,34.652879,0.908567,0.202295,0.230273,0.842,cuda
span_ch48,ami,056,zoom,056_zoom,4,4,144,bicjpeg93,37.129238,0.92398,33.927383,0.976985,4,0.045651,35.413811,43.638568,37.013824,0.934733,0.170209,0.220033,0.798,cuda
span_ch48,ami,057,back,057_back,5,4,144,bicjpeg93,35.932093,0.909819,32.982727,0.973696,4,0.0504,34.048741,43.609295,36.011835,0.923891,0.221627,0.242522,0.808,cuda
span_ch48,ami,057,down,057_down,5,4,144,bicjpeg93,36.76267,0.914998,33.725153,0.97651,4,0.041727,35.07501,43.910331,36.292407,0.927044,0.256534,0.258862,0.8,cuda
span_ch48,ami,057,front,057_front,5,4,144,bicjpeg93,35.978268,0.906032,33.232509,0.97494,4,0.04671,34.345255,44.074326,36.032892,0.931269,0.235398,0.259669,0.807,cuda
span_ch48,ami,057,left,057_left,5,4,144,bicjpeg93,37.167236,0.918447,34.157954,0.977939,4,0.041599,35.758317,44.134145,37.272829,0.935967,0.231981,0.265981,0.822,cuda
span_ch48,ami,057,right,057_right,5,4,144,bicjpeg93,37.01642,0.919262,34.009134,0.977538,4,0.039468,35.544531,44.287466,36.61388,0.924646,0.243292,0.260043,0.799,cuda
span_ch48,ami,057,up,057_up,5,4,144,bicjpeg93,35.110167,0.899279,32.573911,0.971834,4,0.047796,33.366128,43.422399,36.333885,0.918346,0.223567,0.277135,0.812,cuda
span_ch48,ami,057,zoom,057_zoom,5,4,144,bicjpeg93,37.361294,0.927385,34.139552,0.97882,4,0.044334,35.802088,44.022026,37.78772,0.937706,0.222853,0.237701,0.834,cuda
span_ch48,ami,058,back,058_back,5,4,144,bicjpeg93,37.662565,0.926951,34.157936,0.97857,4,0.033471,36.20018,44.774635,36.474313,0.924625,0.205405,0.266006,0.833,cuda
span_ch48,ami,058,down,058_down,5,4,144,bicjpeg93,37.026464,0.920963,33.795305,0.977225,4,0.039433,35.686821,44.191056,36.932006,0.932702,0.247429,0.273233,0.806,cuda
span_ch48,ami,058,front,058_front,5,4,144,bicjpeg93,37.385515,0.926043,33.86061,0.978592,4,0.036037,35.955133,44.232165,37.137535,0.929082,0.21577,0.276927,0.818,cuda
span_ch48,ami,058,left,058_left,5,4,144,bicjpeg93,37.926198,0.932199,34.520873,0.979519,4,0.033759,36.679667,44.978796,37.446828,0.933009,0.229392,0.271609,0.844,cuda
span_ch48,ami,058,right,058_right,5,4,144,bicjpeg93,37.041117,0.917473,33.672547,0.974984,4,0.038975,35.443921,44.365414,35.524417,0.906917,0.252037,0.265738,0.811,cuda
span_ch48,ami,058,up,058_up,5,4,144,bicjpeg93,36.898188,0.917989,33.581511,0.976108,4,0.039764,35.442728,44.236258,36.389725,0.921157,0.227732,0.282079,0.828,cuda
span_ch48,ami,058,zoom,058_zoom,5,4,144,bicjpeg93,37.674316,0.929258,33.982578,0.979354,4,0.043503,36.384055,44.046865,37.395263,0.929099,0.211789,0.240357,0.842,cuda
span_ch48,ami,059,back,059_back,3,4,144,bicjpeg93,38.160884,0.925804,34.8191,0.976236,4,0.038251,36.945436,44.453489,37.467851,0.929302,0.206652,0.240396,0.841,cuda
span_ch48,ami,059,down,059_down,3,4,144,bicjpeg93,38.149559,0.929571,34.922559,0.978339,4,0.036667,36.788247,44.750545,36.964364,0.927944,0.200698,0.266552,0.809,cuda
span_ch48,ami,059,front,059_front,3,4,144,bicjpeg93,37.479043,0.92021,34.457597,0.974955,4,0.040576,35.934923,44.291636,36.487164,0.917823,0.22026,0.27121,0.829,cuda
span_ch48,ami,059,left,059_left,3,4,144,bicjpeg93,37.974009,0.930993,34.877947,0.978414,4,0.037618,36.408086,44.46528,36.690651,0.930407,0.189775,0.256358,0.781,cuda
span_ch48,ami,059,right,059_right,3,4,144,bicjpeg93,37.593224,0.928102,34.516045,0.977887,4,0.035743,36.034365,44.322045,36.611183,0.924298,0.171295,0.250603,0.811,cuda
span_ch48,ami,059,up,059_up,3,4,144,bicjpeg93,37.006233,0.914754,34.066337,0.974674,4,0.040734,35.319761,43.982985,36.362836,0.919965,0.219368,0.260045,0.843,cuda
span_ch48,ami,059,zoom,059_zoom,3,4,144,bicjpeg93,38.41968,0.935289,34.942207,0.979845,4,0.036311,36.930536,44.516678,38.020642,0.935793,0.186947,0.262347,0.791,cuda
span_ch48,ami,061,back,061_back,2,4,144,bicjpeg93,37.752562,0.916361,34.402104,0.974096,4,0.040388,36.344533,44.72451,36.563415,0.915587,0.216021,0.253232,0.803,cuda
span_ch48,ami,061,down,061_down,2,4,144,bicjpeg93,37.251251,0.906118,34.04301,0.97304,4,0.043809,35.725346,44.403133,36.683824,0.922403,0.275017,0.261876,0.778,cuda
span_ch48,ami,061,front,061_front,2,4,144,bicjpeg93,37.452439,0.913712,34.266951,0.974305,4,0.042891,35.945093,44.590316,36.651413,0.919768,0.25891,0.273253,0.8,cuda
span_ch48,ami,061,left,061_left,2,4,144,bicjpeg93,37.459967,0.912301,34.234094,0.974078,4,0.043654,36.021207,44.671796,37.054837,0.922477,0.249631,0.273685,0.836,cuda
span_ch48,ami,061,right,061_right,2,4,144,bicjpeg93,37.86163,0.923299,34.394139,0.97523,4,0.039329,36.129498,44.551962,35.984793,0.90787,0.252977,0.255755,0.815,cuda
span_ch48,ami,061,up,061_up,2,4,144,bicjpeg93,37.371195,0.910089,33.943466,0.973492,4,0.043628,35.634275,44.778439,36.28211,0.914365,0.250525,0.256823,0.824,cuda
span_ch48,ami,061,zoom,061_zoom,2,4,144,bicjpeg93,38.012351,0.925276,34.29074,0.977853,4,0.038661,36.458621,44.629073,37.075866,0.923796,0.222695,0.245837,0.799,cuda
span_ch48,ami,062,back,062_back,3,4,144,bicjpeg93,36.467387,0.909358,33.915242,0.974817,4,0.043767,34.904302,43.911835,37.919018,0.935235,0.251632,0.245179,0.804,cuda
span_ch48,ami,062,down,062_down,3,4,144,bicjpeg93,36.431188,0.897334,33.844484,0.972547,4,0.043226,35.436326,43.937391,37.725548,0.930436,0.316976,0.284735,0.802,cuda
span_ch48,ami,062,front,062_front,3,4,144,bicjpeg93,35.919097,0.893896,33.376372,0.9713,4,0.04707,34.238208,44.034505,37.505925,0.928317,0.297926,0.294876,0.819,cuda
span_ch48,ami,062,left,062_left,3,4,144,bicjpeg93,37.26632,0.909507,34.557095,0.974616,4,0.040563,36.377056,44.231816,38.008748,0.930684,0.276881,0.265158,0.798,cuda
span_ch48,ami,062,right,062_right,3,4,144,bicjpeg93,36.394581,0.896312,33.628855,0.970746,4,0.042118,35.165202,43.66162,36.671661,0.917575,0.278244,0.284167,0.837,cuda
span_ch48,ami,062,up,062_up,3,4,144,bicjpeg93,34.803915,0.890958,32.45436,0.971644,4,0.042787,32.87225,43.880961,37.005742,0.91966,0.267718,0.271363,0.837,cuda
span_ch48,ami,062,zoom,062_zoom,3,4,144,bicjpeg93,37.107337,0.917171,34.161027,0.977071,4,0.040502,35.807256,44.089914,38.576813,0.935182,0.26511,0.268131,0.821,cuda
span_ch48,ami,063,back,063_back,4,4,144,bicjpeg93,37.611785,0.916212,34.342172,0.973355,4,0.043675,36.20128,44.253525,36.477446,0.912431,0.217368,0.250048,0.81,cuda
span_ch48,ami,063,down,063_down,4,4,144,bicjpeg93,36.814908,0.908216,33.875216,0.973571,4,0.044141,35.473642,43.983847,36.886992,0.931688,0.257672,0.29362,0.792,cuda
span_ch48,ami,063,front,063_front,4,4,144,bicjpeg93,37.388054,0.914754,34.354012,0.975286,4,0.037485,36.189937,44.469574,37.354702,0.933988,0.239073,0.271185,0.815,cuda
span_ch48,ami,063,left,063_left,4,4,144,bicjpeg93,37.644765,0.918084,34.449467,0.975155,4,0.034378,36.332344,44.617293,37.229524,0.926255,0.248459,0.306456,0.836,cuda
span_ch48,ami,063,right,063_right,4,4,144,bicjpeg93,37.271202,0.9114,34.14764,0.97431,4,0.037875,35.942281,44.252317,37.09174,0.931365,0.236532,0.290945,0.817,cuda
span_ch48,ami,063,up,063_up,4,4,144,bicjpeg93,36.843422,0.900852,33.973513,0.971265,4,0.043232,35.491706,44.241157,36.700407,0.916348,0.246453,0.277609,0.796,cuda
span_ch48,ami,063,zoom,063_zoom,4,4,144,bicjpeg93,38.331222,0.931906,34.898018,0.979148,4,0.036248,37.079886,44.574177,38.069702,0.939797,0.209716,0.269817,0.821,cuda
span_ch48,ami,064,back,064_back,5,4,144,bicjpeg93,36.490479,0.90022,33.484685,0.971164,4,0.043016,35.045578,44.055491,35.352701,0.906343,0.265085,0.260347,0.833,cuda
span_ch48,ami,064,down,064_down,5,4,144,bicjpeg93,36.306745,0.893377,33.611676,0.96964,4,0.04756,34.851808,43.945624,36.292051,0.922467,0.255659,0.244305,0.796,cuda
span_ch48,ami,064,front,064_front,5,4,144,bicjpeg93,36.714633,0.899933,33.893261,0.969992,4,0.043318,35.298226,43.943819,35.782676,0.906284,0.220105,0.244811,0.783,cuda
span_ch48,ami,064,left,064_left,5,4,144,bicjpeg93,36.91437,0.902666,34.031459,0.970582,4,0.047629,35.634303,44.259386,36.724986,0.921765,0.247925,0.243715,0.818,cuda
span_ch48,ami,064,right,064_right,5,4,144,bicjpeg93,36.857802,0.906311,33.964785,0.9729,4,0.042523,35.384848,44.090262,35.884965,0.905443,0.252532,0.263482,0.828,cuda
span_ch48,ami,064,up,064_up,5,4,144,bicjpeg93,36.613223,0.898397,33.854008,0.969731,4,0.043523,35.24199,43.904408,35.708963,0.903693,0.241184,0.248469,0.821,cuda
span_ch48,ami,064,zoom,064_zoom,5,4,144,bicjpeg93,37.210693,0.911629,34.128941,0.973246,4,0.042874,36.019038,43.812991,36.640639,0.916546,0.215019,0.251669,0.83,cuda
span_ch48,ami,065,back,065_back,3,4,144,bicjpeg93,35.985908,0.893134,33.219686,0.968078,4,0.047055,34.318988,43.527727,35.720742,0.908099,0.212403,0.264208,0.808,cuda
span_ch48,ami,065,down,065_down,3,4,144,bicjpeg93,37.438054,0.920664,34.446995,0.9779,4,0.036197,35.911897,44.659885,37.518038,0.936405,0.259418,0.2749,0.806,cuda
span_ch48,ami,065,front,065_front,3,4,144,bicjpeg93,36.521948,0.904421,33.747526,0.973176,4,0.049145,34.891027,43.919791,36.800475,0.921913,0.257136,0.269725,0.838,cuda
span_ch48,ami,065,left,065_left,3,4,144,bicjpeg93,38.349761,0.926078,35.360489,0.977285,4,0.036909,37.049283,45.033375,38.430853,0.937936,0.235587,0.260069,0.818,cuda
span_ch48,ami,065,right,065_right,3,4,144,bicjpeg93,36.685973,0.912455,33.676577,0.975289,4,0.045678,34.925663,44.281507,36.115028,0.918601,0.251575,0.260919,0.79,cuda
span_ch48,ami,065,up,065_up,3,4,144,bicjpeg93,36.313036,0.901338,33.692478,0.972739,4,0.04691,34.738526,43.788679,37.421917,0.928646,0.227989,0.27123,0.794,cuda
span_ch48,ami,065,zoom,065_zoom,3,4,144,bicjpeg93,38.465051,0.932922,35.048731,0.979144,4,0.03427,37.472348,44.28582,38.649661,0.945431,0.227787,0.243449,0.797,cuda
span_ch48,ami,066,back,066_back,4,4,144,bicjpeg93,37.739819,0.9233,34.492152,0.977316,4,0.036076,36.218734,44.214676,36.74581,0.92932,0.215994,0.254891,0.817,cuda
span_ch48,ami,066,down,066_down,4,4,144,bicjpeg93,37.4804,0.919702,34.530704,0.975972,4,0.039775,36.018539,44.195197,36.67365,0.922842,0.229366,0.259294,0.834,cuda
span_ch48,ami,066,front,066_front,4,4,144,bicjpeg93,37.655906,0.921475,34.647551,0.976212,4,0.037538,36.307911,44.186746,36.917522,0.925124,0.22403,0.267926,0.799,cuda
span_ch48,ami,066,left,066_left,4,4,144,bicjpeg93,38.278782,0.929405,35.28931,0.978699,4,0.035791,37.203894,44.566237,37.734317,0.93552,0.227805,0.275043,0.797,cuda
span_ch48,ami,066,right,066_right,4,4,144,bicjpeg93,37.569241,0.921947,34.260727,0.976055,4,0.042797,36.193352,44.219917,36.342911,0.919455,0.199368,0.255576,0.8,cuda
span_ch48,ami,066,up,066_up,4,4,144,bicjpeg93,37.132564,0.911078,34.052496,0.972959,4,0.041075,35.733954,44.00698,36.609291,0.914483,0.239218,0.25933,0.804,cuda
span_ch48,ami,066,zoom,066_zoom,4,4,144,bicjpeg93,38.212152,0.929853,34.848498,0.978835,4,0.036022,37.000947,44.416952,37.802,0.931396,0.204401,0.245587,0.821,cuda
span_ch48,ami,067,back,067_back,2,4,144,bicjpeg93,36.563905,0.892227,33.50316,0.96801,4,0.044396,35.447668,43.514163,35.721806,0.895989,0.275312,0.282128,0.808,cuda
span_ch48,ami,067,down,067_down,2,4,144,bicjpeg93,36.324109,0.886825,33.479144,0.968124,4,0.043985,35.248819,43.659927,36.572002,0.908284,0.308525,0.285444,0.806,cuda
span_ch48,ami,067,front,067_front,2,4,144,bicjpeg93,36.31948,0.888477,33.376258,0.968543,4,0.045442,35.162155,43.748703,36.061427,0.904549,0.288192,0.286047,0.808,cuda
span_ch48,ami,067,left,067_left,2,4,144,bicjpeg93,36.553999,0.888475,33.872774,0.969038,4,0.043013,35.408957,44.179606,37.593855,0.923872,0.333175,0.280167,0.822,cuda
span_ch48,ami,067,right,067_right,2,4,144,bicjpeg93,36.655347,0.901094,33.47655,0.972907,4,0.040881,35.317477,44.172925,35.735217,0.905541,0.262957,0.263492,0.829,cuda
span_ch48,ami,067,up,067_up,2,4,144,bicjpeg93,36.391869,0.890823,33.461348,0.969444,4,0.04532,35.074889,43.896078,35.892568,0.900859,0.259106,0.277117,0.802,cuda
span_ch48,ami,067,zoom,067_zoom,2,4,144,bicjpeg93,36.973273,0.903846,33.788537,0.971858,4,0.0395,35.914547,43.690479,37.143502,0.918497,0.273447,0.277326,0.811,cuda
span_ch48,ami,068,back,068_back,2,4,144,bicjpeg93,35.600904,0.884154,32.879098,0.967035,4,0.047723,34.242858,43.141664,35.115067,0.905456,0.253442,0.269506,0.819,cuda
span_ch48,ami,068,down,068_down,2,4,144,bicjpeg93,35.80863,0.895942,33.173269,0.971549,4,0.047845,34.417133,43.321731,36.069346,0.915695,0.260698,0.270368,0.836,cuda
span_ch48,ami,068,front,068_front,2,4,144,bicjpeg93,36.359444,0.905382,33.542907,0.97492,4,0.04293,35.078963,43.769473,36.662166,0.926666,0.225797,0.259824,0.785,cuda
span_ch48,ami,068,left,068_left,2,4,144,bicjpeg93,36.614969,0.906294,33.798904,0.97373,4,0.046459,35.441531,44.014809,36.900741,0.924187,0.249013,0.283107,0.819,cuda
span_ch48,ami,068,right,068_right,2,4,144,bicjpeg93,36.340577,0.905681,33.367631,0.974858,4,0.04672,34.829149,43.658358,35.425428,0.912153,0.240522,0.261857,0.837,cuda
span_ch48,ami,068,up,068_up,2,4,144,bicjpeg93,35.773821,0.895016,33.060282,0.972603,4,0.052503,34.405278,43.602836,36.011021,0.915411,0.254921,0.264228,0.801,cuda
span_ch48,ami,068,zoom,068_zoom,2,4,144,bicjpeg93,37.395225,0.923472,34.213406,0.978217,4,0.04048,35.960343,43.924816,37.365042,0.931471,0.216656,0.240583,0.8,cuda
span_ch48,ami,069,back,069_back,4,4,144,bicjpeg93,36.292952,0.897367,33.339514,0.969859,4,0.045159,34.713691,43.471367,35.34314,0.898935,0.215176,0.262241,0.819,cuda
span_ch48,ami,069,down,069_down,4,4,144,bicjpeg93,35.32149,0.888273,32.905481,0.969568,4,0.051871,33.74719,43.130512,34.877291,0.905335,0.293504,0.250347,0.82,cuda
span_ch48,ami,069,front,069_front,4,4,144,bicjpeg93,35.858807,0.894039,33.349693,0.970746,4,0.043186,34.162381,43.275128,34.433122,0.888557,0.276023,0.251013,0.818,cuda
span_ch48,ami,069,left,069_left,4,4,144,bicjpeg93,36.179555,0.903135,33.766964,0.972706,4,0.044117,34.524607,43.895459,35.104381,0.898974,0.231707,0.251321,0.824,cuda
span_ch48,ami,069,right,069_right,4,4,144,bicjpeg93,36.68546,0.913488,33.914791,0.975745,4,0.037774,34.956664,43.877523,34.599437,0.896602,0.223493,0.263647,0.807,cuda
span_ch48,ami,069,up,069_up,4,4,144,bicjpeg93,36.11323,0.902489,33.445528,0.97512,4,0.041963,34.266169,43.883647,35.055484,0.901458,0.234556,0.25491,0.826,cuda
span_ch48,ami,069,zoom,069_zoom,4,4,144,bicjpeg93,36.3712,0.907612,33.598256,0.975599,4,0.043464,34.722611,43.485551,35.505122,0.90701,0.205941,0.233107,0.824,cuda
span_ch48,ami,070,back,070_back,3,4,144,bicjpeg93,37.02404,0.914495,33.290144,0.973664,4,0.041244,35.882608,43.425118,36.15475,0.912768,0.227061,0.240187,0.825,cuda
span_ch48,ami,070,down,070_down,3,4,144,bicjpeg93,35.818359,0.900729,32.823175,0.974312,4,0.048812,34.392952,43.871981,36.462715,0.92792,0.205137,0.264632,0.799,cuda
span_ch48,ami,070,front,070_front,3,4,144,bicjpeg93,36.05994,0.903318,33.036473,0.972172,4,0.049419,34.554153,43.476233,35.554557,0.909739,0.223823,0.262371,0.829,cuda
span_ch48,ami,070,left,070_left,3,4,144,bicjpeg93,36.871759,0.910533,33.778203,0.975165,4,0.045981,35.489119,44.546563,36.892805,0.923978,0.249227,0.296285,0.84,cuda
span_ch48,ami,070,right,070_right,3,4,144,bicjpeg93,36.827396,0.91308,33.5202,0.973542,4,0.04135,35.092243,43.965832,35.919685,0.903973,0.223352,0.262786,0.8,cuda
span_ch48,ami,070,up,070_up,3,4,144,bicjpeg93,36.332409,0.906937,33.132194,0.972825,4,0.042245,34.806964,43.6847,35.825614,0.90853,0.218832,0.247737,0.802,cuda
span_ch48,ami,070,zoom,070_zoom,3,4,144,bicjpeg93,37.66548,0.927754,34.022344,0.979234,4,0.037863,36.365501,44.072063,37.746491,0.931506,0.208641,0.236441,0.819,cuda
span_ch48,ami,071,back,071_back,2,4,144,bicjpeg93,36.209769,0.901278,33.480686,0.971301,4,0.047927,34.738148,43.543405,36.382241,0.914847,0.238259,0.258032,0.807,cuda
span_ch48,ami,071,down,071_down,2,4,144,bicjpeg93,35.393445,0.8988,32.583536,0.973379,4,0.044659,33.763348,43.511429,36.051277,0.922835,0.231734,0.256156,0.819,cuda
span_ch48,ami,071,front,071_front,2,4,144,bicjpeg93,34.989257,0.891866,32.298229,0.971246,4,0.051845,32.909213,43.294119,34.851958,0.906892,0.263371,0.26742,0.807,cuda
span_ch48,ami,071,left,071_left,2,4,144,bicjpeg93,35.736085,0.902221,32.925584,0.973199,4,0.046101,34.028881,43.550407,36.785612,0.929095,0.231755,0.249715,0.829,cuda
span_ch48,ami,071,right,071_right,2,4,144,bicjpeg93,36.101706,0.899237,33.233466,0.970992,4,0.046905,34.361652,43.709679,34.934062,0.903188,0.244612,0.239557,0.798,cuda
span_ch48,ami,071,up,071_up,2,4,144,bicjpeg93,34.613977,0.878574,32.034641,0.967471,4,0.0545,32.636247,43.119949,34.475977,0.893754,0.221901,0.256814,0.816,cuda
span_ch48,ami,071,zoom,071_zoom,2,4,144,bicjpeg93,36.435428,0.918293,33.291543,0.977544,4,0.04377,34.723113,43.66737,36.654523,0.926695,0.222486,0.253402,0.834,cuda
span_ch48,ami,072,back,072_back,1,4,144,bicjpeg93,38.016333,0.923884,34.604602,0.975624,4,0.040008,36.948572,44.506435,36.863044,0.923464,0.219472,0.268221,0.798,cuda
span_ch48,ami,072,down,072_down,1,4,144,bicjpeg93,37.769409,0.921633,34.740583,0.974928,4,0.037389,36.487079,44.401595,36.776452,0.921682,0.212502,0.23942,0.817,cuda
span_ch48,ami,072,front,072_front,1,4,144,bicjpeg93,38.660053,0.932936,35.244732,0.978985,4,0.033362,37.578183,45.048666,37.834869,0.934023,0.201558,0.249765,0.804,cuda
span_ch48,ami,072,left,072_left,1,4,144,bicjpeg93,38.042164,0.92265,34.942054,0.975377,4,0.037047,36.720278,44.74838,37.446171,0.927136,0.250098,0.270571,0.825,cuda
span_ch48,ami,072,right,072_right,1,4,144,bicjpeg93,38.666791,0.936945,35.332331,0.979442,4,0.035168,37.492479,44.929467,36.826849,0.917333,0.174138,0.234628,0.835,cuda
span_ch48,ami,072,up,072_up,1,4,144,bicjpeg93,38.566374,0.931275,35.314258,0.9773,4,0.033381,37.54786,44.644305,37.449496,0.925006,0.207039,0.232214,0.814,cuda
span_ch48,ami,072,zoom,072_zoom,1,4,144,bicjpeg93,39.510459,0.942198,35.727216,0.980139,4,0.030252,38.564949,45.186537,38.459103,0.942103,0.165428,0.229527,0.84,cuda
span_ch48,ami,073,back,073_back,1,4,144,bicjpeg93,37.743238,0.922819,34.347211,0.976514,4,0.035531,36.47887,44.484459,36.731392,0.920076,0.214798,0.252127,0.81,cuda
span_ch48,ami,073,down,073_down,1,4,144,bicjpeg93,36.831357,0.918909,33.978416,0.978309,4,0.041588,35.50776,44.669498,37.238101,0.930502,0.217726,0.271308,0.825,cuda
span_ch48,ami,073,front,073_front,1,4,144,bicjpeg93,37.260363,0.919577,34.230694,0.976726,4,0.038078,36.230732,44.401663,37.123642,0.926936,0.245752,0.248478,0.829,cuda
span_ch48,ami,073,left,073_left,1,4,144,bicjpeg93,37.548105,0.923349,34.663864,0.977736,4,0.038567,36.497798,44.953461,37.460225,0.930304,0.222622,0.260464,0.832,cuda
span_ch48,ami,073,right,073_right,1,4,144,bicjpeg93,37.464285,0.921167,34.216774,0.975739,4,0.040118,36.335217,44.054299,36.66313,0.916157,0.211825,0.246107,0.801,cuda
span_ch48,ami,073,up,073_up,1,4,144,bicjpeg93,36.654862,0.906029,33.818862,0.973048,4,0.042282,35.41518,44.268773,37.026673,0.922454,0.237976,0.244236,0.835,cuda
span_ch48,ami,073,zoom,073_zoom,1,4,144,bicjpeg93,38.420089,0.932433,34.971805,0.979367,4,0.035578,37.358653,44.579301,37.729174,0.932984,0.227913,0.26138,0.807,cuda
span_ch48,ami,074,back,074_back,1,4,144,bicjpeg93,37.033491,0.906291,34.313942,0.972607,4,0.040592,36.004002,43.995935,37.006716,0.924061,0.247773,0.263708,0.808,cuda
span_ch48,ami,074,down,074_down,1,4,144,bicjpeg93,36.134014,0.88959,33.673734,0.968436,4,0.050236,34.715154,44.018506,36.866124,0.921601,0.25074,0.263821,0.801,cuda
span_ch48,ami,074,front,074_front,1,4,144,bicjpeg93,36.165973,0.889982,33.621821,0.968931,4,0.052062,34.730785,43.625036,36.665802,0.921783,0.254595,0.252586,0.811,cuda
span_ch48,ami,074,left,074_left,1,4,144,bicjpeg93,36.714813,0.897859,34.036586,0.970218,4,0.044191,35.609365,44.104347,37.931349,0.934711,0.23129,0.256959,0.818,cuda
span_ch48,ami,074,right,074_right,1,4,144,bicjpeg93,36.753618,0.909791,33.577742,0.974257,4,0.040214,35.346135,44.096388,36.758341,0.924862,0.245831,0.270093,0.84,cuda
span_ch48,ami,074,up,074_up,1,4,144,bicjpeg93,36.175567,0.888708,33.474462,0.968223,4,0.046815,34.887483,43.820283,36.805312,0.919778,0.24539,0.248276,0.816,cuda
span_ch48,ami,074,zoom,074_zoom,1,4,144,bicjpeg93,37.392045,0.913789,34.433716,0.974916,4,0.040519,36.211688,44.14951,37.989866,0.934811,0.247246,0.257407,0.829,cuda
span_ch48,ami,075,back,075_back,3,4,144,bicjpeg93,35.995921,0.885663,32.731434,0.96783,4,0.044711,34.571086,43.729417,36.090154,0.908983,0.249045,0.262734,0.786,cuda
span_ch48,ami,075,down,075_down,3,4,144,bicjpeg93,35.438876,0.884304,32.508799,0.96842,4,0.051634,33.767385,43.364645,36.607184,0.920821,0.282127,0.265972,0.832,cuda
span_ch48,ami,075,front,075_front,3,4,144,bicjpeg93,35.308002,0.877469,32.352953,0.967948,4,0.050018,33.775948,43.223961,36.342082,0.912984,0.260576,0.286205,0.791,cuda
span_ch48,ami,075,left,075_left,3,4,144,bicjpeg93,36.55121,0.903277,33.630018,0.972324,4,0.044132,34.87349,44.172129,37.07381,0.923247,0.245723,0.26002,0.789,cuda
span_ch48,ami,075,right,075_right,3,4,144,bicjpeg93,36.495157,0.902169,32.943423,0.973164,4,0.046925,34.771918,44.08133,36.136935,0.902061,0.260356,0.260017,0.809,cuda
span_ch48,ami,075,up,075_up,3,4,144,bicjpeg93,35.295598,0.877337,32.345841,0.966244,4,0.047722,33.639678,43.299677,35.877259,0.903206,0.242519,0.273874,0.799,cuda
span_ch48,ami,075,zoom,075_zoom,3,4,144,bicjpeg93,37.111293,0.920577,33.574359,0.97781,4,0.041914,35.595047,44.671507,37.794507,0.929165,0.232807,0.262425,0.814,cuda
span_ch48,ami,076,back,076_back,5,4,144,bicjpeg93,37.480432,0.912278,33.902162,0.973532,4,0.037904,36.009732,44.314008,36.865623,0.92917,0.217099,0.243541,0.811,cuda
span_ch48,ami,076,down,076_down,5,4,144,bicjpeg93,36.848515,0.903751,33.495744,0.972407,4,0.043732,35.606345,43.922825,36.437079,0.926723,0.253976,0.26279,0.787,cuda
span_ch48,ami,076,front,076_front,5,4,144,bicjpeg93,36.986579,0.908907,33.645662,0.973899,4,0.042764,35.566518,44.074372,36.554826,0.928802,0.255191,0.256867,0.813,cuda
span_ch48,ami,076,left,076_left,5,4,144,bicjpeg93,37.701277,0.914369,34.189856,0.976031,4,0.037435,36.423958,44.688018,37.697616,0.937014,0.273815,0.255956,0.816,cuda
span_ch48,ami,076,right,076_right,5,4,144,bicjpeg93,36.860111,0.904349,33.472767,0.970829,4,0.040901,35.433015,43.911889,36.234103,0.921541,0.251729,0.262333,0.824,cuda
span_ch48,ami,076,up,076_up,5,4,144,bicjpeg93,36.655906,0.903197,33.477633,0.971547,4,0.041042,35.264039,44.152491,36.547939,0.924697,0.24319,0.235505,0.792,cuda
span_ch48,ami,076,zoom,076_zoom,5,4,144,bicjpeg93,38.289231,0.933079,34.348461,0.980642,4,0.03184,37.147793,44.510092,37.972498,0.939616,0.214965,0.251503,0.81,cuda
span_ch48,ami,077,back,077_back,2,4,144,bicjpeg93,38.066945,0.918502,34.677158,0.973893,4,0.038296,36.653336,44.497131,37.136693,0.92763,0.19861,0.274563,0.802,cuda
span_ch48,ami,077,down,077_down,2,4,144,bicjpeg93,36.731881,0.891439,33.973021,0.967813,4,0.039047,35.486308,43.907443,35.836741,0.90428,0.303374,0.282251,0.799,cuda
span_ch48,ami,077,front,077_front,2,4,144,bicjpeg93,37.009398,0.894929,34.071689,0.967354,4,0.041271,35.472543,44.153197,35.840589,0.904597,0.257251,0.293365,0.776,cuda
span_ch48,ami,077,left,077_left,2,4,144,bicjpeg93,37.444997,0.910754,34.563872,0.972091,4,0.042144,36.40609,43.631203,37.330868,0.927424,0.257017,0.282776,0.819,cuda
span_ch48,ami,077,right,077_right,2,4,144,bicjpeg93,38.287307,0.925806,34.787214,0.976155,4,0.034911,36.686514,44.724052,36.752766,0.920178,0.187071,0.276848,0.797,cuda
span_ch48,ami,077,up,077_up,2,4,144,bicjpeg93,36.999695,0.895273,34.143636,0.966939,4,0.041421,35.606942,44.03947,35.926935,0.899814,0.274345,0.297689,0.823,cuda
span_ch48,ami,077,zoom,077_zoom,2,4,144,bicjpeg93,37.973098,0.915514,34.712777,0.974346,4,0.037736,36.843076,44.363426,37.422182,0.923476,0.226026,0.250488,0.786,cuda
span_ch48,ami,078,back,078_back,2,4,144,bicjpeg93,36.88916,0.908842,33.769811,0.971444,4,0.045784,35.48964,43.928533,36.075277,0.911519,0.23567,0.2404,0.821,cuda
span_ch48,ami,078,down,078_down,2,4,144,bicjpeg93,36.242861,0.895144,33.616797,0.96939,4,0.047003,34.828093,43.548674,36.332244,0.920771,0.282088,0.271899,0.783,cuda
span_ch48,ami,078,front,078_front,2,4,144,bicjpeg93,37.086577,0.911535,34.111886,0.972778,4,0.047303,35.801257,43.856696,36.754212,0.924366,0.220516,0.264277,0.825,cuda
span_ch48,ami,078,left,078_left,2,4,144,bicjpeg93,36.66121,0.904113,33.832704,0.969756,4,0.046566,35.459109,43.467528,36.375536,0.9168,0.238063,0.260901,0.781,cuda
span_ch48,ami,078,right,078_right,2,4,144,bicjpeg93,37.032534,0.914533,33.917119,0.973337,4,0.042291,35.706879,43.918727,36.522634,0.925431,0.207504,0.240766,0.823,cuda
span_ch48,ami,078,up,078_up,2,4,144,bicjpeg93,36.692436,0.905109,33.855808,0.96976,4,0.04753,35.445951,43.454006,36.592623,0.919272,0.267594,0.255666,0.8,cuda
span_ch48,ami,078,zoom,078_zoom,2,4,144,bicjpeg93,38.257197,0.932552,34.991016,0.978669,4,0.036136,37.120719,44.361064,37.881132,0.937031,0.192317,0.23973,0.79,cuda
span_ch48,ami,079,back,079_back,4,4,144,bicjpeg93,35.883343,0.889765,32.901392,0.968965,4,0.046255,34.727353,43.913785,35.543245,0.893242,0.308417,0.282514,0.83,cuda
span_ch48,ami,079,down,079_down,4,4,144,bicjpeg93,36.231864,0.902683,33.459095,0.971732,4,0.04383,34.74852,43.999733,36.028977,0.907137,0.263294,0.279221,0.803,cuda
span_ch48,ami,079,front,079_front,4,4,144,bicjpeg93,35.570075,0.886363,32.735461,0.968458,4,0.050495,34.123952,43.767179,35.25704,0.900522,0.296026,0.279783,0.821,cuda
span_ch48,ami,079,left,079_left,4,4,144,bicjpeg93,36.848883,0.909135,33.893439,0.97333,4,0.044143,35.616692,44.247431,37.078087,0.919152,0.279999,0.260681,0.815,cuda
span_ch48,ami,079,right,079_right,4,4,144,bicjpeg93,36.521598,0.910213,33.344417,0.973772,4,0.043341,35.052884,43.883796,35.375032,0.902922,0.282907,0.268157,0.821,cuda
span_ch48,ami,079,up,079_up,4,4,144,bicjpeg93,35.308554,0.880254,32.556533,0.967709,4,0.047157,34.007046,43.690825,35.082615,0.894405,0.30322,0.272305,0.8,cuda
span_ch48,ami,079,zoom,079_zoom,4,4,144,bicjpeg93,36.426709,0.905292,33.350287,0.972717,4,0.042411,34.966359,44.144194,36.311227,0.913534,0.258232,0.26798,0.821,cuda
span_ch48,ami,080,back,080_back,3,4,144,bicjpeg93,38.031313,0.920261,35.017744,0.975071,4,0.040113,36.810404,44.917205,36.514682,0.911618,0.244738,0.261888,0.795,cuda
span_ch48,ami,080,down,080_down,3,4,144,bicjpeg93,38.523066,0.925515,35.380638,0.97672,4,0.032116,37.302988,45.274748,37.002534,0.919284,0.251696,0.28811,0.827,cuda
span_ch48,ami,080,front,080_front,3,4,144,bicjpeg93,38.330492,0.923421,35.221496,0.976445,4,0.035606,36.870282,45.34054,36.756395,0.914855,0.238179,0.284003,0.812,cuda
span_ch48,ami,080,left,080_left,3,4,144,bicjpeg93,38.505387,0.926492,35.589665,0.977976,4,0.035054,37.024656,45.552811,37.299152,0.920828,0.285383,0.276176,0.815,cuda
span_ch48,ami,080,right,080_right,3,4,144,bicjpeg93,37.87125,0.926939,34.686984,0.976046,4,0.039155,36.074932,44.998683,35.54336,0.904644,0.215335,0.297204,0.823,cuda
span_ch48,ami,080,up,080_up,3,4,144,bicjpeg93,37.417273,0.906075,34.655446,0.971032,4,0.039346,36.201663,44.576715,36.285221,0.905933,0.250999,0.285881,0.798,cuda
span_ch48,ami,080,zoom,080_zoom,3,4,144,bicjpeg93,39.08423,0.933991,35.637713,0.978998,4,0.029635,37.735033,45.425961,37.63951,0.930557,0.244318,0.302923,0.826,cuda
span_ch48,ami,081,back,081_back,1,4,144,bicjpeg93,37.294718,0.909323,33.815732,0.971857,4,0.038433,35.879119,44.578035,35.852673,0.90302,0.252184,0.266493,0.791,cuda
span_ch48,ami,081,down,081_down,1,4,144,bicjpeg93,36.572365,0.890456,33.620338,0.96637,4,0.043274,34.864478,44.360617,35.106528,0.880344,0.300165,0.289051,0.823,cuda
span_ch48,ami,081,front,081_front,1,4,144,bicjpeg93,36.322966,0.883473,33.43719,0.965242,4,0.044349,34.672917,44.078182,35.018283,0.879732,0.292064,0.288071,0.826,cuda
span_ch48,ami,081,left,081_left,1,4,144,bicjpeg93,37.195448,0.894277,34.245565,0.967522,4,0.038194,35.856385,44.618091,36.078652,0.886331,0.338671,0.313868,0.799,cuda
span_ch48,ami,081,right,081_right,1,4,144,bicjpeg93,38.137242,0.933588,34.764759,0.978211,4,0.035178,36.379284,45.21317,35.656721,0.906658,0.196397,0.264013,0.822,cuda
span_ch48,ami,081,up,081_up,1,4,144,bicjpeg93,35.922637,0.877645,33.128474,0.964549,4,0.048695,34.324425,43.868133,34.885709,0.876162,0.286273,0.304592,0.827,cuda
span_ch48,ami,081,zoom,081_zoom,1,4,144,bicjpeg93,37.207701,0.905871,33.830516,0.97065,4,0.041161,35.716764,44.340815,35.969013,0.905721,0.264981,0.265758,0.823,cuda
span_ch48,ami,082,back,082_back,2,4,144,bicjpeg93,36.929319,0.915718,33.896124,0.974188,4,0.046116,34.805814,44.573695,35.149671,0.905202,0.192023,0.27431,0.803,cuda
span_ch48,ami,082,down,082_down,2,4,144,bicjpeg93,36.072853,0.892427,33.277478,0.969828,4,0.046477,34.411785,44.198018,35.257895,0.907033,0.246433,0.255461,0.82,cuda
span_ch48,ami,082,front,082_front,2,4,144,bicjpeg93,35.984664,0.889768,33.267944,0.968426,4,0.047684,34.262681,43.968463,35.198857,0.902619,0.253408,0.264493,0.845,cuda
span_ch48,ami,082,left,082_left,2,4,144,bicjpeg93,36.649722,0.90421,33.754666,0.972593,4,0.045077,34.968436,44.163774,35.464712,0.910081,0.237362,0.26179,0.809,cuda
span_ch48,ami,082,right,082_right,2,4,144,bicjpeg93,36.993546,0.910398,34.039272,0.972351,4,0.044352,35.282208,44.344719,35.55281,0.907958,0.234031,0.261413,0.828,cuda
span_ch48,ami,082,up,082_up,2,4,144,bicjpeg93,37.008509,0.910177,33.933513,0.973848,4,0.042143,35.305338,44.245498,36.069152,0.918967,0.237062,0.280312,0.8,cuda
span_ch48,ami,082,zoom,082_zoom,2,4,144,bicjpeg93,37.136412,0.912258,34.019938,0.9759,4,0.042761,35.706817,44.42108,37.039191,0.93548,0.185943,0.239664,0.816,cuda
span_ch48,ami,083,back,083_back,4,4,144,bicjpeg93,36.118389,0.889869,33.056221,0.966781,4,0.044957,34.318079,43.58998,36.164212,0.912323,0.225207,0.284231,0.815,cuda
span_ch48,ami,083,down,083_down,4,4,144,bicjpeg93,35.519351,0.869824,32.788419,0.963417,4,0.047779,33.672616,43.761786,35.443432,0.906238,0.264413,0.277019,0.824,cuda
span_ch48,ami,083,front,083_front,4,4,144,bicjpeg93,35.667309,0.875221,32.779567,0.965837,4,0.048948,33.866168,43.523337,35.776141,0.907192,0.222973,0.283192,0.818,cuda
span_ch48,ami,083,left,083_left,4,4,144,bicjpeg93,36.524931,0.893372,33.291129,0.970488,4,0.043659,34.762306,44.189467,36.365829,0.912817,0.242194,0.287203,0.793,cuda
span_ch48,ami,083,right,083_right,4,4,144,bicjpeg93,37.365988,0.914713,34.044402,0.975112,4,0.041476,35.751223,44.682891,36.049932,0.908157,0.226152,0.259267,0.824,cuda
span_ch48,ami,083,up,083_up,4,4,144,bicjpeg93,35.243607,0.867415,32.503561,0.962944,4,0.052958,33.433562,43.61179,35.568834,0.898712,0.235778,0.271313,0.819,cuda
span_ch48,ami,083,zoom,083_zoom,4,4,144,bicjpeg93,36.490729,0.893839,33.375167,0.97009,4,0.045441,34.985036,43.549212,37.024081,0.925487,0.253105,0.261598,0.806,cuda
span_ch48,ami,084,back,084_back,3,4,144,bicjpeg93,36.17642,0.887308,33.458986,0.966684,4,0.046941,34.738212,44.069969,35.445196,0.898678,0.271343,0.2632,0.808,cuda
span_ch48,ami,084,down,084_down,3,4,144,bicjpeg93,35.493598,0.884525,33.13174,0.968568,4,0.049273,33.945703,43.744082,35.563075,0.904099,0.288668,0.290597,0.807,cuda
span_ch48,ami,084,front,084_front,3,4,144,bicjpeg93,35.681583,0.889776,33.233819,0.970082,4,0.046296,34.24081,43.933702,35.779515,0.910809,0.288057,0.292538,0.807,cuda
span_ch48,ami,084,left,084_left,3,4,144,bicjpeg93,36.056974,0.888712,33.759288,0.967219,4,0.052126,34.656422,43.871348,35.9646,0.902969,0.258674,0.279387,0.81,cuda
span_ch48,ami,084,right,084_right,3,4,144,bicjpeg93,36.837567,0.905219,33.932843,0.972929,4,0.041796,35.127565,44.336296,35.797192,0.908553,0.242573,0.257863,0.823,cuda
span_ch48,ami,084,up,084_up,3,4,144,bicjpeg93,35.424724,0.885165,32.956244,0.969535,4,0.050537,33.906227,43.922913,35.555489,0.905702,0.265684,0.278302,0.824,cuda
span_ch48,ami,084,zoom,084_zoom,3,4,144,bicjpeg93,36.354636,0.904133,33.64919,0.973684,4,0.043811,34.907977,43.873996,36.685676,0.920423,0.262754,0.2734,0.797,cuda
span_ch48,ami,085,back,085_back,4,4,144,bicjpeg93,37.793926,0.909642,34.55887,0.972235,4,0.041935,36.667173,45.035444,37.142855,0.909781,0.260781,0.257435,0.811,cuda
span_ch48,ami,085,down,085_down,4,4,144,bicjpeg93,36.932667,0.894964,34.424696,0.969445,4,0.04472,35.486879,44.617369,36.89128,0.912263,0.293997,0.277735,0.831,cuda
span_ch48,ami,085,front,085_front,4,4,144,bicjpeg93,37.39562,0.903255,34.668641,0.971594,4,0.042475,36.07786,44.679025,37.310196,0.916471,0.263272,0.260985,0.814,cuda
span_ch48,ami,085,left,085_left,4,4,144,bicjpeg93,37.439203,0.902469,34.490531,0.970219,4,0.044842,36.145972,44.910236,37.627986,0.915764,0.25209,0.261969,0.825,cuda
span_ch48,ami,085,right,085_right,4,4,144,bicjpeg93,37.190647,0.90421,34.164974,0.971155,4,0.039503,35.849796,44.468248,36.276219,0.907666,0.269928,0.25217,0.808,cuda
span_ch48,ami,085,up,085_up,4,4,144,bicjpeg93,36.67883,0.889588,33.961939,0.967644,4,0.046158,35.468976,44.32781,36.226862,0.898216,0.274277,0.290145,0.81,cuda
span_ch48,ami,085,zoom,085_zoom,4,4,144,bicjpeg93,37.647698,0.911927,34.78015,0.97482,4,0.039311,36.389288,44.798781,37.768355,0.925754,0.260269,0.2817,0.834,cuda
span_ch48,ami,086,back,086_back,5,4,144,bicjpeg93,37.15365,0.909936,33.874678,0.973938,4,0.039522,35.900032,44.071196,36.156705,0.914057,0.249266,0.247029,0.837,cuda
span_ch48,ami,086,down,086_down,5,4,144,bicjpeg93,36.306494,0.896677,33.449369,0.970917,4,0.043628,34.752644,43.930396,36.071254,0.917228,0.255482,0.255528,0.839,cuda
span_ch48,ami,086,front,086_front,5,4,144,bicjpeg93,35.95343,0.890747,33.28017,0.968872,4,0.046652,34.479308,43.542136,35.528531,0.913887,0.257094,0.260114,0.808,cuda
span_ch48,ami,086,left,086_left,5,4,144,bicjpeg93,36.749807,0.900906,33.83763,0.97015,4,0.043945,35.441035,44.077148,36.163903,0.909119,0.237375,0.242667,0.835,cuda
span_ch48,ami,086,right,086_right,5,4,144,bicjpeg93,37.518076,0.917451,34.016435,0.974479,4,0.037351,36.111573,44.399381,36.29573,0.91495,0.235218,0.263636,0.812,cuda
span_ch48,ami,086,up,086_up,5,4,144,bicjpeg93,36.525424,0.90269,33.355111,0.971584,4,0.04422,35.206581,43.868542,35.716316,0.914209,0.230981,0.247398,0.833,cuda
span_ch48,ami,086,zoom,086_zoom,5,4,144,bicjpeg93,36.633131,0.906937,33.707668,0.972323,4,0.048625,35.194587,43.655493,36.497209,0.921131,0.225603,0.248733,0.838,cuda
span_ch48,ami,087,back,087_back,4,4,144,bicjpeg93,36.316561,0.890356,33.383751,0.966498,4,0.044182,34.968231,43.505453,35.42983,0.897053,0.258175,0.278128,0.806,cuda
span_ch48,ami,087,down,087_down,4,4,144,bicjpeg93,36.936762,0.912657,33.866813,0.975073,4,0.043089,35.741659,44.107825,36.274254,0.92351,0.242765,0.248532,0.823,cuda
span_ch48,ami,087,front,087_front,4,4,144,bicjpeg93,37.674622,0.921249,34.294993,0.975916,4,0.040447,36.292469,44.363405,36.664836,0.924955,0.239053,0.281557,0.818,cuda
span_ch48,ami,087,left,087_left,4,4,144,bicjpeg93,37.473651,0.916822,34.310691,0.974678,4,0.038681,36.233187,44.309679,36.874018,0.927744,0.246017,0.252481,0.823,cuda
span_ch48,ami,087,right,087_right,4,4,144,bicjpeg93,37.787044,0.929994,34.473159,0.978763,4,0.035155,36.046935,44.460853,36.176133,0.917408,0.20202,0.235602,0.804,cuda
span_ch48,ami,087,up,087_up,4,4,144,bicjpeg93,36.869291,0.91348,33.80181,0.975006,4,0.042153,35.616666,43.918036,36.486309,0.917531,0.243158,0.234894,0.823,cuda
span_ch48,ami,087,zoom,087_zoom,4,4,144,bicjpeg93,38.14479,0.930942,34.596322,0.978935,4,0.037721,36.8753,44.253699,37.338487,0.931053,0.203095,0.251815,0.827,cuda
span_ch48,ami,088,back,088_back,1,4,144,bicjpeg93,36.110443,0.901306,33.375676,0.969691,4,0.045524,34.602434,43.131398,35.934128,0.917447,0.234444,0.236813,0.786,cuda
span_ch48,ami,088,down,088_down,1,4,144,bicjpeg93,37.454472,0.924501,34.052674,0.977668,4,0.036293,36.152375,44.321665,36.366043,0.926971,0.226698,0.267717,0.813,cuda
span_ch48,ami,088,front,088_front,1,4,144,bicjpeg93,37.280812,0.918373,34.011626,0.976144,4,0.037661,35.768732,44.375876,36.21413,0.918858,0.229863,0.276188,0.803,cuda
span_ch48,ami,088,left,088_left,1,4,144,bicjpeg93,38.266428,0.933842,34.795503,0.979942,4,0.034899,37.050551,44.659326,37.505882,0.937433,0.204459,0.263331,0.817,cuda
span_ch48,ami,088,right,088_right,1,4,144,bicjpeg93,37.933238,0.930172,34.369055,0.977997,4,0.03327,36.459705,44.509033,36.561502,0.918185,0.197309,0.247222,0.825,cuda
span_ch48,ami,088,up,088_up,1,4,144,bicjpeg93,37.171557,0.918853,33.982861,0.976451,4,0.03858,35.679851,44.165508,36.941515,0.929348,0.214575,0.259954,0.81,cuda
span_ch48,ami,088,zoom,088_zoom,1,4,144,bicjpeg93,37.847016,0.930906,34.274543,0.979699,4,0.03417,36.623624,44.212929,37.738141,0.931274,0.21157,0.26797,0.795,cuda
span_ch48,ami,089,back,089_back,1,4,144,bicjpeg93,37.487722,0.925097,34.234371,0.977885,4,0.036549,36.374319,44.307197,36.810116,0.929771,0.234563,0.248333,0.82,cuda
span_ch48,ami,089,down,089_down,1,4,144,bicjpeg93,36.877825,0.908905,33.898816,0.97421,4,0.039137,35.550622,43.949139,36.93463,0.924629,0.260733,0.243584,0.797,cuda
span_ch48,ami,089,front,089_front,1,4,144,bicjpeg93,36.877676,0.910596,33.814049,0.973724,4,0.039613,35.377861,43.996199,36.277179,0.916403,0.230099,0.247623,0.796,cuda
span_ch48,ami,089,left,089_left,1,4,144,bicjpeg93,36.727879,0.911422,33.965487,0.974849,4,0.042583,35.392113,44.260205,37.230535,0.928047,0.237993,0.265686,0.812,cuda
span_ch48,ami,089,right,089_right,1,4,144,bicjpeg93,37.222459,0.913832,33.814713,0.973098,4,0.042276,35.653038,43.872326,36.07685,0.907504,0.252178,0.25794,0.812,cuda
span_ch48,ami,089,up,089_up,1,4,144,bicjpeg93,37.367258,0.915837,33.990867,0.975012,4,0.03757,36.120063,44.217802,36.88889,0.92295,0.250191,0.237853,0.782,cuda
span_ch48,ami,089,zoom,089_zoom,1,4,144,bicjpeg93,37.472846,0.921553,34.281255,0.977461,4,0.039307,36.312454,44.016389,37.573916,0.939104,0.23098,0.211483,0.837,cuda
span_ch48,ami,090,back,090_back,1,4,144,bicjpeg93,35.835586,0.92125,33.005985,0.97551,4,0.042592,33.840581,43.910585,33.611822,0.918894,0.224181,0.264417,0.807,cuda
span_ch48,ami,090,down,090_down,1,4,144,bicjpeg93,36.301235,0.917176,33.460718,0.97539,4,0.041363,34.499723,43.880876,34.260558,0.910028,0.196217,0.246639,0.828,cuda
span_ch48,ami,090,front,090_front,1,4,144,bicjpeg93,36.512264,0.919227,33.626708,0.975232,4,0.039424,34.85366,43.863422,34.546181,0.914974,0.178491,0.257782,0.806,cuda
span_ch48,ami,090,left,090_left,1,4,144,bicjpeg93,35.489546,0.918003,32.912874,0.974309,4,0.044357,33.378891,43.762142,33.095921,0.912668,0.218659,0.243866,0.818,cuda
span_ch48,ami,090,right,090_right,1,4,144,bicjpeg93,36.589861,0.921103,33.598076,0.975062,4,0.041329,34.853638,44.02021,34.440078,0.909375,0.208066,0.26094,0.802,cuda
span_ch48,ami,090,up,090_up,1,4,144,bicjpeg93,36.284338,0.918499,33.398805,0.97495,4,0.04054,34.291057,44.057065,34.47067,0.91556,0.208971,0.251659,0.816,cuda
span_ch48,ami,090,zoom,090_zoom,1,4,144,bicjpeg93,36.519986,0.926319,33.470711,0.978121,4,0.039154,34.943865,43.80826,34.818497,0.921233,0.1794,0.234734,0.793,cuda
span_ch48,ami,091,back,091_back,4,4,144,bicjpeg93,34.675193,0.877335,32.197161,0.966283,4,0.05106,32.286181,43.572577,34.6737,0.892909,0.253024,0.276566,0.817,cuda
span_ch48,ami,091,down,091_down,4,4,144,bicjpeg93,34.812467,0.870763,32.386027,0.967195,4,0.060273,32.752105,43.974861,35.372106,0.913868,0.277811,0.261218,0.828,cuda
span_ch48,ami,091,front,091_front,4,4,144,bicjpeg93,34.13213,0.857362,31.896377,0.962999,4,0.072735,32.150611,43.648778,34.275954,0.886536,0.271474,0.25745,0.805,cuda
span_ch48,ami,091,left,091_left,4,4,144,bicjpeg93,35.66555,0.887387,33.228359,0.970352,4,0.054108,33.796766,44.29228,35.893764,0.912259,0.24723,0.267141,0.787,cuda
span_ch48,ami,091,right,091_right,4,4,144,bicjpeg93,36.183314,0.895777,33.351181,0.970785,4,0.047474,34.484207,43.785845,35.046844,0.899489,0.230825,0.292328,0.803,cuda
span_ch48,ami,091,up,091_up,4,4,144,bicjpeg93,34.616911,0.86675,32.271789,0.964223,4,0.053752,32.819671,43.191436,34.677879,0.891641,0.23559,0.267738,0.824,cuda
span_ch48,ami,091,zoom,091_zoom,4,4,144,bicjpeg93,35.540246,0.8851,32.957612,0.969978,4,0.055247,33.633082,43.854827,36.107682,0.914241,0.235573,0.281419,0.805,cuda
span_ch48,ami,092,back,092_back,3,4,144,bicjpeg93,34.328483,0.839471,31.566249,0.956837,4,0.063231,32.626713,43.173725,35.348893,0.895988,0.333685,0.275277,0.813,cuda
span_ch48,ami,092,down,092_down,3,4,144,bicjpeg93,34.484522,0.838262,31.812645,0.956755,4,0.056093,33.146007,43.021655,35.105563,0.890675,0.335662,0.271235,0.859,cuda
span_ch48,ami,092,front,092_front,3,4,144,bicjpeg93,34.35023,0.840981,31.691132,0.957643,4,0.052473,33.097359,43.097682,35.0338,0.889569,0.338494,0.290253,0.816,cuda
span_ch48,ami,092,left,092_left,3,4,144,bicjpeg93,35.424802,0.859287,32.789035,0.961739,4,0.049978,34.097637,44.078618,36.069398,0.899519,0.355188,0.29188,0.807,cuda
span_ch48,ami,092,right,092_right,3,4,144,bicjpeg93,34.497345,0.832973,31.694695,0.954652,4,0.054776,32.990485,43.135133,34.779314,0.871154,0.390116,0.30182,0.797,cuda
span_ch48,ami,092,up,092_up,3,4,144,bicjpeg93,34.462157,0.842529,31.760604,0.956827,4,0.056974,33.072137,43.018043,34.953678,0.883124,0.341319,0.265681,0.811,cuda
span_ch48,ami,092,zoom,092_zoom,3,4,144,bicjpeg93,35.767762,0.880967,32.657481,0.967455,4,0.046179,34.444889,43.459745,36.661093,0.915188,0.333867,0.297865,0.808,cuda
span_ch48,ami,093,back,093_back,4,4,144,bicjpeg93,34.551236,0.870866,32.003184,0.963701,4,0.053962,32.899107,43.641746,35.123459,0.905755,0.258151,0.25103,0.833,cuda
span_ch48,ami,093,down,093_down,4,4,144,bicjpeg93,35.896553,0.889518,32.987306,0.968842,4,0.042832,34.476728,43.848317,35.759904,0.910313,0.307008,0.317116,0.804,cuda
span_ch48,ami,093,front,093_front,4,4,144,bicjpeg93,35.48338,0.884546,32.656882,0.968382,4,0.045771,34.055943,43.726203,35.749388,0.909233,0.313892,0.304815,0.833,cuda
span_ch48,ami,093,left,093_left,4,4,144,bicjpeg93,36.297729,0.901028,33.326616,0.971587,4,0.042515,34.863498,44.485639,35.945328,0.909259,0.297341,0.296434,0.814,cuda
span_ch48,ami,093,right,093_right,4,4,144,bicjpeg93,35.955631,0.894061,32.858785,0.970706,4,0.048788,34.397569,43.874151,35.264211,0.902617,0.306239,0.26824,0.797,cuda
span_ch48,ami,093,up,093_up,4,4,144,bicjpeg93,34.876227,0.87671,32.105476,0.967952,4,0.047072,33.162446,43.485625,35.217435,0.90375,0.287883,0.282619,0.837,cuda
span_ch48,ami,093,zoom,093_zoom,4,4,144,bicjpeg93,35.423503,0.88851,32.493923,0.970463,4,0.044786,33.860855,43.629228,36.498569,0.913772,0.311593,0.288992,0.812,cuda
span_ch48,ami,094,back,094_back,3,4,144,bicjpeg93,34.519099,0.885379,31.833381,0.968481,4,0.05111,31.922678,43.639322,33.982743,0.89293,0.29257,0.263583,0.822,cuda
span_ch48,ami,094,down,094_down,3,4,144,bicjpeg93,37.000619,0.911837,33.82257,0.974818,4,0.038812,35.610569,44.157255,36.108566,0.921999,0.219982,0.256712,0.806,cuda
span_ch48,ami,094,front,094_front,3,4,144,bicjpeg93,37.208036,0.913823,33.750104,0.97472,4,0.03767,35.90711,44.172717,36.304149,0.914293,0.239709,0.253443,0.802,cuda
span_ch48,ami,094,left,094_left,3,4,144,bicjpeg93,36.827751,0.907833,33.692068,0.973557,4,0.041334,35.385834,44.061436,35.952434,0.910843,0.254461,0.274556,0.816,cuda
span_ch48,ami,094,right,094_right,3,4,144,bicjpeg93,36.100769,0.89605,32.864234,0.971493,4,0.045544,34.454223,44.051632,35.608046,0.907557,0.26148,0.26043,0.787,cuda
span_ch48,ami,094,up,094_up,3,4,144,bicjpeg93,36.249529,0.902807,33.196234,0.971942,4,0.044278,34.718388,43.93318,36.066649,0.909877,0.273033,0.255687,0.821,cuda
span_ch48,ami,094,zoom,094_zoom,3,4,144,bicjpeg93,36.394889,0.907727,33.174164,0.974891,4,0.0417,34.753987,43.838262,36.49461,0.916849,0.268486,0.256043,0.782,cuda
span_ch48,ami,095,back,095_back,3,4,144,bicjpeg93,36.889057,0.909064,33.855317,0.974219,4,0.039952,35.289859,44.401309,35.953469,0.91497,0.201489,0.26581,0.786,cuda
span_ch48,ami,095,down,095_down,3,4,144,bicjpeg93,36.418207,0.901285,33.716289,0.971751,4,0.043815,34.726887,44.26557,35.252071,0.910744,0.2269,0.270618,0.8,cuda
span_ch48,ami,095,front,095_front,3,4,144,bicjpeg93,36.064349,0.898351,33.38565,0.971482,4,0.043195,34.50787,43.875393,35.487393,0.90435,0.215609,0.277264,0.802,cuda
span_ch48,ami,095,left,095_left,3,4,144,bicjpeg93,36.276484,0.893378,33.642138,0.969732,4,0.04524,34.87292,43.924216,35.487218,0.904479,0.251688,0.283122,0.821,cuda
span_ch48,ami,095,right,095_right,3,4,144,bicjpeg93,36.527722,0.911267,33.386845,0.976031,4,0.037312,34.646439,44.541419,35.70274,0.912219,0.229289,0.269135,0.791,cuda
span_ch48,ami,095,up,095_up,3,4,144,bicjpeg93,35.475521,0.881074,32.926011,0.968512,4,0.045408,33.729899,44.089171,35.237863,0.897826,0.241066,0.268654,0.838,cuda
span_ch48,ami,095,zoom,095_zoom,3,4,144,bicjpeg93,36.32308,0.902014,33.532835,0.973198,4,0.041436,34.561296,43.948311,35.932297,0.914885,0.217481,0.282306,0.802,cuda
span_ch48,ami,096,back,096_back,5,4,144,bicjpeg93,34.032152,0.864136,31.317219,0.965534,4,0.050446,32.292119,43.249015,35.497056,0.893382,0.282825,0.263495,0.811,cuda
span_ch48,ami,096,down,096_down,5,4,144,bicjpeg93,34.178687,0.880518,31.464002,0.969502,4,0.048695,32.082223,43.447969,35.41849,0.903655,0.322231,0.282168,0.814,cuda
span_ch48,ami,096,front,096_front,5,4,144,bicjpeg93,33.718942,0.876474,31.059431,0.966768,4,0.054314,31.298325,43.455406,35.114153,0.887739,0.281373,0.270401,0.784,cuda
span_ch48,ami,096,left,096_left,5,4,144,bicjpeg93,35.638304,0.886117,32.750894,0.970118,4,0.042302,34.298277,43.80297,35.460372,0.8954,0.310698,0.283009,0.83,cuda
span_ch48,ami,096,right,096_right,5,4,144,bicjpeg93,35.363849,0.87943,32.198847,0.9689,4,0.048103,33.969778,43.575057,34.769365,0.88068,0.292318,0.257967,0.809,cuda
span_ch48,ami,096,up,096_up,5,4,144,bicjpeg93,33.371803,0.853352,30.753116,0.96124,4,0.056994,31.636656,42.796806,34.755478,0.87252,0.293751,0.255406,0.815,cuda
span_ch48,ami,096,zoom,096_zoom,5,4,144,bicjpeg93,34.533404,0.878194,31.539599,0.969646,4,0.054679,32.599351,43.475436,35.911428,0.899204,0.314984,0.273478,0.825,cuda
span_ch48,ami,097,back,097_back,4,4,144,bicjpeg93,36.586975,0.901674,33.540654,0.97108,4,0.03977,34.944553,44.297282,35.258008,0.901148,0.281258,0.29709,0.801,cuda
span_ch48,ami,097,down,097_down,4,4,144,bicjpeg93,36.728828,0.902569,33.783644,0.971199,4,0.042765,35.374084,44.401393,35.408513,0.897266,0.270746,0.284106,0.822,cuda
span_ch48,ami,097,front,097_front,4,4,144,bicjpeg93,36.222789,0.89781,33.478128,0.971037,4,0.047615,34.630126,43.987483,35.338148,0.898336,0.241455,0.281528,0.816,cuda
span_ch48,ami,097,left,097_left,4,4,144,bicjpeg93,36.518517,0.907721,33.875809,0.973336,4,0.046613,34.797824,44.481297,36.046357,0.915141,0.236722,0.279754,0.789,cuda
span_ch48,ami,097,right,097_right,4,4,144,bicjpeg93,36.224422,0.898974,33.287803,0.970205,4,0.044939,34.585656,43.910672,35.306349,0.896981,0.273907,0.282203,0.823,cuda
span_ch48,ami,097,up,097_up,4,4,144,bicjpeg93,36.729949,0.903664,33.923286,0.971706,4,0.041221,35.168519,44.389724,35.86634,0.903567,0.263166,0.279858,0.797,cuda
span_ch48,ami,097,zoom,097_zoom,4,4,144,bicjpeg93,36.741542,0.906829,33.733351,0.974323,4,0.038979,35.194115,44.13748,36.472598,0.92129,0.258241,0.28653,0.813,cuda
span_ch48,ami,098,back,098_back,2,4,144,bicjpeg93,36.539392,0.901482,33.386971,0.970478,4,0.043218,34.944293,44.226545,35.136284,0.886062,0.249666,0.274347,0.805,cuda
span_ch48,ami,098,down,098_down,2,4,144,bicjpeg93,37.138047,0.908185,33.879076,0.972352,4,0.040944,35.451767,44.67768,35.997723,0.912032,0.302722,0.285783,0.832,cuda
span_ch48,ami,098,front,098_front,2,4,144,bicjpeg93,36.983721,0.9089,33.749316,0.971938,4,0.043821,35.277557,44.29583,35.83158,0.907752,0.298745,0.284447,0.813,cuda
span_ch48,ami,098,left,098_left,2,4,144,bicjpeg93,38.107984,0.919761,34.863823,0.974103,4,0.037993,36.638594,45.084328,36.924674,0.913216,0.307791,0.293196,0.817,cuda
span_ch48,ami,098,right,098_right,2,4,144,bicjpeg93,37.041698,0.913374,33.622723,0.97448,4,0.041517,35.463827,44.165588,35.881294,0.902386,0.244586,0.263612,0.823,cuda
span_ch48,ami,098,up,098_up,2,4,144,bicjpeg93,35.879299,0.887031,32.912327,0.967603,4,0.046637,34.226417,43.641718,35.106487,0.890215,0.276429,0.30329,0.805,cuda
span_ch48,ami,098,zoom,098_zoom,2,4,144,bicjpeg93,37.405236,0.915108,33.880742,0.974451,4,0.040658,35.891295,44.305478,36.190051,0.914528,0.242416,0.271783,0.817,cuda
span_ch48,ami,099,back,099_back,1,4,144,bicjpeg93,36.169107,0.893003,33.209618,0.970689,4,0.04342,34.728932,43.916087,35.443041,0.897931,0.253296,0.274864,0.808,cuda
span_ch48,ami,099,down,099_down,1,4,144,bicjpeg93,36.601705,0.900407,33.685028,0.972005,4,0.040414,35.038957,44.096023,35.980156,0.909812,0.263139,0.27842,0.792,cuda
span_ch48,ami,099,front,099_front,1,4,144,bicjpeg93,35.787307,0.885806,32.932866,0.970171,4,0.044303,34.391835,43.729403,35.711445,0.903898,0.291989,0.291508,0.819,cuda
span_ch48,ami,099,left,099_left,1,4,144,bicjpeg93,36.450795,0.89846,33.66218,0.972487,4,0.04031,34.978197,44.079704,35.662864,0.896776,0.274634,0.253707,0.782,cuda
span_ch48,ami,099,right,099_right,1,4,144,bicjpeg93,36.222063,0.893735,33.097321,0.971281,4,0.043809,34.434495,44.060747,35.333231,0.899736,0.281706,0.259849,0.837,cuda
span_ch48,ami,099,up,099_up,1,4,144,bicjpeg93,35.88811,0.88413,33.116564,0.968997,4,0.043768,34.471795,43.443984,36.067368,0.907365,0.270951,0.255602,0.824,cuda
span_ch48,ami,099,zoom,099_zoom,1,4,144,bicjpeg93,36.786579,0.905663,33.650953,0.973498,4,0.039552,35.352015,44.057513,37.015603,0.916753,0.256597,0.257552,0.807,cuda
span_ch48,ami,100,back,100_back,1,4,144,bicjpeg93,35.415015,0.855221,32.312362,0.95769,4,0.047368,33.879963,43.492388,35.073274,0.875969,0.32403,0.272246,0.782,cuda
span_ch48,ami,100,down,100_down,1,4,144,bicjpeg93,34.944917,0.848069,32.343658,0.960548,4,0.053216,33.442639,43.838064,35.461203,0.891259,0.366126,0.302619,0.801,cuda
span_ch48,ami,100,front,100_front,1,4,144,bicjpeg93,35.062358,0.849951,32.296405,0.958185,4,0.049273,33.591574,43.496894,35.133598,0.875955,0.382062,0.301523,0.815,cuda
span_ch48,ami,100,left,100_left,1,4,144,bicjpeg93,35.62945,0.855296,32.921534,0.95857,4,0.045942,34.259546,44.198739,35.315937,0.875428,0.401391,0.306813,0.81,cuda
span_ch48,ami,100,right,100_right,1,4,144,bicjpeg93,34.701909,0.836526,31.929514,0.955119,4,0.05303,33.138466,43.323861,34.919512,0.868309,0.393836,0.30099,0.776,cuda
span_ch48,ami,100,up,100_up,1,4,144,bicjpeg93,34.59317,0.835534,31.919966,0.952772,4,0.048655,33.348121,43.195074,34.446275,0.849448,0.346283,0.272961,0.804,cuda
span_ch48,ami,100,zoom,100_zoom,1,4,144,bicjpeg93,34.842993,0.852897,32.039955,0.961835,4,0.051214,33.209723,43.931388,35.797016,0.887573,0.349521,0.289033,0.834,cuda
span_ch48,ami,101,back,101_back,1,4,144,bicjpeg93,36.260947,0.894381,33.125573,0.969493,4,0.04351,34.56524,44.080024,35.399645,0.90144,0.244179,0.279189,0.798,cuda
span_ch48,ami,101,down,101_down,1,4,144,bicjpeg93,36.642988,0.89996,33.656158,0.970635,4,0.04105,35.029774,44.462668,35.934297,0.913773,0.283552,0.257817,0.811,cuda
span_ch48,ami,101,front,101_front,1,4,144,bicjpeg93,37.007862,0.908183,33.910977,0.972862,4,0.039879,35.713878,44.16585,36.155227,0.914273,0.236885,0.288842,0.794,cuda
span_ch48,ami,101,left,101_left,1,4,144,bicjpeg93,36.962419,0.902959,33.954922,0.969923,4,0.042126,35.455461,44.385878,35.963059,0.905331,0.296513,0.296785,0.811,cuda
span_ch48,ami,101,right,101_right,1,4,144,bicjpeg93,36.483317,0.901436,33.4038,0.971358,4,0.042635,35.146622,43.9642,35.710936,0.905569,0.275828,0.282446,0.82,cuda
span_ch48,ami,101,up,101_up,1,4,144,bicjpeg93,36.396245,0.89607,33.409722,0.970346,4,0.040709,35.060253,43.976168,36.292278,0.911533,0.257087,0.273775,0.793,cuda
span_ch48,ami,101,zoom,101_zoom,1,4,144,bicjpeg93,37.061875,0.907456,33.764003,0.974101,4,0.039888,35.718586,44.134591,36.530565,0.918771,0.260132,0.265848,0.802,cuda
span_ch48,ami,102,back,102_back,1,4,144,bicjpeg93,35.540718,0.87438,32.539835,0.967914,4,0.046637,34.178586,43.523318,35.329273,0.901036,0.2976,0.29993,0.815,cuda
span_ch48,ami,102,down,102_down,1,4,144,bicjpeg93,34.668219,0.857517,32.172835,0.964102,4,0.053956,33.462309,43.126967,35.626472,0.907259,0.350894,0.295585,0.824,cuda
span_ch48,ami,102,front,102_front,1,4,144,bicjpeg93,35.046179,0.864763,32.474546,0.965534,4,0.051434,33.707342,43.40551,35.99759,0.906699,0.345386,0.286308,0.791,cuda
span_ch48,ami,102,left,102_left,1,4,144,bicjpeg93,35.4361,0.866855,32.635022,0.965678,4,0.047627,34.148189,43.724761,35.93043,0.900861,0.357319,0.294652,0.809,cuda
span_ch48,ami,102,right,102_right,1,4,144,bicjpeg93,34.440065,0.852533,31.879297,0.962382,4,0.054792,32.905155,43.019303,34.07574,0.873995,0.327241,0.270733,0.808,cuda
span_ch48,ami,102,up,102_up,1,4,144,bicjpeg93,33.98461,0.841112,31.597804,0.960143,4,0.05597,32.6689,42.955492,34.48191,0.879222,0.324387,0.28271,0.822,cuda
span_ch48,ami,102,zoom,102_zoom,1,4,144,bicjpeg93,35.510854,0.881128,32.689554,0.969902,4,0.045078,34.07351,43.860003,36.380208,0.908228,0.360689,0.302231,0.813,cuda
span_ch48,ami,103,back,103_back,2,4,144,bicjpeg93,36.435689,0.897721,33.248908,0.969322,4,0.044399,34.8153,43.711555,35.199142,0.892428,0.227218,0.263911,0.806,cuda
span_ch48,ami,103,down,103_down,2,4,144,bicjpeg93,37.724326,0.921996,34.16753,0.976455,4,0.03533,36.297556,44.398485,36.306934,0.922448,0.247368,0.261577,0.82,cuda
span_ch48,ami,103,front,103_front,2,4,144,bicjpeg93,36.690008,0.908475,33.523831,0.974387,4,0.042121,34.836818,44.200309,35.450661,0.904605,0.252279,0.28996,0.804,cuda
span_ch48,ami,103,left,103_left,2,4,144,bicjpeg93,38.335245,0.927676,34.76967,0.97701,4,0.035083,37.081761,44.8797,36.625464,0.917956,0.246866,0.249526,0.781,cuda
span_ch48,ami,103,right,103_right,2,4,144,bicjpeg93,37.607761,0.918629,34.098314,0.974392,4,0.03822,36.30131,44.209852,36.449567,0.913415,0.231192,0.258894,0.81,cuda
span_ch48,ami,103,up,103_up,2,4,144,bicjpeg93,36.084379,0.902738,33.128345,0.971846,4,0.045199,34.279918,44.15088,36.448288,0.912687,0.239205,0.268044,0.833,cuda
span_ch48,ami,103,zoom,103_zoom,2,4,144,bicjpeg93,37.454307,0.920311,33.80913,0.977893,4,0.038224,35.899647,44.178161,36.344189,0.913986,0.235529,0.255109,0.786,cuda
span_ch48,ami,104,back,104_back,4,4,144,bicjpeg93,34.567848,0.884391,31.853731,0.964545,4,0.047975,32.551435,43.100324,32.320422,0.874696,0.261225,0.29427,0.834,cuda
span_ch48,ami,104,down,104_down,4,4,144,bicjpeg93,35.143885,0.88695,32.310745,0.965502,4,0.050955,33.013459,44.073247,33.289607,0.893558,0.266029,0.279357,0.787,cuda
span_ch48,ami,104,front,104_front,4,4,144,bicjpeg93,35.461379,0.895033,32.670407,0.967398,4,0.048216,33.619222,43.551942,33.79947,0.895722,0.281038,0.286554,0.82,cuda
span_ch48,ami,104,left,104_left,4,4,144,bicjpeg93,35.193955,0.893,32.593912,0.966945,4,0.044735,33.361064,43.784528,33.071211,0.870601,0.24403,0.284272,0.814,cuda
span_ch48,ami,104,right,104_right,4,4,144,bicjpeg93,35.765602,0.902698,32.691435,0.969417,4,0.044098,34.220171,43.794864,33.705468,0.893147,0.223674,0.267073,0.829,cuda
span_ch48,ami,104,up,104_up,4,4,144,bicjpeg93,34.846718,0.883675,32.160071,0.964673,4,0.056183,32.847045,43.404923,34.289601,0.901383,0.277679,0.275151,0.833,cuda
span_ch48,ami,104,zoom,104_zoom,4,4,144,bicjpeg93,35.144343,0.894656,32.349152,0.9694,4,0.043915,32.947329,43.970875,34.408659,0.90841,0.265738,0.281718,0.788,cuda
span_ch48,ami,105,back,105_back,5,4,144,bicjpeg93,35.623648,0.878729,32.465537,0.966746,4,0.05181,34.076324,43.824394,34.436376,0.875732,0.268858,0.264245,0.79,cuda
span_ch48,ami,105,down,105_down,5,4,144,bicjpeg93,35.79861,0.888029,32.49263,0.970388,4,0.045848,33.981444,44.123233,34.769028,0.901363,0.305795,0.265443,0.811,cuda
span_ch48,ami,105,front,105_front,5,4,144,bicjpeg93,35.408904,0.877301,32.161968,0.967529,4,0.048467,33.704712,43.458813,35.023521,0.894507,0.294623,0.259924,0.827,cuda
span_ch48,ami,105,left,105_left,5,4,144,bicjpeg93,36.331908,0.893462,32.774951,0.970494,4,0.043321,34.712011,44.287364,35.116298,0.897577,0.29118,0.28025,0.8,cuda
span_ch48,ami,105,right,105_right,5,4,144,bicjpeg93,35.852986,0.890663,32.592523,0.969611,4,0.045094,34.519969,43.930484,35.278783,0.889066,0.2569,0.262421,0.821,cuda
span_ch48,ami,105,up,105_up,5,4,144,bicjpeg93,34.284949,0.869097,31.408638,0.965206,4,0.048491,32.80667,43.295294,34.693636,0.880404,0.277957,0.248568,0.795,cuda
span_ch48,ami,105,zoom,105_zoom,5,4,144,bicjpeg93,35.663766,0.883129,32.290495,0.970296,4,0.04756,34.073624,43.689675,35.536175,0.893341,0.276761,0.260478,0.827,cuda
span_ch48,ami,106,back,106_back,3,4,144,bicjpeg93,34.69101,0.848156,32.206017,0.957601,4,0.051229,33.099771,43.317408,35.491397,0.88672,0.342961,0.301841,0.81,cuda
span_ch48,ami,106,down,106_down,3,4,144,bicjpeg93,34.871691,0.862515,32.385607,0.964608,4,0.050104,33.55606,43.454564,36.037187,0.90909,0.357276,0.308416,0.831,cuda
span_ch48,ami,106,front,106_front,3,4,144,bicjpeg93,35.064806,0.859711,32.530776,0.962827,4,0.050207,33.717782,43.803432,35.805781,0.903269,0.352513,0.299969,0.802,cuda
span_ch48,ami,106,left,106_left,3,4,144,bicjpeg93,34.959175,0.861994,32.604711,0.963186,4,0.053169,33.509803,43.862612,36.221819,0.906948,0.331253,0.326253,0.815,cuda
span_ch48,ami,106,right,106_right,3,4,144,bicjpeg93,34.46285,0.838537,31.93727,0.954795,4,0.055844,32.906527,43.574746,35.485006,0.886501,0.33688,0.279624,0.832,cuda
span_ch48,ami,106,up,106_up,3,4,144,bicjpeg93,35.474878,0.863312,32.808413,0.962447,4,0.047586,34.292657,43.818502,36.351619,0.903768,0.362219,0.2982,0.809,cuda
span_ch48,ami,106,zoom,106_zoom,3,4,144,bicjpeg93,35.785136,0.883431,33.027448,0.968575,4,0.049102,34.582789,44.143581,36.648582,0.915309,0.311327,0.296037,0.834,cuda
