model,dataset,subject,view,key,fold,scale,tier,degrade,psnr_y,ssim_y,psnr_rgb,ms_ssim_y,ms_ssim_scales,gmsd,grad_psnr,lr_psnr_y,psnr_y_c,ssim_y_c,lpips,dists,host_ms,device
span_ch26,ami,000,back,000_back,3,4,144,bicjpeg93,33.037082,0.808453,30.590159,0.94955,4,0.067088,31.251238,42.964438,33.391598,0.864797,0.345053,0.289528,0.769,cuda
span_ch26,ami,000,down,000_down,3,4,144,bicjpeg93,32.509958,0.803963,29.952657,0.954172,4,0.062292,31.006867,42.61263,33.306305,0.87538,0.375797,0.293812,0.729,cuda
span_ch26,ami,000,front,000_front,3,4,144,bicjpeg93,32.557446,0.809197,30.031582,0.956459,4,0.059637,31.051298,42.681345,33.754833,0.892534,0.362795,0.289504,0.777,cuda
span_ch26,ami,000,left,000_left,3,4,144,bicjpeg93,33.078969,0.821593,30.718889,0.958242,4,0.061305,31.549495,43.051063,34.022876,0.889736,0.377062,0.303871,0.799,cuda
span_ch26,ami,000,right,000_right,3,4,144,bicjpeg93,32.547844,0.804054,30.034688,0.954517,4,0.063819,30.817533,42.662059,33.292318,0.874682,0.325877,0.287493,0.808,cuda
span_ch26,ami,000,up,000_up,3,4,144,bicjpeg93,32.29041,0.80091,29.894729,0.95397,4,0.065491,30.776376,42.511281,33.434084,0.8727,0.348139,0.295901,0.831,cuda
span_ch26,ami,000,zoom,000_zoom,3,4,144,bicjpeg93,34.368912,0.879351,31.316512,0.971672,4,0.049239,33.098533,42.982997,36.093953,0.915439,0.322864,0.290193,0.808,cuda
span_ch26,ami,001,back,001_back,1,4,144,bicjpeg93,35.167202,0.860249,32.613234,0.961018,4,0.056157,33.685314,43.559817,35.123297,0.888637,0.293972,0.310503,0.802,cuda
span_ch26,ami,001,down,001_down,1,4,144,bicjpeg93,36.347174,0.888514,33.480908,0.968562,4,0.044967,34.914576,44.272904,36.012401,0.910912,0.260627,0.268056,0.804,cuda
span_ch26,ami,001,front,001_front,1,4,144,bicjpeg93,36.815075,0.895379,33.860673,0.969137,4,0.045425,35.36106,44.354397,36.153617,0.907054,0.264731,0.288512,0.808,cuda
span_ch26,ami,001,left,001_left,1,4,144,bicjpeg93,37.156185,0.903447,34.483211,0.970149,4,0.039097,35.564149,44.786309,36.106693,0.913674,0.26962,0.29269,0.816,cuda
span_ch26,ami,001,right,001_right,1,4,144,bicjpeg93,36.129533,0.88692,33.198515,0.967884,4,0.048208,34.276904,44.444407,34.863999,0.887815,0.24847,0.273878,0.797,cuda
span_ch26,ami,001,up,001_up,1,4,144,bicjpeg93,35.488658,0.871623,32.867724,0.966192,4,0.046529,33.962538,43.970237,35.895584,0.900523,0.2753,0.251375,0.809,cuda
span_ch26,ami,001,zoom,001_zoom,1,4,144,bicjpeg93,36.909442,0.898443,33.834636,0.971823,4,0.041621,35.24643,44.588814,36.855236,0.916352,0.265714,0.275656,0.821,cuda
span_ch26,ami,002,back,002_back,1,4,144,bicjpeg93,34.979492,0.843288,32.197789,0.959649,4,0.049067,33.483188,43.44294,35.10335,0.883743,0.326011,0.279916,0.817,cuda
span_ch26,ami,002,down,002_down,1,4,144,bicjpeg93,35.736244,0.868773,32.669811,0.967254,4,0.0446,34.031433,44.125621,35.75994,0.90341,0.314516,0.283273,0.809,cuda
span_ch26,ami,002,front,002_front,1,4,144,bicjpeg93,35.005721,0.848356,32.192186,0.960533,4,0.050833,33.176366,43.598311,34.757215,0.875187,0.322073,0.279599,0.802,cuda
span_ch26,ami,002,left,002_left,1,4,144,bicjpeg93,35.684733,0.861415,32.805015,0.962617,4,0.045572,34.080793,44.008178,35.704105,0.890705,0.305003,0.285294,0.809,cuda
span_ch26,ami,002,right,002_right,1,4,144,bicjpeg93,35.592771,0.874081,32.48912,0.966917,4,0.043496,33.8048,43.836435,34.690732,0.879528,0.297748,0.306059,0.831,cuda
span_ch26,ami,002,up,002_up,1,4,144,bicjpeg93,35.552627,0.861808,32.539457,0.962618,4,0.045797,34.15707,43.828069,35.636079,0.888156,0.308595,0.26803,0.801,cuda
span_ch26,ami,002,zoom,002_zoom,1,4,144,bicjpeg93,35.84293,0.871122,32.757881,0.965107,4,0.048008,34.413218,43.817443,36.334732,0.898874,0.290866,0.291129,0.814,cuda
span_ch26,ami,003,back,003_back,5,4,144,bicjpeg93,35.329927,0.855798,32.351116,0.961791,4,0.051979,33.898251,43.607917,35.023172,0.876937,0.324022,0.243507,0.814,cuda
span_ch26,ami,003,down,003_down,5,4,144,bicjpeg93,35.284671,0.856711,32.399536,0.961819,4,0.050211,33.782735,43.54443,35.059369,0.882467,0.342161,0.289278,0.82,cuda
span_ch26,ami,003,front,003_front,5,4,144,bicjpeg93,34.918177,0.851603,32.147797,0.960633,4,0.05192,33.44925,43.42571,34.54148,0.870887,0.33906,0.28334,0.814,cuda
span_ch26,ami,003,left,003_left,5,4,144,bicjpeg93,35.916499,0.872726,33.034151,0.965499,4,0.044596,34.64413,44.00665,36.013556,0.899196,0.308363,0.292671,0.832,cuda
span_ch26,ami,003,right,003_right,5,4,144,bicjpeg93,35.550648,0.872485,32.312975,0.967518,4,0.047086,33.805842,43.845531,34.981319,0.877712,0.333991,0.274768,0.804,cuda
span_ch26,ami,003,up,003_up,5,4,144,bicjpeg93,34.843556,0.853571,32.131093,0.960311,4,0.052223,33.512817,43.123869,34.518226,0.869527,0.318236,0.286617,0.811,cuda
span_ch26,ami,003,zoom,003_zoom,5,4,144,bicjpeg93,35.441022,0.868769,32.488971,0.965873,4,0.049249,33.933247,43.808923,36.065192,0.896326,0.334679,0.295244,0.829,cuda
span_ch26,ami,004,back,004_back,5,4,144,bicjpeg93,35.541621,0.878251,32.669811,0.966479,4,0.055911,33.427116,43.817548,34.881997,0.889731,0.215461,0.272643,0.817,cuda
span_ch26,ami,004,down,004_down,5,4,144,bicjpeg93,34.227425,0.849844,31.84023,0.960055,4,0.05957,31.930701,43.526217,33.463498,0.878639,0.255342,0.28676,0.788,cuda
span_ch26,ami,004,front,004_front,5,4,144,bicjpeg93,34.560206,0.857637,32.077676,0.963201,4,0.056236,32.714993,43.518191,34.307012,0.884328,0.229612,0.267771,0.8,cuda
span_ch26,ami,004,left,004_left,5,4,144,bicjpeg93,35.657875,0.875249,32.932176,0.966031,4,0.050584,33.722739,44.29619,34.812983,0.883531,0.243424,0.272299,0.799,cuda
span_ch26,ami,004,right,004_right,5,4,144,bicjpeg93,35.296985,0.871305,32.645276,0.965996,4,0.046708,33.205538,43.867442,34.65353,0.889255,0.24135,0.274615,0.805,cuda
span_ch26,ami,004,up,004_up,5,4,144,bicjpeg93,34.967666,0.868796,32.456545,0.965696,4,0.04949,33.077117,43.527802,34.835959,0.894142,0.226951,0.279579,0.796,cuda
span_ch26,ami,004,zoom,004_zoom,5,4,144,bicjpeg93,35.400322,0.875207,32.65365,0.967956,4,0.048453,33.458325,44.015817,35.680699,0.903109,0.24507,0.25608,0.822,cuda
span_ch26,ami,005,back,005_back,4,4,144,bicjpeg93,33.072001,0.835866,30.380352,0.953175,4,0.064745,30.750986,43.258909,32.985881,0.868418,0.358863,0.273197,0.796,cuda
span_ch26,ami,005,down,005_down,4,4,144,bicjpeg93,34.720718,0.845679,32.338996,0.956,4,0.055994,32.938387,43.710641,35.088016,0.881973,0.361642,0.273314,0.806,cuda
span_ch26,ami,005,front,005_front,4,4,144,bicjpeg93,34.658972,0.853978,32.263064,0.956802,4,0.057483,32.795852,43.568564,34.680913,0.881718,0.358393,0.292949,0.824,cuda
span_ch26,ami,005,left,005_left,4,4,144,bicjpeg93,35.615541,0.866455,32.908933,0.963755,4,0.047136,33.986377,44.17751,35.499042,0.89212,0.376641,0.292461,0.796,cuda
span_ch26,ami,005,right,005_right,4,4,144,bicjpeg93,35.146207,0.874484,32.052074,0.964987,4,0.04706,33.472453,43.438749,35.127448,0.890324,0.337612,0.257887,0.811,cuda
span_ch26,ami,005,up,005_up,4,4,144,bicjpeg93,33.774298,0.839371,31.503216,0.954693,4,0.059833,31.842525,43.369318,33.934065,0.872812,0.323739,0.266858,0.824,cuda
span_ch26,ami,005,zoom,005_zoom,4,4,144,bicjpeg93,35.138448,0.869424,32.512101,0.962922,4,0.056428,33.548154,43.840359,37.019296,0.909086,0.324983,0.259851,0.821,cuda
span_ch26,ami,007,back,007_back,5,4,144,bicjpeg93,35.607426,0.872295,32.936602,0.962801,4,0.050425,34.075097,43.590266,35.505001,0.891244,0.24001,0.296962,0.808,cuda
span_ch26,ami,007,down,007_down,5,4,144,bicjpeg93,34.829541,0.859898,32.608565,0.962964,4,0.053598,33.218779,43.464086,35.857874,0.899241,0.32609,0.273537,0.798,cuda
span_ch26,ami,007,front,007_front,5,4,144,bicjpeg93,35.165306,0.866193,32.816305,0.963789,4,0.056807,33.3453,44.25571,35.893314,0.902353,0.285494,0.287188,0.796,cuda
span_ch26,ami,007,left,007_left,5,4,144,bicjpeg93,35.45961,0.868192,33.166938,0.962982,4,0.055725,33.539914,44.593275,36.443469,0.903342,0.312877,0.293315,0.821,cuda
span_ch26,ami,007,right,007_right,5,4,144,bicjpeg93,35.80812,0.886038,33.13084,0.969749,4,0.046036,34.052725,44.139256,35.828012,0.899707,0.27101,0.286714,0.775,cuda
span_ch26,ami,007,up,007_up,5,4,144,bicjpeg93,34.850269,0.863219,32.541953,0.963145,4,0.058729,32.999526,44.189069,35.582465,0.898264,0.282504,0.278091,0.784,cuda
span_ch26,ami,007,zoom,007_zoom,5,4,144,bicjpeg93,35.881729,0.889477,33.272491,0.972332,4,0.046851,34.141055,44.566226,36.642684,0.907683,0.310251,0.282355,0.81,cuda
span_ch26,ami,008,back,008_back,5,4,144,bicjpeg93,35.84872,0.887335,33.265434,0.969401,4,0.046793,34.231392,44.267006,35.34767,0.899428,0.249989,0.285779,0.809,cuda
span_ch26,ami,008,down,008_down,5,4,144,bicjpeg93,35.083679,0.876499,32.792472,0.968012,4,0.047428,33.386532,44.080423,35.174284,0.903701,0.287135,0.324227,0.805,cuda
span_ch26,ami,008,front,008_front,5,4,144,bicjpeg93,34.074655,0.861599,31.949821,0.964906,4,0.054605,32.470751,43.699109,34.221961,0.887752,0.271907,0.306307,0.806,cuda
span_ch26,ami,008,left,008_left,5,4,144,bicjpeg93,35.427356,0.875806,33.020042,0.967143,4,0.04779,33.769173,44.169651,35.208527,0.895797,0.287424,0.329144,0.81,cuda
span_ch26,ami,008,right,008_right,5,4,144,bicjpeg93,34.528219,0.867228,32.290579,0.966604,4,0.050523,32.745451,43.635312,34.678628,0.89493,0.248118,0.287941,0.816,cuda
span_ch26,ami,008,up,008_up,5,4,144,bicjpeg93,34.285578,0.865158,32.096211,0.964895,4,0.05661,32.553099,43.668825,34.568626,0.898363,0.262911,0.31837,0.787,cuda
span_ch26,ami,008,zoom,008_zoom,5,4,144,bicjpeg93,35.246806,0.886707,32.841417,0.971338,4,0.044095,33.616209,44.150965,36.313473,0.914285,0.253821,0.289692,0.798,cuda
span_ch26,ami,009,back,009_back,4,4,144,bicjpeg93,35.47602,0.893922,32.819218,0.971236,4,0.044334,33.83219,43.938526,36.542523,0.909179,0.258402,0.266656,0.812,cuda
span_ch26,ami,009,down,009_down,4,4,144,bicjpeg93,35.40555,0.886966,32.604325,0.971001,4,0.046236,33.822308,44.01086,36.387547,0.914957,0.290861,0.276124,0.825,cuda
span_ch26,ami,009,front,009_front,4,4,144,bicjpeg93,34.71215,0.883587,31.988825,0.97067,4,0.043847,32.740613,43.752612,36.073905,0.91234,0.284543,0.291582,0.804,cuda
span_ch26,ami,009,left,009_left,4,4,144,bicjpeg93,35.96138,0.886757,33.090523,0.968782,4,0.043854,34.601678,43.895799,36.441358,0.909108,0.335189,0.283084,0.805,cuda
span_ch26,ami,009,right,009_right,4,4,144,bicjpeg93,35.718818,0.888524,32.520978,0.971543,4,0.045832,34.17473,43.980348,35.963896,0.901382,0.317218,0.251386,0.809,cuda
span_ch26,ami,009,up,009_up,4,4,144,bicjpeg93,33.447032,0.856957,30.899364,0.963962,4,0.055549,31.571245,43.255955,34.591671,0.879695,0.295188,0.265439,0.811,cuda
span_ch26,ami,009,zoom,009_zoom,4,4,144,bicjpeg93,36.04689,0.900627,32.846352,0.974528,4,0.04028,34.392015,44.099281,36.898403,0.914648,0.292939,0.279002,0.803,cuda
span_ch26,ami,010,back,010_back,2,4,144,bicjpeg93,35.076181,0.846353,32.297088,0.958548,4,0.051166,33.557949,43.508035,35.26807,0.878585,0.339979,0.270918,0.809,cuda
span_ch26,ami,010,down,010_down,2,4,144,bicjpeg93,35.303861,0.860918,32.430803,0.964901,4,0.046517,33.857141,43.754419,35.493558,0.894579,0.357596,0.284448,0.809,cuda
span_ch26,ami,010,front,010_front,2,4,144,bicjpeg93,34.755541,0.852792,31.992964,0.963435,4,0.045716,33.219988,43.785178,35.008046,0.886746,0.366477,0.278926,0.807,cuda
span_ch26,ami,010,left,010_left,2,4,144,bicjpeg93,35.351797,0.86229,32.478564,0.964538,4,0.043335,33.846806,43.824959,35.600536,0.893132,0.349178,0.286868,0.801,cuda
span_ch26,ami,010,right,010_right,2,4,144,bicjpeg93,35.034657,0.859309,32.189199,0.963806,4,0.048485,33.369072,43.514832,35.047801,0.890962,0.378953,0.311363,0.795,cuda
span_ch26,ami,010,up,010_up,2,4,144,bicjpeg93,35.083102,0.861444,32.29248,0.964226,4,0.043069,33.392106,43.614712,35.546061,0.894854,0.360267,0.268526,0.788,cuda
span_ch26,ami,010,zoom,010_zoom,2,4,144,bicjpeg93,35.525476,0.871409,32.555106,0.966904,4,0.04708,33.964144,43.618034,35.92945,0.897207,0.348662,0.271163,0.814,cuda
span_ch26,ami,011,back,011_back,5,4,144,bicjpeg93,35.50965,0.888349,32.631924,0.970723,4,0.047222,34.093651,43.453416,35.721227,0.905884,0.316467,0.279921,0.821,cuda
span_ch26,ami,011,down,011_down,5,4,144,bicjpeg93,34.796168,0.868632,32.034904,0.967649,4,0.054252,33.177461,43.535585,35.854924,0.911574,0.32208,0.308273,0.803,cuda
span_ch26,ami,011,front,011_front,5,4,144,bicjpeg93,34.542281,0.866098,31.846623,0.967739,4,0.052768,33.130628,43.155741,35.844761,0.907625,0.333391,0.279943,0.805,cuda
span_ch26,ami,011,left,011_left,5,4,144,bicjpeg93,35.095397,0.863035,32.557514,0.966262,4,0.051653,33.720943,43.593504,36.20525,0.909569,0.325864,0.290946,0.795,cuda
span_ch26,ami,011,right,011_right,5,4,144,bicjpeg93,34.976483,0.871,32.230532,0.964982,4,0.047724,33.500698,43.184326,35.400212,0.899149,0.315753,0.302678,0.824,cuda
span_ch26,ami,011,up,011_up,5,4,144,bicjpeg93,34.666353,0.866785,31.822901,0.966972,4,0.053351,32.976829,43.23791,35.631337,0.902655,0.337673,0.276527,0.776,cuda
span_ch26,ami,011,zoom,011_zoom,5,4,144,bicjpeg93,35.615844,0.89246,32.561068,0.973046,4,0.046687,34.27484,43.629692,36.171936,0.90738,0.360268,0.285784,0.823,cuda
span_ch26,ami,012,back,012_back,3,4,144,bicjpeg93,37.69565,0.920227,34.103809,0.976349,4,0.037539,35.971783,44.869919,35.901572,0.906001,0.21871,0.246533,0.783,cuda
span_ch26,ami,012,down,012_down,3,4,144,bicjpeg93,36.708882,0.909166,33.436365,0.972462,4,0.045443,34.879179,44.195379,35.096889,0.896292,0.2224,0.274447,0.814,cuda
span_ch26,ami,012,front,012_front,3,4,144,bicjpeg93,36.52119,0.903184,33.201305,0.971679,4,0.04347,34.731369,44.316187,35.422498,0.902339,0.242809,0.272737,0.824,cuda
span_ch26,ami,012,left,012_left,3,4,144,bicjpeg93,37.023271,0.910929,33.79872,0.972393,4,0.042879,35.450307,44.548948,35.472403,0.904895,0.215488,0.242508,0.818,cuda
span_ch26,ami,012,right,012_right,3,4,144,bicjpeg93,37.110221,0.914803,33.662733,0.97453,4,0.041084,35.349884,44.717696,35.26229,0.897291,0.223102,0.267135,0.823,cuda
span_ch26,ami,012,up,012_up,3,4,144,bicjpeg93,35.967658,0.894265,32.914225,0.96905,4,0.04865,34.179117,44.139589,35.110168,0.893777,0.254158,0.259924,0.801,cuda
span_ch26,ami,012,zoom,012_zoom,3,4,144,bicjpeg93,37.105045,0.914307,33.662726,0.974452,4,0.042719,35.458006,44.54585,35.984893,0.909003,0.231049,0.260197,0.812,cuda
span_ch26,ami,013,back,013_back,1,4,144,bicjpeg93,34.420204,0.866813,31.971142,0.964531,4,0.051698,32.496932,43.609557,36.276181,0.912531,0.297232,0.274446,0.812,cuda
span_ch26,ami,013,down,013_down,1,4,144,bicjpeg93,35.71628,0.884588,33.016441,0.969434,4,0.046216,33.69675,44.439525,36.331529,0.913931,0.30497,0.253598,0.806,cuda
span_ch26,ami,013,front,013_front,1,4,144,bicjpeg93,35.653041,0.884179,32.918488,0.966725,4,0.047146,34.094482,43.597265,36.294591,0.908132,0.313555,0.270479,0.804,cuda
span_ch26,ami,013,left,013_left,1,4,144,bicjpeg93,35.933468,0.888216,33.241118,0.968509,4,0.045459,34.414342,44.032579,36.67201,0.913942,0.304529,0.25083,0.81,cuda
span_ch26,ami,013,right,013_right,1,4,144,bicjpeg93,35.858806,0.883913,33.016881,0.965715,4,0.047566,34.288911,43.639633,36.230195,0.905101,0.294787,0.248823,0.799,cuda
span_ch26,ami,013,up,013_up,1,4,144,bicjpeg93,34.961614,0.87064,32.434688,0.963703,4,0.046305,33.335616,43.662568,36.18996,0.911541,0.352346,0.275915,0.803,cuda
span_ch26,ami,013,zoom,013_zoom,1,4,144,bicjpeg93,36.320424,0.903195,33.380667,0.973494,4,0.042145,34.57034,44.683023,37.001434,0.919005,0.298418,0.250223,0.811,cuda
span_ch26,ami,014,back,014_back,5,4,144,bicjpeg93,35.085497,0.854655,32.011564,0.960856,4,0.046286,33.584886,43.312199,34.381192,0.85423,0.28276,0.291037,0.796,cuda
span_ch26,ami,014,down,014_down,5,4,144,bicjpeg93,35.531858,0.86527,32.532989,0.965304,4,0.049534,34.048619,43.765856,35.502325,0.888248,0.320657,0.279272,0.797,cuda
span_ch26,ami,014,front,014_front,5,4,144,bicjpeg93,35.615819,0.870367,32.41783,0.966449,4,0.049333,33.998451,43.740659,35.115295,0.877046,0.317706,0.297729,0.795,cuda
span_ch26,ami,014,left,014_left,5,4,144,bicjpeg93,35.599142,0.863653,32.677345,0.964901,4,0.050064,33.916856,43.911303,35.316208,0.886807,0.328899,0.306264,0.807,cuda
span_ch26,ami,014,right,014_right,5,4,144,bicjpeg93,35.748024,0.882023,32.771762,0.968705,4,0.046289,33.975987,43.884137,35.311298,0.88143,0.314488,0.277765,0.818,cuda
span_ch26,ami,014,up,014_up,5,4,144,bicjpeg93,35.132268,0.859135,32.300601,0.963267,4,0.051156,33.388418,43.75773,35.337169,0.875121,0.30583,0.288064,0.796,cuda
span_ch26,ami,014,zoom,014_zoom,5,4,144,bicjpeg93,35.334085,0.868024,32.174023,0.967323,4,0.048552,33.637991,43.835165,35.546654,0.879215,0.311623,0.275645,0.78,cuda
span_ch26,ami,018,back,018_back,1,4,144,bicjpeg93,37.069338,0.9184,33.839348,0.974315,4,0.037524,35.357505,44.791085,34.951322,0.900023,0.194256,0.278394,0.788,cuda
span_ch26,ami,018,down,018_down,1,4,144,bicjpeg93,36.40785,0.916417,33.484689,0.973805,4,0.038148,34.297747,44.705909,33.883889,0.891738,0.2249,0.299199,0.806,cuda
span_ch26,ami,018,front,018_front,1,4,144,bicjpeg93,37.007422,0.925439,33.806354,0.97763,4,0.036766,34.96378,44.986232,34.543993,0.899483,0.20309,0.294655,0.783,cuda
span_ch26,ami,018,left,018_left,1,4,144,bicjpeg93,38.170796,0.9283,34.920956,0.976536,4,0.035451,36.509256,45.11697,36.183417,0.913447,0.22698,0.299404,0.792,cuda
span_ch26,ami,018,right,018_right,1,4,144,bicjpeg93,36.993233,0.924289,33.626294,0.976761,4,0.038487,34.88268,44.841229,34.541547,0.900076,0.195655,0.289852,0.807,cuda
span_ch26,ami,018,up,018_up,1,4,144,bicjpeg93,36.809173,0.924647,33.703249,0.976209,4,0.03877,34.823737,44.710127,34.448741,0.902954,0.220908,0.301097,0.811,cuda
span_ch26,ami,018,zoom,018_zoom,1,4,144,bicjpeg93,36.585962,0.921766,33.495914,0.976455,4,0.038324,34.361371,44.495572,34.392349,0.902625,0.204341,0.305982,0.782,cuda
span_ch26,ami,019,back,019_back,4,4,144,bicjpeg93,35.355847,0.899974,32.457982,0.9687,4,0.048622,33.470677,44.062986,34.482543,0.887837,0.239279,0.296747,0.829,cuda
span_ch26,ami,019,down,019_down,4,4,144,bicjpeg93,34.669051,0.893739,32.076872,0.97218,4,0.046468,32.394747,43.683527,33.896916,0.890021,0.246397,0.291149,0.788,cuda
span_ch26,ami,019,front,019_front,4,4,144,bicjpeg93,34.393452,0.886516,31.776728,0.969957,4,0.050788,32.198612,43.187088,33.861653,0.889563,0.258256,0.287875,0.83,cuda
span_ch26,ami,019,left,019_left,4,4,144,bicjpeg93,34.763389,0.896497,32.16053,0.973022,4,0.049795,32.684029,43.70588,34.404732,0.900225,0.243632,0.288111,0.791,cuda
span_ch26,ami,019,right,019_right,4,4,144,bicjpeg93,34.56985,0.89421,31.926367,0.969569,4,0.048781,32.257402,43.535736,33.648546,0.872354,0.25561,0.282024,0.807,cuda
span_ch26,ami,019,up,019_up,4,4,144,bicjpeg93,34.721208,0.891139,32.138073,0.970169,4,0.047249,32.567563,43.532198,34.287673,0.895367,0.261879,0.293915,0.822,cuda
span_ch26,ami,019,zoom,019_zoom,4,4,144,bicjpeg93,34.532498,0.894868,31.822193,0.971758,4,0.047872,32.164574,43.132401,35.416668,0.904552,0.255386,0.280151,0.798,cuda
span_ch26,ami,020,back,020_back,1,4,144,bicjpeg93,36.401655,0.895948,33.38657,0.968103,4,0.044602,35.003594,43.46876,35.403865,0.902732,0.221133,0.243466,0.811,cuda
span_ch26,ami,020,down,020_down,1,4,144,bicjpeg93,35.699885,0.880416,33.007895,0.966312,4,0.049683,34.151569,43.756454,35.156621,0.894324,0.281308,0.273869,0.82,cuda
span_ch26,ami,020,front,020_front,1,4,144,bicjpeg93,35.931873,0.88563,33.182048,0.968974,4,0.046915,34.616494,43.476248,35.345994,0.896344,0.268476,0.251445,0.824,cuda
span_ch26,ami,020,left,020_left,1,4,144,bicjpeg93,36.462493,0.896145,33.695628,0.970491,4,0.045649,35.128505,43.682275,35.907566,0.905513,0.297074,0.293616,0.807,cuda
span_ch26,ami,020,right,020_right,1,4,144,bicjpeg93,36.302029,0.901232,33.123755,0.972685,4,0.041625,34.769711,43.862644,35.412266,0.905302,0.247955,0.231176,0.823,cuda
span_ch26,ami,020,up,020_up,1,4,144,bicjpeg93,35.785467,0.88223,32.940541,0.965813,4,0.049364,34.446364,43.475131,35.95095,0.906392,0.276236,0.26695,0.782,cuda
span_ch26,ami,020,zoom,020_zoom,1,4,144,bicjpeg93,36.358521,0.899747,33.308799,0.972032,4,0.048007,35.010745,43.656121,35.737907,0.903047,0.286063,0.269615,0.789,cuda
span_ch26,ami,021,back,021_back,2,4,144,bicjpeg93,35.408898,0.856753,32.921624,0.957907,4,0.05359,33.737832,43.717967,36.076437,0.90187,0.327622,0.281557,0.779,cuda
span_ch26,ami,021,down,021_down,2,4,144,bicjpeg93,35.33334,0.859237,33.008843,0.961076,4,0.05015,33.872206,43.499876,36.372226,0.902549,0.320845,0.283345,0.797,cuda
span_ch26,ami,021,front,021_front,2,4,144,bicjpeg93,35.96249,0.870351,33.503707,0.96199,4,0.050532,34.448415,44.179056,36.53469,0.909962,0.289047,0.28838,0.807,cuda
span_ch26,ami,021,left,021_left,2,4,144,bicjpeg93,36.495637,0.879931,33.9971,0.965065,4,0.045964,35.102406,44.546717,37.342864,0.91618,0.328685,0.282652,0.815,cuda
span_ch26,ami,021,right,021_right,2,4,144,bicjpeg93,36.19177,0.877912,33.573193,0.9643,4,0.049341,34.80308,43.781979,36.105666,0.904049,0.297409,0.277056,0.802,cuda
span_ch26,ami,021,up,021_up,2,4,144,bicjpeg93,35.504776,0.865311,33.08699,0.96206,4,0.052897,34.106814,43.804557,36.198399,0.900597,0.283068,0.283847,0.819,cuda
span_ch26,ami,021,zoom,021_zoom,2,4,144,bicjpeg93,36.793727,0.893955,34.079137,0.968757,4,0.046258,35.299107,44.426761,37.155207,0.921162,0.294262,0.302633,0.821,cuda
span_ch26,ami,022,back,022_back,2,4,144,bicjpeg93,38.723709,0.935957,35.073333,0.980178,4,0.033352,37.346506,45.373917,36.874417,0.922131,0.191899,0.259179,0.84,cuda
span_ch26,ami,022,down,022_down,2,4,144,bicjpeg93,38.142879,0.929806,34.559028,0.978695,4,0.033803,36.348646,45.247896,36.107064,0.913026,0.20092,0.266527,0.841,cuda
span_ch26,ami,022,front,022_front,2,4,144,bicjpeg93,37.795342,0.928948,34.216033,0.978219,4,0.038587,35.992511,44.818962,35.781611,0.914255,0.205268,0.261771,0.825,cuda
span_ch26,ami,022,left,022_left,2,4,144,bicjpeg93,38.800068,0.933998,35.025479,0.978171,4,0.034626,37.282453,45.510234,36.776896,0.917789,0.233482,0.270565,0.819,cuda
span_ch26,ami,022,right,022_right,2,4,144,bicjpeg93,38.160217,0.93152,34.624483,0.978882,4,0.035406,36.24884,45.141113,36.226614,0.914799,0.207592,0.254173,0.8,cuda
span_ch26,ami,022,up,022_up,2,4,144,bicjpeg93,37.522354,0.925112,34.256456,0.977206,4,0.042501,35.874466,44.761272,36.154299,0.916622,0.208013,0.268692,0.804,cuda
span_ch26,ami,022,zoom,022_zoom,2,4,144,bicjpeg93,38.053793,0.93019,34.369857,0.979443,4,0.035875,36.213353,45.01856,36.418734,0.925818,0.174811,0.241535,0.805,cuda
span_ch26,ami,023,back,023_back,5,4,144,bicjpeg93,35.106994,0.864413,32.430915,0.962906,4,0.05536,33.577899,43.413878,35.874364,0.909255,0.259442,0.243647,0.797,cuda
span_ch26,ami,023,down,023_down,5,4,144,bicjpeg93,36.256853,0.888356,33.472021,0.96998,4,0.045814,34.654559,44.322088,37.016846,0.929002,0.265296,0.276489,0.789,cuda
span_ch26,ami,023,front,023_front,5,4,144,bicjpeg93,35.977193,0.880448,33.104812,0.966753,4,0.047492,34.564072,43.815821,36.764513,0.920016,0.262147,0.269195,0.809,cuda
span_ch26,ami,023,left,023_left,5,4,144,bicjpeg93,37.579297,0.905947,34.620091,0.970952,4,0.039873,36.232209,44.58966,37.486812,0.924575,0.296954,0.26227,0.815,cuda
span_ch26,ami,023,right,023_right,5,4,144,bicjpeg93,35.692836,0.881126,32.852329,0.966612,4,0.049503,34.093926,43.478691,35.706848,0.911315,0.268711,0.256048,0.81,cuda
span_ch26,ami,023,up,023_up,5,4,144,bicjpeg93,35.5373,0.873241,32.796429,0.964712,4,0.050205,34.025785,43.745866,35.952481,0.913109,0.271824,0.268934,0.807,cuda
span_ch26,ami,023,zoom,023_zoom,5,4,144,bicjpeg93,36.786625,0.905658,33.598716,0.973713,4,0.042371,35.363426,44.164049,37.711153,0.931043,0.237199,0.275998,0.815,cuda
span_ch26,ami,024,back,024_back,3,4,144,bicjpeg93,36.919529,0.902708,33.91423,0.972793,4,0.039545,35.254465,44.293367,35.656565,0.902117,0.223491,0.264172,0.828,cuda
span_ch26,ami,024,down,024_down,3,4,144,bicjpeg93,37.054519,0.90976,33.804857,0.973225,4,0.03786,35.116183,44.336916,35.413898,0.908134,0.244382,0.261275,0.828,cuda
span_ch26,ami,024,front,024_front,3,4,144,bicjpeg93,36.615519,0.900293,33.530328,0.971764,4,0.04676,34.731302,44.609789,35.263683,0.901382,0.241655,0.26269,0.793,cuda
span_ch26,ami,024,left,024_left,3,4,144,bicjpeg93,37.02143,0.898559,33.764319,0.969513,4,0.04618,35.44019,44.494728,35.871804,0.903492,0.267439,0.271862,0.817,cuda
span_ch26,ami,024,right,024_right,3,4,144,bicjpeg93,36.90608,0.919424,33.549137,0.977017,4,0.041605,34.634481,44.67656,35.255524,0.911607,0.211712,0.26169,0.793,cuda
span_ch26,ami,024,up,024_up,3,4,144,bicjpeg93,36.062638,0.898918,33.164225,0.971878,4,0.047893,34.105763,44.415858,35.437113,0.905443,0.232991,0.282426,0.8,cuda
span_ch26,ami,024,zoom,024_zoom,3,4,144,bicjpeg93,36.820062,0.908106,33.587415,0.975601,4,0.04293,34.975102,44.397787,35.716819,0.903625,0.207647,0.249543,0.803,cuda
span_ch26,ami,025,back,025_back,2,4,144,bicjpeg93,35.143259,0.874623,32.734863,0.963794,4,0.050881,33.48776,43.258318,35.228247,0.902418,0.243011,0.280542,0.822,cuda
span_ch26,ami,025,down,025_down,2,4,144,bicjpeg93,35.441356,0.888553,32.894704,0.968671,4,0.053365,33.572696,43.543324,35.830999,0.919414,0.234644,0.246557,0.797,cuda
span_ch26,ami,025,front,025_front,2,4,144,bicjpeg93,35.369975,0.885889,32.877148,0.969508,4,0.053777,33.697095,43.311693,36.247137,0.917177,0.229564,0.251553,0.793,cuda
span_ch26,ami,025,left,025_left,2,4,144,bicjpeg93,36.063873,0.89338,33.510985,0.969612,4,0.049646,34.723126,43.716481,36.791655,0.921915,0.247353,0.281451,0.815,cuda
span_ch26,ami,025,right,025_right,2,4,144,bicjpeg93,35.977369,0.895073,33.074553,0.970787,4,0.049008,34.388429,43.554566,36.108877,0.919041,0.216364,0.248134,0.823,cuda
span_ch26,ami,025,up,025_up,2,4,144,bicjpeg93,35.157292,0.881784,32.665628,0.968467,4,0.051874,33.52884,43.352974,36.057054,0.916092,0.238136,0.263126,0.826,cuda
span_ch26,ami,025,zoom,025_zoom,2,4,144,bicjpeg93,36.635889,0.91486,33.745678,0.976509,4,0.042512,34.987023,43.69429,37.137378,0.930536,0.197342,0.265659,0.815,cuda
span_ch26,ami,026,back,026_back,1,4,144,bicjpeg93,36.442803,0.899443,33.074951,0.971832,4,0.045076,34.55129,44.177868,35.559641,0.905658,0.246579,0.257425,0.805,cuda
span_ch26,ami,026,down,026_down,1,4,144,bicjpeg93,37.495339,0.917569,33.910295,0.976247,4,0.03509,35.958582,44.360986,36.69885,0.92806,0.242801,0.255584,0.817,cuda
span_ch26,ami,026,front,026_front,1,4,144,bicjpeg93,36.726296,0.907813,33.387406,0.974021,4,0.042082,34.914972,44.218615,35.952991,0.917949,0.253543,0.270414,0.808,cuda
span_ch26,ami,026,left,026_left,1,4,144,bicjpeg93,37.95095,0.922184,34.523388,0.976949,4,0.036542,36.385507,44.779842,36.796294,0.924106,0.263281,0.279709,0.822,cuda
span_ch26,ami,026,right,026_right,1,4,144,bicjpeg93,37.115629,0.908285,33.773698,0.972601,4,0.043101,35.415151,44.325911,36.26425,0.910544,0.26877,0.267625,0.805,cuda
span_ch26,ami,026,up,026_up,1,4,144,bicjpeg93,36.649709,0.903798,33.42894,0.973779,4,0.03992,34.956247,44.314026,36.245547,0.917426,0.246274,0.265361,0.802,cuda
span_ch26,ami,026,zoom,026_zoom,1,4,144,bicjpeg93,37.441105,0.922002,33.607564,0.979322,4,0.036253,35.751389,44.515154,37.2331,0.929821,0.260887,0.254371,0.805,cuda
span_ch26,ami,027,back,027_back,3,4,144,bicjpeg93,37.118507,0.911637,34.157208,0.974575,4,0.03817,35.37383,44.17518,35.647654,0.902351,0.214698,0.269301,0.821,cuda
span_ch26,ami,027,down,027_down,3,4,144,bicjpeg93,36.390507,0.897668,33.596336,0.973723,4,0.042079,34.495262,44.30416,36.056571,0.915215,0.250978,0.285979,0.808,cuda
span_ch26,ami,027,front,027_front,3,4,144,bicjpeg93,36.589205,0.902856,33.747418,0.974845,4,0.039173,34.764791,44.09035,36.276977,0.913117,0.196228,0.266774,0.813,cuda
span_ch26,ami,027,left,027_left,3,4,144,bicjpeg93,36.263208,0.900924,33.497162,0.974202,4,0.044408,34.219317,44.15704,35.571502,0.91521,0.20748,0.284747,0.826,cuda
span_ch26,ami,027,right,027_right,3,4,144,bicjpeg93,36.170389,0.89601,33.383531,0.972859,4,0.041329,34.222197,43.90706,36.010318,0.906173,0.228385,0.265701,0.781,cuda
span_ch26,ami,027,up,027_up,3,4,144,bicjpeg93,36.177184,0.895652,33.448014,0.973586,4,0.043896,34.27056,44.180967,35.789593,0.906121,0.225621,0.27666,0.8,cuda
span_ch26,ami,027,zoom,027_zoom,3,4,144,bicjpeg93,36.382162,0.902938,33.509227,0.975943,4,0.041369,34.563742,44.054746,36.500977,0.91022,0.225554,0.268363,0.824,cuda
span_ch26,ami,028,back,028_back,2,4,144,bicjpeg93,35.712142,0.901832,32.978138,0.96813,4,0.041277,33.893843,43.848646,34.387526,0.888555,0.242626,0.298678,0.836,cuda
span_ch26,ami,028,down,028_down,2,4,144,bicjpeg93,35.087794,0.884592,32.517369,0.967815,4,0.047179,33.334898,43.609425,33.326076,0.878159,0.240341,0.301065,0.817,cuda
span_ch26,ami,028,front,028_front,2,4,144,bicjpeg93,35.261846,0.883884,32.692673,0.966805,4,0.048615,33.515939,43.83223,33.610797,0.87547,0.255106,0.26124,0.814,cuda
span_ch26,ami,028,left,028_left,2,4,144,bicjpeg93,35.48979,0.893983,32.8073,0.969707,4,0.043503,33.446671,44.127738,33.547987,0.879814,0.268861,0.295352,0.813,cuda
span_ch26,ami,028,right,028_right,2,4,144,bicjpeg93,34.740442,0.868748,32.161622,0.961023,4,0.047578,32.726213,43.58212,33.504414,0.868039,0.27204,0.259913,0.783,cuda
span_ch26,ami,028,up,028_up,2,4,144,bicjpeg93,35.01323,0.877422,32.452382,0.963594,4,0.050295,33.315127,43.49538,34.696563,0.875895,0.248304,0.264278,0.785,cuda
span_ch26,ami,028,zoom,028_zoom,2,4,144,bicjpeg93,35.622697,0.892801,32.902298,0.969667,4,0.043535,33.902628,43.826198,34.248469,0.883318,0.255829,0.28595,0.797,cuda
span_ch26,ami,029,back,029_back,5,4,144,bicjpeg93,35.252923,0.855981,32.281817,0.958628,4,0.047521,33.970271,43.366177,35.604231,0.888238,0.275646,0.271763,0.823,cuda
span_ch26,ami,029,down,029_down,5,4,144,bicjpeg93,35.178727,0.865039,32.405762,0.962591,4,0.050194,33.452462,43.894351,35.079865,0.894254,0.302014,0.302608,0.813,cuda
span_ch26,ami,029,front,029_front,5,4,144,bicjpeg93,35.110538,0.861513,32.281458,0.961522,4,0.051173,33.539425,43.621734,35.585978,0.896735,0.302567,0.290816,0.814,cuda
span_ch26,ami,029,left,029_left,5,4,144,bicjpeg93,35.689145,0.868216,32.803618,0.964105,4,0.047763,34.111046,44.025203,35.67161,0.894184,0.324119,0.293236,0.811,cuda
span_ch26,ami,029,right,029_right,5,4,144,bicjpeg93,35.632133,0.869454,32.575375,0.963676,4,0.045679,34.01507,43.788813,35.471458,0.894558,0.334321,0.306539,0.808,cuda
span_ch26,ami,029,up,029_up,5,4,144,bicjpeg93,34.744478,0.85158,32.09497,0.959119,4,0.053233,33.086405,43.506159,35.287852,0.882259,0.310977,0.279244,0.793,cuda
span_ch26,ami,029,zoom,029_zoom,5,4,144,bicjpeg93,35.656141,0.875486,32.646233,0.96582,4,0.048345,34.182516,43.503849,36.05753,0.899558,0.295958,0.299679,0.809,cuda
span_ch26,ami,030,back,030_back,1,4,144,bicjpeg93,36.058736,0.888819,32.878652,0.970694,4,0.044986,34.636833,43.564177,35.403786,0.90287,0.242844,0.254515,0.81,cuda
span_ch26,ami,030,down,030_down,1,4,144,bicjpeg93,36.183782,0.88683,33.219878,0.969477,4,0.044465,34.596715,43.980096,35.555995,0.906838,0.267981,0.273648,0.819,cuda
span_ch26,ami,030,front,030_front,1,4,144,bicjpeg93,35.985232,0.886242,33.16221,0.969677,4,0.044524,34.24919,43.891666,35.299879,0.893129,0.274097,0.285466,0.812,cuda
span_ch26,ami,030,left,030_left,1,4,144,bicjpeg93,36.538327,0.89083,33.558709,0.971316,4,0.044209,35.013522,44.279648,36.243932,0.905356,0.261606,0.27627,0.798,cuda
span_ch26,ami,030,right,030_right,1,4,144,bicjpeg93,35.883871,0.889842,32.91212,0.970957,4,0.046396,34.107146,44.071482,35.164619,0.889785,0.263707,0.261338,0.819,cuda
span_ch26,ami,030,up,030_up,1,4,144,bicjpeg93,34.91182,0.86675,32.20682,0.963964,4,0.049603,33.176026,43.425946,35.238377,0.886328,0.275875,0.280474,0.814,cuda
span_ch26,ami,030,zoom,030_zoom,1,4,144,bicjpeg93,36.1,0.892429,33.053918,0.973189,4,0.046625,34.414503,44.19631,35.8886,0.898755,0.300431,0.281095,0.84,cuda
span_ch26,ami,031,back,031_back,5,4,144,bicjpeg93,35.844418,0.889422,32.678159,0.969008,4,0.047198,34.052493,43.978061,34.776672,0.883977,0.24408,0.263811,0.816,cuda
span_ch26,ami,031,down,031_down,5,4,144,bicjpeg93,35.586524,0.891568,32.588109,0.972026,4,0.044536,34.040919,43.451173,34.586045,0.882847,0.282783,0.279514,0.792,cuda
span_ch26,ami,031,front,031_front,5,4,144,bicjpeg93,35.386211,0.888637,32.404471,0.971067,4,0.047199,33.56577,43.699911,34.426953,0.878553,0.269078,0.272789,0.82,cuda
span_ch26,ami,031,left,031_left,5,4,144,bicjpeg93,35.821541,0.89609,32.716495,0.973687,4,0.043592,34.22659,43.971643,34.765384,0.88718,0.278514,0.296921,0.818,cuda
span_ch26,ami,031,right,031_right,5,4,144,bicjpeg93,35.912049,0.88956,32.654565,0.970603,4,0.045548,34.160948,43.849687,35.327206,0.889796,0.294276,0.309583,0.795,cuda
span_ch26,ami,031,up,031_up,5,4,144,bicjpeg93,35.614888,0.889452,32.61254,0.970415,4,0.044845,33.976305,43.645495,34.707755,0.881675,0.308172,0.274154,0.792,cuda
span_ch26,ami,031,zoom,031_zoom,5,4,144,bicjpeg93,35.82345,0.891413,32.763033,0.971604,4,0.042301,34.285012,43.64854,34.828197,0.879878,0.326476,0.282293,0.826,cuda
span_ch26,ami,032,back,032_back,3,4,144,bicjpeg93,37.074266,0.920686,33.449565,0.975891,4,0.040508,35.071807,44.390791,34.947394,0.905792,0.186692,0.257035,0.827,cuda
span_ch26,ami,032,down,032_down,3,4,144,bicjpeg93,36.946491,0.921109,33.485233,0.976041,4,0.041661,34.873764,44.788373,34.59012,0.894828,0.198709,0.259855,0.807,cuda
span_ch26,ami,032,front,032_front,3,4,144,bicjpeg93,36.755597,0.922251,33.242015,0.976433,4,0.044044,34.493342,44.615991,34.546941,0.903492,0.182892,0.259598,0.83,cuda
span_ch26,ami,032,left,032_left,3,4,144,bicjpeg93,36.521274,0.920464,33.171195,0.975693,4,0.043406,34.322343,44.334857,34.198818,0.902111,0.187306,0.28855,0.785,cuda
span_ch26,ami,032,right,032_right,3,4,144,bicjpeg93,36.963754,0.924414,33.401449,0.976822,4,0.042079,35.003644,44.564198,34.695116,0.899799,0.199408,0.264339,0.796,cuda
span_ch26,ami,032,up,032_up,3,4,144,bicjpeg93,36.684178,0.916751,33.269365,0.974351,4,0.046072,34.729585,44.05202,34.953283,0.900359,0.202875,0.262938,0.828,cuda
span_ch26,ami,032,zoom,032_zoom,3,4,144,bicjpeg93,37.078825,0.927641,33.442794,0.978434,4,0.036397,34.994761,44.403325,35.206188,0.912293,0.173276,0.253828,0.813,cuda
span_ch26,ami,033,back,033_back,3,4,144,bicjpeg93,37.696591,0.914948,34.561121,0.974406,4,0.040852,36.151735,44.826632,36.2223,0.90111,0.2335,0.241265,0.802,cuda
span_ch26,ami,033,down,033_down,3,4,144,bicjpeg93,37.479992,0.918951,34.272722,0.976402,4,0.036914,35.922389,44.415157,36.470569,0.917973,0.236778,0.26524,0.792,cuda
span_ch26,ami,033,front,033_front,3,4,144,bicjpeg93,37.139727,0.907485,34.012326,0.973822,4,0.038408,35.786541,44.301482,36.258994,0.908055,0.264199,0.265361,0.825,cuda
span_ch26,ami,033,left,033_left,3,4,144,bicjpeg93,38.480512,0.927395,35.075469,0.977156,4,0.040047,37.158016,45.288207,37.367602,0.923297,0.213327,0.286483,0.799,cuda
span_ch26,ami,033,right,033_right,3,4,144,bicjpeg93,37.108162,0.909446,33.85651,0.973484,4,0.037814,35.609227,44.395056,35.579858,0.891423,0.226921,0.263415,0.83,cuda
span_ch26,ami,033,up,033_up,3,4,144,bicjpeg93,37.468663,0.912536,34.305451,0.973892,4,0.036914,36.093246,44.576394,36.468412,0.905915,0.233588,0.263217,0.796,cuda
span_ch26,ami,033,zoom,033_zoom,3,4,144,bicjpeg93,37.606074,0.91531,34.292299,0.975113,4,0.034181,36.16497,44.590436,36.781639,0.908033,0.248774,0.262297,0.795,cuda
span_ch26,ami,034,back,034_back,4,4,144,bicjpeg93,34.068635,0.854463,31.795746,0.962338,4,0.059084,32.243722,43.316242,35.431713,0.903824,0.246465,0.258297,0.792,cuda
span_ch26,ami,034,down,034_down,4,4,144,bicjpeg93,34.312302,0.866024,32.116649,0.965903,4,0.058998,32.895564,43.441233,35.9622,0.917245,0.283674,0.280607,0.794,cuda
span_ch26,ami,034,front,034_front,4,4,144,bicjpeg93,34.315886,0.861956,32.071408,0.963391,4,0.060805,32.855866,43.420169,35.973947,0.914513,0.268024,0.266898,0.796,cuda
span_ch26,ami,034,left,034_left,4,4,144,bicjpeg93,34.403634,0.862355,32.223964,0.964523,4,0.05917,32.908172,43.580817,36.035527,0.916567,0.262904,0.284549,0.805,cuda
span_ch26,ami,034,right,034_right,4,4,144,bicjpeg93,34.325278,0.859411,31.999074,0.961953,4,0.058288,32.640846,43.28349,35.438859,0.907448,0.251345,0.26172,0.786,cuda
span_ch26,ami,034,up,034_up,4,4,144,bicjpeg93,33.63942,0.85199,31.484021,0.961841,4,0.061435,32.198103,42.951909,35.896232,0.910021,0.245848,0.25843,0.794,cuda
span_ch26,ami,034,zoom,034_zoom,4,4,144,bicjpeg93,35.411695,0.890036,32.962889,0.971135,4,0.057371,34.06869,43.31441,37.33107,0.926077,0.256759,0.279962,0.802,cuda
span_ch26,ami,035,back,035_back,5,4,144,bicjpeg93,38.13168,0.922566,34.485031,0.97668,4,0.035375,36.706312,44.856709,36.947467,0.923319,0.203915,0.263935,0.804,cuda
span_ch26,ami,035,down,035_down,5,4,144,bicjpeg93,37.758669,0.918939,34.401945,0.976663,4,0.033736,36.137596,44.954939,36.817712,0.922952,0.242669,0.297933,0.805,cuda
span_ch26,ami,035,front,035_front,5,4,144,bicjpeg93,37.927298,0.920565,34.513044,0.976747,4,0.033663,36.316416,44.812027,36.866772,0.92721,0.236891,0.274181,0.78,cuda
span_ch26,ami,035,left,035_left,5,4,144,bicjpeg93,38.404726,0.926994,34.767985,0.978078,4,0.031806,36.976294,45.098472,37.13948,0.92317,0.254199,0.285535,0.794,cuda
span_ch26,ami,035,right,035_right,5,4,144,bicjpeg93,37.813888,0.918463,34.341436,0.976023,4,0.035439,36.324343,44.725423,36.605928,0.919341,0.234758,0.25694,0.804,cuda
span_ch26,ami,035,up,035_up,5,4,144,bicjpeg93,37.496078,0.916324,34.165784,0.976404,4,0.036607,35.687199,44.854544,36.421073,0.920324,0.254003,0.277865,0.793,cuda
span_ch26,ami,035,zoom,035_zoom,5,4,144,bicjpeg93,37.987326,0.92337,34.493264,0.978498,4,0.033834,36.526997,44.908153,37.364977,0.929046,0.247329,0.276913,0.786,cuda
span_ch26,ami,036,back,036_back,2,4,144,bicjpeg93,36.060187,0.884513,33.530433,0.965598,4,0.048687,34.469881,43.63229,35.627744,0.905845,0.242309,0.281747,0.798,cuda
span_ch26,ami,036,down,036_down,2,4,144,bicjpeg93,36.207617,0.891469,34.001542,0.968133,4,0.046224,34.577526,44.016336,36.60419,0.919953,0.280929,0.282311,0.787,cuda
span_ch26,ami,036,front,036_front,2,4,144,bicjpeg93,36.198341,0.888922,33.967266,0.966065,4,0.047001,34.826493,43.839665,36.742055,0.919665,0.244114,0.291609,0.791,cuda
span_ch26,ami,036,left,036_left,2,4,144,bicjpeg93,36.982971,0.899229,34.674084,0.97014,4,0.046953,35.483345,44.717673,37.558612,0.924848,0.268395,0.269155,0.785,cuda
span_ch26,ami,036,right,036_right,2,4,144,bicjpeg93,37.098044,0.908922,34.385084,0.974242,4,0.037859,35.559277,44.747955,36.504174,0.922766,0.263197,0.278378,0.821,cuda
span_ch26,ami,036,up,036_up,2,4,144,bicjpeg93,35.419649,0.871117,33.300162,0.961522,4,0.049796,33.678046,43.417196,36.03175,0.905771,0.254151,0.275718,0.812,cuda
span_ch26,ami,036,zoom,036_zoom,2,4,144,bicjpeg93,37.049524,0.909604,34.627618,0.97221,4,0.046764,35.538025,44.205774,37.25767,0.928218,0.247656,0.272912,0.822,cuda
span_ch26,ami,037,back,037_back,2,4,144,bicjpeg93,35.899183,0.868065,33.402346,0.964752,4,0.042562,33.972353,44.565973,35.77705,0.907101,0.34526,0.254391,0.82,cuda
span_ch26,ami,037,down,037_down,2,4,144,bicjpeg93,36.495422,0.883394,33.8321,0.967547,4,0.041194,34.814115,44.494467,36.618716,0.926792,0.321551,0.26033,0.784,cuda
span_ch26,ami,037,front,037_front,2,4,144,bicjpeg93,36.419612,0.884416,33.863295,0.968843,4,0.040152,34.666757,44.662726,36.187647,0.921855,0.336312,0.273622,0.811,cuda
span_ch26,ami,037,left,037_left,2,4,144,bicjpeg93,36.519465,0.882879,34.180219,0.968414,4,0.04012,34.908852,44.662283,36.925188,0.92601,0.356536,0.271797,0.8,cuda
span_ch26,ami,037,right,037_right,2,4,144,bicjpeg93,36.707907,0.891984,34.067641,0.969921,4,0.039344,35.110248,44.440793,36.449844,0.922552,0.314478,0.259845,0.813,cuda
span_ch26,ami,037,up,037_up,2,4,144,bicjpeg93,36.382032,0.880333,33.854503,0.967602,4,0.038805,34.726208,44.549339,36.645138,0.924272,0.316429,0.260283,0.791,cuda
span_ch26,ami,037,zoom,037_zoom,2,4,144,bicjpeg93,37.274945,0.908696,34.393972,0.975837,4,0.036146,35.389181,44.88876,37.633374,0.939855,0.255103,0.273453,0.793,cuda
span_ch26,ami,038,back,038_back,2,4,144,bicjpeg93,35.950534,0.885554,33.206905,0.966375,4,0.052502,34.301265,44.003333,35.406401,0.897599,0.225078,0.255056,0.814,cuda
span_ch26,ami,038,down,038_down,2,4,144,bicjpeg93,34.889682,0.863174,32.541944,0.963552,4,0.052812,33.384537,43.138833,35.712932,0.907595,0.269618,0.273623,0.816,cuda
span_ch26,ami,038,front,038_front,2,4,144,bicjpeg93,35.154236,0.866722,32.779396,0.964281,4,0.049088,33.752986,43.398254,35.717826,0.907249,0.250668,0.247433,0.825,cuda
span_ch26,ami,038,left,038_left,2,4,144,bicjpeg93,35.905778,0.877841,33.516809,0.966101,4,0.04966,34.256703,44.012127,36.685372,0.913716,0.291856,0.310781,0.798,cuda
span_ch26,ami,038,right,038_right,2,4,144,bicjpeg93,35.968557,0.887678,33.232799,0.968735,4,0.048104,34.154534,44.301209,35.438139,0.903394,0.253371,0.260625,0.803,cuda
span_ch26,ami,038,up,038_up,2,4,144,bicjpeg93,35.085587,0.865302,32.704701,0.963438,4,0.050664,33.499968,43.593412,35.536382,0.902173,0.258225,0.288651,0.823,cuda
span_ch26,ami,038,zoom,038_zoom,2,4,144,bicjpeg93,36.090574,0.886958,33.476364,0.9698,4,0.045275,34.71033,43.80345,37.009513,0.925256,0.25958,0.297451,0.792,cuda
span_ch26,ami,039,back,039_back,2,4,144,bicjpeg93,36.940554,0.914017,33.895583,0.973958,4,0.04123,35.502768,43.758224,35.509608,0.912187,0.207606,0.249485,0.809,cuda
span_ch26,ami,039,down,039_down,2,4,144,bicjpeg93,36.72737,0.908434,33.718009,0.973037,4,0.046748,35.090473,44.167533,36.262011,0.915669,0.21799,0.27901,0.783,cuda
span_ch26,ami,039,front,039_front,2,4,144,bicjpeg93,37.390218,0.916194,34.075015,0.975926,4,0.036819,35.843933,44.47905,36.403703,0.92404,0.218772,0.255619,0.835,cuda
span_ch26,ami,039,left,039_left,2,4,144,bicjpeg93,37.705162,0.920387,34.64592,0.97656,4,0.038589,36.093584,44.960289,37.369643,0.924613,0.218455,0.240297,0.808,cuda
span_ch26,ami,039,right,039_right,2,4,144,bicjpeg93,37.291697,0.919866,34.059751,0.97685,4,0.036657,35.607031,44.3413,35.923979,0.916251,0.217038,0.275972,0.822,cuda
span_ch26,ami,039,up,039_up,2,4,144,bicjpeg93,37.247919,0.914258,33.930617,0.974988,4,0.038378,35.858322,44.332368,36.038482,0.912078,0.212114,0.260237,0.798,cuda
span_ch26,ami,039,zoom,039_zoom,2,4,144,bicjpeg93,37.847775,0.926121,34.381108,0.97932,4,0.036526,36.329099,44.572108,37.020816,0.927658,0.197674,0.24837,0.808,cuda
span_ch26,ami,040,back,040_back,4,4,144,bicjpeg93,36.648173,0.902584,33.370178,0.970034,4,0.042374,35.198667,43.9099,35.64857,0.893567,0.264973,0.269145,0.811,cuda
span_ch26,ami,040,down,040_down,4,4,144,bicjpeg93,36.118712,0.90016,33.081427,0.972022,4,0.043646,34.479303,44.236307,35.142034,0.90059,0.276074,0.265912,0.81,cuda
span_ch26,ami,040,front,040_front,4,4,144,bicjpeg93,36.584744,0.907207,33.393935,0.972765,4,0.04149,35.238488,43.892212,35.65644,0.906735,0.25557,0.264638,0.775,cuda
span_ch26,ami,040,left,040_left,4,4,144,bicjpeg93,37.176872,0.913586,33.929579,0.975096,4,0.03865,35.883482,44.262108,36.463785,0.913034,0.265384,0.278947,0.801,cuda
span_ch26,ami,040,right,040_right,4,4,144,bicjpeg93,36.698023,0.912775,33.3994,0.97547,4,0.038185,35.293988,43.809351,35.452614,0.909291,0.249091,0.261889,0.792,cuda
span_ch26,ami,040,up,040_up,4,4,144,bicjpeg93,36.451004,0.905601,33.348297,0.973307,4,0.040875,35.070709,43.875006,35.27811,0.900349,0.275754,0.262402,0.809,cuda
span_ch26,ami,040,zoom,040_zoom,4,4,144,bicjpeg93,36.680108,0.910909,33.364353,0.974156,4,0.043841,35.308635,43.686857,36.208298,0.915235,0.269091,0.257634,0.817,cuda
span_ch26,ami,041,back,041_back,5,4,144,bicjpeg93,36.206502,0.891642,33.455081,0.970534,4,0.042735,34.821848,43.668492,36.032472,0.913623,0.245183,0.257827,0.801,cuda
span_ch26,ami,041,down,041_down,5,4,144,bicjpeg93,36.836396,0.902702,34.131788,0.973076,4,0.039879,35.374238,44.513702,37.030787,0.929984,0.286263,0.271177,0.807,cuda
span_ch26,ami,041,front,041_front,5,4,144,bicjpeg93,36.374667,0.896792,33.660894,0.971391,4,0.0433,35.091888,43.941986,36.807177,0.926811,0.282363,0.276502,0.792,cuda
span_ch26,ami,041,left,041_left,5,4,144,bicjpeg93,38.090369,0.916722,35.01749,0.974478,4,0.035357,36.942613,44.903837,38.314838,0.935651,0.286412,0.275433,0.79,cuda
span_ch26,ami,041,right,041_right,5,4,144,bicjpeg93,36.589811,0.900999,33.538803,0.972179,4,0.042817,35.180816,43.894063,36.124459,0.912614,0.264999,0.244492,0.794,cuda
span_ch26,ami,041,up,041_up,5,4,144,bicjpeg93,36.224676,0.894321,33.412822,0.971211,4,0.045176,34.771323,43.781787,36.354917,0.916497,0.274652,0.262955,0.829,cuda
span_ch26,ami,041,zoom,041_zoom,5,4,144,bicjpeg93,37.236413,0.914852,34.121496,0.976774,4,0.039284,35.868174,44.39667,37.990173,0.936035,0.248568,0.269667,0.806,cuda
span_ch26,ami,042,back,042_back,4,4,144,bicjpeg93,34.962917,0.870234,32.437758,0.964714,4,0.051204,33.322582,43.268713,35.297809,0.907533,0.224619,0.251501,0.805,cuda
span_ch26,ami,042,down,042_down,4,4,144,bicjpeg93,35.0904,0.872383,32.733115,0.965675,4,0.056274,33.540883,43.492012,35.671711,0.910596,0.260108,0.261528,0.798,cuda
span_ch26,ami,042,front,042_front,4,4,144,bicjpeg93,34.346061,0.850561,32.098662,0.961744,4,0.060711,32.661238,43.512767,36.031387,0.916774,0.241922,0.261897,0.788,cuda
span_ch26,ami,042,left,042_left,4,4,144,bicjpeg93,35.755862,0.879522,33.505286,0.967457,4,0.052614,33.954999,44.374215,36.575196,0.919685,0.250674,0.278076,0.782,cuda
span_ch26,ami,042,right,042_right,4,4,144,bicjpeg93,34.86257,0.861294,32.371128,0.961944,4,0.051662,33.346828,43.031655,35.422554,0.909957,0.236496,0.236213,0.809,cuda
span_ch26,ami,042,up,042_up,4,4,144,bicjpeg93,33.976602,0.843542,31.782909,0.959429,4,0.06735,32.417488,43.439725,34.936178,0.898397,0.251826,0.259045,0.816,cuda
span_ch26,ami,042,zoom,042_zoom,4,4,144,bicjpeg93,35.270894,0.884466,32.812733,0.970022,4,0.054679,33.87907,43.538359,36.54522,0.926366,0.218297,0.267626,0.808,cuda
span_ch26,ami,043,back,043_back,4,4,144,bicjpeg93,36.441781,0.907746,33.513424,0.975569,4,0.044265,35.045517,43.877598,36.333977,0.926439,0.209445,0.237369,0.821,cuda
span_ch26,ami,043,down,043_down,4,4,144,bicjpeg93,35.473668,0.878807,32.985083,0.968629,4,0.047282,34.024817,43.482572,36.52115,0.927598,0.298652,0.257183,0.82,cuda
span_ch26,ami,043,front,043_front,4,4,144,bicjpeg93,36.035875,0.892517,33.325915,0.971261,4,0.042297,34.793895,43.739711,36.1616,0.918107,0.262945,0.246778,0.781,cuda
span_ch26,ami,043,left,043_left,4,4,144,bicjpeg93,36.584056,0.898431,33.897279,0.972513,4,0.043559,35.293197,44.173347,36.472844,0.922098,0.245131,0.240896,0.779,cuda
span_ch26,ami,043,right,043_right,4,4,144,bicjpeg93,36.606767,0.908537,33.4997,0.975087,4,0.040634,35.087918,43.997466,35.989671,0.915118,0.227789,0.26662,0.799,cuda
span_ch26,ami,043,up,043_up,4,4,144,bicjpeg93,35.55242,0.88128,32.954732,0.969373,4,0.046143,34.155292,43.464663,35.42807,0.900822,0.261315,0.250844,0.807,cuda
span_ch26,ami,043,zoom,043_zoom,4,4,144,bicjpeg93,36.596875,0.903805,33.727884,0.974971,4,0.04253,35.226265,43.885569,37.171296,0.928578,0.235216,0.236683,0.798,cuda
span_ch26,ami,044,back,044_back,5,4,144,bicjpeg93,36.837403,0.906108,33.834008,0.971666,4,0.042538,35.105334,43.899375,35.648312,0.912825,0.235801,0.248102,0.814,cuda
span_ch26,ami,044,down,044_down,5,4,144,bicjpeg93,36.692497,0.907861,33.765346,0.973768,4,0.039232,34.872551,44.652193,35.70287,0.917821,0.252684,0.259189,0.804,cuda
span_ch26,ami,044,front,044_front,5,4,144,bicjpeg93,36.814935,0.913309,33.874058,0.975347,4,0.041801,34.990089,44.309403,35.414919,0.914808,0.238495,0.274838,0.832,cuda
span_ch26,ami,044,left,044_left,5,4,144,bicjpeg93,37.163287,0.914859,34.175239,0.975326,4,0.037243,35.599484,44.801583,36.543744,0.929317,0.258221,0.274271,0.799,cuda
span_ch26,ami,044,right,044_right,5,4,144,bicjpeg93,37.35575,0.915799,34.063041,0.975498,4,0.037116,35.660594,44.489839,35.761497,0.914142,0.232314,0.269135,0.814,cuda
span_ch26,ami,044,up,044_up,5,4,144,bicjpeg93,36.795536,0.910916,33.865873,0.975111,4,0.040175,35.126034,44.368529,35.001634,0.900678,0.217377,0.261887,0.805,cuda
span_ch26,ami,044,zoom,044_zoom,5,4,144,bicjpeg93,36.946097,0.914764,34.040873,0.976241,4,0.039708,35.319314,44.112571,36.510072,0.928485,0.215405,0.26342,0.794,cuda
span_ch26,ami,045,back,045_back,2,4,144,bicjpeg93,35.727243,0.892547,33.153384,0.969698,4,0.048429,33.987589,43.81515,36.348411,0.92014,0.250676,0.262193,0.781,cuda
span_ch26,ami,045,down,045_down,2,4,144,bicjpeg93,36.789344,0.906607,34.028303,0.97441,4,0.04331,35.283209,44.686454,37.868142,0.936724,0.260764,0.28699,0.782,cuda
span_ch26,ami,045,front,045_front,2,4,144,bicjpeg93,36.52295,0.906703,33.744626,0.973999,4,0.050061,35.02061,44.281817,37.097436,0.92613,0.265353,0.249542,0.786,cuda
span_ch26,ami,045,left,045_left,2,4,144,bicjpeg93,37.994227,0.916325,35.010728,0.975299,4,0.040041,36.631647,45.231042,38.752297,0.935901,0.263265,0.268485,0.798,cuda
span_ch26,ami,045,right,045_right,2,4,144,bicjpeg93,36.713908,0.908825,33.647019,0.973979,4,0.047747,34.971187,44.247844,36.636307,0.921789,0.238783,0.271071,0.807,cuda
span_ch26,ami,045,up,045_up,2,4,144,bicjpeg93,36.521654,0.910845,33.833326,0.974112,4,0.047811,34.972843,44.009862,37.240027,0.934146,0.224466,0.26554,0.793,cuda
span_ch26,ami,045,zoom,045_zoom,2,4,144,bicjpeg93,38.336407,0.934159,34.907023,0.980224,4,0.037966,36.866185,45.049162,38.520754,0.944883,0.205579,0.249916,0.797,cuda
span_ch26,ami,046,back,046_back,5,4,144,bicjpeg93,36.739701,0.917884,33.394461,0.976157,4,0.038401,35.212986,43.672304,36.761453,0.922031,0.230651,0.259552,0.827,cuda
span_ch26,ami,046,down,046_down,5,4,144,bicjpeg93,37.864409,0.927201,34.469467,0.978326,4,0.037055,36.274392,44.905373,36.960224,0.931105,0.24832,0.26111,0.825,cuda
span_ch26,ami,046,front,046_front,5,4,144,bicjpeg93,37.484235,0.922614,34.092971,0.977485,4,0.034254,35.798531,44.683066,36.176747,0.918427,0.226601,0.254995,0.783,cuda
span_ch26,ami,046,left,046_left,5,4,144,bicjpeg93,38.740767,0.934776,35.284835,0.979597,4,0.032604,37.469042,45.161176,37.78343,0.932019,0.227293,0.262188,0.798,cuda
span_ch26,ami,046,right,046_right,5,4,144,bicjpeg93,36.992139,0.920356,33.590016,0.976581,4,0.044603,35.096888,44.362115,35.748648,0.910574,0.223683,0.26261,0.829,cuda
span_ch26,ami,046,up,046_up,5,4,144,bicjpeg93,36.340345,0.904994,33.084566,0.974522,4,0.041093,34.775624,43.914695,35.857132,0.912192,0.249818,0.255993,0.816,cuda
span_ch26,ami,046,zoom,046_zoom,5,4,144,bicjpeg93,37.353826,0.920925,33.889768,0.976687,4,0.039523,35.953806,43.809622,36.591816,0.922312,0.210268,0.249501,0.821,cuda
span_ch26,ami,047,back,047_back,3,4,144,bicjpeg93,36.757379,0.907138,33.819456,0.972357,4,0.047805,35.101089,44.188151,36.389378,0.923796,0.209186,0.251178,0.803,cuda
span_ch26,ami,047,down,047_down,3,4,144,bicjpeg93,36.374877,0.894899,33.652986,0.96933,4,0.047069,35.037671,43.533728,36.570869,0.921533,0.229931,0.262466,0.783,cuda
span_ch26,ami,047,front,047_front,3,4,144,bicjpeg93,36.754807,0.900053,33.900875,0.970262,4,0.04598,35.392307,44.064787,37.184868,0.930179,0.214131,0.243729,0.822,cuda
span_ch26,ami,047,left,047_left,3,4,144,bicjpeg93,36.089913,0.884733,33.500396,0.966516,4,0.051042,34.620231,43.838352,36.539307,0.918629,0.233595,0.270963,0.816,cuda
span_ch26,ami,047,right,047_right,3,4,144,bicjpeg93,37.115513,0.908802,34.058826,0.973107,4,0.041005,35.653028,44.161842,36.622177,0.921397,0.245145,0.27288,0.816,cuda
span_ch26,ami,047,up,047_up,3,4,144,bicjpeg93,36.557776,0.896514,33.69882,0.969433,4,0.049027,35.042055,44.372755,36.562123,0.920757,0.210304,0.261591,0.822,cuda
span_ch26,ami,047,zoom,047_zoom,3,4,144,bicjpeg93,37.843975,0.920487,34.602927,0.976706,4,0.039893,36.544506,44.547949,37.791481,0.932263,0.203635,0.254228,0.784,cuda
span_ch26,ami,048,back,048_back,1,4,144,bicjpeg93,36.413174,0.905065,33.377639,0.972151,4,0.046547,34.600367,44.038396,35.440156,0.904498,0.203008,0.256058,0.81,cuda
span_ch26,ami,048,down,048_down,1,4,144,bicjpeg93,37.127273,0.915503,34.335873,0.974993,4,0.040797,35.463328,44.413948,36.311182,0.915876,0.223341,0.262841,0.794,cuda
span_ch26,ami,048,front,048_front,1,4,144,bicjpeg93,37.522539,0.919936,34.564034,0.975241,4,0.036221,35.987242,44.52391,36.499395,0.917287,0.216442,0.276904,0.795,cuda
span_ch26,ami,048,left,048_left,1,4,144,bicjpeg93,38.072019,0.925097,35.195145,0.976524,4,0.037105,36.697208,44.865977,37.414723,0.924537,0.227663,0.28073,0.792,cuda
span_ch26,ami,048,right,048_right,1,4,144,bicjpeg93,37.040724,0.919797,34.012023,0.975675,4,0.040327,35.155316,44.640006,35.751527,0.915139,0.202295,0.237365,0.831,cuda
span_ch26,ami,048,up,048_up,1,4,144,bicjpeg93,36.883196,0.918279,33.891616,0.975708,4,0.043107,35.33621,44.288283,36.315174,0.917205,0.212162,0.26997,0.798,cuda
span_ch26,ami,048,zoom,048_zoom,1,4,144,bicjpeg93,38.153207,0.930705,34.981869,0.978393,4,0.036693,36.565807,44.822504,36.941922,0.923711,0.20853,0.258609,0.807,cuda
span_ch26,ami,051,back,051_back,4,4,144,bicjpeg93,36.032637,0.906178,33.427373,0.973586,4,0.044428,34.534672,43.252209,35.982445,0.917195,0.246525,0.28342,0.804,cuda
span_ch26,ami,051,down,051_down,4,4,144,bicjpeg93,36.207786,0.906608,33.799065,0.973363,4,0.044082,34.650304,43.791911,37.490816,0.93652,0.239487,0.258613,0.818,cuda
span_ch26,ami,051,front,051_front,4,4,144,bicjpeg93,36.032776,0.90284,33.558318,0.973189,4,0.049762,34.334408,43.728808,36.30068,0.917132,0.26528,0.275321,0.822,cuda
span_ch26,ami,051,left,051_left,4,4,144,bicjpeg93,37.37246,0.916133,34.676988,0.973333,4,0.04352,36.041349,44.222664,37.550046,0.929711,0.239163,0.264578,0.797,cuda
span_ch26,ami,051,right,051_right,4,4,144,bicjpeg93,36.629076,0.907695,33.937006,0.972283,4,0.045956,35.033592,44.095846,35.542,0.90197,0.219895,0.25505,0.812,cuda
span_ch26,ami,051,up,051_up,4,4,144,bicjpeg93,35.7061,0.896346,33.309474,0.971805,4,0.04842,34.133942,43.644537,36.476016,0.918297,0.245402,0.267666,0.819,cuda
span_ch26,ami,051,zoom,051_zoom,4,4,144,bicjpeg93,37.516319,0.923678,34.828959,0.975977,4,0.04403,36.06165,44.072508,37.645889,0.933529,0.214458,0.271915,0.825,cuda
span_ch26,ami,052,back,052_back,1,4,144,bicjpeg93,35.847796,0.896891,33.078208,0.971131,4,0.044975,33.858369,43.510215,34.990121,0.903951,0.188973,0.253563,0.823,cuda
span_ch26,ami,052,down,052_down,1,4,144,bicjpeg93,35.890848,0.89705,33.218485,0.97472,4,0.04457,34.223971,43.781257,35.29283,0.896318,0.20045,0.26339,0.813,cuda
span_ch26,ami,052,front,052_front,1,4,144,bicjpeg93,36.231877,0.899192,33.418378,0.973313,4,0.042088,34.421076,43.971708,34.957676,0.891776,0.210594,0.260985,0.791,cuda
span_ch26,ami,052,left,052_left,1,4,144,bicjpeg93,37.25219,0.917273,34.375853,0.977375,4,0.038477,35.734762,44.591225,36.287991,0.914765,0.193548,0.260577,0.808,cuda
span_ch26,ami,052,right,052_right,1,4,144,bicjpeg93,36.437611,0.913186,33.525744,0.975695,4,0.042386,34.340905,44.083482,35.238845,0.908298,0.18792,0.26158,0.797,cuda
span_ch26,ami,052,up,052_up,1,4,144,bicjpeg93,36.694073,0.90523,33.758092,0.97361,4,0.042897,35.087982,43.979964,36.044169,0.914586,0.202765,0.284504,0.804,cuda
span_ch26,ami,052,zoom,052_zoom,1,4,144,bicjpeg93,37.087212,0.917513,33.962337,0.977139,4,0.040213,35.343799,44.020403,36.350008,0.909779,0.15349,0.244829,0.803,cuda
span_ch26,ami,053,back,053_back,3,4,144,bicjpeg93,36.495361,0.901146,33.264783,0.972109,4,0.043795,34.901661,43.814225,35.802294,0.906159,0.214728,0.247349,0.786,cuda
span_ch26,ami,053,down,053_down,3,4,144,bicjpeg93,35.994455,0.895784,32.974948,0.973138,4,0.04303,34.648853,43.770047,36.715388,0.92571,0.234805,0.255257,0.81,cuda
span_ch26,ami,053,front,053_front,3,4,144,bicjpeg93,35.975453,0.891537,32.957488,0.97008,4,0.046944,34.330776,43.692986,35.60147,0.900758,0.240272,0.265841,0.812,cuda
span_ch26,ami,053,left,053_left,3,4,144,bicjpeg93,36.378516,0.90266,33.359886,0.973277,4,0.045712,34.904291,44.092557,36.333196,0.91406,0.244486,0.260637,0.811,cuda
span_ch26,ami,053,right,053_right,3,4,144,bicjpeg93,36.623477,0.908151,33.308508,0.974726,4,0.041588,35.060625,43.976623,35.30399,0.894336,0.221999,0.263968,0.832,cuda
span_ch26,ami,053,up,053_up,3,4,144,bicjpeg93,35.743761,0.887602,32.79604,0.968242,4,0.047188,34.098518,43.577619,34.93427,0.890537,0.233131,0.259213,0.785,cuda
span_ch26,ami,053,zoom,053_zoom,3,4,144,bicjpeg93,36.783462,0.90921,33.381283,0.974393,4,0.042819,35.214061,44.089543,36.535453,0.914563,0.229143,0.225221,0.822,cuda
span_ch26,ami,054,back,054_back,3,4,144,bicjpeg93,35.957213,0.904772,32.724676,0.971295,4,0.049268,33.716277,44.04855,35.768465,0.908296,0.234869,0.27716,0.818,cuda
span_ch26,ami,054,down,054_down,3,4,144,bicjpeg93,36.23558,0.911236,33.295849,0.973036,4,0.046223,34.215552,44.036305,36.007337,0.916168,0.2456,0.255952,0.816,cuda
span_ch26,ami,054,front,054_front,3,4,144,bicjpeg93,36.529832,0.911207,33.47898,0.974799,4,0.04209,34.847119,44.072075,36.077485,0.913978,0.210539,0.243042,0.825,cuda
span_ch26,ami,054,left,054_left,3,4,144,bicjpeg93,37.127133,0.911963,34.097741,0.973543,4,0.04237,35.813515,44.074653,37.013498,0.920876,0.237803,0.247281,0.804,cuda
span_ch26,ami,054,right,054_right,3,4,144,bicjpeg93,36.694903,0.908949,33.525279,0.974302,4,0.043864,35.052214,43.889707,35.624277,0.90536,0.246454,0.271174,0.827,cuda
span_ch26,ami,054,up,054_up,3,4,144,bicjpeg93,34.660271,0.896457,31.510079,0.970824,4,0.047044,32.347252,43.72602,34.909055,0.891437,0.245289,0.268783,0.793,cuda
span_ch26,ami,054,zoom,054_zoom,3,4,144,bicjpeg93,36.540342,0.918338,33.291544,0.97595,4,0.049853,34.218145,44.58085,36.419712,0.923836,0.231409,0.25173,0.794,cuda
span_ch26,ami,055,back,055_back,2,4,144,bicjpeg93,37.414004,0.917661,34.208937,0.974664,4,0.039766,35.676217,44.517145,35.677189,0.908006,0.18265,0.248832,0.804,cuda
span_ch26,ami,055,down,055_down,2,4,144,bicjpeg93,36.964175,0.909268,33.949901,0.972601,4,0.042678,35.287152,44.338332,36.094221,0.918143,0.239583,0.259707,0.816,cuda
span_ch26,ami,055,front,055_front,2,4,144,bicjpeg93,37.501793,0.921774,34.055914,0.976518,4,0.039147,35.784887,44.694158,36.292343,0.919217,0.218687,0.262053,0.811,cuda
span_ch26,ami,055,left,055_left,2,4,144,bicjpeg93,37.488076,0.914881,34.070201,0.97374,4,0.037094,35.806078,44.485845,36.500253,0.919049,0.210985,0.271819,0.793,cuda
span_ch26,ami,055,right,055_right,2,4,144,bicjpeg93,37.16139,0.919165,33.834856,0.974445,4,0.042719,35.090873,44.521031,35.367477,0.900684,0.207004,0.254048,0.827,cuda
span_ch26,ami,055,up,055_up,2,4,144,bicjpeg93,36.841035,0.9108,33.674801,0.97253,4,0.042698,35.169737,44.114813,36.236044,0.916927,0.208154,0.262331,0.823,cuda
span_ch26,ami,055,zoom,055_zoom,2,4,144,bicjpeg93,38.096227,0.931215,34.475839,0.978434,4,0.036295,36.355284,44.517072,37.01826,0.933708,0.195974,0.23128,0.815,cuda
span_ch26,ami,056,back,056_back,4,4,144,bicjpeg93,35.450468,0.902225,32.70551,0.969413,4,0.048862,33.328428,43.69699,34.141323,0.888999,0.222753,0.253883,0.815,cuda
span_ch26,ami,056,down,056_down,4,4,144,bicjpeg93,36.538337,0.91086,33.594319,0.97302,4,0.043678,35.064427,43.768464,35.408749,0.911736,0.203415,0.266391,0.809,cuda
span_ch26,ami,056,front,056_front,4,4,144,bicjpeg93,36.223011,0.912674,33.397935,0.974208,4,0.046049,34.233969,43.985921,34.626795,0.908281,0.211189,0.249177,0.773,cuda
span_ch26,ami,056,left,056_left,4,4,144,bicjpeg93,37.471646,0.926497,34.234944,0.977489,4,0.038351,35.858992,44.463623,36.168857,0.924338,0.194791,0.241589,0.79,cuda
span_ch26,ami,056,right,056_right,4,4,144,bicjpeg93,36.840356,0.924949,33.671582,0.977312,4,0.041014,34.716302,44.122391,34.930888,0.905184,0.183171,0.252012,0.838,cuda
span_ch26,ami,056,up,056_up,4,4,144,bicjpeg93,35.346358,0.899149,32.742887,0.969914,4,0.049958,33.383652,43.448189,34.462835,0.904586,0.200279,0.240143,0.797,cuda
span_ch26,ami,056,zoom,056_zoom,4,4,144,bicjpeg93,36.948236,0.921455,33.823623,0.976388,4,0.047689,35.019236,43.696792,36.766437,0.930576,0.157121,0.219975,0.809,cuda
span_ch26,ami,057,back,057_back,5,4,144,bicjpeg93,35.826272,0.908364,32.918225,0.973451,4,0.051329,33.812295,43.63664,35.833612,0.922666,0.210835,0.236669,0.794,cuda
span_ch26,ami,057,down,057_down,5,4,144,bicjpeg93,36.714515,0.914578,33.701837,0.97656,4,0.041938,35.013238,43.984509,36.257926,0.92668,0.23947,0.252392,0.794,cuda
span_ch26,ami,057,front,057_front,5,4,144,bicjpeg93,36.053359,0.90629,33.311045,0.975006,4,0.046044,34.352474,44.108338,36.13204,0.929634,0.218435,0.25346,0.787,cuda
span_ch26,ami,057,left,057_left,5,4,144,bicjpeg93,37.134229,0.917594,34.153994,0.977872,4,0.042629,35.592654,44.227277,37.256525,0.934922,0.215585,0.264782,0.806,cuda
span_ch26,ami,057,right,057_right,5,4,144,bicjpeg93,36.943789,0.918342,33.95687,0.97749,4,0.039812,35.399959,44.387247,36.514733,0.922979,0.231802,0.256985,0.81,cuda
span_ch26,ami,057,up,057_up,5,4,144,bicjpeg93,35.098277,0.898553,32.569606,0.971755,4,0.048179,33.324312,43.461375,36.14397,0.916835,0.212392,0.272938,0.795,cuda
span_ch26,ami,057,zoom,057_zoom,5,4,144,bicjpeg93,37.278189,0.926625,34.10362,0.978814,4,0.044824,35.618997,44.055753,37.583178,0.936086,0.207766,0.23618,0.787,cuda
span_ch26,ami,058,back,058_back,5,4,144,bicjpeg93,37.595547,0.926297,34.154405,0.978598,4,0.033547,35.978108,44.817342,36.3893,0.922529,0.198153,0.256814,0.812,cuda
span_ch26,ami,058,down,058_down,5,4,144,bicjpeg93,36.861435,0.919082,33.715403,0.976857,4,0.04104,35.310647,44.24067,36.628351,0.928143,0.231595,0.271951,0.822,cuda
span_ch26,ami,058,front,058_front,5,4,144,bicjpeg93,37.306416,0.925218,33.847937,0.978528,4,0.036717,35.722251,44.294617,37.03715,0.927379,0.207083,0.273645,0.814,cuda
span_ch26,ami,058,left,058_left,5,4,144,bicjpeg93,37.839935,0.93093,34.50125,0.979286,4,0.034459,36.387553,45.03565,37.21094,0.929284,0.212309,0.265499,0.819,cuda
span_ch26,ami,058,right,058_right,5,4,144,bicjpeg93,37.04794,0.918113,33.700376,0.975357,4,0.038206,35.289124,44.403645,35.557578,0.907519,0.232567,0.261902,0.781,cuda
span_ch26,ami,058,up,058_up,5,4,144,bicjpeg93,36.810644,0.917488,33.559698,0.976209,4,0.040429,35.127508,44.286935,36.259418,0.920381,0.207613,0.279795,0.786,cuda
span_ch26,ami,058,zoom,058_zoom,5,4,144,bicjpeg93,37.602848,0.928514,33.969474,0.97931,4,0.044049,36.191006,44.096087,37.318364,0.927636,0.201701,0.23463,0.822,cuda
span_ch26,ami,059,back,059_back,3,4,144,bicjpeg93,38.055393,0.924736,34.78874,0.976346,4,0.03798,36.622905,44.516715,37.368041,0.929158,0.19811,0.239256,0.818,cuda
span_ch26,ami,059,down,059_down,3,4,144,bicjpeg93,38.023388,0.928025,34.877852,0.97818,4,0.037387,36.460219,44.776218,36.769888,0.92658,0.182882,0.2637,0.8,cuda
span_ch26,ami,059,front,059_front,3,4,144,bicjpeg93,37.344732,0.919298,34.385978,0.974962,4,0.041668,35.601584,44.3344,36.212838,0.915331,0.211718,0.272216,0.805,cuda
span_ch26,ami,059,left,059_left,3,4,144,bicjpeg93,37.802833,0.929941,34.796801,0.978286,4,0.038245,36.023151,44.501228,36.393591,0.928122,0.176073,0.253329,0.814,cuda
span_ch26,ami,059,right,059_right,3,4,144,bicjpeg93,37.312833,0.925278,34.361333,0.977416,4,0.036474,35.523903,44.34664,36.172633,0.919507,0.167075,0.250026,0.823,cuda
span_ch26,ami,059,up,059_up,3,4,144,bicjpeg93,36.880816,0.912422,34.004232,0.974355,4,0.043466,35.078219,44.001059,36.10029,0.916621,0.210268,0.258825,0.794,cuda
span_ch26,ami,059,zoom,059_zoom,3,4,144,bicjpeg93,38.228424,0.934455,34.871345,0.979926,4,0.036978,36.49504,44.527132,37.947378,0.935272,0.179686,0.262636,0.802,cuda
span_ch26,ami,061,back,061_back,2,4,144,bicjpeg93,37.751198,0.915902,34.433821,0.9741,4,0.040169,36.224885,44.75065,36.511557,0.914332,0.205914,0.248978,0.8,cuda
span_ch26,ami,061,down,061_down,2,4,144,bicjpeg93,37.145763,0.903973,34.014092,0.972661,4,0.044709,35.47107,44.454301,36.457972,0.916894,0.268857,0.263771,0.784,cuda
span_ch26,ami,061,front,061_front,2,4,144,bicjpeg93,37.288615,0.910915,34.20047,0.973669,4,0.043696,35.593397,44.630962,36.397482,0.914745,0.246436,0.270153,0.789,cuda
span_ch26,ami,061,left,061_left,2,4,144,bicjpeg93,37.351253,0.910399,34.219267,0.973747,4,0.04472,35.75819,44.70184,36.935131,0.920536,0.230703,0.278138,0.807,cuda
span_ch26,ami,061,right,061_right,2,4,144,bicjpeg93,37.710816,0.921752,34.334628,0.975068,4,0.041317,35.788706,44.585308,35.77369,0.90467,0.238943,0.257443,0.806,cuda
span_ch26,ami,061,up,061_up,2,4,144,bicjpeg93,37.335274,0.910126,33.956451,0.973797,4,0.043761,35.383287,44.797739,36.235485,0.914087,0.242028,0.253672,0.815,cuda
span_ch26,ami,061,zoom,061_zoom,2,4,144,bicjpeg93,38.015069,0.925376,34.33476,0.978151,4,0.039093,36.387912,44.673705,37.137528,0.924567,0.21609,0.250843,0.797,cuda
span_ch26,ami,062,back,062_back,3,4,144,bicjpeg93,36.514741,0.909536,33.94976,0.974988,4,0.043538,34.888722,43.956072,37.799061,0.933749,0.240304,0.248444,0.802,cuda
span_ch26,ami,062,down,062_down,3,4,144,bicjpeg93,36.45307,0.897579,33.86035,0.97281,4,0.043064,35.360207,43.961943,37.806767,0.931388,0.301367,0.27969,0.806,cuda
span_ch26,ami,062,front,062_front,3,4,144,bicjpeg93,35.884828,0.893192,33.353775,0.971242,4,0.048068,34.104307,44.088448,37.484821,0.927437,0.27942,0.28949,0.799,cuda
span_ch26,ami,062,left,062_left,3,4,144,bicjpeg93,37.263167,0.909405,34.560715,0.974809,4,0.040807,36.27362,44.256308,37.972603,0.929852,0.261059,0.258461,0.812,cuda
span_ch26,ami,062,right,062_right,3,4,144,bicjpeg93,36.363466,0.895274,33.615827,0.970642,4,0.042936,35.002712,43.735738,36.55903,0.915417,0.268368,0.281956,0.804,cuda
span_ch26,ami,062,up,062_up,3,4,144,bicjpeg93,34.501893,0.888419,32.225761,0.97121,4,0.044661,32.330485,43.958418,36.943165,0.918664,0.260493,0.26718,0.811,cuda
span_ch26,ami,062,zoom,062_zoom,3,4,144,bicjpeg93,37.125002,0.91634,34.176119,0.976896,4,0.04072,35.734943,44.10576,38.641837,0.93502,0.248006,0.266263,0.808,cuda
span_ch26,ami,063,back,063_back,4,4,144,bicjpeg93,37.482821,0.915086,34.28464,0.973249,4,0.044663,35.892832,44.296563,36.255947,0.91008,0.212021,0.245154,0.833,cuda
span_ch26,ami,063,down,063_down,4,4,144,bicjpeg93,36.706368,0.906679,33.813758,0.973319,4,0.044782,35.181472,44.03006,36.620887,0.928289,0.248849,0.289259,0.812,cuda
span_ch26,ami,063,front,063_front,4,4,144,bicjpeg93,37.282298,0.91362,34.296547,0.975181,4,0.038158,35.905019,44.512723,37.112333,0.931325,0.228228,0.268867,0.795,cuda
span_ch26,ami,063,left,063_left,4,4,144,bicjpeg93,37.534253,0.916878,34.409012,0.975001,4,0.03451,35.996465,44.684668,37.018124,0.923737,0.234135,0.31001,0.801,cuda
span_ch26,ami,063,right,063_right,4,4,144,bicjpeg93,37.123704,0.910276,34.061238,0.974309,4,0.038491,35.569409,44.306389,36.744046,0.927861,0.225064,0.289252,0.801,cuda
span_ch26,ami,063,up,063_up,4,4,144,bicjpeg93,36.696369,0.898501,33.898451,0.970993,4,0.04508,35.150855,44.300035,36.541999,0.914523,0.233433,0.281591,0.827,cuda
span_ch26,ami,063,zoom,063_zoom,4,4,144,bicjpeg93,38.251261,0.931108,34.873386,0.979082,4,0.036451,36.752919,44.583897,37.868131,0.937305,0.198276,0.267289,0.772,cuda
span_ch26,ami,064,back,064_back,5,4,144,bicjpeg93,36.494927,0.900034,33.504221,0.971289,4,0.042628,34.912168,44.12117,35.385572,0.906398,0.254729,0.264816,0.826,cuda
span_ch26,ami,064,down,064_down,5,4,144,bicjpeg93,36.239251,0.892648,33.563703,0.969631,4,0.047815,34.571429,44.000093,36.110557,0.920394,0.241671,0.249928,0.788,cuda
span_ch26,ami,064,front,064_front,5,4,144,bicjpeg93,36.718122,0.899424,33.905481,0.970202,4,0.042606,35.208372,44.014389,35.760102,0.904789,0.213713,0.245612,0.821,cuda
span_ch26,ami,064,left,064_left,5,4,144,bicjpeg93,36.844967,0.901334,33.998886,0.970399,4,0.048754,35.432812,44.308323,36.541225,0.918683,0.243533,0.238854,0.811,cuda
span_ch26,ami,064,right,064_right,5,4,144,bicjpeg93,36.79067,0.905185,33.942764,0.972905,4,0.043383,35.159246,44.127729,35.737075,0.902786,0.239474,0.263801,0.818,cuda
span_ch26,ami,064,up,064_up,5,4,144,bicjpeg93,36.60537,0.898558,33.859517,0.970107,4,0.042939,35.092286,43.960715,35.640968,0.902269,0.237388,0.249973,0.84,cuda
span_ch26,ami,064,zoom,064_zoom,5,4,144,bicjpeg93,37.173751,0.910857,34.113669,0.973128,4,0.042937,35.810974,43.89324,36.544137,0.915225,0.210037,0.25214,0.832,cuda
span_ch26,ami,065,back,065_back,3,4,144,bicjpeg93,35.913173,0.891724,33.173959,0.96793,4,0.046905,34.095452,43.569167,35.618792,0.906578,0.203343,0.255104,0.794,cuda
span_ch26,ami,065,down,065_down,3,4,144,bicjpeg93,37.337336,0.91942,34.376986,0.977841,4,0.036616,35.646386,44.687748,37.306552,0.932742,0.246103,0.27099,0.814,cuda
span_ch26,ami,065,front,065_front,3,4,144,bicjpeg93,36.278833,0.900994,33.581717,0.97261,4,0.052592,34.482649,43.977576,36.514793,0.917372,0.245151,0.261026,0.827,cuda
span_ch26,ami,065,left,065_left,3,4,144,bicjpeg93,38.30364,0.925654,35.349208,0.977353,4,0.036958,36.908181,45.053438,38.392382,0.937268,0.228315,0.257987,0.814,cuda
span_ch26,ami,065,right,065_right,3,4,144,bicjpeg93,36.488093,0.90973,33.548814,0.974793,4,0.048527,34.636178,44.320953,35.884265,0.916169,0.232741,0.258108,0.82,cuda
span_ch26,ami,065,up,065_up,3,4,144,bicjpeg93,36.261844,0.900743,33.66141,0.972847,4,0.047518,34.556072,43.823365,37.294429,0.927325,0.21438,0.263756,0.816,cuda
span_ch26,ami,065,zoom,065_zoom,3,4,144,bicjpeg93,38.415742,0.932591,35.022964,0.979361,4,0.033942,37.259547,44.326476,38.501962,0.944959,0.215693,0.241044,0.838,cuda
span_ch26,ami,066,back,066_back,4,4,144,bicjpeg93,37.599975,0.922068,34.410831,0.977072,4,0.03738,35.903626,44.245469,36.486794,0.926402,0.208782,0.251017,0.809,cuda
span_ch26,ami,066,down,066_down,4,4,144,bicjpeg93,37.356181,0.918303,34.450103,0.975802,4,0.041077,35.66484,44.259138,36.412108,0.91894,0.219292,0.258201,0.811,cuda
span_ch26,ami,066,front,066_front,4,4,144,bicjpeg93,37.516003,0.919617,34.556161,0.975854,4,0.038073,35.984869,44.234207,36.676867,0.921877,0.218305,0.268923,0.803,cuda
span_ch26,ami,066,left,066_left,4,4,144,bicjpeg93,38.148043,0.927885,35.208384,0.978404,4,0.036261,36.872009,44.634365,37.464085,0.931265,0.214876,0.274309,0.802,cuda
span_ch26,ami,066,right,066_right,4,4,144,bicjpeg93,37.380028,0.920067,34.146974,0.975599,4,0.044023,35.815386,44.219289,35.992587,0.914273,0.187546,0.256814,0.818,cuda
span_ch26,ami,066,up,066_up,4,4,144,bicjpeg93,36.993383,0.90949,33.971447,0.972633,4,0.04236,35.435611,44.050843,36.283118,0.909633,0.232,0.258237,0.784,cuda
span_ch26,ami,066,zoom,066_zoom,4,4,144,bicjpeg93,38.080646,0.928038,34.768486,0.978415,4,0.037455,36.654129,44.500735,37.548133,0.928267,0.199536,0.241119,0.772,cuda
span_ch26,ami,067,back,067_back,2,4,144,bicjpeg93,36.579475,0.892914,33.519701,0.968489,4,0.043818,35.270377,43.551769,35.715301,0.896739,0.267621,0.276411,0.812,cuda
span_ch26,ami,067,down,067_down,2,4,144,bicjpeg93,36.303681,0.886755,33.465638,0.968393,4,0.044238,35.0284,43.710856,36.468474,0.90716,0.288784,0.27688,0.816,cuda
span_ch26,ami,067,front,067_front,2,4,144,bicjpeg93,36.210876,0.885703,33.304052,0.967775,4,0.047321,34.880991,43.807815,35.83211,0.898437,0.277348,0.280298,0.825,cuda
span_ch26,ami,067,left,067_left,2,4,144,bicjpeg93,36.492891,0.887544,33.832377,0.969046,4,0.04355,35.116724,44.231429,37.415139,0.921758,0.315789,0.277846,0.792,cuda
span_ch26,ami,067,right,067_right,2,4,144,bicjpeg93,36.616073,0.901264,33.463229,0.973164,4,0.041383,35.077434,44.224779,35.677764,0.905789,0.258556,0.265756,0.796,cuda
span_ch26,ami,067,up,067_up,2,4,144,bicjpeg93,36.35233,0.890271,33.441872,0.969498,4,0.044842,34.818308,43.980675,35.816696,0.899797,0.246912,0.272972,0.812,cuda
span_ch26,ami,067,zoom,067_zoom,2,4,144,bicjpeg93,36.935989,0.903511,33.766861,0.971973,4,0.039884,35.673278,43.780226,37.018656,0.917634,0.260474,0.272121,0.798,cuda
span_ch26,ami,068,back,068_back,2,4,144,bicjpeg93,35.63433,0.884843,32.915009,0.967534,4,0.047162,34.118668,43.230306,35.067991,0.903247,0.230532,0.259719,0.781,cuda
span_ch26,ami,068,down,068_down,2,4,144,bicjpeg93,35.801972,0.895611,33.176199,0.971634,4,0.047205,34.254761,43.381005,35.916692,0.914038,0.248465,0.26635,0.801,cuda
span_ch26,ami,068,front,068_front,2,4,144,bicjpeg93,36.213962,0.90337,33.454232,0.974542,4,0.043965,34.743906,43.796688,36.319568,0.922227,0.21592,0.260474,0.81,cuda
span_ch26,ami,068,left,068_left,2,4,144,bicjpeg93,36.501725,0.905108,33.739796,0.973644,4,0.047422,35.051111,44.039,36.626583,0.921569,0.231024,0.281784,0.788,cuda
span_ch26,ami,068,right,068_right,2,4,144,bicjpeg93,36.395845,0.906876,33.417117,0.975251,4,0.046412,34.834603,43.683299,35.551294,0.913332,0.224418,0.259962,0.817,cuda
span_ch26,ami,068,up,068_up,2,4,144,bicjpeg93,35.797686,0.895579,33.090596,0.972898,4,0.052706,34.310241,43.641755,35.992771,0.915854,0.232702,0.259665,0.796,cuda
span_ch26,ami,068,zoom,068_zoom,2,4,144,bicjpeg93,37.181577,0.921258,34.093462,0.977797,4,0.041809,35.525273,43.987178,36.951516,0.925835,0.207046,0.232971,0.802,cuda
span_ch26,ami,069,back,069_back,4,4,144,bicjpeg93,36.204584,0.896517,33.296006,0.969769,4,0.046264,34.488823,43.517632,35.170329,0.896031,0.207022,0.258426,0.783,cuda
span_ch26,ami,069,down,069_down,4,4,144,bicjpeg93,35.165548,0.886684,32.796983,0.969348,4,0.053043,33.395496,43.188328,34.699578,0.9028,0.27322,0.24706,0.793,cuda
span_ch26,ami,069,front,069_front,4,4,144,bicjpeg93,35.798307,0.892743,33.306626,0.970524,4,0.043887,34.03511,43.300602,34.215706,0.884588,0.25654,0.243146,0.82,cuda
span_ch26,ami,069,left,069_left,4,4,144,bicjpeg93,35.981658,0.90099,33.619539,0.972342,4,0.045694,34.123731,43.960952,34.966008,0.896039,0.228586,0.258247,0.814,cuda
span_ch26,ami,069,right,069_right,4,4,144,bicjpeg93,36.509328,0.912386,33.79185,0.975684,4,0.038435,34.571669,43.926663,34.363231,0.893786,0.205905,0.25893,0.829,cuda
span_ch26,ami,069,up,069_up,4,4,144,bicjpeg93,35.918771,0.901046,33.306601,0.974858,4,0.04319,33.885683,43.921575,34.929718,0.899397,0.230935,0.256135,0.816,cuda
span_ch26,ami,069,zoom,069_zoom,4,4,144,bicjpeg93,36.310142,0.907066,33.558011,0.975538,4,0.044518,34.581739,43.53463,35.362464,0.905159,0.202349,0.237449,0.815,cuda
span_ch26,ami,070,back,070_back,3,4,144,bicjpeg93,36.92972,0.9132,33.261617,0.973545,4,0.041088,35.618968,43.478796,35.972673,0.911561,0.208841,0.236587,0.829,cuda
span_ch26,ami,070,down,070_down,3,4,144,bicjpeg93,35.785791,0.899651,32.802111,0.974146,4,0.048789,34.223525,43.891034,36.330036,0.925188,0.195412,0.262371,0.815,cuda
span_ch26,ami,070,front,070_front,3,4,144,bicjpeg93,36.120654,0.903859,33.086463,0.972594,4,0.048926,34.485617,43.54644,35.621448,0.909942,0.201977,0.254938,0.804,cuda
span_ch26,ami,070,left,070_left,3,4,144,bicjpeg93,36.827755,0.910207,33.770961,0.975402,4,0.046701,35.332958,44.637829,36.89624,0.924144,0.232007,0.288233,0.816,cuda
span_ch26,ami,070,right,070_right,3,4,144,bicjpeg93,36.800007,0.912796,33.515302,0.973642,4,0.041121,35.000183,44.010313,35.786699,0.902561,0.2001,0.254027,0.782,cuda
span_ch26,ami,070,up,070_up,3,4,144,bicjpeg93,36.18328,0.904531,33.054211,0.97221,4,0.044324,34.476652,43.78894,35.597899,0.905433,0.213769,0.247411,0.786,cuda
span_ch26,ami,070,zoom,070_zoom,3,4,144,bicjpeg93,37.548129,0.926794,33.960509,0.979077,4,0.037755,36.041302,44.136751,37.581228,0.930449,0.191884,0.229485,0.799,cuda
span_ch26,ami,071,back,071_back,2,4,144,bicjpeg93,36.145286,0.901078,33.449714,0.971511,4,0.047584,34.547824,43.601611,36.239665,0.913929,0.229361,0.261644,0.787,cuda
span_ch26,ami,071,down,071_down,2,4,144,bicjpeg93,35.06104,0.894734,32.357077,0.972496,4,0.046344,33.164869,43.53243,35.482418,0.915933,0.224314,0.255174,0.813,cuda
span_ch26,ami,071,front,071_front,2,4,144,bicjpeg93,34.847849,0.889766,32.19931,0.970868,4,0.052721,32.685569,43.361835,34.685225,0.903039,0.260946,0.26428,0.817,cuda
span_ch26,ami,071,left,071_left,2,4,144,bicjpeg93,35.497644,0.900044,32.773943,0.972976,4,0.046943,33.548839,43.538221,36.449327,0.926051,0.225801,0.25484,0.828,cuda
span_ch26,ami,071,right,071_right,2,4,144,bicjpeg93,35.985663,0.898961,33.179011,0.971143,4,0.04631,34.078903,43.718967,34.625751,0.898804,0.234655,0.239936,0.793,cuda
span_ch26,ami,071,up,071_up,2,4,144,bicjpeg93,34.469349,0.876667,31.938151,0.967176,4,0.05412,32.281938,43.152957,34.277808,0.891544,0.22275,0.263699,0.809,cuda
span_ch26,ami,071,zoom,071_zoom,2,4,144,bicjpeg93,36.187022,0.915935,33.143359,0.977072,4,0.045107,34.261673,43.748373,36.552302,0.926512,0.220857,0.25175,0.811,cuda
span_ch26,ami,072,back,072_back,1,4,144,bicjpeg93,37.950514,0.923257,34.581808,0.975659,4,0.039751,36.665428,44.527853,36.758372,0.923095,0.206008,0.264673,0.8,cuda
span_ch26,ami,072,down,072_down,1,4,144,bicjpeg93,37.640721,0.920514,34.682413,0.974779,4,0.039264,36.277278,44.403071,36.63247,0.919383,0.20044,0.234949,0.809,cuda
span_ch26,ami,072,front,072_front,1,4,144,bicjpeg93,38.590374,0.932037,35.226187,0.978947,4,0.033763,37.306715,45.066464,37.749484,0.932663,0.192078,0.245237,0.796,cuda
span_ch26,ami,072,left,072_left,1,4,144,bicjpeg93,37.972525,0.922129,34.912285,0.97542,4,0.037805,36.479152,44.811153,37.324625,0.926007,0.232922,0.266888,0.812,cuda
span_ch26,ami,072,right,072_right,1,4,144,bicjpeg93,38.64805,0.937163,35.343102,0.97979,4,0.035612,37.326754,44.958044,36.781813,0.917292,0.172569,0.230272,0.809,cuda
span_ch26,ami,072,up,072_up,1,4,144,bicjpeg93,38.446299,0.93059,35.252994,0.977376,4,0.033814,37.160922,44.704826,37.266031,0.922949,0.188797,0.228633,0.809,cuda
span_ch26,ami,072,zoom,072_zoom,1,4,144,bicjpeg93,39.466004,0.941998,35.728265,0.980255,4,0.030656,38.32623,45.192278,38.375395,0.941399,0.156584,0.224679,0.794,cuda
span_ch26,ami,073,back,073_back,1,4,144,bicjpeg93,37.562102,0.921059,34.259025,0.976276,4,0.036858,36.053983,44.528199,36.393578,0.915638,0.208927,0.244113,0.796,cuda
span_ch26,ami,073,down,073_down,1,4,144,bicjpeg93,36.839261,0.918049,34.005971,0.978097,4,0.040591,35.38249,44.670665,37.190562,0.929349,0.214512,0.275276,0.8,cuda
span_ch26,ami,073,front,073_front,1,4,144,bicjpeg93,37.116534,0.918125,34.159579,0.976515,4,0.040565,35.938198,44.430126,36.903572,0.923674,0.236364,0.249063,0.795,cuda
span_ch26,ami,073,left,073_left,1,4,144,bicjpeg93,37.630232,0.923989,34.743221,0.977975,4,0.038435,36.549007,45.007082,37.618934,0.931008,0.21375,0.254068,0.803,cuda
span_ch26,ami,073,right,073_right,1,4,144,bicjpeg93,37.302443,0.91969,34.13462,0.975613,4,0.040452,35.91608,44.105986,36.40065,0.913777,0.199668,0.241514,0.83,cuda
span_ch26,ami,073,up,073_up,1,4,144,bicjpeg93,36.662762,0.906093,33.84325,0.973182,4,0.042777,35.271809,44.290874,37.044098,0.923002,0.223811,0.238032,0.794,cuda
span_ch26,ami,073,zoom,073_zoom,1,4,144,bicjpeg93,38.436296,0.932592,34.99618,0.979591,4,0.035947,37.266894,44.621528,37.699294,0.931319,0.221617,0.255645,0.806,cuda
span_ch26,ami,074,back,074_back,1,4,144,bicjpeg93,36.994472,0.906199,34.31345,0.972805,4,0.040552,35.760161,44.056039,36.866571,0.922917,0.23679,0.261276,0.816,cuda
span_ch26,ami,074,down,074_down,1,4,144,bicjpeg93,36.134045,0.889385,33.689679,0.968527,4,0.049991,34.548196,44.039005,36.704921,0.91851,0.238919,0.265352,0.834,cuda
span_ch26,ami,074,front,074_front,1,4,144,bicjpeg93,36.119737,0.888816,33.598772,0.968789,4,0.051959,34.540886,43.684164,36.557482,0.919184,0.243142,0.248553,0.823,cuda
span_ch26,ami,074,left,074_left,1,4,144,bicjpeg93,36.661888,0.896592,34.021614,0.970194,4,0.044397,35.359812,44.160195,37.695624,0.931988,0.221226,0.259788,0.839,cuda
span_ch26,ami,074,right,074_right,1,4,144,bicjpeg93,36.676521,0.909184,33.546783,0.974325,4,0.040429,35.115645,44.107783,36.741503,0.924011,0.23459,0.269135,0.795,cuda
span_ch26,ami,074,up,074_up,1,4,144,bicjpeg93,36.151666,0.888232,33.476015,0.968347,4,0.046967,34.704626,43.85496,36.679186,0.91806,0.234653,0.240972,0.804,cuda
span_ch26,ami,074,zoom,074_zoom,1,4,144,bicjpeg93,37.321719,0.912862,34.40166,0.974873,4,0.04045,35.905768,44.194205,37.716705,0.930803,0.233213,0.248185,0.828,cuda
span_ch26,ami,075,back,075_back,3,4,144,bicjpeg93,35.915318,0.884743,32.699012,0.967717,4,0.044283,34.285905,43.771672,35.999702,0.908734,0.242657,0.256879,0.811,cuda
span_ch26,ami,075,down,075_down,3,4,144,bicjpeg93,35.271298,0.881769,32.401297,0.967949,4,0.052137,33.428691,43.420123,36.467248,0.918614,0.270108,0.259693,0.8,cuda
span_ch26,ami,075,front,075_front,3,4,144,bicjpeg93,35.181354,0.875846,32.278776,0.967711,4,0.051891,33.559704,43.319936,36.235442,0.9114,0.246288,0.282449,0.77,cuda
span_ch26,ami,075,left,075_left,3,4,144,bicjpeg93,36.371045,0.901645,33.516864,0.972108,4,0.045657,34.475952,44.234905,37.041848,0.92241,0.229824,0.257515,0.812,cuda
span_ch26,ami,075,right,075_right,3,4,144,bicjpeg93,36.378758,0.901,32.901034,0.972992,4,0.047057,34.476907,44.135331,35.979543,0.899486,0.240437,0.257857,0.817,cuda
span_ch26,ami,075,up,075_up,3,4,144,bicjpeg93,35.094453,0.87514,32.230691,0.965823,4,0.04802,33.249831,43.344008,35.786222,0.901322,0.226195,0.270796,0.822,cuda
span_ch26,ami,075,zoom,075_zoom,3,4,144,bicjpeg93,36.978501,0.919107,33.517881,0.977689,4,0.041449,35.209103,44.723352,37.742487,0.929023,0.220998,0.255483,0.82,cuda
span_ch26,ami,076,back,076_back,5,4,144,bicjpeg93,37.361932,0.910605,33.860324,0.973227,4,0.039664,35.794281,44.38238,36.644734,0.926986,0.207218,0.242976,0.814,cuda
span_ch26,ami,076,down,076_down,5,4,144,bicjpeg93,36.744173,0.902504,33.446405,0.972278,4,0.044373,35.319974,43.948922,36.194462,0.923264,0.237958,0.257764,0.803,cuda
span_ch26,ami,076,front,076_front,5,4,144,bicjpeg93,36.838873,0.906957,33.561251,0.973597,4,0.044381,35.211885,44.128289,36.272791,0.925791,0.240103,0.249538,0.837,cuda
span_ch26,ami,076,left,076_left,5,4,144,bicjpeg93,37.575802,0.912987,34.129285,0.975901,4,0.038137,36.083054,44.761806,37.357091,0.933376,0.255989,0.252979,0.79,cuda
span_ch26,ami,076,right,076_right,5,4,144,bicjpeg93,36.65829,0.902107,33.359008,0.970543,4,0.042998,35.030235,43.95186,35.865967,0.916855,0.239045,0.255015,0.801,cuda
span_ch26,ami,076,up,076_up,5,4,144,bicjpeg93,36.458001,0.900828,33.360185,0.971149,4,0.04327,34.819743,44.21642,36.263964,0.920872,0.226147,0.234829,0.814,cuda
span_ch26,ami,076,zoom,076_zoom,5,4,144,bicjpeg93,38.126177,0.931291,34.270873,0.980318,4,0.032579,36.744467,44.543106,37.708661,0.938307,0.201853,0.244065,0.809,cuda
span_ch26,ami,077,back,077_back,2,4,144,bicjpeg93,38.028367,0.918448,34.687551,0.974062,4,0.038488,36.483163,44.552722,37.066095,0.927414,0.189637,0.280364,0.801,cuda
span_ch26,ami,077,down,077_down,2,4,144,bicjpeg93,36.682613,0.891308,33.959538,0.96805,4,0.039397,35.218339,43.948912,35.727686,0.902997,0.288777,0.276982,0.805,cuda
span_ch26,ami,077,front,077_front,2,4,144,bicjpeg93,36.960844,0.895118,34.06645,0.967567,4,0.041606,35.288475,44.187732,35.751895,0.905391,0.252788,0.293411,0.784,cuda
span_ch26,ami,077,left,077_left,2,4,144,bicjpeg93,37.339413,0.910305,34.514961,0.972127,4,0.041565,35.994031,43.685925,37.204999,0.926549,0.24526,0.277806,0.806,cuda
span_ch26,ami,077,right,077_right,2,4,144,bicjpeg93,38.256331,0.926126,34.779849,0.976519,4,0.034438,36.537746,44.767159,36.70067,0.921111,0.183579,0.276843,0.813,cuda
span_ch26,ami,077,up,077_up,2,4,144,bicjpeg93,36.947066,0.895208,34.129652,0.9671,4,0.041618,35.378568,44.06727,35.80094,0.898518,0.264536,0.295181,0.802,cuda
span_ch26,ami,077,zoom,077_zoom,2,4,144,bicjpeg93,37.918769,0.914977,34.704968,0.974361,4,0.037889,36.595703,44.393536,37.26803,0.92164,0.217511,0.247315,0.828,cuda
span_ch26,ami,078,back,078_back,2,4,144,bicjpeg93,36.832675,0.908224,33.749128,0.971567,4,0.045529,35.241089,44.026979,35.955115,0.911183,0.224106,0.236915,0.837,cuda
span_ch26,ami,078,down,078_down,2,4,144,bicjpeg93,36.157917,0.893006,33.568632,0.968901,4,0.048291,34.641768,43.565632,36.149323,0.917555,0.271771,0.266751,0.835,cuda
span_ch26,ami,078,front,078_front,2,4,144,bicjpeg93,36.912664,0.908485,34.008953,0.971921,4,0.049551,35.39115,43.906588,36.355305,0.917285,0.203958,0.26295,0.803,cuda
span_ch26,ami,078,left,078_left,2,4,144,bicjpeg93,36.549262,0.901804,33.761395,0.969394,4,0.047917,35.152954,43.51528,36.133152,0.911669,0.221723,0.25772,0.82,cuda
span_ch26,ami,078,right,078_right,2,4,144,bicjpeg93,36.922392,0.913079,33.847029,0.973204,4,0.043691,35.412572,44.003708,36.284162,0.922881,0.192069,0.239287,0.8,cuda
span_ch26,ami,078,up,078_up,2,4,144,bicjpeg93,36.634896,0.904131,33.825985,0.96971,4,0.0484,35.155216,43.520378,36.484483,0.917238,0.243798,0.254658,0.825,cuda
span_ch26,ami,078,zoom,078_zoom,2,4,144,bicjpeg93,38.146605,0.930828,34.922271,0.978236,4,0.037726,36.80531,44.392867,37.665901,0.934591,0.188842,0.23724,0.807,cuda
span_ch26,ami,079,back,079_back,4,4,144,bicjpeg93,35.878831,0.889477,32.908053,0.969074,4,0.045629,34.575084,43.980553,35.460954,0.891153,0.295946,0.278444,0.814,cuda
span_ch26,ami,079,down,079_down,4,4,144,bicjpeg93,36.182047,0.902244,33.426437,0.971962,4,0.044797,34.533758,44.022621,35.891774,0.905261,0.24667,0.2787,0.815,cuda
span_ch26,ami,079,front,079_front,4,4,144,bicjpeg93,35.532804,0.885128,32.718631,0.968258,4,0.050733,33.916499,43.833901,35.163344,0.898156,0.27919,0.277781,0.793,cuda
span_ch26,ami,079,left,079_left,4,4,144,bicjpeg93,36.73136,0.906974,33.829255,0.973005,4,0.046458,35.349764,44.336019,36.80699,0.914101,0.26932,0.255197,0.806,cuda
span_ch26,ami,079,right,079_right,4,4,144,bicjpeg93,36.394735,0.90848,33.270594,0.973495,4,0.045027,34.70825,43.934253,35.196259,0.901008,0.266052,0.259254,0.806,cuda
span_ch26,ami,079,up,079_up,4,4,144,bicjpeg93,35.164567,0.877711,32.465857,0.967177,4,0.04812,33.695092,43.741264,34.836926,0.890799,0.290203,0.275067,0.801,cuda
span_ch26,ami,079,zoom,079_zoom,4,4,144,bicjpeg93,36.399053,0.90531,33.341214,0.973091,4,0.042499,34.776915,44.211541,36.190979,0.912284,0.242307,0.270709,0.802,cuda
span_ch26,ami,080,back,080_back,3,4,144,bicjpeg93,38.053124,0.920332,35.036031,0.975345,4,0.039893,36.700502,44.924568,36.527645,0.911061,0.233046,0.256238,0.802,cuda
span_ch26,ami,080,down,080_down,3,4,144,bicjpeg93,38.4787,0.924971,35.35086,0.976707,4,0.03224,37.091467,45.349743,36.931347,0.918412,0.236291,0.276521,0.826,cuda
span_ch26,ami,080,front,080_front,3,4,144,bicjpeg93,38.292983,0.923232,35.202148,0.976569,4,0.035375,36.653222,45.392976,36.672966,0.913367,0.227675,0.281609,0.796,cuda
span_ch26,ami,080,left,080_left,3,4,144,bicjpeg93,38.466629,0.92605,35.575834,0.978085,4,0.034919,36.845631,45.583047,37.214127,0.919311,0.27881,0.275802,0.791,cuda
span_ch26,ami,080,right,080_right,3,4,144,bicjpeg93,37.942103,0.927371,34.739242,0.976208,4,0.038639,36.140544,44.975526,35.663,0.90593,0.205548,0.285727,0.818,cuda
span_ch26,ami,080,up,080_up,3,4,144,bicjpeg93,37.341915,0.905495,34.611214,0.971016,4,0.040378,36.059682,44.61282,36.121171,0.903569,0.242235,0.282133,0.791,cuda
span_ch26,ami,080,zoom,080_zoom,3,4,144,bicjpeg93,38.978125,0.933404,35.581607,0.979037,4,0.030159,37.427117,45.498168,37.443483,0.928683,0.232028,0.298027,0.797,cuda
span_ch26,ami,081,back,081_back,1,4,144,bicjpeg93,37.271197,0.909325,33.815089,0.972131,4,0.038269,35.746379,44.60262,35.78218,0.901708,0.24556,0.266636,0.81,cuda
span_ch26,ami,081,down,081_down,1,4,144,bicjpeg93,36.364665,0.887328,33.496753,0.965746,4,0.045849,34.53146,44.394688,34.797258,0.873977,0.287126,0.29532,0.805,cuda
span_ch26,ami,081,front,081_front,1,4,144,bicjpeg93,36.199763,0.881816,33.374067,0.965143,4,0.046149,34.406586,44.094704,34.809631,0.87494,0.282008,0.293993,0.826,cuda
span_ch26,ami,081,left,081_left,1,4,144,bicjpeg93,37.062916,0.892394,34.174444,0.967176,4,0.040047,35.600302,44.671048,35.898476,0.88366,0.320376,0.312249,0.805,cuda
span_ch26,ami,081,right,081_right,1,4,144,bicjpeg93,38.14596,0.934045,34.781642,0.978593,4,0.034864,36.257397,45.240522,35.654376,0.906937,0.185686,0.258153,0.806,cuda
span_ch26,ami,081,up,081_up,1,4,144,bicjpeg93,35.905737,0.877359,33.138343,0.964882,4,0.048596,34.194154,43.926332,34.830078,0.874955,0.275351,0.305961,0.797,cuda
span_ch26,ami,081,zoom,081_zoom,1,4,144,bicjpeg93,37.118695,0.905417,33.794298,0.970817,4,0.040917,35.446451,44.371898,35.737133,0.902699,0.25821,0.266174,0.802,cuda
span_ch26,ami,082,back,082_back,2,4,144,bicjpeg93,36.894402,0.91571,33.890779,0.974321,4,0.046589,34.722542,44.580414,35.109611,0.905717,0.189534,0.276006,0.823,cuda
span_ch26,ami,082,down,082_down,2,4,144,bicjpeg93,36.082482,0.893177,33.307617,0.970221,4,0.046824,34.354148,44.246281,35.290112,0.909172,0.240633,0.2652,0.783,cuda
span_ch26,ami,082,front,082_front,2,4,144,bicjpeg93,36.073393,0.891921,33.348243,0.969193,4,0.045994,34.246753,44.044377,35.348876,0.907459,0.244476,0.266286,0.8,cuda
span_ch26,ami,082,left,082_left,2,4,144,bicjpeg93,36.516884,0.902859,33.678834,0.972378,4,0.044672,34.660113,44.222393,35.246355,0.90681,0.233364,0.261436,0.833,cuda
span_ch26,ami,082,right,082_right,2,4,144,bicjpeg93,36.996794,0.910772,34.05136,0.972599,4,0.04342,35.171899,44.369101,35.557838,0.908774,0.228608,0.263435,0.794,cuda
span_ch26,ami,082,up,082_up,2,4,144,bicjpeg93,36.90697,0.909749,33.884638,0.973919,4,0.042513,34.991543,44.27873,35.952936,0.917741,0.226837,0.281153,0.825,cuda
span_ch26,ami,082,zoom,082_zoom,2,4,144,bicjpeg93,37.06375,0.911435,34.005687,0.975865,4,0.042831,35.465286,44.436061,36.930741,0.933007,0.180933,0.239203,0.808,cuda
span_ch26,ami,083,back,083_back,4,4,144,bicjpeg93,36.05184,0.888792,33.046064,0.966421,4,0.044983,34.17706,43.607841,36.146056,0.911449,0.215168,0.28284,0.802,cuda
span_ch26,ami,083,down,083_down,4,4,144,bicjpeg93,35.445689,0.868986,32.769543,0.963405,4,0.048295,33.4442,43.81076,35.333974,0.904261,0.256831,0.287324,0.789,cuda
span_ch26,ami,083,front,083_front,4,4,144,bicjpeg93,35.52781,0.872572,32.710147,0.965367,4,0.050492,33.559897,43.573219,35.678322,0.906942,0.21275,0.284842,0.78,cuda
span_ch26,ami,083,left,083_left,4,4,144,bicjpeg93,36.477096,0.89223,33.30861,0.970413,4,0.043697,34.540815,44.217918,36.352032,0.913848,0.222987,0.294535,0.8,cuda
span_ch26,ami,083,right,083_right,4,4,144,bicjpeg93,37.291011,0.914031,34.021882,0.975235,4,0.043013,35.541856,44.70252,35.959493,0.9072,0.214782,0.260552,0.802,cuda
span_ch26,ami,083,up,083_up,4,4,144,bicjpeg93,35.159331,0.865554,32.473629,0.962593,4,0.054178,33.228802,43.685654,35.550838,0.899716,0.226598,0.276287,0.808,cuda
span_ch26,ami,083,zoom,083_zoom,4,4,144,bicjpeg93,36.355092,0.891806,33.309127,0.969767,4,0.046181,34.61458,43.611818,36.822573,0.922406,0.232901,0.266408,0.796,cuda
span_ch26,ami,084,back,084_back,3,4,144,bicjpeg93,36.188232,0.887966,33.473918,0.967167,4,0.046352,34.56021,44.139444,35.45938,0.899496,0.250496,0.257156,0.803,cuda
span_ch26,ami,084,down,084_down,3,4,144,bicjpeg93,35.460801,0.883386,33.106031,0.968394,4,0.049773,33.785965,43.810508,35.43935,0.90091,0.270068,0.283496,0.833,cuda
span_ch26,ami,084,front,084_front,3,4,144,bicjpeg93,35.6617,0.888615,33.224351,0.969878,4,0.046898,34.061173,43.989641,35.673477,0.908435,0.265936,0.291259,0.82,cuda
span_ch26,ami,084,left,084_left,3,4,144,bicjpeg93,36.007806,0.888825,33.720705,0.967295,4,0.05363,34.475732,43.892962,35.802634,0.899855,0.245527,0.273147,0.819,cuda
span_ch26,ami,084,right,084_right,3,4,144,bicjpeg93,36.793923,0.904608,33.911092,0.972919,4,0.041903,34.945898,44.399209,35.691144,0.906702,0.23394,0.257934,0.814,cuda
span_ch26,ami,084,up,084_up,3,4,144,bicjpeg93,35.369889,0.884028,32.910417,0.969345,4,0.051537,33.683807,44.00517,35.417427,0.903066,0.251023,0.277286,0.806,cuda
span_ch26,ami,084,zoom,084_zoom,3,4,144,bicjpeg93,36.278773,0.903689,33.595625,0.973626,4,0.044884,34.742809,43.955889,36.671387,0.920059,0.249928,0.273478,0.78,cuda
span_ch26,ami,085,back,085_back,4,4,144,bicjpeg93,37.70822,0.908058,34.524528,0.97201,4,0.042157,36.405868,45.061963,36.961298,0.906505,0.248045,0.256499,0.772,cuda
span_ch26,ami,085,down,085_down,4,4,144,bicjpeg93,36.875283,0.894511,34.401202,0.969656,4,0.045204,35.158184,44.692621,36.718156,0.909692,0.280121,0.2857,0.819,cuda
span_ch26,ami,085,front,085_front,4,4,144,bicjpeg93,37.337649,0.902466,34.644562,0.97159,4,0.042645,35.841798,44.740895,37.08734,0.912397,0.258447,0.267703,0.803,cuda
span_ch26,ami,085,left,085_left,4,4,144,bicjpeg93,37.383587,0.901388,34.475813,0.9701,4,0.044167,35.907064,44.955247,37.434667,0.913523,0.240904,0.26465,0.83,cuda
span_ch26,ami,085,right,085_right,4,4,144,bicjpeg93,37.150765,0.904406,34.145199,0.97157,4,0.039006,35.634325,44.511321,36.18532,0.906508,0.26077,0.248355,0.821,cuda
span_ch26,ami,085,up,085_up,4,4,144,bicjpeg93,36.590999,0.88811,33.923949,0.967326,4,0.04783,35.225432,44.367972,36.022872,0.895428,0.267514,0.286891,0.799,cuda
span_ch26,ami,085,zoom,085_zoom,4,4,144,bicjpeg93,37.512094,0.909859,34.701993,0.974278,4,0.040146,36.017856,44.835725,37.419347,0.920033,0.246869,0.275599,0.809,cuda
span_ch26,ami,086,back,086_back,5,4,144,bicjpeg93,37.073645,0.908813,33.834067,0.973767,4,0.040315,35.65466,44.110633,36.018951,0.912251,0.232955,0.237524,0.809,cuda
span_ch26,ami,086,down,086_down,5,4,144,bicjpeg93,36.134244,0.893898,33.33144,0.970243,4,0.045631,34.411337,43.930266,35.774922,0.913117,0.24865,0.260504,0.808,cuda
span_ch26,ami,086,front,086_front,5,4,144,bicjpeg93,35.896717,0.890019,33.240011,0.968957,4,0.046433,34.309212,43.573115,35.458878,0.912689,0.241178,0.26352,0.772,cuda
span_ch26,ami,086,left,086_left,5,4,144,bicjpeg93,36.713702,0.90043,33.815708,0.970241,4,0.044371,35.303061,44.135625,36.149684,0.908977,0.227176,0.242608,0.799,cuda
span_ch26,ami,086,right,086_right,5,4,144,bicjpeg93,37.384738,0.91635,33.953575,0.974343,4,0.038731,35.823519,44.441845,36.090056,0.911551,0.219732,0.258618,0.809,cuda
span_ch26,ami,086,up,086_up,5,4,144,bicjpeg93,36.418356,0.900886,33.291206,0.971203,4,0.044818,35.011081,43.914868,35.657631,0.913799,0.212335,0.244868,0.796,cuda
span_ch26,ami,086,zoom,086_zoom,5,4,144,bicjpeg93,36.571718,0.905843,33.66431,0.972138,4,0.049483,35.040109,43.693905,36.456684,0.92071,0.216308,0.250347,0.78,cuda
span_ch26,ami,087,back,087_back,4,4,144,bicjpeg93,36.280276,0.890183,33.370149,0.966678,4,0.044972,34.793036,43.546926,35.369552,0.897198,0.251527,0.271817,0.806,cuda
span_ch26,ami,087,down,087_down,4,4,144,bicjpeg93,36.856025,0.911541,33.831765,0.974985,4,0.043806,35.405471,44.110695,36.049975,0.920072,0.231203,0.251171,0.823,cuda
span_ch26,ami,087,front,087_front,4,4,144,bicjpeg93,37.537807,0.919727,34.230531,0.975764,4,0.041408,35.960354,44.435489,36.431418,0.922219,0.219586,0.276427,0.794,cuda
span_ch26,ami,087,left,087_left,4,4,144,bicjpeg93,37.353181,0.915157,34.245347,0.974517,4,0.040387,35.938139,44.361164,36.677911,0.924274,0.232989,0.249506,0.808,cuda
span_ch26,ami,087,right,087_right,4,4,144,bicjpeg93,37.639999,0.928802,34.404158,0.978664,4,0.035892,35.703196,44.555908,35.955626,0.914525,0.183094,0.231771,0.816,cuda
span_ch26,ami,087,up,087_up,4,4,144,bicjpeg93,36.580342,0.910487,33.632822,0.974441,4,0.045841,35.030977,43.964781,35.891328,0.910281,0.231464,0.233491,0.777,cuda
span_ch26,ami,087,zoom,087_zoom,4,4,144,bicjpeg93,38.018887,0.929369,34.551206,0.978717,4,0.039366,36.612001,44.286895,37.244634,0.930418,0.197155,0.248707,0.812,cuda
span_ch26,ami,088,back,088_back,1,4,144,bicjpeg93,36.059842,0.901203,33.336881,0.969993,4,0.045997,34.42515,43.195952,35.828195,0.917805,0.219006,0.234008,0.808,cuda
span_ch26,ami,088,down,088_down,1,4,144,bicjpeg93,37.294343,0.92276,33.958792,0.977364,4,0.037862,35.770547,44.386173,36.110633,0.923789,0.211161,0.265957,0.781,cuda
span_ch26,ami,088,front,088_front,1,4,144,bicjpeg93,37.158472,0.916798,33.942222,0.975879,4,0.038003,35.503511,44.383664,35.955063,0.915394,0.21776,0.278076,0.813,cuda
span_ch26,ami,088,left,088_left,1,4,144,bicjpeg93,38.12335,0.932933,34.71744,0.979811,4,0.035472,36.776556,44.724954,37.26587,0.934626,0.198586,0.256146,0.808,cuda
span_ch26,ami,088,right,088_right,1,4,144,bicjpeg93,37.85048,0.929936,34.345523,0.978198,4,0.032761,36.198677,44.530039,36.397277,0.91636,0.189388,0.250259,0.785,cuda
span_ch26,ami,088,up,088_up,1,4,144,bicjpeg93,36.999345,0.91731,33.890499,0.976226,4,0.038289,35.324564,44.166383,36.618863,0.925598,0.20812,0.258929,0.822,cuda
span_ch26,ami,088,zoom,088_zoom,1,4,144,bicjpeg93,37.679853,0.929107,34.191215,0.979403,4,0.03543,36.235291,44.229329,37.510944,0.928822,0.199675,0.262973,0.78,cuda
span_ch26,ami,089,back,089_back,1,4,144,bicjpeg93,37.414821,0.924934,34.215301,0.978198,4,0.035537,36.097986,44.391822,36.653901,0.927847,0.218726,0.246854,0.785,cuda
span_ch26,ami,089,down,089_down,1,4,144,bicjpeg93,36.732534,0.907243,33.814685,0.973989,4,0.039872,35.177624,44.013287,36.630079,0.920783,0.246682,0.241464,0.831,cuda
span_ch26,ami,089,front,089_front,1,4,144,bicjpeg93,36.788948,0.909354,33.777186,0.973551,4,0.039964,35.084927,44.04793,36.118875,0.914551,0.219388,0.247755,0.795,cuda
span_ch26,ami,089,left,089_left,1,4,144,bicjpeg93,36.748477,0.911687,33.994176,0.975068,4,0.04238,35.227782,44.337192,37.232613,0.928357,0.230479,0.264785,0.785,cuda
span_ch26,ami,089,right,089_right,1,4,144,bicjpeg93,37.125377,0.913226,33.779295,0.973144,4,0.042085,35.337018,43.933411,36.004282,0.907369,0.234407,0.247881,0.817,cuda
span_ch26,ami,089,up,089_up,1,4,144,bicjpeg93,37.127702,0.913231,33.867043,0.974602,4,0.040344,35.59062,44.241374,36.395155,0.917521,0.233438,0.239049,0.794,cuda
span_ch26,ami,089,zoom,089_zoom,1,4,144,bicjpeg93,37.386687,0.920546,34.24527,0.977461,4,0.040096,36.001725,44.055013,37.476401,0.937996,0.215692,0.210632,0.811,cuda
span_ch26,ami,090,back,090_back,1,4,144,bicjpeg93,35.669934,0.920104,32.887136,0.975414,4,0.043756,33.525506,43.978068,33.388046,0.915527,0.207552,0.263483,0.814,cuda
span_ch26,ami,090,down,090_down,1,4,144,bicjpeg93,36.127477,0.915115,33.346062,0.975033,4,0.041917,34.130619,43.921381,34.01706,0.906535,0.185434,0.243506,0.803,cuda
span_ch26,ami,090,front,090_front,1,4,144,bicjpeg93,36.273986,0.918129,33.46818,0.975146,4,0.039003,34.315943,43.860759,34.164086,0.911418,0.173931,0.254517,0.782,cuda
span_ch26,ami,090,left,090_left,1,4,144,bicjpeg93,35.426796,0.917263,32.8729,0.974267,4,0.045679,33.242163,43.798006,32.99609,0.909618,0.20147,0.236243,0.792,cuda
span_ch26,ami,090,right,090_right,1,4,144,bicjpeg93,36.569494,0.920821,33.583994,0.975365,4,0.04264,34.684752,44.039371,34.432257,0.908367,0.189128,0.252719,0.781,cuda
span_ch26,ami,090,up,090_up,1,4,144,bicjpeg93,36.189858,0.918058,33.340253,0.974902,4,0.040875,34.180382,44.125891,34.31302,0.913579,0.20018,0.249027,0.832,cuda
span_ch26,ami,090,zoom,090_zoom,1,4,144,bicjpeg93,36.514755,0.925348,33.487238,0.978002,4,0.03884,34.863118,43.799808,34.873121,0.921144,0.168527,0.235048,0.798,cuda
span_ch26,ami,091,back,091_back,4,4,144,bicjpeg93,34.392398,0.873986,31.972824,0.965483,4,0.052358,31.770686,43.613176,34.61128,0.892916,0.246853,0.280971,0.791,cuda
span_ch26,ami,091,down,091_down,4,4,144,bicjpeg93,34.706573,0.869119,32.317406,0.967096,4,0.060955,32.533348,44.019827,35.319396,0.912006,0.259109,0.256512,0.81,cuda
span_ch26,ami,091,front,091_front,4,4,144,bicjpeg93,34.146142,0.856818,31.907431,0.962965,4,0.071019,32.029341,43.713156,34.278658,0.88748,0.267327,0.258271,0.814,cuda
span_ch26,ami,091,left,091_left,4,4,144,bicjpeg93,35.59532,0.886796,33.184222,0.970494,4,0.053295,33.598628,44.345084,35.738025,0.910393,0.234976,0.261919,0.793,cuda
span_ch26,ami,091,right,091_right,4,4,144,bicjpeg93,36.140701,0.896075,33.334481,0.971203,4,0.048228,34.355383,43.802919,34.935399,0.896397,0.215203,0.283617,0.808,cuda
span_ch26,ami,091,up,091_up,4,4,144,bicjpeg93,34.468352,0.864559,32.169211,0.963923,4,0.054279,32.454387,43.282872,34.463017,0.888214,0.232592,0.273332,0.812,cuda
span_ch26,ami,091,zoom,091_zoom,4,4,144,bicjpeg93,35.334245,0.881848,32.820013,0.969326,4,0.056251,33.255682,43.882759,35.895413,0.910949,0.225741,0.282232,0.776,cuda
span_ch26,ami,092,back,092_back,3,4,144,bicjpeg93,34.340779,0.839802,31.574308,0.957076,4,0.062311,32.521898,43.224102,35.348504,0.895977,0.326149,0.273208,0.805,cuda
span_ch26,ami,092,down,092_down,3,4,144,bicjpeg93,34.45723,0.837113,31.795211,0.956577,4,0.056706,33.016176,43.083632,35.011945,0.889037,0.331735,0.265282,0.803,cuda
span_ch26,ami,092,front,092_front,3,4,144,bicjpeg93,34.311858,0.839995,31.660362,0.957506,4,0.053037,32.894446,43.149357,34.876961,0.886362,0.331169,0.288362,0.794,cuda
span_ch26,ami,092,left,092_left,3,4,144,bicjpeg93,35.402237,0.858737,32.78022,0.961865,4,0.050306,33.9636,44.126607,36.000144,0.897427,0.351965,0.29643,0.809,cuda
span_ch26,ami,092,right,092_right,3,4,144,bicjpeg93,34.5033,0.832593,31.693444,0.954795,4,0.054978,32.861901,43.18469,34.749986,0.869658,0.37659,0.299337,0.801,cuda
span_ch26,ami,092,up,092_up,3,4,144,bicjpeg93,34.363774,0.840467,31.68858,0.956388,4,0.058575,32.832023,43.041355,34.779605,0.879813,0.329238,0.26278,0.809,cuda
span_ch26,ami,092,zoom,092_zoom,3,4,144,bicjpeg93,35.684632,0.879101,32.59495,0.967066,4,0.047506,34.211636,43.509419,36.495554,0.913005,0.322204,0.295074,0.826,cuda
span_ch26,ami,093,back,093_back,4,4,144,bicjpeg93,34.473743,0.868942,31.961222,0.963306,4,0.054697,32.750332,43.711496,34.974395,0.901996,0.248817,0.249025,0.823,cuda
span_ch26,ami,093,down,093_down,4,4,144,bicjpeg93,35.802135,0.887759,32.939714,0.968529,4,0.044238,34.214889,43.855703,35.61545,0.906756,0.288834,0.312812,0.81,cuda
span_ch26,ami,093,front,093_front,4,4,144,bicjpeg93,35.374247,0.883595,32.610283,0.968482,4,0.045152,33.774966,43.726023,35.782446,0.907836,0.301274,0.303255,0.798,cuda
span_ch26,ami,093,left,093_left,4,4,144,bicjpeg93,36.229023,0.900006,33.309354,0.971475,4,0.043462,34.724919,44.540455,35.864972,0.9084,0.278719,0.290048,0.802,cuda
span_ch26,ami,093,right,093_right,4,4,144,bicjpeg93,35.916834,0.893563,32.85764,0.970814,4,0.04922,34.269058,43.891074,35.2099,0.901481,0.290724,0.266547,0.78,cuda
span_ch26,ami,093,up,093_up,4,4,144,bicjpeg93,34.727487,0.873553,32.01949,0.967345,4,0.048896,32.861342,43.524488,34.959128,0.899708,0.270019,0.283374,0.805,cuda
span_ch26,ami,093,zoom,093_zoom,4,4,144,bicjpeg93,35.344048,0.887201,32.458549,0.970364,4,0.046153,33.675356,43.687679,36.33007,0.911646,0.284116,0.292946,0.825,cuda
span_ch26,ami,094,back,094_back,3,4,144,bicjpeg93,34.40172,0.883809,31.761931,0.968062,4,0.053516,31.724644,43.657529,34.008078,0.892097,0.275655,0.261642,0.809,cuda
span_ch26,ami,094,down,094_down,3,4,144,bicjpeg93,36.880147,0.910999,33.768158,0.974908,4,0.039618,35.236827,44.212997,35.931494,0.919218,0.214246,0.261407,0.784,cuda
span_ch26,ami,094,front,094_front,3,4,144,bicjpeg93,37.144958,0.913545,33.735169,0.974871,4,0.038256,35.668194,44.211572,36.135282,0.912484,0.229184,0.252428,0.795,cuda
span_ch26,ami,094,left,094_left,3,4,144,bicjpeg93,36.781068,0.907041,33.678483,0.973467,4,0.042263,35.224143,44.096436,35.812557,0.908095,0.244118,0.271406,0.808,cuda
span_ch26,ami,094,right,094_right,3,4,144,bicjpeg93,35.976697,0.894284,32.804026,0.971369,4,0.046744,34.170251,44.075917,35.523701,0.906671,0.251772,0.257849,0.832,cuda
span_ch26,ami,094,up,094_up,3,4,144,bicjpeg93,36.178939,0.902163,33.174186,0.972108,4,0.044562,34.492474,43.987303,35.95699,0.908942,0.253453,0.254882,0.799,cuda
span_ch26,ami,094,zoom,094_zoom,3,4,144,bicjpeg93,36.220324,0.904649,33.079426,0.974382,4,0.044561,34.418753,43.894093,36.4012,0.915759,0.255548,0.253492,0.799,cuda
span_ch26,ami,095,back,095_back,3,4,144,bicjpeg93,36.935632,0.909305,33.911633,0.974518,4,0.039845,35.296912,44.404191,35.906164,0.913575,0.200617,0.266159,0.821,cuda
span_ch26,ami,095,down,095_down,3,4,144,bicjpeg93,36.431332,0.901051,33.741132,0.971857,4,0.044162,34.670846,44.278162,35.251398,0.908764,0.219697,0.26836,0.803,cuda
span_ch26,ami,095,front,095_front,3,4,144,bicjpeg93,35.886746,0.897448,33.279782,0.971458,4,0.043234,34.111998,43.903351,35.155374,0.902425,0.207867,0.273942,0.789,cuda
span_ch26,ami,095,left,095_left,3,4,144,bicjpeg93,36.170137,0.892415,33.588961,0.969743,4,0.045728,34.576026,43.915576,35.262921,0.901256,0.24515,0.278511,0.807,cuda
span_ch26,ami,095,right,095_right,3,4,144,bicjpeg93,36.304706,0.909564,33.265201,0.975873,4,0.038462,34.225987,44.495095,35.3808,0.909504,0.222323,0.270258,0.824,cuda
span_ch26,ami,095,up,095_up,3,4,144,bicjpeg93,35.295984,0.879818,32.809187,0.968395,4,0.046071,33.298681,44.07992,35.017564,0.895966,0.233175,0.264649,0.777,cuda
span_ch26,ami,095,zoom,095_zoom,3,4,144,bicjpeg93,36.218087,0.900929,33.488911,0.973045,4,0.041355,34.304021,43.963968,35.711711,0.912175,0.207126,0.28124,0.807,cuda
span_ch26,ami,096,back,096_back,5,4,144,bicjpeg93,34.046841,0.862408,31.340342,0.965285,4,0.051601,32.237127,43.319281,35.447689,0.892956,0.273161,0.262951,0.804,cuda
span_ch26,ami,096,down,096_down,5,4,144,bicjpeg93,34.189648,0.880827,31.482028,0.969775,4,0.049101,32.042946,43.507014,35.369966,0.90338,0.305358,0.272201,0.818,cuda
span_ch26,ami,096,front,096_front,5,4,144,bicjpeg93,33.658447,0.876282,31.024285,0.966974,4,0.053178,31.14038,43.503578,35.020766,0.886188,0.268971,0.266102,0.789,cuda
span_ch26,ami,096,left,096_left,5,4,144,bicjpeg93,35.64386,0.885708,32.775573,0.970223,4,0.04238,34.234148,43.855487,35.486641,0.89541,0.286451,0.276534,0.806,cuda
span_ch26,ami,096,right,096_right,5,4,144,bicjpeg93,35.197917,0.876844,32.105453,0.968386,4,0.04917,33.601018,43.613123,34.538515,0.876573,0.278791,0.254976,0.793,cuda
span_ch26,ami,096,up,096_up,5,4,144,bicjpeg93,33.355306,0.85249,30.755141,0.96115,4,0.059458,31.546328,42.859985,34.609197,0.869928,0.278721,0.248058,0.808,cuda
span_ch26,ami,096,zoom,096_zoom,5,4,144,bicjpeg93,34.416169,0.877505,31.473838,0.969732,4,0.055524,32.420157,43.54475,35.859419,0.89868,0.293455,0.269134,0.805,cuda
span_ch26,ami,097,back,097_back,4,4,144,bicjpeg93,36.530583,0.901417,33.509873,0.97127,4,0.039613,34.719478,44.358215,35.135301,0.899914,0.265631,0.295537,0.811,cuda
span_ch26,ami,097,down,097_down,4,4,144,bicjpeg93,36.691678,0.902093,33.760084,0.971242,4,0.042531,35.20257,44.420556,35.290574,0.894063,0.254438,0.282817,0.824,cuda
span_ch26,ami,097,front,097_front,4,4,144,bicjpeg93,36.117994,0.898189,33.411546,0.971572,4,0.044719,34.291765,44.018447,35.025001,0.894789,0.240586,0.277296,0.78,cuda
span_ch26,ami,097,left,097_left,4,4,144,bicjpeg93,36.53916,0.908076,33.903412,0.973485,4,0.047265,34.73812,44.517201,35.990869,0.912863,0.232018,0.279687,0.798,cuda
span_ch26,ami,097,right,097_right,4,4,144,bicjpeg93,36.079904,0.897364,33.19325,0.970103,4,0.045967,34.289605,43.926274,35.015707,0.893849,0.251609,0.274548,0.819,cuda
span_ch26,ami,097,up,097_up,4,4,144,bicjpeg93,36.628068,0.902512,33.858414,0.971655,4,0.041082,34.844801,44.434612,35.583623,0.899522,0.250097,0.271716,0.78,cuda
span_ch26,ami,097,zoom,097_zoom,4,4,144,bicjpeg93,36.701275,0.906863,33.721667,0.97455,4,0.038582,35.005265,44.171522,36.380445,0.921052,0.250409,0.285814,0.801,cuda
span_ch26,ami,098,back,098_back,2,4,144,bicjpeg93,36.561378,0.901481,33.416822,0.970654,4,0.043106,34.867035,44.245587,35.128151,0.885703,0.243583,0.272273,0.814,cuda
span_ch26,ami,098,down,098_down,2,4,144,bicjpeg93,37.02864,0.906684,33.827858,0.971933,4,0.042503,35.230628,44.714151,35.805975,0.908281,0.289468,0.280806,0.822,cuda
span_ch26,ami,098,front,098_front,2,4,144,bicjpeg93,36.791215,0.906954,33.650781,0.971426,4,0.045829,34.851539,44.316063,35.511673,0.902605,0.286873,0.282064,0.801,cuda
span_ch26,ami,098,left,098_left,2,4,144,bicjpeg93,38.056123,0.919169,34.84708,0.974115,4,0.0382,36.414099,45.130494,36.810748,0.910954,0.294147,0.294151,0.83,cuda
span_ch26,ami,098,right,098_right,2,4,144,bicjpeg93,36.938521,0.912607,33.586099,0.974313,4,0.042675,35.207491,44.185597,35.73244,0.900899,0.229308,0.261917,0.815,cuda
span_ch26,ami,098,up,098_up,2,4,144,bicjpeg93,35.855221,0.885258,32.91831,0.967117,4,0.046607,34.107602,43.701066,35.065133,0.888095,0.266343,0.304425,0.805,cuda
span_ch26,ami,098,zoom,098_zoom,2,4,144,bicjpeg93,37.346812,0.913589,33.869099,0.974214,4,0.041997,35.700299,44.355921,36.182054,0.913073,0.232778,0.267645,0.8,cuda
span_ch26,ami,099,back,099_back,1,4,144,bicjpeg93,36.026128,0.891161,33.129099,0.97034,4,0.044009,34.416792,43.952959,35.125421,0.893596,0.242404,0.268866,0.799,cuda
span_ch26,ami,099,down,099_down,1,4,144,bicjpeg93,36.470837,0.899168,33.60946,0.971772,4,0.042092,34.687745,44.137335,35.826115,0.908022,0.254371,0.270225,0.833,cuda
span_ch26,ami,099,front,099_front,1,4,144,bicjpeg93,35.846615,0.886705,32.991337,0.970431,4,0.044158,34.340536,43.795807,35.688009,0.902409,0.275482,0.291765,0.807,cuda
span_ch26,ami,099,left,099_left,1,4,144,bicjpeg93,36.399815,0.897878,33.63225,0.972503,4,0.040271,34.817859,44.141915,35.577681,0.895444,0.261104,0.253634,0.804,cuda
span_ch26,ami,099,right,099_right,1,4,144,bicjpeg93,36.257557,0.895133,33.133377,0.971768,4,0.043068,34.399347,44.118053,35.370206,0.900095,0.269808,0.261501,0.8,cuda
span_ch26,ami,099,up,099_up,1,4,144,bicjpeg93,35.874258,0.883695,33.123124,0.969075,4,0.043204,34.286105,43.501254,35.991152,0.90608,0.257133,0.258953,0.791,cuda
span_ch26,ami,099,zoom,099_zoom,1,4,144,bicjpeg93,36.728539,0.905164,33.627757,0.973585,4,0.039938,35.132979,44.130214,36.977934,0.916444,0.236798,0.252875,0.803,cuda
span_ch26,ami,100,back,100_back,1,4,144,bicjpeg93,35.321563,0.85353,32.265036,0.95735,4,0.048266,33.637222,43.501481,34.904147,0.873934,0.305142,0.270552,0.811,cuda
span_ch26,ami,100,down,100_down,1,4,144,bicjpeg93,34.845558,0.846353,32.277793,0.96024,4,0.054893,33.212318,43.887213,35.376278,0.890725,0.346209,0.296584,0.805,cuda
span_ch26,ami,100,front,100_front,1,4,144,bicjpeg93,35.010335,0.848632,32.271713,0.957996,4,0.049932,33.382399,43.530011,35.033337,0.873559,0.359074,0.299011,0.813,cuda
span_ch26,ami,100,left,100_left,1,4,144,bicjpeg93,35.651976,0.855919,32.955881,0.958962,4,0.045848,34.121373,44.272465,35.304748,0.875618,0.388891,0.303104,0.82,cuda
span_ch26,ami,100,right,100_right,1,4,144,bicjpeg93,34.711636,0.83673,31.944345,0.955325,4,0.052657,33.036332,43.352153,34.928988,0.867686,0.37469,0.292669,0.793,cuda
span_ch26,ami,100,up,100_up,1,4,144,bicjpeg93,34.553588,0.83476,31.904871,0.952729,4,0.048411,33.181407,43.18606,34.406033,0.849541,0.331728,0.268159,0.817,cuda
span_ch26,ami,100,zoom,100_zoom,1,4,144,bicjpeg93,34.798125,0.851511,32.022464,0.961721,4,0.051475,33.037029,43.98475,35.713826,0.885759,0.349081,0.288771,0.793,cuda
span_ch26,ami,101,back,101_back,1,4,144,bicjpeg93,36.071711,0.891881,33.030009,0.96889,4,0.044633,34.193658,44.123843,35.130731,0.898278,0.236111,0.272707,0.796,cuda
span_ch26,ami,101,down,101_down,1,4,144,bicjpeg93,36.564165,0.899648,33.619266,0.970704,4,0.041791,34.880468,44.523165,35.753596,0.912034,0.264136,0.259998,0.791,cuda
span_ch26,ami,101,front,101_front,1,4,144,bicjpeg93,36.851309,0.906354,33.83968,0.972512,4,0.040351,35.297195,44.229876,35.87978,0.911218,0.222055,0.280905,0.803,cuda
span_ch26,ami,101,left,101_left,1,4,144,bicjpeg93,36.733002,0.899762,33.834535,0.969252,4,0.045498,34.978379,44.404724,35.547003,0.896765,0.283486,0.298587,0.8,cuda
span_ch26,ami,101,right,101_right,1,4,144,bicjpeg93,36.346817,0.899488,33.329142,0.97103,4,0.043984,34.900397,44.013731,35.393167,0.90078,0.257437,0.279612,0.797,cuda
span_ch26,ami,101,up,101_up,1,4,144,bicjpeg93,36.243077,0.893941,33.334296,0.970104,4,0.041774,34.787631,44.0123,35.958081,0.907747,0.239786,0.273605,0.806,cuda
span_ch26,ami,101,zoom,101_zoom,1,4,144,bicjpeg93,36.95924,0.906813,33.724976,0.974098,4,0.041134,35.416877,44.215331,36.352735,0.917755,0.241396,0.262999,0.823,cuda
span_ch26,ami,102,back,102_back,1,4,144,bicjpeg93,35.532128,0.873955,32.548874,0.968002,4,0.046318,34.085259,43.574335,35.309978,0.900205,0.291112,0.301157,0.799,cuda
span_ch26,ami,102,down,102_down,1,4,144,bicjpeg93,34.664075,0.856825,32.176732,0.964038,4,0.054371,33.330898,43.185845,35.523951,0.904763,0.333998,0.290612,0.823,cuda
span_ch26,ami,102,front,102_front,1,4,144,bicjpeg93,35.007418,0.864056,32.454717,0.965543,4,0.053164,33.536252,43.455906,35.899105,0.905035,0.327243,0.28391,0.782,cuda
span_ch26,ami,102,left,102_left,1,4,144,bicjpeg93,35.405766,0.866219,32.617402,0.965727,4,0.047497,34.016819,43.783701,35.928007,0.899935,0.337613,0.292746,0.813,cuda
span_ch26,ami,102,right,102_right,1,4,144,bicjpeg93,34.389539,0.850885,31.849136,0.96207,4,0.056358,32.706031,43.064011,33.976815,0.870448,0.30563,0.263355,0.779,cuda
span_ch26,ami,102,up,102_up,1,4,144,bicjpeg93,34.025835,0.842359,31.638914,0.960537,4,0.055012,32.668548,42.973752,34.574916,0.881933,0.320609,0.280122,0.795,cuda
span_ch26,ami,102,zoom,102_zoom,1,4,144,bicjpeg93,35.365717,0.87835,32.59748,0.969344,4,0.047557,33.738939,43.918651,35.999506,0.90267,0.337816,0.300207,0.803,cuda
span_ch26,ami,103,back,103_back,2,4,144,bicjpeg93,36.321826,0.896277,33.202052,0.968988,4,0.04625,34.548527,43.732895,35.023086,0.889628,0.215518,0.26172,0.812,cuda
span_ch26,ami,103,down,103_down,2,4,144,bicjpeg93,37.580957,0.920347,34.112511,0.976145,4,0.036315,35.986201,44.442808,36.047777,0.918418,0.229901,0.256461,0.818,cuda
span_ch26,ami,103,front,103_front,2,4,144,bicjpeg93,36.739975,0.909571,33.575333,0.974731,4,0.041808,34.857569,44.235509,35.459006,0.905347,0.251215,0.287103,0.8,cuda
span_ch26,ami,103,left,103_left,2,4,144,bicjpeg93,38.350612,0.928246,34.811772,0.977354,4,0.034955,36.927141,44.900329,36.624488,0.918956,0.236409,0.251015,0.801,cuda
span_ch26,ami,103,right,103_right,2,4,144,bicjpeg93,37.444481,0.917216,34.024278,0.974161,4,0.03941,35.901017,44.252857,36.217614,0.911139,0.22609,0.255852,0.789,cuda
span_ch26,ami,103,up,103_up,2,4,144,bicjpeg93,35.989731,0.90179,33.095966,0.971914,4,0.046256,34.042813,44.217889,36.213447,0.910675,0.232498,0.262014,0.844,cuda
span_ch26,ami,103,zoom,103_zoom,2,4,144,bicjpeg93,37.504055,0.920853,33.861295,0.978147,4,0.037645,35.871237,44.229093,36.435159,0.914719,0.219143,0.247061,0.799,cuda
span_ch26,ami,104,back,104_back,4,4,144,bicjpeg93,34.439695,0.883675,31.774528,0.96436,4,0.047682,32.322304,43.07936,32.137143,0.873414,0.250143,0.291463,0.813,cuda
span_ch26,ami,104,down,104_down,4,4,144,bicjpeg93,35.068479,0.885852,32.272918,0.965282,4,0.052498,32.822153,44.08121,33.168774,0.889765,0.271699,0.284205,0.799,cuda
span_ch26,ami,104,front,104_front,4,4,144,bicjpeg93,35.425132,0.894024,32.659681,0.967323,4,0.047523,33.512881,43.612584,33.777495,0.894528,0.268499,0.279958,0.785,cuda
span_ch26,ami,104,left,104_left,4,4,144,bicjpeg93,35.224438,0.892727,32.636582,0.96707,4,0.043709,33.299289,43.823637,33.158318,0.872619,0.239953,0.282082,0.807,cuda
span_ch26,ami,104,right,104_right,4,4,144,bicjpeg93,35.623817,0.901943,32.625047,0.96942,4,0.043862,34.022293,43.834385,33.477008,0.889916,0.219577,0.273594,0.779,cuda
span_ch26,ami,104,up,104_up,4,4,144,bicjpeg93,34.869403,0.883408,32.193708,0.964714,4,0.053956,32.77993,43.440407,34.221904,0.899555,0.270233,0.28147,0.803,cuda
span_ch26,ami,104,zoom,104_zoom,4,4,144,bicjpeg93,35.071503,0.893531,32.31358,0.969168,4,0.045273,32.791116,44.014012,34.308097,0.906128,0.25803,0.283822,0.792,cuda
span_ch26,ami,105,back,105_back,5,4,144,bicjpeg93,35.671716,0.878844,32.526712,0.966992,4,0.049982,33.992305,43.850783,34.453878,0.874934,0.256443,0.26116,0.82,cuda
span_ch26,ami,105,down,105_down,5,4,144,bicjpeg93,35.525791,0.88425,32.34275,0.969439,4,0.048595,33.500607,44.159298,34.302653,0.894727,0.293554,0.259846,0.792,cuda
span_ch26,ami,105,front,105_front,5,4,144,bicjpeg93,35.337577,0.87663,32.130762,0.967614,4,0.049504,33.478216,43.530356,34.927935,0.893271,0.281993,0.254662,0.827,cuda
span_ch26,ami,105,left,105_left,5,4,144,bicjpeg93,36.24181,0.891953,32.747993,0.970326,4,0.043022,34.498906,44.298733,34.963799,0.894586,0.274874,0.275409,0.802,cuda
span_ch26,ami,105,right,105_right,5,4,144,bicjpeg93,35.76487,0.889251,32.570339,0.969666,4,0.045475,34.262055,43.950002,35.147193,0.886365,0.243431,0.256918,0.814,cuda
span_ch26,ami,105,up,105_up,5,4,144,bicjpeg93,34.190647,0.866668,31.355287,0.964657,4,0.05008,32.537296,43.336747,34.552403,0.877842,0.2675,0.24805,0.809,cuda
span_ch26,ami,105,zoom,105_zoom,5,4,144,bicjpeg93,35.615665,0.882166,32.285813,0.970236,4,0.047887,33.872972,43.742141,35.446488,0.892328,0.261987,0.260927,0.834,cuda
span_ch26,ami,106,back,106_back,3,4,144,bicjpeg93,34.643523,0.847595,32.164549,0.957645,4,0.051364,32.897111,43.353137,35.361426,0.886202,0.329276,0.294973,0.811,cuda
span_ch26,ami,106,down,106_down,3,4,144,bicjpeg93,34.83294,0.860888,32.350619,0.964169,4,0.05181,33.431633,43.476822,35.958766,0.906595,0.353168,0.300955,0.802,cuda
span_ch26,ami,106,front,106_front,3,4,144,bicjpeg93,35.057938,0.859202,32.526143,0.962861,4,0.051426,33.598286,43.842814,35.815176,0.902587,0.340952,0.29669,0.78,cuda
span_ch26,ami,106,left,106_left,3,4,144,bicjpeg93,34.923159,0.860321,32.570893,0.962841,4,0.054368,33.373404,43.890368,36.103282,0.903399,0.309618,0.319633,0.807,cuda
span_ch26,ami,106,right,106_right,3,4,144,bicjpeg93,34.464215,0.837313,31.934059,0.954579,4,0.056046,32.842775,43.597425,35.504762,0.886874,0.32985,0.278789,0.787,cuda
span_ch26,ami,106,up,106_up,3,4,144,bicjpeg93,35.419716,0.861828,32.766754,0.962106,4,0.048641,34.116492,43.850461,36.232612,0.902493,0.355303,0.2955,0.799,cuda
span_ch26,ami,106,zoom,106_zoom,3,4,144,bicjpeg93,35.750036,0.882948,32.998029,0.968692,4,0.049641,34.432977,44.179146,36.593465,0.91481,0.297627,0.290482,0.796,cuda
