model,dataset,subject,view,key,fold,scale,tier,degrade,psnr_y,ssim_y,psnr_rgb,ms_ssim_y,ms_ssim_scales,gmsd,grad_psnr,lr_psnr_y,psnr_y_c,ssim_y_c,lpips,dists,host_ms,device
span26,ami,000,back,000_back,3,4,96,bic,33.383336,0.839844,31.598304,0.969784,4,0.053309,30.995041,64.669706,33.47533,0.886455,0.189788,0.232,0.854,cuda
span26,ami,000,down,000_down,3,4,96,bic,32.916342,0.84908,31.128634,0.972848,4,0.058122,30.621274,64.601189,31.808257,0.898664,0.181607,0.24989,0.745,cuda
span26,ami,000,front,000_front,3,4,96,bic,32.997486,0.852214,31.164731,0.972994,4,0.050369,30.712245,64.469846,32.721231,0.909799,0.18106,0.231346,0.772,cuda
span26,ami,000,left,000_left,3,4,96,bic,33.482054,0.858915,31.666983,0.974573,4,0.04592,31.115144,64.362795,32.484379,0.880514,0.209851,0.220858,0.788,cuda
span26,ami,000,right,000_right,3,4,96,bic,33.275614,0.854561,31.434758,0.97634,4,0.0477,30.943395,64.618855,33.707873,0.911527,0.181832,0.254123,0.801,cuda
span26,ami,000,up,000_up,3,4,96,bic,33.032462,0.848362,31.193687,0.973887,4,0.040868,30.84802,64.863554,33.186985,0.916292,0.197667,0.222995,0.821,cuda
span26,ami,000,zoom,000_zoom,3,4,96,bic,35.300736,0.920836,33.302033,0.986988,4,0.035774,33.205428,62.664473,36.867443,0.944933,0.121885,0.236063,0.798,cuda
span26,ami,001,back,001_back,1,4,96,bic,36.217842,0.899292,34.613213,0.980851,4,0.037669,33.725827,64.540907,34.674059,0.897381,0.135997,0.239414,0.812,cuda
span26,ami,001,down,001_down,1,4,96,bic,37.028638,0.91417,35.39679,0.984023,4,0.027885,34.393002,66.795504,35.714904,0.94354,0.148894,0.239621,0.789,cuda
span26,ami,001,front,001_front,1,4,96,bic,37.745892,0.921136,36.007474,0.985037,4,0.025612,35.116263,65.959775,36.11681,0.938199,0.138108,0.241984,0.813,cuda
span26,ami,001,left,001_left,1,4,96,bic,38.042919,0.9259,36.41761,0.98494,4,0.025298,35.414342,66.58144,35.468404,0.912802,0.163294,0.239622,0.787,cuda
span26,ami,001,right,001_right,1,4,96,bic,37.055237,0.910745,35.306954,0.98267,4,0.031202,34.483158,65.583692,34.532534,0.902789,0.118944,0.241746,0.812,cuda
span26,ami,001,up,001_up,1,4,96,bic,36.000658,0.899419,34.317172,0.980764,4,0.031071,33.541795,67.017321,34.537397,0.902521,0.145656,0.230666,0.793,cuda
span26,ami,001,zoom,001_zoom,1,4,96,bic,38.119999,0.931784,36.35681,0.988351,4,0.029021,35.621663,67.20173,38.528546,0.957081,0.143594,0.238213,0.832,cuda
span26,ami,002,back,002_back,1,4,96,bic,36.336174,0.895636,34.554154,0.982389,4,0.025994,34.134379,65.402307,36.301843,0.926662,0.14596,0.217543,0.823,cuda
span26,ami,002,down,002_down,1,4,96,bic,36.124854,0.895837,34.409534,0.981198,4,0.036383,33.379856,65.994862,35.196551,0.919001,0.127153,0.25448,0.774,cuda
span26,ami,002,front,002_front,1,4,96,bic,36.023546,0.890781,34.272243,0.980483,4,0.031409,33.482635,66.13536,35.504851,0.908706,0.139404,0.226701,0.809,cuda
span26,ami,002,left,002_left,1,4,96,bic,36.470654,0.893343,34.73405,0.979885,4,0.03388,34.019267,65.532122,35.842539,0.903626,0.132712,0.2437,0.795,cuda
span26,ami,002,right,002_right,1,4,96,bic,36.847666,0.91193,34.987375,0.98475,4,0.027023,34.269694,65.056182,35.611236,0.90527,0.120196,0.225534,0.795,cuda
span26,ami,002,up,002_up,1,4,96,bic,36.443088,0.898856,34.67464,0.981858,4,0.02681,33.963434,65.915673,35.673868,0.903126,0.14822,0.231697,0.827,cuda
span26,ami,002,zoom,002_zoom,1,4,96,bic,36.84428,0.911286,35.06236,0.983548,4,0.030066,34.161924,65.431282,37.369529,0.939959,0.122996,0.243322,0.786,cuda
span26,ami,003,back,003_back,5,4,96,bic,35.913663,0.885246,33.982524,0.978499,4,0.040853,33.636498,65.511087,34.353989,0.86213,0.185518,0.211921,0.805,cuda
span26,ami,003,down,003_down,5,4,96,bic,35.484392,0.882896,33.633942,0.9771,4,0.038398,33.245992,65.629464,33.799935,0.886898,0.173063,0.241437,0.82,cuda
span26,ami,003,front,003_front,5,4,96,bic,35.038717,0.870891,33.216735,0.974395,4,0.045201,32.806364,67.16403,33.41335,0.82792,0.197146,0.244358,0.787,cuda
span26,ami,003,left,003_left,5,4,96,bic,36.430734,0.898864,34.547227,0.980631,4,0.03448,34.467835,66.045394,33.994956,0.860094,0.181354,0.274789,0.822,cuda
span26,ami,003,right,003_right,5,4,96,bic,36.113405,0.89822,34.183249,0.981769,4,0.034921,33.717972,64.959073,34.531809,0.888705,0.167919,0.186013,0.824,cuda
span26,ami,003,up,003_up,5,4,96,bic,34.917903,0.872726,33.110125,0.973878,4,0.052513,32.784039,65.517049,33.354778,0.818501,0.205922,0.236431,0.818,cuda
span26,ami,003,zoom,003_zoom,5,4,96,bic,35.889532,0.894394,33.912768,0.979795,4,0.041654,33.4162,65.673848,36.024969,0.908383,0.162001,0.229539,0.796,cuda
span26,ami,004,back,004_back,5,4,96,bic,35.956263,0.902786,34.295345,0.981277,4,0.035507,32.894301,64.844581,34.411085,0.903207,0.099716,0.220126,0.79,cuda
span26,ami,004,down,004_down,5,4,96,bic,35.105739,0.881194,33.492572,0.979139,4,0.036453,32.186453,64.820989,35.073648,0.930688,0.118913,0.211936,0.796,cuda
span26,ami,004,front,004_front,5,4,96,bic,34.901973,0.879552,33.289639,0.978243,4,0.04342,32.12978,66.063184,33.78685,0.903479,0.10625,0.24528,0.814,cuda
span26,ami,004,left,004_left,5,4,96,bic,36.338153,0.903259,34.70225,0.98251,4,0.033295,33.721888,65.216142,35.017605,0.901436,0.114926,0.244453,0.798,cuda
span26,ami,004,right,004_right,5,4,96,bic,36.091713,0.902579,34.414785,0.98235,4,0.035051,33.360095,65.752326,35.387949,0.940234,0.1245,0.242617,0.815,cuda
span26,ami,004,up,004_up,5,4,96,bic,35.244948,0.88592,33.592536,0.97854,4,0.045154,32.493536,66.371833,33.980489,0.903988,0.125199,0.252791,0.778,cuda
span26,ami,004,zoom,004_zoom,5,4,96,bic,36.172183,0.909423,34.478397,0.984371,4,0.030484,33.468314,65.798981,36.643094,0.926727,0.113363,0.238207,0.808,cuda
span26,ami,005,back,005_back,4,4,96,bic,33.275017,0.866296,31.415763,0.97238,4,0.0568,30.066584,63.770023,35.004781,0.891735,0.187025,0.209093,0.805,cuda
span26,ami,005,down,005_down,4,4,96,bic,35.469969,0.878361,33.714265,0.976468,4,0.03304,32.882137,65.090977,35.333609,0.914008,0.210574,0.259663,0.821,cuda
span26,ami,005,front,005_front,4,4,96,bic,34.665262,0.872233,32.990448,0.97225,4,0.053754,31.826619,64.596833,34.542468,0.90469,0.214891,0.244962,0.793,cuda
span26,ami,005,left,005_left,4,4,96,bic,36.672119,0.900834,34.8599,0.981651,4,0.026087,34.530565,66.365104,36.00847,0.913526,0.198061,0.237429,0.793,cuda
span26,ami,005,right,005_right,4,4,96,bic,35.649297,0.898082,33.905611,0.979703,4,0.038339,33.127167,64.528735,35.10173,0.920299,0.17408,0.209775,0.81,cuda
span26,ami,005,up,005_up,4,4,96,bic,33.142279,0.853881,31.501122,0.96958,4,0.05667,30.254762,63.744164,33.40548,0.852173,0.211762,0.247354,0.794,cuda
span26,ami,005,zoom,005_zoom,4,4,96,bic,34.921749,0.888722,33.195925,0.97741,4,0.053853,31.775029,65.436029,37.496839,0.93047,0.178421,0.220846,0.803,cuda
span26,ami,007,back,007_back,5,4,96,bic,36.465388,0.907118,34.707897,0.98247,4,0.028172,33.912522,66.455175,36.065082,0.92828,0.086317,0.207709,0.814,cuda
span26,ami,007,down,007_down,5,4,96,bic,35.334644,0.889725,33.752678,0.979438,4,0.040579,32.752781,65.173352,34.640769,0.890069,0.143457,0.210714,0.784,cuda
span26,ami,007,front,007_front,5,4,96,bic,36.110334,0.905483,34.491037,0.982968,4,0.031047,33.693963,66.179896,36.101145,0.941585,0.133576,0.230738,0.811,cuda
span26,ami,007,left,007_left,5,4,96,bic,36.416528,0.900908,34.786041,0.982268,4,0.03551,34.04708,66.371203,35.748898,0.886322,0.207646,0.210322,0.804,cuda
span26,ami,007,right,007_right,5,4,96,bic,36.573482,0.915304,34.883615,0.985184,4,0.034715,33.848941,63.986887,36.99074,0.941332,0.143544,0.20412,0.822,cuda
span26,ami,007,up,007_up,5,4,96,bic,35.899954,0.90001,34.262138,0.98146,4,0.041782,33.368351,66.03174,36.815173,0.933642,0.137145,0.229281,0.802,cuda
span26,ami,007,zoom,007_zoom,5,4,96,bic,36.695674,0.922855,34.974227,0.985231,4,0.032553,33.971894,65.808567,37.557999,0.948424,0.123152,0.215284,0.804,cuda
span26,ami,008,back,008_back,5,4,96,bic,36.549682,0.91709,34.873326,0.984861,4,0.02958,33.969746,67.285794,35.420813,0.913238,0.136342,0.205685,0.816,cuda
span26,ami,008,down,008_down,5,4,96,bic,36.133187,0.909267,34.453961,0.983499,4,0.030472,33.965128,63.924146,34.563646,0.906428,0.146246,0.236441,0.79,cuda
span26,ami,008,front,008_front,5,4,96,bic,34.7006,0.894959,33.113553,0.980068,4,0.042909,32.59338,63.419557,34.045569,0.880188,0.147653,0.263743,0.802,cuda
span26,ami,008,left,008_left,5,4,96,bic,35.759878,0.899505,34.159008,0.980917,4,0.044944,33.66919,65.528758,33.596014,0.860571,0.173844,0.245922,0.817,cuda
span26,ami,008,right,008_right,5,4,96,bic,35.086117,0.900848,33.478808,0.980732,4,0.037916,32.926731,64.555934,35.054552,0.905545,0.13471,0.241302,0.795,cuda
span26,ami,008,up,008_up,5,4,96,bic,34.891064,0.897172,33.339209,0.981318,4,0.043812,32.744505,63.889792,35.386437,0.896428,0.166368,0.246405,0.814,cuda
span26,ami,008,zoom,008_zoom,5,4,96,bic,35.907822,0.915956,34.244255,0.984798,4,0.0317,33.813121,65.105653,36.295796,0.909984,0.123331,0.228604,0.81,cuda
span26,ami,009,back,009_back,4,4,96,bic,36.39925,0.926929,34.677703,0.98706,4,0.024938,33.967188,64.049721,36.344471,0.910312,0.102805,0.203132,0.794,cuda
span26,ami,009,down,009_down,4,4,96,bic,35.723436,0.911384,34.104628,0.983922,4,0.031659,33.073649,63.417448,35.423759,0.919761,0.118115,0.216932,0.819,cuda
span26,ami,009,front,009_front,4,4,96,bic,35.501324,0.918191,33.804062,0.985686,4,0.028095,32.848857,64.669259,35.485204,0.923861,0.121606,0.2198,0.781,cuda
span26,ami,009,left,009_left,4,4,96,bic,36.386214,0.912494,34.692666,0.98308,4,0.035888,34.195255,65.293026,35.798691,0.910048,0.163073,0.259001,0.796,cuda
span26,ami,009,right,009_right,4,4,96,bic,36.240026,0.917767,34.562679,0.984818,4,0.034317,33.795947,66.390962,34.990895,0.905233,0.127255,0.215644,0.819,cuda
span26,ami,009,up,009_up,4,4,96,bic,34.472481,0.893977,32.824479,0.981489,4,0.032508,32.446875,60.352206,34.989525,0.892514,0.13327,0.232077,0.787,cuda
span26,ami,009,zoom,009_zoom,4,4,96,bic,36.638798,0.931931,34.927501,0.988495,4,0.02567,33.876575,63.581502,37.584382,0.935792,0.10954,0.222993,0.797,cuda
span26,ami,010,back,010_back,2,4,96,bic,36.144254,0.891941,34.334017,0.981328,4,0.032407,33.854016,65.19437,35.756885,0.915798,0.174663,0.199893,0.807,cuda
span26,ami,010,down,010_down,2,4,96,bic,35.977779,0.898816,34.188877,0.981545,4,0.03216,33.44842,65.111225,34.789867,0.893432,0.187733,0.256529,0.798,cuda
span26,ami,010,front,010_front,2,4,96,bic,35.585859,0.89428,33.808573,0.981555,4,0.033068,33.082924,64.500277,34.520836,0.890808,0.173895,0.254514,0.807,cuda
span26,ami,010,left,010_left,2,4,96,bic,35.844156,0.897161,34.088572,0.981024,4,0.040436,33.24792,64.621015,34.259821,0.868049,0.182257,0.26104,0.786,cuda
span26,ami,010,right,010_right,2,4,96,bic,35.754607,0.897607,33.935967,0.981753,4,0.04305,33.18893,64.976973,34.559311,0.895048,0.172402,0.249323,0.81,cuda
span26,ami,010,up,010_up,2,4,96,bic,36.057429,0.901912,34.25544,0.983541,4,0.032002,33.560506,65.352013,35.126778,0.908175,0.1945,0.244662,0.815,cuda
span26,ami,010,zoom,010_zoom,2,4,96,bic,36.378658,0.909122,34.549593,0.984259,4,0.034308,33.885903,64.994075,35.547141,0.910189,0.190557,0.237935,0.789,cuda
span26,ami,011,back,011_back,5,4,96,bic,35.692997,0.912922,33.844038,0.98403,4,0.054784,33.255228,65.587354,35.186167,0.914704,0.135782,0.219472,0.797,cuda
span26,ami,011,down,011_down,5,4,96,bic,34.97778,0.897244,33.22603,0.981922,4,0.037737,32.501709,65.07523,34.910307,0.923124,0.125693,0.243551,0.819,cuda
span26,ami,011,front,011_front,5,4,96,bic,35.152975,0.901736,33.393654,0.982567,4,0.035323,32.845879,63.771666,34.651052,0.920603,0.131067,0.230311,0.794,cuda
span26,ami,011,left,011_left,5,4,96,bic,35.58837,0.895313,33.812294,0.980714,4,0.036271,33.270558,64.678055,34.591104,0.900148,0.164811,0.225548,0.803,cuda
span26,ami,011,right,011_right,5,4,96,bic,35.404008,0.898997,33.551413,0.981197,4,0.045895,33.096678,65.305566,34.78028,0.897913,0.136296,0.237884,0.824,cuda
span26,ami,011,up,011_up,5,4,96,bic,35.220296,0.905176,33.423422,0.983954,4,0.036019,32.836754,63.768066,34.742769,0.905247,0.134629,0.240975,0.81,cuda
span26,ami,011,zoom,011_zoom,5,4,96,bic,36.595683,0.929899,34.729631,0.988015,4,0.030564,34.345704,63.007256,35.739176,0.930032,0.130006,0.209987,0.812,cuda
span26,ami,012,back,012_back,3,4,96,bic,37.683919,0.934763,35.824924,0.986134,4,0.029042,34.886703,66.883274,34.213817,0.887499,0.089381,0.202883,0.795,cuda
span26,ami,012,down,012_down,3,4,96,bic,37.341467,0.932284,35.595951,0.986369,4,0.02731,34.100845,64.477677,35.328064,0.931384,0.095374,0.199837,0.813,cuda
span26,ami,012,front,012_front,3,4,96,bic,37.066308,0.924757,35.259262,0.985482,4,0.022162,34.048043,65.900976,34.843476,0.901186,0.097495,0.204915,0.828,cuda
span26,ami,012,left,012_left,3,4,96,bic,37.685594,0.931772,35.951955,0.985688,4,0.026317,34.795582,64.454313,34.571578,0.904575,0.085663,0.214738,0.796,cuda
span26,ami,012,right,012_right,3,4,96,bic,37.348756,0.93409,35.604793,0.986901,4,0.0297,34.235298,67.079371,35.098439,0.911931,0.075542,0.206815,0.828,cuda
span26,ami,012,up,012_up,3,4,96,bic,36.554747,0.915037,34.827283,0.982144,4,0.040449,33.758816,64.496308,34.478006,0.900127,0.106238,0.188771,0.799,cuda
span26,ami,012,zoom,012_zoom,3,4,96,bic,37.655533,0.933693,35.798973,0.987038,4,0.022924,34.557559,64.942811,36.42703,0.927301,0.087961,0.21292,0.814,cuda
span26,ami,013,back,013_back,1,4,96,bic,35.83283,0.911483,33.906014,0.984665,4,0.038091,33.826738,66.078426,37.185622,0.930478,0.140108,0.200346,0.818,cuda
span26,ami,013,down,013_down,1,4,96,bic,36.179599,0.910165,34.292312,0.982369,4,0.034358,33.581293,65.908384,35.436129,0.927154,0.133879,0.212439,0.805,cuda
span26,ami,013,front,013_front,1,4,96,bic,35.993434,0.903957,34.098017,0.979773,4,0.038084,33.568993,65.284853,34.737237,0.900399,0.122397,0.201216,0.829,cuda
span26,ami,013,left,013_left,1,4,96,bic,36.607523,0.913497,34.703482,0.983459,4,0.032766,34.094354,64.492996,36.037138,0.930356,0.12222,0.206001,0.798,cuda
span26,ami,013,right,013_right,1,4,96,bic,36.193458,0.909059,34.384836,0.981748,4,0.033269,33.420498,65.008891,36.321139,0.918154,0.136336,0.214803,0.811,cuda
span26,ami,013,up,013_up,1,4,96,bic,35.172772,0.889148,33.357839,0.976846,4,0.04251,33.039206,63.803685,34.321362,0.854915,0.154733,0.203377,0.793,cuda
span26,ami,013,zoom,013_zoom,1,4,96,bic,37.377723,0.928705,35.343694,0.987046,4,0.025327,34.890775,63.022848,37.614712,0.942496,0.10984,0.194978,0.801,cuda
span26,ami,014,back,014_back,5,4,96,bic,35.784532,0.884263,33.991062,0.978309,4,0.036084,33.38358,67.355425,35.610581,0.886266,0.150276,0.234987,0.806,cuda
span26,ami,014,down,014_down,5,4,96,bic,36.330413,0.901631,34.679067,0.982298,4,0.037057,33.877222,65.906257,35.459268,0.903418,0.153166,0.246436,0.793,cuda
span26,ami,014,front,014_front,5,4,96,bic,36.410058,0.90422,34.784096,0.982566,4,0.028857,33.88874,65.386656,35.454278,0.904853,0.134035,0.247649,0.812,cuda
span26,ami,014,left,014_left,5,4,96,bic,35.92816,0.885757,34.290921,0.977647,4,0.045756,33.430858,65.282921,34.322845,0.884188,0.185128,0.259295,0.792,cuda
span26,ami,014,right,014_right,5,4,96,bic,36.537227,0.912464,34.823249,0.98397,4,0.031748,34.12097,65.539659,36.303861,0.907631,0.142463,0.193293,0.795,cuda
span26,ami,014,up,014_up,5,4,96,bic,35.858929,0.891135,34.208735,0.980106,4,0.034552,33.485261,65.788256,35.508621,0.88083,0.154239,0.238473,0.814,cuda
span26,ami,014,zoom,014_zoom,5,4,96,bic,36.568236,0.908594,34.813041,0.984159,4,0.025546,34.220716,65.259085,36.972307,0.91889,0.166539,0.271158,0.8,cuda
span26,ami,018,back,018_back,1,4,96,bic,37.719652,0.938375,35.869255,0.987683,4,0.029035,35.517341,66.083936,35.448949,0.916622,0.061917,0.214653,0.816,cuda
span26,ami,018,down,018_down,1,4,96,bic,37.457633,0.942862,35.754227,0.989097,4,0.019942,34.906479,65.809214,33.170414,0.926044,0.089889,0.259736,0.799,cuda
span26,ami,018,front,018_front,1,4,96,bic,37.598043,0.943853,35.942867,0.989245,4,0.019296,34.810111,65.457896,33.243702,0.914315,0.079869,0.232476,0.825,cuda
span26,ami,018,left,018_left,1,4,96,bic,39.453516,0.949584,37.616869,0.990458,4,0.025149,37.253784,66.48299,35.741711,0.929443,0.073061,0.240804,0.8,cuda
span26,ami,018,right,018_right,1,4,96,bic,37.896683,0.945713,36.12928,0.990002,4,0.021954,35.195042,64.820649,33.970992,0.906761,0.075441,0.238544,0.824,cuda
span26,ami,018,up,018_up,1,4,96,bic,37.780022,0.946221,36.044257,0.988915,4,0.024984,35.174821,66.067646,34.406416,0.907919,0.087363,0.235206,0.802,cuda
span26,ami,018,zoom,018_zoom,1,4,96,bic,37.340303,0.942974,35.696217,0.988296,4,0.024961,34.469121,66.905405,35.304037,0.937225,0.0763,0.250704,0.788,cuda
span26,ami,019,back,019_back,4,4,96,bic,35.336566,0.916603,33.575312,0.981851,4,0.034317,32.543599,65.595639,33.626921,0.86041,0.107441,0.215305,0.803,cuda
span26,ami,019,down,019_down,4,4,96,bic,34.533796,0.914617,32.895936,0.984358,4,0.04038,32.022533,64.842922,33.908139,0.903882,0.123381,0.246254,0.803,cuda
span26,ami,019,front,019_front,4,4,96,bic,34.689925,0.90571,33.010381,0.981826,4,0.036142,31.919052,65.685687,33.880607,0.876768,0.127653,0.249609,0.819,cuda
span26,ami,019,left,019_left,4,4,96,bic,34.358054,0.911086,32.700936,0.983522,4,0.043125,31.485166,65.545233,33.584204,0.887467,0.118544,0.267927,0.816,cuda
span26,ami,019,right,019_right,4,4,96,bic,34.50579,0.906129,32.822987,0.981321,4,0.047398,31.896063,64.138717,33.623387,0.868252,0.120269,0.232958,0.787,cuda
span26,ami,019,up,019_up,4,4,96,bic,34.911257,0.908484,33.255522,0.982047,4,0.037482,32.154456,65.624532,34.28166,0.887744,0.121304,0.257615,0.808,cuda
span26,ami,019,zoom,019_zoom,4,4,96,bic,34.959572,0.917531,33.245049,0.98513,4,0.036771,32.281938,63.823339,36.078047,0.915458,0.111303,0.262166,0.812,cuda
span26,ami,020,back,020_back,1,4,96,bic,36.093647,0.907974,34.346786,0.981402,4,0.039088,33.473064,65.497477,34.525381,0.908342,0.116168,0.210389,0.812,cuda
span26,ami,020,down,020_down,1,4,96,bic,35.789136,0.903572,33.975641,0.981022,4,0.033192,33.47789,65.079368,32.985822,0.902603,0.160668,0.21069,0.809,cuda
span26,ami,020,front,020_front,1,4,96,bic,35.991122,0.904137,34.200206,0.981605,4,0.032229,33.707424,66.553085,34.504275,0.912469,0.176244,0.228894,0.814,cuda
span26,ami,020,left,020_left,1,4,96,bic,36.753915,0.916555,34.955126,0.983973,4,0.029802,34.349016,64.755245,34.497166,0.910825,0.14605,0.209834,0.806,cuda
span26,ami,020,right,020_right,1,4,96,bic,36.454949,0.918294,34.640664,0.983937,4,0.02869,33.914083,64.009077,34.890884,0.925781,0.126655,0.185691,0.788,cuda
span26,ami,020,up,020_up,1,4,96,bic,36.12188,0.904137,34.364605,0.982647,4,0.029021,33.644003,65.082736,35.311431,0.909008,0.148915,0.205803,0.813,cuda
span26,ami,020,zoom,020_zoom,1,4,96,bic,36.342979,0.917489,34.467718,0.983974,4,0.034688,33.984598,65.839222,35.97345,0.932512,0.170345,0.213722,0.815,cuda
span26,ami,021,back,021_back,2,4,96,bic,36.294619,0.889697,34.49567,0.979229,4,0.03575,34.11776,66.588708,35.553129,0.911352,0.170421,0.241965,0.818,cuda
span26,ami,021,down,021_down,2,4,96,bic,35.698249,0.884205,33.921545,0.977247,4,0.043537,33.460756,66.408992,34.140001,0.890845,0.210673,0.225514,0.803,cuda
span26,ami,021,front,021_front,2,4,96,bic,36.519347,0.895422,34.720356,0.979495,4,0.035486,34.202326,67.612716,34.734675,0.897738,0.156723,0.235364,0.809,cuda
span26,ami,021,left,021_left,2,4,96,bic,37.30979,0.904036,35.480564,0.98223,4,0.036179,35.401338,67.853231,36.914636,0.90288,0.19625,0.223284,0.811,cuda
span26,ami,021,right,021_right,2,4,96,bic,37.061648,0.910371,35.211557,0.984315,4,0.026189,34.551531,66.6278,36.010736,0.930097,0.170565,0.211409,0.818,cuda
span26,ami,021,up,021_up,2,4,96,bic,36.195514,0.896797,34.426506,0.981085,4,0.03662,33.981489,68.375771,35.436613,0.896559,0.167145,0.231993,0.796,cuda
span26,ami,021,zoom,021_zoom,2,4,96,bic,37.545378,0.921611,35.65504,0.985032,4,0.030215,35.291997,66.671555,35.763595,0.910976,0.132425,0.246615,0.787,cuda
span26,ami,022,back,022_back,2,4,96,bic,38.8842,0.950259,37.024377,0.989968,4,0.021552,36.316684,67.690755,34.648663,0.909818,0.078614,0.182789,0.808,cuda
span26,ami,022,down,022_down,2,4,96,bic,37.706762,0.934987,35.983806,0.985955,4,0.031283,34.75538,68.077762,33.935798,0.920765,0.082756,0.226448,0.811,cuda
span26,ami,022,front,022_front,2,4,96,bic,37.373932,0.932588,35.627958,0.986132,4,0.036624,34.336457,66.030995,33.858077,0.903883,0.082173,0.205338,0.822,cuda
span26,ami,022,left,022_left,2,4,96,bic,38.931081,0.943872,37.114877,0.987984,4,0.027794,36.088505,67.136269,34.745045,0.89089,0.091491,0.207931,0.79,cuda
span26,ami,022,right,022_right,2,4,96,bic,37.585613,0.935519,35.860156,0.985916,4,0.037612,34.558382,65.846245,33.970779,0.900451,0.087461,0.20124,0.816,cuda
span26,ami,022,up,022_up,2,4,96,bic,37.452038,0.935351,35.727312,0.986381,4,0.037332,34.497998,64.924709,33.877088,0.883005,0.096131,0.206495,0.795,cuda
span26,ami,022,zoom,022_zoom,2,4,96,bic,38.275294,0.942844,36.473856,0.988888,4,0.038035,35.266661,66.835198,36.076736,0.937502,0.081031,0.207805,0.811,cuda
span26,ami,023,back,023_back,5,4,96,bic,35.493323,0.889873,33.855303,0.981008,4,0.036848,33.060916,65.507468,36.214948,0.904688,0.130203,0.199657,0.821,cuda
span26,ami,023,down,023_down,5,4,96,bic,35.964465,0.900174,34.335063,0.980576,4,0.048488,33.411713,66.101151,35.832406,0.928316,0.125419,0.205899,0.824,cuda
span26,ami,023,front,023_front,5,4,96,bic,36.055561,0.900369,34.399757,0.981297,4,0.034745,33.609239,67.160443,36.11491,0.9189,0.132326,0.209347,0.825,cuda
span26,ami,023,left,023_left,5,4,96,bic,38.380814,0.92666,36.635589,0.98589,4,0.026007,36.007305,65.929756,37.384582,0.927106,0.154969,0.252772,0.807,cuda
span26,ami,023,right,023_right,5,4,96,bic,35.639628,0.899849,33.992717,0.98166,4,0.037534,32.903614,67.020321,36.867519,0.926414,0.121857,0.203218,0.819,cuda
span26,ami,023,up,023_up,5,4,96,bic,35.527211,0.892313,33.899237,0.979895,4,0.036657,33.257544,67.882285,35.572248,0.910749,0.159731,0.253383,0.803,cuda
span26,ami,023,zoom,023_zoom,5,4,96,bic,37.08921,0.926541,35.326686,0.986653,4,0.032607,34.48286,66.608833,37.254004,0.931126,0.11698,0.199898,0.811,cuda
span26,ami,024,back,024_back,3,4,96,bic,37.107967,0.923309,35.387247,0.985685,4,0.030122,34.42544,65.367344,34.125333,0.883609,0.087317,0.18789,0.786,cuda
span26,ami,024,down,024_down,3,4,96,bic,37.092484,0.923708,35.4188,0.984354,4,0.028981,34.199538,68.573889,33.803979,0.896736,0.084967,0.241978,0.809,cuda
span26,ami,024,front,024_front,3,4,96,bic,36.927378,0.919859,35.275075,0.984406,4,0.034966,34.192274,69.345929,34.009761,0.899154,0.103893,0.228483,0.803,cuda
span26,ami,024,left,024_left,3,4,96,bic,37.485085,0.917578,35.831731,0.984076,4,0.035529,34.874841,66.769287,35.238903,0.917368,0.105136,0.230157,0.821,cuda
span26,ami,024,right,024_right,3,4,96,bic,37.172916,0.935209,35.513079,0.987933,4,0.034797,34.048511,65.981253,33.735157,0.906273,0.068792,0.212355,0.795,cuda
span26,ami,024,up,024_up,3,4,96,bic,36.859809,0.924549,35.152824,0.985329,4,0.032557,34.324594,66.501687,34.679409,0.87908,0.106004,0.218972,0.804,cuda
span26,ami,024,zoom,024_zoom,3,4,96,bic,37.37613,0.927909,35.660815,0.987688,4,0.031585,34.343656,65.122359,36.230585,0.929015,0.078799,0.213141,0.821,cuda
span26,ami,025,back,025_back,2,4,96,bic,35.528592,0.899586,33.868009,0.981613,4,0.037007,32.793782,65.274299,35.509871,0.914212,0.131943,0.200593,0.815,cuda
span26,ami,025,down,025_down,2,4,96,bic,35.504104,0.907341,33.787442,0.981821,4,0.04236,32.715641,64.189169,35.228159,0.931618,0.100544,0.211481,0.822,cuda
span26,ami,025,front,025_front,2,4,96,bic,35.300286,0.904152,33.638946,0.981876,4,0.042397,32.635343,64.53261,35.27279,0.927607,0.118967,0.203033,0.821,cuda
span26,ami,025,left,025_left,2,4,96,bic,36.109101,0.904089,34.412961,0.980669,4,0.04059,33.383061,65.982487,35.841577,0.935908,0.121397,0.212848,0.82,cuda
span26,ami,025,right,025_right,2,4,96,bic,35.852808,0.904324,34.10204,0.982233,4,0.039674,33.041266,64.004996,35.896778,0.938173,0.11027,0.219158,0.786,cuda
span26,ami,025,up,025_up,2,4,96,bic,35.108369,0.903036,33.468526,0.982815,4,0.044191,32.55272,64.370225,35.282422,0.920362,0.161863,0.221555,0.805,cuda
span26,ami,025,zoom,025_zoom,2,4,96,bic,36.616703,0.932924,34.89124,0.987362,4,0.033985,33.830517,64.446708,37.742968,0.954652,0.094475,0.208857,0.813,cuda
span26,ami,026,back,026_back,1,4,96,bic,37.258421,0.928137,35.264845,0.986156,4,0.035068,34.457351,65.402702,35.493664,0.922762,0.103823,0.200015,0.821,cuda
span26,ami,026,down,026_down,1,4,96,bic,38.144008,0.939587,36.233801,0.988767,4,0.022458,35.168289,66.448189,37.249301,0.949957,0.078907,0.234608,0.795,cuda
span26,ami,026,front,026_front,1,4,96,bic,37.46335,0.933446,35.629403,0.988098,4,0.026103,34.469889,65.962118,37.167094,0.955152,0.088937,0.212657,0.799,cuda
span26,ami,026,left,026_left,1,4,96,bic,38.494726,0.940216,36.710345,0.987808,4,0.032985,35.758562,66.764085,36.767395,0.938122,0.097563,0.214065,0.839,cuda
span26,ami,026,right,026_right,1,4,96,bic,37.398372,0.927228,35.588007,0.985978,4,0.025442,34.33926,66.494033,37.300319,0.941055,0.108317,0.219448,0.8,cuda
span26,ami,026,up,026_up,1,4,96,bic,37.038808,0.926099,35.296128,0.985759,4,0.036648,34.291887,66.514208,35.691521,0.927185,0.094596,0.216165,0.799,cuda
span26,ami,026,zoom,026_zoom,1,4,96,bic,37.441367,0.944179,35.594711,0.989334,4,0.024618,34.122439,65.820307,37.75624,0.952548,0.085759,0.202113,0.801,cuda
span26,ami,027,back,027_back,3,4,96,bic,38.155192,0.940709,36.396818,0.989049,4,0.018562,35.152184,67.662869,36.621293,0.926307,0.089757,0.207091,0.807,cuda
span26,ami,027,down,027_down,3,4,96,bic,36.884715,0.922688,35.262269,0.98677,4,0.024779,34.017832,66.289831,37.362568,0.941717,0.10997,0.257281,0.824,cuda
span26,ami,027,front,027_front,3,4,96,bic,36.881849,0.924271,35.225254,0.98698,4,0.0245,33.874419,65.603015,35.848232,0.927038,0.104138,0.246474,0.815,cuda
span26,ami,027,left,027_left,3,4,96,bic,36.838949,0.927942,35.209293,0.987659,4,0.023664,33.748995,65.865985,35.987151,0.937095,0.098245,0.233327,0.796,cuda
span26,ami,027,right,027_right,3,4,96,bic,36.906422,0.929502,35.209805,0.988255,4,0.023645,34.031471,66.684384,36.617618,0.933135,0.106825,0.229038,0.797,cuda
span26,ami,027,up,027_up,3,4,96,bic,36.747154,0.922355,35.092666,0.986914,4,0.026007,33.871374,65.438394,35.303846,0.91136,0.113654,0.252813,0.827,cuda
span26,ami,027,zoom,027_zoom,3,4,96,bic,36.955192,0.930873,35.227262,0.987763,4,0.031341,33.925404,65.393631,37.066419,0.92971,0.137158,0.231904,0.813,cuda
span26,ami,028,back,028_back,2,4,96,bic,36.143979,0.928554,34.509543,0.984904,4,0.026875,33.233618,66.164576,36.095016,0.915323,0.084617,0.171764,0.822,cuda
span26,ami,028,down,028_down,2,4,96,bic,35.108273,0.900108,33.478993,0.978495,4,0.038226,32.791584,65.011254,33.481282,0.895573,0.138934,0.204522,0.798,cuda
span26,ami,028,front,028_front,2,4,96,bic,35.081257,0.895938,33.468952,0.978537,4,0.0402,32.599328,66.205498,33.173282,0.875557,0.15241,0.215077,0.801,cuda
span26,ami,028,left,028_left,2,4,96,bic,36.376888,0.923532,34.759084,0.984592,4,0.027201,33.860515,65.616546,35.135167,0.89167,0.132791,0.215891,0.815,cuda
span26,ami,028,right,028_right,2,4,96,bic,35.239509,0.892966,33.601916,0.97927,4,0.031094,32.931951,65.369988,35.325897,0.909112,0.120677,0.21363,0.789,cuda
span26,ami,028,up,028_up,2,4,96,bic,35.130314,0.892228,33.519757,0.976968,4,0.033239,32.702965,65.016317,33.412017,0.868688,0.139196,0.212925,0.808,cuda
span26,ami,028,zoom,028_zoom,2,4,96,bic,35.611978,0.905645,33.990309,0.980644,4,0.031015,33.265361,65.680803,35.024698,0.905799,0.140314,0.219846,0.798,cuda
span26,ami,029,back,029_back,5,4,96,bic,35.628878,0.875979,33.781909,0.974301,4,0.036912,33.181625,65.247728,35.373952,0.89224,0.145229,0.217398,0.793,cuda
span26,ami,029,down,029_down,5,4,96,bic,35.149395,0.876262,33.396379,0.974463,4,0.046416,32.494683,65.833581,34.429271,0.885467,0.14686,0.264366,0.804,cuda
span26,ami,029,front,029_front,5,4,96,bic,34.918913,0.873561,33.195628,0.972654,4,0.052712,32.3544,64.038627,35.052695,0.897764,0.18042,0.229643,0.816,cuda
span26,ami,029,left,029_left,5,4,96,bic,36.147443,0.893826,34.356093,0.980094,4,0.037497,33.738154,65.382609,35.374575,0.906313,0.206465,0.253062,0.784,cuda
span26,ami,029,right,029_right,5,4,96,bic,36.039198,0.889087,34.21402,0.978924,4,0.033846,33.444947,64.823996,36.749801,0.920217,0.139774,0.238361,0.803,cuda
span26,ami,029,up,029_up,5,4,96,bic,34.652604,0.866152,32.894593,0.971932,4,0.044444,32.060163,65.88805,35.288781,0.890691,0.186179,0.239886,0.792,cuda
span26,ami,029,zoom,029_zoom,5,4,96,bic,36.399658,0.906348,34.518926,0.98176,4,0.04007,33.993221,66.10903,36.77891,0.919167,0.161903,0.236594,0.804,cuda
span26,ami,030,back,030_back,1,4,96,bic,36.772979,0.917778,35.023289,0.985679,4,0.029338,34.368901,64.719548,35.764058,0.914072,0.120231,0.224455,0.809,cuda
span26,ami,030,down,030_down,1,4,96,bic,36.879144,0.915228,35.202517,0.984309,4,0.029734,34.472956,66.000493,34.955607,0.916663,0.115364,0.212738,0.814,cuda
span26,ami,030,front,030_front,1,4,96,bic,36.998157,0.920462,35.281305,0.986067,4,0.025575,34.671454,66.971568,35.266662,0.92025,0.114603,0.237795,0.799,cuda
span26,ami,030,left,030_left,1,4,96,bic,37.141667,0.919129,35.44917,0.985734,4,0.030206,34.689042,66.792427,34.951306,0.901466,0.1266,0.205374,0.824,cuda
span26,ami,030,right,030_right,1,4,96,bic,36.35276,0.911421,34.699829,0.983323,4,0.034884,33.678765,63.570807,33.853373,0.898945,0.119745,0.219542,0.792,cuda
span26,ami,030,up,030_up,1,4,96,bic,35.668385,0.897648,34.031029,0.981259,4,0.028141,33.057148,65.095557,35.208844,0.899511,0.152542,0.229616,0.791,cuda
span26,ami,030,zoom,030_zoom,1,4,96,bic,37.034177,0.926394,35.273231,0.986969,4,0.027362,34.570961,66.04704,35.86188,0.930101,0.12468,0.218059,0.798,cuda
span26,ami,031,back,031_back,5,4,96,bic,36.689513,0.915571,34.689517,0.983235,4,0.02823,33.950224,65.856444,35.499538,0.910635,0.123142,0.199586,0.814,cuda
span26,ami,031,down,031_down,5,4,96,bic,36.075601,0.916001,34.158246,0.984196,4,0.033954,33.501124,64.264574,34.399525,0.901104,0.164628,0.240637,0.826,cuda
span26,ami,031,front,031_front,5,4,96,bic,36.053936,0.915098,34.130377,0.983854,4,0.02459,33.41507,64.672712,34.332975,0.890817,0.170547,0.22687,0.818,cuda
span26,ami,031,left,031_left,5,4,96,bic,35.768358,0.90997,33.877864,0.982573,4,0.040967,33.261686,64.035968,33.401965,0.866961,0.164801,0.245754,0.817,cuda
span26,ami,031,right,031_right,5,4,96,bic,36.457074,0.914879,34.442782,0.984638,4,0.030538,33.948117,66.397235,35.204452,0.905028,0.138367,0.233711,0.806,cuda
span26,ami,031,up,031_up,5,4,96,bic,36.067522,0.912419,34.126706,0.98375,4,0.029174,33.281602,65.603689,34.488616,0.883319,0.162576,0.223065,0.783,cuda
span26,ami,031,zoom,031_zoom,5,4,96,bic,36.496887,0.920692,34.498002,0.984796,4,0.031964,33.972045,64.876912,35.063989,0.900103,0.182686,0.218142,0.794,cuda
span26,ami,032,back,032_back,3,4,96,bic,36.033266,0.93422,34.309808,0.985701,4,0.032813,32.629274,66.479585,33.686573,0.884176,0.070954,0.207457,0.82,cuda
span26,ami,032,down,032_down,3,4,96,bic,37.438929,0.938211,35.642775,0.987122,4,0.023878,34.411022,66.593314,34.010556,0.913545,0.075341,0.216458,0.787,cuda
span26,ami,032,front,032_front,3,4,96,bic,37.256693,0.937644,35.451743,0.987777,4,0.030961,34.377275,66.285371,34.26353,0.921892,0.069483,0.218791,0.806,cuda
span26,ami,032,left,032_left,3,4,96,bic,36.656755,0.93653,34.81896,0.98729,4,0.030424,33.049229,66.096602,35.535342,0.924991,0.082656,0.238937,0.812,cuda
span26,ami,032,right,032_right,3,4,96,bic,36.023923,0.930497,34.29769,0.984082,4,0.043634,32.696542,66.68072,33.909846,0.880708,0.082907,0.23716,0.802,cuda
span26,ami,032,up,032_up,3,4,96,bic,37.179134,0.939421,35.333795,0.988181,4,0.029358,34.402164,66.349931,34.118239,0.901222,0.082885,0.213536,0.811,cuda
span26,ami,032,zoom,032_zoom,3,4,96,bic,37.231984,0.940512,35.412576,0.988828,4,0.030825,34.08698,65.67136,36.038765,0.934913,0.068129,0.192528,0.796,cuda
span26,ami,033,back,033_back,3,4,96,bic,39.043488,0.944047,37.061522,0.989971,4,0.017952,36.275064,66.451262,37.598985,0.935001,0.089262,0.189152,0.811,cuda
span26,ami,033,down,033_down,3,4,96,bic,38.292445,0.942835,36.526893,0.989651,4,0.022665,35.363563,65.603249,37.631548,0.94977,0.082699,0.211311,0.815,cuda
span26,ami,033,front,033_front,3,4,96,bic,37.879598,0.934363,36.161745,0.988121,4,0.022382,35.129708,66.593516,37.195924,0.941027,0.09845,0.219947,0.828,cuda
span26,ami,033,left,033_left,3,4,96,bic,39.237759,0.947365,37.406167,0.989209,4,0.022506,36.828514,65.787302,37.075504,0.932155,0.097082,0.205271,0.793,cuda
span26,ami,033,right,033_right,3,4,96,bic,37.762849,0.933119,36.038752,0.987593,4,0.024893,35.155212,66.466963,37.377674,0.942312,0.090534,0.221697,0.793,cuda
span26,ami,033,up,033_up,3,4,96,bic,37.630747,0.927866,35.867011,0.985967,4,0.030397,35.202732,66.270112,36.461815,0.922867,0.110468,0.222285,0.804,cuda
span26,ami,033,zoom,033_zoom,3,4,96,bic,38.518695,0.944427,36.652125,0.990267,4,0.017585,35.685617,66.359144,38.991037,0.956898,0.103623,0.197912,0.783,cuda
span26,ami,034,back,034_back,4,4,96,bic,34.633968,0.881177,33.047715,0.978327,4,0.046323,32.307626,64.877086,35.02357,0.893894,0.123997,0.18569,0.812,cuda
span26,ami,034,down,034_down,4,4,96,bic,34.359322,0.881661,32.82084,0.977718,4,0.051772,31.90204,65.637708,34.287794,0.930889,0.148364,0.232996,0.819,cuda
span26,ami,034,front,034_front,4,4,96,bic,34.414819,0.881389,32.891322,0.978026,4,0.059383,32.203689,64.515013,35.5428,0.922466,0.153174,0.245168,0.804,cuda
span26,ami,034,left,034_left,4,4,96,bic,34.821067,0.886893,33.339025,0.978447,4,0.053891,32.796835,65.142716,35.702546,0.917989,0.151602,0.256305,0.813,cuda
span26,ami,034,right,034_right,4,4,96,bic,34.714658,0.884988,33.173105,0.978668,4,0.044082,32.436836,66.086737,36.605317,0.938915,0.135306,0.217204,0.816,cuda
span26,ami,034,up,034_up,4,4,96,bic,33.922137,0.877289,32.388579,0.977687,4,0.05695,31.899967,65.935246,35.738018,0.905048,0.13168,0.234831,0.817,cuda
span26,ami,034,zoom,034_zoom,4,4,96,bic,36.155941,0.918441,34.568781,0.985741,4,0.042724,33.973492,65.538393,37.55386,0.939025,0.132408,0.223637,0.792,cuda
span26,ami,035,back,035_back,5,4,96,bic,38.519374,0.94118,36.670276,0.988147,4,0.029555,35.586834,66.080647,37.289913,0.947951,0.089969,0.188618,0.808,cuda
span26,ami,035,down,035_down,5,4,96,bic,38.50073,0.941975,36.754849,0.988914,4,0.021929,35.707952,66.353692,36.310034,0.937288,0.087856,0.239786,0.834,cuda
span26,ami,035,front,035_front,5,4,96,bic,38.716997,0.944265,36.941329,0.989041,4,0.019568,35.939937,66.936574,36.771457,0.943141,0.083704,0.227097,0.812,cuda
span26,ami,035,left,035_left,5,4,96,bic,39.240801,0.94557,37.470511,0.988885,4,0.02226,36.712086,65.117176,36.691023,0.92886,0.090101,0.227716,0.789,cuda
span26,ami,035,right,035_right,5,4,96,bic,38.20413,0.936999,36.430728,0.987806,4,0.023474,35.31069,66.944863,36.221908,0.934112,0.074236,0.206858,0.807,cuda
span26,ami,035,up,035_up,5,4,96,bic,38.026878,0.939086,36.337395,0.987825,4,0.027349,35.340167,66.389553,36.110701,0.936983,0.077731,0.205532,0.791,cuda
span26,ami,035,zoom,035_zoom,5,4,96,bic,38.932045,0.950834,37.043215,0.991103,4,0.019581,36.340837,65.276561,39.037794,0.95778,0.080064,0.216461,0.807,cuda
span26,ami,036,back,036_back,2,4,96,bic,36.69838,0.912273,34.973376,0.983053,4,0.032024,34.119274,66.977323,35.142658,0.910383,0.119072,0.200346,0.796,cuda
span26,ami,036,down,036_down,2,4,96,bic,36.477692,0.906097,34.764634,0.980302,4,0.037357,33.88698,67.553733,35.244711,0.92124,0.167789,0.228821,0.803,cuda
span26,ami,036,front,036_front,2,4,96,bic,36.751859,0.911486,35.041562,0.982375,4,0.033742,34.131618,67.645214,35.910952,0.9187,0.16388,0.250932,0.791,cuda
span26,ami,036,left,036_left,2,4,96,bic,37.626507,0.924651,35.892505,0.985215,4,0.027445,35.464255,67.235871,36.084396,0.91438,0.178485,0.221967,0.805,cuda
span26,ami,036,right,036_right,2,4,96,bic,37.472138,0.928438,35.687253,0.986001,4,0.029103,34.937825,65.250217,35.176098,0.919877,0.14302,0.222407,0.793,cuda
span26,ami,036,up,036_up,2,4,96,bic,35.729651,0.894418,34.078505,0.979622,4,0.043482,33.279905,68.675448,35.757865,0.912262,0.18213,0.215047,0.825,cuda
span26,ami,036,zoom,036_zoom,2,4,96,bic,37.700159,0.929594,35.919872,0.986274,4,0.031159,35.184683,67.374955,37.049909,0.94015,0.139921,0.220698,0.789,cuda
span26,ami,037,back,037_back,2,4,96,bic,37.324036,0.913647,35.485118,0.984893,4,0.02307,35.190589,68.081235,35.078054,0.925304,0.135558,0.191607,0.814,cuda
span26,ami,037,down,037_down,2,4,96,bic,37.517865,0.922013,35.608609,0.984743,4,0.031353,34.925551,67.101888,35.952832,0.945771,0.122199,0.198394,0.816,cuda
span26,ami,037,front,037_front,2,4,96,bic,37.670529,0.924534,35.802505,0.98615,4,0.022551,34.840472,67.084746,35.508189,0.939001,0.121574,0.197611,0.824,cuda
span26,ami,037,left,037_left,2,4,96,bic,37.713834,0.921506,35.943527,0.9854,4,0.024083,35.232752,66.066811,35.494521,0.942666,0.133958,0.226704,0.794,cuda
span26,ami,037,right,037_right,2,4,96,bic,38.189873,0.931158,36.282727,0.987735,4,0.020481,35.460135,65.862652,36.554954,0.933781,0.129143,0.194409,0.812,cuda
span26,ami,037,up,037_up,2,4,96,bic,37.630612,0.921899,35.820973,0.985998,4,0.022452,35.054095,67.06659,36.189721,0.934487,0.131448,0.19597,0.824,cuda
span26,ami,037,zoom,037_zoom,2,4,96,bic,38.216257,0.938975,36.316195,0.988802,4,0.021758,35.345971,66.661422,37.855612,0.956092,0.09398,0.196882,0.787,cuda
span26,ami,038,back,038_back,2,4,96,bic,36.616163,0.911431,34.968936,0.982564,4,0.033864,33.964082,65.963376,34.88174,0.907314,0.112772,0.209502,0.807,cuda
span26,ami,038,down,038_down,2,4,96,bic,34.963936,0.881371,33.469756,0.977449,4,0.048818,32.441231,64.645932,34.044793,0.905954,0.126075,0.231346,0.809,cuda
span26,ami,038,front,038_front,2,4,96,bic,35.518552,0.890147,33.958495,0.978972,4,0.040505,33.05727,64.500661,34.45342,0.931933,0.137529,0.205456,0.795,cuda
span26,ami,038,left,038_left,2,4,96,bic,36.614909,0.907121,35.094007,0.982688,4,0.029909,34.398398,65.973004,35.212878,0.914206,0.131185,0.231433,0.812,cuda
span26,ami,038,right,038_right,2,4,96,bic,36.189949,0.907448,34.535642,0.981464,4,0.031155,33.409707,64.44369,33.956565,0.926168,0.119178,0.234362,0.804,cuda
span26,ami,038,up,038_up,2,4,96,bic,35.428595,0.889798,33.900838,0.979141,4,0.044264,33.059973,65.23464,34.981574,0.908384,0.128955,0.211775,0.826,cuda
span26,ami,038,zoom,038_zoom,2,4,96,bic,36.553163,0.917219,34.976452,0.98432,4,0.039982,33.865647,65.081865,37.5414,0.95955,0.095491,0.21911,0.799,cuda
span26,ami,039,back,039_back,2,4,96,bic,37.46904,0.933941,35.752383,0.986825,4,0.031322,34.749795,64.828848,33.799578,0.907458,0.099165,0.224639,0.793,cuda
span26,ami,039,down,039_down,2,4,96,bic,36.945564,0.929511,35.24604,0.985979,4,0.035377,34.31077,65.717946,34.091627,0.909376,0.104407,0.210548,0.82,cuda
span26,ami,039,front,039_front,2,4,96,bic,37.8828,0.933895,36.074345,0.987401,4,0.02513,35.27625,65.633515,34.929729,0.919995,0.099269,0.217012,0.79,cuda
span26,ami,039,left,039_left,2,4,96,bic,37.911582,0.934511,36.175004,0.986985,4,0.030783,35.583266,67.241795,34.457477,0.873856,0.107891,0.200555,0.813,cuda
span26,ami,039,right,039_right,2,4,96,bic,37.93187,0.939482,36.194677,0.988528,4,0.030215,34.958375,64.767097,34.82939,0.919692,0.084016,0.23836,0.802,cuda
span26,ami,039,up,039_up,2,4,96,bic,37.932331,0.934571,36.152314,0.987029,4,0.029309,35.392827,66.159647,35.10806,0.90563,0.081132,0.210778,0.819,cuda
span26,ami,039,zoom,039_zoom,2,4,96,bic,38.539509,0.946396,36.645757,0.989621,4,0.027411,36.048783,66.491816,36.003951,0.929839,0.081424,0.216527,0.789,cuda
span26,ami,040,back,040_back,4,4,96,bic,36.69549,0.921831,34.858025,0.983966,4,0.039024,34.107672,65.14326,33.947743,0.871836,0.100343,0.181788,0.813,cuda
span26,ami,040,down,040_down,4,4,96,bic,36.577187,0.922067,34.851297,0.98475,4,0.02712,34.142744,63.6413,33.745368,0.890678,0.12717,0.226763,0.809,cuda
span26,ami,040,front,040_front,4,4,96,bic,36.273129,0.916248,34.481214,0.981654,4,0.044569,33.90698,64.677449,32.943633,0.886557,0.12435,0.227413,0.79,cuda
span26,ami,040,left,040_left,4,4,96,bic,37.321604,0.929471,35.523735,0.985638,4,0.030573,35.212925,64.838685,33.887236,0.881309,0.135424,0.231905,0.808,cuda
span26,ami,040,right,040_right,4,4,96,bic,36.969244,0.930409,35.066192,0.986656,4,0.027282,34.40901,64.645603,34.646099,0.910238,0.129693,0.208286,0.83,cuda
span26,ami,040,up,040_up,4,4,96,bic,36.054994,0.919311,34.287774,0.983043,4,0.037258,33.58291,64.818179,33.783892,0.892747,0.131176,0.230715,0.814,cuda
span26,ami,040,zoom,040_zoom,4,4,96,bic,37.191143,0.935469,35.320417,0.987126,4,0.030234,34.525339,65.935982,36.053954,0.935682,0.119202,0.224578,0.792,cuda
span26,ami,041,back,041_back,5,4,96,bic,36.804593,0.921209,35.077267,0.9854,4,0.029559,34.66839,66.158925,35.916139,0.917782,0.114342,0.188787,0.797,cuda
span26,ami,041,down,041_down,5,4,96,bic,37.143085,0.926651,35.399804,0.985445,4,0.036375,34.918669,65.813375,35.01673,0.919209,0.142832,0.219898,0.814,cuda
span26,ami,041,front,041_front,5,4,96,bic,36.870045,0.924812,35.149964,0.985392,4,0.033479,34.777203,67.229121,35.202625,0.895569,0.137658,0.231322,0.823,cuda
span26,ami,041,left,041_left,5,4,96,bic,39.061726,0.937948,37.232323,0.988252,4,0.022612,37.073745,67.421978,37.297961,0.923506,0.138583,0.1968,0.822,cuda
span26,ami,041,right,041_right,5,4,96,bic,37.093377,0.922425,35.312196,0.984495,4,0.03002,34.544757,66.316668,36.000176,0.921403,0.104586,0.202283,0.793,cuda
span26,ami,041,up,041_up,5,4,96,bic,36.708295,0.919231,34.99076,0.985167,4,0.03036,34.648939,65.963804,35.180837,0.893326,0.156963,0.212807,0.823,cuda
span26,ami,041,zoom,041_zoom,5,4,96,bic,38.181179,0.942518,36.344672,0.989902,4,0.017909,35.955804,66.305105,37.246215,0.941981,0.107483,0.231727,0.823,cuda
span26,ami,042,back,042_back,4,4,96,bic,34.618482,0.875575,32.982432,0.97613,4,0.054424,31.977222,65.22654,34.37006,0.908486,0.102783,0.199998,0.792,cuda
span26,ami,042,down,042_down,4,4,96,bic,35.492613,0.892322,33.823153,0.980088,4,0.044626,32.835536,66.920539,34.410963,0.912446,0.126175,0.223471,0.803,cuda
span26,ami,042,front,042_front,4,4,96,bic,34.467927,0.875552,32.894331,0.977603,4,0.045039,31.964879,66.186949,35.40437,0.924245,0.130745,0.222864,0.822,cuda
span26,ami,042,left,042_left,4,4,96,bic,36.463823,0.907861,34.842181,0.983057,4,0.036416,34.00434,66.76586,36.368436,0.933409,0.1393,0.232012,0.8,cuda
span26,ami,042,right,042_right,4,4,96,bic,34.777825,0.877782,33.176845,0.978217,4,0.043235,32.312697,66.528479,35.181662,0.927353,0.122744,0.212333,0.832,cuda
span26,ami,042,up,042_up,4,4,96,bic,34.490498,0.87141,32.879113,0.977072,4,0.046046,31.965728,65.201342,34.797126,0.903168,0.137907,0.215514,0.798,cuda
span26,ami,042,zoom,042_zoom,4,4,96,bic,35.487536,0.905093,33.821342,0.983202,4,0.044187,32.975371,64.674187,37.115627,0.938132,0.107174,0.227565,0.814,cuda
span26,ami,043,back,043_back,4,4,96,bic,36.789444,0.930462,35.047302,0.987717,4,0.02851,34.357227,65.10308,35.32213,0.930532,0.093082,0.191966,0.793,cuda
span26,ami,043,down,043_down,4,4,96,bic,35.251687,0.895601,33.651615,0.980873,4,0.040248,33.081489,65.488486,34.13897,0.916304,0.159107,0.190432,0.812,cuda
span26,ami,043,front,043_front,4,4,96,bic,36.096012,0.908829,34.431987,0.983338,4,0.033119,33.934448,65.292844,35.46607,0.93558,0.164052,0.205862,0.806,cuda
span26,ami,043,left,043_left,4,4,96,bic,36.496438,0.913873,34.854397,0.984003,4,0.030191,34.278403,66.19693,34.355615,0.906353,0.163949,0.201953,0.823,cuda
span26,ami,043,right,043_right,4,4,96,bic,37.396292,0.934937,35.654473,0.989213,4,0.02071,35.001211,64.177877,36.923161,0.953081,0.084628,0.223599,0.791,cuda
span26,ami,043,up,043_up,4,4,96,bic,36.05627,0.904911,34.392475,0.982872,4,0.03113,33.973883,66.999124,35.961168,0.927449,0.165722,0.225572,0.821,cuda
span26,ami,043,zoom,043_zoom,4,4,96,bic,37.113788,0.926286,35.390508,0.987074,4,0.032715,34.812028,68.667588,38.106176,0.950145,0.138891,0.206044,0.796,cuda
span26,ami,044,back,044_back,5,4,96,bic,37.102785,0.928235,35.388395,0.986427,4,0.025526,34.178386,65.690373,33.528441,0.91045,0.116017,0.224989,0.809,cuda
span26,ami,044,down,044_down,5,4,96,bic,37.076433,0.930906,35.334841,0.98668,4,0.028613,34.502008,65.782164,33.890437,0.917682,0.107544,0.235527,0.827,cuda
span26,ami,044,front,044_front,5,4,96,bic,37.757735,0.940289,36.00615,0.989211,4,0.021448,35.20824,65.82604,35.159864,0.939324,0.09526,0.218136,0.791,cuda
span26,ami,044,left,044_left,5,4,96,bic,37.099128,0.930417,35.399393,0.986534,4,0.029481,34.523781,65.779104,33.834168,0.902007,0.118059,0.247372,0.818,cuda
span26,ami,044,right,044_right,5,4,96,bic,37.859869,0.936844,36.110377,0.987785,4,0.02256,35.186632,65.826758,35.016282,0.936367,0.104892,0.231042,0.786,cuda
span26,ami,044,up,044_up,5,4,96,bic,37.566775,0.936856,35.824659,0.987975,4,0.021255,35.062398,66.638308,34.535687,0.926775,0.093675,0.231089,0.795,cuda
span26,ami,044,zoom,044_zoom,5,4,96,bic,38.092639,0.944505,36.291301,0.990813,4,0.017466,35.37916,65.333883,38.11035,0.959234,0.093339,0.219729,0.798,cuda
span26,ami,045,back,045_back,2,4,96,bic,36.162828,0.911761,34.504231,0.983127,4,0.04008,33.740892,64.708687,36.182047,0.910376,0.124057,0.224202,0.821,cuda
span26,ami,045,down,045_down,2,4,96,bic,36.986355,0.922598,35.383286,0.985959,4,0.033687,34.564873,64.752095,36.230125,0.935433,0.14338,0.232415,0.781,cuda
span26,ami,045,front,045_front,2,4,96,bic,37.110877,0.925539,35.461692,0.985703,4,0.03379,34.777907,64.563114,36.526592,0.928449,0.116672,0.233315,0.808,cuda
span26,ami,045,left,045_left,2,4,96,bic,38.666584,0.935934,36.975443,0.988626,4,0.026743,36.331066,68.622538,37.845723,0.936506,0.143032,0.205717,0.795,cuda
span26,ami,045,right,045_right,2,4,96,bic,37.406213,0.935742,35.64263,0.988212,4,0.029949,34.76977,63.967377,37.153254,0.935886,0.093013,0.214393,0.809,cuda
span26,ami,045,up,045_up,2,4,96,bic,36.907151,0.926442,35.303407,0.985464,4,0.036981,34.686325,64.276846,36.215848,0.91405,0.112436,0.228082,0.795,cuda
span26,ami,045,zoom,045_zoom,2,4,96,bic,39.070291,0.951154,37.251405,0.990955,4,0.028805,36.707736,65.486838,39.232337,0.954649,0.095498,0.209167,0.805,cuda
span26,ami,046,back,046_back,5,4,96,bic,36.678765,0.931354,34.954866,0.986764,4,0.028508,34.01766,62.751068,35.541176,0.905985,0.099392,0.200089,0.819,cuda
span26,ami,046,down,046_down,5,4,96,bic,37.855729,0.941787,36.085926,0.988689,4,0.023718,35.060548,65.046403,34.640991,0.934563,0.102279,0.215165,0.813,cuda
span26,ami,046,front,046_front,5,4,96,bic,37.881962,0.938731,36.082236,0.987994,4,0.025294,35.451556,65.609094,34.912976,0.909761,0.109214,0.222445,0.786,cuda
span26,ami,046,left,046_left,5,4,96,bic,39.138529,0.947567,37.324151,0.988972,4,0.024125,36.708067,66.633254,35.904456,0.905104,0.112845,0.214707,0.808,cuda
span26,ami,046,right,046_right,5,4,96,bic,37.841595,0.942939,36.098706,0.988718,4,0.024231,34.889728,64.506683,36.036118,0.936785,0.088618,0.213635,0.816,cuda
span26,ami,046,up,046_up,5,4,96,bic,36.753591,0.929534,35.014281,0.987148,4,0.026442,34.09626,64.364194,34.964869,0.906311,0.117515,0.202984,0.786,cuda
span26,ami,046,zoom,046_zoom,5,4,96,bic,38.679002,0.947576,36.803769,0.99026,4,0.019431,36.123825,65.740405,37.711138,0.942956,0.094244,0.205765,0.802,cuda
span26,ami,047,back,047_back,3,4,96,bic,37.20754,0.929802,35.536149,0.986791,4,0.032919,34.81005,66.176524,36.832041,0.939855,0.082066,0.184747,0.813,cuda
span26,ami,047,down,047_down,3,4,96,bic,36.60928,0.915379,35.034482,0.983926,4,0.035238,34.032828,65.956726,35.197135,0.928292,0.103216,0.20588,0.82,cuda
span26,ami,047,front,047_front,3,4,96,bic,37.419751,0.922427,35.748327,0.98511,4,0.023333,35.042395,64.972756,36.451758,0.944462,0.095399,0.21088,0.785,cuda
span26,ami,047,left,047_left,3,4,96,bic,36.148016,0.901407,34.584691,0.980114,4,0.041163,33.860898,66.011136,36.882453,0.94463,0.111119,0.212064,0.792,cuda
span26,ami,047,right,047_right,3,4,96,bic,37.725487,0.936414,36.034562,0.987739,4,0.026552,35.110837,68.068008,35.782838,0.951826,0.103411,0.205596,0.792,cuda
span26,ami,047,up,047_up,3,4,96,bic,36.986824,0.909534,35.365429,0.981476,4,0.030237,34.38161,67.091175,35.906854,0.912088,0.127668,0.221381,0.807,cuda
span26,ami,047,zoom,047_zoom,3,4,96,bic,38.744071,0.944501,36.971928,0.989835,4,0.024835,36.15565,66.380055,39.982582,0.965081,0.077246,0.183599,0.819,cuda
span26,ami,048,back,048_back,1,4,96,bic,36.335483,0.918176,34.654899,0.983568,4,0.030056,33.54398,64.707696,35.414525,0.894618,0.106368,0.190531,0.791,cuda
span26,ami,048,down,048_down,1,4,96,bic,36.856644,0.928249,35.184957,0.985698,4,0.037201,34.142075,66.790647,33.688564,0.901751,0.114654,0.220249,0.814,cuda
span26,ami,048,front,048_front,1,4,96,bic,37.214956,0.931719,35.581286,0.985948,4,0.036404,34.560334,64.67539,33.92348,0.903853,0.11135,0.218527,0.782,cuda
span26,ami,048,left,048_left,1,4,96,bic,38.570889,0.939603,36.882814,0.987614,4,0.022214,36.105724,66.828814,35.102969,0.910475,0.115042,0.232123,0.803,cuda
span26,ami,048,right,048_right,1,4,96,bic,36.66272,0.926997,35.00117,0.984281,4,0.037658,33.835751,67.189737,34.28883,0.921253,0.084003,0.207857,0.791,cuda
span26,ami,048,up,048_up,1,4,96,bic,37.162038,0.933629,35.493198,0.986467,4,0.029395,34.545178,65.341044,34.934855,0.901592,0.102099,0.200188,0.802,cuda
span26,ami,048,zoom,048_zoom,1,4,96,bic,38.996276,0.949372,37.211577,0.990461,4,0.019766,36.038829,66.66782,37.501094,0.942102,0.095964,0.202946,0.811,cuda
span26,ami,051,back,051_back,4,4,96,bic,36.340131,0.926577,34.612024,0.986207,4,0.030866,33.89654,64.93344,35.383294,0.917305,0.125482,0.218542,0.825,cuda
span26,ami,051,down,051_down,4,4,96,bic,36.186611,0.920604,34.463944,0.98446,4,0.035413,33.645454,63.54302,34.662083,0.923685,0.136912,0.206695,0.793,cuda
span26,ami,051,front,051_front,4,4,96,bic,36.387725,0.925747,34.693948,0.986554,4,0.030023,33.97226,63.723789,35.105572,0.905832,0.146048,0.232896,0.812,cuda
span26,ami,051,left,051_left,4,4,96,bic,37.694848,0.935608,35.935496,0.987681,4,0.033026,35.49632,66.172508,35.482005,0.910644,0.148551,0.21442,0.792,cuda
span26,ami,051,right,051_right,4,4,96,bic,36.937278,0.926755,35.250361,0.986342,4,0.0252,33.95824,67.756264,34.86853,0.913746,0.119204,0.221399,0.815,cuda
span26,ami,051,up,051_up,4,4,96,bic,35.796342,0.916709,34.138934,0.983422,4,0.038385,33.396212,64.870718,34.36032,0.899208,0.153631,0.221201,0.821,cuda
span26,ami,051,zoom,051_zoom,4,4,96,bic,38.71576,0.95152,36.85727,0.991228,4,0.021997,36.230415,65.811244,38.087949,0.944534,0.113285,0.220869,0.788,cuda
span26,ami,052,back,052_back,1,4,96,bic,36.04006,0.916606,34.387418,0.984198,4,0.039203,33.458361,64.895356,34.90857,0.917352,0.078189,0.205644,0.807,cuda
span26,ami,052,down,052_down,1,4,96,bic,36.519829,0.925044,34.862939,0.987808,4,0.026387,33.990838,67.070747,34.384618,0.909805,0.101845,0.215851,0.793,cuda
span26,ami,052,front,052_front,1,4,96,bic,36.939532,0.92858,35.239344,0.988043,4,0.029747,34.479613,66.203115,34.313039,0.911113,0.087954,0.246174,0.832,cuda
span26,ami,052,left,052_left,1,4,96,bic,37.590075,0.937788,35.930359,0.989378,4,0.022008,35.161072,65.641708,34.368383,0.907381,0.097451,0.218161,0.807,cuda
span26,ami,052,right,052_right,1,4,96,bic,36.904406,0.93063,35.217519,0.986409,4,0.043176,34.168462,66.249297,35.571856,0.921783,0.077212,0.227592,0.818,cuda
span26,ami,052,up,052_up,1,4,96,bic,37.336433,0.932396,35.628146,0.988219,4,0.026464,34.979998,65.407163,35.27742,0.924991,0.098014,0.237061,0.794,cuda
span26,ami,052,zoom,052_zoom,1,4,96,bic,38.075355,0.941793,36.276802,0.990174,4,0.023544,35.101843,65.739121,37.466985,0.943562,0.074694,0.204795,0.819,cuda
span26,ami,053,back,053_back,3,4,96,bic,36.971243,0.917683,35.185655,0.983921,4,0.035589,34.409464,63.770781,35.320123,0.913393,0.10638,0.218108,0.793,cuda
span26,ami,053,down,053_down,3,4,96,bic,36.128992,0.919098,34.428451,0.984888,4,0.036749,33.87526,65.453593,34.025978,0.900391,0.108665,0.229169,0.809,cuda
span26,ami,053,front,053_front,3,4,96,bic,36.316486,0.914321,34.557929,0.982643,4,0.034099,34.052061,66.73956,33.722112,0.903454,0.106959,0.225172,0.825,cuda
span26,ami,053,left,053_left,3,4,96,bic,36.789063,0.92442,35.099548,0.985588,4,0.033078,34.484351,65.69425,34.432448,0.869956,0.11352,0.211796,0.799,cuda
span26,ami,053,right,053_right,3,4,96,bic,36.824891,0.921981,35.01472,0.984952,4,0.032579,34.040882,65.824904,34.505167,0.89969,0.095567,0.242299,0.79,cuda
span26,ami,053,up,053_up,3,4,96,bic,35.762216,0.902518,34.069819,0.980227,4,0.032384,33.192493,64.177035,33.222784,0.869583,0.114939,0.212586,0.804,cuda
span26,ami,053,zoom,053_zoom,3,4,96,bic,37.321612,0.933648,35.52193,0.987804,4,0.031817,34.911115,66.255197,36.982738,0.942999,0.098164,0.217927,0.803,cuda
span26,ami,054,back,054_back,3,4,96,bic,36.748827,0.927149,34.910502,0.985984,4,0.029343,34.232206,63.378132,34.911256,0.890896,0.093178,0.209372,0.814,cuda
span26,ami,054,down,054_down,3,4,96,bic,36.622295,0.928339,34.867799,0.985723,4,0.032507,34.019442,64.350299,34.354716,0.911985,0.104423,0.188066,0.789,cuda
span26,ami,054,front,054_front,3,4,96,bic,36.951581,0.931005,35.285295,0.986852,4,0.027817,34.379801,64.67361,34.773147,0.900645,0.111294,0.187109,0.81,cuda
span26,ami,054,left,054_left,3,4,96,bic,37.383711,0.92881,35.787217,0.986403,4,0.031537,34.901992,64.01241,34.947977,0.911677,0.106403,0.205011,0.78,cuda
span26,ami,054,right,054_right,3,4,96,bic,36.486914,0.922858,34.880981,0.98514,4,0.031114,33.707317,63.494278,33.773196,0.891184,0.103562,0.195823,0.812,cuda
span26,ami,054,up,054_up,3,4,96,bic,35.271715,0.91202,33.331357,0.98274,4,0.035819,33.126747,64.682705,34.461527,0.900552,0.133639,0.191589,0.793,cuda
span26,ami,054,zoom,054_zoom,3,4,96,bic,37.213282,0.93413,35.324214,0.986847,4,0.034104,34.281635,66.281955,36.018948,0.923842,0.093683,0.190222,0.804,cuda
span26,ami,055,back,055_back,2,4,96,bic,38.088921,0.936867,36.340372,0.98724,4,0.027162,35.285684,66.938208,34.914459,0.889646,0.094023,0.168563,0.817,cuda
span26,ami,055,down,055_down,2,4,96,bic,37.119891,0.930384,35.465294,0.987102,4,0.025177,34.317507,66.759225,33.727333,0.915695,0.088584,0.234555,0.798,cuda
span26,ami,055,front,055_front,2,4,96,bic,37.607219,0.940657,35.922515,0.988039,4,0.028955,34.719774,65.893465,34.793169,0.908605,0.085968,0.218785,0.803,cuda
span26,ami,055,left,055_left,2,4,96,bic,37.327067,0.930282,35.644225,0.985634,4,0.029275,34.596227,65.015715,34.156911,0.892276,0.100759,0.217817,0.819,cuda
span26,ami,055,right,055_right,2,4,96,bic,37.199021,0.937274,35.484273,0.986161,4,0.028961,34.444285,65.081747,33.720705,0.883623,0.079211,0.213254,0.793,cuda
span26,ami,055,up,055_up,2,4,96,bic,37.140645,0.934669,35.493149,0.987671,4,0.024419,34.157406,65.625891,34.41409,0.900042,0.096232,0.220709,0.824,cuda
span26,ami,055,zoom,055_zoom,2,4,96,bic,38.341464,0.946971,36.552062,0.989432,4,0.027075,35.337724,66.274712,36.314143,0.928381,0.076445,0.19255,0.819,cuda
span26,ami,056,back,056_back,4,4,96,bic,35.839187,0.921696,34.224584,0.983686,4,0.036111,33.088928,63.870966,33.092901,0.897062,0.088496,0.22187,0.805,cuda
span26,ami,056,down,056_down,4,4,96,bic,35.900639,0.918052,34.368138,0.982023,4,0.04382,33.182759,64.809934,32.374734,0.883074,0.082671,0.191468,0.823,cuda
span26,ami,056,front,056_front,4,4,96,bic,35.924889,0.919242,34.344324,0.984082,4,0.03821,33.225881,64.866993,33.181763,0.910553,0.099245,0.232635,0.807,cuda
span26,ami,056,left,056_left,4,4,96,bic,37.479259,0.937935,35.881335,0.986883,4,0.037308,34.973594,65.435253,33.652981,0.872622,0.098812,0.205975,0.818,cuda
span26,ami,056,right,056_right,4,4,96,bic,36.497863,0.93556,34.870504,0.985961,4,0.028379,33.382047,64.09721,32.771327,0.864036,0.072077,0.21858,0.803,cuda
span26,ami,056,up,056_up,4,4,96,bic,34.728598,0.906508,33.206284,0.980638,4,0.048035,31.796751,64.539682,32.816163,0.881789,0.123029,0.211363,0.803,cuda
span26,ami,056,zoom,056_zoom,4,4,96,bic,37.312218,0.936825,35.628327,0.988177,4,0.028478,34.284411,64.784893,36.445341,0.93158,0.075765,0.209732,0.817,cuda
span26,ami,057,back,057_back,5,4,96,bic,36.427621,0.929141,34.694117,0.986561,4,0.033802,33.631833,65.017064,37.000933,0.924854,0.099137,0.213066,0.783,cuda
span26,ami,057,down,057_down,5,4,96,bic,37.052638,0.930349,35.323076,0.986992,4,0.039128,34.224578,65.609075,37.663455,0.956563,0.111744,0.216035,0.808,cuda
span26,ami,057,front,057_front,5,4,96,bic,36.263735,0.922499,34.613653,0.984921,4,0.042906,33.687908,64.689102,36.078694,0.934608,0.118354,0.229474,0.815,cuda
span26,ami,057,left,057_left,5,4,96,bic,37.216071,0.934092,35.523255,0.987749,4,0.03695,34.627529,65.803929,35.035952,0.916779,0.116673,0.239767,0.82,cuda
span26,ami,057,right,057_right,5,4,96,bic,37.229742,0.935839,35.486796,0.98807,4,0.02819,34.604649,65.666926,36.983884,0.949953,0.107711,0.196779,0.799,cuda
span26,ami,057,up,057_up,5,4,96,bic,34.824222,0.913973,33.251475,0.983654,4,0.039881,31.95226,64.132573,35.293869,0.92421,0.121834,0.198314,0.805,cuda
span26,ami,057,zoom,057_zoom,5,4,96,bic,38.429704,0.952335,36.679173,0.992159,4,0.020002,35.472493,64.755763,39.378221,0.965226,0.079609,0.215714,0.821,cuda
span26,ami,058,back,058_back,5,4,96,bic,37.47482,0.939856,35.847018,0.988689,4,0.024107,34.902145,65.757123,34.206381,0.907258,0.068815,0.196372,0.798,cuda
span26,ami,058,down,058_down,5,4,96,bic,36.516095,0.931046,34.931111,0.98609,4,0.041826,34.36008,65.773669,34.201656,0.891825,0.1159,0.225831,0.809,cuda
span26,ami,058,front,058_front,5,4,96,bic,36.524587,0.92966,34.894094,0.986432,4,0.033291,34.172897,65.739171,33.98078,0.886726,0.094774,0.221948,0.825,cuda
span26,ami,058,left,058_left,5,4,96,bic,38.16464,0.949514,36.549873,0.990486,4,0.023318,36.053212,64.951796,35.334992,0.911344,0.105517,0.220142,0.802,cuda
span26,ami,058,right,058_right,5,4,96,bic,37.644005,0.933589,35.973635,0.987445,4,0.027176,34.948222,63.264058,34.675679,0.91602,0.094481,0.214008,0.785,cuda
span26,ami,058,up,058_up,5,4,96,bic,36.514318,0.925482,34.915195,0.985119,4,0.034486,34.112171,65.595772,33.958671,0.875861,0.09669,0.236507,0.808,cuda
span26,ami,058,zoom,058_zoom,5,4,96,bic,38.075023,0.951208,36.320597,0.990769,4,0.026279,35.823525,65.176922,36.947884,0.940145,0.073881,0.193845,0.809,cuda
span26,ami,059,back,059_back,3,4,96,bic,38.795398,0.944992,37.061211,0.989136,4,0.022892,36.27286,68.790745,36.443826,0.9292,0.085215,0.19952,0.825,cuda
span26,ami,059,down,059_down,3,4,96,bic,38.975447,0.951266,37.285663,0.99065,4,0.018638,36.310219,67.33514,36.369967,0.944398,0.076028,0.233588,0.793,cuda
span26,ami,059,front,059_front,3,4,96,bic,37.880999,0.939548,36.229693,0.987773,4,0.027368,35.118887,68.155147,35.200897,0.912375,0.097388,0.218231,0.805,cuda
span26,ami,059,left,059_left,3,4,96,bic,38.852747,0.950802,37.15972,0.990475,4,0.021289,36.025422,66.678607,36.037704,0.932977,0.068011,0.226134,0.788,cuda
span26,ami,059,right,059_right,3,4,96,bic,38.390827,0.948486,36.755401,0.990023,4,0.021299,35.557288,64.510208,35.864591,0.923304,0.074812,0.194088,0.801,cuda
span26,ami,059,up,059_up,3,4,96,bic,37.470219,0.933266,35.802423,0.986247,4,0.029169,34.95049,65.72532,34.834506,0.891984,0.100306,0.21414,0.816,cuda
span26,ami,059,zoom,059_zoom,3,4,96,bic,39.516108,0.9554,37.6374,0.991596,4,0.020113,36.598869,65.386013,38.24923,0.955873,0.070157,0.199752,0.821,cuda
span26,ami,061,back,061_back,2,4,96,bic,38.440332,0.938621,36.834698,0.988398,4,0.022403,35.664068,66.40409,36.186301,0.919364,0.090076,0.195814,0.791,cuda
span26,ami,061,down,061_down,2,4,96,bic,37.915992,0.935739,36.333196,0.988303,4,0.027665,35.135516,65.75986,35.815808,0.93833,0.098223,0.209482,0.814,cuda
span26,ami,061,front,061_front,2,4,96,bic,37.979777,0.932814,36.341564,0.987043,4,0.026629,35.234324,65.21088,35.804646,0.928335,0.103459,0.226258,0.787,cuda
span26,ami,061,left,061_left,2,4,96,bic,37.993329,0.931696,36.399836,0.985857,4,0.032125,35.637181,66.292489,35.160823,0.901478,0.103529,0.224554,0.818,cuda
span26,ami,061,right,061_right,2,4,96,bic,38.528536,0.942621,36.824459,0.988539,4,0.02227,35.44311,66.951925,35.729583,0.923424,0.093916,0.201275,0.802,cuda
span26,ami,061,up,061_up,2,4,96,bic,38.282277,0.936221,36.574017,0.988453,4,0.024156,35.437366,65.168015,35.722639,0.915651,0.126884,0.238702,0.819,cuda
span26,ami,061,zoom,061_zoom,2,4,96,bic,39.095648,0.950673,37.321836,0.990815,4,0.024043,36.369556,65.537392,37.694361,0.943073,0.085088,0.214292,0.811,cuda
span26,ami,062,back,062_back,3,4,96,bic,36.930275,0.934757,35.235859,0.989125,4,0.028966,34.379368,65.408474,38.324959,0.954101,0.110108,0.178564,0.801,cuda
span26,ami,062,down,062_down,3,4,96,bic,37.015038,0.929765,35.250533,0.988579,4,0.025643,34.966839,65.497177,36.350353,0.922181,0.154486,0.214146,0.819,cuda
span26,ami,062,front,062_front,3,4,96,bic,36.656442,0.923525,34.902544,0.98739,4,0.028331,34.736526,65.818773,37.022578,0.92425,0.134948,0.227658,0.79,cuda
span26,ami,062,left,062_left,3,4,96,bic,37.989254,0.933108,36.160814,0.988414,4,0.026161,36.003074,66.477445,37.31201,0.909772,0.150852,0.210855,0.804,cuda
span26,ami,062,right,062_right,3,4,96,bic,37.235664,0.924904,35.442092,0.986141,4,0.024489,34.990328,65.681482,37.228384,0.937239,0.136965,0.229672,0.808,cuda
span26,ami,062,up,062_up,3,4,96,bic,34.245618,0.91605,32.656847,0.985954,4,0.036882,32.049427,64.284583,36.816425,0.926091,0.146246,0.224204,0.789,cuda
span26,ami,062,zoom,062_zoom,3,4,96,bic,37.992861,0.942863,36.113534,0.990701,4,0.03436,36.034755,66.482168,38.595343,0.946484,0.119738,0.215883,0.808,cuda
span26,ami,063,back,063_back,4,4,96,bic,38.69197,0.941716,36.886209,0.988913,4,0.024577,36.102356,66.503944,36.168898,0.927614,0.092036,0.15915,0.825,cuda
span26,ami,063,down,063_down,4,4,96,bic,36.967219,0.930073,35.267138,0.986668,4,0.026464,34.369159,65.5888,34.917309,0.934318,0.116707,0.238878,0.789,cuda
span26,ami,063,front,063_front,4,4,96,bic,37.511601,0.93092,35.850924,0.987136,4,0.026734,34.733006,65.153875,35.298724,0.936432,0.105921,0.246104,0.81,cuda
span26,ami,063,left,063_left,4,4,96,bic,38.411206,0.938852,36.696698,0.987981,4,0.026338,35.931261,65.828081,35.569465,0.916849,0.102167,0.221775,0.813,cuda
span26,ami,063,right,063_right,4,4,96,bic,37.40338,0.928263,35.710356,0.986921,4,0.027983,34.691758,66.593228,36.123139,0.939556,0.11918,0.244509,0.813,cuda
span26,ami,063,up,063_up,4,4,96,bic,37.284661,0.922304,35.621845,0.985981,4,0.02555,34.620249,66.50632,35.997221,0.921737,0.129462,0.242828,0.8,cuda
span26,ami,063,zoom,063_zoom,4,4,96,bic,38.676751,0.950082,36.974557,0.99043,4,0.023893,35.597472,65.69807,38.446425,0.949909,0.07803,0.219086,0.807,cuda
span26,ami,064,back,064_back,5,4,96,bic,36.158732,0.909082,34.531292,0.98186,4,0.037368,33.54875,65.527524,33.966562,0.884203,0.117255,0.237515,0.784,cuda
span26,ami,064,down,064_down,5,4,96,bic,35.969762,0.904379,34.338636,0.981952,4,0.032759,33.179375,65.812791,33.547823,0.90445,0.143802,0.207669,0.811,cuda
span26,ami,064,front,064_front,5,4,96,bic,36.753482,0.913538,35.074945,0.983182,4,0.041142,34.280814,65.971063,34.954212,0.910487,0.119026,0.221651,0.785,cuda
span26,ami,064,left,064_left,5,4,96,bic,36.863774,0.911863,35.190315,0.983093,4,0.037846,34.394059,67.455115,34.726898,0.894798,0.139645,0.222396,0.8,cuda
span26,ami,064,right,064_right,5,4,96,bic,37.021097,0.919787,35.404,0.984838,4,0.031334,34.512035,66.924814,34.408386,0.892178,0.110207,0.213984,0.82,cuda
span26,ami,064,up,064_up,5,4,96,bic,35.665057,0.901865,34.018088,0.97918,4,0.046337,33.042185,66.621149,32.490037,0.880813,0.126163,0.222461,0.789,cuda
span26,ami,064,zoom,064_zoom,5,4,96,bic,36.959485,0.918922,35.217138,0.983572,4,0.047879,34.494655,66.088361,35.772578,0.926919,0.110013,0.184102,0.799,cuda
span26,ami,065,back,065_back,3,4,96,bic,36.048799,0.916925,34.332522,0.984121,4,0.035426,33.193006,66.433933,34.860484,0.9237,0.112767,0.205555,0.812,cuda
span26,ami,065,down,065_down,3,4,96,bic,37.356524,0.934269,35.63369,0.987751,4,0.030546,34.576478,65.648071,35.437238,0.934761,0.110674,0.228254,0.792,cuda
span26,ami,065,front,065_front,3,4,96,bic,36.99676,0.932961,35.31536,0.988083,4,0.036651,34.398619,65.857337,37.955966,0.951036,0.122654,0.190158,0.811,cuda
span26,ami,065,left,065_left,3,4,96,bic,39.301986,0.948459,37.530021,0.990722,4,0.02434,37.000136,67.843326,37.530343,0.929098,0.130906,0.216332,0.822,cuda
span26,ami,065,right,065_right,3,4,96,bic,36.626522,0.926461,34.923704,0.985791,4,0.041918,33.5253,65.812997,34.953906,0.944462,0.118951,0.213863,0.808,cuda
span26,ami,065,up,065_up,3,4,96,bic,37.106377,0.929977,35.425337,0.987857,4,0.034317,34.514151,67.259673,37.733518,0.940241,0.146937,0.212138,0.815,cuda
span26,ami,065,zoom,065_zoom,3,4,96,bic,39.170309,0.950405,37.309957,0.990658,4,0.022446,36.335528,66.215762,39.976329,0.960887,0.098822,0.182437,0.797,cuda
span26,ami,066,back,066_back,4,4,96,bic,37.1475,0.929415,35.459837,0.985846,4,0.038102,34.398536,65.628031,36.147096,0.930856,0.088416,0.21389,0.811,cuda
span26,ami,066,down,066_down,4,4,96,bic,37.396264,0.927122,35.6357,0.984577,4,0.033897,34.56178,67.784102,36.287055,0.937442,0.094438,0.223934,0.781,cuda
span26,ami,066,front,066_front,4,4,96,bic,37.393965,0.926247,35.664659,0.984145,4,0.04416,34.75507,66.429321,36.212498,0.931737,0.100528,0.212721,0.809,cuda
span26,ami,066,left,066_left,4,4,96,bic,38.055678,0.936334,36.317752,0.986699,4,0.032679,35.518356,66.255703,35.063808,0.912797,0.107923,0.212816,0.821,cuda
span26,ami,066,right,066_right,4,4,96,bic,37.418226,0.931627,35.623858,0.985784,4,0.041996,34.530497,64.944385,36.627735,0.932568,0.08384,0.223185,0.797,cuda
span26,ami,066,up,066_up,4,4,96,bic,37.52108,0.928185,35.765402,0.986494,4,0.023794,34.759346,65.128586,36.352306,0.936197,0.099742,0.195214,0.825,cuda
span26,ami,066,zoom,066_zoom,4,4,96,bic,38.177722,0.940602,36.315721,0.987155,4,0.032911,35.176524,65.118339,38.70009,0.948636,0.094346,0.208479,0.793,cuda
span26,ami,067,back,067_back,2,4,96,bic,37.132587,0.916515,35.192124,0.984691,4,0.025651,34.46413,64.255229,35.123529,0.917673,0.123102,0.193992,0.805,cuda
span26,ami,067,down,067_down,2,4,96,bic,36.663528,0.913119,34.734291,0.983584,4,0.03444,34.365204,65.797056,35.744616,0.916827,0.14491,0.210676,0.82,cuda
span26,ami,067,front,067_front,2,4,96,bic,36.675187,0.908419,34.725845,0.981773,4,0.03188,34.290381,66.738542,34.543496,0.894972,0.144606,0.207637,0.824,cuda
span26,ami,067,left,067_left,2,4,96,bic,36.885865,0.911203,35.011522,0.983,4,0.033167,34.747196,66.761563,34.974446,0.91232,0.166861,0.220887,0.816,cuda
span26,ami,067,right,067_right,2,4,96,bic,36.359898,0.915162,34.569206,0.984696,4,0.042457,33.483992,63.731672,34.62321,0.915464,0.134663,0.212192,0.789,cuda
span26,ami,067,up,067_up,2,4,96,bic,36.467095,0.901369,34.593248,0.979939,4,0.040693,34.079482,65.332387,34.847971,0.900319,0.139039,0.211668,0.83,cuda
span26,ami,067,zoom,067_zoom,2,4,96,bic,37.331851,0.922078,35.347321,0.984659,4,0.027583,34.926138,66.426563,35.626864,0.908254,0.124316,0.209818,0.785,cuda
span26,ami,068,back,068_back,2,4,96,bic,35.464258,0.892515,33.815438,0.979479,4,0.04016,32.944861,65.553196,34.01649,0.910306,0.115793,0.199741,0.808,cuda
span26,ami,068,down,068_down,2,4,96,bic,36.278929,0.924906,34.604303,0.98615,4,0.031082,33.787079,65.630781,34.066246,0.913193,0.11573,0.220834,0.812,cuda
span26,ami,068,front,068_front,2,4,96,bic,36.459685,0.922484,34.801747,0.985675,4,0.0361,33.841025,66.183161,35.316914,0.933691,0.120828,0.216354,0.782,cuda
span26,ami,068,left,068_left,2,4,96,bic,37.391554,0.932728,35.652722,0.987988,4,0.028963,35.13087,64.709762,35.781261,0.921011,0.122277,0.251489,0.809,cuda
span26,ami,068,right,068_right,2,4,96,bic,36.491501,0.927113,34.776574,0.986595,4,0.032923,33.735559,65.152475,35.180392,0.931758,0.104479,0.208302,0.814,cuda
span26,ami,068,up,068_up,2,4,96,bic,36.070691,0.916668,34.385074,0.98512,4,0.042349,33.605228,65.474264,34.587284,0.925835,0.123272,0.215108,0.815,cuda
span26,ami,068,zoom,068_zoom,2,4,96,bic,38.203054,0.945098,36.355666,0.990007,4,0.027332,35.662782,67.063768,38.470979,0.954778,0.094889,0.190983,0.779,cuda
span26,ami,069,back,069_back,4,4,96,bic,36.664932,0.919644,34.89149,0.985333,4,0.026677,33.922695,65.775905,34.992277,0.92079,0.111619,0.230746,0.805,cuda
span26,ami,069,down,069_down,4,4,96,bic,35.380201,0.911333,33.752261,0.983623,4,0.032543,32.434279,61.932825,33.563437,0.894531,0.129649,0.207441,0.815,cuda
span26,ami,069,front,069_front,4,4,96,bic,36.072239,0.919063,34.442963,0.985802,4,0.022794,33.2646,64.396609,33.963926,0.900308,0.108323,0.219738,0.79,cuda
span26,ami,069,left,069_left,4,4,96,bic,36.470938,0.927236,34.814778,0.985742,4,0.036048,33.949118,65.876623,34.231286,0.902914,0.11838,0.200112,0.806,cuda
span26,ami,069,right,069_right,4,4,96,bic,36.741467,0.932961,35.045205,0.987807,4,0.025932,33.778151,64.493417,33.608787,0.895187,0.097816,0.202538,0.81,cuda
span26,ami,069,up,069_up,4,4,96,bic,35.499864,0.916683,33.895077,0.985425,4,0.030811,32.353517,65.552929,33.603959,0.900396,0.136521,0.22365,0.822,cuda
span26,ami,069,zoom,069_zoom,4,4,96,bic,36.666487,0.927458,34.950761,0.988156,4,0.02548,33.533519,64.729067,36.202727,0.927841,0.107764,0.197744,0.789,cuda
span26,ami,070,back,070_back,3,4,96,bic,36.940262,0.927174,35.251858,0.985841,4,0.028653,33.990737,65.915378,36.860759,0.925235,0.074042,0.186237,0.806,cuda
span26,ami,070,down,070_down,3,4,96,bic,35.485299,0.91461,33.899587,0.984539,4,0.039233,32.896499,64.117929,34.671708,0.899608,0.106576,0.217883,0.814,cuda
span26,ami,070,front,070_front,3,4,96,bic,36.020415,0.919494,34.418288,0.984422,4,0.031096,33.240838,63.24236,36.179288,0.931987,0.101042,0.208201,0.788,cuda
span26,ami,070,left,070_left,3,4,96,bic,36.885483,0.926887,35.375831,0.985915,4,0.036,34.50319,64.822483,35.395278,0.907752,0.137124,0.221944,0.808,cuda
span26,ami,070,right,070_right,3,4,96,bic,36.144938,0.916116,34.563532,0.983112,4,0.039192,33.139301,63.771781,36.138583,0.919769,0.083185,0.204112,0.821,cuda
span26,ami,070,up,070_up,3,4,96,bic,36.020078,0.911823,34.45238,0.982804,4,0.027224,33.305609,65.397747,35.335096,0.902357,0.113204,0.220277,0.792,cuda
span26,ami,070,zoom,070_zoom,3,4,96,bic,37.682421,0.941236,35.988402,0.989335,4,0.024336,34.910742,64.487743,39.31584,0.957693,0.06833,0.17708,0.81,cuda
span26,ami,071,back,071_back,2,4,96,bic,36.054066,0.921259,34.418244,0.985168,4,0.036314,33.242449,64.602012,34.908372,0.928925,0.109618,0.221265,0.794,cuda
span26,ami,071,down,071_down,2,4,96,bic,35.490734,0.921203,33.825304,0.98606,4,0.035625,32.873043,64.108275,35.29123,0.93613,0.114982,0.23626,0.793,cuda
span26,ami,071,front,071_front,2,4,96,bic,34.915587,0.914919,33.259953,0.984003,4,0.045107,32.292264,64.850892,34.410161,0.911439,0.123206,0.225218,0.828,cuda
span26,ami,071,left,071_left,2,4,96,bic,35.71004,0.925628,34.04057,0.986861,4,0.028852,33.128511,63.784498,35.264205,0.931629,0.12365,0.223009,0.793,cuda
span26,ami,071,right,071_right,2,4,96,bic,36.154452,0.913927,34.440885,0.984009,4,0.039432,33.291383,64.608583,34.963122,0.909971,0.100098,0.204826,0.8,cuda
span26,ami,071,up,071_up,2,4,96,bic,34.591064,0.90393,32.945882,0.98248,4,0.037642,31.708955,63.730532,33.974522,0.888569,0.145799,0.211254,0.821,cuda
span26,ami,071,zoom,071_zoom,2,4,96,bic,36.777607,0.94009,34.983594,0.989504,4,0.025336,33.998156,64.322451,37.685158,0.946359,0.102684,0.207734,0.794,cuda
span26,ami,072,back,072_back,1,4,96,bic,38.636106,0.942275,36.816209,0.988741,4,0.02676,36.000705,64.951029,36.388242,0.924859,0.078178,0.179611,0.812,cuda
span26,ami,072,down,072_down,1,4,96,bic,39.173112,0.946912,37.431114,0.989641,4,0.019418,36.79856,65.993351,37.212167,0.941724,0.078189,0.199427,0.814,cuda
span26,ami,072,front,072_front,1,4,96,bic,39.094978,0.946198,37.345368,0.988049,4,0.022157,36.839467,67.24005,35.870722,0.915548,0.08379,0.209583,0.793,cuda
span26,ami,072,left,072_left,1,4,96,bic,39.035775,0.940986,37.202206,0.987791,4,0.024277,36.904701,66.842228,36.375699,0.913254,0.108437,0.221451,0.806,cuda
span26,ami,072,right,072_right,1,4,96,bic,39.275784,0.952152,37.578334,0.989572,4,0.026837,36.511349,67.349919,35.967096,0.922649,0.06768,0.193394,0.779,cuda
span26,ami,072,up,072_up,1,4,96,bic,39.258462,0.948017,37.47746,0.989005,4,0.021801,36.7821,65.883725,36.025076,0.908534,0.093336,0.195622,0.808,cuda
span26,ami,072,zoom,072_zoom,1,4,96,bic,40.535856,0.96106,38.592536,0.992347,4,0.016361,37.872502,66.357383,38.058663,0.96102,0.073949,0.179852,0.784,cuda
span26,ami,073,back,073_back,1,4,96,bic,38.630461,0.94443,36.813532,0.989278,4,0.020238,35.946941,65.192315,35.580706,0.907362,0.079035,0.175274,0.804,cuda
span26,ami,073,down,073_down,1,4,96,bic,37.655238,0.944721,35.994158,0.990019,4,0.028406,35.590459,65.070428,35.743113,0.922295,0.114862,0.230693,0.8,cuda
span26,ami,073,front,073_front,1,4,96,bic,37.508164,0.934812,35.800701,0.986998,4,0.030475,35.092172,65.582787,35.250413,0.907515,0.117455,0.212261,0.797,cuda
span26,ami,073,left,073_left,1,4,96,bic,38.427755,0.942596,36.730249,0.988747,4,0.030552,36.24221,66.170231,35.787385,0.920078,0.123634,0.204828,0.812,cuda
span26,ami,073,right,073_right,1,4,96,bic,37.724523,0.935149,35.987719,0.98691,4,0.026906,34.925498,66.210372,35.712926,0.913732,0.102083,0.216354,0.795,cuda
span26,ami,073,up,073_up,1,4,96,bic,36.717086,0.924447,35.118056,0.985368,4,0.03432,34.262603,65.920775,34.899133,0.894314,0.140175,0.211962,0.826,cuda
span26,ami,073,zoom,073_zoom,1,4,96,bic,39.078174,0.949988,37.29511,0.990199,4,0.021947,36.621591,66.254376,37.016847,0.931609,0.097681,0.210979,0.787,cuda
span26,ami,074,back,074_back,1,4,96,bic,37.422308,0.923915,35.817274,0.985363,4,0.03063,34.943774,65.379754,35.875104,0.915771,0.121868,0.214804,0.802,cuda
span26,ami,074,down,074_down,1,4,96,bic,36.554038,0.912474,35.028778,0.983289,4,0.03851,34.06718,66.707545,35.107216,0.915028,0.124787,0.228373,0.81,cuda
span26,ami,074,front,074_front,1,4,96,bic,36.783222,0.913816,35.223674,0.983878,4,0.03402,34.281657,65.623578,35.463363,0.917676,0.124483,0.226937,0.788,cuda
span26,ami,074,left,074_left,1,4,96,bic,37.425924,0.924283,35.834752,0.985818,4,0.029237,35.052806,65.519667,36.748264,0.91788,0.129532,0.222049,0.798,cuda
span26,ami,074,right,074_right,1,4,96,bic,37.24711,0.932477,35.623353,0.987274,4,0.031618,34.67033,64.37105,35.173035,0.909126,0.117723,0.210865,0.81,cuda
span26,ami,074,up,074_up,1,4,96,bic,36.518472,0.909307,34.981253,0.982813,4,0.037971,34.010035,66.268817,35.297389,0.904008,0.136075,0.215571,0.794,cuda
span26,ami,074,zoom,074_zoom,1,4,96,bic,38.171672,0.940014,36.493752,0.989361,4,0.025795,35.688932,66.604819,36.614463,0.933111,0.125892,0.204785,0.797,cuda
span26,ami,075,back,075_back,3,4,96,bic,36.652819,0.91135,34.842096,0.983416,4,0.029393,34.370611,64.861631,36.029899,0.907734,0.113323,0.175226,0.783,cuda
span26,ami,075,down,075_down,3,4,96,bic,35.562613,0.905746,33.851598,0.98246,4,0.046451,32.924143,64.445192,35.365155,0.91879,0.126758,0.209864,0.799,cuda
span26,ami,075,front,075_front,3,4,96,bic,34.915414,0.894651,33.240069,0.98185,4,0.037645,32.394069,64.443503,36.615569,0.934374,0.138043,0.214308,0.82,cuda
span26,ami,075,left,075_left,3,4,96,bic,35.411049,0.902733,33.829364,0.982167,4,0.042848,32.701409,65.180591,35.778713,0.900461,0.147473,0.248517,0.796,cuda
span26,ami,075,right,075_right,3,4,96,bic,37.233523,0.92628,35.439443,0.986671,4,0.030487,34.46727,64.263516,36.801802,0.928316,0.104891,0.210763,0.801,cuda
span26,ami,075,up,075_up,3,4,96,bic,35.417914,0.89516,33.716432,0.981291,4,0.032088,32.782425,64.485006,36.582821,0.923919,0.120986,0.202045,0.821,cuda
span26,ami,075,zoom,075_zoom,3,4,96,bic,36.209016,0.927426,34.417889,0.987164,4,0.040762,33.626877,64.92706,38.238042,0.947713,0.123062,0.197682,0.815,cuda
span26,ami,076,back,076_back,5,4,96,bic,38.411327,0.939657,36.592484,0.98916,4,0.023891,35.757763,64.750513,36.92134,0.951869,0.088782,0.167987,0.797,cuda
span26,ami,076,down,076_down,5,4,96,bic,36.759802,0.922336,35.036586,0.984832,4,0.039314,34.029222,64.549772,35.868813,0.940973,0.109414,0.200804,0.806,cuda
span26,ami,076,front,076_front,5,4,96,bic,37.201081,0.926548,35.49135,0.985646,4,0.03305,34.613843,65.712286,36.077491,0.943396,0.114506,0.202516,0.821,cuda
span26,ami,076,left,076_left,5,4,96,bic,37.619739,0.929226,35.854993,0.98673,4,0.030522,35.165647,66.489487,36.275393,0.936966,0.112626,0.194161,0.818,cuda
span26,ami,076,right,076_right,5,4,96,bic,37.108764,0.926082,35.374073,0.98595,4,0.031355,34.410579,65.532841,35.408447,0.940168,0.114604,0.207756,0.794,cuda
span26,ami,076,up,076_up,5,4,96,bic,37.098564,0.923743,35.401634,0.985539,4,0.028663,34.46473,64.943977,36.049412,0.937051,0.112982,0.205954,0.809,cuda
span26,ami,076,zoom,076_zoom,5,4,96,bic,38.865801,0.95033,37.037756,0.990848,4,0.025464,36.070845,65.881182,40.967487,0.972427,0.089903,0.188411,0.82,cuda
span26,ami,077,back,077_back,2,4,96,bic,38.528227,0.933041,36.730119,0.986294,4,0.029717,35.725213,66.826728,35.905143,0.911317,0.07805,0.200121,0.82,cuda
span26,ami,077,down,077_down,2,4,96,bic,37.124743,0.911293,35.384754,0.982785,4,0.031983,34.575733,66.444066,34.020878,0.882043,0.134412,0.250917,0.796,cuda
span26,ami,077,front,077_front,2,4,96,bic,37.677797,0.917478,35.938373,0.983933,4,0.024833,35.056505,66.924595,34.921055,0.89129,0.124684,0.244225,0.806,cuda
span26,ami,077,left,077_left,2,4,96,bic,37.765747,0.923397,36.041269,0.98501,4,0.030861,35.173705,66.522128,35.976409,0.914315,0.120916,0.229121,0.822,cuda
span26,ami,077,right,077_right,2,4,96,bic,39.161368,0.944741,37.177607,0.989912,4,0.01801,35.981302,66.666255,36.096724,0.933841,0.06325,0.227122,0.823,cuda
span26,ami,077,up,077_up,2,4,96,bic,37.961212,0.919711,36.179151,0.984883,4,0.022143,35.524286,67.701467,35.342102,0.89462,0.11321,0.235727,0.788,cuda
span26,ami,077,zoom,077_zoom,2,4,96,bic,39.092486,0.939253,37.240848,0.989001,4,0.018341,36.579741,66.403641,37.088005,0.926379,0.078798,0.221594,0.792,cuda
span26,ami,078,back,078_back,2,4,96,bic,36.849778,0.923921,35.090106,0.984722,4,0.029365,34.390113,64.828717,34.669739,0.906577,0.094374,0.205694,0.815,cuda
span26,ami,078,down,078_down,2,4,96,bic,36.006741,0.900403,34.262275,0.977969,4,0.049396,33.547545,64.670603,33.508355,0.875857,0.120535,0.190764,0.789,cuda
span26,ami,078,front,078_front,2,4,96,bic,37.110397,0.923343,35.322208,0.984063,4,0.032983,34.406104,65.376282,35.981875,0.941322,0.1068,0.179493,0.815,cuda
span26,ami,078,left,078_left,2,4,96,bic,36.282251,0.910987,34.527142,0.981132,4,0.038375,33.683024,66.260317,33.895899,0.911383,0.125546,0.206568,0.81,cuda
span26,ami,078,right,078_right,2,4,96,bic,37.028748,0.930327,35.251401,0.98607,4,0.027403,34.287414,64.709506,35.492118,0.93297,0.077791,0.202487,0.806,cuda
span26,ami,078,up,078_up,2,4,96,bic,36.576114,0.911212,34.817708,0.980761,4,0.033696,33.868862,66.166104,36.038678,0.924813,0.126499,0.179423,0.808,cuda
span26,ami,078,zoom,078_zoom,2,4,96,bic,38.380486,0.941298,36.448603,0.987011,4,0.039555,35.688097,65.638605,38.793454,0.963595,0.07081,0.168393,0.82,cuda
span26,ami,079,back,079_back,4,4,96,bic,36.375055,0.915119,34.5917,0.983547,4,0.037716,34.456473,64.174252,34.039569,0.879546,0.157208,0.225466,0.79,cuda
span26,ami,079,down,079_down,4,4,96,bic,36.189516,0.915248,34.465159,0.982778,4,0.034726,33.64791,64.557492,33.403731,0.876022,0.122858,0.230858,0.805,cuda
span26,ami,079,front,079_front,4,4,96,bic,35.653125,0.902297,33.931894,0.980963,4,0.037123,33.348879,64.551306,34.533018,0.887855,0.161194,0.203855,0.821,cuda
span26,ami,079,left,079_left,4,4,96,bic,37.37373,0.930916,35.599774,0.986562,4,0.028651,35.131194,65.856745,34.835264,0.890708,0.135955,0.216748,0.801,cuda
span26,ami,079,right,079_right,4,4,96,bic,36.561696,0.925697,34.79915,0.985093,4,0.03228,33.729282,63.919505,34.578031,0.914657,0.113155,0.202482,0.817,cuda
span26,ami,079,up,079_up,4,4,96,bic,35.68278,0.903647,33.99013,0.981887,4,0.02836,33.59867,65.606898,34.442122,0.896564,0.146655,0.20524,0.829,cuda
span26,ami,079,zoom,079_zoom,4,4,96,bic,36.75483,0.922146,34.900124,0.985278,4,0.035987,34.1769,66.118811,37.111763,0.926988,0.136241,0.192358,0.785,cuda
span26,ami,080,back,080_back,3,4,96,bic,38.255686,0.934974,36.465825,0.986949,4,0.025123,35.483737,67.508089,34.489571,0.895725,0.114859,0.182804,0.806,cuda
span26,ami,080,down,080_down,3,4,96,bic,37.835477,0.93081,36.054189,0.985056,4,0.034976,35.111351,66.894861,33.380826,0.874724,0.125765,0.233433,0.814,cuda
span26,ami,080,front,080_front,3,4,96,bic,38.192776,0.936283,36.408939,0.98605,4,0.034561,35.362893,67.374673,33.958843,0.89082,0.102912,0.241628,0.784,cuda
span26,ami,080,left,080_left,3,4,96,bic,38.047779,0.936805,36.333425,0.986365,4,0.031419,36.264589,68.111235,33.214237,0.845938,0.15561,0.23886,0.791,cuda
span26,ami,080,right,080_right,3,4,96,bic,38.443454,0.943138,36.655857,0.988216,4,0.024187,35.385471,67.011593,34.852539,0.902644,0.091972,0.242756,0.796,cuda
span26,ami,080,up,080_up,3,4,96,bic,37.480057,0.925348,35.768735,0.984639,4,0.02941,34.778598,66.740114,33.773339,0.875248,0.119587,0.234202,0.812,cuda
span26,ami,080,zoom,080_zoom,3,4,96,bic,39.492117,0.947993,37.530592,0.989238,4,0.024047,36.784202,68.462599,35.888193,0.919883,0.094979,0.233842,0.821,cuda
span26,ami,081,back,081_back,1,4,96,bic,38.205577,0.93385,36.34204,0.986613,4,0.025241,35.689953,67.021072,34.507106,0.882817,0.092837,0.200081,0.784,cuda
span26,ami,081,down,081_down,1,4,96,bic,37.19477,0.917152,35.51664,0.984079,4,0.031048,34.596656,66.588614,33.225613,0.868613,0.112889,0.237116,0.815,cuda
span26,ami,081,front,081_front,1,4,96,bic,36.647372,0.905373,34.972543,0.981049,4,0.033434,33.953333,66.675174,32.890613,0.854357,0.142297,0.2546,0.816,cuda
span26,ami,081,left,081_left,1,4,96,bic,37.643041,0.911964,35.97118,0.98284,4,0.032237,35.249023,68.712935,34.112825,0.863913,0.158836,0.263901,0.79,cuda
span26,ami,081,right,081_right,1,4,96,bic,39.021223,0.951297,37.228343,0.989466,4,0.022884,36.274099,66.615361,34.859208,0.907046,0.068165,0.190466,0.813,cuda
span26,ami,081,up,081_up,1,4,96,bic,36.24722,0.900393,34.587088,0.980478,4,0.036195,33.823609,67.12219,33.089096,0.86485,0.148219,0.247764,0.791,cuda
span26,ami,081,zoom,081_zoom,1,4,96,bic,37.993166,0.92961,36.22558,0.986304,4,0.025341,35.217229,66.868525,35.116483,0.915749,0.089607,0.241794,0.803,cuda
span26,ami,082,back,082_back,2,4,96,bic,37.661435,0.934099,35.942991,0.987309,4,0.030374,34.768145,67.14407,34.745061,0.909574,0.076378,0.215587,0.804,cuda
span26,ami,082,down,082_down,2,4,96,bic,36.69968,0.920173,35.050159,0.98544,4,0.030506,33.828689,66.899724,34.160161,0.922481,0.118556,0.223706,0.828,cuda
span26,ami,082,front,082_front,2,4,96,bic,36.768293,0.919209,35.095719,0.984931,4,0.032788,33.965358,66.62143,34.650714,0.928569,0.114367,0.236363,0.795,cuda
span26,ami,082,left,082_left,2,4,96,bic,36.845223,0.923993,35.209576,0.985914,4,0.033645,33.959954,66.394734,33.479187,0.904514,0.112629,0.213787,0.795,cuda
span26,ami,082,right,082_right,2,4,96,bic,37.864298,0.930656,36.155518,0.986339,4,0.023951,35.287186,66.839281,34.46322,0.909595,0.108781,0.212341,0.814,cuda
span26,ami,082,up,082_up,2,4,96,bic,37.458355,0.928395,35.693107,0.986193,4,0.023783,34.712717,66.982536,35.150653,0.9232,0.120465,0.23526,0.792,cuda
span26,ami,082,zoom,082_zoom,2,4,96,bic,37.944549,0.937455,36.250182,0.989855,4,0.02504,35.341565,67.349581,36.824565,0.957891,0.091706,0.217999,0.796,cuda
span26,ami,083,back,083_back,4,4,96,bic,37.124235,0.918945,35.377548,0.985262,4,0.024112,34.429307,67.233663,35.258047,0.89718,0.104902,0.213526,0.817,cuda
span26,ami,083,down,083_down,4,4,96,bic,36.17837,0.898028,34.542432,0.981493,4,0.027758,33.151155,66.184721,35.900937,0.925585,0.115633,0.219622,0.789,cuda
span26,ami,083,front,083_front,4,4,96,bic,36.150354,0.897814,34.546901,0.980705,4,0.040441,33.420822,65.90487,35.478193,0.909921,0.113721,0.227582,0.812,cuda
span26,ami,083,left,083_left,4,4,96,bic,37.543647,0.926571,35.850255,0.987333,4,0.022135,35.002585,66.428909,36.323981,0.926337,0.107485,0.192311,0.807,cuda
span26,ami,083,right,083_right,4,4,96,bic,37.373897,0.931364,35.570838,0.986783,4,0.027733,34.390642,65.879056,34.354502,0.896601,0.1157,0.227167,0.82,cuda
span26,ami,083,up,083_up,4,4,96,bic,36.036322,0.896238,34.33457,0.982372,4,0.032796,33.445071,66.054897,35.402809,0.922748,0.139439,0.230865,0.8,cuda
span26,ami,083,zoom,083_zoom,4,4,96,bic,37.779508,0.925462,35.983312,0.987416,4,0.024727,35.186257,65.405545,38.700562,0.948287,0.100401,0.201837,0.823,cuda
span26,ami,084,back,084_back,3,4,96,bic,36.642389,0.909092,34.851062,0.982183,4,0.034084,34.158009,66.537145,34.757012,0.886728,0.124634,0.222021,0.8,cuda
span26,ami,084,down,084_down,3,4,96,bic,35.499065,0.901418,33.786251,0.979875,4,0.040644,33.035037,64.73511,32.809166,0.88495,0.172213,0.238325,0.802,cuda
span26,ami,084,front,084_front,3,4,96,bic,35.002466,0.890517,33.328349,0.974972,4,0.054185,32.407029,64.460192,32.293075,0.862945,0.152959,0.242107,0.821,cuda
span26,ami,084,left,084_left,3,4,96,bic,36.3958,0.908278,34.660814,0.981801,4,0.035778,33.82951,63.854606,34.19669,0.880829,0.146187,0.235104,0.817,cuda
span26,ami,084,right,084_right,3,4,96,bic,36.704318,0.917215,34.925166,0.983786,4,0.038845,33.841607,65.715147,34.447129,0.897372,0.094412,0.207364,0.787,cuda
span26,ami,084,up,084_up,3,4,96,bic,35.068509,0.893879,33.398561,0.977733,4,0.046804,32.627129,64.543888,33.559369,0.863012,0.127443,0.213511,0.814,cuda
span26,ami,084,zoom,084_zoom,3,4,96,bic,35.756472,0.912729,34.020711,0.981477,4,0.048548,33.142904,64.605401,33.733131,0.915669,0.145642,0.239586,0.802,cuda
span26,ami,085,back,085_back,4,4,96,bic,38.442886,0.933164,36.712088,0.986274,4,0.022751,36.453799,68.003445,34.627509,0.860457,0.129204,0.20304,0.808,cuda
span26,ami,085,down,085_down,4,4,96,bic,37.376554,0.919525,35.770384,0.983897,4,0.033138,34.925054,67.185221,34.298998,0.860956,0.161499,0.22839,0.814,cuda
span26,ami,085,front,085_front,4,4,96,bic,37.651459,0.921017,36.04088,0.983575,4,0.036968,35.399183,66.526287,34.345528,0.839408,0.152483,0.217526,0.794,cuda
span26,ami,085,left,085_left,4,4,96,bic,38.235399,0.925083,36.570794,0.98516,4,0.031181,36.008028,67.313414,35.464218,0.863804,0.16223,0.238856,0.806,cuda
span26,ami,085,right,085_right,4,4,96,bic,37.358534,0.920715,35.676,0.983722,4,0.039215,34.766944,61.340764,34.842644,0.897346,0.116912,0.221758,0.805,cuda
span26,ami,085,up,085_up,4,4,96,bic,36.877369,0.910146,35.254872,0.980955,4,0.040316,34.62528,67.025823,33.802573,0.85398,0.153064,0.198833,0.807,cuda
span26,ami,085,zoom,085_zoom,4,4,96,bic,38.374532,0.934352,36.650489,0.987568,4,0.027983,36.102103,66.860948,35.960673,0.901558,0.139252,0.236398,0.813,cuda
span26,ami,086,back,086_back,5,4,96,bic,36.645135,0.922032,34.922949,0.984445,4,0.028642,34.194889,63.802803,33.496928,0.905765,0.094599,0.189521,0.788,cuda
span26,ami,086,down,086_down,5,4,96,bic,36.030803,0.910001,34.300524,0.981569,4,0.0449,33.556869,64.352373,34.263767,0.914776,0.127278,0.220344,0.81,cuda
span26,ami,086,front,086_front,5,4,96,bic,35.821816,0.908732,34.140908,0.981183,4,0.040357,33.4017,64.726123,33.516223,0.913234,0.131765,0.22494,0.79,cuda
span26,ami,086,left,086_left,5,4,96,bic,36.663024,0.914514,34.936306,0.981968,4,0.045339,34.231767,65.128594,34.478886,0.879947,0.137073,0.231067,0.82,cuda
span26,ami,086,right,086_right,5,4,96,bic,37.478713,0.929087,35.760782,0.985563,4,0.030727,34.852576,65.86023,36.780979,0.926267,0.085989,0.203654,0.797,cuda
span26,ami,086,up,086_up,5,4,96,bic,36.387298,0.912953,34.6452,0.983131,4,0.034442,33.777851,66.104545,34.561086,0.90064,0.128541,0.21252,0.814,cuda
span26,ami,086,zoom,086_zoom,5,4,96,bic,36.593561,0.922922,34.849057,0.984581,4,0.035694,34.07301,64.836823,35.977232,0.942796,0.103753,0.21301,0.793,cuda
span26,ami,087,back,087_back,4,4,96,bic,36.216148,0.910379,34.503273,0.98208,4,0.040644,33.620804,66.67575,34.058118,0.898267,0.110417,0.20346,0.815,cuda
span26,ami,087,down,087_down,4,4,96,bic,36.872142,0.928545,35.177749,0.985606,4,0.035599,34.09959,64.459973,33.852523,0.8934,0.104224,0.205851,0.819,cuda
span26,ami,087,front,087_front,4,4,96,bic,37.555258,0.936662,35.856257,0.986736,4,0.037137,34.806207,66.322325,34.805832,0.920924,0.077688,0.200321,0.778,cuda
span26,ami,087,left,087_left,4,4,96,bic,37.168127,0.924052,35.518041,0.983776,4,0.040636,34.755266,64.817017,35.414533,0.913178,0.10599,0.236334,0.811,cuda
span26,ami,087,right,087_right,4,4,96,bic,38.898081,0.951246,37.143369,0.990965,4,0.019508,35.862734,65.923624,36.400902,0.933301,0.070008,0.196843,0.796,cuda
span26,ami,087,up,087_up,4,4,96,bic,36.829218,0.930351,35.119456,0.98608,4,0.027379,34.030026,64.689349,34.687092,0.903714,0.120651,0.178613,0.814,cuda
span26,ami,087,zoom,087_zoom,4,4,96,bic,39.209487,0.953694,37.322636,0.991368,4,0.021326,36.463673,65.278199,37.4899,0.951714,0.069188,0.1828,0.806,cuda
span26,ami,088,back,088_back,1,4,96,bic,35.709334,0.911916,34.011831,0.982293,4,0.039629,32.754676,64.443851,35.819342,0.925472,0.080816,0.205204,0.797,cuda
span26,ami,088,down,088_down,1,4,96,bic,37.729278,0.94192,35.970249,0.988738,4,0.025961,34.853559,66.335404,36.201173,0.946764,0.087538,0.222526,0.817,cuda
span26,ami,088,front,088_front,1,4,96,bic,37.405018,0.937084,35.726469,0.988269,4,0.023992,34.418273,65.373343,36.245354,0.924463,0.113691,0.244211,0.815,cuda
span26,ami,088,left,088_left,1,4,96,bic,37.995781,0.943127,36.311407,0.988046,4,0.027632,35.206158,66.110081,35.191574,0.903034,0.09715,0.231575,0.786,cuda
span26,ami,088,right,088_right,1,4,96,bic,37.693407,0.942489,36.001039,0.988927,4,0.032452,34.68317,65.388216,36.375658,0.944761,0.083186,0.22107,0.807,cuda
span26,ami,088,up,088_up,1,4,96,bic,36.787234,0.932233,35.105051,0.986986,4,0.024671,33.702162,65.701481,35.540246,0.921496,0.116932,0.226323,0.789,cuda
span26,ami,088,zoom,088_zoom,1,4,96,bic,38.25959,0.950601,36.424164,0.990949,4,0.022271,35.535131,64.508324,37.971516,0.951199,0.08764,0.22194,0.805,cuda
span26,ami,089,back,089_back,1,4,96,bic,37.362021,0.93773,35.695703,0.987496,4,0.026881,34.846396,65.230859,33.832437,0.902448,0.087405,0.209791,0.816,cuda
span26,ami,089,down,089_down,1,4,96,bic,37.405473,0.931334,35.775447,0.987835,4,0.022619,34.933711,64.352532,35.794194,0.939313,0.114257,0.188218,0.814,cuda
span26,ami,089,front,089_front,1,4,96,bic,37.388653,0.930251,35.741419,0.986356,4,0.027079,34.732516,65.965942,35.812641,0.923388,0.122962,0.196516,0.791,cuda
span26,ami,089,left,089_left,1,4,96,bic,36.764274,0.922853,35.19825,0.98473,4,0.027772,34.432956,65.861535,35.774459,0.928403,0.130843,0.214674,0.819,cuda
span26,ami,089,right,089_right,1,4,96,bic,37.51915,0.933426,35.895315,0.98701,4,0.02273,34.389032,65.350645,35.53967,0.920609,0.089249,0.194907,0.797,cuda
span26,ami,089,up,089_up,1,4,96,bic,37.659453,0.932088,35.937264,0.986255,4,0.025673,34.933842,65.756462,35.603815,0.910687,0.118834,0.22609,0.818,cuda
span26,ami,089,zoom,089_zoom,1,4,96,bic,38.543998,0.946235,36.80715,0.991002,4,0.017278,36.03869,65.487417,39.207092,0.963707,0.108213,0.194164,0.804,cuda
span26,ami,090,back,090_back,1,4,96,bic,34.971741,0.925842,33.331459,0.983677,4,0.042486,31.811305,64.879643,32.22334,0.898532,0.07309,0.202489,0.818,cuda
span26,ami,090,down,090_down,1,4,96,bic,35.55652,0.924249,33.858517,0.983519,4,0.039968,32.864299,64.24642,31.768732,0.922243,0.095732,0.225989,0.788,cuda
span26,ami,090,front,090_front,1,4,96,bic,36.055712,0.933884,34.388977,0.986322,4,0.030679,33.115327,64.443108,33.925054,0.915308,0.090279,0.190919,0.802,cuda
span26,ami,090,left,090_left,1,4,96,bic,35.229677,0.929413,33.602546,0.985149,4,0.025948,32.789292,65.682522,33.401363,0.912581,0.102228,0.206719,0.816,cuda
span26,ami,090,right,090_right,1,4,96,bic,36.711428,0.934214,35.021366,0.98587,4,0.03541,34.093681,64.233641,33.036549,0.913958,0.066787,0.211578,0.792,cuda
span26,ami,090,up,090_up,1,4,96,bic,36.014331,0.931145,34.324516,0.985568,4,0.027231,33.43575,64.461764,34.701913,0.90477,0.09308,0.200409,0.804,cuda
span26,ami,090,zoom,090_zoom,1,4,96,bic,36.687168,0.943439,34.987662,0.988553,4,0.026027,33.72957,64.9969,36.915152,0.94172,0.074265,0.18079,0.825,cuda
span26,ami,091,back,091_back,4,4,96,bic,33.833548,0.883873,32.360385,0.978517,4,0.063629,30.915594,62.744691,34.066584,0.909346,0.133504,0.22811,0.796,cuda
span26,ami,091,down,091_down,4,4,96,bic,34.104999,0.879724,32.596224,0.977441,4,0.059284,31.128228,63.921412,32.888467,0.89417,0.13375,0.227101,0.807,cuda
span26,ami,091,front,091_front,4,4,96,bic,33.617805,0.865206,32.130803,0.974295,4,0.07487,30.659832,64.805172,33.588491,0.899428,0.140474,0.21888,0.781,cuda
span26,ami,091,left,091_left,4,4,96,bic,35.808632,0.904289,34.191034,0.982934,4,0.037959,32.889,66.144765,34.789079,0.914661,0.146232,0.234082,0.809,cuda
span26,ami,091,right,091_right,4,4,96,bic,36.529164,0.915976,34.833384,0.984785,4,0.034429,33.537616,64.869091,34.586268,0.917444,0.138918,0.232496,0.795,cuda
span26,ami,091,up,091_up,4,4,96,bic,34.378483,0.879757,32.927189,0.976694,4,0.047635,31.545364,63.916877,33.406712,0.897197,0.135473,0.231216,0.819,cuda
span26,ami,091,zoom,091_zoom,4,4,96,bic,34.765457,0.894654,33.212152,0.981675,4,0.050385,31.708843,64.423403,35.794396,0.937235,0.13091,0.216335,0.786,cuda
span26,ami,092,back,092_back,3,4,96,bic,34.768125,0.869444,32.870274,0.975825,4,0.040339,32.167188,64.506999,34.519241,0.88859,0.172128,0.233925,0.797,cuda
span26,ami,092,down,092_down,3,4,96,bic,34.978606,0.865149,33.20263,0.973452,4,0.046704,32.712725,66.249858,35.083596,0.912055,0.150302,0.222065,0.797,cuda
span26,ami,092,front,092_front,3,4,96,bic,34.738141,0.867257,32.938835,0.97313,4,0.049787,32.408258,66.627125,33.432463,0.877349,0.161452,0.243337,0.784,cuda
span26,ami,092,left,092_left,3,4,96,bic,36.225501,0.890918,34.40667,0.979765,4,0.034195,33.950944,66.728612,34.962379,0.882486,0.191509,0.259428,0.8,cuda
span26,ami,092,right,092_right,3,4,96,bic,35.053511,0.86617,33.218082,0.974879,4,0.038609,32.699526,66.861055,34.012318,0.893223,0.194469,0.235751,0.809,cuda
span26,ami,092,up,092_up,3,4,96,bic,35.092508,0.878095,33.268515,0.976312,4,0.035742,32.671554,65.296982,34.26182,0.886759,0.181931,0.251904,0.82,cuda
span26,ami,092,zoom,092_zoom,3,4,96,bic,36.314472,0.905961,34.34369,0.981886,4,0.037984,33.801666,65.705557,35.607645,0.917061,0.144619,0.231448,0.812,cuda
span26,ami,093,back,093_back,4,4,96,bic,35.135537,0.897226,33.499199,0.980745,4,0.035197,33.01433,64.669949,36.007954,0.898546,0.116162,0.21685,0.818,cuda
span26,ami,093,down,093_down,4,4,96,bic,36.047958,0.911799,34.37268,0.983586,4,0.03261,33.58526,63.902,34.421223,0.902925,0.126451,0.248461,0.79,cuda
span26,ami,093,front,093_front,4,4,96,bic,35.958546,0.909789,34.262069,0.983167,4,0.036396,33.583341,64.831149,35.153325,0.901262,0.124106,0.23464,0.804,cuda
span26,ami,093,left,093_left,4,4,96,bic,36.793543,0.920344,35.100744,0.983705,4,0.036749,34.574819,65.308922,35.666412,0.862763,0.157939,0.233725,0.812,cuda
span26,ami,093,right,093_right,4,4,96,bic,36.739536,0.920989,34.976644,0.985647,4,0.027149,34.124217,64.954738,36.034499,0.924066,0.113946,0.21327,0.815,cuda
span26,ami,093,up,093_up,4,4,96,bic,35.693448,0.906401,34.003972,0.983629,4,0.031869,33.291915,64.109121,35.688935,0.90914,0.131022,0.238557,0.786,cuda
span26,ami,093,zoom,093_zoom,4,4,96,bic,36.289864,0.921431,34.547802,0.987156,4,0.027809,33.888161,64.969623,37.131736,0.924119,0.140605,0.231378,0.813,cuda
span26,ami,094,back,094_back,3,4,96,bic,35.346266,0.913722,33.724201,0.983157,4,0.040607,32.257836,64.71542,35.568491,0.920359,0.098681,0.243835,0.817,cuda
span26,ami,094,down,094_down,3,4,96,bic,36.819023,0.927552,35.129419,0.986145,4,0.029257,34.06671,65.281008,35.1342,0.931694,0.090638,0.199927,0.797,cuda
span26,ami,094,front,094_front,3,4,96,bic,37.835796,0.938433,36.053344,0.98853,4,0.022642,34.947929,65.894014,36.239856,0.927029,0.095562,0.196145,0.813,cuda
span26,ami,094,left,094_left,3,4,96,bic,37.228298,0.928024,35.533469,0.986711,4,0.025601,34.842713,68.269603,35.007357,0.909435,0.109883,0.211916,0.819,cuda
span26,ami,094,right,094_right,3,4,96,bic,36.715913,0.924056,34.974059,0.986547,4,0.026996,34.043182,64.817403,35.93384,0.926334,0.11026,0.220212,0.803,cuda
span26,ami,094,up,094_up,3,4,96,bic,36.912909,0.927021,35.239192,0.986756,4,0.030776,33.995819,66.111337,36.257926,0.917438,0.120022,0.208884,0.805,cuda
span26,ami,094,zoom,094_zoom,3,4,96,bic,37.240652,0.937938,35.450113,0.989387,4,0.032227,34.510373,65.975843,38.168387,0.942661,0.098361,0.189868,0.817,cuda
span26,ami,095,back,095_back,3,4,96,bic,36.9028,0.927199,35.269684,0.98666,4,0.025417,34.106651,67.263443,33.0398,0.867864,0.115288,0.204026,0.787,cuda
span26,ami,095,down,095_down,3,4,96,bic,36.720431,0.916729,35.1294,0.982677,4,0.035007,34.135157,65.224441,33.390209,0.849085,0.135752,0.212489,0.813,cuda
span26,ami,095,front,095_front,3,4,96,bic,36.782143,0.921115,35.160166,0.984477,4,0.035743,34.216568,65.50958,33.459485,0.859157,0.118293,0.220066,0.788,cuda
span26,ami,095,left,095_left,3,4,96,bic,36.543612,0.911991,34.963386,0.981791,4,0.045194,34.133713,65.583794,33.114661,0.839832,0.135514,0.227334,0.798,cuda
span26,ami,095,right,095_right,3,4,96,bic,36.728265,0.931015,35.05002,0.986702,4,0.028912,33.823052,64.521003,33.589059,0.885203,0.09473,0.199888,0.788,cuda
span26,ami,095,up,095_up,3,4,96,bic,35.861799,0.90533,34.245243,0.981359,4,0.0391,33.401025,65.4484,33.130531,0.859789,0.151455,0.236706,0.798,cuda
span26,ami,095,zoom,095_zoom,3,4,96,bic,37.260395,0.926922,35.571465,0.985494,4,0.032819,34.74204,65.277487,34.452607,0.869504,0.112335,0.226272,0.804,cuda
span26,ami,096,back,096_back,5,4,96,bic,34.682545,0.89589,32.955849,0.98224,4,0.032483,32.483231,64.782636,34.925717,0.897388,0.169199,0.213173,0.816,cuda
span26,ami,096,down,096_down,5,4,96,bic,34.715094,0.906521,32.978361,0.984146,4,0.032274,31.988832,65.876172,34.714393,0.925346,0.149836,0.207573,0.789,cuda
span26,ami,096,front,096_front,5,4,96,bic,34.724038,0.901017,32.939239,0.982031,4,0.034962,32.144721,65.806383,34.947799,0.886567,0.14243,0.204244,0.791,cuda
span26,ami,096,left,096_left,5,4,96,bic,36.145565,0.910434,34.384136,0.983123,4,0.03888,34.012087,66.974161,34.208038,0.878748,0.156055,0.225502,0.812,cuda
span26,ami,096,right,096_right,5,4,96,bic,35.4452,0.896956,33.698771,0.981208,4,0.031716,32.801771,64.500208,34.42076,0.887719,0.154889,0.210938,0.78,cuda
span26,ami,096,up,096_up,5,4,96,bic,34.334879,0.881293,32.58244,0.979115,4,0.04292,32.157336,62.502277,34.524844,0.889588,0.154255,0.209792,0.8,cuda
span26,ami,096,zoom,096_zoom,5,4,96,bic,35.368747,0.90673,33.516322,0.982901,4,0.041718,33.027412,63.312293,36.218479,0.910746,0.161301,0.20633,0.817,cuda
span26,ami,097,back,097_back,4,4,96,bic,37.163484,0.924053,35.33314,0.984402,4,0.028952,34.473102,65.278563,33.726703,0.885336,0.107458,0.228465,0.824,cuda
span26,ami,097,down,097_down,4,4,96,bic,36.992051,0.922483,35.121442,0.983841,4,0.030924,34.280335,64.819344,34.046461,0.923633,0.09502,0.201861,0.792,cuda
span26,ami,097,front,097_front,4,4,96,bic,36.742582,0.92022,34.955256,0.984071,4,0.035998,34.220998,65.21611,34.285308,0.898277,0.122718,0.224621,0.813,cuda
span26,ami,097,left,097_left,4,4,96,bic,36.882257,0.923071,35.129529,0.984409,4,0.035072,34.213102,65.569786,33.073089,0.869315,0.125843,0.214968,0.793,cuda
span26,ami,097,right,097_right,4,4,96,bic,37.059376,0.927828,35.354646,0.986418,4,0.025761,34.362622,64.788327,35.959375,0.923485,0.124237,0.216802,0.821,cuda
span26,ami,097,up,097_up,4,4,96,bic,36.94128,0.91917,35.163799,0.983237,4,0.036185,34.42187,67.606373,34.580934,0.897167,0.115172,0.211518,0.826,cuda
span26,ami,097,zoom,097_zoom,4,4,96,bic,37.539233,0.930963,35.666997,0.986642,4,0.027199,34.940514,65.36297,35.986689,0.921725,0.106576,0.2194,0.805,cuda
span26,ami,098,back,098_back,2,4,96,bic,37.00066,0.918301,35.106863,0.982741,4,0.035191,34.466015,64.924262,34.111615,0.871298,0.103339,0.205074,0.811,cuda
span26,ami,098,down,098_down,2,4,96,bic,36.879629,0.920267,35.041013,0.982899,4,0.044925,34.243205,65.866698,33.175208,0.886694,0.119249,0.228972,0.811,cuda
span26,ami,098,front,098_front,2,4,96,bic,37.262764,0.925858,35.384767,0.984158,4,0.029452,34.366723,66.000833,33.296209,0.881768,0.121181,0.231345,0.82,cuda
span26,ami,098,left,098_left,2,4,96,bic,38.694296,0.938677,36.827913,0.987239,4,0.028929,36.515639,65.934022,34.974302,0.887876,0.142525,0.258079,0.788,cuda
span26,ami,098,right,098_right,2,4,96,bic,37.616668,0.932735,35.693951,0.986357,4,0.026119,34.650901,61.813969,34.568406,0.884941,0.089894,0.226946,0.81,cuda
span26,ami,098,up,098_up,2,4,96,bic,36.613874,0.913921,34.793896,0.983129,4,0.031349,33.943628,66.107158,33.676966,0.877636,0.120176,0.239697,0.819,cuda
span26,ami,098,zoom,098_zoom,2,4,96,bic,37.791324,0.933894,35.83086,0.987115,4,0.027538,34.671812,65.587824,34.767894,0.916429,0.096102,0.242548,0.792,cuda
span26,ami,099,back,099_back,1,4,96,bic,36.430918,0.921017,34.68587,0.984809,4,0.033986,33.796526,65.36859,35.326264,0.914076,0.103229,0.202798,0.804,cuda
span26,ami,099,down,099_down,1,4,96,bic,36.569279,0.917287,34.847747,0.98367,4,0.033426,33.890233,64.689599,35.363998,0.928498,0.12394,0.217203,0.791,cuda
span26,ami,099,front,099_front,1,4,96,bic,35.903397,0.906459,34.17796,0.981866,4,0.037568,33.235837,64.507518,35.76234,0.914763,0.128478,0.208011,0.814,cuda
span26,ami,099,left,099_left,1,4,96,bic,36.76681,0.922463,35.038591,0.98538,4,0.034458,34.209925,64.573857,34.558443,0.91421,0.131757,0.205836,0.793,cuda
span26,ami,099,right,099_right,1,4,96,bic,36.652839,0.917375,34.85716,0.98419,4,0.033986,33.815966,63.709191,36.021143,0.92378,0.101948,0.221848,0.81,cuda
span26,ami,099,up,099_up,1,4,96,bic,36.444188,0.913073,34.707529,0.984002,4,0.027056,33.950389,64.668002,34.964415,0.889839,0.132382,0.208246,0.783,cuda
span26,ami,099,zoom,099_zoom,1,4,96,bic,37.331198,0.929026,35.515134,0.987012,4,0.026496,34.842424,64.265129,37.425655,0.931953,0.133155,0.199164,0.813,cuda
span26,ami,100,back,100_back,1,4,96,bic,36.275816,0.884905,34.413715,0.977542,4,0.032486,33.801334,65.492257,35.919818,0.896304,0.160479,0.212983,0.811,cuda
span26,ami,100,down,100_down,1,4,96,bic,35.185707,0.874867,33.469374,0.975917,4,0.042013,32.813667,66.420378,34.450777,0.895997,0.173131,0.24478,0.799,cuda
span26,ami,100,front,100_front,1,4,96,bic,35.889694,0.886149,34.119428,0.978674,4,0.02884,33.392995,66.618542,35.420064,0.905934,0.168291,0.259327,0.813,cuda
span26,ami,100,left,100_left,1,4,96,bic,36.51475,0.88668,34.811413,0.978505,4,0.029586,34.289833,67.083327,35.296574,0.908824,0.206309,0.262239,0.786,cuda
span26,ami,100,right,100_right,1,4,96,bic,35.697589,0.877718,33.977172,0.977073,4,0.031005,33.276137,65.37673,36.135646,0.913642,0.1851,0.233686,0.808,cuda
span26,ami,100,up,100_up,1,4,96,bic,35.531955,0.876971,33.759192,0.975607,4,0.033162,33.291282,65.552162,34.711703,0.880266,0.173925,0.234638,0.794,cuda
span26,ami,100,zoom,100_zoom,1,4,96,bic,35.897277,0.892705,34.096783,0.981756,4,0.027922,33.620536,66.851735,36.800031,0.913643,0.153558,0.25072,0.81,cuda
span26,ami,101,back,101_back,1,4,96,bic,36.597315,0.916472,34.887737,0.983983,4,0.035433,33.79351,65.970655,35.018366,0.896083,0.115504,0.218308,0.807,cuda
span26,ami,101,down,101_down,1,4,96,bic,36.616137,0.917118,34.961812,0.982642,4,0.038605,33.783719,64.746679,33.862069,0.923638,0.127124,0.234518,0.815,cuda
span26,ami,101,front,101_front,1,4,96,bic,37.168626,0.925097,35.535625,0.984959,4,0.035233,34.352804,65.652619,34.537499,0.921683,0.099737,0.222742,0.793,cuda
span26,ami,101,left,101_left,1,4,96,bic,37.160406,0.921447,35.54091,0.982372,4,0.049232,34.606264,65.506257,33.548788,0.862148,0.139714,0.233261,0.809,cuda
span26,ami,101,right,101_right,1,4,96,bic,36.795814,0.926473,35.150669,0.98616,4,0.025876,33.980853,65.991294,35.137004,0.914893,0.097346,0.225157,0.783,cuda
span26,ami,101,up,101_up,1,4,96,bic,36.714483,0.922823,35.065792,0.985458,4,0.030769,34.04593,64.179198,36.030578,0.929905,0.12693,0.204365,0.81,cuda
span26,ami,101,zoom,101_zoom,1,4,96,bic,38.230178,0.939941,36.399008,0.989551,4,0.020179,35.531794,65.599204,38.125564,0.946576,0.089414,0.232127,0.788,cuda
span26,ami,102,back,102_back,1,4,96,bic,36.263162,0.909615,34.452171,0.984283,4,0.031571,33.874488,66.322302,34.465391,0.892406,0.146529,0.254454,0.823,cuda
span26,ami,102,down,102_down,1,4,96,bic,35.277155,0.890297,33.577361,0.981147,4,0.03836,33.128452,65.107144,34.93054,0.912541,0.176755,0.238372,0.793,cuda
span26,ami,102,front,102_front,1,4,96,bic,35.5395,0.898118,33.829254,0.98226,4,0.04009,33.313643,64.77435,34.845052,0.914474,0.156828,0.233196,0.806,cuda
span26,ami,102,left,102_left,1,4,96,bic,36.085957,0.90199,34.355377,0.98333,4,0.031903,33.943687,64.475531,35.416656,0.907171,0.208007,0.245003,0.791,cuda
span26,ami,102,right,102_right,1,4,96,bic,34.870403,0.880222,33.186052,0.979507,4,0.038183,32.434794,64.491814,34.731339,0.918605,0.148769,0.237069,0.808,cuda
span26,ami,102,up,102_up,1,4,96,bic,34.603479,0.877088,32.975137,0.977581,4,0.043154,32.374456,65.305692,35.011511,0.909528,0.201254,0.259257,0.817,cuda
span26,ami,102,zoom,102_zoom,1,4,96,bic,36.123591,0.908768,34.339495,0.984281,4,0.03537,33.785948,64.909396,36.977945,0.936706,0.181817,0.233691,0.795,cuda
span26,ami,103,back,103_back,2,4,96,bic,37.769312,0.930525,35.947397,0.987113,4,0.021548,34.960052,64.817741,35.707119,0.911912,0.086765,0.196657,0.792,cuda
span26,ami,103,down,103_down,2,4,96,bic,38.203176,0.942902,36.432762,0.988759,4,0.025975,35.567212,65.751299,34.842795,0.923484,0.093387,0.230955,0.821,cuda
span26,ami,103,front,103_front,2,4,96,bic,37.277464,0.932621,35.572613,0.987403,4,0.030727,34.849563,65.580321,34.164576,0.909897,0.097303,0.230052,0.786,cuda
span26,ami,103,left,103_left,2,4,96,bic,39.173934,0.948462,37.361282,0.989844,4,0.020958,36.39603,66.528193,35.414086,0.90827,0.08951,0.200377,0.782,cuda
span26,ami,103,right,103_right,2,4,96,bic,37.477516,0.933719,35.756733,0.985698,4,0.037046,34.654221,66.831686,35.237582,0.909389,0.093419,0.195771,0.81,cuda
span26,ami,103,up,103_up,2,4,96,bic,36.868805,0.926428,35.22968,0.985467,4,0.031463,34.353032,65.625202,34.861759,0.902145,0.10818,0.210597,0.787,cuda
span26,ami,103,zoom,103_zoom,2,4,96,bic,38.518352,0.948143,36.630264,0.990776,4,0.019432,35.662779,66.081342,36.90323,0.941652,0.089949,0.206558,0.806,cuda
span26,ami,104,back,104_back,4,4,96,bic,33.988545,0.915777,32.395158,0.980754,4,0.040946,30.843322,65.081202,33.044931,0.899722,0.112468,0.19498,0.783,cuda
span26,ami,104,down,104_down,4,4,96,bic,34.969743,0.903948,33.318268,0.97667,4,0.05245,32.426457,64.761743,32.749167,0.91045,0.119823,0.215671,0.809,cuda
span26,ami,104,front,104_front,4,4,96,bic,35.920821,0.914943,34.286698,0.981537,4,0.031236,33.327144,65.323368,34.53344,0.915232,0.109891,0.206416,0.815,cuda
span26,ami,104,left,104_left,4,4,96,bic,35.605017,0.908388,34.027286,0.978981,4,0.037017,33.02297,66.501283,33.030427,0.904377,0.154563,0.214644,0.786,cuda
span26,ami,104,right,104_right,4,4,96,bic,35.851795,0.922675,34.190899,0.983556,4,0.026652,32.834959,65.653102,34.613086,0.909217,0.127442,0.194876,0.808,cuda
span26,ami,104,up,104_up,4,4,96,bic,35.468251,0.907424,33.833003,0.980714,4,0.032755,32.547302,65.811101,34.391703,0.907179,0.115771,0.213208,0.807,cuda
span26,ami,104,zoom,104_zoom,4,4,96,bic,35.513508,0.915868,33.838859,0.981505,4,0.043776,32.429239,64.553079,36.617411,0.937444,0.133474,0.211388,0.818,cuda
span26,ami,105,back,105_back,5,4,96,bic,35.946707,0.902731,34.2721,0.982765,4,0.035779,33.251589,64.609515,35.918129,0.925614,0.119213,0.227455,0.814,cuda
span26,ami,105,down,105_down,5,4,96,bic,35.791601,0.908296,34.061482,0.982546,4,0.03801,33.261081,64.682954,36.47839,0.933331,0.118914,0.218667,0.792,cuda
span26,ami,105,front,105_front,5,4,96,bic,35.768953,0.906493,34.061115,0.983769,4,0.033895,33.267553,65.249395,36.598175,0.93497,0.121699,0.223465,0.807,cuda
span26,ami,105,left,105_left,5,4,96,bic,35.837706,0.900274,34.242717,0.980725,4,0.043263,33.390979,66.616262,35.461474,0.903404,0.146141,0.233482,0.815,cuda
span26,ami,105,right,105_right,5,4,96,bic,36.113738,0.907461,34.397124,0.982551,4,0.034767,33.616823,65.788276,34.623463,0.896203,0.132232,0.204663,0.821,cuda
span26,ami,105,up,105_up,5,4,96,bic,34.697672,0.890658,32.968535,0.980633,4,0.035763,32.228476,64.521861,35.306229,0.903518,0.144206,0.211455,0.8,cuda
span26,ami,105,zoom,105_zoom,5,4,96,bic,36.37881,0.919702,34.58062,0.986672,4,0.029079,33.764327,64.597501,38.209907,0.947548,0.126335,0.198971,0.804,cuda
span26,ami,106,back,106_back,3,4,96,bic,35.79234,0.891801,34.003704,0.979228,4,0.038454,33.61403,63.718622,36.3235,0.911851,0.148065,0.196787,0.803,cuda
span26,ami,106,down,106_down,3,4,96,bic,35.429846,0.895197,33.598126,0.980165,4,0.032133,33.265154,65.98553,35.192366,0.925755,0.177333,0.262709,0.815,cuda
span26,ami,106,front,106_front,3,4,96,bic,36.002043,0.899978,34.121934,0.981084,4,0.036318,33.883735,66.421337,35.724621,0.913574,0.161402,0.261397,0.815,cuda
span26,ami,106,left,106_left,3,4,96,bic,35.663098,0.893959,33.921945,0.980389,4,0.049974,33.378698,65.495775,35.016547,0.886159,0.1572,0.283097,0.795,cuda
span26,ami,106,right,106_right,3,4,96,bic,35.293197,0.870787,33.51045,0.974128,4,0.043028,32.985679,65.182255,36.414373,0.918102,0.158653,0.242708,0.811,cuda
span26,ami,106,up,106_up,3,4,96,bic,36.140338,0.895342,34.267077,0.979777,4,0.036785,33.886042,65.862544,35.606871,0.927108,0.188082,0.227109,0.786,cuda
span26,ami,106,zoom,106_zoom,3,4,96,bic,36.756911,0.91925,34.792412,0.985376,4,0.028663,34.561419,65.45932,36.677734,0.928309,0.16129,0.244512,0.808,cuda
