model,dataset,subject,view,key,fold,scale,tier,degrade,psnr_y,ssim_y,psnr_rgb,ms_ssim_y,ms_ssim_scales,gmsd,grad_psnr,lr_psnr_y,psnr_y_c,ssim_y_c,lpips,dists,host_ms,device
bsrnet,ami,000,back,000_back,3,4,144,est,32.472229,0.803959,30.466407,0.941546,4,0.08406,30.718851,39.286332,32.625574,0.864563,0.313405,0.338843,12.631,cuda
bsrnet,ami,000,down,000_down,3,4,144,est,31.095921,0.772573,29.114978,0.929053,4,0.100673,29.579851,36.773204,31.029884,0.842346,0.40599,0.362579,12.482,cuda
bsrnet,ami,000,front,000_front,3,4,144,est,31.429046,0.791253,29.535979,0.939389,4,0.084354,30.012079,37.706101,31.641668,0.876347,0.351616,0.334615,12.472,cuda
bsrnet,ami,000,left,000_left,3,4,144,est,31.416252,0.778362,29.375616,0.925907,4,0.104726,30.066014,36.808953,31.542892,0.841814,0.426838,0.367919,12.456,cuda
bsrnet,ami,000,right,000_right,3,4,144,est,30.896813,0.758886,28.862823,0.922135,4,0.103108,29.505745,36.207819,30.888128,0.832997,0.373656,0.351477,12.467,cuda
bsrnet,ami,000,up,000_up,3,4,144,est,30.880292,0.758619,28.75705,0.922759,4,0.106037,29.531331,36.575363,31.411554,0.837735,0.399268,0.371125,12.463,cuda
bsrnet,ami,000,zoom,000_zoom,3,4,144,est,33.845675,0.879311,31.574846,0.969134,4,0.058982,32.648275,40.035866,35.451315,0.921203,0.307497,0.30013,12.468,cuda
bsrnet,ami,001,back,001_back,1,4,144,est,32.958936,0.829668,30.939895,0.932362,4,0.087866,31.654988,37.504898,31.495056,0.830787,0.353244,0.346618,12.464,cuda
bsrnet,ami,001,down,001_down,1,4,144,est,35.347201,0.885737,33.238966,0.962233,4,0.058236,33.996449,40.214293,34.576791,0.907989,0.252416,0.320525,12.467,cuda
bsrnet,ami,001,front,001_front,1,4,144,est,35.142639,0.882363,33.078795,0.952398,4,0.067471,34.219468,39.107448,34.088676,0.887682,0.274978,0.336942,12.469,cuda
bsrnet,ami,001,left,001_left,1,4,144,est,36.019605,0.896829,33.992544,0.958746,4,0.059896,34.832444,40.310129,34.872998,0.906329,0.298679,0.337126,12.474,cuda
bsrnet,ami,001,right,001_right,1,4,144,est,35.131785,0.882316,33.106154,0.960371,4,0.062855,33.521414,40.215585,33.920436,0.877278,0.242244,0.327839,12.454,cuda
bsrnet,ami,001,up,001_up,1,4,144,est,34.736069,0.870456,32.792102,0.959698,4,0.056905,33.11933,40.598626,34.580205,0.895189,0.289685,0.301087,12.469,cuda
bsrnet,ami,001,zoom,001_zoom,1,4,144,est,35.160254,0.882972,32.995467,0.955138,4,0.06958,34.04713,39.282677,34.65876,0.89304,0.277457,0.311457,12.468,cuda
bsrnet,ami,002,back,002_back,1,4,144,est,33.058781,0.816714,30.770891,0.933956,4,0.081494,31.973403,37.520727,32.622353,0.854652,0.339129,0.327823,12.455,cuda
bsrnet,ami,002,down,002_down,1,4,144,est,33.700537,0.83617,31.572862,0.941911,4,0.083217,32.315059,38.435447,32.629873,0.84917,0.304046,0.345326,12.458,cuda
bsrnet,ami,002,front,002_front,1,4,144,est,33.407301,0.819581,31.24839,0.933712,4,0.085081,32.037642,38.160257,32.697014,0.838145,0.325642,0.353208,12.466,cuda
bsrnet,ami,002,left,002_left,1,4,144,est,35.62653,0.867445,33.429495,0.962872,4,0.050605,33.862064,42.197189,35.653506,0.900506,0.268323,0.312873,12.472,cuda
bsrnet,ami,002,right,002_right,1,4,144,est,33.770971,0.848526,31.514927,0.943473,4,0.076775,32.634274,37.88741,32.577701,0.844031,0.256864,0.34632,12.473,cuda
bsrnet,ami,002,up,002_up,1,4,144,est,34.929307,0.855335,32.688468,0.955968,4,0.059678,33.186846,41.115144,35.277312,0.887746,0.285671,0.306557,12.467,cuda
bsrnet,ami,002,zoom,002_zoom,1,4,144,est,33.965354,0.843131,31.659103,0.937145,4,0.082303,32.845054,38.066286,34.22184,0.870072,0.300052,0.347081,12.465,cuda
bsrnet,ami,003,back,003_back,5,4,144,est,32.907446,0.817208,30.659524,0.929993,4,0.094236,32.263777,37.093136,31.781456,0.823846,0.359051,0.324635,12.465,cuda
bsrnet,ami,003,down,003_down,5,4,144,est,34.697732,0.860002,32.422147,0.958822,4,0.058334,33.178352,40.87651,34.341152,0.892829,0.346423,0.331204,12.455,cuda
bsrnet,ami,003,front,003_front,5,4,144,est,33.984862,0.841104,31.834519,0.951361,4,0.072193,32.688311,40.28935,33.238381,0.853447,0.35942,0.338395,12.468,cuda
bsrnet,ami,003,left,003_left,5,4,144,est,33.02412,0.827414,31.015164,0.924948,4,0.091263,32.353473,36.838959,31.790253,0.821814,0.398302,0.377109,12.464,cuda
bsrnet,ami,003,right,003_right,5,4,144,est,33.492511,0.843213,31.216768,0.944616,4,0.081084,32.338948,37.609068,32.543258,0.833187,0.326413,0.296866,12.471,cuda
bsrnet,ami,003,up,003_up,5,4,144,est,32.511372,0.807649,30.425308,0.919294,4,0.097988,31.881935,36.498533,31.424965,0.800364,0.407508,0.367299,12.453,cuda
bsrnet,ami,003,zoom,003_zoom,5,4,144,est,33.539653,0.849965,31.468696,0.94471,4,0.074571,32.583816,38.21761,33.067476,0.869081,0.338112,0.328688,12.454,cuda
bsrnet,ami,004,back,004_back,5,4,144,est,34.837044,0.878762,32.658783,0.958973,4,0.06414,33.016983,40.20948,33.630164,0.88235,0.239914,0.320365,12.472,cuda
bsrnet,ami,004,down,004_down,5,4,144,est,32.901134,0.818277,30.983805,0.93306,4,0.092982,31.641704,37.736966,32.061474,0.843072,0.312132,0.347717,12.455,cuda
bsrnet,ami,004,front,004_front,5,4,144,est,34.213086,0.851135,32.24289,0.956528,4,0.065228,32.286321,40.841724,33.731376,0.875867,0.243919,0.32923,12.468,cuda
bsrnet,ami,004,left,004_left,5,4,144,est,33.424445,0.83869,31.478009,0.933224,4,0.091213,32.863236,37.402005,32.403409,0.840586,0.286699,0.364205,12.462,cuda
bsrnet,ami,004,right,004_right,5,4,144,est,33.465904,0.847891,31.425176,0.944641,4,0.076692,31.819944,38.307169,32.075684,0.854585,0.276607,0.339411,12.459,cuda
bsrnet,ami,004,up,004_up,5,4,144,est,33.559675,0.835721,31.566553,0.945767,4,0.078885,31.774817,39.242263,32.826392,0.84846,0.281961,0.346364,12.449,cuda
bsrnet,ami,004,zoom,004_zoom,5,4,144,est,35.722416,0.887301,33.483448,0.971109,4,0.053234,33.751115,43.125828,36.415204,0.921184,0.233118,0.293758,12.463,cuda
bsrnet,ami,005,back,005_back,4,4,144,est,32.767082,0.834985,30.362797,0.949185,4,0.077834,29.988596,40.851768,32.620842,0.875878,0.324226,0.306943,12.453,cuda
bsrnet,ami,005,down,005_down,4,4,144,est,33.837411,0.835267,31.796715,0.942855,4,0.079237,32.044095,39.683732,34.270083,0.873928,0.369249,0.336577,12.469,cuda
bsrnet,ami,005,front,005_front,4,4,144,est,33.458927,0.838552,31.4019,0.938898,4,0.08252,31.510953,38.894435,33.433791,0.869025,0.387275,0.325262,12.46,cuda
bsrnet,ami,005,left,005_left,4,4,144,est,34.057717,0.843169,31.875394,0.940883,4,0.080533,32.93327,38.52681,33.44234,0.858702,0.400481,0.333081,12.454,cuda
bsrnet,ami,005,right,005_right,4,4,144,est,33.229774,0.84668,31.048531,0.941983,4,0.079741,31.666587,38.145277,33.547259,0.862515,0.352539,0.303173,12.462,cuda
bsrnet,ami,005,up,005_up,4,4,144,est,32.112315,0.809163,30.140432,0.929507,4,0.096214,30.035852,37.99322,33.058982,0.861677,0.361159,0.326341,12.491,cuda
bsrnet,ami,005,zoom,005_zoom,4,4,144,est,34.013412,0.858862,31.804894,0.94851,4,0.078461,32.37131,39.237301,35.005708,0.893614,0.353511,0.325474,12.443,cuda
bsrnet,ami,007,back,007_back,5,4,144,est,33.741778,0.838595,31.457183,0.931336,4,0.090338,32.416408,38.059174,33.001286,0.851376,0.299293,0.329582,12.472,cuda
bsrnet,ami,007,down,007_down,5,4,144,est,33.489266,0.835431,31.44208,0.942468,4,0.089743,31.972937,38.670355,34.069874,0.882953,0.348607,0.327306,12.46,cuda
bsrnet,ami,007,front,007_front,5,4,144,est,34.885256,0.866507,32.834687,0.96059,4,0.064672,32.778626,41.991365,35.421986,0.906169,0.298182,0.313561,12.463,cuda
bsrnet,ami,007,left,007_left,5,4,144,est,33.948116,0.837978,31.952086,0.935902,4,0.094237,32.328305,39.106498,34.195454,0.860872,0.383304,0.357225,12.461,cuda
bsrnet,ami,007,right,007_right,5,4,144,est,35.577898,0.892261,33.474092,0.970411,4,0.050975,33.733356,41.953469,35.818854,0.907088,0.265838,0.300187,12.465,cuda
bsrnet,ami,007,up,007_up,5,4,144,est,32.839044,0.821448,30.776497,0.92299,4,0.094971,31.726326,37.447684,32.716546,0.846487,0.354121,0.341217,12.465,cuda
bsrnet,ami,007,zoom,007_zoom,5,4,144,est,35.593275,0.893947,33.394025,0.970563,4,0.054305,33.829649,42.286122,36.103508,0.913511,0.307947,0.307863,12.46,cuda
bsrnet,ami,008,back,008_back,5,4,144,est,35.47528,0.892598,33.181982,0.969967,4,0.051478,33.841895,41.857477,35.194837,0.910036,0.250995,0.313891,12.464,cuda
bsrnet,ami,008,down,008_down,5,4,144,est,34.745656,0.878894,32.709994,0.965483,4,0.055701,33.265241,41.139238,34.839764,0.910431,0.294291,0.329161,12.456,cuda
bsrnet,ami,008,front,008_front,5,4,144,est,33.334296,0.854575,31.412849,0.956837,4,0.067795,31.864462,39.901267,33.396951,0.882634,0.293144,0.327972,12.463,cuda
bsrnet,ami,008,left,008_left,5,4,144,est,34.903811,0.876006,32.719723,0.964462,4,0.05775,33.338771,41.56932,34.525877,0.894232,0.304484,0.357098,12.464,cuda
bsrnet,ami,008,right,008_right,5,4,144,est,32.979411,0.84103,30.828498,0.944136,4,0.081961,32.06054,37.901124,32.484246,0.848222,0.307278,0.344671,12.476,cuda
bsrnet,ami,008,up,008_up,5,4,144,est,32.808327,0.836104,30.739287,0.944075,4,0.085914,31.50788,38.172504,32.674583,0.863988,0.343899,0.353222,12.451,cuda
bsrnet,ami,008,zoom,008_zoom,5,4,144,est,32.722883,0.847356,30.684744,0.936616,4,0.087756,32.0208,36.777652,32.602592,0.854207,0.321242,0.347109,12.472,cuda
bsrnet,ami,009,back,009_back,4,4,144,est,33.501741,0.870851,31.414312,0.953279,4,0.0681,32.267555,38.204476,34.040947,0.875045,0.259406,0.313167,12.47,cuda
bsrnet,ami,009,down,009_down,4,4,144,est,34.459125,0.878045,32.344078,0.960093,4,0.064153,33.416252,39.187131,35.737429,0.911874,0.299257,0.309278,12.451,cuda
bsrnet,ami,009,front,009_front,4,4,144,est,34.492459,0.886568,32.336192,0.966307,4,0.054449,33.220556,39.829345,35.260114,0.916936,0.277729,0.309117,12.469,cuda
bsrnet,ami,009,left,009_left,4,4,144,est,33.494538,0.858765,31.424113,0.942948,4,0.083278,32.977382,37.276142,33.097183,0.871623,0.348697,0.338495,12.457,cuda
bsrnet,ami,009,right,009_right,4,4,144,est,33.885856,0.865878,31.810933,0.950885,4,0.07363,33.153426,38.027378,33.562421,0.862858,0.311286,0.321417,12.472,cuda
bsrnet,ami,009,up,009_up,4,4,144,est,31.894714,0.828982,29.850619,0.94263,4,0.078183,30.256666,38.132584,32.998721,0.84294,0.32613,0.302794,12.473,cuda
bsrnet,ami,009,zoom,009_zoom,4,4,144,est,34.172856,0.883044,31.615638,0.957897,4,0.063164,33.11696,38.636559,34.788697,0.888394,0.326023,0.332247,12.467,cuda
bsrnet,ami,010,back,010_back,2,4,144,est,33.154368,0.808402,30.841925,0.929815,4,0.092243,31.766661,38.033366,32.421784,0.826965,0.393903,0.358068,12.473,cuda
bsrnet,ami,010,down,010_down,2,4,144,est,34.788534,0.856865,32.556207,0.959256,4,0.060671,33.051711,41.107311,34.791425,0.894624,0.363008,0.331926,12.471,cuda
bsrnet,ami,010,front,010_front,2,4,144,est,33.880104,0.839103,31.66527,0.949255,4,0.065438,32.284784,39.496231,33.953187,0.872049,0.372329,0.342029,12.465,cuda
bsrnet,ami,010,left,010_left,2,4,144,est,34.788452,0.859303,32.537312,0.960549,4,0.053148,33.107113,41.471068,34.830037,0.895361,0.356061,0.33547,12.462,cuda
bsrnet,ami,010,right,010_right,2,4,144,est,33.466988,0.830983,31.109012,0.938373,4,0.082822,32.220861,38.208226,32.794229,0.852956,0.403206,0.366514,12.46,cuda
bsrnet,ami,010,up,010_up,2,4,144,est,34.767532,0.857708,32.507069,0.959298,4,0.059572,32.907038,41.423384,35.11245,0.892097,0.353946,0.337804,12.472,cuda
bsrnet,ami,010,zoom,010_zoom,2,4,144,est,33.791695,0.843674,31.414355,0.945281,4,0.077802,32.61256,38.381337,33.728691,0.864899,0.395797,0.360765,12.461,cuda
bsrnet,ami,011,back,011_back,5,4,144,est,33.293339,0.853422,30.889142,0.945464,4,0.092043,32.231121,37.669772,32.895649,0.87264,0.319011,0.330624,12.475,cuda
bsrnet,ami,011,down,011_down,5,4,144,est,32.598624,0.832877,30.430025,0.939548,4,0.092447,31.392094,37.242335,32.310693,0.86859,0.335077,0.333024,12.457,cuda
bsrnet,ami,011,front,011_front,5,4,144,est,32.378053,0.828235,30.303897,0.938617,4,0.087443,31.590562,36.754832,32.490579,0.866255,0.347435,0.328489,12.459,cuda
bsrnet,ami,011,left,011_left,5,4,144,est,33.637911,0.834564,31.376465,0.945635,4,0.074943,32.446564,38.686812,33.99622,0.882274,0.3753,0.354409,12.467,cuda
bsrnet,ami,011,right,011_right,5,4,144,est,33.163137,0.836584,30.877185,0.935381,4,0.092242,31.861103,37.810072,33.233131,0.865524,0.350673,0.345729,12.467,cuda
bsrnet,ami,011,up,011_up,5,4,144,est,33.415185,0.854122,31.275722,0.953291,4,0.072429,31.967124,38.684323,33.770095,0.896102,0.314915,0.295861,12.463,cuda
bsrnet,ami,011,zoom,011_zoom,5,4,144,est,33.473752,0.864396,31.093404,0.951307,4,0.081862,32.548986,37.695007,33.492097,0.87937,0.369393,0.329582,12.464,cuda
bsrnet,ami,012,back,012_back,3,4,144,est,36.111359,0.914431,33.831243,0.967388,4,0.051324,35.187002,39.694883,34.739684,0.90293,0.212184,0.308996,12.444,cuda
bsrnet,ami,012,down,012_down,3,4,144,est,34.06322,0.882673,31.888393,0.950915,4,0.076326,33.161835,37.914632,32.141372,0.840182,0.271458,0.319625,12.473,cuda
bsrnet,ami,012,front,012_front,3,4,144,est,34.406181,0.877472,32.097057,0.952403,4,0.07391,33.249287,38.589862,32.893451,0.860353,0.25795,0.309482,12.455,cuda
bsrnet,ami,012,left,012_left,3,4,144,est,36.197667,0.910696,33.869597,0.967823,4,0.052762,35.089652,40.765583,35.037309,0.90887,0.236805,0.296046,12.469,cuda
bsrnet,ami,012,right,012_right,3,4,144,est,35.642627,0.910219,33.500025,0.967967,4,0.051423,34.25008,39.977342,34.007316,0.886123,0.207545,0.300953,12.467,cuda
bsrnet,ami,012,up,012_up,3,4,144,est,34.989542,0.891121,32.911566,0.961857,4,0.061483,33.845491,39.142555,34.773153,0.897995,0.242988,0.286007,12.469,cuda
bsrnet,ami,012,zoom,012_zoom,3,4,144,est,35.463534,0.90641,33.280754,0.964669,4,0.054083,34.862376,39.090485,35.102022,0.910634,0.23185,0.286626,12.467,cuda
bsrnet,ami,013,back,013_back,1,4,144,est,33.805166,0.8619,31.670722,0.954809,4,0.070788,32.047258,40.083157,35.057565,0.902132,0.27082,0.304245,12.474,cuda
bsrnet,ami,013,down,013_down,1,4,144,est,34.914109,0.877272,32.68233,0.959539,4,0.063531,33.06979,40.735,35.184426,0.905,0.313166,0.300784,12.459,cuda
bsrnet,ami,013,front,013_front,1,4,144,est,33.790795,0.854158,31.512443,0.936615,4,0.085609,32.853951,38.060811,33.198139,0.858305,0.336734,0.316521,12.475,cuda
bsrnet,ami,013,left,013_left,1,4,144,est,35.49896,0.885698,33.187532,0.964837,4,0.059944,33.78909,41.678183,35.820386,0.910094,0.298865,0.286152,12.464,cuda
bsrnet,ami,013,right,013_right,1,4,144,est,34.136706,0.856389,31.780912,0.941518,4,0.084492,32.70436,38.856089,33.87709,0.868142,0.318915,0.3061,12.455,cuda
bsrnet,ami,013,up,013_up,1,4,144,est,33.186432,0.829117,30.949222,0.928153,4,0.095734,31.593557,38.204916,33.433729,0.856619,0.352078,0.324011,12.47,cuda
bsrnet,ami,013,zoom,013_zoom,1,4,144,est,34.558286,0.873408,32.034587,0.946095,4,0.077054,33.505073,38.932258,34.693741,0.893326,0.32228,0.305067,12.458,cuda
bsrnet,ami,014,back,014_back,5,4,144,est,33.018422,0.819269,30.893349,0.930469,4,0.086532,31.957996,37.291508,32.315049,0.815688,0.322672,0.33442,12.462,cuda
bsrnet,ami,014,down,014_down,5,4,144,est,34.320633,0.86072,32.207773,0.956184,4,0.061194,32.861514,39.28629,33.685363,0.880044,0.323661,0.316791,12.465,cuda
bsrnet,ami,014,front,014_front,5,4,144,est,35.096757,0.876787,32.949897,0.964817,4,0.052797,33.793606,40.416487,34.748231,0.886914,0.299157,0.314279,12.466,cuda
bsrnet,ami,014,left,014_left,5,4,144,est,33.252472,0.831757,31.265732,0.933569,4,0.088781,32.256539,37.444815,31.901289,0.838427,0.363993,0.340674,12.465,cuda
bsrnet,ami,014,right,014_right,5,4,144,est,33.602834,0.858227,31.525829,0.946735,4,0.077334,32.537746,37.589642,33.304218,0.852965,0.337493,0.298944,12.459,cuda
bsrnet,ami,014,up,014_up,5,4,144,est,34.493071,0.856653,32.430763,0.957574,4,0.058746,32.934597,40.345057,34.751721,0.874539,0.292773,0.295387,12.466,cuda
bsrnet,ami,014,zoom,014_zoom,5,4,144,est,33.540168,0.845074,31.39,0.942932,4,0.072243,32.699485,37.55171,33.706321,0.856708,0.33736,0.338326,12.462,cuda
bsrnet,ami,018,back,018_back,1,4,144,est,34.705417,0.902719,32.503449,0.960463,4,0.064663,33.550587,38.925354,32.204786,0.869306,0.217275,0.34114,12.47,cuda
bsrnet,ami,018,down,018_down,1,4,144,est,35.612104,0.923071,33.498046,0.974023,4,0.046262,33.805188,40.368535,33.350166,0.90263,0.199032,0.339171,12.464,cuda
bsrnet,ami,018,front,018_front,1,4,144,est,35.590174,0.923929,33.446049,0.972885,4,0.045384,33.933979,40.001669,33.357711,0.900754,0.186739,0.345851,12.463,cuda
bsrnet,ami,018,left,018_left,1,4,144,est,36.136025,0.921592,33.858236,0.970044,4,0.047717,35.336805,39.700496,34.051652,0.894114,0.20344,0.336038,12.474,cuda
bsrnet,ami,018,right,018_right,1,4,144,est,36.453618,0.931291,34.313202,0.979035,4,0.041092,34.447037,41.760127,34.059801,0.907901,0.169707,0.31495,12.468,cuda
bsrnet,ami,018,up,018_up,1,4,144,est,35.966746,0.929968,33.877369,0.974901,4,0.041972,34.321651,40.692275,33.931402,0.909681,0.182631,0.334416,12.473,cuda
bsrnet,ami,018,zoom,018_zoom,1,4,144,est,35.140216,0.923631,33.042375,0.974247,4,0.046238,33.006944,40.170898,32.882959,0.900511,0.176208,0.334711,12.472,cuda
bsrnet,ami,019,back,019_back,4,4,144,est,33.913542,0.894695,31.782932,0.95707,4,0.06751,32.696134,38.870916,33.397165,0.88429,0.243296,0.310465,12.465,cuda
bsrnet,ami,019,down,019_down,4,4,144,est,34.136487,0.900962,32.087463,0.971431,4,0.052236,32.256606,40.166352,33.177638,0.897221,0.263711,0.317454,12.465,cuda
bsrnet,ami,019,front,019_front,4,4,144,est,33.075051,0.867284,30.883868,0.952374,4,0.073429,31.637644,38.091846,32.389409,0.861504,0.31479,0.329681,12.472,cuda
bsrnet,ami,019,left,019_left,4,4,144,est,33.512397,0.882476,31.386934,0.960461,4,0.065657,32.108746,38.695827,32.609178,0.870042,0.287831,0.348067,12.477,cuda
bsrnet,ami,019,right,019_right,4,4,144,est,33.921633,0.901167,31.900751,0.968706,4,0.055355,31.854082,39.984347,32.834691,0.882258,0.233017,0.284336,12.471,cuda
bsrnet,ami,019,up,019_up,4,4,144,est,34.00395,0.893073,31.946617,0.966388,4,0.055528,32.361919,39.57348,33.665899,0.897825,0.26365,0.32328,12.473,cuda
bsrnet,ami,019,zoom,019_zoom,4,4,144,est,32.594915,0.869409,30.421328,0.94873,4,0.081809,31.085448,36.911592,32.920773,0.879107,0.305998,0.342494,12.463,cuda
bsrnet,ami,020,back,020_back,1,4,144,est,35.438602,0.893651,33.178701,0.96389,4,0.057553,34.111771,40.38819,34.392763,0.899641,0.216494,0.310378,12.465,cuda
bsrnet,ami,020,down,020_down,1,4,144,est,34.849478,0.873056,32.638178,0.956859,4,0.06986,33.453153,40.032581,34.396791,0.890971,0.311102,0.328625,12.449,cuda
bsrnet,ami,020,front,020_front,1,4,144,est,33.352368,0.852908,31.254187,0.939193,4,0.082571,32.929791,37.362643,31.916094,0.846879,0.337484,0.33383,12.467,cuda
bsrnet,ami,020,left,020_left,1,4,144,est,34.652453,0.873256,32.351815,0.950951,4,0.072946,33.812799,38.892688,33.580763,0.869994,0.338133,0.343717,12.466,cuda
bsrnet,ami,020,right,020_right,1,4,144,est,35.141909,0.903576,32.965441,0.970942,4,0.049385,33.858826,39.723194,34.347489,0.902644,0.242622,0.265603,12.467,cuda
bsrnet,ami,020,up,020_up,1,4,144,est,35.498648,0.884574,33.179609,0.965304,4,0.055717,34.112982,41.534368,35.912833,0.910899,0.272789,0.295377,12.452,cuda
bsrnet,ami,020,zoom,020_zoom,1,4,144,est,36.009912,0.90354,33.563516,0.971058,4,0.049188,34.676898,41.592975,35.421815,0.911635,0.271657,0.297034,12.468,cuda
bsrnet,ami,021,back,021_back,2,4,144,est,34.077244,0.831833,31.729919,0.93394,4,0.093734,32.411906,39.089444,34.320782,0.873969,0.371199,0.343961,12.473,cuda
bsrnet,ami,021,down,021_down,2,4,144,est,33.727932,0.832141,31.606016,0.937645,4,0.089609,32.390712,38.577024,33.78307,0.870158,0.401341,0.353151,12.463,cuda
bsrnet,ami,021,front,021_front,2,4,144,est,35.607665,0.869697,33.330917,0.959501,4,0.055987,33.852552,42.24965,36.064303,0.914709,0.318384,0.323854,12.462,cuda
bsrnet,ami,021,left,021_left,2,4,144,est,35.104314,0.855695,32.806411,0.943594,4,0.073645,33.777258,39.845199,35.205488,0.886576,0.395673,0.33553,12.477,cuda
bsrnet,ami,021,right,021_right,2,4,144,est,34.335903,0.850311,32.200336,0.937034,4,0.081556,33.273957,38.403611,33.566504,0.867572,0.380637,0.337335,12.464,cuda
bsrnet,ami,021,up,021_up,2,4,144,est,33.529079,0.826373,31.413107,0.929308,4,0.101733,32.213401,37.820289,33.358772,0.856192,0.362512,0.373052,12.453,cuda
bsrnet,ami,021,zoom,021_zoom,2,4,144,est,35.788431,0.891789,33.560073,0.960443,4,0.054598,34.620789,40.485085,35.609767,0.916499,0.310145,0.346851,12.484,cuda
bsrnet,ami,022,back,022_back,2,4,144,est,35.281442,0.91755,33.071965,0.962154,4,0.058498,35.027861,38.425236,32.595582,0.877094,0.205687,0.291837,12.468,cuda
bsrnet,ami,022,down,022_down,2,4,144,est,34.314051,0.893652,32.110603,0.951501,4,0.077396,33.219818,38.1599,31.577572,0.837388,0.250345,0.324277,12.463,cuda
bsrnet,ami,022,front,022_front,2,4,144,est,34.512366,0.901234,32.229825,0.954025,4,0.074195,33.674451,37.855601,32.121025,0.871539,0.231732,0.315207,12.449,cuda
bsrnet,ami,022,left,022_left,2,4,144,est,35.658868,0.911025,33.57992,0.955542,4,0.065322,35.24222,38.861251,33.171428,0.867945,0.238098,0.314279,12.448,cuda
bsrnet,ami,022,right,022_right,2,4,144,est,36.436257,0.92816,34.138658,0.971478,4,0.043889,35.782038,39.706194,34.782349,0.911752,0.198947,0.290578,12.462,cuda
bsrnet,ami,022,up,022_up,2,4,144,est,34.263857,0.897856,32.138397,0.953529,4,0.076582,33.689921,37.655586,32.620993,0.875357,0.232519,0.301854,12.452,cuda
bsrnet,ami,022,zoom,022_zoom,2,4,144,est,34.262561,0.894636,32.022709,0.948185,4,0.07671,33.763774,37.232043,32.46501,0.869804,0.21813,0.300126,12.466,cuda
bsrnet,ami,023,back,023_back,5,4,144,est,33.141075,0.827392,31.094635,0.937316,4,0.088825,31.783149,38.151604,32.72336,0.857901,0.321474,0.333168,12.467,cuda
bsrnet,ami,023,down,023_down,5,4,144,est,34.080204,0.856561,31.966369,0.944933,4,0.084283,32.799703,38.353702,33.942189,0.895357,0.311573,0.333578,12.466,cuda
bsrnet,ami,023,front,023_front,5,4,144,est,34.995602,0.874308,32.897365,0.960365,4,0.064119,33.412124,40.894311,35.380142,0.918452,0.275904,0.303357,12.48,cuda
bsrnet,ami,023,left,023_left,5,4,144,est,35.369154,0.881279,33.213515,0.948934,4,0.066848,34.691952,39.00463,34.524184,0.882725,0.377723,0.34293,12.452,cuda
bsrnet,ami,023,right,023_right,5,4,144,est,33.937419,0.855758,31.666766,0.945793,4,0.08137,32.538721,38.69496,33.488247,0.881228,0.330643,0.323442,12.45,cuda
bsrnet,ami,023,up,023_up,5,4,144,est,33.460081,0.83853,31.380669,0.93678,4,0.077098,32.595239,37.885584,33.121693,0.869731,0.339765,0.33324,12.453,cuda
bsrnet,ami,023,zoom,023_zoom,5,4,144,est,35.027465,0.894033,32.910239,0.962908,4,0.059763,33.75712,39.736714,35.301735,0.917075,0.245192,0.294402,12.473,cuda
bsrnet,ami,024,back,024_back,3,4,144,est,34.705294,0.882496,32.654308,0.956536,4,0.071361,33.628934,38.744561,33.063496,0.862252,0.219917,0.315526,12.455,cuda
bsrnet,ami,024,down,024_down,3,4,144,est,35.80365,0.907258,33.792932,0.967413,4,0.054469,34.731373,39.752931,34.367802,0.905394,0.206583,0.295187,12.477,cuda
bsrnet,ami,024,front,024_front,3,4,144,est,34.926682,0.890894,32.96146,0.959819,4,0.063617,33.951992,38.670982,33.458632,0.894353,0.231178,0.309507,12.467,cuda
bsrnet,ami,024,left,024_left,3,4,144,est,34.554102,0.872873,32.635805,0.946875,4,0.07818,33.849525,38.309681,32.86862,0.855998,0.262399,0.308896,12.462,cuda
bsrnet,ami,024,right,024_right,3,4,144,est,35.417133,0.915688,33.398914,0.971409,4,0.060329,33.642846,40.153163,33.704008,0.908068,0.179096,0.276629,12.468,cuda
bsrnet,ami,024,up,024_up,3,4,144,est,33.877121,0.873706,31.958167,0.949111,4,0.080954,33.018864,37.534597,32.797967,0.864076,0.269785,0.313771,12.472,cuda
bsrnet,ami,024,zoom,024_zoom,3,4,144,est,33.932199,0.879514,31.776262,0.955003,4,0.074071,32.932477,37.584895,32.766286,0.872719,0.246395,0.299296,12.465,cuda
bsrnet,ami,025,back,025_back,2,4,144,est,34.824872,0.875235,32.6309,0.960105,4,0.069854,32.901533,40.875735,35.214521,0.912435,0.251127,0.32438,12.457,cuda
bsrnet,ami,025,down,025_down,2,4,144,est,33.708151,0.858884,31.591246,0.945944,4,0.089768,32.401875,38.214767,33.341832,0.879921,0.262741,0.317112,12.468,cuda
bsrnet,ami,025,front,025_front,2,4,144,est,33.262183,0.847397,31.133679,0.942062,4,0.099136,32.044285,37.690478,33.270241,0.875146,0.291089,0.323001,12.464,cuda
bsrnet,ami,025,left,025_left,2,4,144,est,35.416797,0.888755,33.308667,0.963059,4,0.06678,33.932321,41.01588,35.531843,0.918633,0.253664,0.328378,12.472,cuda
bsrnet,ami,025,right,025_right,2,4,144,est,35.56705,0.899472,33.358594,0.970288,4,0.0547,33.598941,41.503073,35.822598,0.923711,0.213702,0.293145,12.446,cuda
bsrnet,ami,025,up,025_up,2,4,144,est,32.65956,0.829677,30.720789,0.936449,4,0.104424,31.394356,37.117757,32.841704,0.866925,0.313325,0.337806,12.471,cuda
bsrnet,ami,025,zoom,025_zoom,2,4,144,est,35.167783,0.909005,32.967378,0.965749,4,0.060055,34.575927,38.966676,35.643969,0.927873,0.217754,0.30903,12.46,cuda
bsrnet,ami,026,back,026_back,1,4,144,est,34.218438,0.879441,31.765361,0.953526,4,0.076333,33.109545,37.688652,33.606207,0.88472,0.246971,0.320772,12.45,cuda
bsrnet,ami,026,down,026_down,1,4,144,est,34.230529,0.889982,32.083405,0.954259,4,0.069787,32.989732,37.763041,32.967723,0.880987,0.251851,0.320978,12.451,cuda
bsrnet,ami,026,front,026_front,1,4,144,est,35.371652,0.903979,33.191564,0.967693,4,0.052793,34.02822,39.473664,34.62128,0.912807,0.231852,0.300757,12.462,cuda
bsrnet,ami,026,left,026_left,1,4,144,est,34.693641,0.897445,32.656,0.9508,4,0.069689,34.062623,37.75183,33.089285,0.879831,0.291299,0.331158,12.442,cuda
bsrnet,ami,026,right,026_right,1,4,144,est,35.520814,0.908446,33.31728,0.969508,4,0.057708,34.108066,39.645479,35.150268,0.919718,0.269159,0.312181,12.474,cuda
bsrnet,ami,026,up,026_up,1,4,144,est,35.422754,0.899499,33.307234,0.968218,4,0.05222,33.719232,40.385096,35.139045,0.916237,0.217679,0.300194,12.466,cuda
bsrnet,ami,026,zoom,026_zoom,1,4,144,est,34.152989,0.894902,31.813008,0.960001,4,0.069607,32.499449,38.097425,34.025621,0.903553,0.243244,0.316314,12.465,cuda
bsrnet,ami,027,back,027_back,3,4,144,est,35.782612,0.909812,33.581574,0.967102,4,0.054053,34.56772,39.919728,34.429081,0.904187,0.217707,0.310178,12.455,cuda
bsrnet,ami,027,down,027_down,3,4,144,est,33.984473,0.868458,31.981445,0.951486,4,0.080693,32.849765,38.079147,32.530708,0.862733,0.280137,0.332838,12.465,cuda
bsrnet,ami,027,front,027_front,3,4,144,est,34.19277,0.880746,32.105863,0.956066,4,0.074167,33.16092,38.228397,32.984353,0.876385,0.250907,0.323606,12.466,cuda
bsrnet,ami,027,left,027_left,3,4,144,est,35.240701,0.89689,33.268167,0.966119,4,0.056138,33.949302,39.836023,34.287685,0.907735,0.212498,0.295126,12.454,cuda
bsrnet,ami,027,right,027_right,3,4,144,est,35.183234,0.897028,33.221807,0.970058,4,0.052451,33.378058,40.648818,34.185689,0.898051,0.227559,0.307745,12.476,cuda
bsrnet,ami,027,up,027_up,3,4,144,est,34.966157,0.891596,32.988208,0.965579,4,0.062963,33.806393,39.248278,34.198122,0.896353,0.246511,0.302803,12.458,cuda
bsrnet,ami,027,zoom,027_zoom,3,4,144,est,34.754124,0.896248,32.786366,0.966592,4,0.058771,33.641811,38.848463,34.483303,0.90088,0.248826,0.306482,12.468,cuda
bsrnet,ami,028,back,028_back,2,4,144,est,34.073858,0.887914,31.932294,0.949792,4,0.07806,32.561147,39.030404,32.534932,0.871165,0.231213,0.333338,12.465,cuda
bsrnet,ami,028,down,028_down,2,4,144,est,34.21066,0.881781,32.163,0.960556,4,0.06019,33.00163,39.192596,32.624768,0.871007,0.263314,0.300267,12.457,cuda
bsrnet,ami,028,front,028_front,2,4,144,est,33.111548,0.850964,31.016692,0.939065,4,0.081629,32.063178,37.327443,31.45281,0.831484,0.328424,0.335721,12.477,cuda
bsrnet,ami,028,left,028_left,2,4,144,est,34.675721,0.890753,32.771498,0.961018,4,0.054484,33.334821,39.928772,32.816136,0.873099,0.27795,0.301809,12.462,cuda
bsrnet,ami,028,right,028_right,2,4,144,est,33.859211,0.862195,31.838832,0.952396,4,0.064207,32.201087,39.535618,32.606362,0.850578,0.306532,0.308606,12.463,cuda
bsrnet,ami,028,up,028_up,2,4,144,est,33.349196,0.850758,31.207194,0.940764,4,0.082464,32.099686,37.945665,32.990034,0.840419,0.321506,0.320632,12.471,cuda
bsrnet,ami,028,zoom,028_zoom,2,4,144,est,34.479554,0.886747,32.339461,0.959058,4,0.058236,33.151345,39.575453,33.1484,0.878302,0.256869,0.290162,12.461,cuda
bsrnet,ami,029,back,029_back,5,4,144,est,34.000163,0.838174,31.641396,0.945773,4,0.069403,32.544717,39.506337,33.728006,0.868783,0.310397,0.312266,12.468,cuda
bsrnet,ami,029,down,029_down,5,4,144,est,34.538467,0.861948,32.314568,0.956747,4,0.062713,32.755767,40.600576,34.291118,0.903791,0.295513,0.335335,12.463,cuda
bsrnet,ami,029,front,029_front,5,4,144,est,32.625348,0.80063,30.461174,0.915435,4,0.109574,31.290074,37.052441,32.469961,0.828466,0.360399,0.347385,12.48,cuda
bsrnet,ami,029,left,029_left,5,4,144,est,33.406322,0.829128,31.166249,0.928265,4,0.08601,32.659465,37.407358,32.633656,0.842807,0.396741,0.371322,12.466,cuda
bsrnet,ami,029,right,029_right,5,4,144,est,33.396306,0.836456,31.143717,0.937282,4,0.079963,32.162904,37.638997,32.923669,0.862577,0.352674,0.338432,12.47,cuda
bsrnet,ami,029,up,029_up,5,4,144,est,33.226731,0.825489,31.043641,0.937941,4,0.08504,31.7435,38.487676,33.628906,0.855431,0.324264,0.328109,12.468,cuda
bsrnet,ami,029,zoom,029_zoom,5,4,144,est,33.172467,0.837897,30.959861,0.932305,4,0.087711,32.646558,36.805386,33.225083,0.864535,0.394995,0.330663,12.51,cuda
bsrnet,ami,030,back,030_back,1,4,144,est,32.856975,0.850431,30.67358,0.943351,4,0.088315,31.764827,36.51226,31.760254,0.853025,0.291388,0.335081,12.474,cuda
bsrnet,ami,030,down,030_down,1,4,144,est,35.672191,0.887641,33.554467,0.966067,4,0.054148,34.122293,40.81052,35.079824,0.907853,0.272818,0.288321,12.466,cuda
bsrnet,ami,030,front,030_front,1,4,144,est,33.838092,0.86142,31.805197,0.947,4,0.081286,32.667484,37.927414,32.716672,0.848202,0.298684,0.318546,12.467,cuda
bsrnet,ami,030,left,030_left,1,4,144,est,34.332017,0.863334,32.333102,0.947342,4,0.081746,33.257567,38.336345,33.402479,0.861191,0.309995,0.337538,12.479,cuda
bsrnet,ami,030,right,030_right,1,4,144,est,34.286301,0.867046,32.14533,0.951261,4,0.078896,32.963957,38.563253,33.326933,0.855579,0.293914,0.325368,12.458,cuda
bsrnet,ami,030,up,030_up,1,4,144,est,34.733865,0.871649,32.645103,0.964219,4,0.056152,32.881756,41.048733,34.864786,0.887993,0.282107,0.300304,12.476,cuda
bsrnet,ami,030,zoom,030_zoom,1,4,144,est,33.975826,0.870362,31.862364,0.951902,4,0.069745,33.417289,37.595507,33.334508,0.863754,0.291605,0.305584,12.46,cuda
bsrnet,ami,031,back,031_back,5,4,144,est,35.076742,0.895094,32.704374,0.966784,4,0.053084,33.45744,40.539553,33.546442,0.88555,0.250428,0.29313,12.454,cuda
bsrnet,ami,031,down,031_down,5,4,144,est,34.154964,0.882049,31.899838,0.960066,4,0.065429,33.267979,38.549655,32.83235,0.863379,0.296874,0.29451,12.469,cuda
bsrnet,ami,031,front,031_front,5,4,144,est,32.997746,0.859676,30.883835,0.943707,4,0.079955,32.262718,36.939671,31.767084,0.836916,0.316727,0.323594,12.47,cuda
bsrnet,ami,031,left,031_left,5,4,144,est,32.698173,0.857376,30.715364,0.942857,4,0.08151,32.141335,36.38061,31.058884,0.832609,0.351246,0.335239,12.451,cuda
bsrnet,ami,031,right,031_right,5,4,144,est,34.522872,0.88434,32.270862,0.962265,4,0.057889,32.868831,39.533214,33.490077,0.872711,0.291591,0.326065,12.463,cuda
bsrnet,ami,031,up,031_up,5,4,144,est,32.40688,0.852308,30.365917,0.934245,4,0.082167,31.960891,35.772911,31.297144,0.834985,0.348003,0.330731,12.469,cuda
bsrnet,ami,031,zoom,031_zoom,5,4,144,est,34.349329,0.881043,32.052798,0.959756,4,0.057421,32.791572,39.342329,33.302523,0.871306,0.324962,0.304977,12.463,cuda
bsrnet,ami,032,back,032_back,3,4,144,est,35.342155,0.912186,32.944968,0.966771,4,0.060531,33.666184,40.081618,33.280769,0.891916,0.162298,0.291925,12.468,cuda
bsrnet,ami,032,down,032_down,3,4,144,est,33.707852,0.89388,31.502641,0.953415,4,0.071767,32.964899,37.204363,31.286492,0.845716,0.210913,0.316768,12.464,cuda
bsrnet,ami,032,front,032_front,3,4,144,est,36.343461,0.93058,34.080908,0.976518,4,0.045953,34.418316,41.436769,34.254191,0.915979,0.153528,0.255858,12.471,cuda
bsrnet,ami,032,left,032_left,3,4,144,est,34.686445,0.909382,32.43313,0.960018,4,0.065455,33.303549,38.696628,32.175309,0.875365,0.188926,0.333745,12.469,cuda
bsrnet,ami,032,right,032_right,3,4,144,est,34.017705,0.897554,31.677544,0.954069,4,0.088219,32.345211,38.136985,31.573699,0.844528,0.209083,0.32367,12.465,cuda
bsrnet,ami,032,up,032_up,3,4,144,est,33.872308,0.893842,31.576675,0.953527,4,0.077103,32.858197,37.629879,32.18044,0.866296,0.218626,0.312766,12.467,cuda
bsrnet,ami,032,zoom,032_zoom,3,4,144,est,36.274771,0.931338,33.844677,0.977825,4,0.044188,34.394983,41.199422,35.186431,0.927226,0.160511,0.262453,12.471,cuda
bsrnet,ami,033,back,033_back,3,4,144,est,35.112189,0.892758,32.834111,0.956799,4,0.065295,34.520187,38.708255,33.497983,0.861089,0.254346,0.31142,12.472,cuda
bsrnet,ami,033,down,033_down,3,4,144,est,34.588293,0.90455,32.609497,0.959586,4,0.065378,34.023521,37.446643,33.478116,0.898683,0.246452,0.310095,12.467,cuda
bsrnet,ami,033,front,033_front,3,4,144,est,35.677491,0.909485,33.526735,0.96966,4,0.048133,34.733239,39.780599,34.638265,0.904953,0.25925,0.302055,12.476,cuda
bsrnet,ami,033,left,033_left,3,4,144,est,37.356807,0.930354,35.089431,0.974026,4,0.047662,36.270826,41.566971,36.041976,0.925218,0.219946,0.318166,12.467,cuda
bsrnet,ami,033,right,033_right,3,4,144,est,34.917993,0.892953,32.78811,0.958506,4,0.0682,33.749328,39.007219,33.580853,0.868165,0.243538,0.316156,12.469,cuda
bsrnet,ami,033,up,033_up,3,4,144,est,35.179242,0.902168,33.114747,0.962622,4,0.056367,34.815264,38.454299,34.880179,0.898386,0.244377,0.30101,12.467,cuda
bsrnet,ami,033,zoom,033_zoom,3,4,144,est,35.916672,0.918145,33.774297,0.971203,4,0.041003,35.068635,39.643228,35.654759,0.921863,0.239207,0.292386,12.468,cuda
bsrnet,ami,034,back,034_back,4,4,144,est,32.65302,0.820577,30.624236,0.939371,4,0.097791,31.196367,38.288076,33.770965,0.880542,0.287886,0.337644,12.462,cuda
bsrnet,ami,034,down,034_down,4,4,144,est,33.960855,0.865386,32.046797,0.962432,4,0.065555,32.661461,41.325533,35.476822,0.924492,0.289522,0.308465,12.463,cuda
bsrnet,ami,034,front,034_front,4,4,144,est,33.94597,0.856183,32.027851,0.957528,4,0.07134,32.502894,40.77367,35.70426,0.917605,0.266342,0.313562,12.472,cuda
bsrnet,ami,034,left,034_left,4,4,144,est,32.638839,0.82344,30.847042,0.933998,4,0.100723,31.624269,37.2945,33.849992,0.887541,0.370772,0.373898,12.453,cuda
bsrnet,ami,034,right,034_right,4,4,144,est,33.898389,0.857509,32.01462,0.958146,4,0.067672,32.342359,40.854434,35.05839,0.915152,0.273218,0.313894,12.453,cuda
bsrnet,ami,034,up,034_up,4,4,144,est,33.468671,0.851159,31.623854,0.960876,4,0.069037,31.934337,41.564615,35.877972,0.918525,0.267046,0.299899,12.456,cuda
bsrnet,ami,034,zoom,034_zoom,4,4,144,est,34.482254,0.886838,32.476112,0.962347,4,0.066881,34.001809,39.400629,36.168343,0.924552,0.259014,0.324525,12.471,cuda
bsrnet,ami,035,back,035_back,5,4,144,est,36.495561,0.9183,34.208279,0.968688,4,0.052276,35.361633,40.431962,35.294428,0.91599,0.206899,0.304667,12.461,cuda
bsrnet,ami,035,down,035_down,5,4,144,est,34.356873,0.893238,32.397967,0.952316,4,0.067399,33.350144,37.825241,32.409348,0.879303,0.254964,0.330016,12.46,cuda
bsrnet,ami,035,front,035_front,5,4,144,est,34.615241,0.895049,32.533134,0.954783,4,0.070524,33.399397,38.479987,32.451915,0.87912,0.258566,0.324697,12.471,cuda
bsrnet,ami,035,left,035_left,5,4,144,est,36.446464,0.919245,34.359917,0.966457,4,0.049252,35.296189,40.289518,34.60452,0.910102,0.259994,0.321516,12.455,cuda
bsrnet,ami,035,right,035_right,5,4,144,est,35.041863,0.896804,32.672532,0.957291,4,0.067558,34.074787,38.529573,33.539184,0.88935,0.263199,0.323396,12.479,cuda
bsrnet,ami,035,up,035_up,5,4,144,est,34.885431,0.894955,32.670363,0.957256,4,0.067496,33.69114,38.787523,33.104965,0.881512,0.267971,0.33044,12.457,cuda
bsrnet,ami,035,zoom,035_zoom,5,4,144,est,35.769227,0.912337,33.675145,0.965358,4,0.053246,35.006474,39.248858,34.747935,0.91496,0.245351,0.307692,12.461,cuda
bsrnet,ami,036,back,036_back,2,4,144,est,34.363193,0.86612,32.15706,0.947647,4,0.077181,33.253454,38.680586,33.133472,0.872407,0.287902,0.328654,12.457,cuda
bsrnet,ami,036,down,036_down,2,4,144,est,34.449938,0.864743,32.368523,0.944109,4,0.081381,33.527041,39.011378,33.815975,0.872746,0.333825,0.349164,12.467,cuda
bsrnet,ami,036,front,036_front,2,4,144,est,34.484035,0.861177,32.433389,0.94148,4,0.085297,33.245482,38.976569,34.089319,0.877795,0.355274,0.370933,12.463,cuda
bsrnet,ami,036,left,036_left,2,4,144,est,35.456908,0.884509,33.344646,0.953551,4,0.072313,34.345543,39.576746,35.251809,0.901965,0.337153,0.346876,12.454,cuda
bsrnet,ami,036,right,036_right,2,4,144,est,35.959938,0.905959,33.752779,0.967679,4,0.048946,34.722951,40.482295,35.386379,0.917629,0.279935,0.321019,12.453,cuda
bsrnet,ami,036,up,036_up,2,4,144,est,33.594152,0.837272,31.579581,0.932732,4,0.094599,32.321136,38.165297,33.572481,0.873775,0.349369,0.344401,12.456,cuda
bsrnet,ami,036,zoom,036_zoom,2,4,144,est,35.373265,0.890204,33.111617,0.953547,4,0.071972,34.408322,39.520394,35.042667,0.907153,0.301513,0.364263,12.474,cuda
bsrnet,ami,037,back,037_back,2,4,144,est,35.390413,0.868727,33.196584,0.959853,4,0.058595,33.163443,41.759319,34.980714,0.910743,0.314814,0.307034,12.467,cuda
bsrnet,ami,037,down,037_down,2,4,144,est,35.186932,0.870414,32.896876,0.951841,4,0.067138,33.720521,40.07995,34.342859,0.900452,0.314577,0.312373,12.467,cuda
bsrnet,ami,037,front,037_front,2,4,144,est,35.937699,0.885704,33.826237,0.963304,4,0.057916,34.149017,41.629607,35.639109,0.927069,0.291125,0.301697,12.462,cuda
bsrnet,ami,037,left,037_left,2,4,144,est,35.348712,0.873376,33.027532,0.95493,4,0.062043,33.717689,40.584852,34.723698,0.908288,0.354165,0.312472,12.474,cuda
bsrnet,ami,037,right,037_right,2,4,144,est,34.95036,0.875334,32.673632,0.949201,4,0.067815,33.832079,39.048506,33.786236,0.891148,0.327666,0.308906,12.454,cuda
bsrnet,ami,037,up,037_up,2,4,144,est,34.853917,0.862537,32.601516,0.950349,4,0.066446,33.156657,39.815237,34.150076,0.894291,0.330445,0.317323,12.463,cuda
bsrnet,ami,037,zoom,037_zoom,2,4,144,est,35.813049,0.893794,33.287198,0.959754,4,0.059216,34.252619,40.401804,35.39306,0.919126,0.251351,0.3085,12.471,cuda
bsrnet,ami,038,back,038_back,2,4,144,est,34.048398,0.858345,31.946004,0.941855,4,0.089413,32.733285,38.447396,32.886263,0.857528,0.284178,0.33785,12.472,cuda
bsrnet,ami,038,down,038_down,2,4,144,est,34.502784,0.864109,32.659303,0.961014,4,0.063701,33.005062,40.833564,35.301644,0.920333,0.284225,0.308723,12.465,cuda
bsrnet,ami,038,front,038_front,2,4,144,est,34.597871,0.862891,32.673637,0.957928,4,0.063515,33.253694,40.310952,35.091166,0.911759,0.277695,0.311157,12.461,cuda
bsrnet,ami,038,left,038_left,2,4,144,est,34.531629,0.857754,32.723241,0.947619,4,0.08426,33.283378,39.241828,34.70152,0.8898,0.310445,0.372132,12.466,cuda
bsrnet,ami,038,right,038_right,2,4,144,est,33.734744,0.857283,31.651012,0.942526,4,0.07983,32.524784,38.093507,32.568071,0.852547,0.303888,0.329386,12.471,cuda
bsrnet,ami,038,up,038_up,2,4,144,est,33.203745,0.823603,31.386941,0.935329,4,0.091061,31.767977,38.266627,32.605874,0.83957,0.318232,0.327433,12.462,cuda
bsrnet,ami,038,zoom,038_zoom,2,4,144,est,34.902454,0.882132,33.035693,0.957111,4,0.063242,34.025938,39.157499,34.986367,0.920132,0.27089,0.318168,12.46,cuda
bsrnet,ami,039,back,039_back,2,4,144,est,33.83994,0.883501,31.846052,0.950232,4,0.078001,33.687231,36.525869,32.487237,0.859068,0.241741,0.309634,12.462,cuda
bsrnet,ami,039,down,039_down,2,4,144,est,33.783298,0.880631,31.90881,0.949202,4,0.07795,33.104439,37.482985,32.221845,0.86433,0.263842,0.324542,12.451,cuda
bsrnet,ami,039,front,039_front,2,4,144,est,34.616647,0.891301,32.492538,0.955635,4,0.067702,33.868114,38.223057,32.875072,0.875396,0.246346,0.312227,12.467,cuda
bsrnet,ami,039,left,039_left,2,4,144,est,34.710428,0.89792,32.766945,0.953052,4,0.070529,34.573769,37.806667,33.178165,0.87799,0.25457,0.317153,12.467,cuda
bsrnet,ami,039,right,039_right,2,4,144,est,34.829569,0.899398,32.549817,0.959092,4,0.067548,33.95896,38.268182,33.116285,0.874448,0.228561,0.332201,12.475,cuda
bsrnet,ami,039,up,039_up,2,4,144,est,36.385828,0.918288,34.254867,0.974583,4,0.041272,35.266581,40.567352,35.410787,0.917424,0.218154,0.296911,12.465,cuda
bsrnet,ami,039,zoom,039_zoom,2,4,144,est,34.972307,0.902872,32.88151,0.957669,4,0.068031,34.556121,38.129966,33.319144,0.883354,0.218143,0.305774,12.474,cuda
bsrnet,ami,040,back,040_back,4,4,144,est,35.181483,0.899983,32.993719,0.961096,4,0.060882,34.280511,39.289709,34.087238,0.889429,0.238676,0.289191,12.45,cuda
bsrnet,ami,040,down,040_down,4,4,144,est,34.612895,0.896822,32.53216,0.962459,4,0.056449,33.805665,38.517343,33.839903,0.902343,0.274729,0.277066,12.465,cuda
bsrnet,ami,040,front,040_front,4,4,144,est,34.445558,0.892988,32.453743,0.954778,4,0.063855,34.120864,37.758265,33.397468,0.886725,0.280597,0.297715,12.476,cuda
bsrnet,ami,040,left,040_left,4,4,144,est,34.144199,0.887148,31.95282,0.952924,4,0.070869,33.884245,37.38737,32.715899,0.866142,0.328031,0.325771,12.448,cuda
bsrnet,ami,040,right,040_right,4,4,144,est,32.001169,0.86282,30.01409,0.938719,4,0.092933,31.334183,35.219999,30.172579,0.819695,0.298294,0.320326,12.466,cuda
bsrnet,ami,040,up,040_up,4,4,144,est,33.602325,0.879838,31.524825,0.948891,4,0.073989,33.429448,36.832599,32.016421,0.861967,0.333168,0.335179,12.45,cuda
bsrnet,ami,040,zoom,040_zoom,4,4,144,est,34.13803,0.887156,31.751397,0.951641,4,0.068962,33.973944,37.649134,32.976779,0.875416,0.2948,0.307112,12.464,cuda
bsrnet,ami,041,back,041_back,5,4,144,est,35.002941,0.887308,32.942591,0.963522,4,0.053847,33.922571,40.107705,34.117454,0.905159,0.277608,0.296061,12.466,cuda
bsrnet,ami,041,down,041_down,5,4,144,est,34.499496,0.875219,32.458589,0.948373,4,0.075447,33.755879,38.375672,33.78822,0.891767,0.312739,0.314694,12.472,cuda
bsrnet,ami,041,front,041_front,5,4,144,est,33.156375,0.864189,31.36383,0.938084,4,0.085503,32.83196,36.41448,32.083245,0.877754,0.348374,0.338689,12.475,cuda
bsrnet,ami,041,left,041_left,5,4,144,est,36.462418,0.906406,34.380781,0.96233,4,0.059568,35.738717,40.202645,36.268775,0.923423,0.314446,0.303096,12.464,cuda
bsrnet,ami,041,right,041_right,5,4,144,est,33.686832,0.866721,31.531096,0.946124,4,0.083297,32.309729,37.858081,32.498603,0.861826,0.283778,0.317774,12.469,cuda
bsrnet,ami,041,up,041_up,5,4,144,est,33.13102,0.85599,31.345083,0.935948,4,0.083291,32.99492,36.472536,32.362256,0.858297,0.329712,0.325018,12.473,cuda
bsrnet,ami,041,zoom,041_zoom,5,4,144,est,34.433327,0.891728,32.294002,0.952275,4,0.06496,34.345023,37.436582,34.203978,0.905205,0.275351,0.341748,12.458,cuda
bsrnet,ami,042,back,042_back,4,4,144,est,32.937137,0.824191,30.870544,0.931523,4,0.096993,31.517881,37.749922,32.501171,0.849189,0.273241,0.297232,12.467,cuda
bsrnet,ami,042,down,042_down,4,4,144,est,34.042042,0.854436,31.915197,0.949925,4,0.084135,32.589653,39.104324,34.263359,0.89375,0.286725,0.315672,12.451,cuda
bsrnet,ami,042,front,042_front,4,4,144,est,32.400358,0.805503,30.446307,0.929663,4,0.107585,30.954166,37.141292,32.653721,0.857851,0.316587,0.327175,12.462,cuda
bsrnet,ami,042,left,042_left,4,4,144,est,34.361148,0.867347,32.386072,0.951818,4,0.076467,33.160011,39.113585,34.418341,0.906427,0.289145,0.342388,12.457,cuda
bsrnet,ami,042,right,042_right,4,4,144,est,33.773072,0.842905,31.871017,0.944356,4,0.084952,32.02482,39.078301,34.004624,0.897351,0.25635,0.294533,12.448,cuda
bsrnet,ami,042,up,042_up,4,4,144,est,33.601226,0.838854,31.759099,0.95392,4,0.07661,31.835926,40.880749,34.371647,0.898009,0.248462,0.288754,12.465,cuda
bsrnet,ami,042,zoom,042_zoom,4,4,144,est,33.462493,0.854959,31.472072,0.948446,4,0.091312,32.255324,37.979981,34.03527,0.899516,0.281344,0.322404,12.496,cuda
bsrnet,ami,043,back,043_back,4,4,144,est,33.756218,0.882893,31.658523,0.955625,4,0.07596,33.338592,37.065644,33.214734,0.896538,0.262619,0.30124,12.466,cuda
bsrnet,ami,043,down,043_down,4,4,144,est,34.174624,0.868635,32.090069,0.956583,4,0.064588,33.269773,38.670343,34.674971,0.921702,0.320334,0.29148,12.446,cuda
bsrnet,ami,043,front,043_front,4,4,144,est,33.64826,0.862474,31.461885,0.949454,4,0.073657,33.225136,37.424558,32.977873,0.880483,0.327449,0.335322,12.464,cuda
bsrnet,ami,043,left,043_left,4,4,144,est,34.139257,0.868007,32.086733,0.950254,4,0.076506,33.789472,37.925766,33.394947,0.883307,0.332055,0.302969,12.471,cuda
bsrnet,ami,043,right,043_right,4,4,144,est,34.458393,0.887692,32.293117,0.959896,4,0.069732,33.492863,38.480092,33.583574,0.883774,0.245086,0.324637,12.468,cuda
bsrnet,ami,043,up,043_up,4,4,144,est,33.547327,0.850734,31.526398,0.946697,4,0.076258,32.992195,37.55421,32.967068,0.857946,0.318752,0.298847,12.461,cuda
bsrnet,ami,043,zoom,043_zoom,4,4,144,est,34.116296,0.875252,31.895718,0.954012,4,0.070216,33.884623,37.602692,34.107538,0.90078,0.296413,0.296877,12.466,cuda
bsrnet,ami,044,back,044_back,5,4,144,est,33.807252,0.881185,31.827532,0.950943,4,0.074923,32.487272,37.802977,31.564601,0.862948,0.277709,0.329057,12.45,cuda
bsrnet,ami,044,down,044_down,5,4,144,est,34.872715,0.899306,33.025548,0.962488,4,0.058508,33.858103,38.993397,33.484441,0.901453,0.234603,0.296575,12.466,cuda
bsrnet,ami,044,front,044_front,5,4,144,est,34.177039,0.889335,32.249554,0.955089,4,0.070251,33.362224,38.010477,32.343535,0.873235,0.26307,0.331859,12.472,cuda
bsrnet,ami,044,left,044_left,5,4,144,est,35.703834,0.908759,33.764289,0.970737,4,0.050054,34.483602,40.737884,34.431916,0.909128,0.251024,0.320267,12.475,cuda
bsrnet,ami,044,right,044_right,5,4,144,est,34.875677,0.895698,32.772426,0.95894,4,0.062602,33.534994,39.216241,32.703855,0.872783,0.244356,0.339615,12.462,cuda
bsrnet,ami,044,up,044_up,5,4,144,est,33.91408,0.880593,31.96709,0.94742,4,0.077656,33.523339,37.236654,32.002479,0.847444,0.268042,0.336171,12.466,cuda
bsrnet,ami,044,zoom,044_zoom,5,4,144,est,34.759898,0.899121,32.736297,0.962703,4,0.064696,33.843187,38.707232,33.512372,0.892267,0.219901,0.311665,12.459,cuda
bsrnet,ami,045,back,045_back,2,4,144,est,32.882322,0.856872,30.787732,0.941102,4,0.090049,32.076424,36.979632,32.274151,0.865139,0.270695,0.336643,12.467,cuda
bsrnet,ami,045,down,045_down,2,4,144,est,34.631829,0.879065,32.631601,0.955278,4,0.079357,33.385276,39.101362,35.122078,0.908468,0.322749,0.32471,12.463,cuda
bsrnet,ami,045,front,045_front,2,4,144,est,35.399277,0.905376,33.328272,0.969105,4,0.058882,34.051396,40.626235,35.615815,0.929627,0.277192,0.307254,12.453,cuda
bsrnet,ami,045,left,045_left,2,4,144,est,35.930597,0.902221,33.734196,0.96138,4,0.066112,35.085083,39.815065,36.371136,0.921642,0.310776,0.315083,12.476,cuda
bsrnet,ami,045,right,045_right,2,4,144,est,34.705388,0.904101,32.729283,0.965224,4,0.067054,33.31787,39.244385,34.582666,0.921852,0.218679,0.28338,12.461,cuda
bsrnet,ami,045,up,045_up,2,4,144,est,35.051261,0.905392,32.990811,0.966898,4,0.065508,34.050112,39.365983,35.539078,0.930542,0.223475,0.298771,12.446,cuda
bsrnet,ami,045,zoom,045_zoom,2,4,144,est,35.560715,0.907456,33.232924,0.958084,4,0.075038,35.008909,38.919158,34.911864,0.909612,0.238346,0.30321,12.468,cuda
bsrnet,ami,046,back,046_back,5,4,144,est,35.050139,0.920274,32.973048,0.973778,4,0.042941,33.521955,39.490767,35.126144,0.915905,0.196822,0.271076,12.453,cuda
bsrnet,ami,046,down,046_down,5,4,144,est,34.805524,0.903985,32.692569,0.955862,4,0.064816,34.671446,37.951255,33.147491,0.891862,0.257013,0.309211,12.475,cuda
bsrnet,ami,046,front,046_front,5,4,144,est,35.490636,0.907829,33.345856,0.963715,4,0.057513,34.862426,39.266509,34.083616,0.896636,0.228168,0.309627,12.461,cuda
bsrnet,ami,046,left,046_left,5,4,144,est,36.856313,0.926625,34.699875,0.968881,4,0.047954,36.637255,40.034574,35.506439,0.917258,0.224912,0.304762,12.464,cuda
bsrnet,ami,046,right,046_right,5,4,144,est,35.15263,0.920395,33.272822,0.971463,4,0.051235,33.675091,39.547128,33.373497,0.906606,0.194349,0.273753,12.475,cuda
bsrnet,ami,046,up,046_up,5,4,144,est,33.977433,0.878574,31.712822,0.953607,4,0.070691,33.29985,38.040594,32.855009,0.868683,0.284634,0.29893,12.499,cuda
bsrnet,ami,046,zoom,046_zoom,5,4,144,est,34.658068,0.898162,32.367606,0.953401,4,0.067558,34.886601,37.563758,33.391557,0.889026,0.234488,0.295184,12.469,cuda
bsrnet,ami,047,back,047_back,3,4,144,est,34.533895,0.883266,32.549892,0.950333,4,0.083264,33.479274,38.527507,33.267504,0.880084,0.240256,0.310284,12.465,cuda
bsrnet,ami,047,down,047_down,3,4,144,est,34.488572,0.867563,32.517195,0.948615,4,0.084574,33.260075,38.741282,34.19757,0.893791,0.275421,0.331799,12.458,cuda
bsrnet,ami,047,front,047_front,3,4,144,est,34.615767,0.871794,32.498881,0.945912,4,0.086271,33.466957,38.503307,34.01041,0.88953,0.280505,0.337154,12.458,cuda
bsrnet,ami,047,left,047_left,3,4,144,est,35.097886,0.873637,33.165872,0.955279,4,0.07495,33.565518,40.119744,34.947685,0.899888,0.266987,0.316723,12.459,cuda
bsrnet,ami,047,right,047_right,3,4,144,est,36.928863,0.916925,34.723388,0.974275,4,0.044212,35.528947,42.020108,36.624239,0.934557,0.222851,0.304306,12.457,cuda
bsrnet,ami,047,up,047_up,3,4,144,est,34.212658,0.859531,32.224426,0.941402,4,0.090892,33.077062,38.613195,33.736831,0.884614,0.289664,0.331358,12.46,cuda
bsrnet,ami,047,zoom,047_zoom,3,4,144,est,35.530147,0.896802,33.20506,0.954743,4,0.07698,34.989955,38.938183,35.302415,0.914759,0.240497,0.325459,12.467,cuda
bsrnet,ami,048,back,048_back,1,4,144,est,34.032054,0.878205,31.804178,0.951094,4,0.082877,32.614802,38.174255,32.580338,0.858524,0.260113,0.297617,12.464,cuda
bsrnet,ami,048,down,048_down,1,4,144,est,35.693118,0.911994,33.608948,0.966377,4,0.058149,34.638349,39.468594,34.640735,0.911766,0.233525,0.29098,12.469,cuda
bsrnet,ami,048,front,048_front,1,4,144,est,34.305648,0.891241,32.240743,0.953822,4,0.074849,33.653645,37.332961,33.069936,0.868043,0.275253,0.339331,12.463,cuda
bsrnet,ami,048,left,048_left,1,4,144,est,35.358859,0.90586,33.214372,0.955885,4,0.066328,34.698005,38.753586,33.982783,0.881164,0.271364,0.358398,12.449,cuda
bsrnet,ami,048,right,048_right,1,4,144,est,34.258242,0.893993,32.087565,0.955001,4,0.071241,33.365979,37.8365,32.59713,0.866755,0.229449,0.309744,12.473,cuda
bsrnet,ami,048,up,048_up,1,4,144,est,35.326596,0.91539,33.278099,0.969993,4,0.055078,34.18485,39.832673,34.840353,0.91383,0.221798,0.308587,12.471,cuda
bsrnet,ami,048,zoom,048_zoom,1,4,144,est,35.262532,0.919929,33.231952,0.963236,4,0.058184,34.895571,38.131823,34.089093,0.912089,0.218689,0.307265,12.466,cuda
bsrnet,ami,051,back,051_back,4,4,144,est,33.264359,0.876493,31.290479,0.951998,4,0.076189,32.44664,37.546575,31.945231,0.868574,0.280266,0.357865,12.467,cuda
bsrnet,ami,051,down,051_down,4,4,144,est,33.532561,0.87398,31.526173,0.94738,4,0.08528,32.809482,37.128994,33.559518,0.89289,0.291903,0.327088,12.465,cuda
bsrnet,ami,051,front,051_front,4,4,144,est,33.434021,0.869967,31.520111,0.94599,4,0.089842,32.631736,37.163074,33.410129,0.881799,0.322341,0.342458,12.476,cuda
bsrnet,ami,051,left,051_left,4,4,144,est,36.891338,0.921348,34.550851,0.972714,4,0.058112,35.559505,41.686887,37.062649,0.93805,0.256569,0.298943,12.47,cuda
bsrnet,ami,051,right,051_right,4,4,144,est,33.901522,0.881458,31.907318,0.950431,4,0.077873,32.854318,37.773264,32.235068,0.857268,0.2775,0.308622,12.448,cuda
bsrnet,ami,051,up,051_up,4,4,144,est,33.395389,0.873294,31.424932,0.949474,4,0.080354,32.653418,37.248446,33.464346,0.889358,0.312225,0.322543,12.464,cuda
bsrnet,ami,051,zoom,051_zoom,4,4,144,est,36.201039,0.923427,33.960197,0.969045,4,0.057116,35.69645,39.66628,36.080781,0.930177,0.231248,0.312414,12.469,cuda
bsrnet,ami,052,back,052_back,1,4,144,est,33.646127,0.877914,31.655897,0.953435,4,0.076816,32.373289,37.657648,32.909676,0.883229,0.205425,0.322952,12.454,cuda
bsrnet,ami,052,down,052_down,1,4,144,est,34.714769,0.894934,32.810512,0.970243,4,0.056646,33.367134,39.432811,33.761942,0.891019,0.194988,0.306751,12.464,cuda
bsrnet,ami,052,front,052_front,1,4,144,est,34.449466,0.882776,32.508348,0.959898,4,0.0681,33.41483,38.575069,32.919416,0.86614,0.210305,0.312852,12.449,cuda
bsrnet,ami,052,left,052_left,1,4,144,est,34.84272,0.897033,32.924527,0.962291,4,0.064075,34.209981,38.416823,33.392581,0.88461,0.24158,0.311625,12.467,cuda
bsrnet,ami,052,right,052_right,1,4,144,est,34.314331,0.89643,32.336978,0.963062,4,0.069355,33.132798,38.32819,32.821687,0.881412,0.199287,0.282135,12.452,cuda
bsrnet,ami,052,up,052_up,1,4,144,est,36.380326,0.914162,34.249554,0.975317,4,0.047169,34.889065,41.728981,35.69013,0.924601,0.214631,0.28485,12.462,cuda
bsrnet,ami,052,zoom,052_zoom,1,4,144,est,34.38483,0.901127,32.309923,0.962094,4,0.06842,33.494087,37.786081,33.427786,0.88719,0.18558,0.284008,12.453,cuda
bsrnet,ami,053,back,053_back,3,4,144,est,35.508281,0.900425,33.344869,0.967625,4,0.057187,34.274091,40.022193,35.318751,0.911291,0.194453,0.277341,12.465,cuda
bsrnet,ami,053,down,053_down,3,4,144,est,34.382779,0.884924,32.35575,0.961561,4,0.059824,33.280912,38.914094,34.358206,0.90867,0.239745,0.312029,12.465,cuda
bsrnet,ami,053,front,053_front,3,4,144,est,33.55702,0.855496,31.497713,0.935974,4,0.09338,33.060761,37.110594,32.92514,0.844597,0.261445,0.318137,12.467,cuda
bsrnet,ami,053,left,053_left,3,4,144,est,33.93721,0.877481,32.039171,0.951209,4,0.073655,33.307704,37.842864,32.954323,0.873421,0.276949,0.334849,12.446,cuda
bsrnet,ami,053,right,053_right,3,4,144,est,34.57661,0.892033,32.573603,0.960203,4,0.062543,33.716054,38.435576,33.171909,0.870613,0.209551,0.296006,12.465,cuda
bsrnet,ami,053,up,053_up,3,4,144,est,33.585937,0.856506,31.499757,0.940499,4,0.076182,32.982638,37.381587,32.741538,0.851917,0.287526,0.316715,12.47,cuda
bsrnet,ami,053,zoom,053_zoom,3,4,144,est,35.244692,0.901946,33.055739,0.966334,4,0.055406,34.39972,39.420841,35.337581,0.911635,0.212385,0.28409,12.467,cuda
bsrnet,ami,054,back,054_back,3,4,144,est,33.414509,0.881161,31.075344,0.948074,4,0.072131,32.460177,37.26613,32.077729,0.869473,0.247775,0.324183,12.468,cuda
bsrnet,ami,054,down,054_down,3,4,144,est,34.122821,0.890802,31.896542,0.95545,4,0.073657,32.755086,38.294487,33.222711,0.886402,0.275457,0.310838,12.46,cuda
bsrnet,ami,054,front,054_front,3,4,144,est,34.552845,0.895402,32.572601,0.960794,4,0.067099,33.424029,38.758292,33.509438,0.888805,0.234246,0.278891,12.461,cuda
bsrnet,ami,054,left,054_left,3,4,144,est,34.02607,0.881497,32.067545,0.945625,4,0.079599,33.89839,37.095007,32.835874,0.875836,0.280609,0.316856,12.459,cuda
bsrnet,ami,054,right,054_right,3,4,144,est,34.098708,0.880809,32.214464,0.951123,4,0.073427,33.549079,37.73348,32.606777,0.855988,0.274117,0.302643,12.459,cuda
bsrnet,ami,054,up,054_up,3,4,144,est,32.875094,0.871344,30.336214,0.950756,4,0.075056,31.284709,37.930183,32.333248,0.854415,0.287232,0.319118,12.454,cuda
bsrnet,ami,054,zoom,054_zoom,3,4,144,est,34.443513,0.896647,32.228038,0.956893,4,0.077236,33.035177,38.630517,33.602389,0.889346,0.230984,0.308543,12.468,cuda
bsrnet,ami,055,back,055_back,2,4,144,est,36.961817,0.922573,34.647279,0.972937,4,0.048764,35.281551,42.041866,35.230251,0.912141,0.190082,0.279219,12.469,cuda
bsrnet,ami,055,down,055_down,2,4,144,est,34.551968,0.885784,32.411626,0.954073,4,0.068692,33.189435,38.75123,32.757456,0.865663,0.25372,0.303525,12.467,cuda
bsrnet,ami,055,front,055_front,2,4,144,est,35.662314,0.918507,33.60284,0.969757,4,0.048208,34.297778,39.618792,34.272737,0.913134,0.197896,0.277148,12.466,cuda
bsrnet,ami,055,left,055_left,2,4,144,est,34.740814,0.893327,32.741962,0.955117,4,0.069749,33.619691,38.46942,32.903334,0.872253,0.265555,0.303952,12.475,cuda
bsrnet,ami,055,right,055_right,2,4,144,est,35.211798,0.917288,33.273168,0.966492,4,0.057891,34.044924,38.934296,33.621604,0.894852,0.180229,0.297507,12.461,cuda
bsrnet,ami,055,up,055_up,2,4,144,est,34.388285,0.888669,32.189519,0.953536,4,0.07375,33.156355,38.653202,32.632172,0.859949,0.261894,0.297827,12.471,cuda
bsrnet,ami,055,zoom,055_zoom,2,4,144,est,34.443442,0.902162,32.231145,0.953774,4,0.071167,33.725092,37.601636,32.846592,0.886341,0.214199,0.294014,12.449,cuda
bsrnet,ami,056,back,056_back,4,4,144,est,32.622984,0.869126,30.785059,0.942878,4,0.09174,30.889904,36.79796,31.036997,0.826969,0.248019,0.328091,12.471,cuda
bsrnet,ami,056,down,056_down,4,4,144,est,33.323314,0.875214,31.447906,0.9456,4,0.085229,32.765735,36.646515,31.839472,0.859692,0.253694,0.312324,12.466,cuda
bsrnet,ami,056,front,056_front,4,4,144,est,33.473401,0.884026,31.48521,0.950399,4,0.079246,32.943492,36.888067,31.894716,0.871739,0.248213,0.310702,12.459,cuda
bsrnet,ami,056,left,056_left,4,4,144,est,36.141301,0.924856,34.040246,0.969893,4,0.048948,35.6143,39.529728,34.982725,0.92041,0.197704,0.272225,12.468,cuda
bsrnet,ami,056,right,056_right,4,4,144,est,34.106171,0.904084,32.084581,0.961446,4,0.068334,32.83584,37.886049,32.036426,0.862174,0.205296,0.318715,12.466,cuda
bsrnet,ami,056,up,056_up,4,4,144,est,32.660028,0.868275,30.862303,0.944564,4,0.084043,31.651183,36.580313,31.787291,0.859973,0.271578,0.305584,12.463,cuda
bsrnet,ami,056,zoom,056_zoom,4,4,144,est,35.076823,0.91946,32.99121,0.968708,4,0.057709,33.690881,38.978429,34.118107,0.919279,0.177557,0.269783,12.457,cuda
bsrnet,ami,057,back,057_back,5,4,144,est,33.612206,0.884765,31.527902,0.955939,4,0.085685,32.300767,37.708523,32.960187,0.894093,0.234045,0.296019,12.462,cuda
bsrnet,ami,057,down,057_down,5,4,144,est,35.426456,0.914046,33.471954,0.969874,4,0.055298,34.224977,39.663551,34.624487,0.928204,0.239923,0.304653,12.458,cuda
bsrnet,ami,057,front,057_front,5,4,144,est,35.082939,0.900847,33.170303,0.967649,4,0.058841,33.939687,39.998699,34.904297,0.92483,0.216319,0.292781,12.448,cuda
bsrnet,ami,057,left,057_left,5,4,144,est,34.790667,0.900912,32.801728,0.962949,4,0.067816,34.194783,38.368768,34.054388,0.90917,0.280018,0.317492,12.459,cuda
bsrnet,ami,057,right,057_right,5,4,144,est,35.335533,0.918922,33.362354,0.972977,4,0.047386,34.113904,39.59832,34.463615,0.920612,0.215204,0.290246,12.468,cuda
bsrnet,ami,057,up,057_up,5,4,144,est,32.869896,0.866928,30.983135,0.948391,4,0.086072,31.452405,37.197844,33.623443,0.882627,0.247434,0.319504,12.467,cuda
bsrnet,ami,057,zoom,057_zoom,5,4,144,est,36.114548,0.930985,34.11387,0.976119,4,0.049756,34.439749,40.661541,35.701513,0.942196,0.19604,0.265548,12.456,cuda
bsrnet,ami,058,back,058_back,5,4,144,est,34.755773,0.903166,32.575207,0.96188,4,0.066283,34.25804,38.230376,33.022798,0.876193,0.20837,0.284111,12.451,cuda
bsrnet,ami,058,down,058_down,5,4,144,est,34.06282,0.894388,32.041001,0.959121,4,0.072098,33.833341,37.516532,33.48456,0.892133,0.256974,0.327254,12.469,cuda
bsrnet,ami,058,front,058_front,5,4,144,est,34.218978,0.900614,32.126714,0.958649,4,0.069366,33.726258,37.61705,33.504896,0.894954,0.23399,0.327353,12.46,cuda
bsrnet,ami,058,left,058_left,5,4,144,est,36.276046,0.930682,34.279775,0.97448,4,0.04635,35.558519,40.171356,35.650061,0.933115,0.211884,0.302551,12.455,cuda
bsrnet,ami,058,right,058_right,5,4,144,est,34.675072,0.90879,32.861236,0.96596,4,0.05853,33.564279,38.37806,33.235554,0.893382,0.216309,0.310883,12.45,cuda
bsrnet,ami,058,up,058_up,5,4,144,est,33.490138,0.883408,31.613769,0.950718,4,0.076342,33.109098,36.839931,33.000018,0.881927,0.257172,0.331182,12.473,cuda
bsrnet,ami,058,zoom,058_zoom,5,4,144,est,34.533481,0.905861,32.289264,0.958666,4,0.067827,34.314489,37.691411,33.741569,0.899719,0.218863,0.299266,12.46,cuda
bsrnet,ami,059,back,059_back,3,4,144,est,36.702357,0.926183,34.629451,0.974069,4,0.046857,35.374851,41.122787,35.663331,0.931612,0.197732,0.284679,12.457,cuda
bsrnet,ami,059,down,059_down,3,4,144,est,35.942624,0.920612,33.878173,0.967881,4,0.053657,35.580845,39.12487,34.875356,0.915587,0.196394,0.303021,12.472,cuda
bsrnet,ami,059,front,059_front,3,4,144,est,35.650173,0.918798,33.728865,0.967494,4,0.054077,34.853833,39.015827,34.91086,0.923676,0.198753,0.309313,12.471,cuda
bsrnet,ami,059,left,059_left,3,4,144,est,35.378353,0.918944,33.437212,0.961207,4,0.069701,34.439453,38.404185,33.67234,0.911442,0.222463,0.323814,12.459,cuda
bsrnet,ami,059,right,059_right,3,4,144,est,36.578516,0.933767,34.525722,0.977877,4,0.043506,35.405928,40.491239,36.009328,0.92906,0.172997,0.276276,12.465,cuda
bsrnet,ami,059,up,059_up,3,4,144,est,36.064846,0.917165,33.971956,0.972279,4,0.047749,34.906745,40.234105,35.674468,0.926498,0.213266,0.256653,12.464,cuda
bsrnet,ami,059,zoom,059_zoom,3,4,144,est,36.797669,0.938325,34.582559,0.975154,4,0.041923,36.279993,39.770556,36.548994,0.939344,0.174193,0.286102,12.464,cuda
bsrnet,ami,061,back,061_back,2,4,144,est,35.884896,0.903276,33.7785,0.964009,4,0.068438,34.880283,40.025244,34.271255,0.884836,0.238354,0.317874,12.477,cuda
bsrnet,ami,061,down,061_down,2,4,144,est,33.865027,0.881815,31.936739,0.948193,4,0.081126,33.330964,36.803163,32.409341,0.884279,0.276512,0.331608,12.473,cuda
bsrnet,ami,061,front,061_front,2,4,144,est,34.509564,0.885089,32.498829,0.952094,4,0.075096,34.065633,37.596373,33.435293,0.87608,0.274629,0.336279,12.465,cuda
bsrnet,ami,061,left,061_left,2,4,144,est,35.32992,0.897724,33.455597,0.957448,4,0.066835,34.793812,38.88001,34.301504,0.893026,0.269794,0.322084,12.473,cuda
bsrnet,ami,061,right,061_right,2,4,144,est,35.703292,0.9097,33.519699,0.95906,4,0.066536,34.801099,39.238721,33.728247,0.879012,0.233788,0.31327,12.465,cuda
bsrnet,ami,061,up,061_up,2,4,144,est,35.365186,0.906218,33.407399,0.961603,4,0.061065,35.002368,38.532109,34.463901,0.908943,0.255723,0.313391,12.463,cuda
bsrnet,ami,061,zoom,061_zoom,2,4,144,est,36.024601,0.924124,34.010566,0.969506,4,0.052921,35.050711,39.647975,34.670946,0.920412,0.219303,0.287879,12.467,cuda
bsrnet,ami,062,back,062_back,3,4,144,est,34.514449,0.897479,32.548627,0.96046,4,0.06614,33.69727,38.392674,35.269805,0.927968,0.21588,0.292175,12.451,cuda
bsrnet,ami,062,down,062_down,3,4,144,est,35.510015,0.896191,33.38645,0.96865,4,0.056933,34.454406,40.541564,36.343636,0.932045,0.294407,0.300486,12.47,cuda
bsrnet,ami,062,front,062_front,3,4,144,est,34.837113,0.889172,32.859378,0.965094,4,0.059839,33.402203,40.115003,36.112932,0.930792,0.286979,0.324647,12.466,cuda
bsrnet,ami,062,left,062_left,3,4,144,est,34.381918,0.88274,32.292388,0.951826,4,0.074009,34.383831,37.399767,34.105697,0.900745,0.325704,0.336812,12.464,cuda
bsrnet,ami,062,right,062_right,3,4,144,est,34.570374,0.879536,32.489094,0.953538,4,0.067464,33.682354,38.839066,34.32637,0.893823,0.295149,0.326302,12.469,cuda
bsrnet,ami,062,up,062_up,3,4,144,est,34.134395,0.890765,32.170188,0.969103,4,0.053547,32.232464,41.370663,36.253879,0.920689,0.283749,0.297381,12.466,cuda
bsrnet,ami,062,zoom,062_zoom,3,4,144,est,35.695038,0.911241,33.527591,0.970412,4,0.051908,34.667075,40.159143,36.915139,0.934122,0.262267,0.312221,12.462,cuda
bsrnet,ami,063,back,063_back,4,4,144,est,35.180273,0.895908,32.911086,0.955291,4,0.074109,34.122075,39.042905,33.372783,0.874312,0.267411,0.317977,12.468,cuda
bsrnet,ami,063,down,063_down,4,4,144,est,34.263176,0.880922,32.155739,0.952724,4,0.077613,32.875213,38.454389,33.121185,0.890742,0.291584,0.327122,12.471,cuda
bsrnet,ami,063,front,063_front,4,4,144,est,35.570161,0.905675,33.433007,0.964841,4,0.054203,34.357486,39.68935,34.495507,0.917538,0.252046,0.308444,12.469,cuda
bsrnet,ami,063,left,063_left,4,4,144,est,35.063712,0.8991,32.945482,0.953976,4,0.070971,34.312694,38.305223,33.684091,0.893466,0.271023,0.340705,12.46,cuda
bsrnet,ami,063,right,063_right,4,4,144,est,33.813075,0.881363,31.894737,0.950803,4,0.075702,32.475354,37.774757,31.893548,0.875211,0.291822,0.351134,12.466,cuda
bsrnet,ami,063,up,063_up,4,4,144,est,34.789215,0.887563,32.836171,0.955995,4,0.07004,33.682103,38.455933,34.116031,0.901822,0.275489,0.334084,12.459,cuda
bsrnet,ami,063,zoom,063_zoom,4,4,144,est,35.879963,0.924209,33.716395,0.967491,4,0.05054,35.119525,39.110154,34.526538,0.924745,0.230417,0.292595,12.444,cuda
bsrnet,ami,064,back,064_back,5,4,144,est,34.489256,0.872207,32.25519,0.950549,4,0.071765,33.43147,38.924333,32.908713,0.857146,0.299461,0.320102,12.46,cuda
bsrnet,ami,064,down,064_down,5,4,144,est,33.862099,0.861659,31.913174,0.948927,4,0.079933,32.60239,38.135568,32.924357,0.882145,0.321928,0.312144,12.461,cuda
bsrnet,ami,064,front,064_front,5,4,144,est,33.7383,0.861872,31.705895,0.93916,4,0.087746,32.831809,37.045934,32.202705,0.851428,0.292666,0.312243,12.465,cuda
bsrnet,ami,064,left,064_left,5,4,144,est,34.845635,0.88295,32.881118,0.95614,4,0.074934,33.716945,38.884299,33.897075,0.890944,0.287921,0.288983,12.464,cuda
bsrnet,ami,064,right,064_right,5,4,144,est,35.802156,0.897304,33.869355,0.966369,4,0.059096,34.311143,40.696654,34.801614,0.896879,0.266543,0.30529,12.456,cuda
bsrnet,ami,064,up,064_up,5,4,144,est,35.180989,0.889385,33.237475,0.962137,4,0.062067,34.062904,39.638788,34.207602,0.89471,0.249811,0.257006,12.446,cuda
bsrnet,ami,064,zoom,064_zoom,5,4,144,est,35.739419,0.911505,33.538826,0.96898,4,0.04912,34.478445,39.939176,34.86642,0.918781,0.225131,0.270536,12.465,cuda
bsrnet,ami,065,back,065_back,3,4,144,est,34.596093,0.890584,32.552152,0.963225,4,0.068237,32.862398,39.408937,34.056355,0.910131,0.23889,0.287427,12.457,cuda
bsrnet,ami,065,down,065_down,3,4,144,est,35.326726,0.916994,33.407325,0.972134,4,0.053193,34.438346,38.760716,35.142104,0.933246,0.226554,0.285737,12.483,cuda
bsrnet,ami,065,front,065_front,3,4,144,est,33.648321,0.877438,31.768363,0.951406,4,0.082819,32.663574,37.334762,32.915452,0.883548,0.307379,0.320045,12.461,cuda
bsrnet,ami,065,left,065_left,3,4,144,est,37.322141,0.927546,35.199205,0.976041,4,0.047111,36.018062,41.85226,37.41236,0.942003,0.246283,0.286838,12.458,cuda
bsrnet,ami,065,right,065_right,3,4,144,est,34.974354,0.903258,33.046135,0.966359,4,0.063622,33.866865,38.977814,34.557662,0.90756,0.235449,0.283141,12.456,cuda
bsrnet,ami,065,up,065_up,3,4,144,est,34.88274,0.903844,33.032245,0.969066,4,0.056879,33.680396,39.03492,35.246348,0.930575,0.241109,0.2809,12.46,cuda
bsrnet,ami,065,zoom,065_zoom,3,4,144,est,34.479229,0.911286,32.505736,0.955089,4,0.071042,34.325314,36.773908,33.369077,0.911005,0.24524,0.299711,12.443,cuda
bsrnet,ami,066,back,066_back,4,4,144,est,34.60502,0.896983,32.375095,0.955716,4,0.075641,34.213899,37.686405,33.181898,0.883474,0.205009,0.317827,12.46,cuda
bsrnet,ami,066,down,066_down,4,4,144,est,36.400877,0.920073,34.180545,0.971718,4,0.05041,34.965879,41.24626,35.240146,0.922599,0.226885,0.286936,12.449,cuda
bsrnet,ami,066,front,066_front,4,4,144,est,34.358494,0.886916,32.276136,0.947785,4,0.077217,33.973085,37.844895,32.761341,0.86671,0.264177,0.318188,12.456,cuda
bsrnet,ami,066,left,066_left,4,4,144,est,35.405635,0.908457,33.320117,0.958694,4,0.063098,34.916003,38.736066,33.722195,0.89239,0.262736,0.326237,12.46,cuda
bsrnet,ami,066,right,066_right,4,4,144,est,35.944159,0.91863,33.870799,0.971008,4,0.049855,35.377232,39.340851,35.178821,0.914935,0.208335,0.287535,12.459,cuda
bsrnet,ami,066,up,066_up,4,4,144,est,35.752558,0.908771,33.658463,0.968265,4,0.055158,34.626228,40.246019,35.17881,0.915134,0.243578,0.276672,12.479,cuda
bsrnet,ami,066,zoom,066_zoom,4,4,144,est,35.801278,0.922528,33.811272,0.966287,4,0.053038,35.279105,38.951747,35.103455,0.926536,0.217145,0.304565,12.466,cuda
bsrnet,ami,067,back,067_back,2,4,144,est,34.195713,0.865211,31.861814,0.943305,4,0.07595,33.326097,38.013273,32.581076,0.854445,0.298681,0.30781,12.473,cuda
bsrnet,ami,067,down,067_down,2,4,144,est,34.381026,0.862093,32.094377,0.945417,4,0.074663,33.601721,38.632166,33.546827,0.861921,0.350773,0.331546,12.457,cuda
bsrnet,ami,067,front,067_front,2,4,144,est,36.035818,0.890116,33.48713,0.966886,4,0.052026,34.558819,42.074626,35.866629,0.909748,0.284312,0.288995,12.465,cuda
bsrnet,ami,067,left,067_left,2,4,144,est,34.753828,0.868597,32.60363,0.952167,4,0.066288,33.696814,39.096274,34.723947,0.896557,0.355078,0.334824,12.466,cuda
bsrnet,ami,067,right,067_right,2,4,144,est,34.079859,0.874622,31.944368,0.952412,4,0.078244,33.149054,37.978673,32.673433,0.85865,0.303344,0.336088,12.473,cuda
bsrnet,ami,067,up,067_up,2,4,144,est,34.183766,0.856843,31.808932,0.937945,4,0.078126,33.461712,38.127912,33.141152,0.846342,0.302164,0.303126,12.46,cuda
bsrnet,ami,067,zoom,067_zoom,2,4,144,est,36.545194,0.906202,33.806137,0.969694,4,0.044816,35.283917,41.680216,36.586578,0.922118,0.281991,0.30358,12.463,cuda
bsrnet,ami,068,back,068_back,2,4,144,est,33.043826,0.839573,31.036323,0.931661,4,0.103057,32.125112,36.619478,32.03857,0.848627,0.297366,0.346963,12.474,cuda
bsrnet,ami,068,down,068_down,2,4,144,est,34.607231,0.892197,32.507415,0.964256,4,0.060484,33.769492,38.892993,34.539911,0.913509,0.253095,0.295564,12.468,cuda
bsrnet,ami,068,front,068_front,2,4,144,est,34.623994,0.88999,32.585781,0.961414,4,0.067468,33.745006,38.547494,34.44533,0.903899,0.261516,0.319867,12.467,cuda
bsrnet,ami,068,left,068_left,2,4,144,est,35.40442,0.903578,33.358643,0.967979,4,0.056835,34.85189,39.281374,35.730595,0.926085,0.256065,0.320583,12.457,cuda
bsrnet,ami,068,right,068_right,2,4,144,est,33.678963,0.875843,31.731606,0.952798,4,0.080742,32.820361,37.221291,32.145531,0.861234,0.259666,0.32462,12.463,cuda
bsrnet,ami,068,up,068_up,2,4,144,est,34.906121,0.892562,32.821591,0.967757,4,0.061977,33.903398,39.75032,35.097617,0.915249,0.247718,0.301164,12.47,cuda
bsrnet,ami,068,zoom,068_zoom,2,4,144,est,36.583816,0.929313,34.249358,0.976014,4,0.047055,35.844571,40.452166,36.597272,0.939647,0.206925,0.294921,12.47,cuda
bsrnet,ami,069,back,069_back,4,4,144,est,33.049302,0.870179,31.008251,0.948854,4,0.080224,31.806261,36.602443,31.19015,0.850457,0.224323,0.311451,12.453,cuda
bsrnet,ami,069,down,069_down,4,4,144,est,33.473532,0.881955,31.661832,0.960954,4,0.066255,31.879691,37.958914,33.034428,0.900761,0.257684,0.306262,12.475,cuda
bsrnet,ami,069,front,069_front,4,4,144,est,34.36221,0.892767,32.527443,0.966404,4,0.054898,32.968868,38.750313,32.757754,0.884664,0.233248,0.295449,12.454,cuda
bsrnet,ami,069,left,069_left,4,4,144,est,35.121074,0.906491,33.198852,0.969808,4,0.05097,33.695133,40.313789,33.402515,0.894267,0.218084,0.294209,12.463,cuda
bsrnet,ami,069,right,069_right,4,4,144,est,33.8603,0.895003,31.903764,0.960153,4,0.064989,32.778134,37.764171,31.808378,0.854647,0.224312,0.300043,12.458,cuda
bsrnet,ami,069,up,069_up,4,4,144,est,32.493558,0.870873,30.739472,0.954905,4,0.076772,31.011768,36.584754,31.332284,0.856138,0.247725,0.305379,12.47,cuda
bsrnet,ami,069,zoom,069_zoom,4,4,144,est,34.038202,0.885316,32.042079,0.958571,4,0.06712,33.305842,37.46322,33.566804,0.887573,0.217797,0.305548,12.474,cuda
bsrnet,ami,070,back,070_back,3,4,144,est,34.190338,0.883221,31.908005,0.950314,4,0.081466,33.068613,38.17156,33.01462,0.858148,0.206827,0.277351,12.484,cuda
bsrnet,ami,070,down,070_down,3,4,144,est,32.348345,0.854961,30.474794,0.943447,4,0.09695,31.965496,35.508393,32.252236,0.86359,0.276505,0.338174,12.466,cuda
bsrnet,ami,070,front,070_front,3,4,144,est,33.896768,0.892725,32.028306,0.962931,4,0.067775,33.250374,37.15069,33.713836,0.902257,0.217719,0.309982,12.465,cuda
bsrnet,ami,070,left,070_left,3,4,144,est,33.689601,0.881445,31.88413,0.951433,4,0.083078,32.948548,37.147593,32.722419,0.88605,0.287233,0.32977,12.465,cuda
bsrnet,ami,070,right,070_right,3,4,144,est,33.653103,0.886284,31.760003,0.952004,4,0.075219,32.692314,37.056582,32.522596,0.859257,0.210772,0.315509,12.465,cuda
bsrnet,ami,070,up,070_up,3,4,144,est,34.702663,0.896544,32.703522,0.96551,4,0.060181,33.695429,38.688408,34.575444,0.900698,0.223727,0.292381,12.455,cuda
bsrnet,ami,070,zoom,070_zoom,3,4,144,est,34.304694,0.896816,32.069151,0.955375,4,0.074656,33.936594,37.30046,34.115395,0.894418,0.206421,0.279418,12.461,cuda
bsrnet,ami,071,back,071_back,2,4,144,est,34.528328,0.886976,32.44833,0.95784,4,0.079221,33.144584,38.66485,34.221142,0.893397,0.232595,0.3207,12.442,cuda
bsrnet,ami,071,down,071_down,2,4,144,est,32.795574,0.864109,30.804951,0.953398,4,0.090015,31.431108,37.258805,32.691654,0.881124,0.270822,0.325699,12.466,cuda
bsrnet,ami,071,front,071_front,2,4,144,est,32.367403,0.859293,30.39779,0.947464,4,0.093137,31.445859,36.305403,31.967631,0.87412,0.301209,0.328368,12.465,cuda
bsrnet,ami,071,left,071_left,2,4,144,est,32.825926,0.865006,30.822337,0.946045,4,0.086371,31.76644,36.58706,32.416442,0.870325,0.281962,0.310942,12.457,cuda
bsrnet,ami,071,right,071_right,2,4,144,est,33.358087,0.872309,31.411115,0.951884,4,0.082838,32.17296,37.01863,31.985616,0.859857,0.255535,0.307721,12.481,cuda
bsrnet,ami,071,up,071_up,2,4,144,est,32.268434,0.850347,30.317575,0.947407,4,0.09233,31.245403,36.310107,32.244488,0.868503,0.275076,0.308654,12.465,cuda
bsrnet,ami,071,zoom,071_zoom,2,4,144,est,33.219487,0.888356,31.255564,0.955839,4,0.085475,32.272859,36.578969,33.79628,0.905158,0.249596,0.305057,12.465,cuda
bsrnet,ami,072,back,072_back,1,4,144,est,35.548232,0.906136,33.24498,0.958218,4,0.067942,35.135656,38.758877,33.856848,0.892229,0.234743,0.331559,12.453,cuda
bsrnet,ami,072,down,072_down,1,4,144,est,35.664058,0.902235,33.546539,0.955105,4,0.071659,35.263929,39.122036,34.334157,0.894621,0.224636,0.306188,12.466,cuda
bsrnet,ami,072,front,072_front,1,4,144,est,35.604592,0.910044,33.577365,0.95693,4,0.068114,35.675836,38.525766,34.181223,0.890501,0.212581,0.297106,12.482,cuda
bsrnet,ami,072,left,072_left,1,4,144,est,36.775688,0.920714,34.600857,0.97093,4,0.048833,35.688193,41.022182,35.92041,0.92408,0.251866,0.298553,12.473,cuda
bsrnet,ami,072,right,072_right,1,4,144,est,35.777722,0.919375,33.708794,0.961213,4,0.065727,35.958295,38.398562,33.922174,0.882442,0.184135,0.301899,12.466,cuda
bsrnet,ami,072,up,072_up,1,4,144,est,35.661818,0.909157,33.534913,0.957361,4,0.066468,35.573727,38.71567,33.896506,0.88322,0.226464,0.332847,12.468,cuda
bsrnet,ami,072,zoom,072_zoom,1,4,144,est,37.434719,0.94109,35.173005,0.974589,4,0.0377,37.481339,40.374008,36.522711,0.944663,0.157869,0.249248,12.451,cuda
bsrnet,ami,073,back,073_back,1,4,144,est,35.495065,0.914909,33.456495,0.965248,4,0.05517,34.801938,38.981392,33.985308,0.905124,0.214224,0.283061,12.464,cuda
bsrnet,ami,073,down,073_down,1,4,144,est,33.458043,0.884263,31.517265,0.951893,4,0.078712,33.143569,36.533271,32.416093,0.87644,0.281873,0.321875,12.465,cuda
bsrnet,ami,073,front,073_front,1,4,144,est,33.73948,0.881453,31.829563,0.946097,4,0.077075,33.537643,36.899613,32.625344,0.870063,0.291639,0.333996,12.459,cuda
bsrnet,ami,073,left,073_left,1,4,144,est,34.716452,0.895437,32.814211,0.952596,4,0.075162,34.560381,38.053106,33.653524,0.882383,0.296956,0.33491,12.464,cuda
bsrnet,ami,073,right,073_right,1,4,144,est,34.163472,0.894968,32.057786,0.952174,4,0.072507,33.437528,37.459489,32.631679,0.865622,0.26865,0.330941,12.459,cuda
bsrnet,ami,073,up,073_up,1,4,144,est,33.379038,0.86682,31.530967,0.945265,4,0.089003,32.67873,36.955637,32.872516,0.87267,0.269629,0.304079,12.451,cuda
bsrnet,ami,073,zoom,073_zoom,1,4,144,est,36.478359,0.927959,34.34935,0.970952,4,0.047902,36.234396,39.734266,35.576332,0.927316,0.20275,0.279395,12.467,cuda
bsrnet,ami,074,back,074_back,1,4,144,est,34.544492,0.876141,32.50519,0.948384,4,0.080109,34.048401,38.117418,33.583806,0.883558,0.290189,0.336272,12.466,cuda
bsrnet,ami,074,down,074_down,1,4,144,est,34.357075,0.871587,32.353282,0.949169,4,0.076868,33.194717,38.543559,34.532331,0.905966,0.288119,0.315361,12.468,cuda
bsrnet,ami,074,front,074_front,1,4,144,est,35.482142,0.888857,33.401995,0.964735,4,0.064937,34.203785,40.492494,36.253996,0.928342,0.261787,0.3035,12.468,cuda
bsrnet,ami,074,left,074_left,1,4,144,est,34.079186,0.86591,31.930964,0.942993,4,0.089562,33.449642,37.561275,34.273845,0.894354,0.326139,0.358677,12.471,cuda
bsrnet,ami,074,right,074_right,1,4,144,est,33.319935,0.878538,31.33928,0.953585,4,0.079501,32.791506,36.519203,33.194805,0.880895,0.266445,0.328146,12.467,cuda
bsrnet,ami,074,up,074_up,1,4,144,est,35.051465,0.881889,32.98503,0.96073,4,0.063891,34.042507,39.718165,35.700366,0.917381,0.269017,0.293082,12.466,cuda
bsrnet,ami,074,zoom,074_zoom,1,4,144,est,36.761461,0.920941,34.282224,0.975185,4,0.04399,35.651309,41.567074,37.217449,0.946074,0.244284,0.28457,12.452,cuda
bsrnet,ami,075,back,075_back,3,4,144,est,33.387959,0.849078,31.077387,0.932438,4,0.087955,32.784417,36.820511,33.182371,0.865805,0.292154,0.318244,12.466,cuda
bsrnet,ami,075,down,075_down,3,4,144,est,34.786004,0.886905,32.681238,0.9665,4,0.056965,33.049292,40.69683,35.445947,0.920788,0.283945,0.300535,12.463,cuda
bsrnet,ami,075,front,075_front,3,4,144,est,33.151528,0.840193,30.939031,0.9408,4,0.082732,32.077097,37.495993,33.931183,0.874685,0.321305,0.329238,12.478,cuda
bsrnet,ami,075,left,075_left,3,4,144,est,34.317513,0.873273,32.038657,0.947527,4,0.082258,33.711607,38.164839,34.854408,0.895328,0.30768,0.339697,12.477,cuda
bsrnet,ami,075,right,075_right,3,4,144,est,34.025978,0.881016,31.862046,0.95395,4,0.075653,33.393213,37.358792,33.757137,0.872049,0.249375,0.299545,12.463,cuda
bsrnet,ami,075,up,075_up,3,4,144,est,33.244727,0.84413,31.075981,0.941796,4,0.083777,32.115369,37.599936,33.874196,0.87987,0.309066,0.302183,12.454,cuda
bsrnet,ami,075,zoom,075_zoom,3,4,144,est,35.126341,0.905553,32.946107,0.964558,4,0.057605,34.352732,38.914418,35.645808,0.919767,0.246248,0.279943,12.463,cuda
bsrnet,ami,076,back,076_back,5,4,144,est,35.369233,0.910456,33.146345,0.966697,4,0.05372,34.252701,39.040787,34.472035,0.929217,0.187778,0.274503,12.456,cuda
bsrnet,ami,076,down,076_down,5,4,144,est,34.166868,0.879361,31.969637,0.951936,4,0.078955,33.242741,37.787184,33.058066,0.892416,0.263263,0.321806,12.461,cuda
bsrnet,ami,076,front,076_front,5,4,144,est,34.367694,0.881067,32.075074,0.949297,4,0.075177,33.743382,37.773419,33.648735,0.899699,0.262101,0.319778,12.459,cuda
bsrnet,ami,076,left,076_left,5,4,144,est,34.64404,0.884179,32.36066,0.953497,4,0.072796,33.844764,38.184013,33.402914,0.882133,0.296013,0.328724,12.467,cuda
bsrnet,ami,076,right,076_right,5,4,144,est,33.637353,0.871838,31.531627,0.945359,4,0.080821,32.185139,37.715318,32.198742,0.867491,0.282605,0.324299,12.448,cuda
bsrnet,ami,076,up,076_up,5,4,144,est,34.491835,0.87906,32.112762,0.953735,4,0.072203,33.054214,38.751419,33.960145,0.903712,0.275396,0.299713,12.444,cuda
bsrnet,ami,076,zoom,076_zoom,5,4,144,est,35.339281,0.913103,32.837836,0.963877,4,0.062315,34.436421,38.653787,34.789587,0.926077,0.237617,0.315634,12.469,cuda
bsrnet,ami,077,back,077_back,2,4,144,est,36.583483,0.913242,34.282855,0.964921,4,0.05299,35.333594,40.588569,35.187422,0.92027,0.194587,0.307387,12.463,cuda
bsrnet,ami,077,down,077_down,2,4,144,est,35.936255,0.886242,33.802185,0.959954,4,0.05424,34.815141,40.822325,34.949238,0.896398,0.291042,0.304249,12.461,cuda
bsrnet,ami,077,front,077_front,2,4,144,est,36.559758,0.896214,34.432639,0.964134,4,0.048889,34.907021,41.885229,35.338239,0.906725,0.24574,0.304031,12.459,cuda
bsrnet,ami,077,left,077_left,2,4,144,est,35.001706,0.886943,32.857117,0.951106,4,0.074033,34.685314,38.49922,33.675191,0.882404,0.274661,0.32024,12.448,cuda
bsrnet,ami,077,right,077_right,2,4,144,est,36.816544,0.92546,34.553731,0.973408,4,0.047658,35.041264,41.347082,34.815012,0.91323,0.177423,0.292599,12.462,cuda
bsrnet,ami,077,up,077_up,2,4,144,est,35.382737,0.879685,33.154015,0.951055,4,0.06232,34.601836,39.369601,33.987003,0.873942,0.290489,0.324912,12.446,cuda
bsrnet,ami,077,zoom,077_zoom,2,4,144,est,35.992323,0.900568,33.729569,0.957913,4,0.061097,35.1301,39.697465,34.647032,0.899944,0.232576,0.297364,12.502,cuda
bsrnet,ami,078,back,078_back,2,4,144,est,34.753174,0.885622,32.336011,0.952104,4,0.071626,33.864161,38.660912,33.537721,0.870724,0.227162,0.304639,12.474,cuda
bsrnet,ami,078,down,078_down,2,4,144,est,33.949105,0.858056,31.685234,0.940069,4,0.09575,33.061951,38.012376,33.27882,0.863589,0.317919,0.326618,12.451,cuda
bsrnet,ami,078,front,078_front,2,4,144,est,36.018099,0.912533,33.659497,0.969017,4,0.05628,34.724384,40.802283,35.194873,0.924377,0.221762,0.282273,12.462,cuda
bsrnet,ami,078,left,078_left,2,4,144,est,33.593016,0.860798,31.4637,0.935735,4,0.099807,32.876837,37.231087,32.345538,0.85484,0.303281,0.316392,12.465,cuda
bsrnet,ami,078,right,078_right,2,4,144,est,34.45995,0.888033,32.307364,0.948541,4,0.07722,33.769244,37.597241,33.612659,0.878931,0.239508,0.312029,12.461,cuda
bsrnet,ami,078,up,078_up,2,4,144,est,33.894966,0.86449,31.844379,0.934639,4,0.096682,33.165227,37.372145,32.80791,0.847413,0.293978,0.319748,12.475,cuda
bsrnet,ami,078,zoom,078_zoom,2,4,144,est,35.555431,0.908748,33.114713,0.956791,4,0.071254,35.224882,38.59819,34.848129,0.908183,0.219584,0.297768,12.47,cuda
bsrnet,ami,079,back,079_back,4,4,144,est,33.60976,0.86029,31.50962,0.946001,4,0.075831,32.80339,37.564558,32.644092,0.843278,0.30016,0.33089,12.457,cuda
bsrnet,ami,079,down,079_down,4,4,144,est,35.267809,0.904073,33.142768,0.969181,4,0.052823,34.251298,39.99767,34.877235,0.908954,0.250867,0.297415,12.464,cuda
bsrnet,ami,079,front,079_front,4,4,144,est,33.401191,0.857899,31.270061,0.946705,4,0.075054,32.652914,37.595482,32.597184,0.857758,0.327619,0.32365,12.461,cuda
bsrnet,ami,079,left,079_left,4,4,144,est,35.555986,0.901694,33.445491,0.965382,4,0.057859,34.609637,39.974157,35.317908,0.905578,0.289214,0.309696,12.463,cuda
bsrnet,ami,079,right,079_right,4,4,144,est,33.509017,0.878006,31.518288,0.948284,4,0.08757,32.828321,37.103104,31.954533,0.841418,0.247991,0.304937,12.457,cuda
bsrnet,ami,079,up,079_up,4,4,144,est,33.891085,0.867901,31.891211,0.957861,4,0.05892,32.811102,38.981032,33.696602,0.879585,0.278779,0.297899,12.472,cuda
bsrnet,ami,079,zoom,079_zoom,4,4,144,est,34.117451,0.875065,31.686085,0.94879,4,0.074563,33.200165,38.201515,34.109619,0.887095,0.275189,0.298528,12.465,cuda
bsrnet,ami,080,back,080_back,3,4,144,est,36.32197,0.914213,34.160998,0.968598,4,0.053101,35.074576,40.829022,34.225023,0.895002,0.229853,0.285875,12.465,cuda
bsrnet,ami,080,down,080_down,3,4,144,est,35.797576,0.908063,33.749063,0.959157,4,0.060312,34.769008,39.714514,33.568966,0.882683,0.275693,0.331928,12.468,cuda
bsrnet,ami,080,front,080_front,3,4,144,est,35.21164,0.895041,32.959299,0.947577,4,0.072455,34.567524,38.757654,32.839181,0.852779,0.297842,0.341093,12.47,cuda
bsrnet,ami,080,left,080_left,3,4,144,est,36.887063,0.918932,34.684971,0.967958,4,0.050165,36.00447,40.86883,35.273131,0.904483,0.306212,0.335321,12.473,cuda
bsrnet,ami,080,right,080_right,3,4,144,est,35.208658,0.915197,33.177558,0.963356,4,0.065137,33.736555,39.029917,32.528975,0.876276,0.218908,0.322361,12.466,cuda
bsrnet,ami,080,up,080_up,3,4,144,est,35.119355,0.886326,33.044966,0.952716,4,0.064057,34.105179,39.355892,33.288407,0.869131,0.301604,0.326375,12.473,cuda
bsrnet,ami,080,zoom,080_zoom,3,4,144,est,35.914849,0.908991,33.571608,0.954272,4,0.066336,35.510114,38.965184,33.791153,0.877283,0.245557,0.330288,12.461,cuda
bsrnet,ami,081,back,081_back,1,4,144,est,35.585499,0.902782,33.406798,0.96137,4,0.058972,34.397064,39.858143,33.569946,0.884523,0.223412,0.328752,12.462,cuda
bsrnet,ami,081,down,081_down,1,4,144,est,34.925205,0.870751,32.713193,0.949475,4,0.06865,33.630096,39.589194,33.103693,0.848123,0.29505,0.348026,12.462,cuda
bsrnet,ami,081,front,081_front,1,4,144,est,34.232888,0.857722,32.1833,0.939241,4,0.076497,33.292062,38.257229,32.506533,0.835851,0.34266,0.348795,12.474,cuda
bsrnet,ami,081,left,081_left,1,4,144,est,35.555879,0.877221,33.307043,0.950212,4,0.062606,34.789746,39.674558,34.321467,0.857243,0.334603,0.361014,12.464,cuda
bsrnet,ami,081,right,081_right,1,4,144,est,35.429999,0.91714,33.355156,0.963353,4,0.063399,34.569214,38.89428,32.830375,0.871115,0.201258,0.310684,12.457,cuda
bsrnet,ami,081,up,081_up,1,4,144,est,34.073881,0.849703,32.039577,0.941402,4,0.083598,32.967979,38.452661,32.828235,0.835148,0.343963,0.349678,12.48,cuda
bsrnet,ami,081,zoom,081_zoom,1,4,144,est,36.21468,0.907814,33.994273,0.967473,4,0.051274,34.723616,41.196654,34.529186,0.906391,0.211305,0.288366,12.469,cuda
bsrnet,ami,082,back,082_back,2,4,144,est,35.794639,0.913641,33.752833,0.966405,4,0.059031,34.428848,40.006243,33.962748,0.906541,0.203667,0.289962,12.458,cuda
bsrnet,ami,082,down,082_down,2,4,144,est,34.373959,0.878951,32.346305,0.952984,4,0.073809,33.245156,38.485425,33.207642,0.89028,0.27261,0.31297,12.463,cuda
bsrnet,ami,082,front,082_front,2,4,144,est,34.843079,0.882086,32.948107,0.955739,4,0.076013,33.555051,39.074415,34.003227,0.900103,0.265736,0.293596,12.466,cuda
bsrnet,ami,082,left,082_left,2,4,144,est,36.405799,0.9108,34.392667,0.972988,4,0.050797,34.849226,41.86228,35.38476,0.929583,0.224141,0.274783,12.462,cuda
bsrnet,ami,082,right,082_right,2,4,144,est,34.755255,0.897076,32.846925,0.95655,4,0.065594,33.995864,38.312158,32.819527,0.884549,0.245745,0.30133,12.463,cuda
bsrnet,ami,082,up,082_up,2,4,144,est,35.079395,0.889046,32.970978,0.955921,4,0.071739,33.994449,39.147848,33.63275,0.88632,0.264045,0.304748,12.467,cuda
bsrnet,ami,082,zoom,082_zoom,2,4,144,est,34.871174,0.894148,32.710251,0.958531,4,0.073414,34.402661,38.339542,34.025208,0.9083,0.21795,0.286228,12.465,cuda
bsrnet,ami,083,back,083_back,4,4,144,est,34.161669,0.867176,32.057907,0.946931,4,0.076628,33.01081,37.979449,33.591496,0.873617,0.261879,0.322385,12.454,cuda
bsrnet,ami,083,down,083_down,4,4,144,est,33.723689,0.844339,31.668387,0.942341,4,0.081529,32.124643,38.293795,33.147489,0.879221,0.290938,0.320969,12.452,cuda
bsrnet,ami,083,front,083_front,4,4,144,est,33.67071,0.843649,31.531955,0.940381,4,0.079947,32.367059,37.749939,33.432902,0.877446,0.297141,0.348668,12.466,cuda
bsrnet,ami,083,left,083_left,4,4,144,est,35.381932,0.887564,33.415164,0.962199,4,0.058902,33.983873,39.957428,34.970488,0.909949,0.220943,0.295852,12.454,cuda
bsrnet,ami,083,right,083_right,4,4,144,est,35.318246,0.90327,33.240639,0.962454,4,0.060556,34.663979,38.706355,33.811737,0.88983,0.244506,0.290221,12.482,cuda
bsrnet,ami,083,up,083_up,4,4,144,est,34.930637,0.86643,32.839387,0.961575,4,0.064122,32.812152,41.566298,35.39276,0.904351,0.24518,0.291973,12.468,cuda
bsrnet,ami,083,zoom,083_zoom,4,4,144,est,34.455458,0.873126,32.30764,0.950722,4,0.071898,33.411434,38.273337,34.517125,0.910593,0.277638,0.343686,12.474,cuda
bsrnet,ami,084,back,084_back,3,4,144,est,34.192124,0.863126,32.024507,0.946163,4,0.07737,33.210052,38.629674,32.967076,0.859716,0.294211,0.293325,12.495,cuda
bsrnet,ami,084,down,084_down,3,4,144,est,34.262088,0.871775,32.348687,0.954175,4,0.070576,33.437793,38.849971,34.182489,0.895111,0.274705,0.307811,12.453,cuda
bsrnet,ami,084,front,084_front,3,4,144,est,33.369059,0.849055,31.459833,0.941103,4,0.087416,32.590152,37.927546,32.658471,0.851564,0.33858,0.339534,12.459,cuda
bsrnet,ami,084,left,084_left,3,4,144,est,34.084814,0.858761,32.141674,0.940673,4,0.091674,33.292832,38.252673,33.530467,0.860465,0.320438,0.327074,12.467,cuda
bsrnet,ami,084,right,084_right,3,4,144,est,33.693921,0.871881,31.639553,0.94569,4,0.082337,32.471315,37.584373,31.729379,0.85218,0.304418,0.316475,12.46,cuda
bsrnet,ami,084,up,084_up,3,4,144,est,34.705735,0.882124,32.678224,0.96401,4,0.061514,33.352531,40.414808,35.045332,0.903473,0.251232,0.305255,12.471,cuda
bsrnet,ami,084,zoom,084_zoom,3,4,144,est,33.735672,0.866618,31.69992,0.943583,4,0.078174,33.169,37.581689,33.461503,0.871251,0.314457,0.327632,12.47,cuda
bsrnet,ami,085,back,085_back,4,4,144,est,35.539033,0.89385,33.559302,0.95328,4,0.07136,35.295425,38.972656,34.169371,0.877987,0.288632,0.343491,12.477,cuda
bsrnet,ami,085,down,085_down,4,4,144,est,35.938001,0.890051,33.801223,0.960494,4,0.063045,34.539733,40.557331,35.957705,0.914594,0.31675,0.340615,12.448,cuda
bsrnet,ami,085,front,085_front,4,4,144,est,36.605811,0.902742,34.439402,0.968417,4,0.052993,35.2452,41.935828,36.534657,0.91697,0.306955,0.307351,12.461,cuda
bsrnet,ami,085,left,085_left,4,4,144,est,35.184141,0.882038,33.266554,0.947398,4,0.079704,34.267947,38.951159,34.092669,0.877907,0.334234,0.34638,12.474,cuda
bsrnet,ami,085,right,085_right,4,4,144,est,34.589538,0.884011,32.621463,0.95347,4,0.074634,33.497234,38.2624,33.099776,0.867582,0.307836,0.329125,12.444,cuda
bsrnet,ami,085,up,085_up,4,4,144,est,36.030427,0.89026,33.981195,0.964122,4,0.054556,34.71618,41.511386,35.541666,0.89866,0.308706,0.314404,12.471,cuda
bsrnet,ami,085,zoom,085_zoom,4,4,144,est,35.710542,0.894958,33.446418,0.958617,4,0.06455,34.958633,39.671031,34.80806,0.894612,0.324723,0.363233,12.45,cuda
bsrnet,ami,086,back,086_back,5,4,144,est,35.225869,0.890631,32.813,0.959165,4,0.065146,34.321413,39.416981,33.716216,0.878508,0.227755,0.300086,12.468,cuda
bsrnet,ami,086,down,086_down,5,4,144,est,33.531818,0.857964,31.478844,0.942045,4,0.081779,33.060644,37.384995,32.369255,0.849983,0.300479,0.316602,12.466,cuda
bsrnet,ami,086,front,086_front,5,4,144,est,33.549072,0.857576,31.503068,0.94533,4,0.080244,32.885587,37.653256,32.580073,0.861933,0.310624,0.308743,12.472,cuda
bsrnet,ami,086,left,086_left,5,4,144,est,34.854427,0.883095,32.811721,0.954199,4,0.069951,34.19113,38.829638,34.069826,0.884456,0.277394,0.29458,12.468,cuda
bsrnet,ami,086,right,086_right,5,4,144,est,33.918076,0.88438,31.834589,0.94734,4,0.076568,33.203096,37.221553,32.240659,0.860034,0.238696,0.307495,12.454,cuda
bsrnet,ami,086,up,086_up,5,4,144,est,33.80765,0.865981,31.549365,0.942119,4,0.082334,33.315914,37.209048,32.499691,0.855209,0.291178,0.293945,12.48,cuda
bsrnet,ami,086,zoom,086_zoom,5,4,144,est,34.435421,0.88211,32.084531,0.951371,4,0.076294,33.857759,38.277161,33.886813,0.892493,0.256035,0.313045,12.462,cuda
bsrnet,ami,087,back,087_back,4,4,144,est,33.601079,0.852091,31.517474,0.936232,4,0.09037,32.712002,37.542887,32.022729,0.828397,0.276457,0.341007,12.461,cuda
bsrnet,ami,087,down,087_down,4,4,144,est,35.407897,0.909421,33.297804,0.968397,4,0.055553,34.355139,39.547158,33.997084,0.915815,0.241611,0.297844,12.468,cuda
bsrnet,ami,087,front,087_front,4,4,144,est,35.71997,0.915294,33.654495,0.966222,4,0.054404,34.848903,39.209894,34.121728,0.912497,0.208982,0.297997,12.468,cuda
bsrnet,ami,087,left,087_left,4,4,144,est,35.748134,0.912128,33.642604,0.96798,4,0.05159,34.948665,39.767749,34.703052,0.920351,0.240996,0.313659,12.465,cuda
bsrnet,ami,087,right,087_right,4,4,144,est,34.610751,0.906512,32.464202,0.958848,4,0.069856,34.233602,37.305675,32.946054,0.870104,0.211093,0.315648,12.459,cuda
bsrnet,ami,087,up,087_up,4,4,144,est,33.758515,0.880218,31.753297,0.947416,4,0.079029,33.412966,36.953765,32.954647,0.868335,0.289143,0.29998,12.455,cuda
bsrnet,ami,087,zoom,087_zoom,4,4,144,est,36.774899,0.932677,34.538608,0.974826,4,0.043417,36.170218,40.151403,35.87202,0.933799,0.17258,0.266347,12.467,cuda
bsrnet,ami,088,back,088_back,1,4,144,est,35.332859,0.911858,33.219943,0.971954,4,0.05394,33.610268,40.519327,35.373746,0.927302,0.217851,0.290868,12.449,cuda
bsrnet,ami,088,down,088_down,1,4,144,est,33.675822,0.892348,31.657095,0.953349,4,0.071639,32.745538,37.062939,32.002885,0.874978,0.257794,0.34223,12.46,cuda
bsrnet,ami,088,front,088_front,1,4,144,est,33.914297,0.886278,31.95681,0.952443,4,0.076146,33.051458,37.416676,32.355092,0.865353,0.260441,0.351738,12.451,cuda
bsrnet,ami,088,left,088_left,1,4,144,est,35.222035,0.923271,33.36651,0.965809,4,0.055407,33.977216,38.984663,33.157059,0.90732,0.208857,0.319763,12.476,cuda
bsrnet,ami,088,right,088_right,1,4,144,est,35.701914,0.922732,33.689641,0.970098,4,0.051504,35.086019,39.121662,34.846803,0.907618,0.189544,0.292701,12.452,cuda
bsrnet,ami,088,up,088_up,1,4,144,est,33.559149,0.881801,31.634161,0.950952,4,0.076767,32.749393,37.192991,32.893528,0.883113,0.251769,0.34532,12.46,cuda
bsrnet,ami,088,zoom,088_zoom,1,4,144,est,33.308229,0.889796,31.180078,0.949578,4,0.080198,32.51905,36.449261,33.142531,0.893335,0.262675,0.333535,12.45,cuda
bsrnet,ami,089,back,089_back,1,4,144,est,34.214567,0.89544,32.222153,0.956998,4,0.078345,33.689072,37.830084,32.555015,0.880691,0.228134,0.325016,12.456,cuda
bsrnet,ami,089,down,089_down,1,4,144,est,33.039852,0.866397,31.188233,0.939075,4,0.084359,33.151814,35.922617,31.846358,0.855949,0.280035,0.313685,12.464,cuda
bsrnet,ami,089,front,089_front,1,4,144,est,34.828833,0.895119,32.798769,0.958782,4,0.063785,34.382444,38.333987,34.507209,0.904054,0.259373,0.284935,12.471,cuda
bsrnet,ami,089,left,089_left,1,4,144,est,33.040489,0.874307,31.290772,0.941596,4,0.081247,33.18985,36.064165,32.161054,0.868604,0.279981,0.325176,12.458,cuda
bsrnet,ami,089,right,089_right,1,4,144,est,34.120839,0.893805,32.330155,0.955853,4,0.075503,32.947383,37.597232,33.008056,0.884679,0.2427,0.325725,12.472,cuda
bsrnet,ami,089,up,089_up,1,4,144,est,34.833083,0.891287,32.778854,0.953412,4,0.070832,34.392939,38.221581,33.716577,0.888494,0.267826,0.326809,12.46,cuda
bsrnet,ami,089,zoom,089_zoom,1,4,144,est,34.887294,0.898897,32.684442,0.960657,4,0.069274,34.545575,38.210441,34.78057,0.915145,0.237671,0.284757,12.467,cuda
bsrnet,ami,090,back,090_back,1,4,144,est,33.96479,0.920714,32.162474,0.973392,4,0.055912,32.111556,39.421785,31.618993,0.91216,0.150072,0.256974,12.456,cuda
bsrnet,ami,090,down,090_down,1,4,144,est,33.885121,0.897543,31.821986,0.956266,4,0.073129,32.915787,37.400872,31.885128,0.877849,0.20598,0.31493,12.467,cuda
bsrnet,ami,090,front,090_front,1,4,144,est,35.030758,0.92292,33.18344,0.973906,4,0.04595,33.323947,39.958893,33.253602,0.920106,0.169842,0.284176,12.455,cuda
bsrnet,ami,090,left,090_left,1,4,144,est,33.043115,0.89155,31.088964,0.95385,4,0.073612,32.006486,36.955875,30.781769,0.862417,0.213835,0.312867,12.454,cuda
bsrnet,ami,090,right,090_right,1,4,144,est,35.321745,0.924038,33.395762,0.969107,4,0.051231,34.63716,38.838742,33.794543,0.916082,0.174912,0.311475,12.457,cuda
bsrnet,ami,090,up,090_up,1,4,144,est,35.160803,0.921326,33.163668,0.972819,4,0.049608,33.975339,39.828445,33.670402,0.923148,0.181372,0.270319,12.467,cuda
bsrnet,ami,090,zoom,090_zoom,1,4,144,est,34.494307,0.917615,32.247924,0.965372,4,0.060563,33.820167,38.053948,32.672124,0.910737,0.167594,0.280866,12.474,cuda
bsrnet,ami,091,back,091_back,4,4,144,est,32.204338,0.840546,30.185842,0.939919,4,0.102753,30.190863,37.650607,31.545077,0.849662,0.298721,0.315693,12.464,cuda
bsrnet,ami,091,down,091_down,4,4,144,est,32.578194,0.831575,30.685845,0.943539,4,0.095705,31.135517,37.904504,32.832936,0.873328,0.288091,0.313825,12.466,cuda
bsrnet,ami,091,front,091_front,4,4,144,est,32.360301,0.818574,30.488882,0.935346,4,0.099212,30.850818,37.479379,31.92234,0.843088,0.327953,0.293404,12.465,cuda
bsrnet,ami,091,left,091_left,4,4,144,est,33.154236,0.849633,31.336972,0.943098,4,0.09089,32.243568,37.548115,32.467502,0.857856,0.279369,0.313298,12.46,cuda
bsrnet,ami,091,right,091_right,4,4,144,est,34.992376,0.897059,33.033295,0.967815,4,0.054182,33.522247,39.898699,33.546086,0.899465,0.239163,0.292219,12.455,cuda
bsrnet,ami,091,up,091_up,4,4,144,est,32.530609,0.824758,30.715925,0.938199,4,0.093226,31.336659,37.487831,32.420216,0.848045,0.304346,0.299983,12.484,cuda
bsrnet,ami,091,zoom,091_zoom,4,4,144,est,33.353574,0.852343,31.216569,0.946931,4,0.086245,31.904588,38.026532,33.346064,0.880968,0.270204,0.296972,12.469,cuda
bsrnet,ami,092,back,092_back,3,4,144,est,33.279509,0.828008,30.83011,0.943527,4,0.0777,31.434243,39.017099,33.628204,0.889632,0.331544,0.306618,12.451,cuda
bsrnet,ami,092,down,092_down,3,4,144,est,33.987881,0.831451,31.717565,0.949536,4,0.068203,32.255346,40.322704,34.249849,0.887626,0.330846,0.295619,12.46,cuda
bsrnet,ami,092,front,092_front,3,4,144,est,32.944671,0.80782,30.531076,0.931022,4,0.091325,31.418887,38.201139,32.926027,0.854365,0.371228,0.333818,12.455,cuda
bsrnet,ami,092,left,092_left,3,4,144,est,34.689742,0.854574,32.614397,0.95437,4,0.062608,33.239241,40.982224,34.633972,0.893127,0.361327,0.357609,12.46,cuda
bsrnet,ami,092,right,092_right,3,4,144,est,32.87782,0.795419,30.480465,0.929256,4,0.085959,31.127568,38.443443,32.881981,0.834879,0.422084,0.350061,12.456,cuda
bsrnet,ami,092,up,092_up,3,4,144,est,33.403823,0.820688,31.224663,0.938071,4,0.082247,31.733557,38.814764,33.70441,0.86886,0.339723,0.316146,12.464,cuda
bsrnet,ami,092,zoom,092_zoom,3,4,144,est,33.88524,0.849986,31.32534,0.945316,4,0.082882,32.480718,38.463169,33.983278,0.886777,0.327013,0.334125,12.466,cuda
bsrnet,ami,093,back,093_back,4,4,144,est,33.515461,0.85375,31.576609,0.948134,4,0.08166,31.833954,39.069168,34.222784,0.886623,0.26595,0.312629,12.443,cuda
bsrnet,ami,093,down,093_down,4,4,144,est,33.823387,0.867116,31.708812,0.95148,4,0.072582,32.79588,38.089284,33.252751,0.878638,0.307158,0.343068,12.473,cuda
bsrnet,ami,093,front,093_front,4,4,144,est,33.107227,0.85936,31.204794,0.945196,4,0.080944,32.286979,36.928054,32.845962,0.877945,0.316394,0.351161,12.457,cuda
bsrnet,ami,093,left,093_left,4,4,144,est,35.259799,0.895439,33.251199,0.963793,4,0.061179,33.882743,40.632828,34.971921,0.905913,0.290201,0.326035,12.471,cuda
bsrnet,ami,093,right,093_right,4,4,144,est,34.800838,0.896661,32.643119,0.96783,4,0.061289,33.68069,39.236829,34.486056,0.909005,0.263895,0.29452,12.468,cuda
bsrnet,ami,093,up,093_up,4,4,144,est,32.694269,0.840385,30.783637,0.942344,4,0.08852,31.51553,37.101472,32.33235,0.864837,0.321975,0.342938,12.462,cuda
bsrnet,ami,093,zoom,093_zoom,4,4,144,est,33.876761,0.881892,31.857371,0.961485,4,0.062642,32.919296,38.21382,34.866027,0.909195,0.293933,0.345482,12.466,cuda
bsrnet,ami,094,back,094_back,3,4,144,est,33.028152,0.864421,30.897938,0.951844,4,0.080377,30.989641,38.424159,32.198651,0.86681,0.268075,0.335763,12.473,cuda
bsrnet,ami,094,down,094_down,3,4,144,est,35.045721,0.901503,32.98758,0.965855,4,0.059448,34.127086,39.11366,33.774733,0.897222,0.235935,0.308191,12.46,cuda
bsrnet,ami,094,front,094_front,3,4,144,est,34.537426,0.892056,32.336353,0.956854,4,0.069703,33.718831,38.231444,33.181805,0.884183,0.23621,0.308776,12.466,cuda
bsrnet,ami,094,left,094_left,3,4,144,est,34.817169,0.891579,32.849345,0.95815,4,0.070017,34.265616,38.655552,33.638842,0.882753,0.260079,0.321124,12.468,cuda
bsrnet,ami,094,right,094_right,3,4,144,est,33.719551,0.871404,31.685226,0.948939,4,0.078403,32.90489,37.207759,32.899908,0.864162,0.260026,0.31366,12.472,cuda
bsrnet,ami,094,up,094_up,3,4,144,est,35.17019,0.903948,33.008626,0.966512,4,0.058486,33.851609,39.780667,34.831417,0.911834,0.236302,0.284785,12.462,cuda
bsrnet,ami,094,zoom,094_zoom,3,4,144,est,33.835705,0.882981,31.699947,0.952805,4,0.078372,32.830857,37.464428,33.771806,0.894293,0.241193,0.297619,12.476,cuda
bsrnet,ami,095,back,095_back,3,4,144,est,35.172868,0.901401,33.298261,0.965623,4,0.053963,34.048874,39.331118,33.786955,0.905143,0.207391,0.299381,12.484,cuda
bsrnet,ami,095,down,095_down,3,4,144,est,36.368836,0.909299,34.148029,0.973007,4,0.044372,35.106588,41.749225,35.420572,0.923902,0.230955,0.301727,12.471,cuda
bsrnet,ami,095,front,095_front,3,4,144,est,34.994471,0.892421,33.058069,0.963141,4,0.057479,34.214686,38.974012,34.123337,0.897114,0.22866,0.302325,12.456,cuda
bsrnet,ami,095,left,095_left,3,4,144,est,35.334791,0.892155,33.351745,0.96396,4,0.05463,34.664832,39.568473,34.874261,0.911643,0.254376,0.301939,12.458,cuda
bsrnet,ami,095,right,095_right,3,4,144,est,33.250162,0.895309,31.565269,0.961626,4,0.065166,32.01585,37.034658,31.451023,0.881039,0.215256,0.305585,12.475,cuda
bsrnet,ami,095,up,095_up,3,4,144,est,33.394391,0.853097,31.478205,0.944336,4,0.077805,32.477603,37.531019,32.30303,0.845226,0.284984,0.311577,12.457,cuda
bsrnet,ami,095,zoom,095_zoom,3,4,144,est,33.948936,0.871989,32.013892,0.944391,4,0.073279,33.579572,37.295036,32.710127,0.864408,0.255299,0.317121,12.459,cuda
bsrnet,ami,096,back,096_back,5,4,144,est,31.563014,0.821605,29.633962,0.932796,4,0.096429,30.314072,35.455514,32.196152,0.845921,0.33692,0.328928,12.452,cuda
bsrnet,ami,096,down,096_down,5,4,144,est,32.836565,0.868969,30.805355,0.957275,4,0.067518,31.284314,38.125903,33.507666,0.887378,0.311363,0.317526,12.456,cuda
bsrnet,ami,096,front,096_front,5,4,144,est,33.069796,0.878937,31.08304,0.966481,4,0.057338,30.64452,40.141601,34.592814,0.886821,0.238512,0.300396,12.458,cuda
bsrnet,ami,096,left,096_left,5,4,144,est,35.003072,0.88755,32.841123,0.968368,4,0.046313,34.103923,40.40563,35.311229,0.903078,0.280261,0.29881,12.452,cuda
bsrnet,ami,096,right,096_right,5,4,144,est,33.938442,0.867627,31.962068,0.960873,4,0.062158,32.542938,38.97907,33.500582,0.863742,0.272429,0.284523,12.452,cuda
bsrnet,ami,096,up,096_up,5,4,144,est,31.381629,0.809719,29.318951,0.932965,4,0.094583,29.735244,36.523123,32.317516,0.824867,0.316337,0.308183,12.455,cuda
bsrnet,ami,096,zoom,096_zoom,5,4,144,est,32.698007,0.848617,30.519816,0.946008,4,0.083348,31.46291,37.239886,33.554376,0.862619,0.307768,0.310607,12.455,cuda
bsrnet,ami,097,back,097_back,4,4,144,est,34.798556,0.881638,32.383758,0.949985,4,0.07699,33.72454,39.022191,33.062998,0.857381,0.260565,0.335252,12.46,cuda
bsrnet,ami,097,down,097_down,4,4,144,est,35.446215,0.899517,33.426331,0.967429,4,0.057558,33.704649,41.074554,33.742546,0.882463,0.239325,0.310927,12.461,cuda
bsrnet,ami,097,front,097_front,4,4,144,est,34.397185,0.881145,32.442411,0.95527,4,0.067351,33.085704,38.888898,33.033803,0.871351,0.291442,0.330665,12.467,cuda
bsrnet,ami,097,left,097_left,4,4,144,est,36.203913,0.909963,34.181263,0.970984,4,0.049998,34.739239,41.675027,35.33664,0.916943,0.265787,0.312242,12.459,cuda
bsrnet,ami,097,right,097_right,4,4,144,est,35.718839,0.903135,33.632458,0.970917,4,0.053242,34.082298,41.378127,34.834624,0.906818,0.24075,0.29127,12.457,cuda
bsrnet,ami,097,up,097_up,4,4,144,est,35.692399,0.900571,33.661819,0.968836,4,0.050717,33.716012,41.569432,34.94575,0.90559,0.245276,0.305877,12.465,cuda
bsrnet,ami,097,zoom,097_zoom,4,4,144,est,35.568156,0.908058,33.492308,0.971306,4,0.047057,33.906135,40.695642,34.913709,0.921723,0.249782,0.298574,12.466,cuda
bsrnet,ami,098,back,098_back,2,4,144,est,34.299227,0.876338,32.059489,0.950476,4,0.07092,33.115494,38.798068,32.616553,0.843449,0.258144,0.326296,12.463,cuda
bsrnet,ami,098,down,098_down,2,4,144,est,34.978167,0.89116,32.734858,0.954491,4,0.071568,33.745335,39.143903,33.144786,0.874927,0.284462,0.327021,12.463,cuda
bsrnet,ami,098,front,098_front,2,4,144,est,36.673878,0.913726,34.190735,0.970437,4,0.05102,34.858588,42.19159,35.212827,0.907812,0.239458,0.327117,12.455,cuda
bsrnet,ami,098,left,098_left,2,4,144,est,38.079588,0.925698,35.608835,0.975316,4,0.039654,36.723007,43.840892,37.175163,0.924697,0.254304,0.320316,12.466,cuda
bsrnet,ami,098,right,098_right,2,4,144,est,33.764859,0.881561,31.553476,0.947197,4,0.079514,32.779864,37.191186,32.158503,0.837207,0.253794,0.340144,12.459,cuda
bsrnet,ami,098,up,098_up,2,4,144,est,35.201604,0.883347,32.970996,0.960573,4,0.057314,33.762511,40.355068,34.408435,0.883744,0.246814,0.32458,12.478,cuda
bsrnet,ami,098,zoom,098_zoom,2,4,144,est,36.582071,0.915875,33.988521,0.970672,4,0.052249,35.204463,41.297643,35.55056,0.915996,0.214904,0.313144,12.465,cuda
bsrnet,ami,099,back,099_back,1,4,144,est,33.935429,0.869813,31.806901,0.948681,4,0.07257,33.002736,37.902798,32.93121,0.864199,0.256542,0.309723,12.457,cuda
bsrnet,ami,099,down,099_down,1,4,144,est,35.420673,0.897519,33.256376,0.967342,4,0.048147,33.987994,40.110877,34.936474,0.908694,0.249162,0.308671,12.463,cuda
bsrnet,ami,099,front,099_front,1,4,144,est,33.025105,0.84656,31.04073,0.939833,4,0.08238,32.108951,37.035665,31.887028,0.842246,0.281345,0.331211,12.466,cuda
bsrnet,ami,099,left,099_left,1,4,144,est,33.798079,0.870067,31.783238,0.94973,4,0.071847,33.002246,37.608629,32.707797,0.859691,0.289225,0.281112,12.471,cuda
bsrnet,ami,099,right,099_right,1,4,144,est,33.832769,0.865813,31.688434,0.942723,4,0.07855,32.725495,37.732499,32.717808,0.855068,0.241654,0.316219,12.478,cuda
bsrnet,ami,099,up,099_up,1,4,144,est,35.541266,0.889266,33.273701,0.967801,4,0.047031,33.865116,41.412604,35.35493,0.904868,0.246808,0.277914,12.454,cuda
bsrnet,ami,099,zoom,099_zoom,1,4,144,est,34.742026,0.892849,32.423152,0.95873,4,0.061282,33.615029,38.716574,35.024289,0.899125,0.271852,0.295557,12.47,cuda
bsrnet,ami,100,back,100_back,1,4,144,est,34.301673,0.843743,31.961647,0.947012,4,0.072005,32.314823,40.089134,33.853285,0.872896,0.300269,0.317249,12.477,cuda
bsrnet,ami,100,down,100_down,1,4,144,est,33.381179,0.821575,31.226591,0.937523,4,0.081302,31.931934,38.575178,32.920906,0.856949,0.387858,0.355131,12.469,cuda
bsrnet,ami,100,front,100_front,1,4,144,est,34.452243,0.848559,32.234168,0.952807,4,0.058593,32.949321,40.590543,34.440875,0.879266,0.329855,0.330726,12.453,cuda
bsrnet,ami,100,left,100_left,1,4,144,est,34.332662,0.843261,32.395922,0.944699,4,0.067276,33.092653,39.42414,33.508254,0.858629,0.378325,0.350735,12.463,cuda
bsrnet,ami,100,right,100_right,1,4,144,est,32.848138,0.805596,30.711829,0.926739,4,0.087027,31.169976,37.87968,32.37795,0.83446,0.348903,0.358117,12.459,cuda
bsrnet,ami,100,up,100_up,1,4,144,est,33.939746,0.829212,31.842051,0.94303,4,0.06354,32.496677,39.783742,33.787839,0.845614,0.338811,0.307681,12.478,cuda
bsrnet,ami,100,zoom,100_zoom,1,4,144,est,33.02257,0.818191,30.745301,0.934473,4,0.083116,31.825843,37.957516,33.622761,0.855721,0.363597,0.3753,12.453,cuda
bsrnet,ami,101,back,101_back,1,4,144,est,33.367129,0.864446,31.244105,0.947729,4,0.082979,31.947528,37.697752,31.943685,0.855814,0.254017,0.345297,12.463,cuda
bsrnet,ami,101,down,101_down,1,4,144,est,34.548166,0.882487,32.414639,0.952389,4,0.070427,33.643124,38.706426,33.214906,0.876793,0.274509,0.317501,12.464,cuda
bsrnet,ami,101,front,101_front,1,4,144,est,35.384694,0.903127,33.245604,0.965848,4,0.05643,33.821576,40.002335,34.34941,0.908537,0.243891,0.304321,12.467,cuda
bsrnet,ami,101,left,101_left,1,4,144,est,35.876506,0.903337,33.742454,0.964204,4,0.05383,34.731645,40.276528,35.020974,0.907005,0.296233,0.341562,12.443,cuda
bsrnet,ami,101,right,101_right,1,4,144,est,35.719938,0.90431,33.694101,0.971412,4,0.047626,34.533824,40.535388,35.30395,0.910229,0.243567,0.306437,12.467,cuda
bsrnet,ami,101,up,101_up,1,4,144,est,34.971373,0.887307,32.942215,0.960699,4,0.064412,33.646382,39.435687,34.942871,0.906404,0.278829,0.317909,12.463,cuda
bsrnet,ami,101,zoom,101_zoom,1,4,144,est,34.528544,0.882136,32.214296,0.954331,4,0.076214,33.380064,38.749052,33.69394,0.884468,0.281687,0.308839,12.473,cuda
bsrnet,ami,102,back,102_back,1,4,144,est,33.796251,0.863063,31.737962,0.955152,4,0.068002,32.574263,38.154428,33.136294,0.887555,0.296035,0.331334,12.463,cuda
bsrnet,ami,102,down,102_down,1,4,144,est,32.879899,0.833142,31.043038,0.94222,4,0.08345,31.812394,37.462634,33.094902,0.884153,0.381824,0.337748,12.468,cuda
bsrnet,ami,102,front,102_front,1,4,144,est,32.573719,0.823044,30.590841,0.934591,4,0.095416,31.544369,36.934695,32.219192,0.855771,0.39042,0.357587,12.47,cuda
bsrnet,ami,102,left,102_left,1,4,144,est,32.377596,0.821246,30.417124,0.929015,4,0.100807,31.574803,36.013463,31.97813,0.848831,0.409165,0.387043,12.46,cuda
bsrnet,ami,102,right,102_right,1,4,144,est,33.360975,0.841227,31.444214,0.95324,4,0.071514,32.002625,38.367052,33.202538,0.866244,0.339008,0.324428,12.467,cuda
bsrnet,ami,102,up,102_up,1,4,144,est,31.673438,0.792075,29.789172,0.924799,4,0.104076,30.592142,35.969285,31.725173,0.839468,0.399893,0.362736,12.466,cuda
bsrnet,ami,102,zoom,102_zoom,1,4,144,est,33.00084,0.850551,31.062944,0.942835,4,0.087544,32.284769,36.862719,33.620416,0.884359,0.373036,0.359747,12.463,cuda
bsrnet,ami,103,back,103_back,2,4,144,est,35.425166,0.89719,33.355703,0.964396,4,0.057275,33.851811,40.161234,34.221796,0.890929,0.215313,0.300397,12.465,cuda
bsrnet,ami,103,down,103_down,2,4,144,est,36.877527,0.924659,34.609785,0.975912,4,0.041534,35.760358,41.226827,35.608071,0.91929,0.210812,0.301189,12.448,cuda
bsrnet,ami,103,front,103_front,2,4,144,est,34.538303,0.886568,32.416123,0.953386,4,0.075386,33.714528,38.169381,33.070161,0.86834,0.25425,0.34099,12.447,cuda
bsrnet,ami,103,left,103_left,2,4,144,est,35.454369,0.913809,33.532812,0.961365,4,0.06019,35.230323,38.323076,33.184479,0.885293,0.228598,0.311296,12.473,cuda
bsrnet,ami,103,right,103_right,2,4,144,est,34.543014,0.895269,32.521108,0.955962,4,0.07284,33.681104,37.958664,33.390616,0.869895,0.256133,0.297266,12.46,cuda
bsrnet,ami,103,up,103_up,2,4,144,est,35.34234,0.902796,33.302249,0.968504,4,0.055309,33.737527,40.463035,35.379442,0.910599,0.240342,0.302203,12.47,cuda
bsrnet,ami,103,zoom,103_zoom,2,4,144,est,35.084144,0.905561,32.90012,0.96286,4,0.061907,34.904503,37.961084,33.959088,0.887949,0.21123,0.316181,12.47,cuda
bsrnet,ami,104,back,104_back,4,4,144,est,32.920046,0.870479,30.781849,0.948963,4,0.079811,31.196468,38.272402,30.404812,0.836444,0.255296,0.322412,12.468,cuda
bsrnet,ami,104,down,104_down,4,4,144,est,33.412721,0.864996,31.135419,0.945183,4,0.085854,31.245987,38.988914,31.227064,0.851033,0.326104,0.344494,12.464,cuda
bsrnet,ami,104,front,104_front,4,4,144,est,33.475982,0.868116,31.185001,0.945589,4,0.087417,31.440302,39.051462,31.336605,0.846385,0.315535,0.335853,12.491,cuda
bsrnet,ami,104,left,104_left,4,4,144,est,35.141496,0.902335,32.958447,0.968998,4,0.049104,32.917719,42.547179,33.035229,0.888525,0.257334,0.326169,12.469,cuda
bsrnet,ami,104,right,104_right,4,4,144,est,34.853849,0.902555,32.522657,0.963681,4,0.052956,33.057489,40.498134,32.66452,0.888973,0.229939,0.303669,12.48,cuda
bsrnet,ami,104,up,104_up,4,4,144,est,34.290912,0.877739,32.178841,0.960207,4,0.060419,31.942762,41.692677,33.493552,0.893874,0.248499,0.311753,12.477,cuda
bsrnet,ami,104,zoom,104_zoom,4,4,144,est,34.390239,0.889653,32.2822,0.960399,4,0.056121,32.41239,40.61071,33.552741,0.90138,0.23307,0.320125,12.462,cuda
bsrnet,ami,105,back,105_back,5,4,144,est,33.471064,0.862836,31.183126,0.955855,4,0.075601,31.495059,38.853686,31.681227,0.851621,0.266192,0.298538,12.464,cuda
bsrnet,ami,105,down,105_down,5,4,144,est,33.098753,0.852527,31.022933,0.945165,4,0.081129,32.143082,37.215034,31.827595,0.847272,0.287884,0.308234,12.451,cuda
bsrnet,ami,105,front,105_front,5,4,144,est,33.188254,0.849113,31.029879,0.946454,4,0.080134,31.992034,37.395675,32.518211,0.851709,0.272966,0.303446,12.457,cuda
bsrnet,ami,105,left,105_left,5,4,144,est,33.180296,0.851879,31.178191,0.941279,4,0.082561,32.579808,36.962115,31.426813,0.832476,0.287914,0.32268,12.461,cuda
bsrnet,ami,105,right,105_right,5,4,144,est,33.762272,0.878489,31.85509,0.960903,4,0.067745,32.499621,37.90651,33.239719,0.876546,0.262007,0.293716,12.461,cuda
bsrnet,ami,105,up,105_up,5,4,144,est,33.140709,0.85912,31.101033,0.958259,4,0.065126,31.384489,38.842279,33.643735,0.875286,0.271267,0.278973,12.455,cuda
bsrnet,ami,105,zoom,105_zoom,5,4,144,est,33.993826,0.875727,31.988266,0.963518,4,0.06422,32.542834,38.759274,34.044025,0.895108,0.255823,0.283302,12.464,cuda
bsrnet,ami,106,back,106_back,3,4,144,est,33.3156,0.820999,31.029605,0.927922,4,0.089668,31.822675,38.314798,33.524922,0.857282,0.35968,0.339929,12.479,cuda
bsrnet,ami,106,down,106_down,3,4,144,est,34.636754,0.865668,32.373115,0.96209,4,0.061449,33.201975,41.49285,35.753471,0.914213,0.297719,0.333376,12.47,cuda
bsrnet,ami,106,front,106_front,3,4,144,est,33.592781,0.833961,31.215076,0.939887,4,0.086058,32.550668,38.724402,33.805758,0.874863,0.345301,0.351237,12.467,cuda
bsrnet,ami,106,left,106_left,3,4,144,est,34.682758,0.8677,32.458417,0.962252,4,0.059914,33.208679,42.05837,35.781835,0.915981,0.295323,0.333613,12.471,cuda
bsrnet,ami,106,right,106_right,3,4,144,est,32.947103,0.801468,30.759776,0.918805,4,0.093108,31.555962,38.344269,33.111583,0.842339,0.381323,0.335219,12.458,cuda
bsrnet,ami,106,up,106_up,3,4,144,est,35.044993,0.86107,32.774381,0.956096,4,0.058153,33.568294,41.25498,35.675405,0.901793,0.315906,0.327296,12.464,cuda
bsrnet,ami,106,zoom,106_zoom,3,4,144,est,34.42091,0.861814,31.890057,0.951411,4,0.07888,33.336207,39.430289,34.745944,0.89046,0.309682,0.343239,12.471,cuda
