model,dataset,subject,view,key,fold,scale,tier,degrade,psnr_y,ssim_y,psnr_rgb,ms_ssim_y,ms_ssim_scales,gmsd,grad_psnr,lr_psnr_y,psnr_y_c,ssim_y_c,lpips,dists,host_ms,device
bsrnet,ami,000,back,000_back,3,4,192,est,31.981924,0.774303,29.949501,0.921975,5,0.113641,30.293958,37.147078,32.564139,0.826467,0.453241,0.353665,13.644,cuda
bsrnet,ami,000,down,000_down,3,4,192,est,32.429321,0.796888,30.489243,0.951077,5,0.072756,30.62053,40.156382,33.216748,0.860023,0.418606,0.333935,13.485,cuda
bsrnet,ami,000,front,000_front,3,4,192,est,31.332611,0.764924,29.306502,0.930282,5,0.103778,29.981501,36.724526,32.230477,0.843807,0.447151,0.350628,13.492,cuda
bsrnet,ami,000,left,000_left,3,4,192,est,32.113204,0.785554,30.077391,0.938639,5,0.095599,30.432184,37.97638,32.992058,0.84939,0.467586,0.353584,13.432,cuda
bsrnet,ami,000,right,000_right,3,4,192,est,31.460618,0.762689,29.435196,0.929087,5,0.102292,29.796273,37.243511,32.195801,0.833087,0.432417,0.358261,13.433,cuda
bsrnet,ami,000,up,000_up,3,4,192,est,31.402931,0.764604,29.39126,0.93258,5,0.096739,29.973368,37.384575,32.111427,0.834669,0.438925,0.359977,13.424,cuda
bsrnet,ami,000,zoom,000_zoom,3,4,192,est,33.165041,0.850996,30.886544,0.957651,5,0.080068,32.245272,37.848742,34.695984,0.896566,0.40492,0.33113,13.415,cuda
bsrnet,ami,001,back,001_back,1,4,192,est,34.644186,0.856451,32.589703,0.95166,5,0.072815,33.57748,39.237131,34.92736,0.883011,0.35064,0.329322,13.503,cuda
bsrnet,ami,001,down,001_down,1,4,192,est,36.692474,0.896929,34.549512,0.970305,5,0.050809,35.136529,42.115247,36.479559,0.911536,0.320859,0.315107,13.484,cuda
bsrnet,ami,001,front,001_front,1,4,192,est,35.510976,0.883006,33.352418,0.954992,5,0.076492,34.76155,39.069919,35.228391,0.894138,0.34939,0.344918,13.484,cuda
bsrnet,ami,001,left,001_left,1,4,192,est,36.542436,0.897723,34.347206,0.960271,5,0.06317,35.458594,40.606648,36.272829,0.903431,0.364126,0.364771,13.496,cuda
bsrnet,ami,001,right,001_right,1,4,192,est,36.273866,0.896741,34.218231,0.968108,5,0.055377,34.874645,40.96207,35.620463,0.899802,0.284801,0.313211,13.5,cuda
bsrnet,ami,001,up,001_up,1,4,192,est,34.837517,0.865743,32.915484,0.956815,5,0.063315,33.538181,39.577287,35.237062,0.885,0.321241,0.316477,13.503,cuda
bsrnet,ami,001,zoom,001_zoom,1,4,192,est,37.201194,0.907958,34.956827,0.974037,5,0.044006,35.823548,42.225179,37.377176,0.927646,0.296281,0.303268,13.488,cuda
bsrnet,ami,002,back,002_back,1,4,192,est,34.327226,0.831238,32.344249,0.947543,5,0.073214,32.828583,39.447895,34.7122,0.873204,0.360349,0.335158,13.496,cuda
bsrnet,ami,002,down,002_down,1,4,192,est,35.017174,0.856438,32.928879,0.954871,5,0.068411,33.517122,39.833638,34.972321,0.8923,0.350294,0.34568,13.481,cuda
bsrnet,ami,002,front,002_front,1,4,192,est,35.442774,0.854699,33.294462,0.960202,5,0.06007,33.653221,41.738418,35.849093,0.886495,0.346947,0.306124,13.499,cuda
bsrnet,ami,002,left,002_left,1,4,192,est,35.059952,0.849419,32.873038,0.950332,5,0.070517,33.670859,39.759489,35.244975,0.87737,0.362047,0.328453,13.494,cuda
bsrnet,ami,002,right,002_right,1,4,192,est,35.464075,0.868944,33.118982,0.958475,5,0.067017,34.085324,40.182148,35.290472,0.88304,0.321897,0.350417,13.423,cuda
bsrnet,ami,002,up,002_up,1,4,192,est,35.089895,0.85705,32.945896,0.954548,5,0.061654,33.772104,39.862539,35.245378,0.877997,0.332304,0.313041,13.409,cuda
bsrnet,ami,002,zoom,002_zoom,1,4,192,est,35.031799,0.858476,32.824143,0.950365,5,0.071926,33.912715,39.274137,35.629095,0.891701,0.346124,0.338434,13.504,cuda
bsrnet,ami,003,back,003_back,5,4,192,est,34.67359,0.851461,32.556044,0.953763,5,0.06929,33.469519,39.401653,34.584169,0.872106,0.375983,0.320031,13.494,cuda
bsrnet,ami,003,down,003_down,5,4,192,est,34.67702,0.846787,32.38997,0.951638,5,0.072944,33.359709,39.460076,34.783125,0.871246,0.434232,0.339129,13.501,cuda
bsrnet,ami,003,front,003_front,5,4,192,est,34.051365,0.8314,31.849607,0.945089,5,0.080549,32.764306,38.881784,33.752598,0.842788,0.433895,0.347328,13.501,cuda
bsrnet,ami,003,left,003_left,5,4,192,est,34.803089,0.855716,32.578007,0.949005,5,0.074088,33.717187,38.975561,34.969403,0.877244,0.434861,0.359092,13.49,cuda
bsrnet,ami,003,right,003_right,5,4,192,est,34.879067,0.868765,32.686246,0.961833,5,0.061762,33.523159,39.428002,34.511911,0.881212,0.342003,0.303993,13.498,cuda
bsrnet,ami,003,up,003_up,5,4,192,est,34.152715,0.83857,31.893958,0.947328,5,0.07864,33.014282,38.894031,34.022125,0.849743,0.407337,0.339285,13.499,cuda
bsrnet,ami,003,zoom,003_zoom,5,4,192,est,34.166193,0.847715,31.888394,0.946481,5,0.080813,33.320653,38.351732,34.450631,0.876117,0.439579,0.3407,13.486,cuda
bsrnet,ami,004,back,004_back,5,4,192,est,36.806229,0.901865,34.335597,0.973883,5,0.047215,35.114949,42.843058,36.443409,0.908969,0.254557,0.304868,13.495,cuda
bsrnet,ami,004,down,004_down,5,4,192,est,35.668567,0.875154,33.508397,0.966533,5,0.05887,33.709846,42.173045,35.697029,0.898054,0.267518,0.295838,13.491,cuda
bsrnet,ami,004,front,004_front,5,4,192,est,34.512553,0.853729,32.386604,0.953796,5,0.075289,33.055504,39.479989,34.631453,0.878821,0.306756,0.337449,13.49,cuda
bsrnet,ami,004,left,004_left,5,4,192,est,35.315925,0.871163,33.088154,0.958854,5,0.074388,33.924546,40.253018,35.05047,0.879706,0.325539,0.341713,13.414,cuda
bsrnet,ami,004,right,004_right,5,4,192,est,35.469868,0.872863,33.121427,0.959689,5,0.065136,33.968414,40.424919,35.258026,0.88888,0.310601,0.323408,13.42,cuda
bsrnet,ami,004,up,004_up,5,4,192,est,36.26308,0.88539,34.072056,0.971535,5,0.048064,34.231795,43.569587,36.701765,0.908981,0.249827,0.289476,13.499,cuda
bsrnet,ami,004,zoom,004_zoom,5,4,192,est,35.043725,0.872326,32.819193,0.959723,5,0.07068,33.56778,39.838495,35.571683,0.900865,0.306209,0.329297,13.497,cuda
bsrnet,ami,005,back,005_back,4,4,192,est,33.399828,0.831964,30.94579,0.94097,5,0.087546,31.829119,38.150824,33.761108,0.867398,0.403045,0.327089,13.495,cuda
bsrnet,ami,005,down,005_down,4,4,192,est,33.787924,0.830837,31.802224,0.935866,5,0.092018,32.108331,38.55903,33.973957,0.85854,0.44847,0.32554,13.508,cuda
bsrnet,ami,005,front,005_front,4,4,192,est,35.068159,0.862951,32.875154,0.956192,5,0.068846,33.234665,40.704135,35.611844,0.887135,0.38429,0.310887,13.482,cuda
bsrnet,ami,005,left,005_left,4,4,192,est,34.712971,0.857727,32.689133,0.950028,5,0.070409,33.686625,39.043628,34.693618,0.876232,0.42222,0.328455,13.486,cuda
bsrnet,ami,005,right,005_right,4,4,192,est,34.241715,0.859096,31.962087,0.948016,5,0.079547,32.961083,38.529986,34.458372,0.876295,0.390725,0.327719,13.489,cuda
bsrnet,ami,005,up,005_up,4,4,192,est,34.431854,0.846597,32.2183,0.955379,5,0.066032,32.441596,40.757163,35.280863,0.882336,0.368719,0.301518,13.49,cuda
bsrnet,ami,005,zoom,005_zoom,4,4,192,est,35.614491,0.876627,33.180987,0.960773,5,0.060768,34.120462,40.657155,36.298773,0.904464,0.367663,0.306751,13.4,cuda
bsrnet,ami,007,back,007_back,5,4,192,est,35.123064,0.866694,32.791788,0.955029,5,0.074294,33.994854,39.696525,35.172851,0.889475,0.332759,0.347258,13.411,cuda
bsrnet,ami,007,down,007_down,5,4,192,est,35.359522,0.869209,33.289652,0.965638,5,0.054838,33.457944,42.609601,36.861403,0.919113,0.360683,0.308823,13.51,cuda
bsrnet,ami,007,front,007_front,5,4,192,est,35.681402,0.877581,33.657448,0.967493,5,0.057532,33.861297,42.59557,37.107298,0.921921,0.334514,0.322324,13.482,cuda
bsrnet,ami,007,left,007_left,5,4,192,est,34.819837,0.858181,32.736535,0.953039,5,0.076372,33.239063,40.228521,35.996281,0.896843,0.397487,0.347479,13.482,cuda
bsrnet,ami,007,right,007_right,5,4,192,est,36.312697,0.894359,34.244614,0.973256,5,0.050199,34.189533,43.132898,36.854325,0.912055,0.288858,0.312353,13.507,cuda
bsrnet,ami,007,up,007_up,5,4,192,est,34.083731,0.852131,32.05202,0.950645,5,0.084354,32.703476,38.962689,35.090989,0.896385,0.388485,0.339041,13.494,cuda
bsrnet,ami,007,zoom,007_zoom,5,4,192,est,35.745672,0.889298,33.616073,0.968156,5,0.057429,34.189701,41.12922,36.729901,0.919806,0.36684,0.333467,13.495,cuda
bsrnet,ami,008,back,008_back,5,4,192,est,34.674584,0.878138,32.511824,0.958635,5,0.068688,34.014711,38.752547,34.718458,0.893129,0.335072,0.338913,13.493,cuda
bsrnet,ami,008,down,008_down,5,4,192,est,35.459413,0.88357,33.430154,0.969944,5,0.05288,34.016721,41.83043,35.963382,0.914178,0.364701,0.319169,13.489,cuda
bsrnet,ami,008,front,008_front,5,4,192,est,34.565789,0.871809,32.67314,0.969361,5,0.055887,32.989904,41.707087,35.429968,0.906509,0.340457,0.325263,13.487,cuda
bsrnet,ami,008,left,008_left,5,4,192,est,34.550087,0.858968,32.518253,0.956459,5,0.075764,33.227021,39.876787,34.640819,0.880874,0.391028,0.362039,13.49,cuda
bsrnet,ami,008,right,008_right,5,4,192,est,34.280996,0.865382,32.299808,0.961618,5,0.066795,33.031337,39.49333,34.792161,0.889247,0.321922,0.34711,13.495,cuda
bsrnet,ami,008,up,008_up,5,4,192,est,34.418676,0.86924,32.570501,0.964951,5,0.061748,33.247882,40.732711,35.198344,0.898051,0.316515,0.329838,13.429,cuda
bsrnet,ami,008,zoom,008_zoom,5,4,192,est,35.06028,0.885078,33.082412,0.966801,5,0.060923,33.673407,40.427553,36.259637,0.920833,0.326626,0.339865,13.409,cuda
bsrnet,ami,009,back,009_back,4,4,192,est,34.710645,0.882346,32.529776,0.964226,5,0.063011,33.345898,39.618146,35.538035,0.909199,0.342805,0.315757,13.485,cuda
bsrnet,ami,009,down,009_down,4,4,192,est,35.285438,0.891742,33.151078,0.972466,5,0.050494,33.767029,41.158886,36.898211,0.923957,0.353302,0.311065,13.474,cuda
bsrnet,ami,009,front,009_front,4,4,192,est,34.877169,0.881955,32.815119,0.966188,5,0.05899,33.488756,39.817899,35.65908,0.911784,0.352116,0.329231,13.489,cuda
bsrnet,ami,009,left,009_left,4,4,192,est,34.525498,0.870949,32.402626,0.953556,5,0.079755,34.136987,38.025366,35.236598,0.898966,0.408945,0.343887,13.495,cuda
bsrnet,ami,009,right,009_right,4,4,192,est,34.297701,0.869566,32.26405,0.956563,5,0.072869,33.73008,37.899147,34.635424,0.879695,0.341643,0.314504,13.49,cuda
bsrnet,ami,009,up,009_up,4,4,192,est,33.822227,0.861703,31.893494,0.962307,5,0.060164,32.595277,39.419453,34.838679,0.878842,0.316909,0.270463,13.491,cuda
bsrnet,ami,009,zoom,009_zoom,4,4,192,est,33.948363,0.888202,31.902497,0.963211,5,0.063491,32.778484,37.868805,36.238376,0.907302,0.360209,0.324564,13.494,cuda
bsrnet,ami,010,back,010_back,2,4,192,est,34.913711,0.843486,32.769338,0.952659,5,0.063725,33.314637,40.407254,35.19013,0.873072,0.376171,0.314021,13.482,cuda
bsrnet,ami,010,down,010_down,2,4,192,est,34.429492,0.841564,32.178478,0.950209,5,0.076267,32.909533,39.32952,34.806711,0.8809,0.434381,0.355969,13.417,cuda
bsrnet,ami,010,front,010_front,2,4,192,est,35.131368,0.851193,32.925701,0.962709,5,0.059018,33.000209,42.909909,35.98331,0.891037,0.390463,0.30973,13.412,cuda
bsrnet,ami,010,left,010_left,2,4,192,est,35.226163,0.855536,33.041292,0.959495,5,0.060234,33.312944,41.392637,35.877111,0.893735,0.398642,0.326149,13.495,cuda
bsrnet,ami,010,right,010_right,2,4,192,est,35.49101,0.861292,33.232414,0.964775,5,0.054994,33.532301,42.527391,36.32731,0.901326,0.381126,0.303826,13.489,cuda
bsrnet,ami,010,up,010_up,2,4,192,est,34.380127,0.843087,32.092759,0.947815,5,0.075767,32.864083,39.188092,34.799715,0.8742,0.417818,0.372199,13.5,cuda
bsrnet,ami,010,zoom,010_zoom,2,4,192,est,35.721683,0.871234,33.39056,0.964481,5,0.06374,33.977575,41.744173,36.481881,0.89874,0.373437,0.314735,13.509,cuda
bsrnet,ami,011,back,011_back,5,4,192,est,34.177739,0.872249,31.84705,0.956608,5,0.075593,33.614311,38.038286,34.416207,0.90147,0.363904,0.340917,13.487,cuda
bsrnet,ami,011,down,011_down,5,4,192,est,35.129559,0.874725,32.900596,0.969556,5,0.054371,33.405193,41.922862,35.906749,0.912813,0.348078,0.295852,13.489,cuda
bsrnet,ami,011,front,011_front,5,4,192,est,34.691206,0.866714,32.574002,0.967231,5,0.054651,33.074639,41.478308,35.859123,0.908128,0.348008,0.27804,13.491,cuda
bsrnet,ami,011,left,011_left,5,4,192,est,35.506003,0.87205,33.264819,0.968577,5,0.052878,33.779525,42.388018,36.698131,0.918968,0.345518,0.287006,13.493,cuda
bsrnet,ami,011,right,011_right,5,4,192,est,35.156978,0.882358,32.963212,0.967646,5,0.052894,33.737671,41.099622,35.355106,0.908553,0.332764,0.312121,13.495,cuda
bsrnet,ami,011,up,011_up,5,4,192,est,35.012425,0.869136,32.773221,0.967902,5,0.060576,33.13294,41.984076,36.455493,0.91367,0.363832,0.29135,13.497,cuda
bsrnet,ami,011,zoom,011_zoom,5,4,192,est,35.479509,0.891724,33.22935,0.971169,5,0.05517,34.18893,41.022895,36.272136,0.915542,0.342832,0.290899,13.485,cuda
bsrnet,ami,012,back,012_back,3,4,192,est,36.499569,0.916987,34.185428,0.969405,5,0.056324,36.156586,39.893668,35.314365,0.908656,0.283866,0.304943,13.418,cuda
bsrnet,ami,012,down,012_down,3,4,192,est,37.519718,0.927578,35.108889,0.980694,5,0.040195,36.125492,42.672251,37.342127,0.935259,0.274938,0.298633,13.409,cuda
bsrnet,ami,012,front,012_front,3,4,192,est,35.748203,0.900106,33.36487,0.964439,5,0.06443,34.982308,39.346144,35.21396,0.901018,0.315544,0.329183,13.515,cuda
bsrnet,ami,012,left,012_left,3,4,192,est,38.075166,0.929575,35.550017,0.978974,5,0.039796,37.13433,42.366993,38.086775,0.939866,0.280976,0.307593,13.481,cuda
bsrnet,ami,012,right,012_right,3,4,192,est,36.357228,0.916237,34.012651,0.970899,5,0.0567,35.500367,40.117572,35.268586,0.906757,0.288144,0.312657,13.496,cuda
bsrnet,ami,012,up,012_up,3,4,192,est,35.531634,0.894385,33.253838,0.965123,5,0.063532,34.506586,39.590276,35.451829,0.897738,0.316975,0.306301,13.484,cuda
bsrnet,ami,012,zoom,012_zoom,3,4,192,est,37.655065,0.930105,35.237207,0.980858,5,0.036817,36.395052,42.649891,36.918389,0.93245,0.260737,0.292097,13.491,cuda
bsrnet,ami,013,back,013_back,1,4,192,est,34.435361,0.869376,32.381137,0.965097,5,0.064227,31.830219,41.608792,36.614426,0.915373,0.317338,0.301785,13.491,cuda
bsrnet,ami,013,down,013_down,1,4,192,est,34.941987,0.870501,32.586101,0.956786,5,0.072845,33.156854,39.853482,35.780833,0.902674,0.404244,0.312252,13.498,cuda
bsrnet,ami,013,front,013_front,1,4,192,est,34.960054,0.873596,32.510307,0.955388,5,0.079146,33.658498,39.58655,35.622565,0.903518,0.375597,0.318876,13.488,cuda
bsrnet,ami,013,left,013_left,1,4,192,est,35.130662,0.87342,32.891082,0.956693,5,0.075268,33.682164,39.744405,35.715452,0.902495,0.37677,0.316992,13.428,cuda
bsrnet,ami,013,right,013_right,1,4,192,est,35.319893,0.876783,33.020861,0.956749,5,0.069186,34.195248,39.959634,35.809789,0.899145,0.366939,0.309781,13.407,cuda
bsrnet,ami,013,up,013_up,1,4,192,est,34.188431,0.853261,31.957635,0.948811,5,0.078394,32.701959,39.16639,34.633413,0.886771,0.397577,0.324073,13.51,cuda
bsrnet,ami,013,zoom,013_zoom,1,4,192,est,35.97593,0.900472,33.646573,0.968857,5,0.05659,34.445549,41.327122,37.276574,0.924217,0.359237,0.294088,13.496,cuda
bsrnet,ami,014,back,014_back,5,4,192,est,35.652809,0.867023,33.456729,0.964615,5,0.054136,33.971996,41.902073,35.278379,0.871007,0.335695,0.326574,13.491,cuda
bsrnet,ami,014,down,014_down,5,4,192,est,34.385088,0.847761,32.229427,0.948375,5,0.075857,33.262596,38.530797,34.137881,0.866065,0.411996,0.34452,13.502,cuda
bsrnet,ami,014,front,014_front,5,4,192,est,36.022917,0.880253,33.825737,0.9672,5,0.051125,34.544543,41.45304,35.855742,0.888466,0.338376,0.312228,13.494,cuda
bsrnet,ami,014,left,014_left,5,4,192,est,35.889163,0.869036,33.694016,0.963826,5,0.058727,34.250863,41.953291,36.004734,0.889121,0.37273,0.322137,13.492,cuda
bsrnet,ami,014,right,014_right,5,4,192,est,34.436254,0.864806,32.365032,0.954752,5,0.074685,33.475587,38.362844,33.99543,0.855482,0.336872,0.320821,13.489,cuda
bsrnet,ami,014,up,014_up,5,4,192,est,35.387797,0.869688,33.21314,0.964309,5,0.0532,34.020007,40.882442,35.680892,0.880098,0.3278,0.296333,13.494,cuda
bsrnet,ami,014,zoom,014_zoom,5,4,192,est,34.312723,0.852704,32.121173,0.951644,5,0.069975,33.544225,38.134412,34.467085,0.861817,0.367645,0.33957,13.497,cuda
bsrnet,ami,018,back,018_back,1,4,192,est,36.590855,0.923232,34.236432,0.972169,5,0.054915,35.384504,40.592713,35.459454,0.918411,0.23469,0.339286,13.49,cuda
bsrnet,ami,018,down,018_down,1,4,192,est,36.361665,0.930026,34.279038,0.97593,5,0.047737,34.560326,40.892923,35.031598,0.927424,0.226851,0.349246,13.499,cuda
bsrnet,ami,018,front,018_front,1,4,192,est,37.13331,0.935548,35.054203,0.979413,5,0.040152,35.269688,41.854563,35.909811,0.932877,0.216121,0.335272,13.418,cuda
bsrnet,ami,018,left,018_left,1,4,192,est,37.454859,0.936836,35.279464,0.977914,5,0.039406,36.254274,41.16406,36.285661,0.93208,0.237134,0.344048,13.414,cuda
bsrnet,ami,018,right,018_right,1,4,192,est,36.817794,0.931135,34.403524,0.975783,5,0.049091,35.202634,40.910709,35.329309,0.920107,0.231372,0.349314,13.497,cuda
bsrnet,ami,018,up,018_up,1,4,192,est,36.236111,0.93342,34.254487,0.976472,5,0.044962,34.815128,40.093523,34.98207,0.928306,0.225701,0.351012,13.493,cuda
bsrnet,ami,018,zoom,018_zoom,1,4,192,est,36.974514,0.9391,34.872073,0.981655,5,0.039418,35.280609,42.214461,35.456854,0.932355,0.176787,0.318696,13.498,cuda
bsrnet,ami,019,back,019_back,4,4,192,est,34.849312,0.910574,32.534344,0.966152,5,0.060046,33.730161,39.092347,34.543805,0.905336,0.284524,0.333377,13.501,cuda
bsrnet,ami,019,down,019_down,4,4,192,est,34.409935,0.896587,32.20375,0.96539,5,0.066745,33.143768,38.796243,34.003299,0.899203,0.28984,0.329828,13.497,cuda
bsrnet,ami,019,front,019_front,4,4,192,est,33.979367,0.88646,31.839227,0.95929,5,0.066291,32.700301,38.180367,33.324624,0.884963,0.316023,0.329498,13.497,cuda
bsrnet,ami,019,left,019_left,4,4,192,est,34.470763,0.897401,32.286517,0.964903,5,0.066884,33.451945,38.584673,34.128416,0.899313,0.304096,0.326078,13.499,cuda
bsrnet,ami,019,right,019_right,4,4,192,est,33.879923,0.896755,31.800564,0.961451,5,0.070179,32.414792,38.18595,33.257198,0.886089,0.289359,0.332771,13.497,cuda
bsrnet,ami,019,up,019_up,4,4,192,est,34.156847,0.888094,32.016359,0.959712,5,0.070132,32.892643,38.237854,33.581312,0.884807,0.317865,0.334563,13.49,cuda
bsrnet,ami,019,zoom,019_zoom,4,4,192,est,34.027652,0.894821,31.87123,0.963386,5,0.069234,32.51664,38.279097,34.365447,0.900023,0.287312,0.327347,13.489,cuda
bsrnet,ami,020,back,020_back,1,4,192,est,35.862347,0.896487,33.411187,0.961369,5,0.062395,35.187623,39.601455,35.331063,0.906369,0.280973,0.295402,13.49,cuda
bsrnet,ami,020,down,020_down,1,4,192,est,35.374689,0.875518,33.034135,0.957076,5,0.073426,34.081409,39.810207,35.407104,0.894751,0.383353,0.335962,13.414,cuda
bsrnet,ami,020,front,020_front,1,4,192,est,36.872471,0.905993,34.549378,0.974075,5,0.045019,35.649084,42.371808,36.873453,0.92253,0.325746,0.276686,13.408,cuda
bsrnet,ami,020,left,020_left,1,4,192,est,36.062214,0.893909,33.604706,0.96351,5,0.062482,35.196553,40.099464,35.983182,0.906901,0.35045,0.342544,13.504,cuda
bsrnet,ami,020,right,020_right,1,4,192,est,35.436297,0.897611,33.129685,0.965614,5,0.059615,35.045306,38.832363,35.183268,0.898898,0.311469,0.291392,13.503,cuda
bsrnet,ami,020,up,020_up,1,4,192,est,34.799727,0.869777,32.507196,0.950915,5,0.074201,34.235862,38.551009,34.675353,0.87872,0.34388,0.314607,13.507,cuda
bsrnet,ami,020,zoom,020_zoom,1,4,192,est,36.842025,0.913121,34.457711,0.974473,5,0.046094,35.653575,41.750195,36.781304,0.926908,0.300544,0.304545,13.501,cuda
bsrnet,ami,021,back,021_back,2,4,192,est,34.508695,0.848909,32.319979,0.942096,5,0.083743,33.377716,38.883086,35.093516,0.888734,0.400569,0.354687,13.474,cuda
bsrnet,ami,021,down,021_down,2,4,192,est,35.54368,0.865631,33.379908,0.961109,5,0.062639,33.578373,41.977391,36.93571,0.914327,0.416449,0.322016,13.483,cuda
bsrnet,ami,021,front,021_front,2,4,192,est,34.927593,0.856289,32.711385,0.945668,5,0.080419,33.654771,39.273919,35.480141,0.892295,0.426116,0.365533,13.497,cuda
bsrnet,ami,021,left,021_left,2,4,192,est,36.325834,0.880913,34.131373,0.960622,5,0.061837,34.669519,41.64349,37.31151,0.912692,0.410295,0.320903,13.492,cuda
bsrnet,ami,021,right,021_right,2,4,192,est,35.595608,0.873783,33.381689,0.955368,5,0.06937,34.520081,39.836203,35.914118,0.899933,0.36567,0.33388,13.483,cuda
bsrnet,ami,021,up,021_up,2,4,192,est,35.838313,0.878533,33.70088,0.964859,5,0.061049,34.49567,42.078919,37.077006,0.91972,0.3489,0.316139,13.488,cuda
bsrnet,ami,021,zoom,021_zoom,2,4,192,est,36.21459,0.893196,33.782615,0.961098,5,0.070384,35.125418,40.275755,36.933582,0.925621,0.398869,0.343833,13.489,cuda
bsrnet,ami,022,back,022_back,2,4,192,est,37.5509,0.93899,35.363449,0.978189,5,0.042787,36.695877,41.102379,36.049874,0.929064,0.215836,0.291611,13.402,cuda
bsrnet,ami,022,down,022_down,2,4,192,est,38.385676,0.938765,35.857506,0.979073,5,0.041836,37.610262,42.183228,37.307999,0.933902,0.23376,0.304856,13.412,cuda
bsrnet,ami,022,front,022_front,2,4,192,est,36.564603,0.926697,34.266853,0.970544,5,0.05527,36.459398,39.338612,35.251922,0.914372,0.240209,0.302928,13.499,cuda
bsrnet,ami,022,left,022_left,2,4,192,est,38.09998,0.938865,35.807234,0.974063,5,0.047645,37.899847,41.037329,36.971722,0.929919,0.249517,0.28703,13.485,cuda
bsrnet,ami,022,right,022_right,2,4,192,est,36.811609,0.930884,34.474811,0.97482,5,0.050732,35.464768,40.508047,35.252632,0.917444,0.251127,0.310813,13.493,cuda
bsrnet,ami,022,up,022_up,2,4,192,est,36.314541,0.92421,34.004032,0.969249,5,0.065037,36.1126,39.126313,35.407123,0.915944,0.241517,0.30827,13.493,cuda
bsrnet,ami,022,zoom,022_zoom,2,4,192,est,37.253142,0.933548,34.715218,0.972897,5,0.051194,37.464273,39.821093,36.304291,0.927489,0.214782,0.281201,13.479,cuda
bsrnet,ami,023,back,023_back,5,4,192,est,34.265019,0.850352,32.139233,0.946025,5,0.08454,33.164783,38.484874,34.715954,0.885224,0.329679,0.323474,13.483,cuda
bsrnet,ami,023,down,023_down,5,4,192,est,34.994533,0.87345,32.775212,0.952021,5,0.07814,34.260837,38.55674,35.503705,0.911373,0.352467,0.327821,13.487,cuda
bsrnet,ami,023,front,023_front,5,4,192,est,35.119454,0.870782,32.877952,0.954582,5,0.073076,34.037196,39.33495,35.337722,0.90079,0.34638,0.325196,13.492,cuda
bsrnet,ami,023,left,023_left,5,4,192,est,37.499747,0.911053,35.271396,0.96809,5,0.053264,36.451884,41.466445,37.83913,0.929647,0.356226,0.323313,13.483,cuda
bsrnet,ami,023,right,023_right,5,4,192,est,35.474701,0.883518,33.139126,0.960702,5,0.066528,34.346892,39.881875,35.591989,0.901933,0.335341,0.323419,13.5,cuda
bsrnet,ami,023,up,023_up,5,4,192,est,36.090524,0.889631,33.911833,0.968471,5,0.055094,34.533626,41.625803,36.76479,0.921946,0.297983,0.313216,13.47,cuda
bsrnet,ami,023,zoom,023_zoom,5,4,192,est,35.731632,0.899071,33.38783,0.963682,5,0.065903,35.405211,39.150082,36.942515,0.932209,0.292443,0.322311,13.405,cuda
bsrnet,ami,024,back,024_back,3,4,192,est,35.450796,0.89647,33.305531,0.964384,5,0.064163,34.696061,38.850972,34.454454,0.895378,0.265797,0.305138,13.422,cuda
bsrnet,ami,024,down,024_down,3,4,192,est,37.262247,0.918408,34.990968,0.973862,5,0.050051,35.947824,41.388081,36.920372,0.924708,0.260871,0.284459,13.482,cuda
bsrnet,ami,024,front,024_front,3,4,192,est,36.653165,0.910037,34.569871,0.971665,5,0.050869,35.598626,40.752837,36.387668,0.923603,0.248626,0.289848,13.488,cuda
bsrnet,ami,024,left,024_left,3,4,192,est,37.765618,0.916171,35.570644,0.975181,5,0.045481,36.069119,43.001508,37.501387,0.926923,0.25754,0.301693,13.478,cuda
bsrnet,ami,024,right,024_right,3,4,192,est,35.528542,0.913534,33.455161,0.966733,5,0.067208,34.288422,38.995339,34.246887,0.912665,0.228356,0.31841,13.503,cuda
bsrnet,ami,024,up,024_up,3,4,192,est,35.765487,0.89928,33.709162,0.968826,5,0.059115,34.691254,39.948662,35.476677,0.905516,0.267265,0.306775,13.491,cuda
bsrnet,ami,024,zoom,024_zoom,3,4,192,est,35.561747,0.899828,33.377948,0.967429,5,0.063638,34.952748,38.884809,35.245044,0.911654,0.255522,0.311374,13.51,cuda
bsrnet,ami,025,back,025_back,2,4,192,est,34.752519,0.870949,32.642874,0.956062,5,0.080597,33.528875,39.269536,35.382486,0.905651,0.336252,0.323179,13.496,cuda
bsrnet,ami,025,down,025_down,2,4,192,est,35.178514,0.887305,32.861256,0.963158,5,0.067226,34.369024,39.473092,35.894979,0.919716,0.290802,0.331123,13.517,cuda
bsrnet,ami,025,front,025_front,2,4,192,est,36.158465,0.900955,33.946997,0.974253,5,0.051334,34.785224,42.217775,37.525611,0.940152,0.263223,0.290404,13.516,cuda
bsrnet,ami,025,left,025_left,2,4,192,est,35.375635,0.886669,33.198796,0.959204,5,0.073262,34.56947,39.353004,36.198492,0.920432,0.313203,0.334155,13.488,cuda
bsrnet,ami,025,right,025_right,2,4,192,est,35.333731,0.893343,33.094544,0.963299,5,0.070365,34.165149,39.303184,35.793002,0.912008,0.277322,0.30625,13.484,cuda
bsrnet,ami,025,up,025_up,2,4,192,est,35.654573,0.895608,33.555698,0.970967,5,0.055988,34.456724,41.257627,36.739972,0.933598,0.248889,0.303673,13.418,cuda
bsrnet,ami,025,zoom,025_zoom,2,4,192,est,36.552982,0.920984,34.17759,0.973545,5,0.054962,36.047127,40.201509,37.296041,0.942804,0.226105,0.293621,13.401,cuda
bsrnet,ami,026,back,026_back,1,4,192,est,34.437522,0.888035,32.020887,0.958963,5,0.073556,33.477656,37.724527,33.444321,0.892969,0.302052,0.312397,13.494,cuda
bsrnet,ami,026,down,026_down,1,4,192,est,36.651112,0.919085,34.416418,0.974571,5,0.044308,35.675889,40.179181,36.144121,0.933055,0.283923,0.303089,13.509,cuda
bsrnet,ami,026,front,026_front,1,4,192,est,35.048723,0.898568,32.635029,0.962711,5,0.062184,34.675538,37.990566,34.733763,0.912967,0.313215,0.343432,13.502,cuda
bsrnet,ami,026,left,026_left,1,4,192,est,36.957971,0.923471,34.758625,0.971924,5,0.047239,36.085737,40.275966,36.185378,0.929509,0.304076,0.310105,13.495,cuda
bsrnet,ami,026,right,026_right,1,4,192,est,36.541197,0.914223,34.242451,0.972266,5,0.054568,35.793359,39.987419,36.196188,0.922903,0.291594,0.316873,13.504,cuda
bsrnet,ami,026,up,026_up,1,4,192,est,35.379975,0.893231,33.204858,0.961579,5,0.067184,34.616943,38.69017,35.357095,0.908491,0.306886,0.329421,13.489,cuda
bsrnet,ami,026,zoom,026_zoom,1,4,192,est,36.585574,0.922731,34.375791,0.975334,5,0.047516,35.618959,40.209821,36.348095,0.934366,0.272516,0.307116,13.502,cuda
bsrnet,ami,027,back,027_back,3,4,192,est,37.787867,0.926968,35.451152,0.978334,5,0.036421,36.37276,42.456792,36.988562,0.926606,0.260445,0.311682,13.497,cuda
bsrnet,ami,027,down,027_down,3,4,192,est,34.71875,0.880205,32.734352,0.957038,5,0.073262,34.064709,38.070583,34.003217,0.889171,0.309666,0.332696,13.423,cuda
bsrnet,ami,027,front,027_front,3,4,192,est,35.867952,0.898406,33.709203,0.966136,5,0.06387,34.800831,39.734021,35.581152,0.910422,0.286504,0.318116,13.412,cuda
bsrnet,ami,027,left,027_left,3,4,192,est,35.471964,0.89429,33.381985,0.96415,5,0.066207,34.4356,39.301054,34.891326,0.905255,0.293473,0.328534,13.504,cuda
bsrnet,ami,027,right,027_right,3,4,192,est,35.658744,0.894305,33.426755,0.964925,5,0.063253,34.533471,39.628738,35.376035,0.906533,0.265697,0.314792,13.476,cuda
bsrnet,ami,027,up,027_up,3,4,192,est,36.693662,0.90785,34.604147,0.976628,5,0.045017,35.036182,42.499173,36.551787,0.919851,0.249139,0.302537,13.496,cuda
bsrnet,ami,027,zoom,027_zoom,3,4,192,est,35.525752,0.895556,33.434549,0.964751,5,0.064007,34.896277,39.047776,35.280029,0.901801,0.285912,0.32389,13.502,cuda
bsrnet,ami,028,back,028_back,2,4,192,est,36.449373,0.925403,34.266456,0.976751,5,0.038387,34.740953,42.295557,34.879384,0.919318,0.225019,0.282436,13.489,cuda
bsrnet,ami,028,down,028_down,2,4,192,est,34.572725,0.880342,32.394932,0.959194,5,0.06881,33.469022,38.976702,33.634761,0.875635,0.330719,0.329213,13.497,cuda
bsrnet,ami,028,front,028_front,2,4,192,est,34.477645,0.880379,32.306655,0.956043,5,0.068043,33.609994,38.36424,33.532841,0.871821,0.319397,0.315303,13.497,cuda
bsrnet,ami,028,left,028_left,2,4,192,est,36.417458,0.913337,34.307027,0.974842,5,0.046089,34.799097,41.924389,35.43091,0.909779,0.281858,0.295492,13.474,cuda
bsrnet,ami,028,right,028_right,2,4,192,est,34.156688,0.868263,32.133536,0.952842,5,0.067972,32.866373,38.900797,32.999924,0.858932,0.325104,0.305131,13.491,cuda
bsrnet,ami,028,up,028_up,2,4,192,est,35.56392,0.897495,33.450007,0.970453,5,0.051145,34.031119,41.050702,35.097071,0.900596,0.270379,0.289074,13.479,cuda
bsrnet,ami,028,zoom,028_zoom,2,4,192,est,35.780402,0.905381,33.663791,0.970509,5,0.049418,34.726949,40.605506,34.847588,0.899233,0.266413,0.291129,13.503,cuda
bsrnet,ami,029,back,029_back,5,4,192,est,35.724794,0.869672,33.479064,0.963209,5,0.059914,33.972625,41.761268,36.098615,0.899853,0.322749,0.299823,13.425,cuda
bsrnet,ami,029,down,029_down,5,4,192,est,34.271311,0.848872,32.093724,0.94387,5,0.09001,32.955297,38.337479,34.361911,0.881436,0.41289,0.360848,13.452,cuda
bsrnet,ami,029,front,029_front,5,4,192,est,34.252445,0.845521,32.030709,0.944788,5,0.088567,32.849643,38.710185,34.688267,0.877839,0.404508,0.345392,13.513,cuda
bsrnet,ami,029,left,029_left,5,4,192,est,34.826801,0.85797,32.583897,0.950154,5,0.072695,33.849062,39.135996,34.673534,0.875188,0.410425,0.340825,13.506,cuda
bsrnet,ami,029,right,029_right,5,4,192,est,34.075365,0.846915,31.966265,0.945177,5,0.078918,32.889344,38.165236,33.585861,0.859328,0.354038,0.342275,13.503,cuda
bsrnet,ami,029,up,029_up,5,4,192,est,34.857203,0.863628,32.707945,0.96105,5,0.056874,33.528382,40.471153,35.298607,0.888718,0.337864,0.290225,13.499,cuda
bsrnet,ami,029,zoom,029_zoom,5,4,192,est,35.615164,0.881456,33.427463,0.964815,5,0.057284,34.40813,40.531644,35.972995,0.902787,0.364662,0.322508,13.495,cuda
bsrnet,ami,030,back,030_back,1,4,192,est,35.027043,0.877394,32.729147,0.960269,5,0.067979,34.084673,38.89254,34.827493,0.891719,0.310628,0.322801,13.477,cuda
bsrnet,ami,030,down,030_down,1,4,192,est,35.270768,0.874618,33.179259,0.956836,5,0.064029,34.574466,38.9672,35.203585,0.897038,0.351083,0.325696,13.493,cuda
bsrnet,ami,030,front,030_front,1,4,192,est,35.255571,0.880395,33.049668,0.960561,5,0.06688,34.220655,39.164639,35.259862,0.893805,0.352549,0.329641,13.495,cuda
bsrnet,ami,030,left,030_left,1,4,192,est,36.039694,0.885315,33.884044,0.963535,5,0.065669,34.950538,40.346753,36.40183,0.906528,0.339593,0.33841,13.492,cuda
bsrnet,ami,030,right,030_right,1,4,192,est,35.673336,0.893931,33.690848,0.968031,5,0.061221,34.404103,39.950591,35.647437,0.901117,0.303059,0.303092,13.483,cuda
bsrnet,ami,030,up,030_up,1,4,192,est,34.399981,0.858417,32.244818,0.952002,5,0.078977,32.968198,38.818279,34.571048,0.867868,0.338572,0.313096,13.491,cuda
bsrnet,ami,030,zoom,030_zoom,1,4,192,est,35.285655,0.883197,33.145084,0.96356,5,0.065952,34.067601,39.492381,35.149104,0.888959,0.333952,0.317074,13.424,cuda
bsrnet,ami,031,back,031_back,5,4,192,est,35.464337,0.893164,32.971353,0.961932,5,0.061315,34.743498,39.237536,34.626481,0.887694,0.308231,0.345093,13.41,cuda
bsrnet,ami,031,down,031_down,5,4,192,est,34.673428,0.882003,32.311273,0.959987,5,0.068064,33.659795,38.524957,33.859159,0.876554,0.346687,0.329295,13.505,cuda
bsrnet,ami,031,front,031_front,5,4,192,est,36.240912,0.901221,33.812012,0.97441,5,0.053071,34.558823,42.053869,35.552848,0.899804,0.300141,0.305936,13.489,cuda
bsrnet,ami,031,left,031_left,5,4,192,est,34.92223,0.886506,32.533288,0.962285,5,0.065821,34.232743,38.725444,34.192664,0.883413,0.3609,0.333408,13.494,cuda
bsrnet,ami,031,right,031_right,5,4,192,est,34.563797,0.877561,32.222409,0.955217,5,0.073249,33.700856,38.176005,33.671031,0.871215,0.335539,0.339708,13.497,cuda
bsrnet,ami,031,up,031_up,5,4,192,est,35.118009,0.886781,32.652823,0.963234,5,0.062491,34.083972,39.411527,34.490357,0.881325,0.339426,0.332689,13.479,cuda
bsrnet,ami,031,zoom,031_zoom,5,4,192,est,36.059665,0.899085,33.592907,0.971455,5,0.053314,34.700042,41.209599,35.219477,0.892547,0.327951,0.298918,13.487,cuda
bsrnet,ami,032,back,032_back,3,4,192,est,36.338248,0.920251,33.637914,0.971621,5,0.062155,34.81794,40.35761,35.043772,0.91365,0.22209,0.307732,13.498,cuda
bsrnet,ami,032,down,032_down,3,4,192,est,37.331784,0.934399,35.068439,0.976055,5,0.045192,36.593958,40.805417,36.318094,0.928462,0.207538,0.291375,13.49,cuda
bsrnet,ami,032,front,032_front,3,4,192,est,37.631483,0.941927,35.238263,0.97956,5,0.047003,36.451372,41.581066,36.25729,0.933255,0.197297,0.289147,13.498,cuda
bsrnet,ami,032,left,032_left,3,4,192,est,37.994186,0.941094,35.462943,0.982143,5,0.036546,36.158795,43.169448,36.80301,0.938215,0.194676,0.302209,13.494,cuda
bsrnet,ami,032,right,032_right,3,4,192,est,36.645377,0.929605,34.103875,0.975049,5,0.060008,35.108316,40.693213,35.077153,0.914161,0.221937,0.311417,13.496,cuda
bsrnet,ami,032,up,032_up,3,4,192,est,36.103418,0.924106,33.861059,0.971583,5,0.05494,35.447291,39.426659,35.038624,0.918695,0.229002,0.305403,13.42,cuda
bsrnet,ami,032,zoom,032_zoom,3,4,192,est,36.786076,0.93494,34.257779,0.976525,5,0.049021,35.891264,40.37485,35.426592,0.924402,0.202876,0.283834,13.436,cuda
bsrnet,ami,033,back,033_back,3,4,192,est,35.969403,0.908369,33.591821,0.9676,5,0.063302,35.734715,38.926843,35.271734,0.902527,0.293559,0.32644,13.506,cuda
bsrnet,ami,033,down,033_down,3,4,192,est,36.966892,0.923624,34.788416,0.974696,5,0.045358,36.47534,40.398289,36.460121,0.927669,0.278917,0.314108,13.481,cuda
bsrnet,ami,033,front,033_front,3,4,192,est,36.446045,0.911068,34.255175,0.969962,5,0.053826,35.988753,39.658749,35.92129,0.912113,0.300107,0.297089,13.495,cuda
bsrnet,ami,033,left,033_left,3,4,192,est,38.595912,0.937573,36.227018,0.97929,5,0.040107,37.775058,42.315364,38.312043,0.939796,0.253628,0.305698,13.505,cuda
bsrnet,ami,033,right,033_right,3,4,192,est,37.340853,0.923754,35.174875,0.978009,5,0.041117,36.052783,42.041836,36.307824,0.914254,0.240375,0.277706,13.5,cuda
bsrnet,ami,033,up,033_up,3,4,192,est,35.812004,0.90832,33.622189,0.96465,5,0.057311,36.01006,38.343342,35.67278,0.903686,0.309222,0.319937,13.511,cuda
bsrnet,ami,033,zoom,033_zoom,3,4,192,est,37.896466,0.928615,35.526734,0.978926,5,0.034751,37.234222,42.138587,37.394414,0.926809,0.259923,0.289412,13.481,cuda
bsrnet,ami,034,back,034_back,4,4,192,est,33.361872,0.835962,31.39096,0.949062,5,0.083477,31.872152,38.943036,34.728857,0.890542,0.318996,0.330424,13.471,cuda
bsrnet,ami,034,down,034_down,4,4,192,est,33.925493,0.855298,32.059834,0.957236,5,0.075357,32.644312,39.310994,35.331622,0.906505,0.344254,0.315962,13.504,cuda
bsrnet,ami,034,front,034_front,4,4,192,est,33.446536,0.844681,31.541052,0.949451,5,0.084794,32.722816,38.1249,35.12095,0.901261,0.375779,0.335672,13.491,cuda
bsrnet,ami,034,left,034_left,4,4,192,est,33.435769,0.841698,31.682109,0.949466,5,0.083613,32.725959,38.261845,35.298073,0.902644,0.383744,0.352924,13.494,cuda
bsrnet,ami,034,right,034_right,4,4,192,est,34.767698,0.871547,32.850101,0.963738,5,0.061353,33.503756,41.001237,35.902229,0.910568,0.285124,0.293924,13.418,cuda
bsrnet,ami,034,up,034_up,4,4,192,est,33.024907,0.830419,31.187992,0.948251,5,0.088003,31.903926,38.447532,34.96868,0.892738,0.346878,0.320965,13.401,cuda
bsrnet,ami,034,zoom,034_zoom,4,4,192,est,35.562266,0.896971,33.576203,0.970218,5,0.057599,34.686159,40.627874,37.665178,0.937925,0.302099,0.304279,13.492,cuda
bsrnet,ami,035,back,035_back,5,4,192,est,36.357143,0.916232,34.033417,0.964554,5,0.05884,36.316787,39.171272,35.350783,0.912587,0.277925,0.338355,13.481,cuda
bsrnet,ami,035,down,035_down,5,4,192,est,37.811541,0.924954,35.457909,0.975182,5,0.043132,36.654243,41.850283,37.611449,0.939025,0.292848,0.326946,13.489,cuda
bsrnet,ami,035,front,035_front,5,4,192,est,36.744261,0.917317,34.726217,0.969712,5,0.051568,36.09399,40.016246,36.168762,0.922805,0.294145,0.328559,13.503,cuda
bsrnet,ami,035,left,035_left,5,4,192,est,36.601637,0.915846,34.245163,0.963403,5,0.052147,36.506564,39.413955,35.83909,0.918531,0.32035,0.355569,13.497,cuda
bsrnet,ami,035,right,035_right,5,4,192,est,36.368419,0.911991,34.091513,0.968067,5,0.056957,36.139935,39.466607,35.882145,0.912135,0.30095,0.314535,13.469,cuda
bsrnet,ami,035,up,035_up,5,4,192,est,36.860776,0.915867,34.517632,0.971234,5,0.049617,36.171625,40.285094,36.50628,0.92243,0.297696,0.328625,13.499,cuda
bsrnet,ami,035,zoom,035_zoom,5,4,192,est,36.164156,0.911167,33.919224,0.96693,5,0.058008,36.025512,38.98977,35.892197,0.919814,0.322616,0.334755,13.494,cuda
bsrnet,ami,036,back,036_back,2,4,192,est,36.087558,0.892304,33.936925,0.96404,5,0.058051,34.88158,40.607236,36.267332,0.916615,0.308329,0.310776,13.481,cuda
bsrnet,ami,036,down,036_down,2,4,192,est,35.99614,0.890146,33.796522,0.96208,5,0.070792,34.626345,40.660572,36.830061,0.917967,0.356078,0.342965,13.494,cuda
bsrnet,ami,036,front,036_front,2,4,192,est,37.298412,0.907881,35.043174,0.974413,5,0.044818,35.579389,43.870785,38.551421,0.93662,0.298968,0.32413,13.494,cuda
bsrnet,ami,036,left,036_left,2,4,192,est,36.376007,0.896285,34.216089,0.961982,5,0.068019,35.298147,40.352887,37.198811,0.922416,0.387662,0.352527,13.411,cuda
bsrnet,ami,036,right,036_right,2,4,192,est,36.074778,0.903333,33.674407,0.964971,5,0.05929,35.324908,39.674125,35.746622,0.913613,0.350232,0.324818,13.429,cuda
bsrnet,ami,036,up,036_up,2,4,192,est,36.041452,0.88713,33.901017,0.965615,5,0.05853,34.4049,41.884778,37.041191,0.918586,0.295688,0.30208,13.502,cuda
bsrnet,ami,036,zoom,036_zoom,2,4,192,est,37.183783,0.917733,34.910489,0.969419,5,0.052161,36.425276,41.022768,38.193008,0.943705,0.304922,0.331336,13.491,cuda
bsrnet,ami,037,back,037_back,2,4,192,est,35.248719,0.857017,33.051154,0.953275,5,0.075626,32.743266,40.729592,35.667043,0.899509,0.371838,0.30799,13.511,cuda
bsrnet,ami,037,down,037_down,2,4,192,est,35.585426,0.872644,33.403398,0.956965,5,0.069851,33.566003,40.269398,36.126619,0.917105,0.369899,0.326945,13.489,cuda
bsrnet,ami,037,front,037_front,2,4,192,est,35.536285,0.870845,33.347452,0.955636,5,0.070418,33.584163,40.222476,35.891761,0.911503,0.370028,0.338385,13.485,cuda
bsrnet,ami,037,left,037_left,2,4,192,est,35.826835,0.876044,33.774951,0.963293,5,0.059213,33.383872,41.850808,36.322466,0.9198,0.369925,0.304438,13.494,cuda
bsrnet,ami,037,right,037_right,2,4,192,est,36.186442,0.883947,33.833515,0.963445,5,0.058726,34.024309,41.395925,36.442261,0.918293,0.366964,0.321873,13.514,cuda
bsrnet,ami,037,up,037_up,2,4,192,est,35.64992,0.870693,33.629841,0.957669,5,0.065855,33.313807,40.629332,36.449013,0.922359,0.371441,0.331268,13.497,cuda
bsrnet,ami,037,zoom,037_zoom,2,4,192,est,36.706362,0.906427,34.437958,0.972296,5,0.045262,34.725697,41.950057,37.007084,0.944516,0.295264,0.306097,13.499,cuda
bsrnet,ami,038,back,038_back,2,4,192,est,35.230175,0.878582,33.017745,0.952218,5,0.077448,34.346483,38.847085,35.464068,0.897235,0.318642,0.346361,13.494,cuda
bsrnet,ami,038,down,038_down,2,4,192,est,34.185618,0.847017,32.297598,0.950922,5,0.077772,33.06437,38.703,34.953981,0.890958,0.37272,0.335284,13.498,cuda
bsrnet,ami,038,front,038_front,2,4,192,est,35.488182,0.872807,33.522951,0.963887,5,0.05611,34.079549,41.131412,36.527274,0.914827,0.340103,0.310304,13.486,cuda
bsrnet,ami,038,left,038_left,2,4,192,est,35.815359,0.88307,33.914816,0.963698,5,0.058726,34.553582,40.725892,36.95695,0.920655,0.341899,0.322275,13.494,cuda
bsrnet,ami,038,right,038_right,2,4,192,est,35.143615,0.880207,32.878755,0.959736,5,0.066616,34.105985,39.228724,35.146453,0.8943,0.346147,0.336302,13.504,cuda
bsrnet,ami,038,up,038_up,2,4,192,est,34.663367,0.855501,32.743263,0.955393,5,0.077884,33.261329,39.776606,35.578086,0.894508,0.360826,0.335202,13.495,cuda
bsrnet,ami,038,zoom,038_zoom,2,4,192,est,35.318178,0.878625,33.297485,0.960483,5,0.067308,34.302527,39.494729,36.096736,0.916325,0.370585,0.343126,13.489,cuda
bsrnet,ami,039,back,039_back,2,4,192,est,35.678775,0.911111,33.56065,0.966328,5,0.058623,35.368779,38.588596,35.164423,0.918197,0.289859,0.312669,13.49,cuda
bsrnet,ami,039,down,039_down,2,4,192,est,35.730777,0.902561,33.55063,0.965498,5,0.067321,35.012665,39.310154,36.22664,0.922228,0.313254,0.332331,13.493,cuda
bsrnet,ami,039,front,039_front,2,4,192,est,36.177127,0.911171,33.987238,0.966832,5,0.059764,35.832954,39.046077,36.203458,0.922607,0.305335,0.328614,13.493,cuda
bsrnet,ami,039,left,039_left,2,4,192,est,36.891968,0.915832,34.731918,0.96977,5,0.0601,36.323039,40.45916,37.043274,0.92649,0.323164,0.322978,13.494,cuda
bsrnet,ami,039,right,039_right,2,4,192,est,36.087339,0.917424,33.938757,0.970322,5,0.056614,35.530596,39.207521,35.226291,0.916649,0.285802,0.321132,13.498,cuda
bsrnet,ami,039,up,039_up,2,4,192,est,36.510799,0.914395,34.268937,0.970187,5,0.054635,36.029039,39.772332,36.330437,0.920062,0.300275,0.332245,13.415,cuda
bsrnet,ami,039,zoom,039_zoom,2,4,192,est,37.595569,0.931858,35.296588,0.978563,5,0.046411,36.675324,41.253842,37.492156,0.942565,0.28293,0.309704,13.416,cuda
bsrnet,ami,040,back,040_back,4,4,192,est,36.61925,0.911739,34.327054,0.971837,5,0.050068,35.483453,40.922241,36.23293,0.918487,0.281781,0.290291,13.512,cuda
bsrnet,ami,040,down,040_down,4,4,192,est,35.017007,0.892519,32.867624,0.958451,5,0.066881,34.706529,38.247331,34.675248,0.898906,0.34666,0.3146,13.493,cuda
bsrnet,ami,040,front,040_front,4,4,192,est,35.958356,0.910062,33.813029,0.967425,5,0.05531,35.49522,39.418299,35.503878,0.915943,0.309019,0.305704,13.49,cuda
bsrnet,ami,040,left,040_left,4,4,192,est,35.950163,0.9051,33.746324,0.965111,5,0.058195,35.678792,39.332502,35.36026,0.907853,0.346472,0.320578,13.499,cuda
bsrnet,ami,040,right,040_right,4,4,192,est,34.750089,0.901539,32.598574,0.961658,5,0.065326,34.599691,37.590023,33.630973,0.890578,0.314348,0.331178,13.494,cuda
bsrnet,ami,040,up,040_up,4,4,192,est,35.447718,0.900435,33.211621,0.96506,5,0.06278,35.222536,38.865538,34.734664,0.902911,0.322373,0.333352,13.493,cuda
bsrnet,ami,040,zoom,040_zoom,4,4,192,est,36.129541,0.912491,33.753847,0.968506,5,0.057659,35.743559,39.556002,35.922118,0.920179,0.307001,0.306677,13.501,cuda
bsrnet,ami,041,back,041_back,5,4,192,est,36.129084,0.898682,34.078077,0.969854,5,0.05002,35.077635,40.650454,36.116139,0.91722,0.310682,0.304403,13.48,cuda
bsrnet,ami,041,down,041_down,5,4,192,est,36.651069,0.904652,34.604635,0.969586,5,0.055602,35.387705,40.960595,37.202947,0.933826,0.316956,0.29028,13.486,cuda
bsrnet,ami,041,front,041_front,5,4,192,est,35.072284,0.882647,33.054145,0.956547,5,0.072876,34.624853,38.296641,35.4354,0.908519,0.353337,0.326302,13.506,cuda
bsrnet,ami,041,left,041_left,5,4,192,est,36.675575,0.907501,34.552745,0.963352,5,0.062225,36.108375,39.923348,36.711188,0.924522,0.347651,0.337509,13.494,cuda
bsrnet,ami,041,right,041_right,5,4,192,est,35.188193,0.889985,33.037507,0.961573,5,0.06738,34.537467,38.744641,34.58353,0.897852,0.302171,0.318503,13.422,cuda
bsrnet,ami,041,up,041_up,5,4,192,est,35.284004,0.883298,33.226401,0.96002,5,0.068549,34.723208,38.92536,35.70451,0.911006,0.360012,0.310851,13.425,cuda
bsrnet,ami,041,zoom,041_zoom,5,4,192,est,37.680108,0.925315,35.417351,0.978615,5,0.040829,36.568654,42.601119,38.230346,0.945445,0.276619,0.276558,13.508,cuda
bsrnet,ami,042,back,042_back,4,4,192,est,35.444728,0.882602,33.307968,0.96862,5,0.058083,33.913885,41.820352,36.016147,0.915243,0.245159,0.277311,13.503,cuda
bsrnet,ami,042,down,042_down,4,4,192,est,34.08111,0.857311,32.128966,0.947789,5,0.084252,33.122641,38.073762,34.538933,0.896379,0.362742,0.337028,13.504,cuda
bsrnet,ami,042,front,042_front,4,4,192,est,33.608725,0.834413,31.714898,0.948887,5,0.092085,32.066266,38.879688,34.655841,0.888386,0.346225,0.309805,13.508,cuda
bsrnet,ami,042,left,042_left,4,4,192,est,34.783572,0.869271,32.907776,0.954329,5,0.076955,33.5476,39.348227,35.605632,0.908945,0.34346,0.338415,13.495,cuda
bsrnet,ami,042,right,042_right,4,4,192,est,34.148939,0.849975,32.135409,0.948286,5,0.087342,32.72277,38.788376,34.425443,0.883633,0.320447,0.317076,13.502,cuda
bsrnet,ami,042,up,042_up,4,4,192,est,33.170848,0.823576,31.270715,0.938855,5,0.096684,31.781393,37.892791,33.971058,0.877567,0.352418,0.319647,13.484,cuda
bsrnet,ami,042,zoom,042_zoom,4,4,192,est,34.590499,0.872744,32.53484,0.960072,5,0.072507,33.757299,39.022496,36.234359,0.92698,0.315008,0.321413,13.487,cuda
bsrnet,ami,043,back,043_back,4,4,192,est,35.649894,0.902997,33.506652,0.968863,5,0.061793,35.18545,39.248065,36.377802,0.929958,0.291199,0.311358,13.493,cuda
bsrnet,ami,043,down,043_down,4,4,192,est,34.259328,0.866061,32.269302,0.955879,5,0.07156,33.514563,38.169429,34.610348,0.904164,0.388541,0.303748,13.492,cuda
bsrnet,ami,043,front,043_front,4,4,192,est,36.112456,0.90201,34.014209,0.972964,5,0.046166,35.185302,41.048602,36.20947,0.918252,0.338856,0.267775,13.481,cuda
bsrnet,ami,043,left,043_left,4,4,192,est,35.905559,0.900209,33.8483,0.964916,5,0.059094,35.336309,39.531919,35.713349,0.917552,0.350458,0.278632,13.413,cuda
bsrnet,ami,043,right,043_right,4,4,192,est,35.688113,0.904382,33.603188,0.969582,5,0.059764,35.194298,39.290119,35.892327,0.914739,0.277206,0.309544,13.422,cuda
bsrnet,ami,043,up,043_up,4,4,192,est,35.602209,0.891907,33.533498,0.970296,5,0.048098,34.82548,40.339684,35.786055,0.910395,0.317069,0.280483,13.508,cuda
bsrnet,ami,043,zoom,043_zoom,4,4,192,est,35.403147,0.895108,33.126327,0.96443,5,0.063421,35.479447,38.562329,36.205326,0.925229,0.321606,0.303514,13.496,cuda
bsrnet,ami,044,back,044_back,5,4,192,est,36.305784,0.907072,34.080258,0.966799,5,0.061518,35.287952,40.075899,35.60099,0.917852,0.294225,0.30114,13.478,cuda
bsrnet,ami,044,down,044_down,5,4,192,est,35.822855,0.900593,33.716055,0.965585,5,0.067977,34.776229,39.881387,35.202338,0.910801,0.321965,0.312904,13.508,cuda
bsrnet,ami,044,front,044_front,5,4,192,est,36.292337,0.912048,34.12247,0.96912,5,0.057341,35.740137,39.74562,35.49889,0.914567,0.307898,0.311735,13.494,cuda
bsrnet,ami,044,left,044_left,5,4,192,est,35.769129,0.904078,33.791557,0.963493,5,0.05942,35.359475,39.041749,35.303533,0.913994,0.313665,0.351484,13.494,cuda
bsrnet,ami,044,right,044_right,5,4,192,est,36.433543,0.910674,34.099058,0.965783,5,0.057222,35.867717,39.701835,35.757962,0.912395,0.310938,0.342365,13.492,cuda
bsrnet,ami,044,up,044_up,5,4,192,est,37.645008,0.924957,35.496262,0.977439,5,0.03738,36.673472,41.948639,37.093069,0.931577,0.253284,0.292489,13.491,cuda
bsrnet,ami,044,zoom,044_zoom,5,4,192,est,36.676451,0.918709,34.389551,0.97308,5,0.053634,35.907179,40.386867,36.18741,0.927947,0.266487,0.297516,13.496,cuda
bsrnet,ami,045,back,045_back,2,4,192,est,36.10316,0.906817,34.107954,0.973814,5,0.047067,34.815006,41.556303,36.821114,0.932619,0.244397,0.283987,13.496,cuda
bsrnet,ami,045,down,045_down,2,4,192,est,36.282613,0.906638,34.293475,0.968562,5,0.060637,35.292401,40.535851,37.141463,0.935055,0.307268,0.326506,13.492,cuda
bsrnet,ami,045,front,045_front,2,4,192,est,37.143218,0.921376,34.910706,0.978169,5,0.047812,35.914898,42.550955,38.030857,0.942978,0.282026,0.285495,13.41,cuda
bsrnet,ami,045,left,045_left,2,4,192,est,38.112899,0.924979,35.70398,0.97618,5,0.043265,37.24247,42.750563,39.015522,0.9457,0.302594,0.315307,13.432,cuda
bsrnet,ami,045,right,045_right,2,4,192,est,36.653595,0.922143,34.4957,0.973428,5,0.050885,35.952396,40.564874,36.729351,0.936704,0.244619,0.277354,13.503,cuda
bsrnet,ami,045,up,045_up,2,4,192,est,35.825995,0.914839,33.685763,0.969834,5,0.057932,35.595075,39.323008,36.572026,0.934907,0.27395,0.296606,13.501,cuda
bsrnet,ami,045,zoom,045_zoom,2,4,192,est,37.192177,0.932338,34.774922,0.973908,5,0.051691,37.369415,40.232171,37.460466,0.947531,0.253402,0.307562,13.488,cuda
bsrnet,ami,046,back,046_back,5,4,192,est,35.035838,0.912788,32.829197,0.969301,5,0.063593,34.213824,38.451525,35.610703,0.916731,0.255651,0.298733,13.505,cuda
bsrnet,ami,046,down,046_down,5,4,192,est,36.921284,0.924503,34.463159,0.970991,5,0.053805,36.568708,40.218988,36.403876,0.931522,0.290344,0.318329,13.485,cuda
bsrnet,ami,046,front,046_front,5,4,192,est,36.588756,0.92038,34.158304,0.969862,5,0.051799,36.547485,39.679441,35.866384,0.917862,0.284039,0.301337,13.496,cuda
bsrnet,ami,046,left,046_left,5,4,192,est,37.190766,0.930781,34.938162,0.971334,5,0.053729,37.020119,40.010577,36.414896,0.929256,0.285573,0.325891,13.485,cuda
bsrnet,ami,046,right,046_right,5,4,192,est,37.050939,0.930216,34.883021,0.97765,5,0.046072,36.07728,41.051692,36.209619,0.926494,0.21471,0.291964,13.485,cuda
bsrnet,ami,046,up,046_up,5,4,192,est,35.177843,0.898112,32.813602,0.962671,5,0.067562,35.046092,38.331387,34.958368,0.904184,0.274563,0.305498,13.494,cuda
bsrnet,ami,046,zoom,046_zoom,5,4,192,est,36.673479,0.929283,34.496272,0.972413,5,0.051585,36.827302,39.394276,36.406023,0.932014,0.234944,0.281492,13.495,cuda
bsrnet,ami,047,back,047_back,3,4,192,est,37.31165,0.921032,35.062699,0.975237,5,0.049258,36.380976,41.586702,37.976572,0.940759,0.242448,0.275982,13.501,cuda
bsrnet,ami,047,down,047_down,3,4,192,est,37.167427,0.907793,34.962908,0.9749,5,0.048337,35.574703,43.087979,38.281492,0.939629,0.271502,0.295741,13.476,cuda
bsrnet,ami,047,front,047_front,3,4,192,est,35.804174,0.88928,33.660803,0.95751,5,0.072422,34.829097,39.605785,36.110985,0.912558,0.310526,0.317788,13.488,cuda
bsrnet,ami,047,left,047_left,3,4,192,est,36.110094,0.892153,34.042563,0.965023,5,0.058916,34.956803,40.5089,36.665874,0.920591,0.29128,0.299937,13.498,cuda
bsrnet,ami,047,right,047_right,3,4,192,est,36.465438,0.909248,34.081382,0.967824,5,0.059727,35.816384,39.780868,37.019341,0.928037,0.311178,0.333107,13.495,cuda
bsrnet,ami,047,up,047_up,3,4,192,est,35.715199,0.886368,33.639578,0.95531,5,0.078903,34.540117,39.559402,35.959991,0.910268,0.320603,0.327195,13.485,cuda
bsrnet,ami,047,zoom,047_zoom,3,4,192,est,37.170247,0.921023,34.830293,0.971404,5,0.050135,36.827369,40.646527,37.432784,0.94021,0.263607,0.320945,13.485,cuda
bsrnet,ami,048,back,048_back,1,4,192,est,35.157096,0.898394,32.974712,0.961934,5,0.075547,34.339458,38.780407,34.582964,0.900508,0.27401,0.314627,13.497,cuda
bsrnet,ami,048,down,048_down,1,4,192,est,36.024773,0.914004,33.882044,0.968714,5,0.057128,35.621644,39.200925,36.080227,0.922065,0.30106,0.326516,13.496,cuda
bsrnet,ami,048,front,048_front,1,4,192,est,37.504656,0.931446,35.302541,0.978178,5,0.042204,36.676954,41.287907,37.463418,0.937453,0.254706,0.305192,13.501,cuda
bsrnet,ami,048,left,048_left,1,4,192,est,36.499218,0.922303,34.398987,0.96626,5,0.058782,36.52297,39.027682,36.210473,0.924478,0.295187,0.33795,13.486,cuda
bsrnet,ami,048,right,048_right,1,4,192,est,37.276802,0.933538,35.133947,0.978991,5,0.04122,36.761513,40.863916,37.168283,0.940596,0.2328,0.290886,13.417,cuda
bsrnet,ami,048,up,048_up,1,4,192,est,35.438153,0.911644,33.304059,0.967308,5,0.06223,35.370455,38.461618,35.513285,0.916106,0.27788,0.312787,13.398,cuda
bsrnet,ami,048,zoom,048_zoom,1,4,192,est,37.821508,0.940595,35.425834,0.978749,5,0.037893,37.368339,40.980391,37.357631,0.94219,0.244017,0.319651,13.508,cuda
bsrnet,ami,051,back,051_back,4,4,192,est,37.10603,0.925197,34.864912,0.9798,5,0.037678,36.041889,42.185297,37.161989,0.937815,0.249853,0.292119,13.474,cuda
bsrnet,ami,051,down,051_down,4,4,192,est,35.641404,0.901252,33.480381,0.966964,5,0.068817,34.67348,39.761156,37.218575,0.936637,0.301188,0.328816,13.491,cuda
bsrnet,ami,051,front,051_front,4,4,192,est,36.542486,0.917657,34.47982,0.97541,5,0.049767,35.587564,41.123772,37.495264,0.936806,0.250931,0.288326,13.499,cuda
bsrnet,ami,051,left,051_left,4,4,192,est,37.104036,0.924161,34.925132,0.970942,5,0.056177,36.617848,40.550438,38.013935,0.942021,0.285356,0.296612,13.485,cuda
bsrnet,ami,051,right,051_right,4,4,192,est,35.511203,0.903963,33.413514,0.961391,5,0.067573,35.24887,38.722764,34.916486,0.903842,0.287617,0.321459,13.482,cuda
bsrnet,ami,051,up,051_up,4,4,192,est,35.199028,0.893975,33.133868,0.964185,5,0.069213,34.328379,39.294647,35.999801,0.919786,0.302803,0.325504,13.474,cuda
bsrnet,ami,051,zoom,051_zoom,4,4,192,est,38.180489,0.940238,35.718709,0.980722,5,0.040547,37.489261,42.02321,38.82959,0.952914,0.216205,0.274316,13.495,cuda
bsrnet,ami,052,back,052_back,1,4,192,est,35.779365,0.904929,33.678504,0.967818,5,0.062011,34.770463,39.712432,35.283094,0.910746,0.225457,0.306004,13.493,cuda
bsrnet,ami,052,down,052_down,1,4,192,est,35.966027,0.905079,33.932644,0.973284,5,0.054582,34.809408,40.296158,35.70979,0.915319,0.244345,0.302377,13.502,cuda
bsrnet,ami,052,front,052_front,1,4,192,est,35.332041,0.895573,33.25012,0.96339,5,0.066547,34.682291,38.656022,34.599535,0.896056,0.267376,0.316984,13.493,cuda
bsrnet,ami,052,left,052_left,1,4,192,est,35.533584,0.907836,33.533384,0.967944,5,0.061191,35.020739,38.687827,34.723628,0.909078,0.262105,0.308702,13.415,cuda
bsrnet,ami,052,right,052_right,1,4,192,est,35.595754,0.912744,33.514919,0.968909,5,0.057942,34.596231,39.200815,34.60775,0.904598,0.226757,0.289995,13.416,cuda
bsrnet,ami,052,up,052_up,1,4,192,est,35.776525,0.905158,33.697693,0.966385,5,0.063277,34.959574,39.222183,35.421328,0.910529,0.260573,0.305445,13.495,cuda
bsrnet,ami,052,zoom,052_zoom,1,4,192,est,37.253612,0.930417,35.047012,0.978189,5,0.045495,36.353194,40.862905,36.571351,0.925324,0.195719,0.27474,13.492,cuda
bsrnet,ami,053,back,053_back,3,4,192,est,36.321483,0.910556,34.211884,0.971228,5,0.052091,35.502313,40.304493,36.188302,0.92318,0.241899,0.28958,13.481,cuda
bsrnet,ami,053,down,053_down,3,4,192,est,35.848224,0.898257,33.770401,0.970614,5,0.053889,34.881712,40.437894,36.753097,0.92976,0.28453,0.294446,13.51,cuda
bsrnet,ami,053,front,053_front,3,4,192,est,35.210594,0.890869,32.998103,0.964475,5,0.067692,34.660459,38.779794,35.407536,0.908118,0.307345,0.326384,13.493,cuda
bsrnet,ami,053,left,053_left,3,4,192,est,36.491425,0.909915,34.383073,0.9709,5,0.054842,35.621461,40.577971,36.987425,0.9266,0.276133,0.301234,13.492,cuda
bsrnet,ami,053,right,053_right,3,4,192,est,35.472733,0.898435,33.251901,0.962494,5,0.064636,35.072303,38.615837,34.792595,0.890044,0.274172,0.318509,13.497,cuda
bsrnet,ami,053,up,053_up,3,4,192,est,35.573375,0.89762,33.504445,0.968364,5,0.056153,34.679349,39.90111,35.332759,0.902179,0.274889,0.276526,13.502,cuda
bsrnet,ami,053,zoom,053_zoom,3,4,192,est,35.594573,0.907645,33.333254,0.966724,5,0.06528,35.308244,38.883821,35.920363,0.919935,0.273967,0.310709,13.502,cuda
bsrnet,ami,054,back,054_back,3,4,192,est,35.17752,0.90141,32.865854,0.960962,5,0.063429,34.576961,38.468833,34.772696,0.898891,0.288275,0.328469,13.492,cuda
bsrnet,ami,054,down,054_down,3,4,192,est,37.015919,0.926963,34.763966,0.977135,5,0.046483,36.01468,41.38074,36.813805,0.937176,0.256252,0.296648,13.499,cuda
bsrnet,ami,054,front,054_front,3,4,192,est,35.33875,0.904263,33.272982,0.964323,5,0.069249,34.984162,38.789723,34.799912,0.903008,0.285505,0.32781,13.419,cuda
bsrnet,ami,054,left,054_left,3,4,192,est,35.584067,0.905232,33.470771,0.961823,5,0.060763,35.737071,38.262159,35.199009,0.910572,0.306199,0.314391,13.415,cuda
bsrnet,ami,054,right,054_right,3,4,192,est,36.108963,0.9078,34.034332,0.968403,5,0.063169,35.493361,39.802314,35.569104,0.9079,0.29125,0.315687,13.502,cuda
bsrnet,ami,054,up,054_up,3,4,192,est,35.630726,0.918922,33.343096,0.978095,5,0.043684,33.365935,42.464547,35.693863,0.922106,0.236173,0.281812,13.488,cuda
bsrnet,ami,054,zoom,054_zoom,3,4,192,est,36.086366,0.921799,33.696204,0.970428,5,0.059859,35.844846,39.484527,35.638956,0.921707,0.251187,0.32357,13.497,cuda
bsrnet,ami,055,back,055_back,2,4,192,est,37.898512,0.934434,35.587948,0.978835,5,0.042161,36.595277,42.209899,36.861184,0.931175,0.216834,0.264095,13.503,cuda
bsrnet,ami,055,down,055_down,2,4,192,est,36.725566,0.915925,34.567958,0.970284,5,0.05197,35.699382,40.35744,36.748566,0.928862,0.249021,0.293228,13.483,cuda
bsrnet,ami,055,front,055_front,2,4,192,est,36.729545,0.924607,34.29861,0.971881,5,0.054424,36.067478,39.870548,36.251274,0.925271,0.256648,0.282968,13.492,cuda
bsrnet,ami,055,left,055_left,2,4,192,est,36.315902,0.912212,34.124636,0.966344,5,0.056703,35.555615,39.617037,35.679664,0.914983,0.269555,0.308901,13.486,cuda
bsrnet,ami,055,right,055_right,2,4,192,est,36.487182,0.92695,34.427295,0.973915,5,0.051766,35.815828,39.882702,35.364917,0.915983,0.225929,0.288727,13.49,cuda
bsrnet,ami,055,up,055_up,2,4,192,est,36.716698,0.917681,34.414737,0.971486,5,0.058423,35.759688,40.498764,36.460666,0.92187,0.258272,0.29134,13.492,cuda
bsrnet,ami,055,zoom,055_zoom,2,4,192,est,37.735252,0.940983,35.227371,0.977167,5,0.041353,37.078378,40.76218,37.316163,0.944733,0.212059,0.248798,13.5,cuda
bsrnet,ami,056,back,056_back,4,4,192,est,35.978395,0.922261,33.973635,0.972221,5,0.050411,35.153989,39.655203,35.15006,0.921376,0.234792,0.290455,13.485,cuda
bsrnet,ami,056,down,056_down,4,4,192,est,35.802482,0.91557,33.59767,0.968492,5,0.057421,35.39278,38.941383,35.118761,0.919612,0.270443,0.302802,13.416,cuda
bsrnet,ami,056,front,056_front,4,4,192,est,36.581793,0.927976,34.494962,0.977877,5,0.045589,35.281294,40.993381,35.81147,0.929811,0.251177,0.279889,13.407,cuda
bsrnet,ami,056,left,056_left,4,4,192,est,36.896716,0.928909,34.679538,0.970863,5,0.050889,37.003576,39.80733,36.531998,0.934552,0.253024,0.29597,13.519,cuda
bsrnet,ami,056,right,056_right,4,4,192,est,35.525184,0.921658,33.503896,0.971889,5,0.058367,34.651329,38.758218,34.359859,0.90818,0.221543,0.302012,13.503,cuda
bsrnet,ami,056,up,056_up,4,4,192,est,36.484519,0.926115,34.377753,0.976431,5,0.047035,35.298301,40.960363,36.447599,0.931523,0.247749,0.273711,13.483,cuda
bsrnet,ami,056,zoom,056_zoom,4,4,192,est,37.33316,0.944563,34.912281,0.981737,5,0.040702,36.389471,40.715175,36.694003,0.946269,0.209399,0.272103,13.486,cuda
bsrnet,ami,057,back,057_back,5,4,192,est,35.337134,0.911295,33.155582,0.967965,5,0.068437,34.634524,38.807552,35.334594,0.925632,0.250832,0.293536,13.491,cuda
bsrnet,ami,057,down,057_down,5,4,192,est,36.2988,0.917126,34.093756,0.971348,5,0.06094,35.4755,40.073067,36.169495,0.934479,0.293848,0.307917,13.476,cuda
bsrnet,ami,057,front,057_front,5,4,192,est,36.671576,0.921543,34.592947,0.977335,5,0.051754,35.363646,41.439245,36.772295,0.941736,0.272394,0.28183,13.484,cuda
bsrnet,ami,057,left,057_left,5,4,192,est,36.340764,0.914323,34.226417,0.969716,5,0.059829,35.859805,39.804558,36.268512,0.932718,0.294201,0.311923,13.493,cuda
bsrnet,ami,057,right,057_right,5,4,192,est,35.670089,0.917752,33.708685,0.971087,5,0.055494,35.336497,38.875995,35.240706,0.92632,0.267871,0.278125,13.48,cuda
bsrnet,ami,057,up,057_up,5,4,192,est,35.817646,0.916634,33.823535,0.974091,5,0.051202,34.633906,40.544921,36.743916,0.930116,0.240992,0.27391,13.481,cuda
bsrnet,ami,057,zoom,057_zoom,5,4,192,est,36.892185,0.935402,34.574738,0.976054,5,0.057246,36.535677,40.082909,37.178576,0.944338,0.239575,0.288138,13.492,cuda
bsrnet,ami,058,back,058_back,5,4,192,est,37.030458,0.931668,34.78132,0.975374,5,0.047458,36.854431,40.13817,36.478102,0.935069,0.222756,0.289856,13.412,cuda
bsrnet,ami,058,down,058_down,5,4,192,est,36.332043,0.918679,34.146845,0.973511,5,0.055812,35.804393,39.933616,36.372354,0.928925,0.276123,0.308839,13.405,cuda
bsrnet,ami,058,front,058_front,5,4,192,est,35.929894,0.921146,33.747087,0.971478,5,0.058597,35.822647,38.924044,35.54892,0.927348,0.275819,0.310129,13.497,cuda
bsrnet,ami,058,left,058_left,5,4,192,est,35.99603,0.923865,33.957329,0.968404,5,0.057926,36.305624,38.644605,35.768423,0.927788,0.270347,0.321441,13.502,cuda
bsrnet,ami,058,right,058_right,5,4,192,est,35.232138,0.91322,33.227918,0.966533,5,0.062809,34.721928,38.164282,34.79839,0.910574,0.255868,0.322376,13.496,cuda
bsrnet,ami,058,up,058_up,5,4,192,est,36.885656,0.927214,34.755601,0.977569,5,0.045331,35.977399,41.053605,36.571711,0.932324,0.254934,0.28778,13.507,cuda
bsrnet,ami,058,zoom,058_zoom,5,4,192,est,35.998894,0.932316,33.814789,0.971625,5,0.054883,36.143468,38.435088,35.70706,0.93622,0.221326,0.290194,13.487,cuda
bsrnet,ami,059,back,059_back,3,4,192,est,36.267703,0.920574,34.1369,0.967383,5,0.058648,36.016259,39.122064,35.60284,0.926722,0.257633,0.304749,13.517,cuda
bsrnet,ami,059,down,059_down,3,4,192,est,37.85746,0.940673,35.646429,0.979049,5,0.040811,37.517,40.879323,37.635244,0.947569,0.231061,0.281391,13.483,cuda
bsrnet,ami,059,front,059_front,3,4,192,est,36.796447,0.924945,34.707196,0.972268,5,0.056471,36.173319,40.109153,36.243285,0.929975,0.252266,0.321992,13.49,cuda
bsrnet,ami,059,left,059_left,3,4,192,est,38.897719,0.948428,36.49921,0.983296,5,0.033212,37.946141,42.582186,38.220121,0.952729,0.217345,0.263188,13.498,cuda
bsrnet,ami,059,right,059_right,3,4,192,est,38.233611,0.944727,36.028646,0.981765,5,0.038149,37.233495,41.969563,37.747644,0.943785,0.18593,0.255818,13.489,cuda
bsrnet,ami,059,up,059_up,3,4,192,est,36.155078,0.91667,34.008133,0.967502,5,0.060644,35.980032,38.83244,36.445824,0.927578,0.257414,0.294861,13.495,cuda
bsrnet,ami,059,zoom,059_zoom,3,4,192,est,36.800136,0.938152,34.634708,0.97351,5,0.049447,36.943659,39.172327,36.314047,0.939768,0.226221,0.300297,13.403,cuda
bsrnet,ami,061,back,061_back,2,4,192,est,38.245109,0.930423,35.907048,0.979035,5,0.039224,36.996025,42.937032,37.86429,0.937761,0.256191,0.278,13.413,cuda
bsrnet,ami,061,down,061_down,2,4,192,est,36.071653,0.905093,34.144131,0.965218,5,0.061071,35.226349,39.395212,35.847714,0.925328,0.318626,0.315385,13.413,cuda
bsrnet,ami,061,front,061_front,2,4,192,est,37.451448,0.923704,35.342156,0.973279,5,0.053834,36.667975,41.020161,37.606869,0.940147,0.279572,0.281387,13.412,cuda
bsrnet,ami,061,left,061_left,2,4,192,est,36.66273,0.912378,34.540708,0.968817,5,0.060426,36.118481,40.092159,37.053416,0.931345,0.302362,0.336593,13.407,cuda
bsrnet,ami,061,right,061_right,2,4,192,est,36.825912,0.926557,34.488985,0.970585,5,0.058623,36.017949,39.957744,35.509914,0.912594,0.271785,0.321081,13.583,cuda
bsrnet,ami,061,up,061_up,2,4,192,est,36.477661,0.910287,34.277772,0.965468,5,0.063436,35.90841,39.789253,36.049596,0.915274,0.293806,0.303825,13.515,cuda
bsrnet,ami,061,zoom,061_zoom,2,4,192,est,36.856467,0.923027,34.619841,0.970177,5,0.059014,36.651273,39.755428,36.472502,0.930408,0.268897,0.319976,13.489,cuda
bsrnet,ami,062,back,062_back,3,4,192,est,36.233017,0.914489,34.16659,0.973339,5,0.050271,34.992967,40.796457,36.954506,0.932427,0.274861,0.283489,13.505,cuda
bsrnet,ami,062,down,062_down,3,4,192,est,35.189737,0.885903,33.061323,0.961834,5,0.070075,34.59131,38.826969,36.276315,0.919998,0.365173,0.328426,13.498,cuda
bsrnet,ami,062,front,062_front,3,4,192,est,35.724141,0.898579,33.681308,0.969392,5,0.058163,34.601318,40.67684,37.015571,0.928026,0.352231,0.319939,13.499,cuda
bsrnet,ami,062,left,062_left,3,4,192,est,35.808932,0.896609,33.568701,0.961515,5,0.066888,35.604947,38.931383,36.527473,0.919754,0.375608,0.32829,13.472,cuda
bsrnet,ami,062,right,062_right,3,4,192,est,36.172479,0.900288,33.903691,0.969469,5,0.055674,35.166156,40.688423,36.277187,0.91954,0.334605,0.311476,13.49,cuda
bsrnet,ami,062,up,062_up,3,4,192,est,33.929822,0.879268,31.933381,0.961394,5,0.070466,32.139558,39.398128,36.444784,0.910472,0.370506,0.331515,13.492,cuda
bsrnet,ami,062,zoom,062_zoom,3,4,192,est,35.62489,0.906702,33.313832,0.964636,5,0.062772,35.609152,38.746673,36.864685,0.933761,0.345893,0.332161,13.487,cuda
bsrnet,ami,063,back,063_back,4,4,192,est,37.048902,0.924593,34.80528,0.972016,5,0.049906,36.705205,40.149516,36.669736,0.933404,0.240751,0.286128,13.498,cuda
bsrnet,ami,063,down,063_down,4,4,192,est,36.448657,0.909877,34.263362,0.969267,5,0.053319,35.584873,40.335188,36.753194,0.930076,0.284872,0.298688,13.407,cuda
bsrnet,ami,063,front,063_front,4,4,192,est,36.027847,0.90789,33.884318,0.962933,5,0.061309,35.796039,38.99757,36.305999,0.931427,0.315393,0.328463,13.405,cuda
bsrnet,ami,063,left,063_left,4,4,192,est,36.818111,0.915386,34.676212,0.967896,5,0.056914,36.388401,40.010818,37.094761,0.932546,0.297013,0.334818,13.483,cuda
bsrnet,ami,063,right,063_right,4,4,192,est,36.842096,0.916099,34.710972,0.972172,5,0.047111,36.037868,40.687293,36.737086,0.931655,0.272734,0.307303,13.489,cuda
bsrnet,ami,063,up,063_up,4,4,192,est,35.207785,0.885035,33.165081,0.953377,5,0.079722,34.73987,38.345501,34.948937,0.898591,0.320774,0.338774,13.48,cuda
bsrnet,ami,063,zoom,063_zoom,4,4,192,est,36.889398,0.930849,34.373387,0.972817,5,0.050418,37.02254,39.467372,36.745221,0.943667,0.283994,0.315072,13.505,cuda
bsrnet,ami,064,back,064_back,5,4,192,est,35.504233,0.891014,33.2753,0.96101,5,0.066461,34.539085,39.583299,34.708213,0.892646,0.334733,0.307852,13.503,cuda
bsrnet,ami,064,down,064_down,5,4,192,est,36.759162,0.908318,34.591469,0.974052,5,0.044681,35.47276,42.075633,36.7725,0.932959,0.292108,0.251735,13.493,cuda
bsrnet,ami,064,front,064_front,5,4,192,est,35.694063,0.89488,33.556174,0.959867,5,0.063367,35.064154,39.0924,35.056561,0.8987,0.331697,0.305229,13.484,cuda
bsrnet,ami,064,left,064_left,5,4,192,est,35.864682,0.896591,33.782338,0.960523,5,0.067062,35.427407,39.261031,35.678368,0.912892,0.324602,0.300959,13.487,cuda
bsrnet,ami,064,right,064_right,5,4,192,est,37.246264,0.919444,35.157143,0.977019,5,0.043854,35.843259,42.442609,36.775376,0.926845,0.266921,0.265501,13.492,cuda
bsrnet,ami,064,up,064_up,5,4,192,est,34.97823,0.886725,32.939997,0.954951,5,0.074608,34.270209,38.301622,34.082336,0.882785,0.317921,0.317392,13.485,cuda
bsrnet,ami,064,zoom,064_zoom,5,4,192,est,36.310099,0.915683,34.01994,0.967946,5,0.053676,35.840349,39.678427,35.566002,0.920703,0.271408,0.287602,13.5,cuda
bsrnet,ami,065,back,065_back,3,4,192,est,35.502417,0.894318,33.294758,0.964911,5,0.073359,34.404988,39.544131,35.674601,0.916946,0.293878,0.294937,13.411,cuda
bsrnet,ami,065,down,065_down,3,4,192,est,35.734265,0.912881,33.75737,0.970603,5,0.062119,35.479704,38.653306,36.159316,0.932758,0.30471,0.326689,13.408,cuda
bsrnet,ami,065,front,065_front,3,4,192,est,36.422076,0.91665,34.405659,0.976261,5,0.049731,35.610753,40.414105,37.391707,0.942421,0.294415,0.28722,13.516,cuda
bsrnet,ami,065,left,065_left,3,4,192,est,37.377349,0.923445,35.225038,0.972089,5,0.056993,36.656783,40.831964,37.668347,0.939505,0.308604,0.311227,13.48,cuda
bsrnet,ami,065,right,065_right,3,4,192,est,35.865252,0.91324,33.889929,0.969198,5,0.065584,35.066983,39.261464,35.715125,0.921606,0.272983,0.305025,13.505,cuda
bsrnet,ami,065,up,065_up,3,4,192,est,36.303357,0.914773,34.329654,0.974576,5,0.050495,35.634029,40.031313,37.32418,0.939647,0.267582,0.26957,13.485,cuda
bsrnet,ami,065,zoom,065_zoom,3,4,192,est,37.333237,0.937491,34.942824,0.97526,5,0.046808,37.46429,39.705722,37.672605,0.951568,0.262463,0.310994,13.504,cuda
bsrnet,ami,066,back,066_back,4,4,192,est,36.295468,0.920492,33.886759,0.96993,5,0.056679,36.083099,39.211711,35.699718,0.924817,0.241495,0.327346,13.505,cuda
bsrnet,ami,066,down,066_down,4,4,192,est,36.117948,0.914368,33.844824,0.963512,5,0.061565,36.061859,38.975209,35.584501,0.917508,0.304828,0.329572,13.5,cuda
bsrnet,ami,066,front,066_front,4,4,192,est,37.136305,0.925532,34.890764,0.973531,5,0.047789,36.296635,40.880177,36.748933,0.931986,0.285428,0.302296,13.478,cuda
bsrnet,ami,066,left,066_left,4,4,192,est,36.424294,0.923609,34.280156,0.967433,5,0.059023,36.686793,39.010197,35.92229,0.929403,0.312614,0.315561,13.492,cuda
bsrnet,ami,066,right,066_right,4,4,192,est,35.794812,0.917391,33.574221,0.966949,5,0.063696,35.529374,38.738877,34.712615,0.909656,0.285995,0.329532,13.491,cuda
bsrnet,ami,066,up,066_up,4,4,192,est,36.079571,0.907766,33.765267,0.965284,5,0.061401,35.770805,39.297255,35.853284,0.915546,0.303927,0.302061,13.491,cuda
bsrnet,ami,066,zoom,066_zoom,4,4,192,est,37.821899,0.937788,35.364672,0.977222,5,0.04322,37.280061,41.098013,37.637882,0.944622,0.262761,0.302598,13.491,cuda
bsrnet,ami,067,back,067_back,2,4,192,est,35.768233,0.88868,33.201685,0.958937,5,0.065263,35.075537,39.52056,35.201203,0.893902,0.353525,0.30372,13.494,cuda
bsrnet,ami,067,down,067_down,2,4,192,est,35.52335,0.877251,33.028644,0.954886,5,0.069687,34.690158,39.205421,35.955807,0.90173,0.379145,0.331781,13.489,cuda
bsrnet,ami,067,front,067_front,2,4,192,est,36.809746,0.898419,34.30495,0.970427,5,0.052012,35.521899,41.935098,37.199619,0.923834,0.322813,0.305449,13.407,cuda
bsrnet,ami,067,left,067_left,2,4,192,est,35.748073,0.88075,33.579431,0.959917,5,0.066952,34.689582,40.049451,36.13892,0.908343,0.386982,0.315004,13.427,cuda
bsrnet,ami,067,right,067_right,2,4,192,est,36.081546,0.899152,33.847964,0.965362,5,0.058476,35.263201,39.924926,35.821886,0.91099,0.335096,0.335832,13.504,cuda
bsrnet,ami,067,up,067_up,2,4,192,est,35.652748,0.882413,33.181532,0.956712,5,0.065286,34.896195,39.491267,35.389364,0.895911,0.358891,0.330658,13.482,cuda
bsrnet,ami,067,zoom,067_zoom,2,4,192,est,36.189792,0.901427,33.535701,0.961333,5,0.056347,35.919911,39.481232,36.265905,0.917765,0.329454,0.328028,13.482,cuda
bsrnet,ami,068,back,068_back,2,4,192,est,36.170631,0.899326,34.071734,0.969403,5,0.051821,34.915159,41.258522,36.037018,0.914744,0.273427,0.296907,13.5,cuda
bsrnet,ami,068,down,068_down,2,4,192,est,34.812962,0.887564,32.672879,0.962149,5,0.072066,34.225875,38.391598,35.765299,0.918401,0.334182,0.3244,13.484,cuda
bsrnet,ami,068,front,068_front,2,4,192,est,35.317947,0.898113,33.162831,0.96707,5,0.064458,35.026146,38.82424,35.712723,0.920506,0.299567,0.328273,13.488,cuda
bsrnet,ami,068,left,068_left,2,4,192,est,36.697808,0.917087,34.496973,0.976131,5,0.04996,35.78021,41.152474,37.607796,0.940444,0.292756,0.312758,13.498,cuda
bsrnet,ami,068,right,068_right,2,4,192,est,35.65727,0.900911,33.530386,0.967553,5,0.064488,34.886246,39.188287,35.317454,0.907293,0.283219,0.311559,13.484,cuda
bsrnet,ami,068,up,068_up,2,4,192,est,36.211442,0.909111,34.021506,0.975315,5,0.049692,35.195549,40.860834,36.842889,0.933572,0.286671,0.300518,13.498,cuda
bsrnet,ami,068,zoom,068_zoom,2,4,192,est,36.696667,0.92611,34.30867,0.973957,5,0.056058,36.562243,39.721208,37.100784,0.940809,0.265238,0.305705,13.496,cuda
bsrnet,ami,069,back,069_back,4,4,192,est,35.82519,0.908447,33.753196,0.967826,5,0.055915,34.899898,39.385692,35.319406,0.915489,0.227865,0.291509,13.49,cuda
bsrnet,ami,069,down,069_down,4,4,192,est,35.689881,0.902385,33.648344,0.972005,5,0.052936,33.777587,40.900765,35.854065,0.920907,0.316641,0.290044,13.405,cuda
bsrnet,ami,069,front,069_front,4,4,192,est,35.524962,0.902506,33.525326,0.969795,5,0.0533,34.281885,39.565978,35.112376,0.903923,0.277118,0.294721,13.418,cuda
bsrnet,ami,069,left,069_left,4,4,192,est,36.631764,0.915859,34.528587,0.973873,5,0.046657,35.676639,40.986464,36.056195,0.918345,0.266379,0.297151,13.504,cuda
bsrnet,ami,069,right,069_right,4,4,192,est,35.633247,0.912916,33.499909,0.970287,5,0.057613,34.681118,39.130289,34.311495,0.894088,0.268256,0.305756,13.482,cuda
bsrnet,ami,069,up,069_up,4,4,192,est,35.874898,0.910023,33.876236,0.974716,5,0.049239,34.336506,40.386032,35.471328,0.915127,0.267892,0.298963,13.496,cuda
bsrnet,ami,069,zoom,069_zoom,4,4,192,est,34.967128,0.900057,32.905393,0.965595,5,0.073929,33.94866,38.463654,34.427894,0.897875,0.270605,0.30152,13.493,cuda
bsrnet,ami,070,back,070_back,3,4,192,est,35.772098,0.926131,33.692143,0.974942,5,0.049946,34.644647,39.43187,35.291417,0.930099,0.204171,0.258944,13.494,cuda
bsrnet,ami,070,down,070_down,3,4,192,est,35.144258,0.906321,33.175586,0.973374,5,0.052153,34.510888,38.774569,35.520084,0.927341,0.26177,0.303803,13.522,cuda
bsrnet,ami,070,front,070_front,3,4,192,est,34.807471,0.899125,32.729143,0.961945,5,0.073794,34.930237,37.424247,34.767251,0.909242,0.275155,0.326317,13.484,cuda
bsrnet,ami,070,left,070_left,3,4,192,est,34.964945,0.898166,33.028758,0.959295,5,0.076311,34.633961,37.994262,34.666881,0.911477,0.301556,0.337604,13.485,cuda
bsrnet,ami,070,right,070_right,3,4,192,est,35.879003,0.919555,33.846109,0.971423,5,0.054459,35.211836,39.034262,35.151025,0.910316,0.226156,0.289805,13.424,cuda
bsrnet,ami,070,up,070_up,3,4,192,est,36.150843,0.918946,34.07103,0.972078,5,0.050626,35.969555,39.342181,36.160213,0.921822,0.244096,0.282211,13.407,cuda
bsrnet,ami,070,zoom,070_zoom,3,4,192,est,35.926023,0.923993,33.655414,0.970805,5,0.05446,36.729168,38.174007,36.156196,0.929052,0.231171,0.266526,13.503,cuda
bsrnet,ami,071,back,071_back,2,4,192,est,36.052153,0.909918,33.917793,0.969267,5,0.059468,34.916719,40.002985,36.490391,0.92733,0.24696,0.281199,13.489,cuda
bsrnet,ami,071,down,071_down,2,4,192,est,34.017427,0.881469,32.021862,0.959778,5,0.079526,33.131476,37.542143,34.331075,0.908601,0.327062,0.312251,13.507,cuda
bsrnet,ami,071,front,071_front,2,4,192,est,35.853364,0.908183,33.712682,0.975285,5,0.053585,34.376528,40.642071,36.184842,0.927025,0.282521,0.289968,13.505,cuda
bsrnet,ami,071,left,071_left,2,4,192,est,34.804572,0.894961,32.750849,0.965021,5,0.070199,33.888249,38.446865,35.515514,0.922389,0.322629,0.309261,13.496,cuda
bsrnet,ami,071,right,071_right,2,4,192,est,35.424216,0.899311,33.287622,0.964967,5,0.069946,34.703182,38.968818,34.850792,0.898768,0.283938,0.309906,13.518,cuda
bsrnet,ami,071,up,071_up,2,4,192,est,33.473378,0.867963,31.482903,0.952796,5,0.089389,32.725293,36.782463,33.576818,0.884569,0.313704,0.309769,13.477,cuda
bsrnet,ami,071,zoom,071_zoom,2,4,192,est,35.229374,0.907898,33.017456,0.967705,5,0.067385,34.591038,38.499544,35.313021,0.91324,0.251191,0.301684,13.508,cuda
bsrnet,ami,072,back,072_back,1,4,192,est,37.684476,0.930314,35.486918,0.975418,5,0.05,37.043497,41.356568,37.107244,0.932492,0.252634,0.298979,13.491,cuda
bsrnet,ami,072,down,072_down,1,4,192,est,37.215459,0.92585,34.893075,0.971307,5,0.050292,36.988498,40.196446,37.109127,0.937817,0.266172,0.301542,13.496,cuda
bsrnet,ami,072,front,072_front,1,4,192,est,37.617084,0.932903,35.281143,0.97242,5,0.047757,37.707287,40.334207,37.188536,0.935677,0.260949,0.302155,13.483,cuda
bsrnet,ami,072,left,072_left,1,4,192,est,37.38902,0.924213,35.186812,0.971016,5,0.053611,36.563273,40.806771,37.318721,0.935887,0.287384,0.297058,13.415,cuda
bsrnet,ami,072,right,072_right,1,4,192,est,39.350696,0.952096,36.900787,0.985192,5,0.030331,38.710487,43.181414,38.610915,0.947083,0.199804,0.257015,13.396,cuda
bsrnet,ami,072,up,072_up,1,4,192,est,38.10131,0.938119,35.908171,0.976162,5,0.043426,38.019441,40.986437,37.700842,0.940651,0.256284,0.304509,13.414,cuda
bsrnet,ami,072,zoom,072_zoom,1,4,192,est,37.802902,0.94299,35.320814,0.975142,5,0.041204,38.346613,40.234316,36.924617,0.944242,0.218412,0.290232,13.416,cuda
bsrnet,ami,073,back,073_back,1,4,192,est,36.472794,0.923351,34.424207,0.971046,5,0.049816,35.879281,39.645755,35.7807,0.925449,0.271158,0.298716,13.408,cuda
bsrnet,ami,073,down,073_down,1,4,192,est,36.510317,0.91952,34.523092,0.976027,5,0.046699,35.587761,41.172397,36.976875,0.937405,0.292128,0.300877,13.499,cuda
bsrnet,ami,073,front,073_front,1,4,192,est,35.766724,0.908494,33.811677,0.96675,5,0.061919,35.613161,39.117891,35.535277,0.91724,0.310925,0.315137,13.484,cuda
bsrnet,ami,073,left,073_left,1,4,192,est,36.179534,0.913933,34.206957,0.967628,5,0.06117,36.102688,39.24909,36.416013,0.92929,0.312988,0.335797,13.466,cuda
bsrnet,ami,073,right,073_right,1,4,192,est,35.757713,0.912725,33.399334,0.96461,5,0.067987,35.447458,38.715844,35.353964,0.911257,0.303647,0.338741,13.493,cuda
bsrnet,ami,073,up,073_up,1,4,192,est,35.096151,0.895321,33.060375,0.95923,5,0.070203,35.039021,38.045285,35.409066,0.913763,0.304157,0.308631,13.544,cuda
bsrnet,ami,073,zoom,073_zoom,1,4,192,est,38.599069,0.944408,36.290073,0.981626,5,0.034841,38.078514,42.311693,38.265457,0.951133,0.232155,0.260288,13.507,cuda
bsrnet,ami,074,back,074_back,1,4,192,est,36.030249,0.900312,33.914829,0.965054,5,0.062783,35.618552,39.537433,36.191525,0.917353,0.303452,0.298328,13.502,cuda
bsrnet,ami,074,down,074_down,1,4,192,est,35.030592,0.87877,32.994401,0.955211,5,0.077417,34.311572,38.4945,36.120525,0.917264,0.34616,0.325269,13.479,cuda
bsrnet,ami,074,front,074_front,1,4,192,est,35.3223,0.881288,33.25654,0.957004,5,0.077538,34.582918,39.020797,36.376051,0.91548,0.346631,0.321792,13.522,cuda
bsrnet,ami,074,left,074_left,1,4,192,est,35.389741,0.886233,33.294608,0.958265,5,0.072665,34.863088,38.66797,36.433333,0.922048,0.337968,0.326556,13.507,cuda
bsrnet,ami,074,right,074_right,1,4,192,est,34.983142,0.902861,33.129016,0.966727,5,0.062095,34.794336,38.024892,35.717054,0.922828,0.275064,0.310935,13.487,cuda
bsrnet,ami,074,up,074_up,1,4,192,est,35.311506,0.882341,33.223679,0.959263,5,0.070652,34.758166,39.053718,36.271657,0.914303,0.327183,0.313355,13.435,cuda
bsrnet,ami,074,zoom,074_zoom,1,4,192,est,37.236095,0.922727,35.007483,0.975032,5,0.047254,36.72741,40.95196,38.358799,0.952109,0.276718,0.306246,13.417,cuda
bsrnet,ami,075,back,075_back,3,4,192,est,35.570934,0.893171,33.491972,0.96302,5,0.057853,34.768417,39.447109,35.473023,0.908912,0.268274,0.314376,13.507,cuda
bsrnet,ami,075,down,075_down,3,4,192,est,35.382036,0.88388,33.119212,0.961444,5,0.070432,34.269133,39.635324,36.501611,0.922681,0.359829,0.324532,13.501,cuda
bsrnet,ami,075,front,075_front,3,4,192,est,35.721401,0.893107,33.555615,0.970107,5,0.053585,34.590291,40.676272,36.651298,0.924849,0.301789,0.283391,13.505,cuda
bsrnet,ami,075,left,075_left,3,4,192,est,37.007149,0.916621,34.66499,0.974684,5,0.050058,35.68354,41.793262,38.209767,0.941199,0.289614,0.292235,13.501,cuda
bsrnet,ami,075,right,075_right,3,4,192,est,35.296482,0.898497,33.003328,0.965426,5,0.06583,34.45591,38.894344,34.995348,0.898445,0.290362,0.317642,13.477,cuda
bsrnet,ami,075,up,075_up,3,4,192,est,35.476818,0.890942,33.410678,0.964955,5,0.059706,34.666597,39.657011,36.001972,0.912985,0.283072,0.281846,13.491,cuda
bsrnet,ami,075,zoom,075_zoom,3,4,192,est,35.928458,0.910253,33.46213,0.967328,5,0.06331,35.446418,39.262018,36.820284,0.931383,0.287172,0.308683,13.49,cuda
bsrnet,ami,076,back,076_back,5,4,192,est,35.586055,0.909917,33.377458,0.966003,5,0.058429,35.560617,38.231757,35.283979,0.92619,0.258726,0.296666,13.496,cuda
bsrnet,ami,076,down,076_down,5,4,192,est,36.490226,0.912393,34.336787,0.973361,5,0.048721,35.185708,40.779136,36.08624,0.930028,0.301632,0.279173,13.502,cuda
bsrnet,ami,076,front,076_front,5,4,192,est,35.35854,0.898654,33.29063,0.961582,5,0.067467,34.843596,38.491158,35.015607,0.915753,0.310226,0.320355,13.498,cuda
bsrnet,ami,076,left,076_left,5,4,192,est,35.632715,0.900296,33.391615,0.962483,5,0.063854,34.748937,38.862985,35.186532,0.916016,0.331398,0.310748,13.482,cuda
bsrnet,ami,076,right,076_right,5,4,192,est,35.344819,0.895858,33.134398,0.960155,5,0.068791,34.666425,38.650966,35.006552,0.906652,0.311575,0.296648,13.407,cuda
bsrnet,ami,076,up,076_up,5,4,192,est,36.007329,0.905977,33.934156,0.970002,5,0.052204,34.991341,40.193734,35.736112,0.922468,0.291706,0.288752,13.419,cuda
bsrnet,ami,076,zoom,076_zoom,5,4,192,est,35.462441,0.919295,33.248623,0.965785,5,0.064823,35.730552,37.674423,35.100712,0.927797,0.286704,0.325265,13.496,cuda
bsrnet,ami,077,back,077_back,2,4,192,est,38.588988,0.934938,36.179193,0.978309,5,0.040251,37.437729,42.901376,37.870446,0.940317,0.204139,0.297663,13.501,cuda
bsrnet,ami,077,down,077_down,2,4,192,est,36.663322,0.897276,34.500129,0.963166,5,0.05332,35.637581,40.836418,36.263922,0.911721,0.34412,0.295355,13.495,cuda
bsrnet,ami,077,front,077_front,2,4,192,est,37.034957,0.899674,34.710744,0.962447,5,0.05663,36.027534,41.145896,36.631378,0.90814,0.337313,0.331311,13.505,cuda
bsrnet,ami,077,left,077_left,2,4,192,est,36.714447,0.911709,34.295153,0.962259,5,0.060419,36.699223,39.646569,36.343163,0.922489,0.337893,0.314259,13.487,cuda
bsrnet,ami,077,right,077_right,2,4,192,est,37.604309,0.931277,35.169901,0.973056,5,0.048234,37.15588,40.745132,36.740698,0.928633,0.234085,0.30509,13.496,cuda
bsrnet,ami,077,up,077_up,2,4,192,est,37.123858,0.900929,34.925672,0.962972,5,0.052797,36.103241,41.197552,36.897087,0.911495,0.321903,0.31249,13.492,cuda
bsrnet,ami,077,zoom,077_zoom,2,4,192,est,38.790286,0.932628,36.364984,0.978018,5,0.038058,37.773968,43.236587,38.71645,0.946033,0.236241,0.273868,13.49,cuda
bsrnet,ami,078,back,078_back,2,4,192,est,37.440992,0.928874,35.066347,0.976363,5,0.045197,36.920923,41.117887,37.552569,0.945328,0.230556,0.300097,13.484,cuda
bsrnet,ami,078,down,078_down,2,4,192,est,36.403483,0.904301,34.124197,0.969068,5,0.059393,35.171072,41.061713,36.982722,0.933543,0.323307,0.278438,13.501,cuda
bsrnet,ami,078,front,078_front,2,4,192,est,36.150045,0.910288,33.715258,0.965046,5,0.06408,35.789093,39.38995,36.016326,0.926644,0.288495,0.319783,13.488,cuda
bsrnet,ami,078,left,078_left,2,4,192,est,35.21991,0.893306,33.081132,0.955125,5,0.077328,35.190446,38.084978,35.340894,0.909888,0.300905,0.32005,13.421,cuda
bsrnet,ami,078,right,078_right,2,4,192,est,36.482777,0.925154,34.273202,0.976715,5,0.048449,35.688225,40.136426,36.537316,0.933705,0.223092,0.267016,13.458,cuda
bsrnet,ami,078,up,078_up,2,4,192,est,35.7154,0.89912,33.457046,0.958043,5,0.074581,35.537001,38.76223,35.776387,0.912136,0.305505,0.31597,13.509,cuda
bsrnet,ami,078,zoom,078_zoom,2,4,192,est,36.968339,0.930212,34.288241,0.970644,5,0.057018,36.693661,39.866284,36.546576,0.939591,0.247727,0.304491,13.49,cuda
bsrnet,ami,079,back,079_back,4,4,192,est,34.576255,0.870421,32.276453,0.952691,5,0.0787,33.791111,38.309281,34.564004,0.876472,0.337257,0.342949,13.492,cuda
bsrnet,ami,079,down,079_down,4,4,192,est,36.537152,0.914854,34.407831,0.976279,5,0.04536,35.295339,41.617595,37.245265,0.933359,0.304735,0.307916,13.484,cuda
bsrnet,ami,079,front,079_front,4,4,192,est,34.315186,0.870123,32.191995,0.954265,5,0.074461,33.632077,38.14102,34.199635,0.881731,0.337075,0.328526,13.5,cuda
bsrnet,ami,079,left,079_left,4,4,192,est,35.758192,0.898988,33.564119,0.964374,5,0.06655,35.447279,39.488726,36.169554,0.915826,0.333281,0.329944,13.486,cuda
bsrnet,ami,079,right,079_right,4,4,192,est,36.530342,0.920814,34.519125,0.978786,5,0.041471,35.608372,40.941881,35.962509,0.91733,0.254483,0.275823,13.486,cuda
bsrnet,ami,079,up,079_up,4,4,192,est,33.852318,0.859685,31.740632,0.950339,5,0.079043,33.237697,37.658627,33.745292,0.871341,0.34721,0.333716,13.482,cuda
bsrnet,ami,079,zoom,079_zoom,4,4,192,est,35.756614,0.90435,33.569144,0.966192,5,0.059814,35.165347,39.484742,36.013961,0.917576,0.301157,0.320008,13.482,cuda
bsrnet,ami,080,back,080_back,3,4,192,est,37.302839,0.921789,34.958772,0.970803,5,0.053451,36.574752,40.875537,36.308893,0.9188,0.295963,0.305487,13.488,cuda
bsrnet,ami,080,down,080_down,3,4,192,est,37.103022,0.918416,34.664137,0.965589,5,0.053052,36.908524,40.129678,36.288426,0.915749,0.332734,0.357035,13.474,cuda
bsrnet,ami,080,front,080_front,3,4,192,est,37.958349,0.92633,35.630363,0.971844,5,0.046326,37.117787,41.558292,37.223589,0.92924,0.312108,0.336353,13.407,cuda
bsrnet,ami,080,left,080_left,3,4,192,est,37.232438,0.920414,34.988552,0.968086,5,0.052673,37.056747,40.341917,36.462303,0.923345,0.329536,0.330246,13.415,cuda
bsrnet,ami,080,right,080_right,3,4,192,est,37.535454,0.933681,35.213762,0.97512,5,0.048706,36.534873,41.18391,36.11072,0.925267,0.259666,0.331746,13.51,cuda
bsrnet,ami,080,up,080_up,3,4,192,est,37.050165,0.911374,34.970691,0.966749,5,0.047832,36.369126,40.738736,36.374017,0.919448,0.32256,0.323665,13.479,cuda
bsrnet,ami,080,zoom,080_zoom,3,4,192,est,38.552182,0.93865,36.038558,0.976782,5,0.03891,37.712955,42.105193,37.493133,0.939604,0.276235,0.319118,13.493,cuda
bsrnet,ami,081,back,081_back,1,4,192,est,35.944852,0.904792,33.715537,0.959713,5,0.062451,35.420898,39.212872,34.773957,0.894275,0.291408,0.32706,13.568,cuda
bsrnet,ami,081,down,081_down,1,4,192,est,36.145342,0.888805,33.998026,0.958585,5,0.062753,34.913203,40.317896,35.490048,0.890327,0.341021,0.337251,13.494,cuda
bsrnet,ami,081,front,081_front,1,4,192,est,36.81369,0.903928,34.756007,0.972387,5,0.043167,35.325791,42.21709,36.15555,0.911279,0.270268,0.314393,13.505,cuda
bsrnet,ami,081,left,081_left,1,4,192,est,36.566391,0.890645,34.305956,0.960405,5,0.058273,35.396439,40.949339,35.815724,0.887456,0.360392,0.336171,13.496,cuda
bsrnet,ami,081,right,081_right,1,4,192,est,37.132889,0.934802,34.879582,0.976089,5,0.055019,36.17476,40.571246,35.594176,0.919166,0.228137,0.307391,13.499,cuda
bsrnet,ami,081,up,081_up,1,4,192,est,35.43552,0.869932,33.363935,0.956157,5,0.07336,33.902332,40.111058,35.242097,0.88284,0.367219,0.338411,13.497,cuda
bsrnet,ami,081,zoom,081_zoom,1,4,192,est,37.455848,0.921414,35.336809,0.975381,5,0.041908,35.971309,42.220497,36.928497,0.930023,0.244473,0.303189,13.487,cuda
bsrnet,ami,082,back,082_back,2,4,192,est,37.380972,0.928241,35.217794,0.973231,5,0.050044,36.504683,41.171577,36.63948,0.928324,0.216286,0.292745,13.506,cuda
bsrnet,ami,082,down,082_down,2,4,192,est,36.263101,0.902007,34.262452,0.968489,5,0.058056,34.84814,40.839383,36.269846,0.918031,0.284376,0.288676,13.433,cuda
bsrnet,ami,082,front,082_front,2,4,192,est,36.017905,0.899356,33.995034,0.965705,5,0.057041,34.677161,40.395586,35.903953,0.914073,0.29483,0.285953,13.427,cuda
bsrnet,ami,082,left,082_left,2,4,192,est,36.521654,0.907515,34.328187,0.968008,5,0.060239,35.765924,40.23838,36.262323,0.924084,0.289719,0.295705,13.505,cuda
bsrnet,ami,082,right,082_right,2,4,192,est,35.787076,0.906729,33.772207,0.960993,5,0.066253,35.353308,38.886282,34.880198,0.903897,0.302799,0.310508,13.501,cuda
bsrnet,ami,082,up,082_up,2,4,192,est,36.439362,0.910448,34.188084,0.967171,5,0.064504,35.647099,40.109573,35.776988,0.91646,0.277991,0.280995,13.51,cuda
bsrnet,ami,082,zoom,082_zoom,2,4,192,est,37.766641,0.925359,35.477362,0.979837,5,0.046339,36.185945,43.180336,37.797215,0.942738,0.215873,0.260862,13.488,cuda
bsrnet,ami,083,back,083_back,4,4,192,est,35.64576,0.891665,33.5858,0.96113,5,0.065978,34.45691,39.769074,35.738778,0.908663,0.2791,0.324426,13.475,cuda
bsrnet,ami,083,down,083_down,4,4,192,est,34.884564,0.864806,32.79477,0.952794,5,0.073734,33.384067,39.31369,34.802772,0.886373,0.274713,0.324281,13.486,cuda
bsrnet,ami,083,front,083_front,4,4,192,est,36.357184,0.894494,34.257176,0.970694,5,0.047558,34.817567,41.979535,36.651399,0.917085,0.218945,0.28304,13.487,cuda
bsrnet,ami,083,left,083_left,4,4,192,est,37.238064,0.908711,34.999417,0.975163,5,0.045955,35.668152,42.558883,37.328108,0.922344,0.213348,0.300496,13.491,cuda
bsrnet,ami,083,right,083_right,4,4,192,est,37.890622,0.925859,35.515945,0.978862,5,0.041902,36.589515,42.689675,37.339558,0.930221,0.239274,0.290938,13.493,cuda
bsrnet,ami,083,up,083_up,4,4,192,est,35.708578,0.880741,33.549727,0.96418,5,0.060473,33.900021,41.156734,36.658157,0.916008,0.271426,0.30663,13.499,cuda
bsrnet,ami,083,zoom,083_zoom,4,4,192,est,36.820138,0.909637,34.584795,0.970961,5,0.049395,35.765567,41.012538,37.386124,0.934123,0.225877,0.278782,13.497,cuda
bsrnet,ami,084,back,084_back,3,4,192,est,35.190719,0.879966,33.085402,0.954476,5,0.077051,34.416865,38.956654,34.687739,0.882323,0.327883,0.33686,13.397,cuda
bsrnet,ami,084,down,084_down,3,4,192,est,34.527343,0.870269,32.555318,0.954168,5,0.074664,33.969215,38.378745,34.905082,0.894777,0.361807,0.333774,13.4,cuda
bsrnet,ami,084,front,084_front,3,4,192,est,35.939806,0.894645,33.877282,0.970926,5,0.055157,34.611022,41.713734,36.420548,0.91692,0.303596,0.332721,13.514,cuda
bsrnet,ami,084,left,084_left,3,4,192,est,36.502492,0.900452,34.390548,0.967531,5,0.063664,35.258566,41.346995,36.945693,0.918917,0.304848,0.32315,13.495,cuda
bsrnet,ami,084,right,084_right,3,4,192,est,35.674653,0.898253,33.596622,0.963695,5,0.064965,35.062469,39.341282,34.946392,0.898832,0.302001,0.313547,13.494,cuda
bsrnet,ami,084,up,084_up,3,4,192,est,35.684043,0.895983,33.763664,0.971658,5,0.053348,34.517347,41.269221,35.82156,0.910188,0.268759,0.318381,13.525,cuda
bsrnet,ami,084,zoom,084_zoom,3,4,192,est,36.920817,0.918124,34.741396,0.977427,5,0.045985,35.772936,42.215449,37.495492,0.937263,0.27127,0.314182,13.505,cuda
bsrnet,ami,085,back,085_back,4,4,192,est,37.731192,0.913944,35.58363,0.971565,5,0.053121,36.501606,42.128575,38.392524,0.933141,0.312218,0.324501,13.502,cuda
bsrnet,ami,085,down,085_down,4,4,192,est,35.964784,0.883243,33.893662,0.958083,5,0.072801,34.841016,39.858959,36.347979,0.906281,0.381227,0.353431,13.495,cuda
bsrnet,ami,085,front,085_front,4,4,192,est,36.43348,0.895517,34.251395,0.960815,5,0.060106,35.631187,40.126983,36.846152,0.914841,0.362652,0.343913,13.493,cuda
bsrnet,ami,085,left,085_left,4,4,192,est,37.14662,0.906893,35.076822,0.966209,5,0.061817,35.87461,41.158634,38.273765,0.936104,0.34389,0.313697,13.506,cuda
bsrnet,ami,085,right,085_right,4,4,192,est,36.289778,0.901118,34.05101,0.965158,5,0.063295,35.420506,40.046164,36.308228,0.910524,0.345778,0.339613,13.495,cuda
bsrnet,ami,085,up,085_up,4,4,192,est,35.688214,0.880112,33.563961,0.957253,5,0.070511,34.92141,39.591329,36.094335,0.900208,0.376101,0.358086,13.492,cuda
bsrnet,ami,085,zoom,085_zoom,4,4,192,est,36.734508,0.910489,34.579464,0.968108,5,0.056584,35.959852,40.38485,37.043363,0.930706,0.345708,0.353401,13.413,cuda
bsrnet,ami,086,back,086_back,5,4,192,est,36.555503,0.911443,34.311162,0.967627,5,0.057093,35.958361,40.010801,35.917602,0.917378,0.264797,0.296128,13.414,cuda
bsrnet,ami,086,down,086_down,5,4,192,est,35.718987,0.893382,33.437349,0.964973,5,0.062458,34.975204,39.573108,36.046488,0.919555,0.316847,0.308419,13.509,cuda
bsrnet,ami,086,front,086_front,5,4,192,est,35.320545,0.887697,32.93221,0.960837,5,0.067203,34.64052,39.150113,35.230928,0.90361,0.324391,0.310849,13.503,cuda
bsrnet,ami,086,left,086_left,5,4,192,est,37.368732,0.918844,35.042539,0.975889,5,0.043951,36.378352,41.93124,37.602417,0.934398,0.285944,0.28323,13.492,cuda
bsrnet,ami,086,right,086_right,5,4,192,est,36.381109,0.916636,34.121271,0.968819,5,0.058367,36.039716,39.611374,35.404603,0.912209,0.237508,0.279958,13.497,cuda
bsrnet,ami,086,up,086_up,5,4,192,est,34.971093,0.893327,32.833359,0.956053,5,0.073441,35.188636,37.697671,34.487109,0.896093,0.314344,0.318314,13.515,cuda
bsrnet,ami,086,zoom,086_zoom,5,4,192,est,36.011125,0.90848,33.717072,0.966328,5,0.064987,35.767518,39.381115,36.31801,0.932584,0.262137,0.303737,13.495,cuda
bsrnet,ami,087,back,087_back,4,4,192,est,35.644423,0.890121,33.347623,0.961005,5,0.065405,34.930102,39.20149,35.463469,0.900999,0.307692,0.34098,13.498,cuda
bsrnet,ami,087,down,087_down,4,4,192,est,35.830868,0.90642,33.655422,0.965641,5,0.060843,35.661369,38.949602,35.591766,0.92195,0.30752,0.314214,13.493,cuda
bsrnet,ami,087,front,087_front,4,4,192,est,38.02867,0.935996,35.701087,0.979799,5,0.038408,37.214191,41.80863,37.347779,0.943198,0.255478,0.288544,13.477,cuda
bsrnet,ami,087,left,087_left,4,4,192,est,36.291512,0.912228,34.005964,0.965512,5,0.059523,36.253951,39.239301,35.977024,0.921307,0.298386,0.32265,13.493,cuda
bsrnet,ami,087,right,087_right,4,4,192,est,36.860216,0.929819,34.544729,0.974851,5,0.052144,36.054515,40.214342,35.616427,0.918535,0.23548,0.298393,13.502,cuda
bsrnet,ami,087,up,087_up,4,4,192,est,35.383009,0.903413,33.326348,0.963303,5,0.067174,35.308099,38.293303,35.286989,0.90992,0.298415,0.301618,13.479,cuda
bsrnet,ami,087,zoom,087_zoom,4,4,192,est,37.527106,0.937359,35.198527,0.976864,5,0.041345,37.478804,40.383238,37.148358,0.943349,0.220525,0.27178,13.505,cuda
bsrnet,ami,088,back,088_back,1,4,192,est,36.117863,0.917621,33.9528,0.9731,5,0.050164,35.06063,40.216578,35.889034,0.932246,0.236373,0.284621,13.498,cuda
bsrnet,ami,088,down,088_down,1,4,192,est,37.214033,0.93236,35.050893,0.975965,5,0.041724,36.848271,40.430244,36.697645,0.939053,0.245846,0.320713,13.497,cuda
bsrnet,ami,088,front,088_front,1,4,192,est,36.441702,0.918911,34.316405,0.972194,5,0.050157,35.963212,39.793234,35.710412,0.922795,0.264784,0.336389,13.496,cuda
bsrnet,ami,088,left,088_left,1,4,192,est,36.828465,0.933113,34.738296,0.972723,5,0.049398,36.376951,39.713132,36.108806,0.936927,0.256241,0.328116,13.484,cuda
bsrnet,ami,088,right,088_right,1,4,192,est,38.205432,0.944978,35.934598,0.982999,5,0.034414,37.348845,41.9947,37.420764,0.93842,0.211374,0.268942,13.491,cuda
bsrnet,ami,088,up,088_up,1,4,192,est,37.829413,0.932256,35.589725,0.979531,5,0.042954,36.955336,41.9297,38.210709,0.942671,0.245601,0.312814,13.492,cuda
bsrnet,ami,088,zoom,088_zoom,1,4,192,est,37.063443,0.929794,34.591784,0.974797,5,0.047635,36.902925,40.112257,36.853393,0.936112,0.247236,0.31518,13.493,cuda
bsrnet,ami,089,back,089_back,1,4,192,est,36.091703,0.92014,34.013162,0.970229,5,0.058276,36.089438,39.128571,35.87961,0.925778,0.267296,0.29293,13.478,cuda
bsrnet,ami,089,down,089_down,1,4,192,est,36.385749,0.913804,34.34128,0.969578,5,0.052171,35.894207,39.911623,36.216288,0.923665,0.291353,0.296484,13.498,cuda
bsrnet,ami,089,front,089_front,1,4,192,est,36.839772,0.924139,34.82492,0.974319,5,0.047132,36.444501,40.25798,36.975051,0.933553,0.261036,0.278499,13.496,cuda
bsrnet,ami,089,left,089_left,1,4,192,est,34.998456,0.903848,33.142201,0.963655,5,0.06584,35.301392,37.843751,35.531321,0.921245,0.293212,0.331264,13.497,cuda
bsrnet,ami,089,right,089_right,1,4,192,est,35.860147,0.912294,33.813203,0.966561,5,0.063381,35.42415,38.752905,35.07752,0.90386,0.284583,0.286086,13.495,cuda
bsrnet,ami,089,up,089_up,1,4,192,est,36.749746,0.920011,34.691971,0.969736,5,0.053139,36.585605,39.6689,36.620574,0.926119,0.252428,0.286465,13.491,cuda
bsrnet,ami,089,zoom,089_zoom,1,4,192,est,36.392089,0.92202,34.22278,0.9723,5,0.054944,36.256578,39.361096,36.286068,0.933269,0.249,0.277398,13.497,cuda
bsrnet,ami,090,back,090_back,1,4,192,est,35.975674,0.935773,34.01829,0.979424,5,0.040291,34.715236,40.716403,34.425363,0.931135,0.188075,0.265958,13.421,cuda
bsrnet,ami,090,down,090_down,1,4,192,est,36.393794,0.929687,34.377203,0.975471,5,0.046903,35.428739,40.202713,35.461548,0.933096,0.203178,0.283765,13.447,cuda
bsrnet,ami,090,front,090_front,1,4,192,est,35.896551,0.926242,33.805818,0.972669,5,0.055615,35.091583,39.376907,34.718707,0.92367,0.221249,0.292487,13.501,cuda
bsrnet,ami,090,left,090_left,1,4,192,est,34.959736,0.917732,32.998909,0.969638,5,0.061049,34.07452,38.507124,33.73308,0.914762,0.232846,0.299933,13.48,cuda
bsrnet,ami,090,right,090_right,1,4,192,est,36.314864,0.937981,34.424454,0.978384,5,0.045843,35.073575,40.328267,34.951793,0.93673,0.199848,0.290113,13.484,cuda
bsrnet,ami,090,up,090_up,1,4,192,est,35.216814,0.921475,33.167748,0.969641,5,0.060665,34.590944,38.784142,34.129113,0.921624,0.235899,0.295451,13.508,cuda
bsrnet,ami,090,zoom,090_zoom,1,4,192,est,36.493871,0.94846,34.435998,0.982892,5,0.037144,35.009718,40.625356,35.270207,0.949584,0.175112,0.255026,13.486,cuda
bsrnet,ami,091,back,091_back,4,4,192,est,34.655588,0.882189,32.676063,0.961446,5,0.065258,33.0143,39.751075,34.779369,0.896436,0.267265,0.281444,13.496,cuda
bsrnet,ami,091,down,091_down,4,4,192,est,33.889053,0.85583,31.803986,0.952952,5,0.086706,32.663971,38.383869,34.19227,0.881624,0.326136,0.306496,13.486,cuda
bsrnet,ami,091,front,091_front,4,4,192,est,34.175933,0.853861,32.161351,0.953879,5,0.08592,32.680746,39.246145,34.086297,0.872084,0.322052,0.305027,13.496,cuda
bsrnet,ami,091,left,091_left,4,4,192,est,34.74376,0.877261,32.63516,0.956891,5,0.083128,33.956806,39.010998,34.670185,0.892104,0.285681,0.299499,13.49,cuda
bsrnet,ami,091,right,091_right,4,4,192,est,35.943935,0.899326,33.905691,0.966571,5,0.061282,35.005226,39.995017,35.489048,0.904311,0.26898,0.303707,13.496,cuda
bsrnet,ami,091,up,091_up,4,4,192,est,35.189291,0.8816,33.239172,0.965693,5,0.060812,33.5595,40.814062,35.506687,0.902661,0.262759,0.284062,13.504,cuda
bsrnet,ami,091,zoom,091_zoom,4,4,192,est,35.014639,0.879982,32.747803,0.959572,5,0.076152,33.753923,39.412523,35.379363,0.905127,0.296925,0.309331,13.415,cuda
bsrnet,ami,092,back,092_back,3,4,192,est,33.142182,0.815038,30.840493,0.933043,5,0.096444,31.778246,37.362541,33.498909,0.864825,0.418123,0.335655,13.421,cuda
bsrnet,ami,092,down,092_down,3,4,192,est,33.771449,0.818903,31.598904,0.940725,5,0.087789,32.04309,38.847096,34.312481,0.864343,0.436063,0.340229,13.503,cuda
bsrnet,ami,092,front,092_front,3,4,192,est,33.71193,0.822655,31.429496,0.942666,5,0.084945,32.202882,38.961986,34.464135,0.868466,0.421584,0.3335,13.49,cuda
bsrnet,ami,092,left,092_left,3,4,192,est,35.104112,0.859256,33.003659,0.9579,5,0.062358,33.685844,40.92443,35.871881,0.892361,0.385844,0.344614,13.491,cuda
bsrnet,ami,092,right,092_right,3,4,192,est,33.421536,0.810299,31.132952,0.931348,5,0.093209,31.887671,37.956632,33.679808,0.841216,0.432835,0.349452,13.495,cuda
bsrnet,ami,092,up,092_up,3,4,192,est,33.901244,0.82491,31.639745,0.943072,5,0.091192,32.131588,39.182626,34.703839,0.867981,0.397097,0.322515,13.489,cuda
bsrnet,ami,092,zoom,092_zoom,3,4,192,est,35.623708,0.882364,33.265363,0.964151,5,0.059203,34.252399,40.610255,36.722497,0.920333,0.347764,0.301,13.515,cuda
bsrnet,ami,093,back,093_back,4,4,192,est,33.992198,0.860952,31.946147,0.952508,5,0.07998,32.252015,38.771927,34.173605,0.882796,0.332665,0.308096,13.514,cuda
bsrnet,ami,093,down,093_down,4,4,192,est,35.985399,0.897621,33.760721,0.971019,5,0.049773,34.509739,40.865565,36.14754,0.918122,0.33136,0.318298,13.511,cuda
bsrnet,ami,093,front,093_front,4,4,192,est,34.98166,0.884593,32.9509,0.962366,5,0.063482,33.69812,39.459427,35.340962,0.906592,0.343237,0.344088,13.481,cuda
bsrnet,ami,093,left,093_left,4,4,192,est,36.38327,0.906976,34.236398,0.972076,5,0.049427,35.065978,41.45061,36.419195,0.922657,0.337832,0.309074,13.499,cuda
bsrnet,ami,093,right,093_right,4,4,192,est,34.638955,0.884654,32.511731,0.960293,5,0.071911,34.15258,37.956974,34.411485,0.891285,0.322983,0.338135,13.502,cuda
bsrnet,ami,093,up,093_up,4,4,192,est,34.781537,0.879587,32.713135,0.965924,5,0.057062,33.137696,39.945761,35.224251,0.900034,0.312275,0.333791,13.504,cuda
bsrnet,ami,093,zoom,093_zoom,4,4,192,est,34.925257,0.888272,32.888371,0.966397,5,0.066116,33.455423,39.650735,35.96962,0.920039,0.337284,0.343628,13.5,cuda
bsrnet,ami,094,back,094_back,3,4,192,est,35.701667,0.90499,33.670608,0.974626,5,0.046651,33.789838,41.540758,35.112418,0.911574,0.244237,0.297239,13.534,cuda
bsrnet,ami,094,down,094_down,3,4,192,est,36.823369,0.91686,34.515945,0.974665,5,0.045013,36.170047,40.730013,36.735323,0.929165,0.279221,0.3063,13.494,cuda
bsrnet,ami,094,front,094_front,3,4,192,est,36.225174,0.915722,33.894493,0.969228,5,0.057529,36.221537,39.215926,35.687817,0.922813,0.279038,0.31448,13.481,cuda
bsrnet,ami,094,left,094_left,3,4,192,est,35.867689,0.907049,33.765769,0.96554,5,0.059145,35.832373,39.083097,35.3931,0.913311,0.289403,0.326622,13.51,cuda
bsrnet,ami,094,right,094_right,3,4,192,est,36.309528,0.910261,34.123919,0.973783,5,0.04637,35.172355,40.907922,36.117048,0.922951,0.255577,0.281011,13.484,cuda
bsrnet,ami,094,up,094_up,3,4,192,est,36.789106,0.920814,34.538917,0.977722,5,0.041226,35.273004,41.980884,37.022126,0.931337,0.242848,0.272678,13.49,cuda
bsrnet,ami,094,zoom,094_zoom,3,4,192,est,35.210327,0.900155,33.077338,0.96565,5,0.063868,34.651888,38.582903,35.458629,0.913102,0.273089,0.297779,13.486,cuda
bsrnet,ami,095,back,095_back,3,4,192,est,36.695197,0.912686,34.714795,0.971256,5,0.050786,35.807011,40.907458,36.431344,0.924206,0.249631,0.289026,13.494,cuda
bsrnet,ami,095,down,095_down,3,4,192,est,36.985693,0.911162,34.878292,0.973052,5,0.048594,35.855849,41.634856,36.950109,0.927491,0.272714,0.292794,13.491,cuda
bsrnet,ami,095,front,095_front,3,4,192,est,36.675605,0.907052,34.59255,0.972053,5,0.04913,35.425905,41.38998,36.835228,0.923893,0.2605,0.297341,13.505,cuda
bsrnet,ami,095,left,095_left,3,4,192,est,35.696594,0.890789,33.672473,0.961549,5,0.062729,35.116529,39.45644,35.402614,0.907326,0.312589,0.324626,13.509,cuda
bsrnet,ami,095,right,095_right,3,4,192,est,34.544987,0.900475,32.649631,0.966088,5,0.063846,33.997465,37.84063,33.697225,0.902383,0.25656,0.311028,13.502,cuda
bsrnet,ami,095,up,095_up,3,4,192,est,36.409217,0.894709,34.405448,0.973091,5,0.048703,34.674964,42.599285,36.461006,0.908329,0.266052,0.306506,13.496,cuda
bsrnet,ami,095,zoom,095_zoom,3,4,192,est,37.279628,0.914056,35.057923,0.976488,5,0.043418,35.890893,42.538479,37.683262,0.935672,0.252176,0.290139,13.478,cuda
bsrnet,ami,096,back,096_back,5,4,192,est,32.83159,0.8436,30.844864,0.946682,5,0.079962,31.226498,37.763822,34.089737,0.868847,0.342396,0.335919,13.417,cuda
bsrnet,ami,096,down,096_down,5,4,192,est,33.990367,0.878873,32.00337,0.963265,5,0.060468,32.136916,39.196459,34.092923,0.900044,0.349217,0.336584,13.417,cuda
bsrnet,ami,096,front,096_front,5,4,192,est,33.462019,0.870865,31.402039,0.957661,5,0.068399,31.984214,38.079002,34.089268,0.873065,0.319306,0.335847,13.499,cuda
bsrnet,ami,096,left,096_left,5,4,192,est,34.441502,0.875363,32.298208,0.958142,5,0.06373,34.063982,38.025675,34.737786,0.887389,0.337692,0.340575,13.507,cuda
bsrnet,ami,096,right,096_right,5,4,192,est,35.097794,0.885024,33.094676,0.970436,5,0.049663,33.966147,39.976253,35.062782,0.892471,0.293598,0.289377,13.494,cuda
bsrnet,ami,096,up,096_up,5,4,192,est,34.217405,0.868339,32.162957,0.966285,5,0.05388,32.247393,40.853703,35.359748,0.881883,0.299083,0.262312,13.494,cuda
bsrnet,ami,096,zoom,096_zoom,5,4,192,est,35.422897,0.893886,33.230988,0.974391,5,0.0491,33.494525,41.851296,36.515902,0.906568,0.312178,0.299051,13.495,cuda
bsrnet,ami,097,back,097_back,4,4,192,est,36.003055,0.896317,33.74008,0.963975,5,0.059292,34.969463,39.887639,35.557863,0.908834,0.290761,0.330128,13.483,cuda
bsrnet,ami,097,down,097_down,4,4,192,est,35.694222,0.895534,33.543264,0.963787,5,0.061814,34.49654,40.007437,34.856234,0.891893,0.327506,0.327421,13.493,cuda
bsrnet,ami,097,front,097_front,4,4,192,est,35.965704,0.899407,33.987193,0.965568,5,0.057969,34.933617,39.962208,35.808627,0.910526,0.311105,0.325003,13.499,cuda
bsrnet,ami,097,left,097_left,4,4,192,est,37.136268,0.91538,34.992869,0.973988,5,0.047349,35.691374,42.049135,37.464212,0.934958,0.302469,0.305139,13.5,cuda
bsrnet,ami,097,right,097_right,4,4,192,est,37.046766,0.914524,34.853134,0.977234,5,0.047493,35.249409,42.947125,36.62157,0.919265,0.263241,0.294558,13.518,cuda
bsrnet,ami,097,up,097_up,4,4,192,est,37.248592,0.912906,35.017329,0.973441,5,0.045349,35.898186,42.077925,37.27079,0.921701,0.284561,0.298519,13.492,cuda
bsrnet,ami,097,zoom,097_zoom,4,4,192,est,36.656399,0.909367,34.466771,0.972744,5,0.05233,35.473829,40.984837,36.649214,0.921754,0.280562,0.310844,13.426,cuda
bsrnet,ami,098,back,098_back,2,4,192,est,35.718947,0.896729,33.398212,0.963765,5,0.06596,34.581107,39.914869,34.610012,0.880573,0.279887,0.322187,13.429,cuda
bsrnet,ami,098,down,098_down,2,4,192,est,37.223362,0.914698,34.887977,0.971635,5,0.050947,35.679675,41.864813,36.93573,0.924897,0.293705,0.309486,13.493,cuda
bsrnet,ami,098,front,098_front,2,4,192,est,36.227609,0.90601,33.74025,0.962194,5,0.067087,35.456099,39.696774,35.69409,0.904459,0.297903,0.346281,13.49,cuda
bsrnet,ami,098,left,098_left,2,4,192,est,38.996365,0.931484,36.423466,0.979147,5,0.035618,37.641766,44.157392,39.207546,0.942355,0.296514,0.318824,13.484,cuda
bsrnet,ami,098,right,098_right,2,4,192,est,35.586442,0.905333,33.264433,0.960649,5,0.063878,35.023779,38.690069,34.71507,0.895812,0.280883,0.346927,13.499,cuda
bsrnet,ami,098,up,098_up,2,4,192,est,35.26281,0.877678,33.038082,0.957247,5,0.068786,34.006783,39.60023,34.991849,0.886876,0.322701,0.349843,13.498,cuda
bsrnet,ami,098,zoom,098_zoom,2,4,192,est,37.065661,0.916382,34.529997,0.970941,5,0.053257,36.210754,40.883143,36.40105,0.922448,0.291598,0.333645,13.487,cuda
bsrnet,ami,099,back,099_back,1,4,192,est,36.347664,0.900389,34.107255,0.973834,5,0.046332,34.806213,41.844622,36.02091,0.912143,0.276347,0.30833,13.491,cuda
bsrnet,ami,099,down,099_down,1,4,192,est,35.353291,0.888837,33.181451,0.961479,5,0.064675,34.377931,39.218433,34.820433,0.897048,0.319105,0.343028,13.523,cuda
bsrnet,ami,099,front,099_front,1,4,192,est,34.744307,0.869773,32.600995,0.955547,5,0.068159,33.848259,38.658884,34.496075,0.880642,0.330963,0.342585,13.493,cuda
bsrnet,ami,099,left,099_left,1,4,192,est,36.568557,0.906117,34.28349,0.974546,5,0.045788,35.26269,41.501605,36.489093,0.919078,0.316737,0.279302,13.49,cuda
bsrnet,ami,099,right,099_right,1,4,192,est,36.146052,0.895258,33.911261,0.967604,5,0.050961,34.852383,40.678697,35.718526,0.902452,0.279572,0.315005,13.522,cuda
bsrnet,ami,099,up,099_up,1,4,192,est,36.159849,0.893276,33.955158,0.968853,5,0.050445,34.820048,41.080007,36.353998,0.910738,0.280054,0.297976,13.419,cuda
bsrnet,ami,099,zoom,099_zoom,1,4,192,est,36.820413,0.913628,34.489178,0.973751,5,0.047697,35.80838,41.347379,36.902689,0.922623,0.275967,0.272893,13.404,cuda
bsrnet,ami,100,back,100_back,1,4,192,est,35.855509,0.868043,33.591733,0.961509,5,0.054571,34.134977,42.136528,35.752824,0.886636,0.322006,0.298842,13.513,cuda
bsrnet,ami,100,down,100_down,1,4,192,est,35.372015,0.859949,33.077949,0.962926,5,0.060316,33.543457,42.184218,35.555765,0.891642,0.38603,0.321475,13.508,cuda
bsrnet,ami,100,front,100_front,1,4,192,est,34.766033,0.850905,32.636735,0.951803,5,0.065722,33.204093,40.02822,34.632794,0.868267,0.368375,0.325081,13.489,cuda
bsrnet,ami,100,left,100_left,1,4,192,est,34.456575,0.840103,32.378377,0.942395,5,0.077072,33.255648,39.018408,34.111987,0.848493,0.436116,0.37116,13.488,cuda
bsrnet,ami,100,right,100_right,1,4,192,est,33.245173,0.81128,31.222273,0.931379,5,0.092331,31.792662,37.72109,32.985142,0.834913,0.396269,0.361285,13.497,cuda
bsrnet,ami,100,up,100_up,1,4,192,est,33.47499,0.81175,31.33515,0.930329,5,0.087917,32.114775,38.15484,33.392693,0.822373,0.410823,0.339035,13.494,cuda
bsrnet,ami,100,zoom,100_zoom,1,4,192,est,33.984453,0.834328,31.791855,0.947407,5,0.080948,32.518192,39.023022,34.809747,0.867839,0.405397,0.357726,13.492,cuda
bsrnet,ami,101,back,101_back,1,4,192,est,35.206595,0.88572,33.151331,0.961377,5,0.066253,34.023507,39.216967,34.815542,0.89697,0.286659,0.330857,13.498,cuda
bsrnet,ami,101,down,101_down,1,4,192,est,36.261918,0.900483,34.114925,0.967196,5,0.058301,35.121569,40.452669,36.759926,0.922288,0.330097,0.312352,13.486,cuda
bsrnet,ami,101,front,101_front,1,4,192,est,36.864015,0.915058,34.638839,0.973356,5,0.049497,35.730784,40.98055,36.861211,0.929953,0.307961,0.3113,13.5,cuda
bsrnet,ami,101,left,101_left,1,4,192,est,37.308081,0.910046,35.052139,0.971879,5,0.051563,35.833417,42.221742,37.630997,0.929538,0.338406,0.331154,13.477,cuda
bsrnet,ami,101,right,101_right,1,4,192,est,36.439469,0.906265,34.384244,0.973139,5,0.049064,35.392868,41.110526,36.477991,0.912608,0.284351,0.302299,13.409,cuda
bsrnet,ami,101,up,101_up,1,4,192,est,34.769176,0.874813,32.753245,0.956434,5,0.07598,33.850241,38.761015,34.654051,0.887602,0.341203,0.327762,13.416,cuda
bsrnet,ami,101,zoom,101_zoom,1,4,192,est,37.070459,0.913713,34.724635,0.974856,5,0.050465,35.771939,41.563943,37.305678,0.929322,0.298843,0.314569,13.562,cuda
bsrnet,ami,102,back,102_back,1,4,192,est,34.319513,0.856869,32.142685,0.951424,5,0.076026,33.523031,38.115203,34.211679,0.882761,0.367895,0.351768,13.494,cuda
bsrnet,ami,102,down,102_down,1,4,192,est,33.236646,0.828621,31.269735,0.943473,5,0.090172,32.302662,37.479849,33.891429,0.874249,0.452244,0.333962,13.49,cuda
bsrnet,ami,102,front,102_front,1,4,192,est,33.481878,0.836643,31.426386,0.941851,5,0.089416,32.584372,37.172377,34.144563,0.878283,0.438557,0.366728,13.498,cuda
bsrnet,ami,102,left,102_left,1,4,192,est,34.998665,0.866926,33.03577,0.964125,5,0.057231,33.869839,40.188238,35.856303,0.902514,0.417877,0.336374,13.499,cuda
bsrnet,ami,102,right,102_right,1,4,192,est,33.123459,0.827687,31.176176,0.943221,5,0.091259,31.906543,37.27686,32.995089,0.851943,0.421097,0.331517,13.495,cuda
bsrnet,ami,102,up,102_up,1,4,192,est,33.467409,0.831662,31.63047,0.949282,5,0.081379,32.207158,38.283383,34.09392,0.866509,0.401217,0.323704,13.48,cuda
bsrnet,ami,102,zoom,102_zoom,1,4,192,est,33.844521,0.860149,31.791767,0.95113,5,0.079869,33.217122,37.450342,34.560482,0.893374,0.434408,0.357699,13.477,cuda
bsrnet,ami,103,back,103_back,2,4,192,est,36.186901,0.90504,34.088126,0.969591,5,0.054535,34.469836,41.063174,35.288434,0.903846,0.279288,0.297304,13.495,cuda
bsrnet,ami,103,down,103_down,2,4,192,est,36.833467,0.925025,34.619114,0.973622,5,0.04523,36.590037,39.8635,36.253708,0.929814,0.263922,0.317664,13.491,cuda
bsrnet,ami,103,front,103_front,2,4,192,est,36.931887,0.919081,34.740133,0.973742,5,0.0475,36.066936,40.740736,36.724153,0.929175,0.26645,0.31795,13.478,cuda
bsrnet,ami,103,left,103_left,2,4,192,est,37.592653,0.928104,35.417515,0.973497,5,0.050867,37.009349,40.939787,36.593327,0.922221,0.271508,0.326752,13.418,cuda
bsrnet,ami,103,right,103_right,2,4,192,est,36.186086,0.918271,33.965959,0.970627,5,0.056886,35.76994,39.394495,35.374309,0.913419,0.277024,0.313492,13.414,cuda
bsrnet,ami,103,up,103_up,2,4,192,est,36.387343,0.915519,34.255319,0.975527,5,0.047913,34.50028,41.609144,37.476973,0.929508,0.270405,0.300036,13.503,cuda
bsrnet,ami,103,zoom,103_zoom,2,4,192,est,37.791737,0.932029,35.327317,0.981064,5,0.037149,36.772899,41.845379,37.297843,0.934573,0.237031,0.312115,13.477,cuda
bsrnet,ami,104,back,104_back,4,4,192,est,34.626915,0.906895,32.526957,0.968401,5,0.049752,32.955383,40.136039,33.316586,0.911869,0.247809,0.316404,13.486,cuda
bsrnet,ami,104,down,104_down,4,4,192,est,35.183218,0.897277,33.041777,0.965445,5,0.054352,33.385786,41.132038,34.233855,0.907984,0.275827,0.325503,13.503,cuda
bsrnet,ami,104,front,104_front,4,4,192,est,35.006594,0.894499,32.824351,0.961136,5,0.067171,33.533842,39.909654,34.039879,0.895352,0.283237,0.336294,13.483,cuda
bsrnet,ami,104,left,104_left,4,4,192,est,34.635607,0.89567,32.517303,0.96018,5,0.067531,33.163982,39.348443,33.465943,0.894214,0.319221,0.339349,13.491,cuda
bsrnet,ami,104,right,104_right,4,4,192,est,36.351098,0.917955,34.07258,0.974005,5,0.042661,34.723314,41.927912,35.09699,0.920647,0.247303,0.312611,13.5,cuda
bsrnet,ami,104,up,104_up,4,4,192,est,34.360863,0.877944,32.17901,0.954458,5,0.068072,32.796815,38.990851,33.789873,0.881049,0.310408,0.330322,13.483,cuda
bsrnet,ami,104,zoom,104_zoom,4,4,192,est,35.962416,0.909634,33.756167,0.975051,5,0.047684,33.951868,42.76588,34.982748,0.919285,0.268595,0.313265,13.5,cuda
bsrnet,ami,105,back,105_back,5,4,192,est,33.480055,0.853059,31.247185,0.947002,5,0.093239,32.179823,37.327253,32.291784,0.836435,0.326301,0.330744,13.486,cuda
bsrnet,ami,105,down,105_down,5,4,192,est,36.07526,0.895419,33.707578,0.971622,5,0.050521,34.522127,41.120616,35.884219,0.913915,0.311726,0.303738,13.491,cuda
bsrnet,ami,105,front,105_front,5,4,192,est,34.300609,0.865514,32.196779,0.953325,5,0.07722,33.151547,38.275053,33.828179,0.874586,0.31624,0.3195,13.483,cuda
bsrnet,ami,105,left,105_left,5,4,192,est,34.983224,0.886674,32.802399,0.958966,5,0.06491,34.113682,38.584136,34.052877,0.890923,0.322176,0.342205,13.492,cuda
bsrnet,ami,105,right,105_right,5,4,192,est,34.479806,0.881712,32.422641,0.961073,5,0.06999,33.337204,38.482373,34.701634,0.889883,0.311936,0.300151,13.506,cuda
bsrnet,ami,105,up,105_up,5,4,192,est,33.564234,0.859318,31.605412,0.957987,5,0.068462,31.753047,39.055704,34.1909,0.867721,0.297366,0.293709,13.489,cuda
bsrnet,ami,105,zoom,105_zoom,5,4,192,est,34.247886,0.868973,32.107906,0.956955,5,0.078095,33.456058,37.953902,34.109328,0.877952,0.318122,0.311693,13.484,cuda
bsrnet,ami,106,back,106_back,3,4,192,est,34.662712,0.849117,32.597565,0.955941,5,0.069032,32.782787,41.185793,35.903081,0.897616,0.356121,0.317493,13.483,cuda
bsrnet,ami,106,down,106_down,3,4,192,est,34.639507,0.856266,32.535447,0.958068,5,0.063647,33.235685,40.60857,36.090608,0.910703,0.339947,0.332163,13.482,cuda
bsrnet,ami,106,front,106_front,3,4,192,est,34.451708,0.843942,32.1531,0.950109,5,0.076519,32.921543,39.733746,35.517602,0.893319,0.378701,0.346758,13.475,cuda
bsrnet,ami,106,left,106_left,3,4,192,est,33.664431,0.842024,31.542539,0.945828,5,0.084795,32.843675,38.563501,34.718733,0.888094,0.382609,0.361342,13.497,cuda
bsrnet,ami,106,right,106_right,3,4,192,est,34.44326,0.839419,32.499881,0.954395,5,0.070937,32.650312,41.61821,35.259539,0.873651,0.344475,0.297109,13.489,cuda
bsrnet,ami,106,up,106_up,3,4,192,est,35.360239,0.858626,33.142531,0.958241,5,0.065763,33.587735,41.563037,36.327747,0.895668,0.378404,0.320464,13.492,cuda
bsrnet,ami,106,zoom,106_zoom,3,4,192,est,34.894822,0.867572,32.403443,0.954879,5,0.078399,33.643449,39.422387,36.106234,0.906863,0.375568,0.355618,13.497,cuda
