model,dataset,subject,view,key,fold,scale,tier,degrade,psnr_y,ssim_y,psnr_rgb,ms_ssim_y,ms_ssim_scales,gmsd,grad_psnr,lr_psnr_y,psnr_y_c,ssim_y_c,lpips,dists,host_ms,device
fbcnn_bicubic,ami,000,back,000_back,3,4,96,bicjpeg75,30.938717,0.757615,28.77882,0.927019,4,0.10167,29.030478,37.991595,29.686626,0.759496,0.338551,0.327422,6.197,cuda
fbcnn_bicubic,ami,000,down,000_down,3,4,96,bicjpeg75,29.89703,0.735875,27.796019,0.908243,4,0.121358,28.161699,36.500632,27.601013,0.750021,0.409082,0.324991,5.94,cuda
fbcnn_bicubic,ami,000,front,000_front,3,4,96,bicjpeg75,30.001958,0.734693,27.886108,0.905334,4,0.113804,28.198801,36.732722,28.352758,0.737856,0.393633,0.327705,5.985,cuda
fbcnn_bicubic,ami,000,left,000_left,3,4,96,bicjpeg75,30.354695,0.750608,28.350406,0.911203,4,0.115928,28.710379,36.498759,28.458544,0.700524,0.413011,0.350436,5.967,cuda
fbcnn_bicubic,ami,000,right,000_right,3,4,96,bicjpeg75,30.287129,0.742,28.175198,0.9111,4,0.107763,28.565368,36.620385,29.251902,0.741376,0.365294,0.329656,5.979,cuda
fbcnn_bicubic,ami,000,up,000_up,3,4,96,bicjpeg75,29.952154,0.72634,27.785444,0.905136,4,0.108527,28.371053,36.144579,28.784076,0.725104,0.428837,0.34274,5.972,cuda
fbcnn_bicubic,ami,000,zoom,000_zoom,3,4,96,bicjpeg75,31.422439,0.821492,28.905838,0.935593,4,0.095524,29.773444,36.991396,31.33112,0.822356,0.330945,0.360845,5.977,cuda
fbcnn_bicubic,ami,001,back,001_back,1,4,96,bicjpeg75,32.594846,0.80659,30.572373,0.926679,4,0.094788,30.841657,38.523978,30.314165,0.740487,0.285357,0.334239,5.975,cuda
fbcnn_bicubic,ami,001,down,001_down,1,4,96,bicjpeg75,33.194451,0.832343,31.087115,0.935414,4,0.087183,31.48987,39.099717,30.433787,0.809577,0.323704,0.316658,5.971,cuda
fbcnn_bicubic,ami,001,front,001_front,1,4,96,bicjpeg75,33.647899,0.839393,31.526825,0.935008,4,0.083703,31.90871,39.227885,31.187189,0.799334,0.303613,0.332399,5.97,cuda
fbcnn_bicubic,ami,001,left,001_left,1,4,96,bicjpeg75,33.825625,0.845863,31.861606,0.930175,4,0.082601,32.187803,39.350736,30.722366,0.766446,0.336308,0.334951,5.94,cuda
fbcnn_bicubic,ami,001,right,001_right,1,4,96,bicjpeg75,32.772239,0.829449,30.68827,0.937559,4,0.094297,30.644682,39.088883,30.366032,0.775545,0.291346,0.336636,5.967,cuda
fbcnn_bicubic,ami,001,up,001_up,1,4,96,bicjpeg75,32.275942,0.813354,30.247655,0.93136,4,0.091131,30.59845,38.06788,30.557824,0.762951,0.336267,0.334473,5.947,cuda
fbcnn_bicubic,ami,001,zoom,001_zoom,1,4,96,bicjpeg75,33.84271,0.852094,31.538386,0.94423,4,0.07689,32.174749,39.417771,32.350719,0.842411,0.336488,0.335405,5.939,cuda
fbcnn_bicubic,ami,002,back,002_back,1,4,96,bicjpeg75,32.288029,0.786762,29.871917,0.920718,4,0.09919,30.966443,37.639011,30.511965,0.764751,0.339763,0.325221,5.954,cuda
fbcnn_bicubic,ami,002,down,002_down,1,4,96,bicjpeg75,32.49458,0.801151,30.374427,0.927794,4,0.097955,30.756473,38.414962,31.209622,0.795043,0.300115,0.352226,5.985,cuda
fbcnn_bicubic,ami,002,front,002_front,1,4,96,bicjpeg75,32.231445,0.788902,30.108534,0.920651,4,0.101703,30.5185,38.101839,30.279253,0.730765,0.330321,0.334728,5.961,cuda
fbcnn_bicubic,ami,002,left,002_left,1,4,96,bicjpeg75,32.712929,0.793418,30.452337,0.919491,4,0.091691,31.320244,38.353157,31.107484,0.768378,0.342365,0.35787,5.956,cuda
fbcnn_bicubic,ami,002,right,002_right,1,4,96,bicjpeg75,32.245757,0.801333,30.085345,0.926981,4,0.100152,30.451518,38.018167,30.415633,0.74137,0.30325,0.336149,5.961,cuda
fbcnn_bicubic,ami,002,up,002_up,1,4,96,bicjpeg75,32.597978,0.799723,30.39115,0.930751,4,0.08562,31.113118,38.475253,30.904311,0.754268,0.356091,0.323108,5.97,cuda
fbcnn_bicubic,ami,002,zoom,002_zoom,1,4,96,bicjpeg75,32.880705,0.813931,30.558181,0.924984,4,0.096254,31.380202,38.249375,31.330369,0.778432,0.303053,0.343109,5.958,cuda
fbcnn_bicubic,ami,003,back,003_back,5,4,96,bicjpeg75,32.484372,0.790025,30.190668,0.924024,4,0.092447,30.878755,38.385632,30.054292,0.676211,0.377868,0.305815,5.987,cuda
fbcnn_bicubic,ami,003,down,003_down,5,4,96,bicjpeg75,32.226568,0.784078,30.07052,0.91345,4,0.097428,30.713663,38.37329,29.561964,0.69425,0.409119,0.336752,5.977,cuda
fbcnn_bicubic,ami,003,front,003_front,5,4,96,bicjpeg75,31.908508,0.769201,29.805822,0.912272,4,0.093693,30.47792,38.2178,29.72164,0.62859,0.43624,0.333488,5.98,cuda
fbcnn_bicubic,ami,003,left,003_left,5,4,96,bicjpeg75,32.829997,0.808449,30.745725,0.92022,4,0.086987,31.550502,38.288443,29.99052,0.706162,0.374351,0.337336,6.003,cuda
fbcnn_bicubic,ami,003,right,003_right,5,4,96,bicjpeg75,32.354221,0.801274,29.987656,0.92851,4,0.110829,30.784535,38.252272,30.185431,0.72104,0.368174,0.306363,6.033,cuda
fbcnn_bicubic,ami,003,up,003_up,5,4,96,bicjpeg75,31.959478,0.773634,29.830558,0.912111,4,0.104831,30.409182,38.241187,29.816738,0.620909,0.416743,0.317202,6.013,cuda
fbcnn_bicubic,ami,003,zoom,003_zoom,5,4,96,bicjpeg75,32.4572,0.788575,30.045946,0.914815,4,0.096907,30.874693,38.468586,30.858197,0.734198,0.429945,0.331118,6.026,cuda
fbcnn_bicubic,ami,004,back,004_back,5,4,96,bicjpeg75,31.830921,0.795024,29.914381,0.927002,4,0.096944,29.849835,38.171855,30.412543,0.786606,0.297862,0.375749,5.997,cuda
fbcnn_bicubic,ami,004,down,004_down,5,4,96,bicjpeg75,31.415824,0.77301,29.552986,0.924644,4,0.102891,29.559872,37.970802,30.483293,0.823161,0.335691,0.326045,6.007,cuda
fbcnn_bicubic,ami,004,front,004_front,5,4,96,bicjpeg75,31.394544,0.773851,29.537643,0.925779,4,0.102689,29.544949,37.932243,29.61925,0.782148,0.311648,0.327177,5.999,cuda
fbcnn_bicubic,ami,004,left,004_left,5,4,96,bicjpeg75,32.627569,0.811038,30.651141,0.934934,4,0.087449,31.098228,38.478043,30.359061,0.757865,0.31086,0.349925,6.003,cuda
fbcnn_bicubic,ami,004,right,004_right,5,4,96,bicjpeg75,32.122693,0.807302,30.07502,0.932627,4,0.094402,30.19112,38.374509,30.611027,0.822275,0.329978,0.353927,5.985,cuda
fbcnn_bicubic,ami,004,up,004_up,5,4,96,bicjpeg75,31.373518,0.776578,29.503024,0.918016,4,0.105624,29.54923,37.299667,29.625826,0.770659,0.329199,0.345802,6.016,cuda
fbcnn_bicubic,ami,004,zoom,004_zoom,5,4,96,bicjpeg75,32.06787,0.810258,30.054533,0.935668,4,0.092896,30.281003,38.165627,32.384558,0.827537,0.295928,0.343425,5.995,cuda
fbcnn_bicubic,ami,005,back,005_back,4,4,96,bicjpeg75,30.512742,0.752218,28.351637,0.900607,4,0.122267,27.811828,37.64188,30.207122,0.734261,0.414719,0.33057,6.003,cuda
fbcnn_bicubic,ami,005,down,005_down,4,4,96,bicjpeg75,32.247393,0.778702,30.20065,0.912533,4,0.099315,30.443582,38.476477,30.485696,0.792514,0.420133,0.338855,5.998,cuda
fbcnn_bicubic,ami,005,front,005_front,4,4,96,bicjpeg75,32.083572,0.789037,30.085534,0.913558,4,0.102591,30.159246,38.656613,30.638395,0.779259,0.39484,0.364944,6.019,cuda
fbcnn_bicubic,ami,005,left,005_left,4,4,96,bicjpeg75,33.350931,0.821663,31.033459,0.93492,4,0.080049,31.941268,39.263436,31.150205,0.771397,0.358009,0.347266,5.983,cuda
fbcnn_bicubic,ami,005,right,005_right,4,4,96,bicjpeg75,31.990907,0.80044,29.859675,0.919102,4,0.113859,30.129675,38.179007,30.266038,0.769153,0.341142,0.309077,5.999,cuda
fbcnn_bicubic,ami,005,up,005_up,4,4,96,bicjpeg75,31.00054,0.755184,29.027369,0.902047,4,0.113789,28.839606,37.934315,30.488739,0.728757,0.414532,0.34519,5.999,cuda
fbcnn_bicubic,ami,005,zoom,005_zoom,4,4,96,bicjpeg75,32.235567,0.797651,30.141298,0.916872,4,0.097956,30.26299,38.674795,32.856186,0.822626,0.398799,0.340817,6.015,cuda
fbcnn_bicubic,ami,007,back,007_back,5,4,96,bicjpeg75,32.106979,0.786957,29.967151,0.910499,4,0.09966,30.359588,37.829009,29.678667,0.728505,0.331158,0.337361,5.997,cuda
fbcnn_bicubic,ami,007,down,007_down,5,4,96,bicjpeg75,32.103439,0.787776,30.239522,0.911369,4,0.111206,30.305989,37.985676,30.289668,0.762947,0.329916,0.330766,6.001,cuda
fbcnn_bicubic,ami,007,front,007_front,5,4,96,bicjpeg75,32.353463,0.793352,30.431154,0.903064,4,0.110914,30.5069,38.227039,30.343096,0.772782,0.289841,0.343397,6.018,cuda
fbcnn_bicubic,ami,007,left,007_left,5,4,96,bicjpeg75,33.518668,0.824349,31.623097,0.928688,4,0.08281,31.908681,39.501475,31.650335,0.754837,0.388418,0.342596,5.995,cuda
fbcnn_bicubic,ami,007,right,007_right,5,4,96,bicjpeg75,32.564699,0.836104,30.586688,0.940852,4,0.095757,30.621773,38.638155,31.543319,0.816102,0.312588,0.288953,5.998,cuda
fbcnn_bicubic,ami,007,up,007_up,5,4,96,bicjpeg75,32.183473,0.786163,30.207032,0.905051,4,0.11267,30.442338,37.755261,30.916383,0.751941,0.309832,0.346638,5.995,cuda
fbcnn_bicubic,ami,007,zoom,007_zoom,5,4,96,bicjpeg75,32.465658,0.817466,30.39001,0.922545,4,0.108519,30.757951,38.053371,31.694014,0.831221,0.267168,0.346543,6.027,cuda
fbcnn_bicubic,ami,008,back,008_back,5,4,96,bicjpeg75,32.514017,0.818409,30.428773,0.930382,4,0.099298,30.948281,38.398537,30.321316,0.754729,0.341644,0.334057,6.005,cuda
fbcnn_bicubic,ami,008,down,008_down,5,4,96,bicjpeg75,32.11168,0.806437,30.128712,0.923621,4,0.105274,30.682521,37.90526,29.549374,0.764231,0.334906,0.362431,6.007,cuda
fbcnn_bicubic,ami,008,front,008_front,5,4,96,bicjpeg75,31.341455,0.796214,29.389152,0.925498,4,0.108041,29.890021,37.682194,29.559799,0.730079,0.330314,0.366394,5.981,cuda
fbcnn_bicubic,ami,008,left,008_left,5,4,96,bicjpeg75,32.809578,0.820249,30.616395,0.936504,4,0.090216,31.318102,38.968131,30.704313,0.781515,0.344501,0.333272,6.008,cuda
fbcnn_bicubic,ami,008,right,008_right,5,4,96,bicjpeg75,31.5454,0.797522,29.617663,0.918278,4,0.094983,30.124744,37.765568,30.315727,0.757848,0.358369,0.344356,5.997,cuda
fbcnn_bicubic,ami,008,up,008_up,5,4,96,bicjpeg75,31.865751,0.805828,29.815387,0.929358,4,0.099012,30.312304,38.005041,30.855676,0.752544,0.309263,0.355025,6.007,cuda
fbcnn_bicubic,ami,008,zoom,008_zoom,5,4,96,bicjpeg75,32.307304,0.819824,30.135304,0.930189,4,0.096196,30.767888,38.336882,31.915137,0.786985,0.293027,0.349112,5.996,cuda
fbcnn_bicubic,ami,009,back,009_back,4,4,96,bicjpeg75,30.607947,0.820899,28.672974,0.926929,4,0.098706,28.044961,37.102748,31.325475,0.74356,0.271971,0.301157,6.033,cuda
fbcnn_bicubic,ami,009,down,009_down,4,4,96,bicjpeg75,31.638469,0.811984,29.632807,0.923942,4,0.097206,30.074629,36.761819,30.612394,0.790959,0.290278,0.302027,5.992,cuda
fbcnn_bicubic,ami,009,front,009_front,4,4,96,bicjpeg75,29.747483,0.810191,27.870083,0.922423,4,0.105843,27.325626,35.854493,30.110039,0.766226,0.297798,0.315759,5.994,cuda
fbcnn_bicubic,ami,009,left,009_left,4,4,96,bicjpeg75,32.487151,0.814525,30.376425,0.92039,4,0.097774,31.23543,37.926427,30.156729,0.744503,0.311672,0.314862,5.99,cuda
fbcnn_bicubic,ami,009,right,009_right,4,4,96,bicjpeg75,32.611877,0.83272,30.372202,0.937671,4,0.086682,30.948134,38.205401,31.277334,0.79347,0.294343,0.318328,5.991,cuda
fbcnn_bicubic,ami,009,up,009_up,4,4,96,bicjpeg75,29.450162,0.778094,27.518235,0.920295,4,0.104413,27.53077,36.209165,30.111345,0.722682,0.311773,0.321124,5.994,cuda
fbcnn_bicubic,ami,009,zoom,009_zoom,4,4,96,bicjpeg75,30.527895,0.828382,28.556951,0.929212,4,0.090333,28.39921,36.543713,31.883391,0.810857,0.306985,0.344007,5.983,cuda
fbcnn_bicubic,ami,010,back,010_back,2,4,96,bicjpeg75,32.634072,0.792293,30.187224,0.927575,4,0.097025,31.007787,38.710005,31.523587,0.781691,0.335316,0.355484,6.012,cuda
fbcnn_bicubic,ami,010,down,010_down,2,4,96,bicjpeg75,32.47798,0.815021,30.010135,0.937478,4,0.089553,30.861309,38.753818,31.390084,0.793171,0.346782,0.341589,6.006,cuda
fbcnn_bicubic,ami,010,front,010_front,2,4,96,bicjpeg75,32.154515,0.809719,29.723476,0.936103,4,0.092032,30.480175,38.177774,30.889166,0.781378,0.36908,0.35437,6.002,cuda
fbcnn_bicubic,ami,010,left,010_left,2,4,96,bicjpeg75,32.446573,0.81326,30.060909,0.938136,4,0.097304,30.789746,38.212112,31.109523,0.775596,0.364286,0.367306,5.997,cuda
fbcnn_bicubic,ami,010,right,010_right,2,4,96,bicjpeg75,32.119863,0.807961,29.78349,0.93314,4,0.097441,30.536649,38.120871,31.153092,0.784888,0.388507,0.358626,6.023,cuda
fbcnn_bicubic,ami,010,up,010_up,2,4,96,bicjpeg75,32.134413,0.812778,29.766098,0.933195,4,0.101033,30.622526,37.588811,30.620669,0.759019,0.336178,0.372288,6.001,cuda
fbcnn_bicubic,ami,010,zoom,010_zoom,2,4,96,bicjpeg75,32.622553,0.826215,30.122843,0.939709,4,0.098844,30.931029,38.489816,31.175191,0.767931,0.339982,0.365798,6.006,cuda
fbcnn_bicubic,ami,011,back,011_back,5,4,96,bicjpeg75,31.770429,0.811514,29.465383,0.918298,4,0.107813,30.088007,37.347791,29.059788,0.669798,0.293302,0.352818,5.969,cuda
fbcnn_bicubic,ami,011,down,011_down,5,4,96,bicjpeg75,31.266999,0.78795,28.994684,0.916992,4,0.107596,29.6352,36.947903,30.035483,0.768875,0.286326,0.337605,5.971,cuda
fbcnn_bicubic,ami,011,front,011_front,5,4,96,bicjpeg75,31.26431,0.784322,29.049989,0.913253,4,0.106695,29.772429,36.934403,29.280747,0.713089,0.298336,0.338219,6.008,cuda
fbcnn_bicubic,ami,011,left,011_left,5,4,96,bicjpeg75,32.140111,0.797289,29.988206,0.9243,4,0.090911,30.726214,37.846724,30.059162,0.743322,0.325343,0.335767,5.997,cuda
fbcnn_bicubic,ami,011,right,011_right,5,4,96,bicjpeg75,31.463451,0.788526,29.110874,0.913239,4,0.110099,29.723254,37.139946,29.993849,0.737956,0.351497,0.351312,6.003,cuda
fbcnn_bicubic,ami,011,up,011_up,5,4,96,bicjpeg75,31.555234,0.804127,29.201985,0.928106,4,0.093832,29.931608,37.30062,29.829376,0.713426,0.324569,0.354802,5.987,cuda
fbcnn_bicubic,ami,011,zoom,011_zoom,5,4,96,bicjpeg75,32.224461,0.830767,29.592223,0.933731,4,0.096008,30.791705,37.327025,30.470113,0.780553,0.297771,0.341984,5.987,cuda
fbcnn_bicubic,ami,012,back,012_back,3,4,96,bicjpeg75,32.934238,0.836364,30.773458,0.928136,4,0.097265,31.295482,38.29037,29.665535,0.724927,0.271132,0.312086,6.035,cuda
fbcnn_bicubic,ami,012,down,012_down,3,4,96,bicjpeg75,33.115259,0.840218,30.696411,0.930305,4,0.094094,31.005842,38.842474,30.181244,0.752674,0.284772,0.322361,6.036,cuda
fbcnn_bicubic,ami,012,front,012_front,3,4,96,bicjpeg75,32.37518,0.819478,30.131881,0.924595,4,0.094542,30.438515,38.169607,29.657812,0.715685,0.291739,0.330983,5.997,cuda
fbcnn_bicubic,ami,012,left,012_left,3,4,96,bicjpeg75,33.132847,0.838439,30.886993,0.926858,4,0.092031,31.293528,38.785197,29.96376,0.746755,0.281138,0.330092,6.027,cuda
fbcnn_bicubic,ami,012,right,012_right,3,4,96,bicjpeg75,32.645042,0.832953,30.422083,0.926778,4,0.095985,30.713754,38.485753,29.557131,0.716309,0.283388,0.301744,5.984,cuda
fbcnn_bicubic,ami,012,up,012_up,3,4,96,bicjpeg75,32.30993,0.81846,30.113176,0.929176,4,0.093947,30.453387,38.320937,29.924322,0.729703,0.288443,0.321349,6.013,cuda
fbcnn_bicubic,ami,012,zoom,012_zoom,3,4,96,bicjpeg75,32.717189,0.8288,30.355977,0.925366,4,0.103552,30.682145,38.235972,30.183265,0.727597,0.30314,0.343174,6.008,cuda
fbcnn_bicubic,ami,013,back,013_back,1,4,96,bicjpeg75,31.838481,0.788134,29.707761,0.910777,4,0.109525,30.101457,37.799772,31.024162,0.749266,0.343598,0.335197,5.999,cuda
fbcnn_bicubic,ami,013,down,013_down,1,4,96,bicjpeg75,32.18441,0.793289,29.916864,0.910858,4,0.107482,30.354467,38.320555,30.663975,0.793995,0.330098,0.350927,6.009,cuda
fbcnn_bicubic,ami,013,front,013_front,1,4,96,bicjpeg75,32.521906,0.79916,30.234317,0.909047,4,0.107914,30.729706,38.343542,30.587074,0.728444,0.330265,0.354748,6.022,cuda
fbcnn_bicubic,ami,013,left,013_left,1,4,96,bicjpeg75,32.372434,0.795488,30.162282,0.902697,4,0.10646,30.78353,37.845078,29.621462,0.728769,0.316026,0.331344,5.976,cuda
fbcnn_bicubic,ami,013,right,013_right,1,4,96,bicjpeg75,32.229151,0.799055,29.953531,0.912982,4,0.104487,30.45054,37.956109,31.224674,0.752419,0.339847,0.329977,6.0,cuda
fbcnn_bicubic,ami,013,up,013_up,1,4,96,bicjpeg75,31.769522,0.777671,29.548484,0.90544,4,0.106527,29.986982,37.876951,30.365095,0.710151,0.356811,0.354711,6.0,cuda
fbcnn_bicubic,ami,013,zoom,013_zoom,1,4,96,bicjpeg75,32.408702,0.808027,30.031321,0.918025,4,0.107705,30.943808,37.411526,31.074558,0.7637,0.345563,0.364144,6.004,cuda
fbcnn_bicubic,ami,014,back,014_back,5,4,96,bicjpeg75,32.349063,0.788273,30.237702,0.920591,4,0.097756,30.908867,38.154634,30.900805,0.703487,0.307125,0.35048,5.983,cuda
fbcnn_bicubic,ami,014,down,014_down,5,4,96,bicjpeg75,32.719629,0.809153,30.61801,0.932118,4,0.089357,31.048604,38.498368,31.016137,0.766417,0.283727,0.305934,5.995,cuda
fbcnn_bicubic,ami,014,front,014_front,5,4,96,bicjpeg75,32.589309,0.804256,30.489804,0.923161,4,0.090392,30.987181,38.227211,30.874951,0.720176,0.301099,0.317238,5.991,cuda
fbcnn_bicubic,ami,014,left,014_left,5,4,96,bicjpeg75,32.468552,0.787956,30.564531,0.915993,4,0.098672,30.983661,38.257322,30.267084,0.738068,0.362229,0.32936,6.001,cuda
fbcnn_bicubic,ami,014,right,014_right,5,4,96,bicjpeg75,31.945946,0.792286,30.017674,0.912168,4,0.109688,30.130344,37.783663,30.992059,0.732306,0.312676,0.283661,5.99,cuda
fbcnn_bicubic,ami,014,up,014_up,5,4,96,bicjpeg75,32.075586,0.792535,30.069311,0.926527,4,0.094355,30.494526,37.873835,31.205293,0.744153,0.304306,0.318204,5.997,cuda
fbcnn_bicubic,ami,014,zoom,014_zoom,5,4,96,bicjpeg75,32.062396,0.797143,30.038011,0.920199,4,0.092915,30.589567,37.287845,31.555182,0.766539,0.307444,0.340002,6.003,cuda
fbcnn_bicubic,ami,018,back,018_back,1,4,96,bicjpeg75,33.309292,0.861763,31.115915,0.946081,4,0.088267,31.368502,39.144239,30.175576,0.754483,0.219153,0.316773,5.981,cuda
fbcnn_bicubic,ami,018,down,018_down,1,4,96,bicjpeg75,32.770779,0.861913,30.770861,0.945288,4,0.084726,30.838157,38.618271,28.613635,0.736627,0.255807,0.337681,5.999,cuda
fbcnn_bicubic,ami,018,front,018_front,1,4,96,bicjpeg75,32.999218,0.868868,30.853819,0.9467,4,0.087921,30.883625,38.821288,28.832275,0.733549,0.252848,0.331619,6.03,cuda
fbcnn_bicubic,ami,018,left,018_left,1,4,96,bicjpeg75,34.625583,0.888853,32.590418,0.958865,4,0.073617,33.105456,40.187771,30.34928,0.775246,0.200461,0.31362,5.998,cuda
fbcnn_bicubic,ami,018,right,018_right,1,4,96,bicjpeg75,33.160741,0.880617,30.985092,0.957313,4,0.082754,30.928769,39.341942,30.07694,0.784011,0.239493,0.335268,5.979,cuda
fbcnn_bicubic,ami,018,up,018_up,1,4,96,bicjpeg75,33.165954,0.870581,31.096653,0.946329,4,0.091267,31.111141,39.238228,29.632974,0.737462,0.24166,0.332659,6.001,cuda
fbcnn_bicubic,ami,018,zoom,018_zoom,1,4,96,bicjpeg75,32.667811,0.856823,30.644226,0.940233,4,0.092355,30.740222,38.366443,30.26302,0.770279,0.24294,0.333735,5.999,cuda
fbcnn_bicubic,ami,019,back,019_back,4,4,96,bicjpeg75,31.822816,0.821524,29.65296,0.934902,4,0.092013,29.666558,38.529357,30.015821,0.714673,0.288314,0.347049,5.999,cuda
fbcnn_bicubic,ami,019,down,019_down,4,4,96,bicjpeg75,30.373011,0.798536,28.525473,0.930479,4,0.111964,28.30387,36.744844,29.559148,0.761583,0.347512,0.360623,6.023,cuda
fbcnn_bicubic,ami,019,front,019_front,4,4,96,bicjpeg75,30.72081,0.796018,28.725888,0.929161,4,0.099663,28.696999,37.119737,29.731204,0.728454,0.354637,0.357634,6.01,cuda
fbcnn_bicubic,ami,019,left,019_left,4,4,96,bicjpeg75,30.549008,0.804576,28.635865,0.933953,4,0.098551,28.581578,36.774706,29.225741,0.742502,0.329934,0.354734,6.005,cuda
fbcnn_bicubic,ami,019,right,019_right,4,4,96,bicjpeg75,30.430915,0.793705,28.50958,0.91841,4,0.125292,28.458041,36.562202,29.082196,0.686746,0.344509,0.360522,6.008,cuda
fbcnn_bicubic,ami,019,up,019_up,4,4,96,bicjpeg75,30.988089,0.80308,29.034796,0.932576,4,0.097514,28.954668,37.393175,29.945815,0.74108,0.335772,0.363553,6.021,cuda
fbcnn_bicubic,ami,019,zoom,019_zoom,4,4,96,bicjpeg75,30.613535,0.79948,28.643029,0.927934,4,0.106624,28.548416,36.779327,30.639835,0.74564,0.374112,0.356663,5.999,cuda
fbcnn_bicubic,ami,020,back,020_back,1,4,96,bicjpeg75,32.430006,0.819919,30.292961,0.92906,4,0.092816,30.769203,38.235847,30.588621,0.770909,0.286774,0.322178,6.009,cuda
fbcnn_bicubic,ami,020,down,020_down,1,4,96,bicjpeg75,32.312723,0.813811,30.03844,0.930196,4,0.08614,30.577446,38.427558,28.77734,0.745617,0.371363,0.34347,5.986,cuda
fbcnn_bicubic,ami,020,front,020_front,1,4,96,bicjpeg75,32.687723,0.823193,30.463766,0.935258,4,0.083136,31.223637,38.349977,30.39137,0.746781,0.3764,0.355166,6.005,cuda
fbcnn_bicubic,ami,020,left,020_left,1,4,96,bicjpeg75,32.806216,0.83008,30.587089,0.935192,4,0.085603,31.581395,38.259765,29.740734,0.769513,0.351417,0.338846,5.975,cuda
fbcnn_bicubic,ami,020,right,020_right,1,4,96,bicjpeg75,32.163483,0.818447,29.971352,0.933956,4,0.093058,30.231146,38.217839,30.158607,0.7591,0.303651,0.303674,5.993,cuda
fbcnn_bicubic,ami,020,up,020_up,1,4,96,bicjpeg75,32.268429,0.803675,30.08473,0.92091,4,0.094089,30.668823,37.629584,30.444439,0.727033,0.383399,0.352185,5.999,cuda
fbcnn_bicubic,ami,020,zoom,020_zoom,1,4,96,bicjpeg75,32.559199,0.825949,30.220473,0.934208,4,0.084107,31.074136,38.241027,31.351525,0.800891,0.388894,0.34624,6.029,cuda
fbcnn_bicubic,ami,021,back,021_back,2,4,96,bicjpeg75,32.714911,0.791293,30.519835,0.911385,4,0.102398,30.911902,38.42032,30.290469,0.741237,0.379466,0.354076,6.012,cuda
fbcnn_bicubic,ami,021,down,021_down,2,4,96,bicjpeg75,32.931096,0.806654,30.801008,0.927004,4,0.100047,31.317114,39.067528,30.329912,0.780723,0.384042,0.334496,6.013,cuda
fbcnn_bicubic,ami,021,front,021_front,2,4,96,bicjpeg75,33.184722,0.80665,31.015655,0.916606,4,0.096907,31.624788,38.754151,30.184848,0.714953,0.33944,0.318923,6.005,cuda
fbcnn_bicubic,ami,021,left,021_left,2,4,96,bicjpeg75,33.975604,0.834441,31.810264,0.932188,4,0.088729,32.617022,39.318029,31.330506,0.764683,0.347659,0.344454,5.994,cuda
fbcnn_bicubic,ami,021,right,021_right,2,4,96,bicjpeg75,33.220951,0.824419,31.079564,0.92947,4,0.084944,31.729088,38.643088,30.905445,0.786733,0.337309,0.296661,6.006,cuda
fbcnn_bicubic,ami,021,up,021_up,2,4,96,bicjpeg75,32.919646,0.810097,30.710913,0.922893,4,0.094539,31.214438,38.348401,30.762621,0.735894,0.34632,0.352337,5.998,cuda
fbcnn_bicubic,ami,021,zoom,021_zoom,2,4,96,bicjpeg75,33.707701,0.839233,31.429885,0.928538,4,0.084325,32.385319,38.77484,31.375335,0.779871,0.319106,0.344633,5.989,cuda
fbcnn_bicubic,ami,022,back,022_back,2,4,96,bicjpeg75,34.333947,0.882543,31.732757,0.949858,4,0.074686,33.008168,39.423491,29.698025,0.732705,0.200484,0.286115,6.01,cuda
fbcnn_bicubic,ami,022,down,022_down,2,4,96,bicjpeg75,33.224829,0.851125,31.125557,0.933295,4,0.093132,31.494636,38.630606,29.125622,0.760015,0.253588,0.316939,6.0,cuda
fbcnn_bicubic,ami,022,front,022_front,2,4,96,bicjpeg75,33.31214,0.856133,31.053212,0.942667,4,0.089711,31.280088,39.193521,29.364266,0.747535,0.248529,0.296957,6.02,cuda
fbcnn_bicubic,ami,022,left,022_left,2,4,96,bicjpeg75,34.160615,0.867042,31.993293,0.940706,4,0.084178,32.697636,39.537128,29.746776,0.709668,0.264368,0.296957,5.995,cuda
fbcnn_bicubic,ami,022,right,022_right,2,4,96,bicjpeg75,33.010581,0.844719,30.954442,0.934795,4,0.097499,31.166444,38.605467,29.962405,0.749183,0.250607,0.313699,5.984,cuda
fbcnn_bicubic,ami,022,up,022_up,2,4,96,bicjpeg75,33.431516,0.858573,31.155179,0.939118,4,0.086406,31.486711,39.008776,30.056107,0.743903,0.291437,0.287296,5.993,cuda
fbcnn_bicubic,ami,022,zoom,022_zoom,2,4,96,bicjpeg75,33.8076,0.860721,31.397164,0.94336,4,0.088449,31.984037,39.422184,31.018833,0.805038,0.262132,0.295043,5.99,cuda
fbcnn_bicubic,ami,023,back,023_back,5,4,96,bicjpeg75,31.995953,0.78808,30.03194,0.927692,4,0.094163,30.508248,37.710908,30.979675,0.757862,0.316904,0.316116,5.993,cuda
fbcnn_bicubic,ami,023,down,023_down,5,4,96,bicjpeg75,32.35351,0.805099,30.381301,0.920898,4,0.11422,30.693142,38.046907,30.683149,0.801295,0.291824,0.325238,5.998,cuda
fbcnn_bicubic,ami,023,front,023_front,5,4,96,bicjpeg75,32.138226,0.79352,30.175997,0.912152,4,0.110905,30.623565,37.271398,31.011181,0.762929,0.342159,0.346015,6.006,cuda
fbcnn_bicubic,ami,023,left,023_left,5,4,96,bicjpeg75,34.168318,0.847358,32.195807,0.924942,4,0.094459,32.938444,39.112821,31.752449,0.758601,0.357435,0.358875,5.988,cuda
fbcnn_bicubic,ami,023,right,023_right,5,4,96,bicjpeg75,31.59825,0.784085,29.598113,0.914497,4,0.103998,30.041285,37.544356,30.704643,0.775211,0.33378,0.329705,6.013,cuda
fbcnn_bicubic,ami,023,up,023_up,5,4,96,bicjpeg75,32.005842,0.792998,30.063264,0.920829,4,0.10159,30.666731,37.580811,30.724816,0.738577,0.312789,0.32191,5.99,cuda
fbcnn_bicubic,ami,023,zoom,023_zoom,5,4,96,bicjpeg75,32.902024,0.838736,30.681427,0.934184,4,0.091285,31.473755,37.757319,32.298556,0.811475,0.324955,0.316353,6.0,cuda
fbcnn_bicubic,ami,024,back,024_back,3,4,96,bicjpeg75,32.699373,0.831184,30.728507,0.936358,4,0.094479,30.86249,38.454355,29.622554,0.708416,0.265964,0.300534,5.992,cuda
fbcnn_bicubic,ami,024,down,024_down,3,4,96,bicjpeg75,33.0754,0.845802,31.065792,0.938811,4,0.087192,31.211974,38.958516,29.603164,0.775925,0.240368,0.309659,6.008,cuda
fbcnn_bicubic,ami,024,front,024_front,3,4,96,bicjpeg75,32.775843,0.83465,30.66086,0.938262,4,0.092904,30.950431,38.57952,29.659067,0.736665,0.274938,0.294225,6.002,cuda
fbcnn_bicubic,ami,024,left,024_left,3,4,96,bicjpeg75,33.160149,0.83731,31.169957,0.937198,4,0.084894,31.402372,38.881167,29.31152,0.721716,0.253808,0.30364,6.006,cuda
fbcnn_bicubic,ami,024,right,024_right,3,4,96,bicjpeg75,32.593826,0.856544,30.439535,0.94446,4,0.094051,30.570336,38.325919,29.389871,0.75097,0.237557,0.299764,6.01,cuda
fbcnn_bicubic,ami,024,up,024_up,3,4,96,bicjpeg75,32.693008,0.842565,30.637603,0.945429,4,0.080701,30.894245,39.216153,29.527046,0.713329,0.268803,0.295602,6.052,cuda
fbcnn_bicubic,ami,024,zoom,024_zoom,3,4,96,bicjpeg75,32.732228,0.837729,30.535196,0.940242,4,0.091851,30.80323,38.440645,30.911204,0.784866,0.24301,0.292051,6.048,cuda
fbcnn_bicubic,ami,025,back,025_back,2,4,96,bicjpeg75,32.073116,0.794864,29.981653,0.919986,4,0.112217,30.167142,37.956484,31.16041,0.794513,0.327403,0.335283,6.033,cuda
fbcnn_bicubic,ami,025,down,025_down,2,4,96,bicjpeg75,31.43378,0.781149,29.386709,0.91265,4,0.12468,29.552128,36.899844,29.82608,0.787161,0.324958,0.318301,6.048,cuda
fbcnn_bicubic,ami,025,front,025_front,2,4,96,bicjpeg75,31.58274,0.795214,29.501633,0.9247,4,0.111082,29.671474,37.518008,31.195721,0.835322,0.309318,0.338035,6.013,cuda
fbcnn_bicubic,ami,025,left,025_left,2,4,96,bicjpeg75,32.277618,0.798147,30.210277,0.919477,4,0.102824,30.65328,38.056118,31.042567,0.800517,0.323252,0.335352,6.036,cuda
fbcnn_bicubic,ami,025,right,025_right,2,4,96,bicjpeg75,31.616611,0.794075,29.57055,0.918897,4,0.110081,29.601885,37.605682,30.567326,0.796218,0.33176,0.298437,6.02,cuda
fbcnn_bicubic,ami,025,up,025_up,2,4,96,bicjpeg75,31.421259,0.789884,29.436806,0.923896,4,0.109959,29.629183,37.267926,30.613766,0.792127,0.343386,0.346773,6.024,cuda
fbcnn_bicubic,ami,025,zoom,025_zoom,2,4,96,bicjpeg75,32.027641,0.8225,29.776111,0.928179,4,0.109442,30.450304,36.937018,32.091697,0.856108,0.305974,0.323932,6.026,cuda
fbcnn_bicubic,ami,026,back,026_back,1,4,96,bicjpeg75,32.521007,0.826092,30.220558,0.928921,4,0.099933,30.889028,37.957964,30.650294,0.763748,0.254525,0.30944,6.035,cuda
fbcnn_bicubic,ami,026,down,026_down,1,4,96,bicjpeg75,33.155451,0.851456,30.693532,0.936716,4,0.089372,31.434162,38.389156,31.077319,0.831075,0.230086,0.285631,6.056,cuda
fbcnn_bicubic,ami,026,front,026_front,1,4,96,bicjpeg75,32.428939,0.832632,30.175091,0.93194,4,0.094614,30.730597,37.810441,31.01057,0.821967,0.247644,0.300048,6.055,cuda
fbcnn_bicubic,ami,026,left,026_left,1,4,96,bicjpeg75,33.359151,0.844772,31.18612,0.929608,4,0.099672,32.001023,38.669668,30.516698,0.785196,0.288538,0.300195,6.018,cuda
fbcnn_bicubic,ami,026,right,026_right,1,4,96,bicjpeg75,33.290578,0.8397,30.97231,0.930378,4,0.092352,31.614002,38.745067,31.756652,0.827418,0.269882,0.306766,6.034,cuda
fbcnn_bicubic,ami,026,up,026_up,1,4,96,bicjpeg75,32.514067,0.835793,30.353755,0.934082,4,0.092025,30.962599,38.090963,29.971324,0.756239,0.271451,0.32394,6.046,cuda
fbcnn_bicubic,ami,026,zoom,026_zoom,1,4,96,bicjpeg75,32.66956,0.851612,30.257072,0.938568,4,0.095267,30.910122,38.0264,32.006607,0.840851,0.281031,0.320804,6.047,cuda
fbcnn_bicubic,ami,027,back,027_back,3,4,96,bicjpeg75,33.18464,0.854223,31.164632,0.940702,4,0.084034,31.440686,38.406966,31.067733,0.768187,0.243298,0.322897,6.037,cuda
fbcnn_bicubic,ami,027,down,027_down,3,4,96,bicjpeg75,32.803325,0.833947,30.863133,0.941163,4,0.088102,31.077279,38.911764,32.68258,0.83464,0.242403,0.307577,6.059,cuda
fbcnn_bicubic,ami,027,front,027_front,3,4,96,bicjpeg75,32.88437,0.840495,30.950711,0.942636,4,0.084577,30.994861,38.986892,31.888153,0.799827,0.260961,0.312428,6.039,cuda
fbcnn_bicubic,ami,027,left,027_left,3,4,96,bicjpeg75,32.201097,0.823217,30.367341,0.935733,4,0.101504,30.507612,37.996385,30.25592,0.788444,0.252262,0.310203,6.028,cuda
fbcnn_bicubic,ami,027,right,027_right,3,4,96,bicjpeg75,32.627321,0.838001,30.631443,0.942582,4,0.096293,30.682776,38.810992,31.717124,0.798396,0.276126,0.298856,6.013,cuda
fbcnn_bicubic,ami,027,up,027_up,3,4,96,bicjpeg75,32.619035,0.835478,30.657145,0.939675,4,0.092466,30.720052,38.328543,31.34036,0.785412,0.272715,0.315936,6.009,cuda
fbcnn_bicubic,ami,027,zoom,027_zoom,3,4,96,bicjpeg75,32.609725,0.836421,30.683571,0.941282,4,0.094038,30.753895,38.335634,32.243107,0.815978,0.286409,0.319635,6.043,cuda
fbcnn_bicubic,ami,028,back,028_back,2,4,96,bicjpeg75,32.096996,0.832499,29.911508,0.930198,4,0.091576,30.130794,38.055606,30.871601,0.748098,0.283557,0.338447,6.039,cuda
fbcnn_bicubic,ami,028,down,028_down,2,4,96,bicjpeg75,31.515975,0.79488,29.610592,0.918716,4,0.100954,29.91343,37.626454,29.718372,0.770436,0.376153,0.341596,6.045,cuda
fbcnn_bicubic,ami,028,front,028_front,2,4,96,bicjpeg75,31.589952,0.792694,29.701963,0.919914,4,0.105674,29.766832,37.90068,29.742654,0.74665,0.378822,0.360368,6.061,cuda
fbcnn_bicubic,ami,028,left,028_left,2,4,96,bicjpeg75,32.04978,0.825693,30.223529,0.917715,4,0.096712,30.079426,37.449966,30.154176,0.726576,0.382908,0.341485,6.019,cuda
fbcnn_bicubic,ami,028,right,028_right,2,4,96,bicjpeg75,31.471605,0.787389,29.48863,0.920532,4,0.103359,29.568799,37.837817,31.017623,0.764622,0.346332,0.306832,6.054,cuda
fbcnn_bicubic,ami,028,up,028_up,2,4,96,bicjpeg75,31.522504,0.785743,29.594482,0.917883,4,0.10398,29.760199,37.477317,29.982705,0.730163,0.398809,0.353862,6.009,cuda
fbcnn_bicubic,ami,028,zoom,028_zoom,2,4,96,bicjpeg75,31.933208,0.802615,29.867271,0.920019,4,0.095515,30.285967,37.854177,31.1778,0.766511,0.383057,0.356291,6.063,cuda
fbcnn_bicubic,ami,029,back,029_back,5,4,96,bicjpeg75,32.25267,0.763513,29.899137,0.911349,4,0.102407,30.78993,38.093379,30.860187,0.681371,0.382575,0.311712,6.011,cuda
fbcnn_bicubic,ami,029,down,029_down,5,4,96,bicjpeg75,31.749257,0.756571,29.481224,0.900374,4,0.114489,29.714877,37.932085,30.525461,0.718045,0.399475,0.352639,6.059,cuda
fbcnn_bicubic,ami,029,front,029_front,5,4,96,bicjpeg75,31.705341,0.753206,29.377166,0.896691,4,0.12137,29.774469,37.623359,30.965067,0.717933,0.42262,0.31654,6.027,cuda
fbcnn_bicubic,ami,029,left,029_left,5,4,96,bicjpeg75,32.878891,0.801783,30.514492,0.928493,4,0.080306,31.408861,38.73229,31.104341,0.75283,0.390206,0.313647,6.046,cuda
fbcnn_bicubic,ami,029,right,029_right,5,4,96,bicjpeg75,31.812789,0.777146,29.699651,0.906861,4,0.117332,30.115047,37.548948,31.342252,0.754857,0.325485,0.308545,6.026,cuda
fbcnn_bicubic,ami,029,up,029_up,5,4,96,bicjpeg75,31.428951,0.743355,29.139373,0.892977,4,0.11878,29.57968,37.453961,30.725311,0.716307,0.422246,0.333885,6.042,cuda
fbcnn_bicubic,ami,029,zoom,029_zoom,5,4,96,bicjpeg75,32.495247,0.788705,29.931771,0.909222,4,0.104015,30.800686,38.157743,31.184007,0.739175,0.404551,0.334066,6.033,cuda
fbcnn_bicubic,ami,030,back,030_back,1,4,96,bicjpeg75,32.270592,0.816631,30.190841,0.932209,4,0.094481,30.853911,37.493365,29.990621,0.742953,0.282335,0.324339,6.03,cuda
fbcnn_bicubic,ami,030,down,030_down,1,4,96,bicjpeg75,32.579868,0.821952,30.701028,0.934644,4,0.091759,30.650474,38.763096,30.420544,0.790201,0.26916,0.304754,6.019,cuda
fbcnn_bicubic,ami,030,front,030_front,1,4,96,bicjpeg75,32.470028,0.820203,30.570105,0.922816,4,0.096687,30.752639,37.773436,30.254937,0.7461,0.319238,0.320614,6.04,cuda
fbcnn_bicubic,ami,030,left,030_left,1,4,96,bicjpeg75,33.072104,0.835506,31.14615,0.939014,4,0.086103,31.464213,38.685799,30.532596,0.759093,0.292384,0.31673,6.02,cuda
fbcnn_bicubic,ami,030,right,030_right,1,4,96,bicjpeg75,32.249163,0.822992,30.255051,0.936077,4,0.092624,30.327536,38.30589,29.523182,0.740959,0.293537,0.298797,6.029,cuda
fbcnn_bicubic,ami,030,up,030_up,1,4,96,bicjpeg75,32.102905,0.807195,30.218758,0.927613,4,0.091502,30.2131,38.082267,30.33431,0.695368,0.289142,0.309325,6.033,cuda
fbcnn_bicubic,ami,030,zoom,030_zoom,1,4,96,bicjpeg75,32.779999,0.835862,30.58674,0.938156,4,0.08496,31.093931,38.62485,31.050403,0.77808,0.302021,0.314834,6.022,cuda
fbcnn_bicubic,ami,031,back,031_back,5,4,96,bicjpeg75,32.444504,0.823509,30.223901,0.932375,4,0.091585,30.799568,38.265525,30.260652,0.708059,0.277072,0.306261,6.026,cuda
fbcnn_bicubic,ami,031,down,031_down,5,4,96,bicjpeg75,31.918105,0.810009,29.846035,0.928654,4,0.101223,30.434907,37.787971,30.134443,0.739508,0.350594,0.318529,6.033,cuda
fbcnn_bicubic,ami,031,front,031_front,5,4,96,bicjpeg75,32.34282,0.824,30.22757,0.936942,4,0.089382,30.664279,38.310772,30.713618,0.761851,0.350587,0.308843,6.037,cuda
fbcnn_bicubic,ami,031,left,031_left,5,4,96,bicjpeg75,32.064365,0.814811,30.01861,0.935122,4,0.095405,30.571415,38.104839,30.120057,0.726306,0.349076,0.336035,6.014,cuda
fbcnn_bicubic,ami,031,right,031_right,5,4,96,bicjpeg75,32.243537,0.818979,30.084119,0.93486,4,0.096083,30.632562,38.24241,30.863137,0.777849,0.291277,0.329505,6.031,cuda
fbcnn_bicubic,ami,031,up,031_up,5,4,96,bicjpeg75,32.223909,0.815948,30.074775,0.934809,4,0.092041,30.632857,37.979353,30.676193,0.747283,0.337664,0.309329,6.026,cuda
fbcnn_bicubic,ami,031,zoom,031_zoom,5,4,96,bicjpeg75,32.015815,0.813778,29.851233,0.929544,4,0.101295,30.489623,37.476293,30.954834,0.760292,0.360489,0.319931,6.015,cuda
fbcnn_bicubic,ami,032,back,032_back,3,4,96,bicjpeg75,32.448243,0.85151,30.160081,0.937622,4,0.091674,30.261238,38.439355,29.239973,0.709883,0.231258,0.305295,6.022,cuda
fbcnn_bicubic,ami,032,down,032_down,3,4,96,bicjpeg75,33.184312,0.865086,30.930716,0.945623,4,0.078305,31.173141,39.145032,29.488745,0.766004,0.229281,0.323645,6.021,cuda
fbcnn_bicubic,ami,032,front,032_front,3,4,96,bicjpeg75,33.02306,0.863871,30.54419,0.947211,4,0.078804,31.045004,38.922833,29.966379,0.788508,0.238883,0.315778,6.048,cuda
fbcnn_bicubic,ami,032,left,032_left,3,4,96,bicjpeg75,32.581385,0.84709,30.404482,0.940299,4,0.095765,30.676562,38.726296,30.591024,0.794186,0.268382,0.337478,6.028,cuda
fbcnn_bicubic,ami,032,right,032_right,3,4,96,bicjpeg75,32.431833,0.849946,29.990016,0.945547,4,0.094292,30.209569,39.010941,29.594927,0.731076,0.267579,0.298525,6.016,cuda
fbcnn_bicubic,ami,032,up,032_up,3,4,96,bicjpeg75,32.858948,0.862408,30.544616,0.946729,4,0.079561,31.028149,38.674561,29.509925,0.750412,0.265644,0.320709,6.006,cuda
fbcnn_bicubic,ami,032,zoom,032_zoom,3,4,96,bicjpeg75,32.603683,0.852666,30.267303,0.94418,4,0.076959,30.724732,38.650707,30.386538,0.778997,0.257077,0.337821,6.038,cuda
fbcnn_bicubic,ami,033,back,033_back,3,4,96,bicjpeg75,33.786728,0.849745,31.682605,0.933634,4,0.086187,32.589542,38.920197,31.54477,0.753409,0.267304,0.302639,6.027,cuda
fbcnn_bicubic,ami,033,down,033_down,3,4,96,bicjpeg75,33.397888,0.856562,31.398811,0.939069,4,0.083488,31.962547,38.491395,32.156626,0.820755,0.265952,0.319339,6.023,cuda
fbcnn_bicubic,ami,033,front,033_front,3,4,96,bicjpeg75,33.55481,0.851313,31.488175,0.942583,4,0.091049,31.867932,39.190375,32.406229,0.816086,0.246403,0.298327,6.061,cuda
fbcnn_bicubic,ami,033,left,033_left,3,4,96,bicjpeg75,34.134624,0.861522,32.21144,0.929116,4,0.088843,33.138573,38.933905,30.820053,0.757983,0.247865,0.33231,6.037,cuda
fbcnn_bicubic,ami,033,right,033_right,3,4,96,bicjpeg75,32.718858,0.831482,30.60192,0.92972,4,0.097459,31.086799,38.021381,30.93897,0.779635,0.253421,0.311811,6.053,cuda
fbcnn_bicubic,ami,033,up,033_up,3,4,96,bicjpeg75,33.468815,0.84671,31.354524,0.938541,4,0.085144,32.056995,38.694729,31.675297,0.783649,0.262907,0.307032,6.057,cuda
fbcnn_bicubic,ami,033,zoom,033_zoom,3,4,96,bicjpeg75,33.632063,0.858354,31.419735,0.942925,4,0.083251,32.348856,38.577291,32.420851,0.825209,0.272393,0.28753,6.057,cuda
fbcnn_bicubic,ami,034,back,034_back,4,4,96,bicjpeg75,31.425396,0.778643,29.477085,0.919644,4,0.116003,29.501449,37.46315,30.297474,0.731969,0.319603,0.31894,6.044,cuda
fbcnn_bicubic,ami,034,down,034_down,4,4,96,bicjpeg75,31.103233,0.763784,29.300753,0.908819,4,0.123102,29.240642,36.746578,30.007932,0.809358,0.369028,0.31829,6.031,cuda
fbcnn_bicubic,ami,034,front,034_front,4,4,96,bicjpeg75,31.241767,0.770291,29.416033,0.915361,4,0.119475,29.520538,37.162755,29.956013,0.757125,0.357913,0.340888,6.039,cuda
fbcnn_bicubic,ami,034,left,034_left,4,4,96,bicjpeg75,31.766761,0.784156,30.060071,0.921637,4,0.117877,30.089074,37.891144,30.709896,0.749112,0.342714,0.352876,6.04,cuda
fbcnn_bicubic,ami,034,right,034_right,4,4,96,bicjpeg75,31.413873,0.774071,29.554863,0.91215,4,0.118154,29.406729,37.457999,30.419014,0.744384,0.3696,0.337214,6.033,cuda
fbcnn_bicubic,ami,034,up,034_up,4,4,96,bicjpeg75,30.973989,0.769257,29.156487,0.921376,4,0.12468,28.987222,37.303814,30.904935,0.760207,0.345443,0.337471,6.023,cuda
fbcnn_bicubic,ami,034,zoom,034_zoom,4,4,96,bicjpeg75,32.442985,0.818837,30.496158,0.932761,4,0.102295,31.066013,38.108177,31.971535,0.804858,0.313851,0.322429,6.053,cuda
fbcnn_bicubic,ami,035,back,035_back,5,4,96,bicjpeg75,33.932886,0.851822,31.681487,0.931781,4,0.088789,32.224773,39.104605,30.998614,0.743358,0.225915,0.294774,6.055,cuda
fbcnn_bicubic,ami,035,down,035_down,5,4,96,bicjpeg75,33.824963,0.856661,31.687059,0.935631,4,0.096346,32.098952,39.384268,31.190048,0.808997,0.237448,0.336262,6.057,cuda
fbcnn_bicubic,ami,035,front,035_front,5,4,96,bicjpeg75,33.427599,0.843787,31.315249,0.924158,4,0.102207,31.928771,38.49249,30.953117,0.791914,0.235138,0.314943,6.029,cuda
fbcnn_bicubic,ami,035,left,035_left,5,4,96,bicjpeg75,34.397455,0.864486,32.204549,0.933712,4,0.083195,32.891413,39.553666,30.763417,0.752259,0.248013,0.335328,6.025,cuda
fbcnn_bicubic,ami,035,right,035_right,5,4,96,bicjpeg75,33.366037,0.841326,31.291608,0.923543,4,0.10584,31.546541,38.665635,30.618661,0.768323,0.257971,0.283636,6.024,cuda
fbcnn_bicubic,ami,035,up,035_up,5,4,96,bicjpeg75,33.427025,0.847464,31.330462,0.927419,4,0.096081,31.942211,38.703237,30.706981,0.765221,0.237045,0.307651,6.049,cuda
fbcnn_bicubic,ami,035,zoom,035_zoom,5,4,96,bicjpeg75,33.73852,0.856067,31.502644,0.929477,4,0.098585,32.304712,38.503617,32.395884,0.821172,0.258194,0.328965,6.03,cuda
fbcnn_bicubic,ami,036,back,036_back,2,4,96,bicjpeg75,32.738724,0.821528,30.675387,0.923987,4,0.094213,30.901243,38.687186,29.682366,0.698352,0.308988,0.314446,6.039,cuda
fbcnn_bicubic,ami,036,down,036_down,2,4,96,bicjpeg75,33.205817,0.831212,31.205742,0.927843,4,0.086218,31.523738,39.076066,30.765863,0.803114,0.392405,0.367769,6.046,cuda
fbcnn_bicubic,ami,036,front,036_front,2,4,96,bicjpeg75,33.221272,0.832093,31.283401,0.929663,4,0.090947,31.497894,39.024722,31.253859,0.782892,0.374754,0.349915,6.027,cuda
fbcnn_bicubic,ami,036,left,036_left,2,4,96,bicjpeg75,34.183067,0.857679,32.20167,0.944976,4,0.075995,32.853573,39.766996,31.46526,0.788984,0.302187,0.337573,6.007,cuda
fbcnn_bicubic,ami,036,right,036_right,2,4,96,bicjpeg75,33.495871,0.855927,31.444064,0.943282,4,0.086691,31.520898,39.527717,30.811509,0.785045,0.302432,0.333073,6.015,cuda
fbcnn_bicubic,ami,036,up,036_up,2,4,96,bicjpeg75,32.622745,0.816702,30.708618,0.92619,4,0.104972,30.644398,38.469735,31.05157,0.756938,0.357386,0.35766,6.022,cuda
fbcnn_bicubic,ami,036,zoom,036_zoom,2,4,96,bicjpeg75,33.744014,0.850699,31.636387,0.935053,4,0.086595,32.101305,39.261357,32.122752,0.827038,0.311954,0.325466,6.004,cuda
fbcnn_bicubic,ami,037,back,037_back,2,4,96,bicjpeg75,32.853851,0.814546,30.818293,0.915604,4,0.092037,31.487631,38.143774,29.033663,0.746693,0.328709,0.301338,6.034,cuda
fbcnn_bicubic,ami,037,down,037_down,2,4,96,bicjpeg75,32.668193,0.817053,30.56805,0.911433,4,0.101814,31.033177,38.307288,29.859335,0.802054,0.335928,0.317884,6.041,cuda
fbcnn_bicubic,ami,037,front,037_front,2,4,96,bicjpeg75,32.899886,0.822763,30.817396,0.912364,4,0.101441,31.242673,38.194914,29.768175,0.787407,0.322536,0.330882,6.033,cuda
fbcnn_bicubic,ami,037,left,037_left,2,4,96,bicjpeg75,33.425392,0.83366,31.36603,0.924957,4,0.095983,31.924342,38.936267,30.134352,0.816832,0.305277,0.311768,6.024,cuda
fbcnn_bicubic,ami,037,right,037_right,2,4,96,bicjpeg75,33.11652,0.83751,31.014528,0.925808,4,0.09373,31.27561,38.755046,30.541796,0.774077,0.330794,0.306128,6.045,cuda
fbcnn_bicubic,ami,037,up,037_up,2,4,96,bicjpeg75,32.679674,0.817245,30.702859,0.912503,4,0.097833,31.043808,38.135871,29.822344,0.766119,0.359169,0.336472,6.022,cuda
fbcnn_bicubic,ami,037,zoom,037_zoom,2,4,96,bicjpeg75,33.255003,0.844127,30.924132,0.929363,4,0.088883,31.76951,38.705944,32.224164,0.818982,0.263455,0.3125,6.025,cuda
fbcnn_bicubic,ami,038,back,038_back,2,4,96,bicjpeg75,32.609969,0.817601,30.624851,0.930829,4,0.105787,30.686865,38.376515,30.264408,0.781598,0.278204,0.341617,6.015,cuda
fbcnn_bicubic,ami,038,down,038_down,2,4,96,bicjpeg75,31.798382,0.781702,29.933645,0.920645,4,0.10641,30.122378,37.905469,29.793254,0.773271,0.32463,0.319738,6.04,cuda
fbcnn_bicubic,ami,038,front,038_front,2,4,96,bicjpeg75,32.313678,0.7968,30.436,0.925788,4,0.101005,30.506088,38.507986,30.182049,0.808882,0.308822,0.315129,6.033,cuda
fbcnn_bicubic,ami,038,left,038_left,2,4,96,bicjpeg75,32.588468,0.796728,30.832484,0.916012,4,0.105975,31.110682,38.402649,29.494313,0.711945,0.319898,0.373099,6.024,cuda
fbcnn_bicubic,ami,038,right,038_right,2,4,96,bicjpeg75,32.309147,0.811479,30.348691,0.92677,4,0.104619,30.538548,38.002295,29.381868,0.792122,0.315324,0.316569,6.022,cuda
fbcnn_bicubic,ami,038,up,038_up,2,4,96,bicjpeg75,31.583381,0.777789,29.745626,0.914911,4,0.115043,29.959871,37.358357,30.164258,0.762843,0.352544,0.310918,6.041,cuda
fbcnn_bicubic,ami,038,zoom,038_zoom,2,4,96,bicjpeg75,32.742544,0.8192,30.7303,0.929957,4,0.108165,31.14779,38.035069,32.146044,0.850973,0.25583,0.310373,6.023,cuda
fbcnn_bicubic,ami,039,back,039_back,2,4,96,bicjpeg75,32.729751,0.841101,30.721449,0.930274,4,0.09147,30.922927,38.307113,28.624109,0.682118,0.262003,0.291467,6.027,cuda
fbcnn_bicubic,ami,039,down,039_down,2,4,96,bicjpeg75,32.867504,0.847948,30.754998,0.939696,4,0.080177,31.166765,39.292299,28.76528,0.710492,0.236991,0.314497,6.041,cuda
fbcnn_bicubic,ami,039,front,039_front,2,4,96,bicjpeg75,33.094747,0.84713,30.997453,0.932694,4,0.079387,31.66906,38.645602,29.131827,0.692554,0.238272,0.310927,6.023,cuda
fbcnn_bicubic,ami,039,left,039_left,2,4,96,bicjpeg75,33.874488,0.868992,31.877668,0.941782,4,0.074284,32.542388,39.2722,29.914106,0.718279,0.254197,0.298735,6.013,cuda
fbcnn_bicubic,ami,039,right,039_right,2,4,96,bicjpeg75,32.730645,0.854593,30.725742,0.946703,4,0.084298,30.871534,38.786785,29.185049,0.768994,0.23942,0.303455,6.038,cuda
fbcnn_bicubic,ami,039,up,039_up,2,4,96,bicjpeg75,33.037481,0.845988,30.891844,0.937329,4,0.085211,31.625767,38.518925,29.561329,0.702139,0.228889,0.293179,6.026,cuda
fbcnn_bicubic,ami,039,zoom,039_zoom,2,4,96,bicjpeg75,33.242432,0.853971,31.004599,0.931921,4,0.084921,31.87578,38.440666,29.840727,0.722828,0.232528,0.32266,6.068,cuda
fbcnn_bicubic,ami,040,back,040_back,4,4,96,bicjpeg75,32.699075,0.828675,30.425583,0.924037,4,0.103442,31.034437,38.461471,29.717612,0.687736,0.268293,0.302145,6.06,cuda
fbcnn_bicubic,ami,040,down,040_down,4,4,96,bicjpeg75,32.419462,0.82688,30.176645,0.922343,4,0.100576,30.778746,37.883682,28.82836,0.709201,0.349447,0.311336,6.018,cuda
fbcnn_bicubic,ami,040,front,040_front,4,4,96,bicjpeg75,32.421562,0.829086,30.204876,0.926472,4,0.09552,30.794435,37.885299,29.040956,0.750587,0.320516,0.312783,6.034,cuda
fbcnn_bicubic,ami,040,left,040_left,4,4,96,bicjpeg75,33.264928,0.84928,31.078619,0.935906,4,0.092726,31.963633,38.583348,29.408445,0.713186,0.305027,0.302772,6.017,cuda
fbcnn_bicubic,ami,040,right,040_right,4,4,96,bicjpeg75,32.490379,0.833712,30.224163,0.933089,4,0.0875,31.062221,37.779647,29.584151,0.751132,0.306596,0.298072,6.007,cuda
fbcnn_bicubic,ami,040,up,040_up,4,4,96,bicjpeg75,32.207867,0.828552,30.03026,0.927003,4,0.091443,30.754546,37.563174,29.400982,0.742335,0.324422,0.293893,6.027,cuda
fbcnn_bicubic,ami,040,zoom,040_zoom,4,4,96,bicjpeg75,32.227554,0.826464,29.849402,0.916271,4,0.106017,30.721521,37.215421,30.208515,0.776542,0.327809,0.351548,6.03,cuda
fbcnn_bicubic,ami,041,back,041_back,5,4,96,bicjpeg75,32.319438,0.809695,30.239834,0.922535,4,0.090667,31.130984,37.549674,30.175501,0.732239,0.27989,0.297494,6.044,cuda
fbcnn_bicubic,ami,041,down,041_down,5,4,96,bicjpeg75,32.727894,0.821788,30.633755,0.923159,4,0.100396,31.614072,38.143179,29.4135,0.704781,0.304987,0.331031,6.033,cuda
fbcnn_bicubic,ami,041,front,041_front,5,4,96,bicjpeg75,32.708114,0.824249,30.501006,0.924935,4,0.097529,31.521369,38.125206,29.956261,0.725001,0.323338,0.335513,6.023,cuda
fbcnn_bicubic,ami,041,left,041_left,5,4,96,bicjpeg75,34.681202,0.866785,32.24388,0.936656,4,0.077492,33.632891,39.209693,31.378402,0.768678,0.320965,0.331382,6.055,cuda
fbcnn_bicubic,ami,041,right,041_right,5,4,96,bicjpeg75,32.819247,0.823655,30.515468,0.929224,4,0.090961,31.217113,38.715564,30.687505,0.752428,0.30054,0.31392,6.037,cuda
fbcnn_bicubic,ami,041,up,041_up,5,4,96,bicjpeg75,32.503286,0.82009,30.238169,0.924809,4,0.091936,31.352184,37.78131,30.51055,0.753393,0.3536,0.332246,6.017,cuda
fbcnn_bicubic,ami,041,zoom,041_zoom,5,4,96,bicjpeg75,33.274751,0.848657,30.774538,0.934616,4,0.087718,32.270664,38.120096,30.617601,0.767646,0.296089,0.323921,6.068,cuda
fbcnn_bicubic,ami,042,back,042_back,4,4,96,bicjpeg75,31.518387,0.770611,29.49281,0.912644,4,0.112505,29.583918,37.696633,29.662951,0.738946,0.285721,0.313412,6.015,cuda
fbcnn_bicubic,ami,042,down,042_down,4,4,96,bicjpeg75,32.303343,0.800512,30.206891,0.926801,4,0.107027,30.472457,38.195159,30.128601,0.79496,0.314451,0.320179,6.016,cuda
fbcnn_bicubic,ami,042,front,042_front,4,4,96,bicjpeg75,31.494667,0.769371,29.589631,0.915135,4,0.117734,29.650884,37.396425,30.0479,0.776129,0.300934,0.326339,6.019,cuda
fbcnn_bicubic,ami,042,left,042_left,4,4,96,bicjpeg75,32.348289,0.799165,30.432662,0.910717,4,0.115605,30.63454,37.894599,29.803532,0.735835,0.327035,0.327077,6.026,cuda
fbcnn_bicubic,ami,042,right,042_right,4,4,96,bicjpeg75,31.433328,0.771463,29.365585,0.916144,4,0.10624,29.648954,37.236821,30.328494,0.781247,0.28164,0.32868,6.057,cuda
fbcnn_bicubic,ami,042,up,042_up,4,4,96,bicjpeg75,31.060951,0.752349,29.027443,0.912452,4,0.117334,29.136436,37.120255,30.095363,0.75371,0.323255,0.31794,6.057,cuda
fbcnn_bicubic,ami,042,zoom,042_zoom,4,4,96,bicjpeg75,32.144864,0.810374,29.889174,0.931545,4,0.110126,30.417509,37.859716,32.725795,0.856552,0.268895,0.322603,6.036,cuda
fbcnn_bicubic,ami,043,back,043_back,4,4,96,bicjpeg75,32.389659,0.837787,30.334039,0.941739,4,0.089598,30.927623,37.871215,30.091152,0.787017,0.259392,0.306144,6.035,cuda
fbcnn_bicubic,ami,043,down,043_down,4,4,96,bicjpeg75,32.154576,0.812741,30.152011,0.93735,4,0.093856,30.841765,37.87848,30.044803,0.798093,0.317804,0.316029,6.053,cuda
fbcnn_bicubic,ami,043,front,043_front,4,4,96,bicjpeg75,32.267977,0.815647,30.239226,0.932735,4,0.096709,31.103837,37.614563,30.228801,0.759485,0.322697,0.323134,6.039,cuda
fbcnn_bicubic,ami,043,left,043_left,4,4,96,bicjpeg75,32.71861,0.825604,30.819957,0.933816,4,0.08955,31.592238,38.295958,29.877443,0.752966,0.314369,0.30965,6.043,cuda
fbcnn_bicubic,ami,043,right,043_right,4,4,96,bicjpeg75,32.446981,0.845022,30.246387,0.943557,4,0.093312,30.82902,37.974414,30.487158,0.831871,0.23273,0.323357,6.022,cuda
fbcnn_bicubic,ami,043,up,043_up,4,4,96,bicjpeg75,32.109611,0.807005,30.183819,0.928419,4,0.093748,30.815645,37.469619,30.805551,0.767726,0.298067,0.308056,6.032,cuda
fbcnn_bicubic,ami,043,zoom,043_zoom,4,4,96,bicjpeg75,32.851247,0.830138,30.70417,0.936014,4,0.092323,31.689417,37.975534,31.916859,0.84363,0.308324,0.316961,6.019,cuda
fbcnn_bicubic,ami,044,back,044_back,5,4,96,bicjpeg75,32.935692,0.854803,30.786335,0.944542,4,0.074211,31.205608,38.305714,29.56364,0.785578,0.29121,0.323166,6.052,cuda
fbcnn_bicubic,ami,044,down,044_down,5,4,96,bicjpeg75,32.667385,0.855604,30.705309,0.942476,4,0.083247,30.873822,38.424519,28.905037,0.782703,0.272635,0.348415,6.046,cuda
fbcnn_bicubic,ami,044,front,044_front,5,4,96,bicjpeg75,32.811356,0.859656,30.824368,0.945837,4,0.083805,31.060618,38.305973,29.77696,0.801213,0.277108,0.357267,6.025,cuda
fbcnn_bicubic,ami,044,left,044_left,5,4,96,bicjpeg75,32.758141,0.8487,30.801491,0.939123,4,0.090194,31.072866,38.570824,29.056248,0.733697,0.28717,0.333035,6.037,cuda
fbcnn_bicubic,ami,044,right,044_right,5,4,96,bicjpeg75,33.178608,0.860402,31.055651,0.945199,4,0.087382,31.384099,38.733856,29.829413,0.825925,0.252808,0.31829,6.047,cuda
fbcnn_bicubic,ami,044,up,044_up,5,4,96,bicjpeg75,32.885884,0.855226,30.87975,0.943193,4,0.082119,31.099032,38.535097,29.751335,0.780913,0.277682,0.360883,6.023,cuda
fbcnn_bicubic,ami,044,zoom,044_zoom,5,4,96,bicjpeg75,32.663619,0.859469,30.63364,0.943271,4,0.07931,30.984002,37.946349,31.146021,0.833435,0.283776,0.333796,6.041,cuda
fbcnn_bicubic,ami,045,back,045_back,2,4,96,bicjpeg75,32.212536,0.814865,30.068916,0.925286,4,0.098545,30.611404,37.583848,30.599059,0.745189,0.293646,0.31686,6.025,cuda
fbcnn_bicubic,ami,045,down,045_down,2,4,96,bicjpeg75,32.989716,0.83572,30.811664,0.931948,4,0.107737,31.585664,38.012163,29.959577,0.730833,0.326084,0.346586,6.012,cuda
fbcnn_bicubic,ami,045,front,045_front,2,4,96,bicjpeg75,32.94855,0.837875,30.633961,0.930729,4,0.102187,31.469745,37.989491,30.335302,0.769759,0.296436,0.346658,6.026,cuda
fbcnn_bicubic,ami,045,left,045_left,2,4,96,bicjpeg75,34.403048,0.862346,32.080074,0.943098,4,0.095173,33.161835,39.090182,32.072073,0.7709,0.296275,0.328721,6.039,cuda
fbcnn_bicubic,ami,045,right,045_right,2,4,96,bicjpeg75,32.689118,0.822752,30.487554,0.924098,4,0.106085,30.951977,38.035994,30.897798,0.73679,0.279704,0.329155,6.046,cuda
fbcnn_bicubic,ami,045,up,045_up,2,4,96,bicjpeg75,32.644257,0.8262,30.494381,0.926719,4,0.109967,31.184476,37.687549,30.579395,0.765242,0.278482,0.350441,6.022,cuda
fbcnn_bicubic,ami,045,zoom,045_zoom,2,4,96,bicjpeg75,33.777842,0.859879,31.171712,0.932818,4,0.094926,32.625312,38.1853,31.242452,0.810066,0.286391,0.334488,6.044,cuda
fbcnn_bicubic,ami,046,back,046_back,5,4,96,bicjpeg75,31.45896,0.832633,29.408518,0.937513,4,0.092269,29.677061,37.303561,31.393301,0.790789,0.306552,0.328271,6.059,cuda
fbcnn_bicubic,ami,046,down,046_down,5,4,96,bicjpeg75,33.167033,0.850842,30.932512,0.930117,4,0.091264,31.944226,38.032513,29.447338,0.763294,0.264967,0.304702,6.045,cuda
fbcnn_bicubic,ami,046,front,046_front,5,4,96,bicjpeg75,33.379045,0.856156,31.139271,0.939184,4,0.080536,31.963232,38.670576,30.32021,0.793027,0.26414,0.327206,6.025,cuda
fbcnn_bicubic,ami,046,left,046_left,5,4,96,bicjpeg75,34.370937,0.878844,32.238889,0.944089,4,0.078436,33.060842,39.470562,31.01424,0.74923,0.258481,0.318775,6.053,cuda
fbcnn_bicubic,ami,046,right,046_right,5,4,96,bicjpeg75,33.023094,0.853033,30.602158,0.936457,4,0.093288,31.211312,38.317885,30.302662,0.765599,0.245383,0.307111,6.054,cuda
fbcnn_bicubic,ami,046,up,046_up,5,4,96,bicjpeg75,32.080502,0.826134,29.833037,0.930331,4,0.096561,30.652351,37.474484,30.093057,0.756816,0.275848,0.303115,6.026,cuda
fbcnn_bicubic,ami,046,zoom,046_zoom,5,4,96,bicjpeg75,33.366683,0.856122,30.878806,0.939707,4,0.086917,31.941378,37.999038,31.345893,0.796872,0.257688,0.316903,6.054,cuda
fbcnn_bicubic,ami,047,back,047_back,3,4,96,bicjpeg75,32.816746,0.830559,30.952743,0.926373,4,0.104436,31.050335,38.088659,31.352497,0.790659,0.218861,0.295267,6.037,cuda
fbcnn_bicubic,ami,047,down,047_down,3,4,96,bicjpeg75,32.595278,0.816419,30.585575,0.920426,4,0.099216,31.129467,37.802484,30.318117,0.812969,0.266693,0.334356,6.049,cuda
fbcnn_bicubic,ami,047,front,047_front,3,4,96,bicjpeg75,33.190597,0.83265,31.072601,0.931602,4,0.092011,31.494789,38.660121,30.913134,0.804472,0.243157,0.322424,6.044,cuda
fbcnn_bicubic,ami,047,left,047_left,3,4,96,bicjpeg75,32.803018,0.81509,30.67079,0.927757,4,0.103222,31.132169,38.68355,31.471414,0.820875,0.28215,0.333767,6.045,cuda
fbcnn_bicubic,ami,047,right,047_right,3,4,96,bicjpeg75,33.181553,0.844133,31.075081,0.931902,4,0.093901,31.401242,38.612226,30.757514,0.804125,0.265745,0.311049,6.043,cuda
fbcnn_bicubic,ami,047,up,047_up,3,4,96,bicjpeg75,33.113942,0.827414,30.995949,0.927729,4,0.096008,31.335633,38.680172,31.035419,0.752248,0.277903,0.327075,6.022,cuda
fbcnn_bicubic,ami,047,zoom,047_zoom,3,4,96,bicjpeg75,33.692992,0.850933,31.484115,0.93408,4,0.096476,32.087385,38.680668,33.258666,0.852092,0.231752,0.343064,6.021,cuda
fbcnn_bicubic,ami,048,back,048_back,1,4,96,bicjpeg75,32.497116,0.830734,30.258805,0.929817,4,0.098857,30.908431,38.629516,30.312754,0.716734,0.317866,0.290829,6.036,cuda
fbcnn_bicubic,ami,048,down,048_down,1,4,96,bicjpeg75,32.88663,0.842633,30.850277,0.932055,4,0.09523,31.312084,38.215069,29.240816,0.745217,0.27976,0.31437,6.066,cuda
fbcnn_bicubic,ami,048,front,048_front,1,4,96,bicjpeg75,33.106617,0.848163,30.967625,0.934836,4,0.092859,31.604185,38.357397,29.915687,0.760398,0.24761,0.3246,6.01,cuda
fbcnn_bicubic,ami,048,left,048_left,1,4,96,bicjpeg75,33.540606,0.852282,31.557596,0.927107,4,0.088838,32.505919,38.285753,29.644925,0.728548,0.267918,0.325833,6.017,cuda
fbcnn_bicubic,ami,048,right,048_right,1,4,96,bicjpeg75,32.796952,0.844276,30.716369,0.933836,4,0.096432,30.756456,38.592045,29.981847,0.796773,0.23715,0.313165,6.054,cuda
fbcnn_bicubic,ami,048,up,048_up,1,4,96,bicjpeg75,32.796294,0.844219,30.730178,0.936802,4,0.094236,31.176306,38.001201,30.585139,0.756085,0.240611,0.322778,6.04,cuda
fbcnn_bicubic,ami,048,zoom,048_zoom,1,4,96,bicjpeg75,33.79981,0.86095,31.543259,0.941351,4,0.086227,32.395603,38.782638,32.136992,0.842877,0.244903,0.31272,6.048,cuda
fbcnn_bicubic,ami,051,back,051_back,4,4,96,bicjpeg75,32.155286,0.835665,30.199524,0.938918,4,0.103637,30.591788,37.753383,30.008568,0.762789,0.313994,0.321895,6.033,cuda
fbcnn_bicubic,ami,051,down,051_down,4,4,96,bicjpeg75,32.118674,0.831351,30.171913,0.930929,4,0.095994,30.688325,37.674222,29.040227,0.750526,0.339024,0.329772,6.039,cuda
fbcnn_bicubic,ami,051,front,051_front,4,4,96,bicjpeg75,32.511673,0.843879,30.495274,0.942556,4,0.089675,30.933919,38.145573,30.583085,0.788576,0.314606,0.312718,6.032,cuda
fbcnn_bicubic,ami,051,left,051_left,4,4,96,bicjpeg75,33.846014,0.871178,31.7432,0.94796,4,0.073257,32.471915,38.952998,31.126874,0.783454,0.310685,0.29323,6.057,cuda
fbcnn_bicubic,ami,051,right,051_right,4,4,96,bicjpeg75,32.684677,0.840771,30.68476,0.940785,4,0.087131,30.809666,38.811424,30.065035,0.739699,0.272697,0.304498,6.011,cuda
fbcnn_bicubic,ami,051,up,051_up,4,4,96,bicjpeg75,32.180061,0.832001,30.121729,0.938496,4,0.095695,30.585721,37.749666,30.640067,0.786661,0.323107,0.302571,6.046,cuda
fbcnn_bicubic,ami,051,zoom,051_zoom,4,4,96,bicjpeg75,33.691289,0.874031,31.518484,0.947713,4,0.078673,32.403882,38.308558,32.220535,0.830289,0.287858,0.349334,6.038,cuda
fbcnn_bicubic,ami,052,back,052_back,1,4,96,bicjpeg75,32.074207,0.823006,30.182029,0.93083,4,0.09717,30.27865,37.800842,29.457339,0.753193,0.251836,0.327698,6.035,cuda
fbcnn_bicubic,ami,052,down,052_down,1,4,96,bicjpeg75,32.003018,0.835938,30.251682,0.945487,4,0.092413,30.463011,37.670197,29.783305,0.769219,0.237886,0.303493,6.052,cuda
fbcnn_bicubic,ami,052,front,052_front,1,4,96,bicjpeg75,32.056109,0.836504,30.258786,0.947198,4,0.088974,30.225534,38.10984,29.251063,0.772288,0.251549,0.31895,6.064,cuda
fbcnn_bicubic,ami,052,left,052_left,1,4,96,bicjpeg75,33.014321,0.862595,31.271198,0.954899,4,0.077153,31.633208,38.596633,29.588444,0.782949,0.227557,0.329566,6.034,cuda
fbcnn_bicubic,ami,052,right,052_right,1,4,96,bicjpeg75,31.627644,0.830918,29.807679,0.941151,4,0.106733,29.476662,38.149164,30.060646,0.813148,0.267253,0.318817,6.03,cuda
fbcnn_bicubic,ami,052,up,052_up,1,4,96,bicjpeg75,32.040645,0.837415,30.266729,0.943439,4,0.087693,30.258496,37.582932,29.234461,0.743226,0.28081,0.32394,6.041,cuda
fbcnn_bicubic,ami,052,zoom,052_zoom,1,4,96,bicjpeg75,32.56862,0.850092,30.600531,0.946524,4,0.087755,30.780152,37.897657,30.834778,0.804473,0.242056,0.322088,6.031,cuda
fbcnn_bicubic,ami,053,back,053_back,3,4,96,bicjpeg75,32.89945,0.834401,30.632977,0.939633,4,0.084763,31.122961,38.79225,30.410708,0.754476,0.236032,0.293805,6.032,cuda
fbcnn_bicubic,ami,053,down,053_down,3,4,96,bicjpeg75,32.087186,0.815745,29.875167,0.92687,4,0.100506,30.407609,38.126112,28.967386,0.725317,0.291676,0.33202,6.034,cuda
fbcnn_bicubic,ami,053,front,053_front,3,4,96,bicjpeg75,32.273266,0.810063,30.191213,0.920286,4,0.097842,30.60544,37.908675,29.309634,0.698617,0.310602,0.312734,6.029,cuda
fbcnn_bicubic,ami,053,left,053_left,3,4,96,bicjpeg75,33.117166,0.853447,30.90923,0.941515,4,0.083667,31.651955,38.624099,30.027796,0.726446,0.28402,0.309815,6.077,cuda
fbcnn_bicubic,ami,053,right,053_right,3,4,96,bicjpeg75,32.58791,0.826481,30.42419,0.930702,4,0.093475,30.703626,38.326118,29.45894,0.727911,0.263799,0.323696,6.041,cuda
fbcnn_bicubic,ami,053,up,053_up,3,4,96,bicjpeg75,31.669424,0.788808,29.666179,0.911939,4,0.099231,29.907192,37.393332,28.934817,0.660692,0.326024,0.306296,6.052,cuda
fbcnn_bicubic,ami,053,zoom,053_zoom,3,4,96,bicjpeg75,32.373043,0.816436,30.087827,0.913821,4,0.107868,31.028408,37.473613,30.14184,0.742543,0.342428,0.314456,6.035,cuda
fbcnn_bicubic,ami,054,back,054_back,3,4,96,bicjpeg75,32.056003,0.823402,29.843968,0.929724,4,0.099164,30.282534,37.687949,29.587918,0.706074,0.288846,0.301956,6.022,cuda
fbcnn_bicubic,ami,054,down,054_down,3,4,96,bicjpeg75,32.827364,0.851224,30.689036,0.9394,4,0.094056,30.976286,38.372811,29.837776,0.785773,0.290237,0.321949,6.08,cuda
fbcnn_bicubic,ami,054,front,054_front,3,4,96,bicjpeg75,32.411799,0.832623,30.298848,0.929749,4,0.096183,30.717584,37.501285,29.910327,0.735733,0.290479,0.298736,6.054,cuda
fbcnn_bicubic,ami,054,left,054_left,3,4,96,bicjpeg75,32.89125,0.832104,30.887242,0.932108,4,0.092205,31.609598,37.889125,30.131921,0.733269,0.309651,0.307924,6.034,cuda
fbcnn_bicubic,ami,054,right,054_right,3,4,96,bicjpeg75,32.352511,0.826519,30.385111,0.932643,4,0.101177,30.533303,37.606899,29.391106,0.718842,0.280003,0.310742,6.011,cuda
fbcnn_bicubic,ami,054,up,054_up,3,4,96,bicjpeg75,31.666515,0.817254,29.147036,0.929635,4,0.097638,30.03152,37.402244,29.818532,0.726669,0.316046,0.310952,6.04,cuda
fbcnn_bicubic,ami,054,zoom,054_zoom,3,4,96,bicjpeg75,32.726346,0.845098,30.320902,0.937739,4,0.096879,30.937426,37.986273,30.808539,0.804549,0.254661,0.301406,6.042,cuda
fbcnn_bicubic,ami,055,back,055_back,2,4,96,bicjpeg75,32.916019,0.844257,30.943462,0.936847,4,0.08823,31.140566,38.837971,29.436149,0.684577,0.244585,0.288176,6.022,cuda
fbcnn_bicubic,ami,055,down,055_down,2,4,96,bicjpeg75,32.388825,0.836006,30.446925,0.928553,4,0.093551,30.666781,37.580393,28.757095,0.728521,0.23555,0.31626,6.031,cuda
fbcnn_bicubic,ami,055,front,055_front,2,4,96,bicjpeg75,33.115259,0.857718,30.984633,0.939284,4,0.087953,31.178112,38.670916,30.238224,0.716258,0.220827,0.317139,6.031,cuda
fbcnn_bicubic,ami,055,left,055_left,2,4,96,bicjpeg75,33.284295,0.852388,31.169639,0.938922,4,0.08668,31.684506,38.945193,29.986826,0.725824,0.232507,0.30727,6.04,cuda
fbcnn_bicubic,ami,055,right,055_right,2,4,96,bicjpeg75,32.86155,0.855377,30.733451,0.940218,4,0.095085,30.628256,38.901877,30.070471,0.736683,0.259302,0.326139,6.036,cuda
fbcnn_bicubic,ami,055,up,055_up,2,4,96,bicjpeg75,32.863722,0.854095,30.801388,0.942101,4,0.09047,30.854135,38.922474,29.837275,0.728181,0.232486,0.322576,6.071,cuda
fbcnn_bicubic,ami,055,zoom,055_zoom,2,4,96,bicjpeg75,33.40066,0.86843,31.111121,0.942905,4,0.088048,31.591128,38.792767,30.869867,0.739943,0.227982,0.310601,6.051,cuda
fbcnn_bicubic,ami,056,back,056_back,4,4,96,bicjpeg75,31.463703,0.818836,29.595074,0.923146,4,0.100743,29.415041,37.254943,28.347049,0.699257,0.269165,0.329777,6.026,cuda
fbcnn_bicubic,ami,056,down,056_down,4,4,96,bicjpeg75,31.982335,0.819519,30.092922,0.926913,4,0.09719,30.193542,37.769039,28.381898,0.706132,0.262031,0.310189,6.054,cuda
fbcnn_bicubic,ami,056,front,056_front,4,4,96,bicjpeg75,31.509388,0.815545,29.675722,0.926915,4,0.094752,29.627472,37.35953,28.25162,0.744887,0.265933,0.315452,6.052,cuda
fbcnn_bicubic,ami,056,left,056_left,4,4,96,bicjpeg75,32.299541,0.843606,30.544383,0.934994,4,0.089439,30.595548,38.132091,28.429108,0.650049,0.267649,0.30015,6.027,cuda
fbcnn_bicubic,ami,056,right,056_right,4,4,96,bicjpeg75,31.602502,0.835628,29.709859,0.931941,4,0.108064,29.567953,37.471886,28.503025,0.710306,0.233418,0.300773,6.02,cuda
fbcnn_bicubic,ami,056,up,056_up,4,4,96,bicjpeg75,31.117754,0.812562,29.375416,0.931526,4,0.097091,28.999954,37.32411,28.856706,0.720987,0.276454,0.293868,6.031,cuda
fbcnn_bicubic,ami,056,zoom,056_zoom,4,4,96,bicjpeg75,32.242305,0.831671,30.304581,0.930104,4,0.096522,30.514532,37.607998,30.208507,0.809102,0.221954,0.295206,6.031,cuda
fbcnn_bicubic,ami,057,back,057_back,5,4,96,bicjpeg75,31.975601,0.838015,29.871239,0.941447,4,0.098593,30.090083,37.843877,31.302992,0.766642,0.278365,0.310885,6.05,cuda
fbcnn_bicubic,ami,057,down,057_down,5,4,96,bicjpeg75,32.491178,0.840967,30.547151,0.941109,4,0.089544,30.819261,38.218716,30.656995,0.816455,0.286103,0.351592,6.064,cuda
fbcnn_bicubic,ami,057,front,057_front,5,4,96,bicjpeg75,31.876537,0.819975,29.88249,0.935048,4,0.095019,30.1985,37.483571,30.015877,0.744568,0.30634,0.343137,6.058,cuda
fbcnn_bicubic,ami,057,left,057_left,5,4,96,bicjpeg75,33.001002,0.856447,31.00296,0.950028,4,0.081802,31.467315,38.518632,30.293912,0.775039,0.310173,0.337468,6.029,cuda
fbcnn_bicubic,ami,057,right,057_right,5,4,96,bicjpeg75,32.569829,0.847723,30.421462,0.94024,4,0.087738,30.968148,37.927682,31.869727,0.821304,0.304197,0.282695,6.036,cuda
fbcnn_bicubic,ami,057,up,057_up,5,4,96,bicjpeg75,30.494394,0.816925,28.653333,0.936164,4,0.106233,28.282434,37.003291,30.291105,0.764429,0.292688,0.301001,6.054,cuda
fbcnn_bicubic,ami,057,zoom,057_zoom,5,4,96,bicjpeg75,32.655223,0.847405,30.434235,0.941851,4,0.092395,31.05244,37.707524,32.1227,0.808281,0.274405,0.337116,6.005,cuda
fbcnn_bicubic,ami,058,back,058_back,5,4,96,bicjpeg75,32.956429,0.857571,30.919329,0.94041,4,0.087993,31.394986,38.280389,29.200658,0.707973,0.237487,0.28749,6.021,cuda
fbcnn_bicubic,ami,058,down,058_down,5,4,96,bicjpeg75,32.621555,0.849227,30.688256,0.934001,4,0.095882,31.012343,37.950516,29.680981,0.730111,0.27275,0.313524,6.037,cuda
fbcnn_bicubic,ami,058,front,058_front,5,4,96,bicjpeg75,32.425699,0.84087,30.437412,0.936113,4,0.089313,30.927552,38.19986,29.628671,0.736159,0.264902,0.305988,6.043,cuda
fbcnn_bicubic,ami,058,left,058_left,5,4,96,bicjpeg75,32.95421,0.859906,31.122756,0.934616,4,0.08803,31.901095,37.997061,29.530717,0.720355,0.261154,0.313838,6.039,cuda
fbcnn_bicubic,ami,058,right,058_right,5,4,96,bicjpeg75,32.780785,0.844742,30.782911,0.938802,4,0.091678,31.012348,38.047134,29.290068,0.732799,0.267176,0.279314,6.021,cuda
fbcnn_bicubic,ami,058,up,058_up,5,4,96,bicjpeg75,32.337854,0.838485,30.443204,0.935048,4,0.0879,30.741179,38.065078,29.429588,0.71141,0.264484,0.314644,6.015,cuda
fbcnn_bicubic,ami,058,zoom,058_zoom,5,4,96,bicjpeg75,32.684911,0.849125,30.599138,0.929634,4,0.093175,31.371888,37.454822,30.780525,0.764081,0.263235,0.304784,6.04,cuda
fbcnn_bicubic,ami,059,back,059_back,3,4,96,bicjpeg75,33.769724,0.857907,31.862452,0.935464,4,0.086426,32.234492,38.998727,30.806854,0.737854,0.241058,0.299697,6.031,cuda
fbcnn_bicubic,ami,059,down,059_down,3,4,96,bicjpeg75,33.310721,0.852785,31.531013,0.937048,4,0.088064,31.860684,38.733244,30.579193,0.79621,0.251114,0.339587,6.047,cuda
fbcnn_bicubic,ami,059,front,059_front,3,4,96,bicjpeg75,32.931682,0.839321,31.137332,0.931775,4,0.088565,31.315518,38.501286,30.173885,0.765042,0.285828,0.354414,6.024,cuda
fbcnn_bicubic,ami,059,left,059_left,3,4,96,bicjpeg75,33.479724,0.860628,31.691833,0.942559,4,0.085983,31.80588,39.036852,30.093881,0.76751,0.230951,0.337553,6.032,cuda
fbcnn_bicubic,ami,059,right,059_right,3,4,96,bicjpeg75,32.761507,0.8568,30.922574,0.942225,4,0.091584,30.820883,38.318625,30.573361,0.774623,0.248673,0.290073,6.041,cuda
fbcnn_bicubic,ami,059,up,059_up,3,4,96,bicjpeg75,32.703741,0.834027,30.933173,0.928857,4,0.088356,31.120913,38.037044,30.45763,0.733727,0.287296,0.336362,6.03,cuda
fbcnn_bicubic,ami,059,zoom,059_zoom,3,4,96,bicjpeg75,33.457254,0.861686,31.555438,0.940273,4,0.083562,32.077969,38.420585,31.904968,0.823534,0.25395,0.339229,6.029,cuda
fbcnn_bicubic,ami,061,back,061_back,2,4,96,bicjpeg75,33.587728,0.850979,31.565244,0.93738,4,0.086128,32.36799,38.898339,30.702274,0.733778,0.264155,0.281371,6.044,cuda
fbcnn_bicubic,ami,061,down,061_down,2,4,96,bicjpeg75,33.457014,0.843937,31.514413,0.935064,4,0.090473,31.771993,38.907613,30.155715,0.802355,0.267966,0.309965,6.049,cuda
fbcnn_bicubic,ami,061,front,061_front,2,4,96,bicjpeg75,33.674703,0.846946,31.764546,0.939547,4,0.081212,32.143093,39.514449,30.412929,0.749593,0.253503,0.328109,6.043,cuda
fbcnn_bicubic,ami,061,left,061_left,2,4,96,bicjpeg75,33.143342,0.832905,31.380303,0.916472,4,0.095558,31.95065,38.361175,29.075737,0.65241,0.294625,0.337994,6.026,cuda
fbcnn_bicubic,ami,061,right,061_right,2,4,96,bicjpeg75,33.347351,0.849019,31.461067,0.93398,4,0.094469,31.747041,38.939104,30.061499,0.731336,0.265441,0.305704,6.049,cuda
fbcnn_bicubic,ami,061,up,061_up,2,4,96,bicjpeg75,33.588561,0.846489,31.636534,0.939767,4,0.088795,32.137348,38.93566,30.757881,0.764578,0.316316,0.316983,6.026,cuda
fbcnn_bicubic,ami,061,zoom,061_zoom,2,4,96,bicjpeg75,34.099341,0.863807,31.802574,0.942831,4,0.083723,32.685572,39.147183,31.595719,0.790625,0.256566,0.32058,6.037,cuda
fbcnn_bicubic,ami,062,back,062_back,3,4,96,bicjpeg75,32.563435,0.84302,30.588736,0.94068,4,0.090408,31.013665,38.207335,31.691651,0.786053,0.278166,0.305082,6.041,cuda
fbcnn_bicubic,ami,062,down,062_down,3,4,96,bicjpeg75,33.546872,0.866226,31.262794,0.956597,4,0.070243,32.564952,38.681672,31.975012,0.818822,0.334146,0.328704,6.043,cuda
fbcnn_bicubic,ami,062,front,062_front,3,4,96,bicjpeg75,33.018288,0.85267,30.693609,0.949735,4,0.077314,31.846813,38.398982,31.651321,0.781804,0.288853,0.322254,6.026,cuda
fbcnn_bicubic,ami,062,left,062_left,3,4,96,bicjpeg75,33.925788,0.862985,31.650789,0.951384,4,0.075152,32.960669,38.916752,32.582108,0.788132,0.322154,0.327807,6.017,cuda
fbcnn_bicubic,ami,062,right,062_right,3,4,96,bicjpeg75,32.4598,0.817758,30.350064,0.920592,4,0.094929,31.249361,37.617223,30.523623,0.751754,0.310745,0.299617,6.02,cuda
fbcnn_bicubic,ami,062,up,062_up,3,4,96,bicjpeg75,31.399911,0.837819,29.352012,0.945957,4,0.096305,29.553179,38.091303,31.897024,0.80217,0.303397,0.333708,6.032,cuda
fbcnn_bicubic,ami,062,zoom,062_zoom,3,4,96,bicjpeg75,33.897393,0.873573,31.648021,0.949793,4,0.073791,32.910635,38.851003,32.015249,0.787329,0.264506,0.33419,6.064,cuda
fbcnn_bicubic,ami,063,back,063_back,4,4,96,bicjpeg75,33.637865,0.853658,31.635505,0.942591,4,0.087753,32.081392,38.719037,30.848705,0.786321,0.251439,0.271003,6.035,cuda
fbcnn_bicubic,ami,063,down,063_down,4,4,96,bicjpeg75,32.696844,0.839584,30.811993,0.930011,4,0.097346,31.137076,38.009818,30.091809,0.785935,0.282267,0.33869,6.035,cuda
fbcnn_bicubic,ami,063,front,063_front,4,4,96,bicjpeg75,33.462452,0.853297,31.563558,0.936305,4,0.091898,31.840351,38.969481,30.72224,0.817327,0.251896,0.337371,6.018,cuda
fbcnn_bicubic,ami,063,left,063_left,4,4,96,bicjpeg75,34.153507,0.861133,32.221908,0.938421,4,0.083882,32.882765,39.463974,30.555643,0.735043,0.226941,0.32465,6.03,cuda
fbcnn_bicubic,ami,063,right,063_right,4,4,96,bicjpeg75,32.937589,0.839865,31.081295,0.932732,4,0.094874,31.355118,38.11597,30.433794,0.808514,0.284157,0.328948,6.021,cuda
fbcnn_bicubic,ami,063,up,063_up,4,4,96,bicjpeg75,32.871741,0.832669,31.012514,0.933749,4,0.09518,31.359473,37.968725,30.411881,0.76698,0.297319,0.342218,6.018,cuda
fbcnn_bicubic,ami,063,zoom,063_zoom,4,4,96,bicjpeg75,34.210128,0.879138,32.129205,0.945988,4,0.07422,32.7359,39.15938,33.174713,0.8646,0.255828,0.341129,6.046,cuda
fbcnn_bicubic,ami,064,back,064_back,5,4,96,bicjpeg75,32.16817,0.80992,30.170735,0.921351,4,0.096119,30.726425,37.660723,29.12851,0.677773,0.2983,0.285278,6.044,cuda
fbcnn_bicubic,ami,064,down,064_down,5,4,96,bicjpeg75,32.398158,0.814015,30.488253,0.930156,4,0.092923,30.647911,38.313189,28.722718,0.717896,0.316326,0.304659,6.06,cuda
fbcnn_bicubic,ami,064,front,064_front,5,4,96,bicjpeg75,32.925342,0.831455,30.890859,0.934543,4,0.089289,31.414417,38.466606,29.869971,0.770842,0.283826,0.300634,6.019,cuda
fbcnn_bicubic,ami,064,left,064_left,5,4,96,bicjpeg75,33.042379,0.833326,31.152835,0.934587,4,0.083401,31.578405,38.34132,29.389293,0.689114,0.287972,0.312293,6.044,cuda
fbcnn_bicubic,ami,064,right,064_right,5,4,96,bicjpeg75,33.148037,0.84512,31.171797,0.94403,4,0.085599,31.361561,38.686503,30.149033,0.753181,0.254703,0.303922,6.011,cuda
fbcnn_bicubic,ami,064,up,064_up,5,4,96,bicjpeg75,32.444794,0.822725,30.371053,0.931083,4,0.090441,30.923651,37.843472,29.411898,0.756299,0.299581,0.312352,6.035,cuda
fbcnn_bicubic,ami,064,zoom,064_zoom,5,4,96,bicjpeg75,32.952902,0.837102,30.780275,0.936045,4,0.096668,31.391317,38.463097,30.496611,0.800892,0.271799,0.298902,6.019,cuda
fbcnn_bicubic,ami,065,back,065_back,3,4,96,bicjpeg75,32.143897,0.822581,30.158424,0.931316,4,0.096653,30.213095,38.029449,30.643257,0.771721,0.309437,0.307728,6.013,cuda
fbcnn_bicubic,ami,065,down,065_down,3,4,96,bicjpeg75,33.338596,0.861851,31.343501,0.949117,4,0.090883,31.683495,38.972721,30.568171,0.822557,0.273272,0.332312,6.029,cuda
fbcnn_bicubic,ami,065,front,065_front,3,4,96,bicjpeg75,33.194455,0.858251,31.077811,0.951346,4,0.08396,31.67975,38.907385,32.188396,0.830425,0.272615,0.310963,6.064,cuda
fbcnn_bicubic,ami,065,left,065_left,3,4,96,bicjpeg75,34.563171,0.875436,32.446873,0.940949,4,0.094234,33.018015,39.894728,31.086414,0.745545,0.26009,0.31214,6.024,cuda
fbcnn_bicubic,ami,065,right,065_right,3,4,96,bicjpeg75,32.479128,0.839907,30.519683,0.937171,4,0.098738,30.60014,38.542268,30.758563,0.805017,0.295591,0.311417,6.031,cuda
fbcnn_bicubic,ami,065,up,065_up,3,4,96,bicjpeg75,32.821922,0.847574,30.720224,0.945806,4,0.08279,31.602386,38.189949,32.062628,0.814687,0.293005,0.293296,6.011,cuda
fbcnn_bicubic,ami,065,zoom,065_zoom,3,4,96,bicjpeg75,34.374526,0.878858,31.926613,0.953323,4,0.081725,32.983392,39.062287,33.454971,0.841328,0.240102,0.330473,6.048,cuda
fbcnn_bicubic,ami,066,back,066_back,4,4,96,bicjpeg75,33.032745,0.843878,30.833015,0.935548,4,0.094122,31.360762,38.53577,30.992033,0.81254,0.253976,0.316546,6.055,cuda
fbcnn_bicubic,ami,066,down,066_down,4,4,96,bicjpeg75,33.094226,0.832748,31.02325,0.930497,4,0.093673,31.537586,38.552577,30.868449,0.777554,0.301358,0.304636,6.046,cuda
fbcnn_bicubic,ami,066,front,066_front,4,4,96,bicjpeg75,33.041551,0.832247,31.010863,0.928826,4,0.093702,31.424455,38.389102,30.953742,0.771904,0.293791,0.30379,6.026,cuda
fbcnn_bicubic,ami,066,left,066_left,4,4,96,bicjpeg75,33.152719,0.842429,31.302012,0.928261,4,0.100953,32.124816,38.044388,30.068279,0.782516,0.296989,0.312651,6.018,cuda
fbcnn_bicubic,ami,066,right,066_right,4,4,96,bicjpeg75,32.903145,0.840656,30.874407,0.935202,4,0.095504,31.178209,38.492196,31.464575,0.80155,0.272901,0.305214,6.039,cuda
fbcnn_bicubic,ami,066,up,066_up,4,4,96,bicjpeg75,32.830317,0.830077,30.744412,0.932525,4,0.088625,31.258131,38.012732,30.53175,0.772717,0.283984,0.296242,6.025,cuda
fbcnn_bicubic,ami,066,zoom,066_zoom,4,4,96,bicjpeg75,33.212788,0.838615,30.935232,0.927283,4,0.099124,31.772395,38.342311,32.763048,0.826853,0.279549,0.299571,6.033,cuda
fbcnn_bicubic,ami,067,back,067_back,2,4,96,bicjpeg75,33.239592,0.833174,30.929264,0.939993,4,0.081732,31.651176,38.859507,30.784245,0.787204,0.283175,0.296737,6.01,cuda
fbcnn_bicubic,ami,067,down,067_down,2,4,96,bicjpeg75,32.833021,0.81659,30.626835,0.922408,4,0.08624,31.619288,38.03884,30.592204,0.719058,0.326258,0.338319,6.029,cuda
fbcnn_bicubic,ami,067,front,067_front,2,4,96,bicjpeg75,32.672686,0.810397,30.458621,0.919878,4,0.087559,31.385118,37.791996,30.148915,0.721352,0.338662,0.308545,6.043,cuda
fbcnn_bicubic,ami,067,left,067_left,2,4,96,bicjpeg75,33.144601,0.827366,30.902028,0.93311,4,0.087011,31.84546,39.09626,30.34224,0.756744,0.333732,0.342118,6.045,cuda
fbcnn_bicubic,ami,067,right,067_right,2,4,96,bicjpeg75,32.670267,0.83506,30.444148,0.938249,4,0.085537,30.965746,38.421174,29.878065,0.756685,0.297935,0.312635,6.024,cuda
fbcnn_bicubic,ami,067,up,067_up,2,4,96,bicjpeg75,32.80129,0.81311,30.497774,0.925076,4,0.088075,31.414962,38.102513,30.587991,0.740599,0.336052,0.314629,6.036,cuda
fbcnn_bicubic,ami,067,zoom,067_zoom,2,4,96,bicjpeg75,33.145016,0.829423,30.736665,0.925696,4,0.08762,31.658967,38.241077,31.289591,0.770317,0.336696,0.303584,6.056,cuda
fbcnn_bicubic,ami,068,back,068_back,2,4,96,bicjpeg75,32.15616,0.802392,30.230455,0.931789,4,0.087251,30.392423,38.341871,30.21381,0.782782,0.268525,0.337465,6.015,cuda
fbcnn_bicubic,ami,068,down,068_down,2,4,96,bicjpeg75,32.253999,0.833741,30.245295,0.936363,4,0.092898,30.672675,37.562844,29.892727,0.779129,0.27758,0.323838,6.029,cuda
fbcnn_bicubic,ami,068,front,068_front,2,4,96,bicjpeg75,32.342885,0.830201,30.383768,0.937338,4,0.089703,30.784359,37.761288,30.995269,0.821245,0.267979,0.315009,6.022,cuda
fbcnn_bicubic,ami,068,left,068_left,2,4,96,bicjpeg75,32.852616,0.84325,30.876607,0.937936,4,0.0902,31.507927,38.230558,29.842705,0.770744,0.279226,0.316998,6.038,cuda
fbcnn_bicubic,ami,068,right,068_right,2,4,96,bicjpeg75,32.261846,0.834577,30.265981,0.937689,4,0.089304,30.370006,38.068379,30.278597,0.81495,0.282439,0.314545,6.056,cuda
fbcnn_bicubic,ami,068,up,068_up,2,4,96,bicjpeg75,32.131478,0.822248,30.12746,0.934887,4,0.093425,30.615446,37.675059,30.217029,0.810494,0.270457,0.309246,6.038,cuda
fbcnn_bicubic,ami,068,zoom,068_zoom,2,4,96,bicjpeg75,32.978119,0.847258,30.800347,0.940821,4,0.087721,31.521856,37.958842,32.556486,0.857427,0.269842,0.311534,6.057,cuda
fbcnn_bicubic,ami,069,back,069_back,4,4,96,bicjpeg75,32.157536,0.829542,30.100729,0.938101,4,0.089313,30.123698,37.81906,29.793568,0.764012,0.274557,0.326458,6.025,cuda
fbcnn_bicubic,ami,069,down,069_down,4,4,96,bicjpeg75,31.070495,0.818656,29.214241,0.939565,4,0.093018,29.038163,37.508955,29.153458,0.752648,0.331158,0.311454,6.06,cuda
fbcnn_bicubic,ami,069,front,069_front,4,4,96,bicjpeg75,31.499656,0.823968,29.694525,0.940948,4,0.092207,29.584898,37.125379,29.857992,0.786747,0.32712,0.329895,6.061,cuda
fbcnn_bicubic,ami,069,left,069_left,4,4,96,bicjpeg75,31.287174,0.819323,29.525295,0.928648,4,0.103817,29.230095,37.313597,28.788025,0.713274,0.347626,0.303144,6.036,cuda
fbcnn_bicubic,ami,069,right,069_right,4,4,96,bicjpeg75,31.764237,0.838397,29.938347,0.940548,4,0.089112,29.711691,37.776122,29.415734,0.794311,0.295849,0.303215,6.048,cuda
fbcnn_bicubic,ami,069,up,069_up,4,4,96,bicjpeg75,31.12844,0.822105,29.304561,0.943321,4,0.092174,29.229984,37.165543,29.500863,0.760064,0.350262,0.336526,6.029,cuda
fbcnn_bicubic,ami,069,zoom,069_zoom,4,4,96,bicjpeg75,31.531128,0.819372,29.677683,0.942921,4,0.090651,29.735737,37.006569,30.989158,0.822311,0.336087,0.308683,6.024,cuda
fbcnn_bicubic,ami,070,back,070_back,3,4,96,bicjpeg75,32.287616,0.820938,29.879905,0.931085,4,0.097101,30.624518,38.26417,31.475186,0.763416,0.275903,0.282106,6.025,cuda
fbcnn_bicubic,ami,070,down,070_down,3,4,96,bicjpeg75,31.933377,0.82118,29.937031,0.938558,4,0.099855,30.309605,38.100798,30.219343,0.780977,0.304222,0.319156,6.038,cuda
fbcnn_bicubic,ami,070,front,070_front,3,4,96,bicjpeg75,32.227365,0.824169,30.173246,0.933913,4,0.097753,30.442256,37.998816,31.418279,0.807347,0.277013,0.303897,6.052,cuda
fbcnn_bicubic,ami,070,left,070_left,3,4,96,bicjpeg75,32.796433,0.836435,30.964248,0.932323,4,0.098903,31.423432,38.430181,30.459962,0.772634,0.298762,0.307921,6.042,cuda
fbcnn_bicubic,ami,070,right,070_right,3,4,96,bicjpeg75,31.796926,0.800262,29.916239,0.911171,4,0.121404,29.864774,37.798807,30.421211,0.739593,0.267673,0.298701,6.032,cuda
fbcnn_bicubic,ami,070,up,070_up,3,4,96,bicjpeg75,32.276455,0.81944,30.189294,0.93458,4,0.100981,30.21638,38.065663,31.134367,0.759929,0.304041,0.311835,6.037,cuda
fbcnn_bicubic,ami,070,zoom,070_zoom,3,4,96,bicjpeg75,32.667469,0.834742,30.46055,0.934175,4,0.102984,31.121395,37.647035,32.847235,0.844127,0.268703,0.305439,6.037,cuda
fbcnn_bicubic,ami,071,back,071_back,2,4,96,bicjpeg75,32.121077,0.829473,30.188826,0.933216,4,0.094815,30.350224,37.589582,29.914236,0.759536,0.282204,0.307063,6.032,cuda
fbcnn_bicubic,ami,071,down,071_down,2,4,96,bicjpeg75,31.161237,0.809011,29.200624,0.923982,4,0.099673,29.389865,37.126872,29.876112,0.789175,0.299619,0.313979,6.046,cuda
fbcnn_bicubic,ami,071,front,071_front,2,4,96,bicjpeg75,31.065711,0.809885,29.080584,0.92613,4,0.103629,29.274297,37.127634,29.533593,0.736376,0.293116,0.30941,6.066,cuda
fbcnn_bicubic,ami,071,left,071_left,2,4,96,bicjpeg75,31.415051,0.817366,29.504097,0.92205,4,0.102226,29.657129,36.670147,28.944402,0.695585,0.300183,0.309762,6.032,cuda
fbcnn_bicubic,ami,071,right,071_right,2,4,96,bicjpeg75,31.89878,0.820793,29.770695,0.935122,4,0.089282,29.911064,38.097469,29.395784,0.749299,0.298665,0.298355,6.029,cuda
fbcnn_bicubic,ami,071,up,071_up,2,4,96,bicjpeg75,30.745834,0.797166,28.821873,0.927058,4,0.106167,29.056467,36.819064,29.666186,0.723779,0.323097,0.298785,6.056,cuda
fbcnn_bicubic,ami,071,zoom,071_zoom,2,4,96,bicjpeg75,31.851519,0.830757,29.696252,0.9317,4,0.095963,30.021033,37.3075,31.231218,0.807197,0.291073,0.306821,6.036,cuda
fbcnn_bicubic,ami,072,back,072_back,1,4,96,bicjpeg75,33.472598,0.846807,31.32097,0.933016,4,0.085812,32.286001,38.175128,30.124153,0.711742,0.232311,0.310432,6.05,cuda
fbcnn_bicubic,ami,072,down,072_down,1,4,96,bicjpeg75,33.614519,0.85987,31.642002,0.929695,4,0.09703,32.344622,38.276543,30.178906,0.759702,0.244982,0.321195,6.037,cuda
fbcnn_bicubic,ami,072,front,072_front,1,4,96,bicjpeg75,33.818534,0.866241,31.633864,0.932514,4,0.089997,32.479212,38.667049,30.623338,0.742616,0.26846,0.321998,6.026,cuda
fbcnn_bicubic,ami,072,left,072_left,1,4,96,bicjpeg75,34.16509,0.859919,32.120633,0.938753,4,0.083192,33.04014,38.989171,31.182258,0.739876,0.291318,0.318085,6.036,cuda
fbcnn_bicubic,ami,072,right,072_right,1,4,96,bicjpeg75,34.629278,0.889976,32.399634,0.950992,4,0.074546,33.106414,39.431074,31.172909,0.796907,0.219429,0.294225,6.024,cuda
fbcnn_bicubic,ami,072,up,072_up,1,4,96,bicjpeg75,33.95148,0.870834,31.674806,0.933942,4,0.09273,32.512039,38.630658,30.430079,0.72865,0.252254,0.316342,6.022,cuda
fbcnn_bicubic,ami,072,zoom,072_zoom,1,4,96,bicjpeg75,34.882051,0.886766,32.512585,0.943386,4,0.078901,33.627486,39.222089,32.324261,0.8391,0.189445,0.282066,6.024,cuda
fbcnn_bicubic,ami,073,back,073_back,1,4,96,bicjpeg75,33.558021,0.860091,31.472309,0.940866,4,0.088787,32.059138,38.616985,29.928833,0.714095,0.229137,0.2961,6.035,cuda
fbcnn_bicubic,ami,073,down,073_down,1,4,96,bicjpeg75,33.566242,0.874158,31.505475,0.944212,4,0.082867,32.256558,38.56734,29.718945,0.757524,0.277231,0.323616,6.005,cuda
fbcnn_bicubic,ami,073,front,073_front,1,4,96,bicjpeg75,33.446009,0.856883,31.453373,0.938821,4,0.09048,32.042533,38.503421,30.164841,0.728682,0.289476,0.323821,6.021,cuda
fbcnn_bicubic,ami,073,left,073_left,1,4,96,bicjpeg75,34.142403,0.876998,32.152152,0.949153,4,0.075251,33.196038,39.037015,30.286657,0.727308,0.287812,0.321398,6.026,cuda
fbcnn_bicubic,ami,073,right,073_right,1,4,96,bicjpeg75,33.411821,0.857694,31.190012,0.940945,4,0.085738,31.628965,39.329427,30.518085,0.739555,0.245215,0.325931,6.052,cuda
fbcnn_bicubic,ami,073,up,073_up,1,4,96,bicjpeg75,33.068084,0.846939,31.107594,0.936143,4,0.098616,31.723031,38.452156,30.175152,0.709445,0.281974,0.300346,6.036,cuda
fbcnn_bicubic,ami,073,zoom,073_zoom,1,4,96,bicjpeg75,34.622452,0.884105,32.249636,0.949697,4,0.075279,33.199506,39.319864,31.730457,0.807466,0.237553,0.295919,6.04,cuda
fbcnn_bicubic,ami,074,back,074_back,1,4,96,bicjpeg75,33.071328,0.827116,31.147321,0.928349,4,0.094224,31.706887,38.446822,29.912007,0.704888,0.277069,0.332491,6.033,cuda
fbcnn_bicubic,ami,074,down,074_down,1,4,96,bicjpeg75,32.617227,0.809384,30.733322,0.91041,4,0.106074,30.943711,38.381023,29.187308,0.6727,0.301237,0.338735,6.041,cuda
fbcnn_bicubic,ami,074,front,074_front,1,4,96,bicjpeg75,32.438023,0.806263,30.615918,0.911237,4,0.10098,30.952745,37.853755,29.254737,0.684816,0.298106,0.335316,6.03,cuda
fbcnn_bicubic,ami,074,left,074_left,1,4,96,bicjpeg75,33.287613,0.831926,31.416291,0.927089,4,0.096286,31.724249,38.352404,31.341609,0.74404,0.26605,0.334163,6.04,cuda
fbcnn_bicubic,ami,074,right,074_right,1,4,96,bicjpeg75,32.758217,0.837518,30.787875,0.929394,4,0.102272,30.869255,38.326929,29.754173,0.674321,0.294478,0.311191,6.048,cuda
fbcnn_bicubic,ami,074,up,074_up,1,4,96,bicjpeg75,32.558623,0.812801,30.747155,0.918798,4,0.105537,30.900524,37.970965,29.629576,0.681375,0.285936,0.322276,6.03,cuda
fbcnn_bicubic,ami,074,zoom,074_zoom,1,4,96,bicjpeg75,33.394551,0.848256,31.353396,0.930494,4,0.097504,31.985783,38.252958,30.584339,0.761947,0.294941,0.332206,6.043,cuda
fbcnn_bicubic,ami,075,back,075_back,3,4,96,bicjpeg75,32.190148,0.797148,29.925596,0.914388,4,0.103308,30.673505,37.344848,30.371412,0.70666,0.29427,0.299064,6.051,cuda
fbcnn_bicubic,ami,075,down,075_down,3,4,96,bicjpeg75,31.89235,0.811321,29.638408,0.930796,4,0.090875,30.275693,37.687955,30.392424,0.799423,0.324082,0.337743,6.052,cuda
fbcnn_bicubic,ami,075,front,075_front,3,4,96,bicjpeg75,31.559546,0.795885,29.351925,0.927108,4,0.089604,29.948088,37.821328,31.040946,0.773976,0.316673,0.321847,6.014,cuda
fbcnn_bicubic,ami,075,left,075_left,3,4,96,bicjpeg75,32.605291,0.823139,30.540726,0.934174,4,0.088065,30.939912,38.692571,31.255958,0.747995,0.320446,0.318899,6.044,cuda
fbcnn_bicubic,ami,075,right,075_right,3,4,96,bicjpeg75,32.841479,0.837207,30.423645,0.939973,4,0.090319,31.138548,38.536935,31.285532,0.793226,0.269407,0.316343,6.026,cuda
fbcnn_bicubic,ami,075,up,075_up,3,4,96,bicjpeg75,31.788864,0.798243,29.519024,0.931542,4,0.084686,30.007367,37.756467,31.794247,0.797458,0.31491,0.316349,6.025,cuda
fbcnn_bicubic,ami,075,zoom,075_zoom,3,4,96,bicjpeg75,32.437082,0.836266,29.96636,0.936165,4,0.086179,30.897253,37.84455,32.732713,0.821569,0.317147,0.326847,6.049,cuda
fbcnn_bicubic,ami,076,back,076_back,5,4,96,bicjpeg75,33.17976,0.847987,30.827024,0.93261,4,0.094814,31.431728,38.280657,30.702895,0.821415,0.25622,0.282065,6.047,cuda
fbcnn_bicubic,ami,076,down,076_down,5,4,96,bicjpeg75,32.175347,0.82042,30.113005,0.924217,4,0.106026,30.670035,37.77442,30.41545,0.820337,0.286741,0.292404,6.046,cuda
fbcnn_bicubic,ami,076,front,076_front,5,4,96,bicjpeg75,32.497569,0.831641,30.368584,0.928689,4,0.100717,30.875112,38.058732,30.564364,0.819856,0.279053,0.312892,6.023,cuda
fbcnn_bicubic,ami,076,left,076_left,5,4,96,bicjpeg75,33.049098,0.841351,30.842262,0.935858,4,0.085738,31.580801,38.444931,30.728308,0.804016,0.245802,0.290497,6.035,cuda
fbcnn_bicubic,ami,076,right,076_right,5,4,96,bicjpeg75,32.537362,0.829476,30.401968,0.931784,4,0.097132,30.820876,38.316642,30.773446,0.843825,0.273556,0.302995,6.038,cuda
fbcnn_bicubic,ami,076,up,076_up,5,4,96,bicjpeg75,32.107221,0.816241,29.945026,0.921076,4,0.104297,30.472892,37.333165,30.426788,0.785091,0.304588,0.308386,6.04,cuda
fbcnn_bicubic,ami,076,zoom,076_zoom,5,4,96,bicjpeg75,33.297852,0.866038,30.829724,0.941632,4,0.094568,31.921368,38.195846,33.828755,0.883163,0.248779,0.318487,6.037,cuda
fbcnn_bicubic,ami,077,back,077_back,2,4,96,bicjpeg75,33.674924,0.842649,31.63427,0.936863,4,0.089714,31.970296,38.930702,30.223591,0.740257,0.218324,0.33672,6.051,cuda
fbcnn_bicubic,ami,077,down,077_down,2,4,96,bicjpeg75,32.683591,0.812423,30.774885,0.926361,4,0.095684,31.180048,38.110438,29.023623,0.709884,0.30755,0.33783,6.024,cuda
fbcnn_bicubic,ami,077,front,077_front,2,4,96,bicjpeg75,33.21814,0.829192,31.230262,0.93065,4,0.084884,31.622202,38.384967,29.769982,0.724324,0.279287,0.342925,6.031,cuda
fbcnn_bicubic,ami,077,left,077_left,2,4,96,bicjpeg75,33.268594,0.828956,31.325125,0.933648,4,0.085412,31.934934,38.245646,30.629547,0.755915,0.29834,0.345692,6.025,cuda
fbcnn_bicubic,ami,077,right,077_right,2,4,96,bicjpeg75,33.962626,0.869334,31.848499,0.94749,4,0.086364,31.897966,39.163775,30.520074,0.795061,0.214729,0.338865,6.034,cuda
fbcnn_bicubic,ami,077,up,077_up,2,4,96,bicjpeg75,33.300246,0.832839,31.277318,0.935914,4,0.079958,31.745435,38.739338,29.966097,0.74494,0.277722,0.32905,6.029,cuda
fbcnn_bicubic,ami,077,zoom,077_zoom,2,4,96,bicjpeg75,33.8555,0.850634,31.627485,0.94147,4,0.078594,32.178188,38.92251,31.47614,0.801104,0.218656,0.33459,6.03,cuda
fbcnn_bicubic,ami,078,back,078_back,2,4,96,bicjpeg75,32.702846,0.82174,30.557637,0.918365,4,0.098458,31.029207,37.998727,29.935832,0.731746,0.293956,0.303173,6.038,cuda
fbcnn_bicubic,ami,078,down,078_down,2,4,96,bicjpeg75,32.240751,0.795342,30.233895,0.914322,4,0.105463,30.454814,37.901935,29.526058,0.731872,0.332986,0.297928,6.037,cuda
fbcnn_bicubic,ami,078,front,078_front,2,4,96,bicjpeg75,32.471765,0.817297,30.465145,0.915515,4,0.101512,30.774518,37.584279,30.174406,0.787851,0.300077,0.33399,6.018,cuda
fbcnn_bicubic,ami,078,left,078_left,2,4,96,bicjpeg75,32.300766,0.805738,30.281614,0.913427,4,0.102797,30.733676,37.594511,30.011671,0.759202,0.346063,0.333385,6.019,cuda
fbcnn_bicubic,ami,078,right,078_right,2,4,96,bicjpeg75,32.339172,0.818743,30.329113,0.919403,4,0.105267,30.593016,37.632216,29.891752,0.766926,0.275398,0.30372,6.036,cuda
fbcnn_bicubic,ami,078,up,078_up,2,4,96,bicjpeg75,32.598685,0.813277,30.594858,0.919888,4,0.098577,31.032552,37.90193,30.852487,0.754453,0.347643,0.328596,6.022,cuda
fbcnn_bicubic,ami,078,zoom,078_zoom,2,4,96,bicjpeg75,33.170099,0.835947,30.983126,0.920504,4,0.10743,31.51797,38.395238,31.643466,0.824891,0.28966,0.312865,6.061,cuda
fbcnn_bicubic,ami,079,back,079_back,4,4,96,bicjpeg75,32.707309,0.827099,30.178889,0.928937,4,0.095728,31.392589,37.992785,29.934237,0.695808,0.352727,0.316606,5.997,cuda
fbcnn_bicubic,ami,079,down,079_down,4,4,96,bicjpeg75,32.610327,0.835353,30.438053,0.934624,4,0.088097,31.0962,38.506552,30.124191,0.764373,0.314051,0.328874,6.046,cuda
fbcnn_bicubic,ami,079,front,079_front,4,4,96,bicjpeg75,32.200283,0.820195,30.006497,0.934431,4,0.088994,30.753117,37.761966,30.50027,0.755889,0.337554,0.320682,6.029,cuda
fbcnn_bicubic,ami,079,left,079_left,4,4,96,bicjpeg75,33.134209,0.84499,30.893048,0.928832,4,0.087608,31.996071,38.107473,30.129736,0.712216,0.371983,0.319077,6.027,cuda
fbcnn_bicubic,ami,079,right,079_right,4,4,96,bicjpeg75,32.15788,0.830221,30.039229,0.926341,4,0.099447,30.40983,37.65729,29.388867,0.715026,0.308336,0.299847,6.042,cuda
fbcnn_bicubic,ami,079,up,079_up,4,4,96,bicjpeg75,32.148465,0.817544,30.010721,0.932805,4,0.085256,30.843432,37.772462,30.552437,0.758294,0.322178,0.309663,6.022,cuda
fbcnn_bicubic,ami,079,zoom,079_zoom,4,4,96,bicjpeg75,32.714919,0.832967,30.399064,0.936536,4,0.084637,31.254125,38.157974,31.702898,0.784861,0.327276,0.344626,6.018,cuda
fbcnn_bicubic,ami,080,back,080_back,3,4,96,bicjpeg75,33.329376,0.850324,31.203887,0.933894,4,0.108829,31.614418,38.622778,28.541158,0.623468,0.285521,0.367032,6.038,cuda
fbcnn_bicubic,ami,080,down,080_down,3,4,96,bicjpeg75,33.649426,0.852143,31.51313,0.933432,4,0.091296,32.133962,39.505847,29.180796,0.682094,0.288207,0.338331,6.053,cuda
fbcnn_bicubic,ami,080,front,080_front,3,4,96,bicjpeg75,33.590291,0.852035,31.379198,0.923006,4,0.095646,32.057104,38.77472,29.054591,0.665999,0.25613,0.356415,6.005,cuda
fbcnn_bicubic,ami,080,left,080_left,3,4,96,bicjpeg75,34.117689,0.866719,31.95516,0.939747,4,0.084056,32.804036,39.365337,29.481213,0.684851,0.292222,0.331477,6.022,cuda
fbcnn_bicubic,ami,080,right,080_right,3,4,96,bicjpeg75,33.677365,0.868646,31.663221,0.939667,4,0.089366,31.565055,39.158873,29.720255,0.714227,0.245695,0.34132,6.046,cuda
fbcnn_bicubic,ami,080,up,080_up,3,4,96,bicjpeg75,33.908853,0.855878,31.741789,0.938996,4,0.075403,32.507695,39.378764,30.110424,0.718711,0.287841,0.342164,6.062,cuda
fbcnn_bicubic,ami,080,zoom,080_zoom,3,4,96,bicjpeg75,34.161156,0.867626,31.800482,0.932028,4,0.082373,32.901207,38.789477,30.408524,0.75007,0.25659,0.337104,6.036,cuda
fbcnn_bicubic,ami,081,back,081_back,1,4,96,bicjpeg75,33.701602,0.858729,31.308701,0.943761,4,0.08406,31.998863,38.93641,29.674125,0.716136,0.288096,0.2892,6.022,cuda
fbcnn_bicubic,ami,081,down,081_down,1,4,96,bicjpeg75,33.06528,0.828798,30.957329,0.928338,4,0.089374,31.286355,38.906777,28.680479,0.694547,0.352529,0.350003,6.051,cuda
fbcnn_bicubic,ami,081,front,081_front,1,4,96,bicjpeg75,32.874494,0.822278,30.805859,0.927395,4,0.08699,31.108377,38.505225,28.692898,0.681463,0.341956,0.32506,6.056,cuda
fbcnn_bicubic,ami,081,left,081_left,1,4,96,bicjpeg75,33.569903,0.828293,31.393065,0.92967,4,0.088825,32.219408,39.110657,29.354995,0.648197,0.373034,0.363794,6.034,cuda
fbcnn_bicubic,ami,081,right,081_right,1,4,96,bicjpeg75,34.402393,0.890635,32.003369,0.954697,4,0.072714,32.584671,39.756303,29.748698,0.761984,0.212264,0.279866,6.067,cuda
fbcnn_bicubic,ami,081,up,081_up,1,4,96,bicjpeg75,32.717211,0.819066,30.663093,0.932875,4,0.088386,30.848785,39.204705,29.062166,0.719378,0.362098,0.317029,6.026,cuda
fbcnn_bicubic,ami,081,zoom,081_zoom,1,4,96,bicjpeg75,33.380145,0.839363,31.126592,0.93022,4,0.089339,31.840513,38.706141,30.092114,0.764209,0.281996,0.332822,6.043,cuda
fbcnn_bicubic,ami,082,back,082_back,2,4,96,bicjpeg75,33.11164,0.854708,31.032847,0.945192,4,0.086111,31.193208,39.195348,29.828913,0.756444,0.253439,0.330834,6.017,cuda
fbcnn_bicubic,ami,082,down,082_down,2,4,96,bicjpeg75,32.033487,0.821511,30.179307,0.93059,4,0.092301,30.255086,37.745507,28.77981,0.770239,0.301457,0.318974,6.05,cuda
fbcnn_bicubic,ami,082,front,082_front,2,4,96,bicjpeg75,32.134084,0.823819,30.329452,0.930922,4,0.098198,30.347259,37.907009,28.74966,0.757892,0.334363,0.340275,6.043,cuda
fbcnn_bicubic,ami,082,left,082_left,2,4,96,bicjpeg75,32.324763,0.832701,30.500816,0.935085,4,0.098457,30.441928,38.212362,28.663997,0.741053,0.309404,0.311109,6.029,cuda
fbcnn_bicubic,ami,082,right,082_right,2,4,96,bicjpeg75,33.063532,0.845317,31.109536,0.936706,4,0.090688,31.04608,38.921008,29.608582,0.746603,0.314952,0.331281,6.052,cuda
fbcnn_bicubic,ami,082,up,082_up,2,4,96,bicjpeg75,32.757174,0.840777,30.822841,0.935163,4,0.094637,30.934593,38.217975,29.273536,0.738903,0.352197,0.346469,6.039,cuda
fbcnn_bicubic,ami,082,zoom,082_zoom,2,4,96,bicjpeg75,33.064492,0.850101,31.038675,0.945254,4,0.089136,31.099135,38.720583,30.839733,0.82288,0.296787,0.311768,6.016,cuda
fbcnn_bicubic,ami,083,back,083_back,4,4,96,bicjpeg75,32.78504,0.821718,30.694049,0.934916,4,0.104142,30.986273,38.26888,30.208082,0.733522,0.26779,0.327969,6.031,cuda
fbcnn_bicubic,ami,083,down,083_down,4,4,96,bicjpeg75,31.765724,0.780014,29.792041,0.91669,4,0.109861,29.987603,37.763001,29.430443,0.715216,0.355835,0.360667,6.028,cuda
fbcnn_bicubic,ami,083,front,083_front,4,4,96,bicjpeg75,32.103994,0.790178,30.080409,0.925371,4,0.102269,30.334613,38.037843,29.883562,0.715226,0.315236,0.350424,6.012,cuda
fbcnn_bicubic,ami,083,left,083_left,4,4,96,bicjpeg75,33.102894,0.835996,31.003567,0.942192,4,0.08873,31.327371,38.542235,30.22255,0.784468,0.338116,0.341003,6.026,cuda
fbcnn_bicubic,ami,083,right,083_right,4,4,96,bicjpeg75,33.38425,0.857505,31.141579,0.946298,4,0.083193,31.500988,38.785829,30.334148,0.752616,0.254403,0.302571,6.024,cuda
fbcnn_bicubic,ami,083,up,083_up,4,4,96,bicjpeg75,32.184776,0.794706,30.060293,0.931822,4,0.092507,30.34447,38.026885,30.12159,0.780585,0.344899,0.352985,6.022,cuda
fbcnn_bicubic,ami,083,zoom,083_zoom,4,4,96,bicjpeg75,33.028642,0.825861,30.779379,0.938559,4,0.090318,31.262573,38.521166,31.549302,0.791382,0.266433,0.360486,6.043,cuda
fbcnn_bicubic,ami,084,back,084_back,3,4,96,bicjpeg75,32.580041,0.809071,30.443193,0.922981,4,0.096835,31.012565,38.026656,29.865859,0.671933,0.316838,0.299149,6.026,cuda
fbcnn_bicubic,ami,084,down,084_down,3,4,96,bicjpeg75,31.65998,0.78915,29.779558,0.908671,4,0.107973,30.169458,37.372463,28.18424,0.645771,0.352284,0.324142,6.032,cuda
fbcnn_bicubic,ami,084,front,084_front,3,4,96,bicjpeg75,31.736545,0.791335,29.839373,0.911508,4,0.110528,30.058595,37.903718,28.584843,0.672214,0.332854,0.318406,6.027,cuda
fbcnn_bicubic,ami,084,left,084_left,3,4,96,bicjpeg75,32.972638,0.823413,31.017848,0.926089,4,0.092291,31.309216,38.666102,29.809228,0.703735,0.318211,0.338624,6.051,cuda
fbcnn_bicubic,ami,084,right,084_right,3,4,96,bicjpeg75,32.856591,0.826531,30.683717,0.932203,4,0.091829,31.245948,38.387522,30.205443,0.722554,0.268611,0.284774,6.04,cuda
fbcnn_bicubic,ami,084,up,084_up,3,4,96,bicjpeg75,31.460474,0.787529,29.540615,0.914208,4,0.109682,29.789781,37.035695,29.731151,0.725148,0.327577,0.328503,6.028,cuda
fbcnn_bicubic,ami,084,zoom,084_zoom,3,4,96,bicjpeg75,32.576716,0.827931,30.370891,0.930682,4,0.095025,30.922505,37.982693,30.328493,0.801301,0.333021,0.337663,6.053,cuda
fbcnn_bicubic,ami,085,back,085_back,4,4,96,bicjpeg75,34.920303,0.875702,32.560684,0.948157,4,0.077819,33.29661,40.479929,30.931626,0.69577,0.259075,0.305826,6.019,cuda
fbcnn_bicubic,ami,085,down,085_down,4,4,96,bicjpeg75,33.72604,0.848109,31.830636,0.933741,4,0.082431,32.25135,39.303897,29.790622,0.679575,0.323969,0.342599,6.036,cuda
fbcnn_bicubic,ami,085,front,085_front,4,4,96,bicjpeg75,34.082133,0.856002,32.173499,0.937191,4,0.092296,32.609362,39.482941,30.253241,0.681837,0.306045,0.322974,6.02,cuda
fbcnn_bicubic,ami,085,left,085_left,4,4,96,bicjpeg75,34.601079,0.861623,32.544493,0.943897,4,0.077635,33.063112,40.229508,31.06589,0.722938,0.300473,0.322692,6.041,cuda
fbcnn_bicubic,ami,085,right,085_right,4,4,96,bicjpeg75,33.538512,0.851169,31.508162,0.939581,4,0.093909,31.83542,39.289772,29.905483,0.757008,0.303735,0.314318,6.056,cuda
fbcnn_bicubic,ami,085,up,085_up,4,4,96,bicjpeg75,33.558769,0.842796,31.558877,0.93333,4,0.086032,32.306754,39.11462,30.155717,0.68218,0.305671,0.332555,6.04,cuda
fbcnn_bicubic,ami,085,zoom,085_zoom,4,4,96,bicjpeg75,34.17766,0.859887,32.118208,0.936645,4,0.077049,33.089954,39.441255,30.661045,0.715778,0.287942,0.335894,6.036,cuda
fbcnn_bicubic,ami,086,back,086_back,5,4,96,bicjpeg75,32.761149,0.832161,30.602499,0.933292,4,0.091564,31.276744,38.193836,29.700718,0.753719,0.244409,0.289955,6.04,cuda
fbcnn_bicubic,ami,086,down,086_down,5,4,96,bicjpeg75,32.086405,0.80264,29.971142,0.910332,4,0.117323,30.441644,37.80021,28.896068,0.722049,0.362938,0.311702,6.037,cuda
fbcnn_bicubic,ami,086,front,086_front,5,4,96,bicjpeg75,31.941324,0.808874,29.928717,0.918487,4,0.105068,30.253698,37.879899,28.835925,0.74684,0.313219,0.346007,6.055,cuda
fbcnn_bicubic,ami,086,left,086_left,5,4,96,bicjpeg75,32.836998,0.826894,30.676639,0.924689,4,0.093031,31.40927,38.302335,29.880901,0.727742,0.310483,0.342601,6.016,cuda
fbcnn_bicubic,ami,086,right,086_right,5,4,96,bicjpeg75,33.287794,0.842011,31.090584,0.929998,4,0.095479,31.633698,38.892204,31.021334,0.763219,0.243923,0.322694,6.028,cuda
fbcnn_bicubic,ami,086,up,086_up,5,4,96,bicjpeg75,32.463548,0.817193,30.291809,0.929038,4,0.091868,30.79172,38.080308,30.131448,0.744972,0.308951,0.306097,6.023,cuda
fbcnn_bicubic,ami,086,zoom,086_zoom,5,4,96,bicjpeg75,32.004141,0.806979,29.872606,0.907018,4,0.110979,30.534554,37.064457,30.556088,0.791835,0.321429,0.322218,6.021,cuda
fbcnn_bicubic,ami,087,back,087_back,4,4,96,bicjpeg75,32.607635,0.816691,30.600111,0.924628,4,0.0981,30.789772,38.457827,29.664823,0.715315,0.281978,0.292394,6.048,cuda
fbcnn_bicubic,ami,087,down,087_down,4,4,96,bicjpeg75,32.851003,0.843251,30.814267,0.939111,4,0.095761,31.179509,38.541583,30.246231,0.801152,0.264597,0.292835,6.045,cuda
fbcnn_bicubic,ami,087,front,087_front,4,4,96,bicjpeg75,32.733329,0.839727,30.764578,0.92718,4,0.098006,31.314862,38.215452,29.375105,0.760077,0.252577,0.299157,6.055,cuda
fbcnn_bicubic,ami,087,left,087_left,4,4,96,bicjpeg75,33.03241,0.834051,31.109842,0.927952,4,0.093723,31.659749,38.418811,30.260926,0.783251,0.272275,0.328871,6.039,cuda
fbcnn_bicubic,ami,087,right,087_right,4,4,96,bicjpeg75,33.15011,0.859459,31.08109,0.939082,4,0.099584,31.265896,38.519728,29.949657,0.756536,0.23308,0.288913,6.03,cuda
fbcnn_bicubic,ami,087,up,087_up,4,4,96,bicjpeg75,32.383605,0.837621,30.412453,0.933951,4,0.096336,31.005881,37.930897,29.722099,0.710813,0.285315,0.304146,6.054,cuda
fbcnn_bicubic,ami,087,zoom,087_zoom,4,4,96,bicjpeg75,33.241896,0.856584,31.01861,0.934271,4,0.089489,31.909501,37.870419,31.191878,0.801139,0.242013,0.315393,6.033,cuda
fbcnn_bicubic,ami,088,back,088_back,1,4,96,bicjpeg75,31.629156,0.799852,29.779173,0.919491,4,0.095699,29.914873,37.596287,30.875977,0.766174,0.284903,0.287472,6.052,cuda
fbcnn_bicubic,ami,088,down,088_down,1,4,96,bicjpeg75,32.702519,0.83941,30.710646,0.931,4,0.096779,31.02367,38.241786,31.077591,0.805973,0.279713,0.317839,6.028,cuda
fbcnn_bicubic,ami,088,front,088_front,1,4,96,bicjpeg75,32.72604,0.842722,30.661168,0.93629,4,0.087498,31.020141,38.376511,31.217261,0.78121,0.299773,0.317523,6.041,cuda
fbcnn_bicubic,ami,088,left,088_left,1,4,96,bicjpeg75,33.327927,0.853411,31.370168,0.931798,4,0.091207,31.83334,38.715418,30.265144,0.733676,0.283988,0.345032,6.021,cuda
fbcnn_bicubic,ami,088,right,088_right,1,4,96,bicjpeg75,32.807516,0.850333,30.680167,0.937071,4,0.099979,31.073417,38.010785,31.223234,0.797119,0.259981,0.320245,6.039,cuda
fbcnn_bicubic,ami,088,up,088_up,1,4,96,bicjpeg75,32.4777,0.84157,30.421918,0.936724,4,0.087521,30.859226,37.932843,30.196325,0.76642,0.295493,0.286166,6.038,cuda
fbcnn_bicubic,ami,088,zoom,088_zoom,1,4,96,bicjpeg75,32.857899,0.851001,30.629992,0.936626,4,0.090982,31.299328,37.888899,32.207769,0.835244,0.298662,0.329124,6.044,cuda
fbcnn_bicubic,ami,089,back,089_back,1,4,96,bicjpeg75,32.68625,0.856206,30.737754,0.940595,4,0.087926,31.279456,37.838844,28.890285,0.741934,0.245838,0.30047,6.048,cuda
fbcnn_bicubic,ami,089,down,089_down,1,4,96,bicjpeg75,32.76963,0.837874,30.837411,0.935426,4,0.089524,31.421328,37.876283,29.976464,0.777041,0.30939,0.316799,6.029,cuda
fbcnn_bicubic,ami,089,front,089_front,1,4,96,bicjpeg75,32.286585,0.826167,30.430257,0.927634,4,0.098949,30.931604,37.445078,29.806865,0.733915,0.313979,0.310319,6.04,cuda
fbcnn_bicubic,ami,089,left,089_left,1,4,96,bicjpeg75,32.549105,0.828453,30.706611,0.927548,4,0.093169,31.349176,37.515164,29.972289,0.748577,0.317565,0.316059,6.017,cuda
fbcnn_bicubic,ami,089,right,089_right,1,4,96,bicjpeg75,33.032597,0.847332,30.897391,0.938416,4,0.087385,31.321535,38.321233,30.412338,0.757659,0.258465,0.316116,6.055,cuda
fbcnn_bicubic,ami,089,up,089_up,1,4,96,bicjpeg75,32.819479,0.838985,30.617643,0.940119,4,0.08484,31.567574,37.742621,30.643711,0.757334,0.305431,0.310341,6.036,cuda
fbcnn_bicubic,ami,089,zoom,089_zoom,1,4,96,bicjpeg75,32.869039,0.847264,30.832591,0.934488,4,0.091569,31.720623,37.453035,31.195144,0.806181,0.313795,0.308027,6.04,cuda
fbcnn_bicubic,ami,090,back,090_back,1,4,96,bicjpeg75,30.944486,0.821062,29.046249,0.923629,4,0.113788,28.767298,37.014448,27.848699,0.706191,0.254603,0.318725,6.031,cuda
fbcnn_bicubic,ami,090,down,090_down,1,4,96,bicjpeg75,31.146479,0.824296,29.197481,0.928726,4,0.098672,29.012773,37.399505,28.124827,0.792816,0.30342,0.320523,6.025,cuda
fbcnn_bicubic,ami,090,front,090_front,1,4,96,bicjpeg75,30.903786,0.820704,29.029164,0.925697,4,0.09522,29.019145,36.838554,29.068274,0.757757,0.317397,0.321229,6.021,cuda
fbcnn_bicubic,ami,090,left,090_left,1,4,96,bicjpeg75,31.057826,0.83227,29.215584,0.93415,4,0.096167,29.00711,37.080259,28.74576,0.719344,0.291804,0.323334,6.023,cuda
fbcnn_bicubic,ami,090,right,090_right,1,4,96,bicjpeg75,31.499719,0.828184,29.502234,0.929678,4,0.107888,29.352701,37.812426,27.966071,0.729928,0.295641,0.325512,6.027,cuda
fbcnn_bicubic,ami,090,up,090_up,1,4,96,bicjpeg75,31.008106,0.821305,29.072433,0.927558,4,0.101821,28.984727,37.060859,29.542537,0.748079,0.338106,0.327601,6.027,cuda
fbcnn_bicubic,ami,090,zoom,090_zoom,1,4,96,bicjpeg75,31.289517,0.839303,29.245237,0.934398,4,0.093674,29.409036,36.923075,31.496617,0.817526,0.266993,0.306753,6.056,cuda
fbcnn_bicubic,ami,091,back,091_back,4,4,96,bicjpeg75,30.857085,0.775313,29.007104,0.919081,4,0.110281,28.70001,37.894619,29.265215,0.756408,0.324184,0.304374,6.059,cuda
fbcnn_bicubic,ami,091,down,091_down,4,4,96,bicjpeg75,30.955995,0.78126,29.161345,0.923606,4,0.112036,28.841107,37.156934,29.545574,0.786652,0.313815,0.328943,6.028,cuda
fbcnn_bicubic,ami,091,front,091_front,4,4,96,bicjpeg75,31.152949,0.777473,29.269657,0.924493,4,0.106618,29.163147,37.72545,30.220879,0.803704,0.302255,0.321897,6.047,cuda
fbcnn_bicubic,ami,091,left,091_left,4,4,96,bicjpeg75,32.215283,0.818993,30.365025,0.932931,4,0.095246,30.293576,38.178131,29.59557,0.753093,0.31937,0.316996,6.051,cuda
fbcnn_bicubic,ami,091,right,091_right,4,4,96,bicjpeg75,31.98256,0.817601,30.067641,0.932377,4,0.106774,29.89723,37.655402,29.121318,0.727886,0.313907,0.338672,6.036,cuda
fbcnn_bicubic,ami,091,up,091_up,4,4,96,bicjpeg75,31.165156,0.780441,29.407552,0.921835,4,0.098715,29.319995,37.329017,29.282708,0.750584,0.338494,0.317605,6.048,cuda
fbcnn_bicubic,ami,091,zoom,091_zoom,4,4,96,bicjpeg75,31.969392,0.812752,29.916901,0.938243,4,0.092254,30.076468,38.256297,31.78424,0.856491,0.299464,0.316463,6.013,cuda
fbcnn_bicubic,ami,092,back,092_back,3,4,96,bicjpeg75,31.349155,0.763964,29.048104,0.910447,4,0.112099,29.455168,37.282783,30.289832,0.730183,0.344608,0.366146,6.035,cuda
fbcnn_bicubic,ami,092,down,092_down,3,4,96,bicjpeg75,31.548983,0.757303,29.251157,0.904905,4,0.110498,29.945453,37.629327,30.204906,0.777973,0.360694,0.368156,6.062,cuda
fbcnn_bicubic,ami,092,front,092_front,3,4,96,bicjpeg75,31.406373,0.760293,29.015752,0.907024,4,0.105232,29.713905,37.544132,29.284711,0.705628,0.368442,0.336897,6.011,cuda
fbcnn_bicubic,ami,092,left,092_left,3,4,96,bicjpeg75,33.079204,0.807143,30.710019,0.920823,4,0.092611,31.656153,38.811955,30.607653,0.740888,0.359218,0.37474,6.025,cuda
fbcnn_bicubic,ami,092,right,092_right,3,4,96,bicjpeg75,31.93085,0.767316,29.520068,0.911556,4,0.103659,30.279664,37.857479,29.967048,0.742238,0.356072,0.341749,6.047,cuda
fbcnn_bicubic,ami,092,up,092_up,3,4,96,bicjpeg75,31.471622,0.759578,28.830793,0.90216,4,0.112767,29.688117,37.197495,29.678343,0.695986,0.406137,0.364954,6.011,cuda
fbcnn_bicubic,ami,092,zoom,092_zoom,3,4,96,bicjpeg75,32.448671,0.805948,29.491126,0.921221,4,0.094649,30.972225,37.566879,30.514186,0.738994,0.344725,0.36392,6.019,cuda
fbcnn_bicubic,ami,093,back,093_back,4,4,96,bicjpeg75,31.599931,0.792306,29.740274,0.91839,4,0.104122,29.930629,37.55664,30.09901,0.67571,0.285935,0.334364,6.021,cuda
fbcnn_bicubic,ami,093,down,093_down,4,4,96,bicjpeg75,32.451141,0.826626,30.549842,0.931245,4,0.090199,31.29363,37.839428,29.667142,0.749327,0.276129,0.32047,6.06,cuda
fbcnn_bicubic,ami,093,front,093_front,4,4,96,bicjpeg75,32.065057,0.815841,30.173785,0.927623,4,0.101398,30.752507,37.534475,30.27435,0.743877,0.316891,0.309309,6.019,cuda
fbcnn_bicubic,ami,093,left,093_left,4,4,96,bicjpeg75,33.286427,0.845078,31.339154,0.936457,4,0.086502,31.891014,39.052341,30.94352,0.687326,0.304601,0.353135,6.03,cuda
fbcnn_bicubic,ami,093,right,093_right,4,4,96,bicjpeg75,32.238049,0.817494,30.277745,0.927999,4,0.093442,30.722049,37.96302,30.676964,0.76017,0.338225,0.30392,6.035,cuda
fbcnn_bicubic,ami,093,up,093_up,4,4,96,bicjpeg75,31.570794,0.802092,29.663971,0.928495,4,0.099198,30.067125,37.436023,30.592422,0.753062,0.301348,0.318129,6.032,cuda
fbcnn_bicubic,ami,093,zoom,093_zoom,4,4,96,bicjpeg75,32.441251,0.835842,30.440521,0.936112,4,0.092372,31.197835,37.674605,31.995151,0.79142,0.313379,0.327382,6.062,cuda
fbcnn_bicubic,ami,094,back,094_back,3,4,96,bicjpeg75,31.247836,0.806506,29.205246,0.924325,4,0.106129,29.000348,37.83194,29.766778,0.711051,0.315487,0.325377,6.041,cuda
fbcnn_bicubic,ami,094,down,094_down,3,4,96,bicjpeg75,32.87942,0.844617,30.809304,0.940495,4,0.086407,31.373985,38.346255,30.97742,0.819172,0.237051,0.290982,6.054,cuda
fbcnn_bicubic,ami,094,front,094_front,3,4,96,bicjpeg75,33.29846,0.854753,31.000652,0.940038,4,0.079648,31.942384,38.721707,30.695757,0.789413,0.241489,0.289533,6.037,cuda
fbcnn_bicubic,ami,094,left,094_left,3,4,96,bicjpeg75,32.85631,0.836141,30.847609,0.930207,4,0.090371,31.710358,37.983883,29.799328,0.742288,0.26982,0.311939,6.044,cuda
fbcnn_bicubic,ami,094,right,094_right,3,4,96,bicjpeg75,31.941822,0.82143,29.903753,0.933719,4,0.105812,30.118828,37.953954,30.40225,0.749312,0.248428,0.310437,6.055,cuda
fbcnn_bicubic,ami,094,up,094_up,3,4,96,bicjpeg75,32.459658,0.832112,30.388676,0.933425,4,0.087798,30.955808,37.808796,30.408638,0.7477,0.271452,0.300248,6.036,cuda
fbcnn_bicubic,ami,094,zoom,094_zoom,3,4,96,bicjpeg75,32.514413,0.835715,30.357239,0.934536,4,0.091685,30.999096,37.804162,31.830141,0.793302,0.270473,0.298744,6.037,cuda
fbcnn_bicubic,ami,095,back,095_back,3,4,96,bicjpeg75,32.578303,0.84751,30.749851,0.944446,4,0.089534,30.891075,38.188153,28.502687,0.678727,0.265723,0.297739,6.046,cuda
fbcnn_bicubic,ami,095,down,095_down,3,4,96,bicjpeg75,32.288315,0.823347,30.449773,0.924765,4,0.106292,30.323724,38.357878,28.610962,0.610517,0.316019,0.312116,6.013,cuda
fbcnn_bicubic,ami,095,front,095_front,3,4,96,bicjpeg75,32.005915,0.821085,30.213176,0.925033,4,0.103284,30.165922,37.896655,28.374962,0.640196,0.314388,0.302089,6.042,cuda
fbcnn_bicubic,ami,095,left,095_left,3,4,96,bicjpeg75,32.475373,0.829243,30.759511,0.932827,4,0.095063,30.579106,38.608416,28.905944,0.669597,0.312393,0.291541,6.044,cuda
fbcnn_bicubic,ami,095,right,095_right,3,4,96,bicjpeg75,32.237757,0.852077,30.185609,0.945775,4,0.102378,30.012403,38.110509,28.591984,0.715872,0.261405,0.302188,6.017,cuda
fbcnn_bicubic,ami,095,up,095_up,3,4,96,bicjpeg75,31.856341,0.816838,29.941672,0.92894,4,0.106026,29.989519,37.921851,28.725048,0.692335,0.305504,0.30098,6.028,cuda
fbcnn_bicubic,ami,095,zoom,095_zoom,3,4,96,bicjpeg75,32.061981,0.818089,30.136978,0.920647,4,0.111828,30.278885,37.559061,29.018723,0.637848,0.295038,0.315563,6.043,cuda
fbcnn_bicubic,ami,096,back,096_back,5,4,96,bicjpeg75,31.72258,0.806196,29.530232,0.936255,4,0.094768,29.720087,37.965639,30.596232,0.737074,0.338534,0.320388,6.03,cuda
fbcnn_bicubic,ami,096,down,096_down,5,4,96,bicjpeg75,31.324139,0.811278,29.142632,0.934269,4,0.091086,29.654252,37.342181,29.594942,0.761973,0.381951,0.327862,6.043,cuda
fbcnn_bicubic,ami,096,front,096_front,5,4,96,bicjpeg75,30.806619,0.8015,28.667137,0.931902,4,0.102069,28.634039,37.242117,30.558033,0.736431,0.353166,0.294901,6.007,cuda
fbcnn_bicubic,ami,096,left,096_left,5,4,96,bicjpeg75,32.393796,0.82391,30.21387,0.93457,4,0.084464,30.888652,38.01595,29.63147,0.695806,0.360467,0.312867,6.027,cuda
fbcnn_bicubic,ami,096,right,096_right,5,4,96,bicjpeg75,31.733728,0.812322,29.577603,0.941591,4,0.098019,30.010881,38.007852,30.937585,0.774772,0.333362,0.307654,6.023,cuda
fbcnn_bicubic,ami,096,up,096_up,5,4,96,bicjpeg75,31.129688,0.797706,28.951131,0.935939,4,0.090321,29.407519,37.470772,30.610333,0.76495,0.325523,0.314469,6.024,cuda
fbcnn_bicubic,ami,096,zoom,096_zoom,5,4,96,bicjpeg75,31.924711,0.818641,29.601871,0.935939,4,0.09637,30.301756,37.965944,31.433913,0.769276,0.342978,0.319419,6.034,cuda
fbcnn_bicubic,ami,097,back,097_back,4,4,96,bicjpeg75,32.947352,0.835853,30.788496,0.933072,4,0.09244,30.902165,39.329148,29.757956,0.709728,0.298221,0.318395,6.03,cuda
fbcnn_bicubic,ami,097,down,097_down,4,4,96,bicjpeg75,32.468154,0.828941,30.44898,0.929399,4,0.09554,30.465251,38.656707,29.374177,0.800271,0.298328,0.337305,6.041,cuda
fbcnn_bicubic,ami,097,front,097_front,4,4,96,bicjpeg75,32.504248,0.827683,30.596001,0.931872,4,0.096747,30.597015,38.740363,29.896814,0.742982,0.303317,0.324866,6.038,cuda
fbcnn_bicubic,ami,097,left,097_left,4,4,96,bicjpeg75,33.073097,0.846465,31.182428,0.940134,4,0.090706,31.531317,38.792023,29.437717,0.756496,0.305146,0.336621,6.01,cuda
fbcnn_bicubic,ami,097,right,097_right,4,4,96,bicjpeg75,32.321776,0.830205,30.468761,0.928527,4,0.104963,30.306382,38.171302,30.498796,0.744769,0.329007,0.337595,6.055,cuda
fbcnn_bicubic,ami,097,up,097_up,4,4,96,bicjpeg75,32.843738,0.835851,30.838976,0.936666,4,0.089561,30.93549,38.960757,30.241783,0.750924,0.301452,0.327135,6.024,cuda
fbcnn_bicubic,ami,097,zoom,097_zoom,4,4,96,bicjpeg75,32.749451,0.834083,30.615509,0.932726,4,0.095668,30.815603,38.540021,31.171414,0.773186,0.30426,0.341928,6.058,cuda
fbcnn_bicubic,ami,098,back,098_back,2,4,96,bicjpeg75,33.044649,0.835978,30.767553,0.938463,4,0.088084,31.336298,38.783514,30.05301,0.719596,0.261295,0.315378,6.031,cuda
fbcnn_bicubic,ami,098,down,098_down,2,4,96,bicjpeg75,32.983086,0.834974,30.664293,0.926689,4,0.088928,31.33709,38.915546,28.887053,0.705079,0.300819,0.315521,6.038,cuda
fbcnn_bicubic,ami,098,front,098_front,2,4,96,bicjpeg75,32.913761,0.833793,30.649729,0.923595,4,0.08868,31.277376,38.403424,29.204296,0.694406,0.313237,0.303207,6.049,cuda
fbcnn_bicubic,ami,098,left,098_left,2,4,96,bicjpeg75,34.184353,0.864147,32.002257,0.933478,4,0.085631,32.737724,39.616912,29.651736,0.663462,0.345538,0.355832,6.019,cuda
fbcnn_bicubic,ami,098,right,098_right,2,4,96,bicjpeg75,33.366148,0.855224,30.859934,0.942507,4,0.089196,31.430987,38.925379,30.654981,0.74865,0.308255,0.326168,6.023,cuda
fbcnn_bicubic,ami,098,up,098_up,2,4,96,bicjpeg75,32.740468,0.824503,30.419871,0.932727,4,0.085846,31.112126,38.674165,29.75163,0.730764,0.326006,0.315056,6.048,cuda
fbcnn_bicubic,ami,098,zoom,098_zoom,2,4,96,bicjpeg75,32.903138,0.833282,30.535185,0.919973,4,0.09304,31.357163,38.233741,29.785694,0.758219,0.30989,0.329884,6.041,cuda
fbcnn_bicubic,ami,099,back,099_back,1,4,96,bicjpeg75,32.102136,0.824138,30.081029,0.928859,4,0.089458,30.395439,37.988165,30.641979,0.761892,0.263888,0.306761,6.026,cuda
fbcnn_bicubic,ami,099,down,099_down,1,4,96,bicjpeg75,32.60947,0.828052,30.619646,0.932014,4,0.091237,30.819757,38.625767,30.885766,0.818848,0.272856,0.311172,6.04,cuda
fbcnn_bicubic,ami,099,front,099_front,1,4,96,bicjpeg75,32.122255,0.811152,30.087964,0.929508,4,0.094809,30.399176,38.19151,30.852898,0.786507,0.295025,0.311635,6.046,cuda
fbcnn_bicubic,ami,099,left,099_left,1,4,96,bicjpeg75,33.020153,0.841333,30.948637,0.9398,4,0.084388,31.344376,38.610585,30.567765,0.77065,0.258955,0.283049,6.042,cuda
fbcnn_bicubic,ami,099,right,099_right,1,4,96,bicjpeg75,31.991925,0.809261,29.946777,0.921658,4,0.109041,30.066201,37.999636,30.726144,0.759211,0.281671,0.303385,6.013,cuda
fbcnn_bicubic,ami,099,up,099_up,1,4,96,bicjpeg75,32.24326,0.815346,30.26012,0.927913,4,0.094488,30.749358,37.616187,31.145581,0.75238,0.291607,0.322995,6.03,cuda
fbcnn_bicubic,ami,099,zoom,099_zoom,1,4,96,bicjpeg75,32.653672,0.829326,30.487375,0.931969,4,0.087505,31.160211,37.831718,31.99258,0.799183,0.301539,0.338011,6.047,cuda
fbcnn_bicubic,ami,100,back,100_back,1,4,96,bicjpeg75,32.819702,0.785041,30.298274,0.91779,4,0.094902,31.171591,38.810985,31.632428,0.75407,0.358561,0.352463,6.027,cuda
fbcnn_bicubic,ami,100,down,100_down,1,4,96,bicjpeg75,32.02104,0.775813,29.785802,0.911317,4,0.101488,30.262023,38.108975,30.336877,0.781506,0.335823,0.350792,6.021,cuda
fbcnn_bicubic,ami,100,front,100_front,1,4,96,bicjpeg75,32.381897,0.783618,30.007808,0.916336,4,0.094532,30.648819,38.687681,31.098345,0.797463,0.346292,0.368303,6.08,cuda
fbcnn_bicubic,ami,100,left,100_left,1,4,96,bicjpeg75,33.081751,0.794436,30.808304,0.916978,4,0.086983,31.752365,38.830926,30.600529,0.758534,0.33922,0.333518,6.042,cuda
fbcnn_bicubic,ami,100,right,100_right,1,4,96,bicjpeg75,32.232944,0.775516,30.060177,0.914699,4,0.095606,30.46084,38.520914,30.915935,0.769246,0.340344,0.334064,6.005,cuda
fbcnn_bicubic,ami,100,up,100_up,1,4,96,bicjpeg75,32.082785,0.770466,29.800218,0.906224,4,0.092304,30.373565,37.818131,30.656771,0.748718,0.386099,0.350754,6.027,cuda
fbcnn_bicubic,ami,100,zoom,100_zoom,1,4,96,bicjpeg75,32.090779,0.786226,29.550416,0.924457,4,0.100341,30.353589,38.261918,32.277199,0.804156,0.326912,0.364083,6.027,cuda
fbcnn_bicubic,ami,101,back,101_back,1,4,96,bicjpeg75,32.685428,0.830203,30.621913,0.934435,4,0.086364,30.746436,38.770997,30.344726,0.751584,0.280847,0.310623,6.036,cuda
fbcnn_bicubic,ami,101,down,101_down,1,4,96,bicjpeg75,32.822899,0.838704,30.866736,0.932109,4,0.08747,30.938144,38.858666,29.606959,0.799077,0.282992,0.327709,6.031,cuda
fbcnn_bicubic,ami,101,front,101_front,1,4,96,bicjpeg75,32.925424,0.835666,30.948954,0.929855,4,0.092238,30.98356,38.57155,30.012215,0.765347,0.27141,0.301183,6.054,cuda
fbcnn_bicubic,ami,101,left,101_left,1,4,96,bicjpeg75,32.889719,0.827586,31.087087,0.920696,4,0.105491,31.229512,38.274759,29.021676,0.673466,0.312914,0.344079,6.019,cuda
fbcnn_bicubic,ami,101,right,101_right,1,4,96,bicjpeg75,32.307896,0.825421,30.337287,0.929686,4,0.102253,30.35682,38.203106,30.538032,0.761578,0.282973,0.324799,6.013,cuda
fbcnn_bicubic,ami,101,up,101_up,1,4,96,bicjpeg75,32.266759,0.825075,30.222212,0.928523,4,0.095422,30.532837,37.925829,30.567761,0.750546,0.309055,0.315003,6.045,cuda
fbcnn_bicubic,ami,101,zoom,101_zoom,1,4,96,bicjpeg75,32.795,0.833512,30.653203,0.925428,4,0.097535,31.029614,37.997084,31.371761,0.784131,0.288258,0.33135,6.032,cuda
fbcnn_bicubic,ami,102,back,102_back,1,4,96,bicjpeg75,32.185093,0.814773,29.942926,0.936027,4,0.090702,30.789031,37.723527,30.028925,0.728514,0.331165,0.345897,6.027,cuda
fbcnn_bicubic,ami,102,down,102_down,1,4,96,bicjpeg75,31.731603,0.787064,29.780109,0.919048,4,0.109571,30.37296,37.194825,29.452077,0.717302,0.363808,0.328789,6.03,cuda
fbcnn_bicubic,ami,102,front,102_front,1,4,96,bicjpeg75,32.159231,0.804763,30.152262,0.929254,4,0.104487,30.720492,37.693548,30.360022,0.761896,0.359146,0.336323,6.027,cuda
fbcnn_bicubic,ami,102,left,102_left,1,4,96,bicjpeg75,32.764047,0.814215,30.639781,0.934095,4,0.096703,31.316016,38.25135,30.871752,0.736433,0.367126,0.35931,6.059,cuda
fbcnn_bicubic,ami,102,right,102_right,1,4,96,bicjpeg75,31.507453,0.780693,29.546267,0.930656,4,0.104975,29.820234,37.563739,30.497843,0.784175,0.351437,0.336262,6.058,cuda
fbcnn_bicubic,ami,102,up,102_up,1,4,96,bicjpeg75,31.598673,0.783782,29.582024,0.928856,4,0.109551,29.945744,37.57335,31.053975,0.761219,0.395223,0.356244,6.025,cuda
fbcnn_bicubic,ami,102,zoom,102_zoom,1,4,96,bicjpeg75,32.433536,0.819855,30.205013,0.934063,4,0.093717,31.195566,37.392335,32.28402,0.810916,0.350652,0.339576,6.034,cuda
fbcnn_bicubic,ami,103,back,103_back,2,4,96,bicjpeg75,32.740906,0.831537,30.642919,0.934352,4,0.085223,30.644991,38.623429,30.100383,0.738686,0.278783,0.316903,6.035,cuda
fbcnn_bicubic,ami,103,down,103_down,2,4,96,bicjpeg75,33.120785,0.856424,31.098424,0.939208,4,0.090438,31.228302,38.50464,30.421145,0.777741,0.273531,0.308149,6.004,cuda
fbcnn_bicubic,ami,103,front,103_front,2,4,96,bicjpeg75,32.96598,0.853188,30.840173,0.944133,4,0.086759,30.976281,38.448361,30.140642,0.772137,0.289754,0.327568,6.013,cuda
fbcnn_bicubic,ami,103,left,103_left,2,4,96,bicjpeg75,34.229086,0.878153,32.2112,0.948799,4,0.078844,32.636659,39.43767,29.987515,0.736292,0.220774,0.290473,6.049,cuda
fbcnn_bicubic,ami,103,right,103_right,2,4,96,bicjpeg75,33.359904,0.858054,31.226873,0.939875,4,0.09565,31.320841,38.669712,30.686815,0.762815,0.264375,0.30084,6.025,cuda
fbcnn_bicubic,ami,103,up,103_up,2,4,96,bicjpeg75,32.554111,0.840866,30.536012,0.940441,4,0.09716,30.537842,38.46395,29.843474,0.742932,0.279274,0.301532,6.04,cuda
fbcnn_bicubic,ami,103,zoom,103_zoom,2,4,96,bicjpeg75,33.066835,0.858169,30.887269,0.943649,4,0.090567,31.280098,38.614241,30.884715,0.781881,0.245994,0.317185,6.009,cuda
fbcnn_bicubic,ami,104,back,104_back,4,4,96,bicjpeg75,30.855589,0.813469,28.692084,0.921194,4,0.104021,28.561327,37.929825,29.271052,0.73109,0.311808,0.301555,6.028,cuda
fbcnn_bicubic,ami,104,down,104_down,4,4,96,bicjpeg75,32.005133,0.819658,29.78325,0.924671,4,0.101857,29.593292,38.860339,29.273465,0.823468,0.349595,0.318405,6.029,cuda
fbcnn_bicubic,ami,104,front,104_front,4,4,96,bicjpeg75,31.86427,0.805445,29.709406,0.91264,4,0.11079,29.646205,37.760425,29.783608,0.769438,0.319706,0.32462,6.051,cuda
fbcnn_bicubic,ami,104,left,104_left,4,4,96,bicjpeg75,32.13476,0.813323,30.119463,0.925241,4,0.100789,30.063987,38.829807,28.995178,0.741216,0.36759,0.334127,6.054,cuda
fbcnn_bicubic,ami,104,right,104_right,4,4,96,bicjpeg75,31.560252,0.824264,29.401406,0.923496,4,0.102915,29.288779,38.00326,29.836299,0.732789,0.340711,0.310385,6.051,cuda
fbcnn_bicubic,ami,104,up,104_up,4,4,96,bicjpeg75,31.315084,0.781726,29.204142,0.903634,4,0.10502,29.232566,37.342272,29.10307,0.719843,0.348992,0.344088,6.021,cuda
fbcnn_bicubic,ami,104,zoom,104_zoom,4,4,96,bicjpeg75,31.584329,0.804007,29.463074,0.906022,4,0.110731,29.334195,37.723125,30.497249,0.788019,0.351854,0.332025,6.034,cuda
fbcnn_bicubic,ami,105,back,105_back,5,4,96,bicjpeg75,32.496352,0.816603,30.10201,0.938305,4,0.089714,30.759594,38.490973,31.112441,0.77905,0.296867,0.294029,6.024,cuda
fbcnn_bicubic,ami,105,down,105_down,5,4,96,bicjpeg75,32.083439,0.809728,29.822885,0.927276,4,0.098517,30.406816,37.997242,31.901804,0.801771,0.310963,0.291868,6.041,cuda
fbcnn_bicubic,ami,105,front,105_front,5,4,96,bicjpeg75,31.900865,0.803877,29.570783,0.931563,4,0.103712,30.060477,37.83874,31.551088,0.78148,0.318163,0.313069,6.033,cuda
fbcnn_bicubic,ami,105,left,105_left,5,4,96,bicjpeg75,32.682053,0.821812,30.354905,0.933506,4,0.084969,31.153384,38.52334,31.639127,0.786992,0.312251,0.301238,6.059,cuda
fbcnn_bicubic,ami,105,right,105_right,5,4,96,bicjpeg75,31.958797,0.812585,29.913803,0.93122,4,0.101724,30.011539,37.723534,29.993286,0.722068,0.297223,0.290186,6.033,cuda
fbcnn_bicubic,ami,105,up,105_up,5,4,96,bicjpeg75,31.27484,0.78821,29.059025,0.927436,4,0.10128,29.548984,37.413396,31.112267,0.744375,0.336101,0.336025,6.039,cuda
fbcnn_bicubic,ami,105,zoom,105_zoom,5,4,96,bicjpeg75,32.064309,0.814468,29.660023,0.934166,4,0.103316,30.369128,37.968776,32.341452,0.788075,0.308578,0.31643,6.031,cuda
fbcnn_bicubic,ami,106,back,106_back,3,4,96,bicjpeg75,31.94288,0.777614,29.642544,0.909242,4,0.108953,30.210998,37.705749,30.881754,0.714002,0.386286,0.342635,6.036,cuda
fbcnn_bicubic,ami,106,down,106_down,3,4,96,bicjpeg75,31.954549,0.78796,29.473048,0.914063,4,0.107234,30.342113,37.863358,30.834123,0.782314,0.364776,0.398766,6.039,cuda
fbcnn_bicubic,ami,106,front,106_front,3,4,96,bicjpeg75,32.339415,0.795631,29.863778,0.917542,4,0.097565,30.664139,37.893255,31.47035,0.756572,0.358389,0.393526,6.042,cuda
fbcnn_bicubic,ami,106,left,106_left,3,4,96,bicjpeg75,32.425397,0.801396,30.118433,0.918693,4,0.101642,30.811519,38.18338,30.575221,0.713083,0.346207,0.383891,6.016,cuda
fbcnn_bicubic,ami,106,right,106_right,3,4,96,bicjpeg75,31.8133,0.751926,29.34937,0.892891,4,0.117736,30.101822,37.670047,30.824991,0.714105,0.383968,0.367744,6.045,cuda
fbcnn_bicubic,ami,106,up,106_up,3,4,96,bicjpeg75,32.81272,0.805886,30.256016,0.927383,4,0.092671,31.070512,38.605239,31.160166,0.769768,0.36065,0.355823,6.064,cuda
fbcnn_bicubic,ami,106,zoom,106_zoom,3,4,96,bicjpeg75,32.600611,0.820039,29.934216,0.921312,4,0.097781,31.160171,37.688428,31.58421,0.762768,0.342021,0.376646,6.04,cuda
