model,dataset,subject,view,key,fold,scale,tier,degrade,psnr_y,ssim_y,psnr_rgb,ms_ssim_y,ms_ssim_scales,gmsd,grad_psnr,lr_psnr_y,psnr_y_c,ssim_y_c,lpips,dists,host_ms,device
fbcnn_bicubic,ami,000,back,000_back,3,4,96,bicjpeg93,31.650704,0.785083,29.486357,0.944432,4,0.079374,29.446415,40.838734,30.400107,0.797186,0.313055,0.30968,6.2,cuda
fbcnn_bicubic,ami,000,down,000_down,3,4,96,bicjpeg93,30.868351,0.777844,28.729206,0.939141,4,0.097804,28.731879,40.047812,28.697555,0.806795,0.357603,0.315619,5.915,cuda
fbcnn_bicubic,ami,000,front,000_front,3,4,96,bicjpeg93,30.854388,0.771862,28.693897,0.935205,4,0.097167,28.617719,40.041788,29.556123,0.801952,0.361838,0.313443,5.933,cuda
fbcnn_bicubic,ami,000,left,000_left,3,4,96,bicjpeg93,31.418036,0.792537,29.363094,0.941918,4,0.089632,29.232951,40.124074,29.633369,0.780366,0.368104,0.312917,5.929,cuda
fbcnn_bicubic,ami,000,right,000_right,3,4,96,bicjpeg93,31.269362,0.786081,29.074996,0.944873,4,0.086324,29.070921,40.02866,30.927981,0.824603,0.326574,0.319209,5.929,cuda
fbcnn_bicubic,ami,000,up,000_up,3,4,96,bicjpeg93,31.023142,0.775564,28.818608,0.93949,4,0.086969,28.982114,39.828355,30.221103,0.806416,0.395496,0.308964,5.894,cuda
fbcnn_bicubic,ami,000,zoom,000_zoom,3,4,96,bicjpeg93,32.568457,0.855667,30.015981,0.959024,4,0.072824,30.509541,40.354646,33.021824,0.864849,0.307235,0.329062,5.913,cuda
fbcnn_bicubic,ami,001,back,001_back,1,4,96,bicjpeg93,33.627967,0.838529,31.584746,0.951586,4,0.068379,31.322385,41.707574,31.681473,0.809936,0.275162,0.303794,5.942,cuda
fbcnn_bicubic,ami,001,down,001_down,1,4,96,bicjpeg93,34.348083,0.862681,32.162985,0.960173,4,0.06218,32.143117,42.778091,31.847201,0.860522,0.28708,0.306178,5.921,cuda
fbcnn_bicubic,ami,001,front,001_front,1,4,96,bicjpeg93,34.756283,0.868039,32.502044,0.959592,4,0.060501,32.501515,42.567448,32.557394,0.858241,0.287717,0.316124,5.903,cuda
fbcnn_bicubic,ami,001,left,001_left,1,4,96,bicjpeg93,34.887008,0.873432,32.946435,0.956137,4,0.06559,32.618675,42.416462,31.65862,0.815522,0.298631,0.307312,5.911,cuda
fbcnn_bicubic,ami,001,right,001_right,1,4,96,bicjpeg93,33.66877,0.853711,31.577496,0.957748,4,0.071712,31.193187,42.163517,31.504199,0.824072,0.281317,0.317182,5.905,cuda
fbcnn_bicubic,ami,001,up,001_up,1,4,96,bicjpeg93,33.432086,0.84491,31.337995,0.95585,4,0.068205,31.257075,41.644865,31.933297,0.817976,0.316964,0.326724,5.922,cuda
fbcnn_bicubic,ami,001,zoom,001_zoom,1,4,96,bicjpeg93,35.011003,0.877862,32.701098,0.964093,4,0.061782,32.790918,42.741578,34.104438,0.884732,0.318363,0.320568,5.928,cuda
fbcnn_bicubic,ami,002,back,002_back,1,4,96,bicjpeg93,33.738607,0.833521,31.355285,0.954073,4,0.065747,31.732248,41.816561,32.423684,0.844244,0.287246,0.29283,5.887,cuda
fbcnn_bicubic,ami,002,down,002_down,1,4,96,bicjpeg93,33.689435,0.836504,31.390048,0.953884,4,0.074226,31.462499,42.402037,32.748052,0.848276,0.256267,0.306233,5.945,cuda
fbcnn_bicubic,ami,002,front,002_front,1,4,96,bicjpeg93,33.506829,0.829826,31.251052,0.952829,4,0.071714,31.378224,42.055526,32.000242,0.81113,0.279771,0.316149,5.94,cuda
fbcnn_bicubic,ami,002,left,002_left,1,4,96,bicjpeg93,33.946024,0.829734,31.662314,0.948202,4,0.068637,31.944607,41.987883,32.614602,0.817113,0.27689,0.333677,5.909,cuda
fbcnn_bicubic,ami,002,right,002_right,1,4,96,bicjpeg93,33.550109,0.843962,31.257606,0.956117,4,0.073235,31.290281,41.800886,32.171279,0.81826,0.289846,0.311211,5.924,cuda
fbcnn_bicubic,ami,002,up,002_up,1,4,96,bicjpeg93,33.744223,0.83584,31.47434,0.954067,4,0.063945,31.771964,41.913085,32.12145,0.800856,0.311276,0.315806,5.913,cuda
fbcnn_bicubic,ami,002,zoom,002_zoom,1,4,96,bicjpeg93,34.246313,0.85382,31.803562,0.957294,4,0.067792,32.151723,42.137919,33.42037,0.851276,0.267303,0.339722,5.923,cuda
fbcnn_bicubic,ami,003,back,003_back,5,4,96,bicjpeg93,33.595585,0.824247,31.058404,0.951723,4,0.068804,31.509784,42.012946,31.397305,0.750675,0.371117,0.281691,5.896,cuda
fbcnn_bicubic,ami,003,down,003_down,5,4,96,bicjpeg93,33.160951,0.813648,31.04348,0.940831,4,0.077671,31.232287,41.573696,30.568903,0.743391,0.358779,0.313752,5.934,cuda
fbcnn_bicubic,ami,003,front,003_front,5,4,96,bicjpeg93,32.913454,0.803362,30.805567,0.94067,4,0.074449,30.997128,41.784141,30.682069,0.695491,0.380076,0.293843,5.934,cuda
fbcnn_bicubic,ami,003,left,003_left,5,4,96,bicjpeg93,34.100043,0.842863,31.89661,0.952522,4,0.065916,32.276011,42.375483,31.427527,0.781574,0.319837,0.31783,5.949,cuda
fbcnn_bicubic,ami,003,right,003_right,5,4,96,bicjpeg93,33.475893,0.836615,31.004945,0.95392,4,0.082855,31.517532,41.661164,31.686137,0.80553,0.346502,0.276581,5.982,cuda
fbcnn_bicubic,ami,003,up,003_up,5,4,96,bicjpeg93,32.953639,0.8064,30.805845,0.939984,4,0.084886,30.913495,41.826564,30.8944,0.689562,0.38973,0.31086,5.964,cuda
fbcnn_bicubic,ami,003,zoom,003_zoom,5,4,96,bicjpeg93,33.483945,0.825331,31.074656,0.945927,4,0.076698,31.441688,41.985235,32.101391,0.790794,0.38936,0.321363,5.942,cuda
fbcnn_bicubic,ami,004,back,004_back,5,4,96,bicjpeg93,32.755558,0.825609,30.811209,0.949006,4,0.077875,30.210975,41.377772,31.451807,0.820708,0.279009,0.353483,5.964,cuda
fbcnn_bicubic,ami,004,down,004_down,5,4,96,bicjpeg93,32.309334,0.805519,30.431743,0.947017,4,0.07988,29.957978,41.21566,31.548586,0.86675,0.299502,0.302918,5.976,cuda
fbcnn_bicubic,ami,004,front,004_front,5,4,96,bicjpeg93,32.436669,0.812466,30.54342,0.950251,4,0.075909,30.033228,41.845258,30.884103,0.837954,0.25919,0.305271,5.956,cuda
fbcnn_bicubic,ami,004,left,004_left,5,4,96,bicjpeg93,33.706308,0.839076,31.796023,0.955399,4,0.068201,31.534151,42.122439,31.696263,0.813519,0.275449,0.325914,5.958,cuda
fbcnn_bicubic,ami,004,right,004_right,5,4,96,bicjpeg93,33.156699,0.839312,31.104318,0.955733,4,0.071758,30.778556,41.727901,32.056515,0.874578,0.306985,0.31712,5.968,cuda
fbcnn_bicubic,ami,004,up,004_up,5,4,96,bicjpeg93,32.588611,0.819764,30.68805,0.949662,4,0.076234,30.176085,41.28454,31.086155,0.837286,0.28709,0.33037,5.971,cuda
fbcnn_bicubic,ami,004,zoom,004_zoom,5,4,96,bicjpeg93,32.997812,0.840102,30.904235,0.954437,4,0.072447,30.652015,41.141335,33.153646,0.849749,0.286464,0.331401,5.974,cuda
fbcnn_bicubic,ami,005,back,005_back,4,4,96,bicjpeg93,31.405076,0.795323,29.199953,0.934833,4,0.097168,28.284209,41.642031,31.682636,0.804023,0.365599,0.293275,5.973,cuda
fbcnn_bicubic,ami,005,down,005_down,4,4,96,bicjpeg93,33.313903,0.814348,31.303279,0.941862,4,0.074045,31.023424,42.055419,32.012164,0.845951,0.393868,0.334285,5.988,cuda
fbcnn_bicubic,ami,005,front,005_front,4,4,96,bicjpeg93,32.990348,0.818071,30.944511,0.941758,4,0.083097,30.54555,42.293043,31.860952,0.836148,0.351822,0.343192,5.967,cuda
fbcnn_bicubic,ami,005,left,005_left,4,4,96,bicjpeg93,34.272407,0.845852,32.113669,0.953903,4,0.065083,32.340461,42.27076,32.106531,0.82161,0.339553,0.32129,5.973,cuda
fbcnn_bicubic,ami,005,right,005_right,4,4,96,bicjpeg93,32.940186,0.83154,30.808704,0.94722,4,0.084726,30.633414,41.809495,31.362048,0.81354,0.331558,0.283782,5.985,cuda
fbcnn_bicubic,ami,005,up,005_up,4,4,96,bicjpeg93,31.959724,0.80105,29.991854,0.94034,4,0.08048,29.423525,41.954309,32.011292,0.799613,0.375992,0.305708,5.966,cuda
fbcnn_bicubic,ami,005,zoom,005_zoom,4,4,96,bicjpeg93,33.190694,0.829904,31.069965,0.947737,4,0.080189,30.679599,42.437158,34.61334,0.869332,0.358474,0.336624,5.977,cuda
fbcnn_bicubic,ami,007,back,007_back,5,4,96,bicjpeg93,33.588054,0.834559,31.403707,0.949579,4,0.071989,31.132555,42.256447,31.846682,0.823499,0.260463,0.295614,5.953,cuda
fbcnn_bicubic,ami,007,down,007_down,5,4,96,bicjpeg93,33.29425,0.828113,31.335679,0.944043,4,0.08315,31.011334,41.609943,31.654253,0.806486,0.298381,0.308128,5.981,cuda
fbcnn_bicubic,ami,007,front,007_front,5,4,96,bicjpeg93,33.648739,0.839209,31.697358,0.94545,4,0.078937,31.439076,42.258436,32.224352,0.854314,0.267142,0.330732,5.962,cuda
fbcnn_bicubic,ami,007,left,007_left,5,4,96,bicjpeg93,34.604824,0.85566,32.655196,0.957336,4,0.065088,32.474565,43.159707,33.043415,0.814597,0.347231,0.312189,5.966,cuda
fbcnn_bicubic,ami,007,right,007_right,5,4,96,bicjpeg93,33.626999,0.86498,31.655205,0.962655,4,0.075777,31.178715,42.158466,33.098392,0.860244,0.278031,0.266299,5.982,cuda
fbcnn_bicubic,ami,007,up,007_up,5,4,96,bicjpeg93,33.493071,0.830395,31.500631,0.944571,4,0.085702,31.237358,41.766931,32.870724,0.829064,0.259106,0.3193,5.976,cuda
fbcnn_bicubic,ami,007,zoom,007_zoom,5,4,96,bicjpeg93,33.823352,0.855853,31.6237,0.952619,4,0.083148,31.500588,42.148705,33.310168,0.873301,0.248229,0.312693,5.987,cuda
fbcnn_bicubic,ami,008,back,008_back,5,4,96,bicjpeg93,33.857608,0.857841,31.765597,0.957972,4,0.068237,31.747649,42.76281,31.617309,0.823959,0.268186,0.28781,5.961,cuda
fbcnn_bicubic,ami,008,down,008_down,5,4,96,bicjpeg93,33.389099,0.844084,31.313077,0.952689,4,0.077066,31.33014,41.935818,30.96197,0.826398,0.292384,0.32386,5.956,cuda
fbcnn_bicubic,ami,008,front,008_front,5,4,96,bicjpeg93,32.258056,0.825858,30.322522,0.94676,4,0.085367,30.364889,40.669289,30.718575,0.78233,0.291709,0.332133,5.96,cuda
fbcnn_bicubic,ami,008,left,008_left,5,4,96,bicjpeg93,33.778231,0.850214,31.650217,0.957595,4,0.071602,31.855206,42.369089,31.222894,0.800591,0.319509,0.32993,5.992,cuda
fbcnn_bicubic,ami,008,right,008_right,5,4,96,bicjpeg93,32.739663,0.837292,30.694778,0.95111,4,0.076984,30.739777,41.776202,31.86744,0.829292,0.315883,0.317128,5.998,cuda
fbcnn_bicubic,ami,008,up,008_up,5,4,96,bicjpeg93,32.8033,0.836265,30.805955,0.952786,4,0.079035,30.83997,41.151198,31.94394,0.807682,0.302132,0.337952,5.964,cuda
fbcnn_bicubic,ami,008,zoom,008_zoom,5,4,96,bicjpeg93,33.389847,0.852766,31.247034,0.955174,4,0.070837,31.504373,41.816493,32.975942,0.821221,0.274757,0.336189,5.968,cuda
fbcnn_bicubic,ami,009,back,009_back,4,4,96,bicjpeg93,31.468913,0.859371,29.656172,0.956128,4,0.07531,28.454456,40.181184,32.790272,0.817356,0.229348,0.278093,5.988,cuda
fbcnn_bicubic,ami,009,down,009_down,4,4,96,bicjpeg93,32.882743,0.853703,30.838252,0.954125,4,0.0742,30.797069,39.960081,32.212455,0.855872,0.249075,0.27275,5.996,cuda
fbcnn_bicubic,ami,009,front,009_front,4,4,96,bicjpeg93,30.636837,0.849423,28.809585,0.953359,4,0.07772,27.761375,38.819539,31.784485,0.838888,0.264758,0.290107,5.981,cuda
fbcnn_bicubic,ami,009,left,009_left,4,4,96,bicjpeg93,33.766811,0.853896,31.611074,0.95265,4,0.071777,31.982898,41.512633,31.717742,0.817289,0.282934,0.302266,5.971,cuda
fbcnn_bicubic,ami,009,right,009_right,4,4,96,bicjpeg93,33.731569,0.86469,31.545611,0.961158,4,0.065819,31.574639,41.551914,32.681701,0.847766,0.280893,0.283329,5.982,cuda
fbcnn_bicubic,ami,009,up,009_up,4,4,96,bicjpeg93,30.174811,0.818528,28.316234,0.950081,4,0.074276,27.91133,39.342524,31.787538,0.796514,0.283844,0.302463,5.991,cuda
fbcnn_bicubic,ami,009,zoom,009_zoom,4,4,96,bicjpeg93,31.391471,0.86447,29.495016,0.959028,4,0.067661,28.821731,39.086034,33.836563,0.863567,0.265092,0.316051,5.955,cuda
fbcnn_bicubic,ami,010,back,010_back,2,4,96,bicjpeg93,33.602822,0.821412,31.274717,0.949686,4,0.073719,31.540118,41.891359,32.666468,0.821712,0.307817,0.343596,5.981,cuda
fbcnn_bicubic,ami,010,down,010_down,2,4,96,bicjpeg93,33.377816,0.839792,30.957321,0.956053,4,0.069165,31.30505,41.886712,32.54661,0.832471,0.356399,0.337733,5.954,cuda
fbcnn_bicubic,ami,010,front,010_front,2,4,96,bicjpeg93,33.115695,0.835583,30.738724,0.954505,4,0.071482,31.056773,41.320388,31.961344,0.82289,0.33687,0.358117,5.952,cuda
fbcnn_bicubic,ami,010,left,010_left,2,4,96,bicjpeg93,33.546175,0.84296,31.089881,0.957962,4,0.074968,31.406573,41.669778,32.449083,0.820902,0.332444,0.342469,5.99,cuda
fbcnn_bicubic,ami,010,right,010_right,2,4,96,bicjpeg93,33.113466,0.834287,30.796214,0.954317,4,0.076226,30.996938,41.458461,32.149798,0.818057,0.351891,0.353756,5.962,cuda
fbcnn_bicubic,ami,010,up,010_up,2,4,96,bicjpeg93,33.491876,0.848094,31.068615,0.959058,4,0.073276,31.436865,41.664901,32.165264,0.817042,0.322859,0.366889,5.981,cuda
fbcnn_bicubic,ami,010,zoom,010_zoom,2,4,96,bicjpeg93,33.767693,0.854899,31.285468,0.961519,4,0.0677,31.678034,42.298407,32.910097,0.832872,0.348392,0.35725,5.968,cuda
fbcnn_bicubic,ami,011,back,011_back,5,4,96,bicjpeg93,33.231433,0.856567,30.702791,0.956798,4,0.078958,31.030928,41.388653,31.36541,0.805453,0.279044,0.324555,5.981,cuda
fbcnn_bicubic,ami,011,down,011_down,5,4,96,bicjpeg93,32.470471,0.827065,30.169565,0.947962,4,0.078861,30.343336,40.485082,31.586513,0.827171,0.25946,0.330408,5.961,cuda
fbcnn_bicubic,ami,011,front,011_front,5,4,96,bicjpeg93,32.527373,0.828703,30.240778,0.949934,4,0.077888,30.320529,40.678218,31.190319,0.819598,0.2704,0.336509,5.952,cuda
fbcnn_bicubic,ami,011,left,011_left,5,4,96,bicjpeg93,33.345658,0.835597,31.167259,0.952975,4,0.066469,31.320361,41.493687,31.688322,0.822384,0.295928,0.339939,5.979,cuda
fbcnn_bicubic,ami,011,right,011_right,5,4,96,bicjpeg93,32.741518,0.829581,30.398875,0.945649,4,0.081452,30.572281,40.920245,31.426969,0.799115,0.312524,0.325219,5.957,cuda
fbcnn_bicubic,ami,011,up,011_up,5,4,96,bicjpeg93,32.599963,0.835484,30.270592,0.951497,4,0.072372,30.480282,40.388912,31.124436,0.78031,0.285893,0.33272,5.98,cuda
fbcnn_bicubic,ami,011,zoom,011_zoom,5,4,96,bicjpeg93,33.585543,0.868919,31.025079,0.961454,4,0.070423,31.566128,41.226512,31.939197,0.839899,0.283495,0.324846,5.959,cuda
fbcnn_bicubic,ami,012,back,012_back,3,4,96,bicjpeg93,34.483533,0.876527,32.212799,0.959228,4,0.06378,32.315906,42.489891,31.168409,0.794721,0.232485,0.279078,5.986,cuda
fbcnn_bicubic,ami,012,down,012_down,3,4,96,bicjpeg93,34.234043,0.869979,31.868672,0.954833,4,0.073063,31.623286,41.962174,31.488308,0.820854,0.252001,0.281552,5.997,cuda
fbcnn_bicubic,ami,012,front,012_front,3,4,96,bicjpeg93,33.820579,0.861314,31.430627,0.955529,4,0.073746,31.202635,42.208001,31.093041,0.792982,0.227842,0.308662,5.974,cuda
fbcnn_bicubic,ami,012,left,012_left,3,4,96,bicjpeg93,34.306985,0.86885,32.068447,0.953644,4,0.071274,31.896836,41.929212,31.4366,0.823187,0.245949,0.320281,5.954,cuda
fbcnn_bicubic,ami,012,right,012_right,3,4,96,bicjpeg93,33.903696,0.868021,31.570476,0.954309,4,0.077729,31.436452,42.198713,30.915837,0.793766,0.243235,0.269076,5.943,cuda
fbcnn_bicubic,ami,012,up,012_up,3,4,96,bicjpeg93,33.363848,0.847098,31.138431,0.949582,4,0.079587,30.94688,41.590429,30.701921,0.76402,0.272384,0.300835,5.955,cuda
fbcnn_bicubic,ami,012,zoom,012_zoom,3,4,96,bicjpeg93,34.183694,0.870542,31.813612,0.956767,4,0.070238,31.699459,42.085672,32.238905,0.831939,0.217416,0.299804,5.968,cuda
fbcnn_bicubic,ami,013,back,013_back,1,4,96,bicjpeg93,33.166525,0.839474,30.919295,0.952772,4,0.072998,31.020741,42.189851,32.814457,0.829573,0.293962,0.300349,5.972,cuda
fbcnn_bicubic,ami,013,down,013_down,1,4,96,bicjpeg93,33.402127,0.839391,31.11877,0.94665,4,0.076883,31.117153,42.011876,31.941895,0.840955,0.291164,0.324569,5.976,cuda
fbcnn_bicubic,ami,013,front,013_front,1,4,96,bicjpeg93,33.682859,0.840739,31.368884,0.943327,4,0.073122,31.484089,41.550229,31.778395,0.800497,0.286437,0.324083,5.947,cuda
fbcnn_bicubic,ami,013,left,013_left,1,4,96,bicjpeg93,33.798918,0.843248,31.495942,0.945039,4,0.074785,31.622741,41.633192,31.645969,0.828257,0.286292,0.31356,5.978,cuda
fbcnn_bicubic,ami,013,right,013_right,1,4,96,bicjpeg93,33.475661,0.845571,31.155829,0.945619,4,0.077748,31.072944,41.338609,32.353409,0.797433,0.284799,0.300111,5.99,cuda
fbcnn_bicubic,ami,013,up,013_up,1,4,96,bicjpeg93,32.901269,0.819651,30.577729,0.941093,4,0.077667,30.733853,41.649075,31.664962,0.765432,0.332476,0.315272,5.955,cuda
fbcnn_bicubic,ami,013,zoom,013_zoom,1,4,96,bicjpeg93,34.045302,0.857109,31.564,0.953662,4,0.070904,31.85031,41.716143,32.88527,0.843271,0.275762,0.317949,5.958,cuda
fbcnn_bicubic,ami,014,back,014_back,5,4,96,bicjpeg93,33.517453,0.826191,31.245019,0.952042,4,0.070277,31.488459,41.870008,32.908089,0.791443,0.287895,0.329422,5.971,cuda
fbcnn_bicubic,ami,014,down,014_down,5,4,96,bicjpeg93,33.874373,0.843016,31.770057,0.95668,4,0.068406,31.739656,41.821591,32.635516,0.828119,0.26809,0.319471,5.977,cuda
fbcnn_bicubic,ami,014,front,014_front,5,4,96,bicjpeg93,33.584841,0.836954,31.505936,0.950211,4,0.076393,31.519566,40.954563,32.389584,0.789339,0.264254,0.316405,5.983,cuda
fbcnn_bicubic,ami,014,left,014_left,5,4,96,bicjpeg93,33.71287,0.828006,31.770024,0.949267,4,0.073661,31.648686,42.271971,31.534444,0.783153,0.308257,0.311716,5.942,cuda
fbcnn_bicubic,ami,014,right,014_right,5,4,96,bicjpeg93,33.13369,0.838565,31.149355,0.950132,4,0.082338,30.774364,41.262729,32.993751,0.826021,0.297846,0.287682,5.962,cuda
fbcnn_bicubic,ami,014,up,014_up,5,4,96,bicjpeg93,33.172445,0.828067,31.128445,0.953348,4,0.071694,31.076525,41.33989,32.691551,0.810289,0.274102,0.303542,5.962,cuda
fbcnn_bicubic,ami,014,zoom,014_zoom,5,4,96,bicjpeg93,33.415331,0.840531,31.304085,0.953315,4,0.071102,31.355056,40.9147,33.515921,0.835908,0.272876,0.338162,5.955,cuda
fbcnn_bicubic,ami,018,back,018_back,1,4,96,bicjpeg93,34.376228,0.889204,32.198692,0.966675,4,0.067092,32.030583,42.149847,31.884725,0.832921,0.191418,0.30506,5.991,cuda
fbcnn_bicubic,ami,018,down,018_down,1,4,96,bicjpeg93,33.844373,0.8883,31.786419,0.964664,4,0.068693,31.376079,41.737705,29.858493,0.81447,0.235614,0.326093,5.947,cuda
fbcnn_bicubic,ami,018,front,018_front,1,4,96,bicjpeg93,34.15318,0.89648,31.999706,0.967517,4,0.066358,31.578481,42.187996,30.422758,0.824232,0.207502,0.313878,5.97,cuda
fbcnn_bicubic,ami,018,left,018_left,1,4,96,bicjpeg93,35.869495,0.909777,33.633463,0.974494,4,0.056693,33.704784,43.615044,31.813383,0.839763,0.185916,0.306426,5.984,cuda
fbcnn_bicubic,ami,018,right,018_right,1,4,96,bicjpeg93,34.156374,0.900387,31.96553,0.971801,4,0.067387,31.466197,42.442367,31.275674,0.841912,0.212409,0.306801,5.965,cuda
fbcnn_bicubic,ami,018,up,018_up,1,4,96,bicjpeg93,34.094919,0.894402,31.969224,0.96646,4,0.070339,31.619935,41.958768,30.841838,0.815098,0.216937,0.318853,5.964,cuda
fbcnn_bicubic,ami,018,zoom,018_zoom,1,4,96,bicjpeg93,33.982132,0.893144,31.820237,0.966912,4,0.064831,31.361289,42.268317,32.376248,0.871074,0.210931,0.316774,5.949,cuda
fbcnn_bicubic,ami,019,back,019_back,4,4,96,bicjpeg93,32.515521,0.845193,30.41636,0.950951,4,0.081694,29.959586,40.915525,30.753665,0.761091,0.277297,0.333497,5.97,cuda
fbcnn_bicubic,ami,019,down,019_down,4,4,96,bicjpeg93,31.404469,0.834608,29.470255,0.952964,4,0.09112,28.856396,40.275722,30.760608,0.817223,0.30767,0.326394,5.989,cuda
fbcnn_bicubic,ami,019,front,019_front,4,4,96,bicjpeg93,31.680381,0.8318,29.68978,0.952542,4,0.084543,29.048469,40.401125,30.846188,0.786524,0.325366,0.338413,5.967,cuda
fbcnn_bicubic,ami,019,left,019_left,4,4,96,bicjpeg93,31.607749,0.8423,29.694625,0.956951,4,0.078532,29.054671,40.095304,30.661024,0.818667,0.301661,0.339454,5.959,cuda
fbcnn_bicubic,ami,019,right,019_right,4,4,96,bicjpeg93,31.623845,0.838867,29.657266,0.951662,4,0.088692,29.126354,40.431919,30.58426,0.765344,0.313886,0.334597,6.009,cuda
fbcnn_bicubic,ami,019,up,019_up,4,4,96,bicjpeg93,31.882699,0.835884,29.939812,0.952964,4,0.082283,29.340248,40.530085,30.888446,0.786162,0.31019,0.346214,5.955,cuda
fbcnn_bicubic,ami,019,zoom,019_zoom,4,4,96,bicjpeg93,31.77204,0.843113,29.779632,0.9561,4,0.085062,29.132345,40.630644,32.32093,0.816102,0.326044,0.346932,5.972,cuda
fbcnn_bicubic,ami,020,back,020_back,1,4,96,bicjpeg93,33.63822,0.851795,31.451454,0.95426,4,0.070045,31.302652,42.105665,31.87308,0.827182,0.23427,0.298174,5.987,cuda
fbcnn_bicubic,ami,020,down,020_down,1,4,96,bicjpeg93,33.437112,0.845073,31.243382,0.95405,4,0.070477,31.077638,42.11611,30.000754,0.799791,0.320348,0.305423,5.97,cuda
fbcnn_bicubic,ami,020,front,020_front,1,4,96,bicjpeg93,33.791555,0.850765,31.54615,0.956407,4,0.065121,31.744605,42.201658,31.529944,0.808216,0.338406,0.296807,5.949,cuda
fbcnn_bicubic,ami,020,left,020_left,1,4,96,bicjpeg93,34.140279,0.864793,31.868471,0.95977,4,0.06547,32.267452,42.278511,31.100416,0.82092,0.3181,0.312001,5.97,cuda
fbcnn_bicubic,ami,020,right,020_right,1,4,96,bicjpeg93,33.059837,0.849009,30.902565,0.955644,4,0.075083,30.704869,41.282221,31.287064,0.822233,0.279628,0.276004,5.973,cuda
fbcnn_bicubic,ami,020,up,020_up,1,4,96,bicjpeg93,33.591264,0.842822,31.244219,0.951926,4,0.06503,31.474297,41.369276,32.18591,0.808475,0.35144,0.310444,5.971,cuda
fbcnn_bicubic,ami,020,zoom,020_zoom,1,4,96,bicjpeg93,33.793239,0.858131,31.393596,0.95725,4,0.062431,31.731456,42.344296,32.634811,0.84473,0.352071,0.318452,5.983,cuda
fbcnn_bicubic,ami,021,back,021_back,2,4,96,bicjpeg93,34.073847,0.831585,31.77864,0.948145,4,0.07073,31.835782,42.34649,32.240416,0.830708,0.298196,0.319049,5.942,cuda
fbcnn_bicubic,ami,021,down,021_down,2,4,96,bicjpeg93,33.864855,0.834639,31.712574,0.949793,4,0.076568,31.919684,42.417436,31.180499,0.806675,0.327877,0.308553,5.975,cuda
fbcnn_bicubic,ami,021,front,021_front,2,4,96,bicjpeg93,34.326481,0.838887,32.1112,0.946556,4,0.071077,32.34492,42.153087,31.655909,0.792399,0.291442,0.293205,5.968,cuda
fbcnn_bicubic,ami,021,left,021_left,2,4,96,bicjpeg93,35.331919,0.864523,33.100009,0.95919,4,0.063714,33.423976,43.357497,33.176905,0.820509,0.296437,0.306284,5.964,cuda
fbcnn_bicubic,ami,021,right,021_right,2,4,96,bicjpeg93,34.541398,0.858364,32.281628,0.957271,4,0.066493,32.485732,42.194227,32.837589,0.862788,0.302222,0.283915,5.962,cuda
fbcnn_bicubic,ami,021,up,021_up,2,4,96,bicjpeg93,34.115961,0.844764,31.852082,0.951274,4,0.065609,32.040129,41.874511,32.193727,0.791203,0.297338,0.317635,5.973,cuda
fbcnn_bicubic,ami,021,zoom,021_zoom,2,4,96,bicjpeg93,35.138795,0.87081,32.74499,0.957366,4,0.060573,33.163023,42.511648,33.069342,0.836874,0.283672,0.31955,5.968,cuda
fbcnn_bicubic,ami,022,back,022_back,2,4,96,bicjpeg93,35.749906,0.906867,33.185566,0.969419,4,0.052018,33.743624,42.931516,31.247265,0.811545,0.178915,0.266539,5.968,cuda
fbcnn_bicubic,ami,022,down,022_down,2,4,96,bicjpeg93,34.596629,0.88289,32.405057,0.959733,4,0.070162,32.27352,42.425609,30.579653,0.827363,0.234003,0.310416,5.96,cuda
fbcnn_bicubic,ami,022,front,022_front,2,4,96,bicjpeg93,34.289959,0.878933,32.045208,0.959685,4,0.071826,31.788199,42.187228,30.364993,0.807291,0.226945,0.25533,5.978,cuda
fbcnn_bicubic,ami,022,left,022_left,2,4,96,bicjpeg93,35.570519,0.895459,33.384255,0.964253,4,0.065018,33.380251,43.386422,31.107689,0.778979,0.222552,0.273209,5.995,cuda
fbcnn_bicubic,ami,022,right,022_right,2,4,96,bicjpeg93,34.400656,0.878883,32.345611,0.959862,4,0.07303,31.922712,42.41441,31.374543,0.815338,0.209185,0.271538,5.974,cuda
fbcnn_bicubic,ami,022,up,022_up,2,4,96,bicjpeg93,34.68459,0.885818,32.455934,0.963364,4,0.0634,32.226734,42.660932,31.306187,0.806509,0.242212,0.261234,5.974,cuda
fbcnn_bicubic,ami,022,zoom,022_zoom,2,4,96,bicjpeg93,34.880472,0.884709,32.517226,0.96152,4,0.070599,32.462976,42.323651,32.329539,0.851291,0.240922,0.288098,5.929,cuda
fbcnn_bicubic,ami,023,back,023_back,5,4,96,bicjpeg93,33.263012,0.830849,31.250343,0.954941,4,0.070032,31.188099,41.59232,32.602629,0.830384,0.270998,0.284774,5.979,cuda
fbcnn_bicubic,ami,023,down,023_down,5,4,96,bicjpeg93,33.528719,0.84034,31.505766,0.949993,4,0.087333,31.548727,41.632919,32.207448,0.857897,0.28025,0.280311,5.961,cuda
fbcnn_bicubic,ami,023,front,023_front,5,4,96,bicjpeg93,33.670058,0.84345,31.5942,0.951635,4,0.075437,31.648782,41.199028,33.197567,0.843405,0.284155,0.314412,5.959,cuda
fbcnn_bicubic,ami,023,left,023_left,5,4,96,bicjpeg93,35.752421,0.881316,33.628428,0.962157,4,0.05873,33.992369,43.64262,33.843062,0.838681,0.270239,0.328797,5.934,cuda
fbcnn_bicubic,ami,023,right,023_right,5,4,96,bicjpeg93,32.823975,0.827149,30.714155,0.948526,4,0.082013,30.588554,41.408882,32.563119,0.843423,0.303894,0.286479,5.978,cuda
fbcnn_bicubic,ami,023,up,023_up,5,4,96,bicjpeg93,33.205733,0.834501,31.195202,0.951683,4,0.075416,31.319013,41.189294,32.633248,0.831574,0.285945,0.316562,5.979,cuda
fbcnn_bicubic,ami,023,zoom,023_zoom,5,4,96,bicjpeg93,34.354575,0.876825,32.066732,0.963621,4,0.061974,32.379342,41.655995,34.255502,0.87076,0.261314,0.294322,5.96,cuda
fbcnn_bicubic,ami,024,back,024_back,3,4,96,bicjpeg93,33.83942,0.863643,31.827938,0.959268,4,0.072061,31.538848,41.802315,30.978199,0.789661,0.222727,0.262781,5.978,cuda
fbcnn_bicubic,ami,024,down,024_down,3,4,96,bicjpeg93,34.058566,0.86865,32.024424,0.957486,4,0.073226,31.608506,41.994085,30.891712,0.830837,0.217773,0.3082,5.977,cuda
fbcnn_bicubic,ami,024,front,024_front,3,4,96,bicjpeg93,34.124596,0.869171,31.995373,0.962294,4,0.067165,31.741306,42.647775,31.174749,0.815826,0.223702,0.284798,5.978,cuda
fbcnn_bicubic,ami,024,left,024_left,3,4,96,bicjpeg93,34.328901,0.865258,32.29246,0.960065,4,0.067588,32.009929,42.475334,31.184668,0.817357,0.219337,0.292767,5.942,cuda
fbcnn_bicubic,ami,024,right,024_right,3,4,96,bicjpeg93,33.875401,0.886906,31.768233,0.967584,4,0.072157,31.391468,42.099812,31.045193,0.83789,0.212321,0.284528,5.943,cuda
fbcnn_bicubic,ami,024,up,024_up,3,4,96,bicjpeg93,33.56882,0.86589,31.534293,0.960774,4,0.070988,31.330896,42.264555,30.613282,0.771264,0.244863,0.275536,5.97,cuda
fbcnn_bicubic,ami,024,zoom,024_zoom,3,4,96,bicjpeg93,33.838422,0.867616,31.63079,0.960585,4,0.069801,31.404791,41.556309,32.500144,0.840961,0.224139,0.296726,5.954,cuda
fbcnn_bicubic,ami,025,back,025_back,2,4,96,bicjpeg93,33.242527,0.835044,31.19087,0.95027,4,0.080866,30.735359,41.682645,32.538932,0.829758,0.282598,0.306216,5.973,cuda
fbcnn_bicubic,ami,025,down,025_down,2,4,96,bicjpeg93,32.795305,0.831681,30.668798,0.945886,4,0.09245,30.377022,40.453252,31.743761,0.859022,0.266189,0.288523,5.963,cuda
fbcnn_bicubic,ami,025,front,025_front,2,4,96,bicjpeg93,32.726934,0.833715,30.690366,0.950427,4,0.088523,30.359158,41.199742,32.743746,0.88262,0.271286,0.335162,5.983,cuda
fbcnn_bicubic,ami,025,left,025_left,2,4,96,bicjpeg93,33.536785,0.836246,31.391733,0.948292,4,0.084356,31.216892,41.712115,32.412162,0.851419,0.295666,0.319579,5.954,cuda
fbcnn_bicubic,ami,025,right,025_right,2,4,96,bicjpeg93,32.643382,0.83198,30.56229,0.951607,4,0.086266,30.21903,40.974113,32.537894,0.868326,0.282271,0.277009,5.976,cuda
fbcnn_bicubic,ami,025,up,025_up,2,4,96,bicjpeg93,32.565869,0.831093,30.447724,0.951633,4,0.087107,30.284128,40.664347,32.385688,0.862041,0.320561,0.332917,5.961,cuda
fbcnn_bicubic,ami,025,zoom,025_zoom,2,4,96,bicjpeg93,33.572143,0.865233,31.253584,0.957717,4,0.077829,31.303165,40.727999,33.919162,0.896536,0.263346,0.309566,5.968,cuda
fbcnn_bicubic,ami,026,back,026_back,1,4,96,bicjpeg93,33.774172,0.857484,31.430918,0.954483,4,0.077161,31.561074,41.45475,32.130235,0.813411,0.233111,0.285676,5.965,cuda
fbcnn_bicubic,ami,026,down,026_down,1,4,96,bicjpeg93,34.454688,0.880372,31.985678,0.96086,4,0.071386,32.149785,41.622138,32.589455,0.868146,0.208415,0.283174,5.967,cuda
fbcnn_bicubic,ami,026,front,026_front,1,4,96,bicjpeg93,33.65845,0.864734,31.39895,0.956258,4,0.077111,31.382795,41.182792,32.530042,0.867844,0.213275,0.296549,5.967,cuda
fbcnn_bicubic,ami,026,left,026_left,1,4,96,bicjpeg93,34.75875,0.877982,32.578083,0.956889,4,0.07444,32.86924,42.255389,32.278878,0.851498,0.234275,0.286147,6.0,cuda
fbcnn_bicubic,ami,026,right,026_right,1,4,96,bicjpeg93,34.517365,0.872885,32.173884,0.959526,4,0.071003,32.275873,42.278489,33.793624,0.87772,0.269414,0.287001,5.946,cuda
fbcnn_bicubic,ami,026,up,026_up,1,4,96,bicjpeg93,33.612151,0.861538,31.376467,0.957373,4,0.076261,31.474776,41.288649,31.372113,0.808184,0.263783,0.301616,5.958,cuda
fbcnn_bicubic,ami,026,zoom,026_zoom,1,4,96,bicjpeg93,33.910269,0.88231,31.496673,0.960927,4,0.075826,31.668627,41.171195,33.96034,0.892663,0.247048,0.308271,5.972,cuda
fbcnn_bicubic,ami,027,back,027_back,3,4,96,bicjpeg93,34.592627,0.887831,32.507178,0.966108,4,0.058415,32.317513,41.968177,32.832629,0.841671,0.201668,0.285597,5.948,cuda
fbcnn_bicubic,ami,027,down,027_down,3,4,96,bicjpeg93,33.707565,0.859447,31.736101,0.959585,4,0.068519,31.449939,41.849039,33.813397,0.869122,0.237939,0.312967,5.952,cuda
fbcnn_bicubic,ami,027,front,027_front,3,4,96,bicjpeg93,33.80412,0.866113,31.863536,0.96269,4,0.065572,31.412405,41.924692,33.486177,0.865023,0.255785,0.300297,5.957,cuda
fbcnn_bicubic,ami,027,left,027_left,3,4,96,bicjpeg93,33.141788,0.85332,31.306669,0.9548,4,0.075081,31.058683,40.710357,31.800969,0.851287,0.232827,0.299885,5.968,cuda
fbcnn_bicubic,ami,027,right,027_right,3,4,96,bicjpeg93,33.564712,0.866229,31.583653,0.96154,4,0.069537,31.27555,41.692541,32.907707,0.837879,0.264218,0.294615,5.972,cuda
fbcnn_bicubic,ami,027,up,027_up,3,4,96,bicjpeg93,33.634007,0.865057,31.677452,0.961945,4,0.068799,31.218435,41.402072,32.803199,0.842748,0.261498,0.299894,5.982,cuda
fbcnn_bicubic,ami,027,zoom,027_zoom,3,4,96,bicjpeg93,33.732418,0.870325,31.683156,0.964046,4,0.073273,31.347634,41.901785,34.041551,0.864681,0.260982,0.305478,5.949,cuda
fbcnn_bicubic,ami,028,back,028_back,2,4,96,bicjpeg93,33.326522,0.8623,31.196235,0.953758,4,0.070653,30.725712,41.808525,32.077363,0.804227,0.261221,0.316463,5.979,cuda
fbcnn_bicubic,ami,028,down,028_down,2,4,96,bicjpeg93,32.743476,0.839434,30.800818,0.951238,4,0.074263,30.613374,41.907221,31.301323,0.836684,0.321565,0.310643,5.984,cuda
fbcnn_bicubic,ami,028,front,028_front,2,4,96,bicjpeg93,32.67092,0.831918,30.729762,0.94989,4,0.082257,30.424444,41.629188,30.791952,0.793198,0.333241,0.331837,5.956,cuda
fbcnn_bicubic,ami,028,left,028_left,2,4,96,bicjpeg93,33.515488,0.866243,31.63452,0.954323,4,0.068235,31.032948,41.492037,31.720108,0.80624,0.310633,0.31564,5.99,cuda
fbcnn_bicubic,ami,028,right,028_right,2,4,96,bicjpeg93,32.519059,0.823881,30.489647,0.949363,4,0.075537,30.266244,41.416204,32.572372,0.826702,0.311286,0.28602,5.951,cuda
fbcnn_bicubic,ami,028,up,028_up,2,4,96,bicjpeg93,32.73803,0.825909,30.753575,0.946509,4,0.080618,30.509536,41.266757,31.367142,0.78964,0.30981,0.33645,5.974,cuda
fbcnn_bicubic,ami,028,zoom,028_zoom,2,4,96,bicjpeg93,33.173347,0.843636,31.102784,0.951223,4,0.069398,31.05359,41.701696,32.625168,0.836098,0.324919,0.320671,5.98,cuda
fbcnn_bicubic,ami,029,back,029_back,5,4,96,bicjpeg93,33.430515,0.805467,30.938763,0.940719,4,0.075774,31.258531,41.74492,32.230363,0.763286,0.333205,0.280271,5.977,cuda
fbcnn_bicubic,ami,029,down,029_down,5,4,96,bicjpeg93,32.907279,0.800793,30.667938,0.936343,4,0.08977,30.393594,41.837499,31.851011,0.788844,0.340393,0.32189,5.982,cuda
fbcnn_bicubic,ami,029,front,029_front,5,4,96,bicjpeg93,33.038942,0.803472,30.675583,0.938112,4,0.085484,30.570908,41.768999,33.10611,0.818689,0.362435,0.299134,5.975,cuda
fbcnn_bicubic,ami,029,left,029_left,5,4,96,bicjpeg93,34.01001,0.832974,31.509883,0.952241,4,0.061126,31.878685,42.459112,32.502665,0.814172,0.369436,0.294,5.978,cuda
fbcnn_bicubic,ami,029,right,029_right,5,4,96,bicjpeg93,33.181658,0.822565,30.914674,0.946264,4,0.081066,30.945471,41.923965,33.623603,0.850672,0.302766,0.286858,5.979,cuda
fbcnn_bicubic,ami,029,up,029_up,5,4,96,bicjpeg93,32.657198,0.790559,30.361475,0.93501,4,0.08373,30.303638,41.522785,32.385728,0.797446,0.358509,0.292921,5.956,cuda
fbcnn_bicubic,ami,029,zoom,029_zoom,5,4,96,bicjpeg93,33.857838,0.836501,31.336827,0.949885,4,0.072154,31.672196,42.163178,33.376143,0.836295,0.361432,0.298137,5.979,cuda
fbcnn_bicubic,ami,030,back,030_back,1,4,96,bicjpeg93,33.62825,0.853543,31.33598,0.957407,4,0.07108,31.543049,40.883082,31.558082,0.812014,0.262897,0.312496,5.965,cuda
fbcnn_bicubic,ami,030,down,030_down,1,4,96,bicjpeg93,33.439076,0.845287,31.502641,0.952122,4,0.072546,31.122794,41.700586,31.312942,0.824115,0.254473,0.296442,5.95,cuda
fbcnn_bicubic,ami,030,front,030_front,1,4,96,bicjpeg93,33.908152,0.860129,31.86547,0.956571,4,0.063836,31.605485,41.758012,32.222761,0.834165,0.26491,0.279664,5.975,cuda
fbcnn_bicubic,ami,030,left,030_left,1,4,96,bicjpeg93,34.196991,0.863558,32.164091,0.959754,4,0.067004,32.037715,41.961253,31.667454,0.809243,0.271531,0.298013,5.955,cuda
fbcnn_bicubic,ami,030,right,030_right,1,4,96,bicjpeg93,33.200713,0.851563,31.26002,0.956812,4,0.075203,30.896808,41.219978,30.66662,0.802618,0.26453,0.283398,5.973,cuda
fbcnn_bicubic,ami,030,up,030_up,1,4,96,bicjpeg93,33.104548,0.839971,31.139731,0.95286,4,0.066338,30.74206,41.332194,31.757748,0.78557,0.27103,0.289202,5.982,cuda
fbcnn_bicubic,ami,030,zoom,030_zoom,1,4,96,bicjpeg93,33.863005,0.865869,31.705587,0.960565,4,0.066376,31.541049,41.981101,32.435478,0.83258,0.275194,0.284105,5.972,cuda
fbcnn_bicubic,ami,031,back,031_back,5,4,96,bicjpeg93,33.53621,0.852337,31.187453,0.955163,4,0.070676,31.417339,41.675404,31.577932,0.776616,0.253762,0.273733,6.018,cuda
fbcnn_bicubic,ami,031,down,031_down,5,4,96,bicjpeg93,32.924799,0.841384,30.815924,0.952511,4,0.080878,30.924081,40.783917,31.180058,0.788581,0.336521,0.307814,5.981,cuda
fbcnn_bicubic,ami,031,front,031_front,5,4,96,bicjpeg93,33.30249,0.852247,31.050254,0.956754,4,0.071884,31.151914,41.592358,31.697602,0.794358,0.335447,0.301993,5.971,cuda
fbcnn_bicubic,ami,031,left,031_left,5,4,96,bicjpeg93,33.060799,0.844256,30.94568,0.955154,4,0.080153,31.057614,41.331464,31.100844,0.777731,0.327658,0.326624,5.99,cuda
fbcnn_bicubic,ami,031,right,031_right,5,4,96,bicjpeg93,33.245354,0.848018,31.031052,0.955806,4,0.083103,31.199535,41.375586,32.183715,0.82699,0.271407,0.31953,5.964,cuda
fbcnn_bicubic,ami,031,up,031_up,5,4,96,bicjpeg93,33.312471,0.848409,31.086922,0.956511,4,0.073577,31.186702,41.371122,31.820745,0.789204,0.328162,0.295883,5.954,cuda
fbcnn_bicubic,ami,031,zoom,031_zoom,5,4,96,bicjpeg93,33.222025,0.851485,30.874738,0.954722,4,0.073553,31.132254,40.751794,32.168754,0.811789,0.346608,0.30707,5.95,cuda
fbcnn_bicubic,ami,032,back,032_back,3,4,96,bicjpeg93,33.544449,0.879183,31.25192,0.960061,4,0.065418,30.881683,41.777365,30.603184,0.787007,0.207386,0.299847,5.972,cuda
fbcnn_bicubic,ami,032,down,032_down,3,4,96,bicjpeg93,34.200084,0.88939,31.89821,0.965515,4,0.062278,31.717847,42.354945,30.811403,0.821123,0.218435,0.30509,5.954,cuda
fbcnn_bicubic,ami,032,front,032_front,3,4,96,bicjpeg93,33.959323,0.884481,31.698556,0.963437,4,0.064052,31.500789,41.831365,30.755289,0.822664,0.229284,0.313062,5.966,cuda
fbcnn_bicubic,ami,032,left,032_left,3,4,96,bicjpeg93,33.492748,0.875437,31.459321,0.96082,4,0.082107,31.00895,41.892485,31.731347,0.842653,0.242499,0.311079,5.963,cuda
fbcnn_bicubic,ami,032,right,032_right,3,4,96,bicjpeg93,33.223443,0.871624,31.052706,0.961143,4,0.080406,30.511027,41.92491,30.724831,0.782925,0.245833,0.288818,5.972,cuda
fbcnn_bicubic,ami,032,up,032_up,3,4,96,bicjpeg93,34.009723,0.888592,31.794505,0.966388,4,0.0608,31.65216,42.162978,30.914701,0.818382,0.240461,0.309896,5.963,cuda
fbcnn_bicubic,ami,032,zoom,032_zoom,3,4,96,bicjpeg93,33.644992,0.880345,31.289352,0.964252,4,0.061015,31.247526,41.800504,31.85153,0.838012,0.240451,0.324059,5.981,cuda
fbcnn_bicubic,ami,033,back,033_back,3,4,96,bicjpeg93,35.338412,0.885791,33.089259,0.963726,4,0.056894,33.386835,43.074658,33.641628,0.844491,0.230653,0.251384,5.97,cuda
fbcnn_bicubic,ami,033,down,033_down,3,4,96,bicjpeg93,34.651317,0.885416,32.558952,0.962161,4,0.069536,32.597975,41.5596,33.947228,0.867172,0.230272,0.275759,5.964,cuda
fbcnn_bicubic,ami,033,front,033_front,3,4,96,bicjpeg93,34.642224,0.878188,32.539805,0.962295,4,0.067193,32.522974,42.240607,33.628916,0.860245,0.241624,0.27912,5.941,cuda
fbcnn_bicubic,ami,033,left,033_left,3,4,96,bicjpeg93,35.684383,0.89325,33.693017,0.959989,4,0.063281,33.951385,42.722633,32.533583,0.820125,0.212751,0.30573,5.984,cuda
fbcnn_bicubic,ami,033,right,033_right,3,4,96,bicjpeg93,34.116186,0.870663,32.092722,0.959984,4,0.072435,31.925579,41.852548,33.074017,0.861502,0.243225,0.291802,5.971,cuda
fbcnn_bicubic,ami,033,up,033_up,3,4,96,bicjpeg93,34.616568,0.874924,32.489583,0.960649,4,0.065166,32.654923,41.917131,33.271131,0.849189,0.238193,0.280584,5.961,cuda
fbcnn_bicubic,ami,033,zoom,033_zoom,3,4,96,bicjpeg93,35.093309,0.889985,32.706999,0.965744,4,0.056686,33.16546,42.136023,34.271873,0.878815,0.251122,0.289976,5.985,cuda
fbcnn_bicubic,ami,034,back,034_back,4,4,96,bicjpeg93,32.505819,0.815871,30.477299,0.947919,4,0.08351,30.191112,41.419977,31.614145,0.790401,0.278997,0.278494,5.964,cuda
fbcnn_bicubic,ami,034,down,034_down,4,4,96,bicjpeg93,32.472538,0.816954,30.625007,0.94731,4,0.091574,30.104799,41.18855,31.762367,0.868425,0.315963,0.283096,5.952,cuda
fbcnn_bicubic,ami,034,front,034_front,4,4,96,bicjpeg93,32.517825,0.817921,30.598927,0.947766,4,0.088645,30.274283,41.435067,31.763774,0.828269,0.3024,0.300319,5.94,cuda
fbcnn_bicubic,ami,034,left,034_left,4,4,96,bicjpeg93,32.825249,0.822276,30.997913,0.947682,4,0.091089,30.7238,41.507976,31.659126,0.799592,0.30974,0.323035,5.976,cuda
fbcnn_bicubic,ami,034,right,034_right,4,4,96,bicjpeg93,32.487488,0.81443,30.621128,0.944829,4,0.085713,30.134078,41.01143,32.503012,0.836777,0.332328,0.300882,5.977,cuda
fbcnn_bicubic,ami,034,up,034_up,4,4,96,bicjpeg93,31.943997,0.80857,30.057002,0.946366,4,0.091403,29.744518,40.805573,31.658024,0.786691,0.269105,0.294881,5.999,cuda
fbcnn_bicubic,ami,034,zoom,034_zoom,4,4,96,bicjpeg93,33.608432,0.854204,31.599398,0.957356,4,0.080988,31.669826,41.675171,33.352731,0.849796,0.298963,0.304613,5.975,cuda
fbcnn_bicubic,ami,035,back,035_back,5,4,96,bicjpeg93,35.235558,0.881097,32.894908,0.956956,4,0.073255,32.940983,42.315131,32.30079,0.810441,0.195204,0.281767,5.959,cuda
fbcnn_bicubic,ami,035,down,035_down,5,4,96,bicjpeg93,34.803711,0.877641,32.545378,0.955456,4,0.080456,32.680057,41.97823,32.388467,0.856228,0.212611,0.317181,5.954,cuda
fbcnn_bicubic,ami,035,front,035_front,5,4,96,bicjpeg93,34.982211,0.881576,32.684666,0.95574,4,0.076987,32.847635,42.160415,32.292401,0.841952,0.192755,0.303305,5.963,cuda
fbcnn_bicubic,ami,035,left,035_left,5,4,96,bicjpeg93,35.881469,0.894935,33.458736,0.96325,4,0.061113,33.717586,43.335999,32.475351,0.836431,0.211139,0.312402,5.952,cuda
fbcnn_bicubic,ami,035,right,035_right,5,4,96,bicjpeg93,34.929038,0.879964,32.591405,0.958021,4,0.070168,32.651347,42.499116,32.740234,0.86165,0.21496,0.280965,5.97,cuda
fbcnn_bicubic,ami,035,up,035_up,5,4,96,bicjpeg93,34.604408,0.8749,32.33007,0.954401,4,0.074621,32.610753,41.753504,32.068421,0.821129,0.216089,0.291963,5.972,cuda
fbcnn_bicubic,ami,035,zoom,035_zoom,5,4,96,bicjpeg93,35.295446,0.893336,32.952516,0.96125,4,0.064362,33.194146,42.021094,34.357427,0.883507,0.214894,0.316837,5.947,cuda
fbcnn_bicubic,ami,036,back,036_back,2,4,96,bicjpeg93,33.919154,0.854253,31.85705,0.953022,4,0.068205,31.535236,42.211944,31.169392,0.791421,0.250284,0.293148,5.941,cuda
fbcnn_bicubic,ami,036,down,036_down,2,4,96,bicjpeg93,34.339102,0.8606,32.336128,0.954118,4,0.069274,32.162656,42.765537,32.379013,0.868481,0.350917,0.338879,5.95,cuda
fbcnn_bicubic,ami,036,front,036_front,2,4,96,bicjpeg93,34.32616,0.859352,32.330314,0.953659,4,0.066902,32.132964,42.694567,32.609005,0.831942,0.32223,0.354901,5.963,cuda
fbcnn_bicubic,ami,036,left,036_left,2,4,96,bicjpeg93,35.198174,0.878548,33.161748,0.961673,4,0.060962,33.287524,43.188461,32.627345,0.824053,0.310874,0.313645,5.981,cuda
fbcnn_bicubic,ami,036,right,036_right,2,4,96,bicjpeg93,34.417385,0.879624,32.333759,0.961838,4,0.067081,32.10922,42.458583,31.896123,0.835272,0.292654,0.303376,5.989,cuda
fbcnn_bicubic,ami,036,up,036_up,2,4,96,bicjpeg93,33.749972,0.847302,31.824739,0.954864,4,0.069503,31.476574,42.286321,32.562422,0.830176,0.323396,0.331477,5.98,cuda
fbcnn_bicubic,ami,036,zoom,036_zoom,2,4,96,bicjpeg93,35.011502,0.880174,32.898948,0.960843,4,0.063737,32.858593,42.917703,33.767581,0.884843,0.265291,0.324242,5.96,cuda
fbcnn_bicubic,ami,037,back,037_back,2,4,96,bicjpeg93,34.477644,0.856478,32.361093,0.954291,4,0.060309,32.498081,42.391268,31.250842,0.847508,0.28316,0.287838,5.984,cuda
fbcnn_bicubic,ami,037,down,037_down,2,4,96,bicjpeg93,34.11721,0.856577,31.953129,0.948613,4,0.06833,31.97712,42.273237,31.691522,0.861634,0.304551,0.302609,5.974,cuda
fbcnn_bicubic,ami,037,front,037_front,2,4,96,bicjpeg93,34.606437,0.86887,32.425376,0.954646,4,0.060282,32.354721,42.485307,31.920816,0.870076,0.304115,0.300052,5.967,cuda
fbcnn_bicubic,ami,037,left,037_left,2,4,96,bicjpeg93,34.60979,0.863286,32.540486,0.951245,4,0.074706,32.630482,42.09878,31.558514,0.862394,0.283097,0.30278,5.985,cuda
fbcnn_bicubic,ami,037,right,037_right,2,4,96,bicjpeg93,34.371106,0.87284,32.265004,0.955894,4,0.072356,32.021404,42.152868,31.871212,0.828769,0.309136,0.295659,5.988,cuda
fbcnn_bicubic,ami,037,up,037_up,2,4,96,bicjpeg93,34.067419,0.855745,32.00596,0.948877,4,0.070911,31.831896,41.658462,31.560465,0.839032,0.315559,0.316477,5.96,cuda
fbcnn_bicubic,ami,037,zoom,037_zoom,2,4,96,bicjpeg93,34.520591,0.878952,32.195548,0.9588,4,0.068908,32.411085,42.237525,34.08132,0.879303,0.268338,0.30117,5.987,cuda
fbcnn_bicubic,ami,038,back,038_back,2,4,96,bicjpeg93,33.831488,0.849805,31.753907,0.954345,4,0.073903,31.466966,42.379035,31.250174,0.816581,0.234546,0.312078,5.952,cuda
fbcnn_bicubic,ami,038,down,038_down,2,4,96,bicjpeg93,32.823759,0.817663,30.971989,0.94562,4,0.087101,30.549251,41.309427,30.925624,0.83158,0.290154,0.292621,5.971,cuda
fbcnn_bicubic,ami,038,front,038_front,2,4,96,bicjpeg93,33.201649,0.826487,31.309666,0.947391,4,0.082076,30.889599,41.480859,31.220176,0.858539,0.297947,0.285339,5.964,cuda
fbcnn_bicubic,ami,038,left,038_left,2,4,96,bicjpeg93,33.830857,0.835815,32.032746,0.948284,4,0.080416,31.886716,42.330605,31.001908,0.798111,0.265906,0.322174,5.971,cuda
fbcnn_bicubic,ami,038,right,038_right,2,4,96,bicjpeg93,33.54965,0.844365,31.521502,0.951735,4,0.083963,31.322281,41.661192,31.123768,0.85985,0.287981,0.290605,5.961,cuda
fbcnn_bicubic,ami,038,up,038_up,2,4,96,bicjpeg93,32.874895,0.820602,31.007594,0.94672,4,0.087792,30.707676,41.292334,31.670569,0.817889,0.281647,0.277164,5.968,cuda
fbcnn_bicubic,ami,038,zoom,038_zoom,2,4,96,bicjpeg93,34.079283,0.857405,31.974069,0.955018,4,0.077452,31.839752,41.754969,33.48182,0.894321,0.242179,0.30791,5.953,cuda
fbcnn_bicubic,ami,039,back,039_back,2,4,96,bicjpeg93,33.981771,0.872297,31.989973,0.958416,4,0.069236,31.677664,41.838244,30.044662,0.782239,0.215224,0.268319,5.981,cuda
fbcnn_bicubic,ami,039,down,039_down,2,4,96,bicjpeg93,33.654416,0.868587,31.631224,0.956774,4,0.066264,31.543411,41.984766,29.739167,0.767917,0.224908,0.292123,5.964,cuda
fbcnn_bicubic,ami,039,front,039_front,2,4,96,bicjpeg93,34.3948,0.878859,32.228252,0.960063,4,0.062636,32.229695,42.134126,30.722736,0.794815,0.204477,0.278936,5.952,cuda
fbcnn_bicubic,ami,039,left,039_left,2,4,96,bicjpeg93,35.243304,0.894606,33.107521,0.966895,4,0.059323,33.209728,43.039116,31.719731,0.812887,0.235214,0.275006,5.966,cuda
fbcnn_bicubic,ami,039,right,039_right,2,4,96,bicjpeg93,33.585596,0.873819,31.571764,0.960989,4,0.074438,31.264071,41.596485,30.015471,0.808069,0.230751,0.294237,5.947,cuda
fbcnn_bicubic,ami,039,up,039_up,2,4,96,bicjpeg93,34.184895,0.871454,32.065695,0.956948,4,0.068522,31.975825,41.696501,30.551391,0.747106,0.204242,0.286151,5.983,cuda
fbcnn_bicubic,ami,039,zoom,039_zoom,2,4,96,bicjpeg93,34.634172,0.887822,32.323778,0.959851,4,0.065301,32.674049,41.747022,31.489249,0.81003,0.218158,0.301492,5.995,cuda
fbcnn_bicubic,ami,040,back,040_back,4,4,96,bicjpeg93,33.97735,0.863906,31.591014,0.955728,4,0.078147,31.736364,42.181206,31.271428,0.763071,0.233514,0.276418,5.978,cuda
fbcnn_bicubic,ami,040,down,040_down,4,4,96,bicjpeg93,33.612813,0.859792,31.303047,0.949991,4,0.078337,31.346222,40.922186,30.11525,0.782399,0.29754,0.287265,5.947,cuda
fbcnn_bicubic,ami,040,front,040_front,4,4,96,bicjpeg93,33.716018,0.860169,31.380021,0.952984,4,0.070057,31.587591,41.647084,30.472693,0.804114,0.281159,0.282407,5.972,cuda
fbcnn_bicubic,ami,040,left,040_left,4,4,96,bicjpeg93,34.783391,0.885624,32.499784,0.963602,4,0.068004,32.835457,42.768804,31.205553,0.800376,0.254257,0.289843,5.946,cuda
fbcnn_bicubic,ami,040,right,040_right,4,4,96,bicjpeg93,33.959554,0.871516,31.604294,0.959566,4,0.069094,31.862795,41.598867,31.114992,0.81071,0.271223,0.2775,5.977,cuda
fbcnn_bicubic,ami,040,up,040_up,4,4,96,bicjpeg93,33.68384,0.867021,31.447728,0.957655,4,0.066548,31.516008,41.703601,31.310964,0.817841,0.295109,0.29692,5.984,cuda
fbcnn_bicubic,ami,040,zoom,040_zoom,4,4,96,bicjpeg93,33.91134,0.873276,31.451793,0.956241,4,0.075248,31.723429,41.490113,32.322271,0.854768,0.302392,0.310358,5.978,cuda
fbcnn_bicubic,ami,041,back,041_back,5,4,96,bicjpeg93,33.70342,0.850408,31.523122,0.953977,4,0.0667,31.859359,41.327421,31.780507,0.817491,0.25714,0.267416,5.983,cuda
fbcnn_bicubic,ami,041,down,041_down,5,4,96,bicjpeg93,34.218856,0.862771,32.061041,0.955155,4,0.075699,32.368512,42.221556,31.295989,0.817904,0.274957,0.311113,6.001,cuda
fbcnn_bicubic,ami,041,front,041_front,5,4,96,bicjpeg93,34.168436,0.866955,32.007146,0.957183,4,0.072714,32.321564,42.116211,31.72353,0.800415,0.272894,0.302365,5.973,cuda
fbcnn_bicubic,ami,041,left,041_left,5,4,96,bicjpeg93,36.290974,0.897021,33.926399,0.966708,4,0.05375,34.614548,43.236749,33.537768,0.841288,0.261021,0.291494,5.973,cuda
fbcnn_bicubic,ami,041,right,041_right,5,4,96,bicjpeg93,33.875478,0.854221,31.560273,0.952291,4,0.071418,31.760878,41.739686,31.810156,0.804895,0.25971,0.291014,5.966,cuda
fbcnn_bicubic,ami,041,up,041_up,5,4,96,bicjpeg93,33.727046,0.857311,31.600227,0.95361,4,0.066168,31.989983,41.152773,31.916411,0.800838,0.335727,0.297777,5.983,cuda
fbcnn_bicubic,ami,041,zoom,041_zoom,5,4,96,bicjpeg93,34.90798,0.889404,32.558129,0.964223,4,0.058013,33.133305,41.976524,32.567887,0.849202,0.239098,0.313612,5.963,cuda
fbcnn_bicubic,ami,042,back,042_back,4,4,96,bicjpeg93,32.592905,0.810823,30.565929,0.944499,4,0.08679,30.286686,41.575799,31.110889,0.814141,0.244644,0.282236,5.95,cuda
fbcnn_bicubic,ami,042,down,042_down,4,4,96,bicjpeg93,33.360659,0.834346,31.246707,0.951215,4,0.082936,31.099491,41.378167,31.604933,0.845868,0.256011,0.296085,5.983,cuda
fbcnn_bicubic,ami,042,front,042_front,4,4,96,bicjpeg93,32.577543,0.81298,30.589189,0.947176,4,0.083541,30.384394,40.929607,31.873877,0.846988,0.256853,0.296831,5.976,cuda
fbcnn_bicubic,ami,042,left,042_left,4,4,96,bicjpeg93,33.807314,0.843947,31.844874,0.950639,4,0.086862,31.644114,42.098899,31.815659,0.836894,0.257433,0.312972,5.972,cuda
fbcnn_bicubic,ami,042,right,042_right,4,4,96,bicjpeg93,32.607355,0.813513,30.624911,0.948076,4,0.07582,30.399393,40.845994,32.096485,0.856244,0.24772,0.283857,5.979,cuda
fbcnn_bicubic,ami,042,up,042_up,4,4,96,bicjpeg93,32.2759,0.800486,30.298498,0.944924,4,0.084628,29.97225,41.051481,31.688841,0.821215,0.277401,0.271609,5.948,cuda
fbcnn_bicubic,ami,042,zoom,042_zoom,4,4,96,bicjpeg93,33.26419,0.845779,31.140919,0.956083,4,0.083968,31.144851,41.25808,33.989275,0.878862,0.238613,0.298733,5.941,cuda
fbcnn_bicubic,ami,043,back,043_back,4,4,96,bicjpeg93,33.637689,0.868308,31.57112,0.962972,4,0.065998,31.574371,41.431933,31.862644,0.854002,0.219973,0.286003,5.988,cuda
fbcnn_bicubic,ami,043,down,043_down,4,4,96,bicjpeg93,33.294858,0.844038,31.273402,0.957837,4,0.07292,31.437156,41.529846,31.240621,0.846347,0.289471,0.295798,5.957,cuda
fbcnn_bicubic,ami,043,front,043_front,4,4,96,bicjpeg93,33.704336,0.853232,31.662364,0.958401,4,0.066178,31.921605,41.704605,31.866708,0.839418,0.281419,0.282608,5.986,cuda
fbcnn_bicubic,ami,043,left,043_left,4,4,96,bicjpeg93,34.040712,0.86138,32.149953,0.959769,4,0.059704,32.248777,41.996734,31.293504,0.818371,0.280722,0.298101,5.982,cuda
fbcnn_bicubic,ami,043,right,043_right,4,4,96,bicjpeg93,33.70609,0.873408,31.610822,0.962772,4,0.067339,31.466748,41.389288,32.324016,0.885066,0.218948,0.300518,5.963,cuda
fbcnn_bicubic,ami,043,up,043_up,4,4,96,bicjpeg93,33.558424,0.849057,31.454575,0.957798,4,0.064042,31.611761,41.586961,32.420855,0.83905,0.280781,0.294346,5.968,cuda
fbcnn_bicubic,ami,043,zoom,043_zoom,4,4,96,bicjpeg93,34.241892,0.865656,32.064013,0.960027,4,0.073618,32.397342,41.764008,33.68557,0.891106,0.275677,0.287596,5.963,cuda
fbcnn_bicubic,ami,044,back,044_back,5,4,96,bicjpeg93,34.120317,0.880078,32.022931,0.963379,4,0.054781,31.847924,41.517717,30.753947,0.843112,0.249753,0.294691,5.973,cuda
fbcnn_bicubic,ami,044,down,044_down,5,4,96,bicjpeg93,33.760456,0.878385,31.732077,0.961498,4,0.062617,31.417929,41.813661,30.203828,0.830339,0.278193,0.315625,5.966,cuda
fbcnn_bicubic,ami,044,front,044_front,5,4,96,bicjpeg93,33.942853,0.885963,31.968866,0.964561,4,0.062443,31.595934,41.627588,30.70589,0.840031,0.270873,0.311169,5.955,cuda
fbcnn_bicubic,ami,044,left,044_left,5,4,96,bicjpeg93,33.876777,0.878183,31.892253,0.962277,4,0.063056,31.675831,42.039021,30.499281,0.819396,0.278324,0.32337,5.982,cuda
fbcnn_bicubic,ami,044,right,044_right,5,4,96,bicjpeg93,34.368972,0.884708,32.25505,0.963581,4,0.062177,32.109034,42.206691,31.476942,0.867738,0.249878,0.311561,5.951,cuda
fbcnn_bicubic,ami,044,up,044_up,5,4,96,bicjpeg93,33.919119,0.879765,31.906188,0.963063,4,0.058753,31.72639,41.779712,31.119959,0.832011,0.269479,0.32742,5.976,cuda
fbcnn_bicubic,ami,044,zoom,044_zoom,5,4,96,bicjpeg93,33.983111,0.886962,31.910927,0.965338,4,0.055942,31.703765,41.444676,32.919141,0.879658,0.257588,0.302277,5.975,cuda
fbcnn_bicubic,ami,045,back,045_back,2,4,96,bicjpeg93,33.574414,0.853057,31.458577,0.954866,4,0.082933,31.366032,41.508646,32.297179,0.814344,0.246754,0.292276,5.969,cuda
fbcnn_bicubic,ami,045,down,045_down,2,4,96,bicjpeg93,34.596045,0.879126,32.450433,0.963689,4,0.069322,32.590366,41.999306,31.963117,0.838024,0.26819,0.307836,5.972,cuda
fbcnn_bicubic,ami,045,front,045_front,2,4,96,bicjpeg93,34.459945,0.874215,32.223899,0.95837,4,0.070581,32.461013,41.835113,32.176351,0.83905,0.255034,0.318911,5.951,cuda
fbcnn_bicubic,ami,045,left,045_left,2,4,96,bicjpeg93,36.195678,0.896637,33.833519,0.969569,4,0.062841,34.20224,43.419154,34.10569,0.849632,0.255107,0.306436,5.98,cuda
fbcnn_bicubic,ami,045,right,045_right,2,4,96,bicjpeg93,33.957542,0.864345,31.734498,0.955334,4,0.083163,31.728667,41.248254,32.67183,0.82451,0.254192,0.306379,5.985,cuda
fbcnn_bicubic,ami,045,up,045_up,2,4,96,bicjpeg93,34.275508,0.872702,31.994932,0.959135,4,0.068643,32.351562,41.729122,32.318808,0.833266,0.239911,0.321719,5.98,cuda
fbcnn_bicubic,ami,045,zoom,045_zoom,2,4,96,bicjpeg93,35.650438,0.89855,33.152948,0.964174,4,0.067092,33.794427,42.515594,33.623447,0.869496,0.206637,0.295267,5.953,cuda
fbcnn_bicubic,ami,046,back,046_back,5,4,96,bicjpeg93,32.574061,0.867595,30.515155,0.960248,4,0.064492,30.295657,40.653588,32.827587,0.831826,0.26096,0.277851,5.986,cuda
fbcnn_bicubic,ami,046,down,046_down,5,4,96,bicjpeg93,34.74773,0.888585,32.471081,0.96127,4,0.058271,32.729723,41.900741,31.311615,0.844619,0.250735,0.304008,5.977,cuda
fbcnn_bicubic,ami,046,front,046_front,5,4,96,bicjpeg93,34.737148,0.887779,32.437886,0.963127,4,0.061469,32.649253,41.964501,31.653284,0.842939,0.232214,0.298705,5.96,cuda
fbcnn_bicubic,ami,046,left,046_left,5,4,96,bicjpeg93,35.777913,0.90226,33.545798,0.966611,4,0.059219,33.840115,43.276428,32.44844,0.804952,0.231795,0.290984,5.958,cuda
fbcnn_bicubic,ami,046,right,046_right,5,4,96,bicjpeg93,34.387668,0.88887,32.126644,0.964016,4,0.070785,31.989172,41.751575,32.079799,0.84901,0.212223,0.290274,5.979,cuda
fbcnn_bicubic,ami,046,up,046_up,5,4,96,bicjpeg93,33.513656,0.867007,31.154495,0.961641,4,0.062889,31.389886,41.411771,31.865582,0.823351,0.238191,0.278361,5.961,cuda
fbcnn_bicubic,ami,046,zoom,046_zoom,5,4,96,bicjpeg93,35.006152,0.89303,32.575039,0.966278,4,0.058764,32.919624,42.167053,33.132028,0.853521,0.240509,0.290242,5.964,cuda
fbcnn_bicubic,ami,047,back,047_back,3,4,96,bicjpeg93,34.434895,0.874084,32.450537,0.960685,4,0.067975,32.207161,42.59517,33.328119,0.863422,0.180915,0.266241,5.974,cuda
fbcnn_bicubic,ami,047,down,047_down,3,4,96,bicjpeg93,34.050045,0.857738,31.974521,0.955396,4,0.075734,31.80685,41.867375,31.922435,0.862305,0.231323,0.303764,5.961,cuda
fbcnn_bicubic,ami,047,front,047_front,3,4,96,bicjpeg93,34.456853,0.864284,32.30894,0.957117,4,0.063924,32.120718,42.259899,32.755429,0.870792,0.228158,0.307868,5.973,cuda
fbcnn_bicubic,ami,047,left,047_left,3,4,96,bicjpeg93,33.883924,0.845419,31.867943,0.952208,4,0.078036,31.718136,42.083374,32.955269,0.876303,0.256188,0.318207,5.995,cuda
fbcnn_bicubic,ami,047,right,047_right,3,4,96,bicjpeg93,34.42719,0.873345,32.369734,0.956453,4,0.070841,32.173796,41.967864,32.106472,0.856875,0.245375,0.311878,5.974,cuda
fbcnn_bicubic,ami,047,up,047_up,3,4,96,bicjpeg93,34.218193,0.853129,32.107063,0.951606,4,0.072477,31.838671,41.970329,32.178546,0.81391,0.262732,0.307965,5.98,cuda
fbcnn_bicubic,ami,047,zoom,047_zoom,3,4,96,bicjpeg93,35.242492,0.88834,32.941639,0.964245,4,0.065781,33.050878,42.564183,35.372554,0.901524,0.218283,0.308116,5.971,cuda
fbcnn_bicubic,ami,048,back,048_back,1,4,96,bicjpeg93,33.524493,0.861194,31.242916,0.955268,4,0.079128,31.482253,41.857153,31.661964,0.786089,0.269571,0.268689,5.984,cuda
fbcnn_bicubic,ami,048,down,048_down,1,4,96,bicjpeg93,34.316271,0.878479,32.149635,0.960818,4,0.069902,32.137929,42.036617,31.041574,0.826759,0.278522,0.301311,5.965,cuda
fbcnn_bicubic,ami,048,front,048_front,1,4,96,bicjpeg93,34.418171,0.880832,32.244155,0.960696,4,0.070252,32.31998,41.761585,31.325256,0.827976,0.237915,0.297267,5.961,cuda
fbcnn_bicubic,ami,048,left,048_left,1,4,96,bicjpeg93,35.338054,0.890417,33.253406,0.96185,4,0.060999,33.510431,42.238397,31.974349,0.834978,0.242132,0.294452,5.949,cuda
fbcnn_bicubic,ami,048,right,048_right,1,4,96,bicjpeg93,33.910461,0.87178,31.761948,0.955897,4,0.071605,31.429556,41.800025,31.111745,0.83095,0.216896,0.303609,5.969,cuda
fbcnn_bicubic,ami,048,up,048_up,1,4,96,bicjpeg93,34.122459,0.879927,31.94001,0.961709,4,0.064833,32.020364,41.494966,31.986446,0.82,0.227117,0.294761,5.976,cuda
fbcnn_bicubic,ami,048,zoom,048_zoom,1,4,96,bicjpeg93,35.40959,0.894895,32.95073,0.96603,4,0.061579,33.40026,42.646887,33.819828,0.881813,0.226081,0.289514,5.981,cuda
fbcnn_bicubic,ami,051,back,051_back,4,4,96,bicjpeg93,33.305723,0.866937,31.314513,0.960867,4,0.070819,31.234028,41.195201,31.351631,0.83398,0.293968,0.31413,5.948,cuda
fbcnn_bicubic,ami,051,down,051_down,4,4,96,bicjpeg93,33.315132,0.863207,31.374172,0.957144,4,0.071654,31.223039,41.563098,30.380741,0.822447,0.310208,0.311774,5.985,cuda
fbcnn_bicubic,ami,051,front,051_front,4,4,96,bicjpeg93,33.503521,0.869756,31.555078,0.961886,4,0.071229,31.382008,41.213392,31.925751,0.842562,0.290257,0.310152,5.963,cuda
fbcnn_bicubic,ami,051,left,051_left,4,4,96,bicjpeg93,34.99071,0.89107,32.923468,0.966043,4,0.059399,32.971381,42.43625,32.473908,0.83659,0.288327,0.290036,5.977,cuda
fbcnn_bicubic,ami,051,right,051_right,4,4,96,bicjpeg93,33.606581,0.864091,31.556012,0.95776,4,0.072136,31.222569,41.869025,30.91515,0.794946,0.261124,0.290591,5.987,cuda
fbcnn_bicubic,ami,051,up,051_up,4,4,96,bicjpeg93,33.314843,0.862994,31.357619,0.960828,4,0.068599,31.223965,41.101527,32.243465,0.85162,0.292766,0.28761,5.966,cuda
fbcnn_bicubic,ami,051,zoom,051_zoom,4,4,96,bicjpeg93,34.956429,0.899147,32.701621,0.966286,4,0.065536,32.944057,41.28031,33.685446,0.873928,0.251783,0.334342,5.97,cuda
fbcnn_bicubic,ami,052,back,052_back,1,4,96,bicjpeg93,33.168523,0.857219,31.239804,0.958127,4,0.064214,30.835135,40.867474,31.478779,0.836041,0.23534,0.290453,5.966,cuda
fbcnn_bicubic,ami,052,down,052_down,1,4,96,bicjpeg93,33.059131,0.863278,31.264835,0.963282,4,0.069849,30.981056,40.680976,31.284446,0.839928,0.224239,0.301911,5.98,cuda
fbcnn_bicubic,ami,052,front,052_front,1,4,96,bicjpeg93,32.94967,0.861752,31.086047,0.962615,4,0.073597,30.668421,40.905176,30.449903,0.813447,0.241048,0.313169,5.951,cuda
fbcnn_bicubic,ami,052,left,052_left,1,4,96,bicjpeg93,34.224687,0.888628,32.435389,0.96973,4,0.058404,32.282653,41.752059,31.022657,0.83058,0.209752,0.289835,5.954,cuda
fbcnn_bicubic,ami,052,right,052_right,1,4,96,bicjpeg93,32.347377,0.852572,30.547714,0.956348,4,0.095887,29.847756,40.615241,31.015147,0.842242,0.260723,0.29826,5.955,cuda
fbcnn_bicubic,ami,052,up,052_up,1,4,96,bicjpeg93,33.311384,0.872881,31.443744,0.965564,4,0.064762,30.915607,41.113249,30.778832,0.823372,0.256153,0.303746,5.994,cuda
fbcnn_bicubic,ami,052,zoom,052_zoom,1,4,96,bicjpeg93,33.91106,0.883806,31.857102,0.967705,4,0.061001,31.593343,41.176303,32.947008,0.869287,0.223394,0.293101,5.987,cuda
fbcnn_bicubic,ami,053,back,053_back,3,4,96,bicjpeg93,33.929483,0.861506,31.614022,0.957357,4,0.065077,31.680921,41.943542,31.394352,0.805287,0.225957,0.265424,5.961,cuda
fbcnn_bicubic,ami,053,down,053_down,3,4,96,bicjpeg93,33.051545,0.844409,30.895785,0.951272,4,0.07964,30.958719,41.453553,30.188218,0.776513,0.274895,0.299979,5.987,cuda
fbcnn_bicubic,ami,053,front,053_front,3,4,96,bicjpeg93,33.477501,0.845976,31.355699,0.949963,4,0.076383,31.248724,41.38826,30.8201,0.789267,0.274288,0.286486,5.97,cuda
fbcnn_bicubic,ami,053,left,053_left,3,4,96,bicjpeg93,34.179844,0.875766,32.043579,0.961249,4,0.059858,32.264647,41.816685,31.371528,0.786903,0.259103,0.300024,5.959,cuda
fbcnn_bicubic,ami,053,right,053_right,3,4,96,bicjpeg93,33.734303,0.861199,31.516091,0.9572,4,0.071226,31.353215,41.907829,30.957118,0.809354,0.237736,0.308108,5.942,cuda
fbcnn_bicubic,ami,053,up,053_up,3,4,96,bicjpeg93,32.984787,0.834484,30.845097,0.947486,4,0.077306,30.73241,41.167841,30.663455,0.762221,0.283058,0.286067,5.981,cuda
fbcnn_bicubic,ami,053,zoom,053_zoom,3,4,96,bicjpeg93,33.87972,0.862704,31.541584,0.953643,4,0.075208,31.907277,41.232445,32.098139,0.832725,0.287833,0.305492,5.954,cuda
fbcnn_bicubic,ami,054,back,054_back,3,4,96,bicjpeg93,33.352466,0.864929,31.02176,0.958025,4,0.070826,30.801421,41.720641,30.980694,0.788575,0.245561,0.281009,5.952,cuda
fbcnn_bicubic,ami,054,down,054_down,3,4,96,bicjpeg93,33.944636,0.875864,31.633118,0.958947,4,0.071218,31.625823,41.613273,31.185829,0.831011,0.271933,0.31,5.986,cuda
fbcnn_bicubic,ami,054,front,054_front,3,4,96,bicjpeg93,33.854959,0.871021,31.66117,0.958539,4,0.068859,31.554039,41.280312,31.217573,0.800222,0.248844,0.277377,5.988,cuda
fbcnn_bicubic,ami,054,left,054_left,3,4,96,bicjpeg93,34.478059,0.873755,32.457761,0.961784,4,0.067098,32.456327,42.027471,31.910132,0.819012,0.251429,0.286615,5.971,cuda
fbcnn_bicubic,ami,054,right,054_right,3,4,96,bicjpeg93,33.645629,0.86289,31.649107,0.957335,4,0.075304,31.255104,40.889008,30.786874,0.793475,0.241789,0.279829,5.958,cuda
fbcnn_bicubic,ami,054,up,054_up,3,4,96,bicjpeg93,32.884565,0.853915,30.301302,0.955136,4,0.071778,30.784163,41.326395,31.362867,0.807639,0.283783,0.273703,5.952,cuda
fbcnn_bicubic,ami,054,zoom,054_zoom,3,4,96,bicjpeg93,34.131124,0.876678,31.765265,0.960886,4,0.068888,31.735087,42.032687,32.332974,0.84501,0.225091,0.281655,5.972,cuda
fbcnn_bicubic,ami,055,back,055_back,2,4,96,bicjpeg93,34.070747,0.873671,32.011735,0.960022,4,0.069791,31.678306,42.494486,30.70133,0.761083,0.227137,0.26965,5.973,cuda
fbcnn_bicubic,ami,055,down,055_down,2,4,96,bicjpeg93,33.844688,0.871445,31.82285,0.958077,4,0.067664,31.589674,41.303975,30.260025,0.805204,0.2177,0.292334,5.952,cuda
fbcnn_bicubic,ami,055,front,055_front,2,4,96,bicjpeg93,34.197615,0.884742,32.031941,0.960776,4,0.07097,31.759356,41.799979,31.319806,0.782634,0.205673,0.289994,5.978,cuda
fbcnn_bicubic,ami,055,left,055_left,2,4,96,bicjpeg93,34.30799,0.876693,32.186586,0.958895,4,0.06727,32.151009,41.75719,31.333905,0.798993,0.219846,0.290178,5.991,cuda
fbcnn_bicubic,ami,055,right,055_right,2,4,96,bicjpeg93,33.754876,0.878689,31.63879,0.959165,4,0.081283,31.076692,41.708759,31.016353,0.793725,0.216903,0.311046,5.96,cuda
fbcnn_bicubic,ami,055,up,055_up,2,4,96,bicjpeg93,33.749615,0.877634,31.661454,0.960712,4,0.072396,31.353083,41.510012,30.87651,0.775624,0.225325,0.303565,5.972,cuda
fbcnn_bicubic,ami,055,zoom,055_zoom,2,4,96,bicjpeg93,34.491886,0.893033,32.060457,0.963918,4,0.06626,32.214887,41.504472,32.765871,0.822954,0.201171,0.293517,5.949,cuda
fbcnn_bicubic,ami,056,back,056_back,4,4,96,bicjpeg93,32.76151,0.857483,30.888782,0.953815,4,0.07512,30.059722,41.117216,29.946675,0.792821,0.228692,0.295803,5.969,cuda
fbcnn_bicubic,ami,056,down,056_down,4,4,96,bicjpeg93,33.086838,0.852323,31.197013,0.951509,4,0.080528,30.684675,41.069216,29.573524,0.779218,0.242374,0.292141,5.964,cuda
fbcnn_bicubic,ami,056,front,056_front,4,4,96,bicjpeg93,32.431747,0.842992,30.554326,0.946895,4,0.083264,30.081988,40.087187,29.117289,0.791131,0.226134,0.30424,5.984,cuda
fbcnn_bicubic,ami,056,left,056_left,4,4,96,bicjpeg93,33.456722,0.873922,31.654557,0.957544,4,0.076672,31.156921,41.518954,29.770294,0.738048,0.226571,0.278978,5.983,cuda
fbcnn_bicubic,ami,056,right,056_right,4,4,96,bicjpeg93,32.69256,0.866772,30.8265,0.955254,4,0.089645,30.199498,40.707624,29.69315,0.774391,0.22499,0.284626,5.961,cuda
fbcnn_bicubic,ami,056,up,056_up,4,4,96,bicjpeg93,32.202768,0.847943,30.413894,0.954969,4,0.077542,29.570146,41.032056,30.024607,0.784567,0.242618,0.286077,5.972,cuda
fbcnn_bicubic,ami,056,zoom,056_zoom,4,4,96,bicjpeg93,33.534974,0.869137,31.519671,0.957991,4,0.071218,31.24941,40.987695,31.813623,0.859235,0.203255,0.283371,5.946,cuda
fbcnn_bicubic,ami,057,back,057_back,5,4,96,bicjpeg93,32.850224,0.860216,30.80203,0.958451,4,0.078048,30.466428,40.814255,32.427045,0.822269,0.249751,0.26843,5.956,cuda
fbcnn_bicubic,ami,057,down,057_down,5,4,96,bicjpeg93,33.622493,0.868529,31.591627,0.96121,4,0.079137,31.271214,41.521301,32.626588,0.883341,0.272143,0.314849,5.976,cuda
fbcnn_bicubic,ami,057,front,057_front,5,4,96,bicjpeg93,33.201769,0.860624,31.220379,0.960538,4,0.077429,30.84079,41.313524,31.978185,0.835427,0.262996,0.310005,5.98,cuda
fbcnn_bicubic,ami,057,left,057_left,5,4,96,bicjpeg93,34.106699,0.88263,32.10566,0.966038,4,0.068526,32.051317,41.571655,31.484534,0.823322,0.275393,0.327995,5.961,cuda
fbcnn_bicubic,ami,057,right,057_right,5,4,96,bicjpeg93,33.88509,0.878567,31.759843,0.96248,4,0.06993,31.696961,41.520432,33.579996,0.877807,0.242302,0.271301,5.963,cuda
fbcnn_bicubic,ami,057,up,057_up,5,4,96,bicjpeg93,31.463004,0.849136,29.593769,0.957367,4,0.0895,28.887978,40.422784,31.766947,0.824985,0.262914,0.28645,5.971,cuda
fbcnn_bicubic,ami,057,zoom,057_zoom,5,4,96,bicjpeg93,34.174558,0.887543,31.860161,0.966359,4,0.064892,31.724617,41.330296,33.71273,0.866886,0.243078,0.308257,5.953,cuda
fbcnn_bicubic,ami,058,back,058_back,5,4,96,bicjpeg93,34.380367,0.890019,32.260665,0.965658,4,0.065136,32.117967,41.95512,30.918295,0.802934,0.182275,0.259208,5.97,cuda
fbcnn_bicubic,ami,058,down,058_down,5,4,96,bicjpeg93,33.938516,0.880214,31.923346,0.959078,4,0.065058,31.834813,41.463693,31.26626,0.804323,0.230587,0.29857,5.973,cuda
fbcnn_bicubic,ami,058,front,058_front,5,4,96,bicjpeg93,33.42516,0.867277,31.418496,0.956854,4,0.070571,31.379051,41.176955,30.795138,0.790196,0.247936,0.292087,5.981,cuda
fbcnn_bicubic,ami,058,left,058_left,5,4,96,bicjpeg93,34.570072,0.895319,32.623393,0.964114,4,0.063283,32.651244,41.825273,31.517003,0.818716,0.223705,0.293292,5.949,cuda
fbcnn_bicubic,ami,058,right,058_right,5,4,96,bicjpeg93,33.991839,0.877259,31.898534,0.962619,4,0.075775,31.728198,41.489968,30.724259,0.813382,0.24856,0.267488,5.938,cuda
fbcnn_bicubic,ami,058,up,058_up,5,4,96,bicjpeg93,33.487261,0.865626,31.445616,0.956811,4,0.071676,31.336942,41.408911,30.988113,0.782272,0.235947,0.3003,5.973,cuda
fbcnn_bicubic,ami,058,zoom,058_zoom,5,4,96,bicjpeg93,34.385555,0.89037,32.115595,0.963147,4,0.0631,32.35578,41.56905,32.662119,0.844628,0.21386,0.275749,5.961,cuda
fbcnn_bicubic,ami,059,back,059_back,3,4,96,bicjpeg93,34.945069,0.886663,32.933266,0.961622,4,0.062612,32.798585,42.198225,32.331631,0.828185,0.209187,0.277942,5.946,cuda
fbcnn_bicubic,ami,059,down,059_down,3,4,96,bicjpeg93,34.54193,0.88279,32.658516,0.961048,4,0.064454,32.408465,42.179028,32.291749,0.855102,0.257,0.322666,5.958,cuda
fbcnn_bicubic,ami,059,front,059_front,3,4,96,bicjpeg93,34.300089,0.879401,32.404541,0.960888,4,0.064758,32.03001,42.162818,32.080786,0.836276,0.254485,0.328154,5.946,cuda
fbcnn_bicubic,ami,059,left,059_left,3,4,96,bicjpeg93,34.645183,0.887134,32.753894,0.961961,4,0.066532,32.303046,42.223206,31.805591,0.841539,0.210958,0.313961,5.96,cuda
fbcnn_bicubic,ami,059,right,059_right,3,4,96,bicjpeg93,33.956666,0.890308,32.031957,0.965076,4,0.066469,31.468764,41.509072,32.355635,0.841624,0.22111,0.281853,5.982,cuda
fbcnn_bicubic,ami,059,up,059_up,3,4,96,bicjpeg93,34.128949,0.874249,32.248249,0.959558,4,0.066688,31.936868,41.827387,32.378991,0.812533,0.244071,0.307288,5.977,cuda
fbcnn_bicubic,ami,059,zoom,059_zoom,3,4,96,bicjpeg93,34.838077,0.892802,32.762029,0.96511,4,0.060263,32.649812,41.893543,33.676049,0.877075,0.223312,0.326463,5.97,cuda
fbcnn_bicubic,ami,061,back,061_back,2,4,96,bicjpeg93,35.043705,0.88339,33.04171,0.962459,4,0.063752,33.062534,42.740771,32.270719,0.809597,0.22642,0.27225,5.973,cuda
fbcnn_bicubic,ami,061,down,061_down,2,4,96,bicjpeg93,34.835253,0.876355,32.915439,0.960143,4,0.073019,32.571098,42.353717,32.007354,0.86543,0.237317,0.266561,5.963,cuda
fbcnn_bicubic,ami,061,front,061_front,2,4,96,bicjpeg93,34.623794,0.871071,32.642855,0.957868,4,0.065885,32.594493,42.34402,31.476047,0.804492,0.232728,0.311928,5.964,cuda
fbcnn_bicubic,ami,061,left,061_left,2,4,96,bicjpeg93,34.751968,0.872733,33.000387,0.955675,4,0.067855,32.745069,42.669484,31.050226,0.76934,0.230942,0.29579,5.983,cuda
fbcnn_bicubic,ami,061,right,061_right,2,4,96,bicjpeg93,34.679871,0.880276,32.593609,0.960248,4,0.071115,32.413951,42.492337,31.755608,0.809646,0.228903,0.280897,5.954,cuda
fbcnn_bicubic,ami,061,up,061_up,2,4,96,bicjpeg93,34.709178,0.873754,32.706362,0.959053,4,0.068012,32.676707,41.79896,31.919184,0.807536,0.27249,0.297703,5.949,cuda
fbcnn_bicubic,ami,061,zoom,061_zoom,2,4,96,bicjpeg93,35.312588,0.890302,33.086471,0.963099,4,0.065414,33.232832,42.315306,33.284297,0.853612,0.222255,0.317836,5.982,cuda
fbcnn_bicubic,ami,062,back,062_back,3,4,96,bicjpeg93,33.828305,0.87668,31.786193,0.96515,4,0.064141,31.720117,41.900107,33.346354,0.84977,0.245217,0.277758,5.924,cuda
fbcnn_bicubic,ami,062,down,062_down,3,4,96,bicjpeg93,34.87291,0.891602,32.64207,0.973033,4,0.049436,33.250038,42.815361,33.770072,0.853757,0.282988,0.305258,5.962,cuda
fbcnn_bicubic,ami,062,front,062_front,3,4,96,bicjpeg93,34.196679,0.877254,31.995602,0.966865,4,0.060898,32.400524,41.756035,33.154627,0.821627,0.256071,0.304864,5.948,cuda
fbcnn_bicubic,ami,062,left,062_left,3,4,96,bicjpeg93,35.223727,0.887711,32.998999,0.968289,4,0.056615,33.670281,42.484919,33.762262,0.821924,0.297795,0.300641,5.965,cuda
fbcnn_bicubic,ami,062,right,062_right,3,4,96,bicjpeg93,34.11544,0.862576,31.809506,0.956634,4,0.071111,32.145127,41.900681,32.585258,0.838768,0.260984,0.284144,5.947,cuda
fbcnn_bicubic,ami,062,up,062_up,3,4,96,bicjpeg93,32.208448,0.863792,30.260502,0.961802,4,0.079617,29.964412,41.311805,32.817451,0.835682,0.274448,0.299357,5.956,cuda
fbcnn_bicubic,ami,062,zoom,062_zoom,3,4,96,bicjpeg93,35.224878,0.89942,32.837322,0.970826,4,0.054419,33.614271,42.675447,34.134118,0.859885,0.249752,0.307113,5.979,cuda
fbcnn_bicubic,ami,063,back,063_back,4,4,96,bicjpeg93,35.082721,0.886858,32.919277,0.965091,4,0.061783,32.847964,42.518062,32.071195,0.835668,0.218572,0.236922,5.968,cuda
fbcnn_bicubic,ami,063,down,063_down,4,4,96,bicjpeg93,34.122846,0.874648,32.198908,0.957531,4,0.066334,31.844652,41.871523,31.642915,0.856135,0.255301,0.314101,5.959,cuda
fbcnn_bicubic,ami,063,front,063_front,4,4,96,bicjpeg93,34.651224,0.88163,32.707221,0.961582,4,0.068268,32.45008,42.162327,32.173968,0.871789,0.248319,0.310008,5.931,cuda
fbcnn_bicubic,ami,063,left,063_left,4,4,96,bicjpeg93,35.311503,0.887692,33.308997,0.961858,4,0.063304,33.500718,42.683088,31.73727,0.799232,0.214076,0.313389,5.931,cuda
fbcnn_bicubic,ami,063,right,063_right,4,4,96,bicjpeg93,34.335216,0.873877,32.357074,0.960001,4,0.071628,32.195998,41.791513,32.116504,0.867195,0.25098,0.30296,5.977,cuda
fbcnn_bicubic,ami,063,up,063_up,4,4,96,bicjpeg93,34.259228,0.865853,32.31044,0.958648,4,0.067347,32.120539,41.862296,31.814207,0.822345,0.264316,0.314732,5.978,cuda
fbcnn_bicubic,ami,063,zoom,063_zoom,4,4,96,bicjpeg93,35.519603,0.905786,33.282895,0.968984,4,0.059054,33.256047,42.813815,35.005397,0.902479,0.217231,0.335778,5.993,cuda
fbcnn_bicubic,ami,064,back,064_back,5,4,96,bicjpeg93,33.639662,0.849856,31.484941,0.955167,4,0.066155,31.609928,41.771642,31.293924,0.795827,0.256459,0.268169,5.986,cuda
fbcnn_bicubic,ami,064,down,064_down,5,4,96,bicjpeg93,33.469684,0.844891,31.454732,0.953297,4,0.072977,31.123996,41.709002,30.042199,0.796174,0.3026,0.27663,5.953,cuda
fbcnn_bicubic,ami,064,front,064_front,5,4,96,bicjpeg93,34.096394,0.8603,32.075807,0.956607,4,0.071119,31.949678,41.896617,31.1984,0.822904,0.250185,0.294172,6.014,cuda
fbcnn_bicubic,ami,064,left,064_left,5,4,96,bicjpeg93,34.344335,0.864685,32.388082,0.960118,4,0.062797,32.183004,42.00041,31.208973,0.796277,0.257555,0.28507,5.986,cuda
fbcnn_bicubic,ami,064,right,064_right,5,4,96,bicjpeg93,34.118815,0.869814,32.055574,0.962394,4,0.071769,31.803876,41.628978,31.427319,0.803619,0.233536,0.287693,5.944,cuda
fbcnn_bicubic,ami,064,up,064_up,5,4,96,bicjpeg93,33.837121,0.856654,31.730307,0.957534,4,0.067862,31.732112,41.873638,31.00585,0.816864,0.256629,0.280195,5.971,cuda
fbcnn_bicubic,ami,064,zoom,064_zoom,5,4,96,bicjpeg93,34.104996,0.865531,31.926616,0.959485,4,0.076229,32.029832,41.90823,32.022494,0.851829,0.246336,0.277001,5.959,cuda
fbcnn_bicubic,ami,065,back,065_back,3,4,96,bicjpeg93,33.195102,0.854671,31.149378,0.956363,4,0.072686,30.792427,41.509217,31.688403,0.834749,0.266506,0.272932,5.98,cuda
fbcnn_bicubic,ami,065,down,065_down,3,4,96,bicjpeg93,34.432727,0.884351,32.333908,0.964394,4,0.071968,32.275662,42.246677,31.982238,0.871799,0.260223,0.296692,5.98,cuda
fbcnn_bicubic,ami,065,front,065_front,3,4,96,bicjpeg93,34.143127,0.878702,32.068497,0.965266,4,0.067307,32.143323,42.276335,33.522824,0.866677,0.247565,0.268831,5.963,cuda
fbcnn_bicubic,ami,065,left,065_left,3,4,96,bicjpeg93,35.768828,0.899645,33.64645,0.966508,4,0.071042,33.691728,43.247814,32.629322,0.817263,0.2462,0.296923,5.972,cuda
fbcnn_bicubic,ami,065,right,065_right,3,4,96,bicjpeg93,33.584344,0.873119,31.531432,0.962919,4,0.075731,31.229539,41.773666,32.53472,0.885343,0.26182,0.285603,5.986,cuda
fbcnn_bicubic,ami,065,up,065_up,3,4,96,bicjpeg93,33.949653,0.875177,31.94123,0.964848,4,0.062976,32.081208,41.465153,33.499816,0.865152,0.253255,0.276789,5.947,cuda
fbcnn_bicubic,ami,065,zoom,065_zoom,3,4,96,bicjpeg93,35.570622,0.900553,33.082743,0.96858,4,0.066003,33.514709,42.157365,35.087247,0.880468,0.223751,0.313912,5.969,cuda
fbcnn_bicubic,ami,066,back,066_back,4,4,96,bicjpeg93,34.4474,0.881156,32.326962,0.963485,4,0.06712,32.117782,42.488729,32.806913,0.882058,0.219739,0.284927,5.943,cuda
fbcnn_bicubic,ami,066,down,066_down,4,4,96,bicjpeg93,34.433387,0.868118,32.330046,0.956222,4,0.074423,32.161996,41.992782,32.750616,0.855067,0.247345,0.281159,5.974,cuda
fbcnn_bicubic,ami,066,front,066_front,4,4,96,bicjpeg93,34.441929,0.867267,32.315457,0.955709,4,0.073489,32.209868,42.242052,32.556884,0.844322,0.242031,0.296617,5.967,cuda
fbcnn_bicubic,ami,066,left,066_left,4,4,96,bicjpeg93,34.766153,0.879441,32.813996,0.958516,4,0.073423,32.865682,42.052416,31.717343,0.845496,0.244593,0.275327,5.984,cuda
fbcnn_bicubic,ami,066,right,066_right,4,4,96,bicjpeg93,34.209778,0.874592,32.09477,0.959878,4,0.072394,31.799121,42.315964,33.244815,0.869821,0.236146,0.272044,5.971,cuda
fbcnn_bicubic,ami,066,up,066_up,4,4,96,bicjpeg93,34.101132,0.861396,31.979182,0.955756,4,0.065336,31.873828,41.46442,32.066848,0.843065,0.241351,0.281132,5.97,cuda
fbcnn_bicubic,ami,066,zoom,066_zoom,4,4,96,bicjpeg93,34.698191,0.877263,32.338504,0.957865,4,0.075153,32.590035,42.002318,35.179992,0.898516,0.25719,0.276493,5.99,cuda
fbcnn_bicubic,ami,067,back,067_back,2,4,96,bicjpeg93,34.231864,0.858666,31.850641,0.956728,4,0.067257,32.150766,41.69312,31.775881,0.825795,0.264162,0.278409,5.978,cuda
fbcnn_bicubic,ami,067,down,067_down,2,4,96,bicjpeg93,34.179473,0.854435,31.795772,0.953709,4,0.063481,32.223049,41.727882,31.997466,0.798302,0.312757,0.319972,5.95,cuda
fbcnn_bicubic,ami,067,front,067_front,2,4,96,bicjpeg93,34.166833,0.853361,31.786747,0.953112,4,0.06483,32.132311,41.78565,32.007317,0.809691,0.277031,0.290777,5.955,cuda
fbcnn_bicubic,ami,067,left,067_left,2,4,96,bicjpeg93,34.090923,0.853959,31.854817,0.955147,4,0.068421,32.359729,42.21409,31.297934,0.801244,0.315476,0.331468,5.968,cuda
fbcnn_bicubic,ami,067,right,067_right,2,4,96,bicjpeg93,33.615524,0.858947,31.344177,0.957862,4,0.076534,31.467262,41.534847,31.115563,0.816619,0.289053,0.304882,5.946,cuda
fbcnn_bicubic,ami,067,up,067_up,2,4,96,bicjpeg93,34.008827,0.847437,31.717438,0.951115,4,0.06859,32.124214,41.611197,31.748648,0.79506,0.285832,0.288076,5.984,cuda
fbcnn_bicubic,ami,067,zoom,067_zoom,2,4,96,bicjpeg93,34.531449,0.865934,32.034807,0.957009,4,0.063861,32.545432,41.860721,32.986093,0.842818,0.301616,0.288991,5.974,cuda
fbcnn_bicubic,ami,068,back,068_back,2,4,96,bicjpeg93,33.064729,0.831094,31.174923,0.95135,4,0.072475,30.812736,41.498772,31.51336,0.831784,0.246283,0.295934,5.953,cuda
fbcnn_bicubic,ami,068,down,068_down,2,4,96,bicjpeg93,33.461417,0.867865,31.438184,0.959662,4,0.066047,31.269056,41.082795,31.372476,0.83787,0.256474,0.306751,5.984,cuda
fbcnn_bicubic,ami,068,front,068_front,2,4,96,bicjpeg93,33.487087,0.862735,31.39982,0.958677,4,0.067038,31.305819,40.953603,32.233032,0.865594,0.250289,0.296553,5.975,cuda
fbcnn_bicubic,ami,068,left,068_left,2,4,96,bicjpeg93,34.082296,0.875101,32.03831,0.961002,4,0.068843,32.185457,41.717149,31.315016,0.831714,0.253881,0.307809,5.983,cuda
fbcnn_bicubic,ami,068,right,068_right,2,4,96,bicjpeg93,33.31088,0.867139,31.223385,0.960376,4,0.071022,30.87483,41.355034,31.798487,0.863226,0.266737,0.291427,5.97,cuda
fbcnn_bicubic,ami,068,up,068_up,2,4,96,bicjpeg93,33.360485,0.859833,31.343689,0.959418,4,0.065527,31.272343,41.258837,31.466742,0.860254,0.249485,0.291211,5.959,cuda
fbcnn_bicubic,ami,068,zoom,068_zoom,2,4,96,bicjpeg93,34.476458,0.887571,32.187672,0.967232,4,0.061886,32.27832,42.0586,34.397324,0.901831,0.237896,0.291858,5.965,cuda
fbcnn_bicubic,ami,069,back,069_back,4,4,96,bicjpeg93,33.263354,0.860042,31.177151,0.960906,4,0.064595,30.783301,41.242551,31.123434,0.829592,0.247099,0.303044,5.98,cuda
fbcnn_bicubic,ami,069,down,069_down,4,4,96,bicjpeg93,31.765767,0.843581,29.947735,0.955467,4,0.076253,29.244661,39.714032,30.442174,0.812495,0.327555,0.295319,5.944,cuda
fbcnn_bicubic,ami,069,front,069_front,4,4,96,bicjpeg93,32.497282,0.855468,30.663245,0.960641,4,0.068713,30.107906,39.912767,30.951273,0.826842,0.306582,0.302051,5.973,cuda
fbcnn_bicubic,ami,069,left,069_left,4,4,96,bicjpeg93,32.383679,0.854435,30.656175,0.955454,4,0.076297,29.701528,41.02313,30.326778,0.799167,0.297355,0.281351,5.963,cuda
fbcnn_bicubic,ami,069,right,069_right,4,4,96,bicjpeg93,32.707872,0.8644,30.838571,0.958753,4,0.076649,30.123808,40.731604,30.415889,0.828287,0.28721,0.293703,5.932,cuda
fbcnn_bicubic,ami,069,up,069_up,4,4,96,bicjpeg93,31.978198,0.848235,30.196733,0.959949,4,0.079495,29.590482,39.75929,30.496337,0.798141,0.30142,0.313602,5.97,cuda
fbcnn_bicubic,ami,069,zoom,069_zoom,4,4,96,bicjpeg93,32.722171,0.854627,30.754257,0.961996,4,0.069426,30.256755,40.241557,32.25428,0.858032,0.31418,0.290281,5.949,cuda
fbcnn_bicubic,ami,070,back,070_back,3,4,96,bicjpeg93,33.222922,0.851749,30.955841,0.954066,4,0.077035,31.026024,41.300763,32.925796,0.822441,0.233937,0.252666,5.976,cuda
fbcnn_bicubic,ami,070,down,070_down,3,4,96,bicjpeg93,32.803588,0.845215,30.755741,0.954473,4,0.083271,30.720457,40.980664,31.012235,0.812422,0.295927,0.306792,5.971,cuda
fbcnn_bicubic,ami,070,front,070_front,3,4,96,bicjpeg93,33.223482,0.851224,31.024216,0.954323,4,0.077754,30.949586,40.94825,32.76367,0.846605,0.262133,0.297601,5.937,cuda
fbcnn_bicubic,ami,070,left,070_left,3,4,96,bicjpeg93,33.984449,0.867577,32.102676,0.956471,4,0.077592,31.943479,41.727614,31.823488,0.81365,0.280704,0.284499,5.974,cuda
fbcnn_bicubic,ami,070,right,070_right,3,4,96,bicjpeg93,32.921415,0.841403,30.968677,0.947455,4,0.092807,30.544157,41.478434,32.067168,0.806142,0.252059,0.28867,5.965,cuda
fbcnn_bicubic,ami,070,up,070_up,3,4,96,bicjpeg93,33.418153,0.853611,31.316159,0.95689,4,0.074135,30.941233,41.35731,32.867869,0.824115,0.281854,0.298004,5.977,cuda
fbcnn_bicubic,ami,070,zoom,070_zoom,3,4,96,bicjpeg93,34.219888,0.874925,31.810021,0.960849,4,0.069801,32.022882,41.442854,34.499213,0.884119,0.229897,0.275333,5.937,cuda
fbcnn_bicubic,ami,071,back,071_back,2,4,96,bicjpeg93,33.397813,0.865452,31.411102,0.961192,4,0.066596,31.113809,41.348174,31.692542,0.83828,0.246636,0.302993,5.978,cuda
fbcnn_bicubic,ami,071,down,071_down,2,4,96,bicjpeg93,32.255075,0.846427,30.28177,0.951698,4,0.078486,29.995343,40.391545,31.314332,0.845833,0.278341,0.295931,5.973,cuda
fbcnn_bicubic,ami,071,front,071_front,2,4,96,bicjpeg93,32.097608,0.84454,30.149862,0.95253,4,0.089833,29.778228,40.340495,30.942472,0.816195,0.271673,0.289605,5.982,cuda
fbcnn_bicubic,ami,071,left,071_left,2,4,96,bicjpeg93,32.931321,0.864847,30.952428,0.95802,4,0.065755,30.575696,40.759957,31.285191,0.820806,0.28468,0.301362,5.947,cuda
fbcnn_bicubic,ami,071,right,071_right,2,4,96,bicjpeg93,32.851438,0.846373,30.777487,0.955269,4,0.077403,30.36313,41.372542,30.421041,0.801334,0.270413,0.284753,5.964,cuda
fbcnn_bicubic,ami,071,up,071_up,2,4,96,bicjpeg93,31.827788,0.835484,29.8733,0.953719,4,0.078902,29.559818,40.307411,30.984846,0.792742,0.291177,0.27704,5.967,cuda
fbcnn_bicubic,ami,071,zoom,071_zoom,2,4,96,bicjpeg93,33.227164,0.87309,31.047994,0.962994,4,0.066077,30.795165,41.208523,33.435405,0.864595,0.278602,0.302222,5.976,cuda
fbcnn_bicubic,ami,072,back,072_back,1,4,96,bicjpeg93,35.115041,0.885553,32.738198,0.961375,4,0.061214,33.134548,41.774574,32.092445,0.808343,0.192043,0.288813,5.983,cuda
fbcnn_bicubic,ami,072,down,072_down,1,4,96,bicjpeg93,35.499112,0.900347,33.371225,0.964724,4,0.062719,33.578672,42.379348,32.479623,0.852217,0.183766,0.266636,5.946,cuda
fbcnn_bicubic,ami,072,front,072_front,1,4,96,bicjpeg93,35.616472,0.900262,33.487668,0.963714,4,0.060891,33.561176,42.861578,32.608984,0.838496,0.197959,0.281242,5.956,cuda
fbcnn_bicubic,ami,072,left,072_left,1,4,96,bicjpeg93,35.799487,0.893501,33.662672,0.964402,4,0.060746,33.9638,43.086977,32.866494,0.813041,0.245978,0.310572,5.953,cuda
fbcnn_bicubic,ami,072,right,072_right,1,4,96,bicjpeg93,36.247022,0.916299,33.94765,0.972394,4,0.049574,34.181033,43.472006,32.983228,0.863806,0.209274,0.264433,5.975,cuda
fbcnn_bicubic,ami,072,up,072_up,1,4,96,bicjpeg93,35.686892,0.903025,33.55536,0.964827,4,0.060516,33.588035,42.644153,32.739226,0.833157,0.213188,0.284811,5.967,cuda
fbcnn_bicubic,ami,072,zoom,072_zoom,1,4,96,bicjpeg93,36.507669,0.915431,34.037955,0.966363,4,0.054468,34.555112,42.467049,33.998587,0.88171,0.165342,0.267881,5.94,cuda
fbcnn_bicubic,ami,073,back,073_back,1,4,96,bicjpeg93,34.913584,0.88922,32.646488,0.963462,4,0.067803,32.902795,41.931278,31.422705,0.784491,0.195467,0.27898,5.972,cuda
fbcnn_bicubic,ami,073,down,073_down,1,4,96,bicjpeg93,34.91965,0.899298,32.817602,0.967169,4,0.061322,33.041895,42.076029,31.583555,0.840954,0.239904,0.317418,5.964,cuda
fbcnn_bicubic,ami,073,front,073_front,1,4,96,bicjpeg93,34.81427,0.887794,32.685161,0.963716,4,0.062985,32.829515,42.029816,32.02839,0.819728,0.256693,0.312017,5.946,cuda
fbcnn_bicubic,ami,073,left,073_left,1,4,96,bicjpeg93,35.628549,0.900946,33.623327,0.968011,4,0.055852,33.810282,42.687682,32.141103,0.812303,0.255143,0.297938,5.974,cuda
fbcnn_bicubic,ami,073,right,073_right,1,4,96,bicjpeg93,34.36471,0.881696,32.156008,0.960838,4,0.070337,32.061156,42.108233,31.671126,0.799305,0.234902,0.303995,5.991,cuda
fbcnn_bicubic,ami,073,up,073_up,1,4,96,bicjpeg93,34.381935,0.879068,32.294481,0.963524,4,0.070305,32.419925,42.112708,31.864481,0.795587,0.260116,0.287946,5.968,cuda
fbcnn_bicubic,ami,073,zoom,073_zoom,1,4,96,bicjpeg93,35.889559,0.906845,33.450067,0.967033,4,0.060261,33.889795,42.43584,32.978736,0.850313,0.202088,0.310439,5.963,cuda
fbcnn_bicubic,ami,074,back,074_back,1,4,96,bicjpeg93,34.518615,0.86455,32.561643,0.959107,4,0.067214,32.400563,42.701565,31.725676,0.797917,0.261488,0.316844,5.952,cuda
fbcnn_bicubic,ami,074,down,074_down,1,4,96,bicjpeg93,33.704471,0.844683,31.874648,0.944906,4,0.08526,31.534707,41.441532,30.639791,0.770692,0.25914,0.31346,5.966,cuda
fbcnn_bicubic,ami,074,front,074_front,1,4,96,bicjpeg93,33.799519,0.847264,31.862398,0.947692,4,0.080489,31.631884,41.39444,30.987234,0.791241,0.261511,0.30012,5.983,cuda
fbcnn_bicubic,ami,074,left,074_left,1,4,96,bicjpeg93,34.613154,0.866102,32.730189,0.954785,4,0.070131,32.52103,41.909961,32.492755,0.79039,0.245623,0.308303,5.975,cuda
fbcnn_bicubic,ami,074,right,074_right,1,4,96,bicjpeg93,34.004016,0.870328,31.967473,0.956811,4,0.07576,31.63612,41.874268,31.193105,0.767993,0.272757,0.297288,5.953,cuda
fbcnn_bicubic,ami,074,up,074_up,1,4,96,bicjpeg93,33.883262,0.85037,31.989594,0.951512,4,0.074544,31.776397,41.625201,31.348881,0.785539,0.254303,0.297511,5.981,cuda
fbcnn_bicubic,ami,074,zoom,074_zoom,1,4,96,bicjpeg93,34.896656,0.883455,32.673846,0.961321,4,0.067671,32.941206,42.146102,32.52973,0.842987,0.251972,0.304813,5.942,cuda
fbcnn_bicubic,ami,075,back,075_back,3,4,96,bicjpeg93,33.729907,0.84421,31.266698,0.952051,4,0.071595,31.651641,41.597888,32.276355,0.802359,0.258707,0.252682,5.967,cuda
fbcnn_bicubic,ami,075,down,075_down,3,4,96,bicjpeg93,32.961051,0.842374,30.677242,0.954221,4,0.077169,30.873463,41.32091,31.865643,0.845438,0.301798,0.309555,5.962,cuda
fbcnn_bicubic,ami,075,front,075_front,3,4,96,bicjpeg93,32.512812,0.82606,30.354253,0.952435,4,0.073332,30.440427,41.160528,32.764833,0.845804,0.267404,0.275356,5.962,cuda
fbcnn_bicubic,ami,075,left,075_left,3,4,96,bicjpeg93,33.612699,0.853256,31.548174,0.957525,4,0.06987,31.371464,42.223452,32.710648,0.807837,0.289441,0.315052,5.963,cuda
fbcnn_bicubic,ami,075,right,075_right,3,4,96,bicjpeg93,33.950525,0.868202,31.562096,0.961896,4,0.072157,31.734442,41.750087,32.962852,0.858923,0.249524,0.278482,5.943,cuda
fbcnn_bicubic,ami,075,up,075_up,3,4,96,bicjpeg93,32.832202,0.830889,30.649116,0.952552,4,0.065545,30.618316,40.941171,33.033751,0.841741,0.283022,0.284931,5.955,cuda
fbcnn_bicubic,ami,075,zoom,075_zoom,3,4,96,bicjpeg93,33.690812,0.874699,31.342235,0.964312,4,0.065025,31.524509,41.622962,35.06726,0.897054,0.266105,0.293849,5.979,cuda
fbcnn_bicubic,ami,076,back,076_back,5,4,96,bicjpeg93,34.640093,0.882301,32.341343,0.962157,4,0.068028,32.290495,41.973816,32.47084,0.886595,0.213161,0.272898,5.983,cuda
fbcnn_bicubic,ami,076,down,076_down,5,4,96,bicjpeg93,33.614166,0.865516,31.395615,0.956968,4,0.075902,31.495882,41.660883,31.996329,0.876619,0.251038,0.283137,5.984,cuda
fbcnn_bicubic,ami,076,front,076_front,5,4,96,bicjpeg93,33.714386,0.865334,31.49563,0.955477,4,0.078808,31.63045,41.592771,32.10345,0.879411,0.242179,0.28901,5.974,cuda
fbcnn_bicubic,ami,076,left,076_left,5,4,96,bicjpeg93,34.302007,0.873523,32.069169,0.960981,4,0.067563,32.27226,42.04635,32.548551,0.880659,0.233615,0.271513,5.938,cuda
fbcnn_bicubic,ami,076,right,076_right,5,4,96,bicjpeg93,33.54219,0.858734,31.381724,0.953401,4,0.079059,31.450184,41.353512,31.934395,0.886045,0.235393,0.278023,5.967,cuda
fbcnn_bicubic,ami,076,up,076_up,5,4,96,bicjpeg93,33.548819,0.859928,31.319658,0.956118,4,0.075348,31.345798,41.274025,32.293522,0.86258,0.250863,0.267033,5.983,cuda
fbcnn_bicubic,ami,076,zoom,076_zoom,5,4,96,bicjpeg93,34.643475,0.895435,32.048847,0.965685,4,0.0704,32.599243,41.616752,36.158334,0.928518,0.223259,0.287427,5.973,cuda
fbcnn_bicubic,ami,077,back,077_back,2,4,96,bicjpeg93,34.771887,0.867969,32.659829,0.955768,4,0.073081,32.541456,41.824393,31.89372,0.81142,0.205291,0.310583,5.967,cuda
fbcnn_bicubic,ami,077,down,077_down,2,4,96,bicjpeg93,33.94947,0.848124,31.957706,0.953356,4,0.067444,31.922587,41.671507,30.351558,0.780793,0.271607,0.327048,5.974,cuda
fbcnn_bicubic,ami,077,front,077_front,2,4,96,bicjpeg93,34.486909,0.861228,32.464058,0.955295,4,0.060973,32.335935,41.555653,31.437228,0.795178,0.251795,0.337606,5.984,cuda
fbcnn_bicubic,ami,077,left,077_left,2,4,96,bicjpeg93,34.678873,0.86713,32.560078,0.960752,4,0.065072,32.645199,42.0583,32.499865,0.836891,0.278795,0.324409,5.977,cuda
fbcnn_bicubic,ami,077,right,077_right,2,4,96,bicjpeg93,35.223406,0.895268,33.026872,0.967568,4,0.062495,32.587842,42.546071,32.03517,0.845141,0.182464,0.316285,5.966,cuda
fbcnn_bicubic,ami,077,up,077_up,2,4,96,bicjpeg93,34.47977,0.860484,32.480203,0.957199,4,0.061071,32.333007,42.006405,31.362392,0.801928,0.241105,0.30821,5.986,cuda
fbcnn_bicubic,ami,077,zoom,077_zoom,2,4,96,bicjpeg93,34.953455,0.876399,32.706362,0.960235,4,0.062503,32.753157,41.708672,32.692277,0.840445,0.213137,0.326608,5.969,cuda
fbcnn_bicubic,ami,078,back,078_back,2,4,96,bicjpeg93,34.018875,0.860043,31.706919,0.95212,4,0.072799,31.879507,41.439248,31.454738,0.79804,0.258612,0.291426,5.938,cuda
fbcnn_bicubic,ami,078,down,078_down,2,4,96,bicjpeg93,33.534023,0.835273,31.465956,0.944431,4,0.085566,31.223871,41.733308,30.608659,0.784993,0.299384,0.276278,5.945,cuda
fbcnn_bicubic,ami,078,front,078_front,2,4,96,bicjpeg93,33.762123,0.851243,31.697375,0.945803,4,0.078853,31.533502,40.970618,31.602144,0.844278,0.247926,0.304734,5.958,cuda
fbcnn_bicubic,ami,078,left,078_left,2,4,96,bicjpeg93,33.686368,0.847695,31.60769,0.94893,4,0.078202,31.461765,41.604644,31.132321,0.810995,0.286073,0.307903,5.984,cuda
fbcnn_bicubic,ami,078,right,078_right,2,4,96,bicjpeg93,33.717327,0.860865,31.59295,0.952803,4,0.08044,31.443845,41.18986,31.448681,0.832214,0.231174,0.277478,5.978,cuda
fbcnn_bicubic,ami,078,up,078_up,2,4,96,bicjpeg93,33.872537,0.8479,31.812463,0.947832,4,0.075449,31.711596,41.467416,32.227684,0.812354,0.281542,0.296996,5.958,cuda
fbcnn_bicubic,ami,078,zoom,078_zoom,2,4,96,bicjpeg93,34.446119,0.871468,32.186975,0.951247,4,0.093417,32.157655,41.79123,33.642014,0.889222,0.245384,0.290722,5.983,cuda
fbcnn_bicubic,ami,079,back,079_back,4,4,96,bicjpeg93,34.230196,0.866317,31.696435,0.960392,4,0.061206,32.354636,42.156669,31.558303,0.780176,0.290097,0.293821,5.978,cuda
fbcnn_bicubic,ami,079,down,079_down,4,4,96,bicjpeg93,33.805745,0.865736,31.647339,0.959617,4,0.073335,31.655714,42.224558,31.531885,0.822015,0.280303,0.298116,5.983,cuda
fbcnn_bicubic,ami,079,front,079_front,4,4,96,bicjpeg93,33.579983,0.855067,31.382963,0.958709,4,0.06601,31.522317,41.931187,31.982076,0.810777,0.306579,0.274428,5.99,cuda
fbcnn_bicubic,ami,079,left,079_left,4,4,96,bicjpeg93,34.719523,0.880379,32.518991,0.960966,4,0.061699,32.863357,42.341881,31.917795,0.79606,0.286533,0.282971,5.959,cuda
fbcnn_bicubic,ami,079,right,079_right,4,4,96,bicjpeg93,33.580402,0.866201,31.395231,0.956626,4,0.076352,31.21637,41.619602,30.928154,0.79057,0.264446,0.288832,5.972,cuda
fbcnn_bicubic,ami,079,up,079_up,4,4,96,bicjpeg93,33.383223,0.850815,31.178032,0.956784,4,0.062487,31.423708,41.557533,31.517945,0.803417,0.282983,0.282313,5.954,cuda
fbcnn_bicubic,ami,079,zoom,079_zoom,4,4,96,bicjpeg93,34.009244,0.866196,31.644135,0.958582,4,0.064338,31.90855,42.096891,33.220512,0.84019,0.289782,0.289129,5.957,cuda
fbcnn_bicubic,ami,080,back,080_back,3,4,96,bicjpeg93,34.718628,0.880008,32.563065,0.959693,4,0.073457,32.531826,42.517871,30.167439,0.730123,0.236421,0.328411,5.932,cuda
fbcnn_bicubic,ami,080,down,080_down,3,4,96,bicjpeg93,34.849283,0.877993,32.729818,0.957068,4,0.074483,32.787117,43.085293,30.438294,0.751696,0.253603,0.320946,5.974,cuda
fbcnn_bicubic,ami,080,front,080_front,3,4,96,bicjpeg93,35.205891,0.88614,33.031005,0.957833,4,0.065659,33.089261,42.765445,30.867642,0.756606,0.207996,0.327201,5.981,cuda
fbcnn_bicubic,ami,080,left,080_left,3,4,96,bicjpeg93,35.545078,0.896512,33.368756,0.96527,4,0.063087,33.65932,43.236971,30.945556,0.762156,0.252228,0.310383,5.961,cuda
fbcnn_bicubic,ami,080,right,080_right,3,4,96,bicjpeg93,34.964763,0.897378,32.849288,0.965166,4,0.065426,32.264478,42.707397,31.686222,0.822308,0.219955,0.318609,5.948,cuda
fbcnn_bicubic,ami,080,up,080_up,3,4,96,bicjpeg93,35.023325,0.879498,32.837633,0.959965,4,0.061642,33.042296,42.48751,31.109666,0.774238,0.255115,0.31939,5.97,cuda
fbcnn_bicubic,ami,080,zoom,080_zoom,3,4,96,bicjpeg93,35.857628,0.899975,33.402458,0.962508,4,0.058536,33.819176,42.688198,32.043177,0.814087,0.206142,0.315142,5.981,cuda
fbcnn_bicubic,ami,081,back,081_back,1,4,96,bicjpeg93,35.045834,0.884968,32.603108,0.963695,4,0.058348,32.829623,42.561175,31.220495,0.792912,0.223873,0.27755,5.975,cuda
fbcnn_bicubic,ami,081,down,081_down,1,4,96,bicjpeg93,34.212007,0.860338,32.160683,0.955164,4,0.063502,31.887204,42.270452,29.911571,0.769005,0.307958,0.333282,5.978,cuda
fbcnn_bicubic,ami,081,front,081_front,1,4,96,bicjpeg93,34.164283,0.852955,32.017106,0.954898,4,0.062302,31.861408,42.40947,30.391655,0.774795,0.319087,0.32169,5.946,cuda
fbcnn_bicubic,ami,081,left,081_left,1,4,96,bicjpeg93,35.043141,0.863911,32.957543,0.957862,4,0.064332,33.047688,43.274224,31.147849,0.760357,0.310313,0.371198,5.929,cuda
fbcnn_bicubic,ami,081,right,081_right,1,4,96,bicjpeg93,35.661729,0.911464,33.321154,0.971106,4,0.05623,33.298199,43.185159,31.02876,0.819024,0.195068,0.267273,5.943,cuda
fbcnn_bicubic,ami,081,up,081_up,1,4,96,bicjpeg93,33.667646,0.844475,31.583127,0.954185,4,0.067556,31.388529,42.715973,30.117466,0.77369,0.32283,0.328988,5.96,cuda
fbcnn_bicubic,ami,081,zoom,081_zoom,1,4,96,bicjpeg93,34.710419,0.87081,32.48439,0.957234,4,0.065088,32.555301,42.577729,31.36852,0.816738,0.262576,0.321301,5.951,cuda
fbcnn_bicubic,ami,082,back,082_back,2,4,96,bicjpeg93,34.153631,0.87926,32.089193,0.963765,4,0.070548,31.687402,42.429305,30.895066,0.809639,0.219084,0.300734,5.987,cuda
fbcnn_bicubic,ami,082,down,082_down,2,4,96,bicjpeg93,33.221595,0.853908,31.356082,0.955566,4,0.075359,30.719058,41.378058,30.357617,0.837893,0.290818,0.307975,5.993,cuda
fbcnn_bicubic,ami,082,front,082_front,2,4,96,bicjpeg93,33.267566,0.852468,31.402465,0.954264,4,0.078443,30.794657,41.186578,30.183618,0.824384,0.304111,0.321851,5.966,cuda
fbcnn_bicubic,ami,082,left,082_left,2,4,96,bicjpeg93,33.4137,0.862575,31.553439,0.9577,4,0.075198,30.919097,41.559733,30.135817,0.814727,0.268417,0.290549,5.958,cuda
fbcnn_bicubic,ami,082,right,082_right,2,4,96,bicjpeg93,34.205382,0.872991,32.237999,0.959874,4,0.071726,31.69796,42.499935,31.30513,0.825471,0.276382,0.297698,5.948,cuda
fbcnn_bicubic,ami,082,up,082_up,2,4,96,bicjpeg93,34.082927,0.872696,32.014271,0.960628,4,0.06953,31.602593,41.880802,31.1878,0.82984,0.321757,0.312702,5.976,cuda
fbcnn_bicubic,ami,082,zoom,082_zoom,2,4,96,bicjpeg93,34.118894,0.877347,32.14266,0.9648,4,0.068078,31.657989,41.639976,32.186898,0.879923,0.281502,0.307739,5.974,cuda
fbcnn_bicubic,ami,083,back,083_back,4,4,96,bicjpeg93,34.131347,0.859502,31.925769,0.959638,4,0.07417,31.835783,42.054336,31.800898,0.798818,0.235134,0.285186,5.962,cuda
fbcnn_bicubic,ami,083,down,083_down,4,4,96,bicjpeg93,32.925009,0.815972,30.947912,0.945364,4,0.085935,30.492306,41.562579,31.198324,0.804016,0.289405,0.310242,5.968,cuda
fbcnn_bicubic,ami,083,front,083_front,4,4,96,bicjpeg93,33.252395,0.826237,31.235978,0.949893,4,0.083043,30.963259,41.442789,31.203322,0.785351,0.282006,0.332334,5.993,cuda
fbcnn_bicubic,ami,083,left,083_left,4,4,96,bicjpeg93,34.33597,0.867396,32.207959,0.963161,4,0.058256,31.99787,42.204805,31.577959,0.844773,0.281974,0.31178,5.97,cuda
fbcnn_bicubic,ami,083,right,083_right,4,4,96,bicjpeg93,34.792367,0.888008,32.55201,0.968652,4,0.058786,32.408703,42.465942,32.303618,0.839543,0.226534,0.292468,5.951,cuda
fbcnn_bicubic,ami,083,up,083_up,4,4,96,bicjpeg93,33.399812,0.835373,31.293953,0.957144,4,0.066805,30.985334,41.982721,31.449743,0.841081,0.311205,0.336513,5.966,cuda
fbcnn_bicubic,ami,083,zoom,083_zoom,4,4,96,bicjpeg93,34.224241,0.860289,31.963467,0.960366,4,0.067906,31.952674,41.927768,32.912198,0.84696,0.254325,0.331512,5.962,cuda
fbcnn_bicubic,ami,084,back,084_back,3,4,96,bicjpeg93,34.048602,0.851544,31.877957,0.954515,4,0.070846,31.790126,42.053918,31.387141,0.761385,0.261113,0.271026,5.944,cuda
fbcnn_bicubic,ami,084,down,084_down,3,4,96,bicjpeg93,33.058554,0.836349,31.087615,0.946349,4,0.081977,30.82321,41.727,29.705334,0.761618,0.310579,0.312053,5.971,cuda
fbcnn_bicubic,ami,084,front,084_front,3,4,96,bicjpeg93,32.76306,0.826351,30.837519,0.941751,4,0.093109,30.506729,41.289154,30.045717,0.774325,0.313192,0.322287,5.962,cuda
fbcnn_bicubic,ami,084,left,084_left,3,4,96,bicjpeg93,34.084817,0.855344,32.060403,0.951477,4,0.07187,31.850715,41.821608,30.995798,0.769104,0.279788,0.328295,5.976,cuda
fbcnn_bicubic,ami,084,right,084_right,3,4,96,bicjpeg93,33.961338,0.858663,31.723368,0.955357,4,0.07307,31.680537,41.60502,31.269714,0.78643,0.231715,0.26853,5.95,cuda
fbcnn_bicubic,ami,084,up,084_up,3,4,96,bicjpeg93,32.703723,0.828627,30.744533,0.945177,4,0.083801,30.460631,40.69602,30.990971,0.782327,0.254251,0.293282,5.985,cuda
fbcnn_bicubic,ami,084,zoom,084_zoom,3,4,96,bicjpeg93,33.812772,0.862411,31.633654,0.954499,4,0.07386,31.544549,41.587214,31.625879,0.843713,0.275123,0.310461,5.965,cuda
fbcnn_bicubic,ami,085,back,085_back,4,4,96,bicjpeg93,35.983681,0.893349,33.681228,0.964336,4,0.055682,33.932724,43.642752,31.894553,0.744618,0.230117,0.276406,5.946,cuda
fbcnn_bicubic,ami,085,down,085_down,4,4,96,bicjpeg93,34.975128,0.874751,33.026789,0.960114,4,0.061973,33.05764,43.16575,31.170563,0.741507,0.280601,0.313689,5.96,cuda
fbcnn_bicubic,ami,085,front,085_front,4,4,96,bicjpeg93,35.276589,0.880496,33.289972,0.960803,4,0.065196,33.326461,43.125355,31.634878,0.749074,0.270786,0.279754,5.974,cuda
fbcnn_bicubic,ami,085,left,085_left,4,4,96,bicjpeg93,35.569627,0.880346,33.501314,0.961425,4,0.066742,33.467453,43.532518,32.07047,0.761318,0.28036,0.299728,5.974,cuda
fbcnn_bicubic,ami,085,right,085_right,4,4,96,bicjpeg93,34.63149,0.876876,32.619967,0.961711,4,0.073768,32.564533,42.535776,31.241253,0.812147,0.258849,0.298959,5.98,cuda
fbcnn_bicubic,ami,085,up,085_up,4,4,96,bicjpeg93,34.776392,0.867673,32.803905,0.954909,4,0.070327,32.834929,42.566213,31.314835,0.740785,0.265249,0.295874,5.931,cuda
fbcnn_bicubic,ami,085,zoom,085_zoom,4,4,96,bicjpeg93,35.336152,0.883163,33.227497,0.959699,4,0.065368,33.562508,42.754278,32.258976,0.787761,0.258803,0.31408,5.951,cuda
fbcnn_bicubic,ami,086,back,086_back,5,4,96,bicjpeg93,34.12879,0.865939,31.952792,0.959283,4,0.065198,32.20465,41.861927,31.337347,0.825142,0.212694,0.276219,5.972,cuda
fbcnn_bicubic,ami,086,down,086_down,5,4,96,bicjpeg93,33.478273,0.844628,31.331303,0.949711,4,0.088076,31.275946,42.268051,30.851526,0.827571,0.30963,0.298517,5.973,cuda
fbcnn_bicubic,ami,086,front,086_front,5,4,96,bicjpeg93,33.145301,0.844853,31.03552,0.947838,4,0.079608,30.905491,41.460149,29.92875,0.802413,0.278789,0.287455,5.944,cuda
fbcnn_bicubic,ami,086,left,086_left,5,4,96,bicjpeg93,34.161099,0.860927,31.924482,0.953388,4,0.068743,32.125452,42.108504,31.599644,0.800706,0.277562,0.301986,5.953,cuda
fbcnn_bicubic,ami,086,right,086_right,5,4,96,bicjpeg93,34.41637,0.873248,32.19057,0.956533,4,0.073921,32.2397,42.056522,32.681866,0.827474,0.204491,0.289441,5.971,cuda
fbcnn_bicubic,ami,086,up,086_up,5,4,96,bicjpeg93,33.691936,0.852446,31.46322,0.954762,4,0.069776,31.524404,41.614261,31.458253,0.799524,0.273646,0.281837,5.982,cuda
fbcnn_bicubic,ami,086,zoom,086_zoom,5,4,96,bicjpeg93,33.625689,0.854891,31.459255,0.948751,4,0.080572,31.499402,41.252261,32.539561,0.851556,0.258687,0.279083,5.97,cuda
fbcnn_bicubic,ami,087,back,087_back,4,4,96,bicjpeg93,33.798096,0.854401,31.63064,0.954304,4,0.072142,31.525006,42.173843,30.990581,0.803463,0.245651,0.273888,5.962,cuda
fbcnn_bicubic,ami,087,down,087_down,4,4,96,bicjpeg93,33.772957,0.868153,31.744077,0.955972,4,0.077658,31.662746,41.195229,31.041759,0.829449,0.249005,0.271829,5.984,cuda
fbcnn_bicubic,ami,087,front,087_front,4,4,96,bicjpeg93,34.115145,0.874527,32.106854,0.956881,4,0.076766,32.035807,41.880059,31.171091,0.828698,0.20856,0.279364,5.961,cuda
fbcnn_bicubic,ami,087,left,087_left,4,4,96,bicjpeg93,34.40354,0.868584,32.444929,0.955576,4,0.07116,32.412412,42.326451,31.747104,0.828328,0.239639,0.309069,5.981,cuda
fbcnn_bicubic,ami,087,right,087_right,4,4,96,bicjpeg93,34.511838,0.893551,32.40484,0.965527,4,0.069532,32.20363,42.017881,31.838343,0.84219,0.192819,0.258202,5.982,cuda
fbcnn_bicubic,ami,087,up,087_up,4,4,96,bicjpeg93,33.552665,0.868899,31.594833,0.956398,4,0.070101,31.63799,41.010922,30.903546,0.784583,0.248748,0.265911,5.966,cuda
fbcnn_bicubic,ami,087,zoom,087_zoom,4,4,96,bicjpeg93,34.889777,0.893889,32.541664,0.96421,4,0.066196,32.858226,41.696276,33.050793,0.857232,0.20877,0.282744,5.985,cuda
fbcnn_bicubic,ami,088,back,088_back,1,4,96,bicjpeg93,32.824568,0.841451,30.908316,0.949138,4,0.077112,30.535734,41.175798,32.16431,0.825075,0.235345,0.281535,5.983,cuda
fbcnn_bicubic,ami,088,down,088_down,1,4,96,bicjpeg93,34.032745,0.87614,31.816962,0.958505,4,0.072433,31.824909,41.827322,32.709887,0.870396,0.247231,0.287886,5.986,cuda
fbcnn_bicubic,ami,088,front,088_front,1,4,96,bicjpeg93,33.808818,0.871055,31.668051,0.958897,4,0.070576,31.588712,41.3901,32.417371,0.827952,0.267945,0.297718,5.964,cuda
fbcnn_bicubic,ami,088,left,088_left,1,4,96,bicjpeg93,34.726104,0.887075,32.627919,0.959626,4,0.07203,32.653328,42.185877,31.86058,0.813528,0.247392,0.324955,5.975,cuda
fbcnn_bicubic,ami,088,right,088_right,1,4,96,bicjpeg93,34.442271,0.893134,32.153573,0.967916,4,0.07083,32.133592,41.94951,33.533655,0.887481,0.231905,0.269909,5.966,cuda
fbcnn_bicubic,ami,088,up,088_up,1,4,96,bicjpeg93,33.840376,0.878257,31.857381,0.962512,4,0.070964,31.52057,41.422809,32.070822,0.85198,0.243179,0.275084,5.955,cuda
fbcnn_bicubic,ami,088,zoom,088_zoom,1,4,96,bicjpeg93,34.220056,0.886423,31.81048,0.961558,4,0.070733,32.036603,41.163834,33.898521,0.887114,0.245584,0.318911,5.961,cuda
fbcnn_bicubic,ami,089,back,089_back,1,4,96,bicjpeg93,34.069155,0.887027,32.088682,0.965032,4,0.061854,32.044783,41.662721,30.590145,0.813807,0.2024,0.283679,5.956,cuda
fbcnn_bicubic,ami,089,down,089_down,1,4,96,bicjpeg93,34.048556,0.868081,32.053652,0.95808,4,0.068534,32.079403,41.205645,31.179403,0.829044,0.282316,0.280884,5.972,cuda
fbcnn_bicubic,ami,089,front,089_front,1,4,96,bicjpeg93,33.916197,0.868969,31.979285,0.958219,4,0.067434,31.827934,41.492786,31.301387,0.802034,0.266232,0.281617,5.966,cuda
fbcnn_bicubic,ami,089,left,089_left,1,4,96,bicjpeg93,34.17161,0.869637,32.288518,0.958799,4,0.066417,32.221204,42.056863,31.773337,0.822336,0.269075,0.289106,5.972,cuda
fbcnn_bicubic,ami,089,right,089_right,1,4,96,bicjpeg93,34.399914,0.879986,32.362254,0.96281,4,0.062061,32.086496,41.695264,31.949219,0.819022,0.226613,0.285174,5.985,cuda
fbcnn_bicubic,ami,089,up,089_up,1,4,96,bicjpeg93,34.427587,0.875821,32.322783,0.962265,4,0.057761,32.418435,41.884397,31.947778,0.806188,0.256953,0.285287,5.967,cuda
fbcnn_bicubic,ami,089,zoom,089_zoom,1,4,96,bicjpeg93,34.620289,0.888082,32.424978,0.964931,4,0.062891,32.698959,41.503571,33.579155,0.876987,0.256347,0.271476,5.968,cuda
fbcnn_bicubic,ami,090,back,090_back,1,4,96,bicjpeg93,31.952117,0.852992,29.962044,0.950768,4,0.090925,29.374755,40.152032,29.524351,0.809991,0.228017,0.278738,5.963,cuda
fbcnn_bicubic,ami,090,down,090_down,1,4,96,bicjpeg93,32.140019,0.858011,30.162961,0.953909,4,0.08263,29.583823,40.595055,29.222606,0.844628,0.278648,0.287739,5.959,cuda
fbcnn_bicubic,ami,090,front,090_front,1,4,96,bicjpeg93,32.082105,0.856906,30.146443,0.953697,4,0.081108,29.542237,40.226118,30.560515,0.823414,0.280043,0.306524,5.975,cuda
fbcnn_bicubic,ami,090,left,090_left,1,4,96,bicjpeg93,32.246917,0.867999,30.29349,0.957828,4,0.071824,29.68208,40.565997,30.235394,0.811096,0.27759,0.290388,5.95,cuda
fbcnn_bicubic,ami,090,right,090_right,1,4,96,bicjpeg93,32.6067,0.863979,30.605009,0.955968,4,0.083276,30.088759,41.213546,29.257521,0.812759,0.266329,0.291576,5.948,cuda
fbcnn_bicubic,ami,090,up,090_up,1,4,96,bicjpeg93,32.135301,0.859698,30.082723,0.954346,4,0.077368,29.613288,40.297775,30.679662,0.812146,0.300042,0.297112,5.974,cuda
fbcnn_bicubic,ami,090,zoom,090_zoom,1,4,96,bicjpeg93,32.481004,0.87803,30.332637,0.958564,4,0.07224,30.012168,40.154038,32.928829,0.859956,0.229185,0.277956,5.947,cuda
fbcnn_bicubic,ami,091,back,091_back,4,4,96,bicjpeg93,31.653626,0.809982,29.853783,0.94494,4,0.094824,29.106545,41.084095,30.430319,0.815855,0.289072,0.279418,5.955,cuda
fbcnn_bicubic,ami,091,down,091_down,4,4,96,bicjpeg93,32.054956,0.822346,30.259485,0.95276,4,0.086925,29.435058,40.898001,31.078086,0.852322,0.29117,0.302518,5.938,cuda
fbcnn_bicubic,ami,091,front,091_front,4,4,96,bicjpeg93,32.049637,0.811136,30.189007,0.9483,4,0.087791,29.601539,41.153984,31.349421,0.846563,0.286553,0.3057,5.979,cuda
fbcnn_bicubic,ami,091,left,091_left,4,4,96,bicjpeg93,33.356382,0.850702,31.444734,0.956846,4,0.07015,30.89069,41.634051,31.247275,0.833052,0.316308,0.308722,5.983,cuda
fbcnn_bicubic,ami,091,right,091_right,4,4,96,bicjpeg93,33.101107,0.851243,31.123517,0.957058,4,0.080211,30.607074,40.822139,30.844044,0.821243,0.309518,0.33478,5.967,cuda
fbcnn_bicubic,ami,091,up,091_up,4,4,96,bicjpeg93,32.132974,0.814696,30.331378,0.946637,4,0.082728,29.745587,40.585716,30.508017,0.811766,0.306922,0.294353,5.978,cuda
fbcnn_bicubic,ami,091,zoom,091_zoom,4,4,96,bicjpeg93,32.936884,0.842336,30.877969,0.959293,4,0.076805,30.482614,41.981742,33.082809,0.888116,0.293844,0.301714,5.972,cuda
fbcnn_bicubic,ami,092,back,092_back,3,4,96,bicjpeg93,32.599505,0.808911,30.033125,0.944475,4,0.076439,30.22213,41.226799,31.849664,0.806849,0.314009,0.315282,5.987,cuda
fbcnn_bicubic,ami,092,down,092_down,3,4,96,bicjpeg93,32.666371,0.799729,30.296896,0.939741,4,0.085431,30.627083,41.247661,31.500708,0.83064,0.327297,0.323841,5.973,cuda
fbcnn_bicubic,ami,092,front,092_front,3,4,96,bicjpeg93,32.562857,0.800648,30.193467,0.941035,4,0.080827,30.404169,41.2863,30.685336,0.777354,0.30692,0.312982,5.973,cuda
fbcnn_bicubic,ami,092,left,092_left,3,4,96,bicjpeg93,34.201509,0.839826,31.886674,0.951806,4,0.067095,32.373021,42.274184,31.98217,0.801223,0.322105,0.354722,5.972,cuda
fbcnn_bicubic,ami,092,right,092_right,3,4,96,bicjpeg93,33.043993,0.804951,30.633217,0.945844,4,0.076845,30.964832,41.565736,31.564775,0.820305,0.326844,0.317794,5.968,cuda
fbcnn_bicubic,ami,092,up,092_up,3,4,96,bicjpeg93,32.834987,0.810939,30.288232,0.942268,4,0.071571,30.695699,41.127375,30.98427,0.769534,0.3306,0.323173,5.963,cuda
fbcnn_bicubic,ami,092,zoom,092_zoom,3,4,96,bicjpeg93,33.90224,0.848551,31.291116,0.954563,4,0.070685,31.759774,41.429581,32.581949,0.825755,0.308212,0.321583,5.968,cuda
fbcnn_bicubic,ami,093,back,093_back,4,4,96,bicjpeg93,32.734357,0.828662,30.768122,0.949338,4,0.070587,30.494531,41.449776,32.001845,0.778101,0.248599,0.309033,5.977,cuda
fbcnn_bicubic,ami,093,down,093_down,4,4,96,bicjpeg93,33.747099,0.86006,31.777282,0.956446,4,0.069124,31.964956,41.479976,31.429038,0.820671,0.246347,0.309275,5.958,cuda
fbcnn_bicubic,ami,093,front,093_front,4,4,96,bicjpeg93,33.372254,0.852966,31.390734,0.955863,4,0.071105,31.443634,41.295328,31.762814,0.807857,0.273476,0.300805,5.981,cuda
fbcnn_bicubic,ami,093,left,093_left,4,4,96,bicjpeg93,34.311531,0.871302,32.370208,0.95935,4,0.068982,32.408866,42.245889,32.482996,0.764865,0.285438,0.317963,5.986,cuda
fbcnn_bicubic,ami,093,right,093_right,4,4,96,bicjpeg93,33.527116,0.857392,31.495041,0.958129,4,0.068209,31.301567,41.790364,32.371093,0.83686,0.289978,0.283745,5.962,cuda
fbcnn_bicubic,ami,093,up,093_up,4,4,96,bicjpeg93,32.673486,0.834928,30.771938,0.952087,4,0.075852,30.567861,40.816185,31.839731,0.807548,0.275249,0.302495,5.98,cuda
fbcnn_bicubic,ami,093,zoom,093_zoom,4,4,96,bicjpeg93,33.605173,0.867795,31.505755,0.959614,4,0.062677,31.873831,40.884007,33.165485,0.839763,0.317288,0.300526,5.975,cuda
fbcnn_bicubic,ami,094,back,094_back,3,4,96,bicjpeg93,32.198157,0.838602,30.151773,0.949085,4,0.09129,29.411485,41.441448,31.079295,0.779447,0.285692,0.30841,5.977,cuda
fbcnn_bicubic,ami,094,down,094_down,3,4,96,bicjpeg93,33.957457,0.871317,31.92843,0.958849,4,0.06857,31.873721,41.294895,32.171177,0.863835,0.221561,0.285294,5.973,cuda
fbcnn_bicubic,ami,094,front,094_front,3,4,96,bicjpeg93,34.440117,0.878754,32.25513,0.961136,4,0.061219,32.45034,41.878664,32.07377,0.826725,0.215002,0.270848,5.98,cuda
fbcnn_bicubic,ami,094,left,094_left,3,4,96,bicjpeg93,34.505907,0.879474,32.435202,0.96443,4,0.060824,32.594851,42.399127,32.273855,0.856963,0.223059,0.283707,5.945,cuda
fbcnn_bicubic,ami,094,right,094_right,3,4,96,bicjpeg93,33.075904,0.857812,31.139474,0.95948,4,0.085937,30.779768,41.489801,32.322314,0.845794,0.217977,0.294822,5.985,cuda
fbcnn_bicubic,ami,094,up,094_up,3,4,96,bicjpeg93,33.748147,0.867657,31.544658,0.960672,4,0.069125,31.615311,41.415151,32.248325,0.830555,0.230939,0.285416,5.961,cuda
fbcnn_bicubic,ami,094,zoom,094_zoom,3,4,96,bicjpeg93,33.802293,0.872835,31.654592,0.961396,4,0.069548,31.657218,41.360144,33.747971,0.86077,0.223529,0.289223,5.943,cuda
fbcnn_bicubic,ami,095,back,095_back,3,4,96,bicjpeg93,33.903702,0.877978,32.02399,0.965419,4,0.069299,31.506707,41.915975,29.954169,0.763051,0.266453,0.280783,5.99,cuda
fbcnn_bicubic,ami,095,down,095_down,3,4,96,bicjpeg93,33.374907,0.855077,31.519915,0.951454,4,0.081375,30.92794,41.876711,29.967459,0.712695,0.271848,0.289915,5.96,cuda
fbcnn_bicubic,ami,095,front,095_front,3,4,96,bicjpeg93,33.141211,0.855381,31.293202,0.952531,4,0.08237,30.753632,41.068696,29.653904,0.714565,0.26756,0.284536,5.972,cuda
fbcnn_bicubic,ami,095,left,095_left,3,4,96,bicjpeg93,33.369307,0.853811,31.63609,0.95413,4,0.07926,30.927795,41.4229,29.764754,0.72942,0.286952,0.28989,5.975,cuda
fbcnn_bicubic,ami,095,right,095_right,3,4,96,bicjpeg93,33.16554,0.876924,31.227298,0.964157,4,0.082335,30.546454,40.883211,29.731625,0.78055,0.237321,0.29083,5.983,cuda
fbcnn_bicubic,ami,095,up,095_up,3,4,96,bicjpeg93,33.029768,0.850313,31.051112,0.956235,4,0.075073,30.641563,41.462342,30.280144,0.774462,0.273921,0.297651,5.976,cuda
fbcnn_bicubic,ami,095,zoom,095_zoom,3,4,96,bicjpeg93,33.458241,0.860153,31.475387,0.954945,4,0.07369,31.06994,41.408641,30.667385,0.742836,0.253777,0.299892,5.978,cuda
fbcnn_bicubic,ami,096,back,096_back,5,4,96,bicjpeg93,32.755121,0.840318,30.560304,0.960052,4,0.064735,30.345595,41.81298,32.325204,0.816457,0.306383,0.308191,5.963,cuda
fbcnn_bicubic,ami,096,down,096_down,5,4,96,bicjpeg93,32.548052,0.851126,30.333243,0.960738,4,0.063694,30.204471,41.325992,31.526694,0.842221,0.313889,0.298971,5.944,cuda
fbcnn_bicubic,ami,096,front,096_front,5,4,96,bicjpeg93,31.92913,0.839901,29.780315,0.957606,4,0.074098,29.220562,41.553798,32.302453,0.808254,0.310503,0.272191,5.959,cuda
fbcnn_bicubic,ami,096,left,096_left,5,4,96,bicjpeg93,33.698205,0.858889,31.526255,0.960787,4,0.060251,31.703305,42.083464,31.473502,0.788425,0.309321,0.284005,5.96,cuda
fbcnn_bicubic,ami,096,right,096_right,5,4,96,bicjpeg93,32.751156,0.842498,30.597552,0.959184,4,0.082922,30.556989,41.356493,32.056503,0.819721,0.293879,0.278273,5.93,cuda
fbcnn_bicubic,ami,096,up,096_up,5,4,96,bicjpeg93,32.12063,0.828021,30.009144,0.957677,4,0.069969,29.936709,41.266558,31.990427,0.823743,0.300492,0.296473,5.944,cuda
fbcnn_bicubic,ami,096,zoom,096_zoom,5,4,96,bicjpeg93,32.998087,0.852024,30.745885,0.959464,4,0.077313,30.779139,41.482803,32.996516,0.824968,0.292733,0.29474,5.959,cuda
fbcnn_bicubic,ami,097,back,097_back,4,4,96,bicjpeg93,33.72367,0.857819,31.612122,0.951866,4,0.073665,31.349913,42.005778,30.602783,0.757629,0.271303,0.307399,5.974,cuda
fbcnn_bicubic,ami,097,down,097_down,4,4,96,bicjpeg93,33.566769,0.859495,31.497683,0.954484,4,0.074715,31.104408,42.28497,30.849796,0.837844,0.261802,0.311195,5.962,cuda
fbcnn_bicubic,ami,097,front,097_front,4,4,96,bicjpeg93,33.555304,0.858287,31.582091,0.955116,4,0.071783,31.158111,41.992909,31.23948,0.808639,0.27427,0.310787,5.971,cuda
fbcnn_bicubic,ami,097,left,097_left,4,4,96,bicjpeg93,34.10179,0.869609,32.182432,0.958354,4,0.075956,31.921564,41.953514,30.428642,0.794308,0.289527,0.31226,5.96,cuda
fbcnn_bicubic,ami,097,right,097_right,4,4,96,bicjpeg93,33.36975,0.861455,31.431047,0.956569,4,0.081272,30.904063,41.541956,32.012847,0.822927,0.291555,0.303565,5.99,cuda
fbcnn_bicubic,ami,097,up,097_up,4,4,96,bicjpeg93,33.723533,0.862114,31.701848,0.956097,4,0.076219,31.329253,41.575907,31.337757,0.802435,0.27287,0.299484,5.983,cuda
fbcnn_bicubic,ami,097,zoom,097_zoom,4,4,96,bicjpeg93,33.881023,0.867193,31.687068,0.959572,4,0.071977,31.434959,42.000102,32.816486,0.842381,0.275303,0.298976,5.947,cuda
fbcnn_bicubic,ami,098,back,098_back,2,4,96,bicjpeg93,34.096421,0.86226,31.735182,0.957544,4,0.068496,31.906119,42.190766,31.136959,0.769917,0.248323,0.282643,5.934,cuda
fbcnn_bicubic,ami,098,down,098_down,2,4,96,bicjpeg93,34.218918,0.868162,31.946828,0.955756,4,0.070065,31.949742,42.600404,30.422214,0.791447,0.27542,0.307786,5.95,cuda
fbcnn_bicubic,ami,098,front,098_front,2,4,96,bicjpeg93,34.223702,0.866169,31.879877,0.950782,4,0.070737,31.936024,41.93998,30.62078,0.786734,0.26844,0.297889,5.979,cuda
fbcnn_bicubic,ami,098,left,098_left,2,4,96,bicjpeg93,35.701745,0.896874,33.424736,0.965211,4,0.062163,33.581851,43.728811,31.592327,0.790234,0.277047,0.308017,5.977,cuda
fbcnn_bicubic,ami,098,right,098_right,2,4,96,bicjpeg93,34.274545,0.877592,31.95948,0.960642,4,0.068927,31.978534,41.660277,31.676537,0.793872,0.271449,0.292176,5.985,cuda
fbcnn_bicubic,ami,098,up,098_up,2,4,96,bicjpeg93,33.728378,0.850151,31.42861,0.952926,4,0.062799,31.580322,42.08522,30.383404,0.765398,0.298794,0.311149,5.97,cuda
fbcnn_bicubic,ami,098,zoom,098_zoom,2,4,96,bicjpeg93,34.262719,0.868661,31.82432,0.954445,4,0.072566,31.980395,41.90252,31.636137,0.828866,0.281078,0.3145,5.954,cuda
fbcnn_bicubic,ami,099,back,099_back,1,4,96,bicjpeg93,33.25785,0.854604,31.148598,0.953672,4,0.070115,31.036555,41.535226,32.371019,0.833413,0.246185,0.281716,5.992,cuda
fbcnn_bicubic,ami,099,down,099_down,1,4,96,bicjpeg93,33.722444,0.858006,31.652871,0.956363,4,0.067802,31.481428,41.93179,32.261883,0.864656,0.247792,0.29237,5.986,cuda
fbcnn_bicubic,ami,099,front,099_front,1,4,96,bicjpeg93,33.282245,0.845176,31.171238,0.955093,4,0.070265,31.023329,41.8808,32.660366,0.85069,0.265258,0.300119,5.975,cuda
fbcnn_bicubic,ami,099,left,099_left,1,4,96,bicjpeg93,34.132074,0.870898,31.983015,0.962305,4,0.061988,32.024253,42.072362,31.835588,0.83377,0.256348,0.276832,5.99,cuda
fbcnn_bicubic,ami,099,right,099_right,1,4,96,bicjpeg93,33.15159,0.847907,31.012312,0.952565,4,0.082479,30.708003,41.595456,32.410901,0.836555,0.233767,0.287371,5.976,cuda
fbcnn_bicubic,ami,099,up,099_up,1,4,96,bicjpeg93,33.639019,0.854113,31.536485,0.95812,4,0.065354,31.510198,41.438004,32.792144,0.822998,0.254016,0.289187,5.939,cuda
fbcnn_bicubic,ami,099,zoom,099_zoom,1,4,96,bicjpeg93,34.208898,0.870747,32.030155,0.961225,4,0.060277,32.103087,41.925717,33.846076,0.855042,0.254858,0.319385,5.96,cuda
fbcnn_bicubic,ami,100,back,100_back,1,4,96,bicjpeg93,33.818405,0.817857,31.385067,0.94522,4,0.072503,31.692532,42.190214,32.823071,0.803705,0.339957,0.324159,5.95,cuda
fbcnn_bicubic,ami,100,down,100_down,1,4,96,bicjpeg93,33.155365,0.817391,30.871647,0.946281,4,0.073908,30.918703,41.77622,31.616603,0.828623,0.331732,0.330826,5.983,cuda
fbcnn_bicubic,ami,100,front,100_front,1,4,96,bicjpeg93,33.31822,0.813895,31.058919,0.944511,4,0.073233,31.146084,41.918553,32.302522,0.835278,0.312578,0.335785,5.933,cuda
fbcnn_bicubic,ami,100,left,100_left,1,4,96,bicjpeg93,34.4286,0.833541,32.283226,0.950581,4,0.063874,32.553544,42.803369,32.464735,0.832697,0.304349,0.334039,5.964,cuda
fbcnn_bicubic,ami,100,right,100_right,1,4,96,bicjpeg93,33.180657,0.808021,31.015555,0.942825,4,0.07468,31.046488,41.730292,32.381033,0.83356,0.317567,0.293011,5.937,cuda
fbcnn_bicubic,ami,100,up,100_up,1,4,96,bicjpeg93,33.220539,0.809481,30.872785,0.941641,4,0.066056,31.07305,41.486506,31.807386,0.789908,0.337027,0.329381,5.961,cuda
fbcnn_bicubic,ami,100,zoom,100_zoom,1,4,96,bicjpeg93,33.094286,0.820579,30.818374,0.950854,4,0.072802,30.852324,41.875478,33.420059,0.843123,0.281635,0.342023,5.972,cuda
fbcnn_bicubic,ami,101,back,101_back,1,4,96,bicjpeg93,33.652003,0.856857,31.566729,0.957007,4,0.068595,31.238364,41.905262,31.580683,0.818466,0.249035,0.283749,5.973,cuda
fbcnn_bicubic,ami,101,down,101_down,1,4,96,bicjpeg93,33.920907,0.863358,31.924063,0.954585,4,0.071211,31.546972,42.313384,30.822379,0.851357,0.24559,0.307641,5.943,cuda
fbcnn_bicubic,ami,101,front,101_front,1,4,96,bicjpeg93,33.973064,0.86173,31.891294,0.95387,4,0.074837,31.554748,41.746535,31.458057,0.830356,0.248534,0.275539,5.963,cuda
fbcnn_bicubic,ami,101,left,101_left,1,4,96,bicjpeg93,34.288412,0.864131,32.407692,0.952021,4,0.082941,31.911966,42.330589,30.464764,0.77421,0.25354,0.32293,5.927,cuda
fbcnn_bicubic,ami,101,right,101_right,1,4,96,bicjpeg93,33.396491,0.857064,31.43793,0.955351,4,0.079956,30.94797,41.561656,32.169518,0.822383,0.256284,0.294912,5.987,cuda
fbcnn_bicubic,ami,101,up,101_up,1,4,96,bicjpeg93,33.428841,0.853813,31.445988,0.954454,4,0.075308,31.128967,41.603625,31.887938,0.809749,0.285442,0.292186,5.98,cuda
fbcnn_bicubic,ami,101,zoom,101_zoom,1,4,96,bicjpeg93,34.280635,0.873668,32.081957,0.95797,4,0.064252,31.985445,41.815107,33.734959,0.868154,0.258978,0.301075,5.98,cuda
fbcnn_bicubic,ami,102,back,102_back,1,4,96,bicjpeg93,33.484602,0.849625,31.173156,0.959435,4,0.067475,31.497968,41.74025,31.666603,0.801148,0.278835,0.317273,5.95,cuda
fbcnn_bicubic,ami,102,down,102_down,1,4,96,bicjpeg93,33.015255,0.829936,30.962526,0.951858,4,0.07989,31.104001,40.987549,31.312976,0.819827,0.32388,0.306335,5.961,cuda
fbcnn_bicubic,ami,102,front,102_front,1,4,96,bicjpeg93,33.364363,0.842202,31.249249,0.955312,4,0.080308,31.380573,41.106488,31.877696,0.8376,0.310797,0.292659,5.973,cuda
fbcnn_bicubic,ami,102,left,102_left,1,4,96,bicjpeg93,33.810984,0.843086,31.665051,0.955603,4,0.075124,31.885961,41.412747,32.221239,0.801099,0.325712,0.319119,5.977,cuda
fbcnn_bicubic,ami,102,right,102_right,1,4,96,bicjpeg93,32.513268,0.814974,30.405165,0.952252,4,0.079409,30.410742,40.825624,31.867034,0.832559,0.319521,0.306216,5.987,cuda
fbcnn_bicubic,ami,102,up,102_up,1,4,96,bicjpeg93,32.641856,0.816037,30.621815,0.950328,4,0.079144,30.580323,40.942863,32.186202,0.813452,0.339673,0.312594,5.968,cuda
fbcnn_bicubic,ami,102,zoom,102_zoom,1,4,96,bicjpeg93,33.837387,0.855843,31.528466,0.960313,4,0.067228,31.888533,41.403791,33.868707,0.861335,0.335262,0.328036,5.982,cuda
fbcnn_bicubic,ami,103,back,103_back,2,4,96,bicjpeg93,33.818173,0.86082,31.704039,0.957212,4,0.064432,31.222157,41.965488,31.387932,0.795459,0.249581,0.294276,5.975,cuda
fbcnn_bicubic,ami,103,down,103_down,2,4,96,bicjpeg93,34.338406,0.88454,32.247655,0.962305,4,0.066839,31.83102,41.977682,31.548585,0.829601,0.258169,0.309346,5.973,cuda
fbcnn_bicubic,ami,103,front,103_front,2,4,96,bicjpeg93,34.084989,0.881381,31.971342,0.963637,4,0.064335,31.617967,41.667591,31.301635,0.821942,0.256245,0.307633,5.981,cuda
fbcnn_bicubic,ami,103,left,103_left,2,4,96,bicjpeg93,35.504432,0.902661,33.401026,0.968021,4,0.052736,33.308012,42.596509,31.511572,0.815187,0.205684,0.278282,5.972,cuda
fbcnn_bicubic,ami,103,right,103_right,2,4,96,bicjpeg93,34.542618,0.883209,32.359694,0.960502,4,0.068657,32.08442,41.939981,31.899133,0.819765,0.248274,0.277892,5.987,cuda
fbcnn_bicubic,ami,103,up,103_up,2,4,96,bicjpeg93,33.618893,0.869404,31.630355,0.961427,4,0.068906,31.096506,41.954171,30.90896,0.800858,0.264549,0.283663,5.974,cuda
fbcnn_bicubic,ami,103,zoom,103_zoom,2,4,96,bicjpeg93,34.263382,0.885479,32.062916,0.96475,4,0.063362,31.974358,42.1328,32.526679,0.838359,0.214112,0.285971,5.973,cuda
fbcnn_bicubic,ami,104,back,104_back,4,4,96,bicjpeg93,31.73614,0.849511,29.707137,0.948992,4,0.078128,28.884591,41.623164,30.680311,0.814752,0.280997,0.280283,5.986,cuda
fbcnn_bicubic,ami,104,down,104_down,4,4,96,bicjpeg93,32.862235,0.846175,30.615823,0.946026,4,0.083102,30.095899,42.00374,30.02885,0.852125,0.320502,0.308025,5.966,cuda
fbcnn_bicubic,ami,104,front,104_front,4,4,96,bicjpeg93,33.119972,0.84653,31.034582,0.947588,4,0.080666,30.45976,41.782719,31.138085,0.826129,0.276064,0.292737,5.98,cuda
fbcnn_bicubic,ami,104,left,104_left,4,4,96,bicjpeg93,33.100251,0.844581,31.161636,0.949639,4,0.076459,30.647335,42.375332,30.050363,0.805737,0.303984,0.309948,5.966,cuda
fbcnn_bicubic,ami,104,right,104_right,4,4,96,bicjpeg93,32.574786,0.855858,30.47484,0.95183,4,0.083132,29.786996,41.65167,31.454235,0.815703,0.300797,0.283783,5.971,cuda
fbcnn_bicubic,ami,104,up,104_up,4,4,96,bicjpeg93,32.438417,0.826238,30.412573,0.940821,4,0.080805,29.815642,41.007075,30.545483,0.800311,0.300696,0.314203,5.983,cuda
fbcnn_bicubic,ami,104,zoom,104_zoom,4,4,96,bicjpeg93,32.825535,0.851957,30.717411,0.948608,4,0.082346,30.048635,41.662503,32.598929,0.862769,0.323102,0.314451,5.973,cuda
fbcnn_bicubic,ami,105,back,105_back,5,4,96,bicjpeg93,33.580655,0.847012,31.217289,0.958624,4,0.068399,31.432176,41.954944,32.481521,0.836916,0.254021,0.280155,5.964,cuda
fbcnn_bicubic,ami,105,down,105_down,5,4,96,bicjpeg93,33.226136,0.845535,30.921721,0.953744,4,0.079304,30.975664,41.483602,33.213267,0.858244,0.263519,0.269796,5.987,cuda
fbcnn_bicubic,ami,105,front,105_front,5,4,96,bicjpeg93,32.94434,0.837309,30.719062,0.954349,4,0.080283,30.809962,41.073662,32.950039,0.836963,0.290748,0.301253,5.962,cuda
fbcnn_bicubic,ami,105,left,105_left,5,4,96,bicjpeg93,33.82968,0.852651,31.448275,0.959039,4,0.070356,31.640785,42.099951,33.423754,0.858227,0.289231,0.289369,5.975,cuda
fbcnn_bicubic,ami,105,right,105_right,5,4,96,bicjpeg93,33.068907,0.847757,30.955895,0.95741,4,0.075485,30.652642,41.33148,31.674554,0.819988,0.26296,0.274001,5.955,cuda
fbcnn_bicubic,ami,105,up,105_up,5,4,96,bicjpeg93,32.337008,0.826415,30.155539,0.952478,4,0.084316,30.227408,40.781221,32.564824,0.817471,0.283186,0.298102,5.986,cuda
fbcnn_bicubic,ami,105,zoom,105_zoom,5,4,96,bicjpeg93,33.09233,0.845924,30.778686,0.956319,4,0.073778,31.042712,40.929204,33.917006,0.848592,0.250091,0.291666,5.978,cuda
fbcnn_bicubic,ami,106,back,106_back,3,4,96,bicjpeg93,33.22911,0.821065,30.887356,0.945493,4,0.083482,30.965001,42.071557,32.671838,0.793194,0.350806,0.318968,5.939,cuda
fbcnn_bicubic,ami,106,down,106_down,3,4,96,bicjpeg93,33.2132,0.833578,30.853254,0.949208,4,0.0723,31.184094,41.921589,32.446798,0.852931,0.32993,0.368028,5.981,cuda
fbcnn_bicubic,ami,106,front,106_front,3,4,96,bicjpeg93,33.636993,0.836321,31.262953,0.94863,4,0.073002,31.50056,41.533242,32.853453,0.820723,0.315929,0.358087,5.967,cuda
fbcnn_bicubic,ami,106,left,106_left,3,4,96,bicjpeg93,33.625879,0.835141,31.379051,0.950737,4,0.082223,31.450044,42.285581,32.084997,0.773465,0.305162,0.358528,5.962,cuda
fbcnn_bicubic,ami,106,right,106_right,3,4,96,bicjpeg93,33.123163,0.801003,30.93533,0.936823,4,0.082019,30.880612,41.826637,33.295218,0.824792,0.291493,0.322394,5.956,cuda
fbcnn_bicubic,ami,106,up,106_up,3,4,96,bicjpeg93,33.960224,0.840352,31.612403,0.952731,4,0.069477,31.85331,42.240935,32.609978,0.833987,0.333449,0.309138,5.948,cuda
fbcnn_bicubic,ami,106,zoom,106_zoom,3,4,96,bicjpeg93,34.240361,0.867655,31.739584,0.960688,4,0.064105,32.084106,41.995128,33.809343,0.849795,0.299495,0.353854,5.966,cuda
