model,dataset,subject,view,key,fold,scale,tier,degrade,psnr_y,ssim_y,psnr_rgb,ms_ssim_y,ms_ssim_scales,gmsd,grad_psnr,lr_psnr_y,psnr_y_c,ssim_y_c,lpips,dists,host_ms,device
realesrnet,ami,000,back,000_back,3,4,144,bicjpeg85,31.564106,0.787631,29.611115,0.929854,4,0.09419,30.156328,37.315836,30.977834,0.835754,0.348218,0.351422,12.607,cuda
realesrnet,ami,000,down,000_down,3,4,144,bicjpeg85,29.761686,0.766188,28.041057,0.912308,4,0.110212,29.396428,33.990356,28.887098,0.811526,0.383486,0.364604,12.47,cuda
realesrnet,ami,000,front,000_front,3,4,144,bicjpeg85,30.634237,0.772498,28.752525,0.923087,4,0.096414,29.671415,35.858056,30.215368,0.843363,0.368228,0.356017,12.453,cuda
realesrnet,ami,000,left,000_left,3,4,144,bicjpeg85,31.145686,0.79259,29.308857,0.931868,4,0.094015,30.323463,36.238499,30.629694,0.851679,0.387631,0.350132,12.465,cuda
realesrnet,ami,000,right,000_right,3,4,144,bicjpeg85,30.824937,0.774019,28.957363,0.928096,4,0.091161,29.673822,36.06663,30.43666,0.845865,0.357896,0.368709,12.456,cuda
realesrnet,ami,000,up,000_up,3,4,144,bicjpeg85,30.266848,0.769707,28.505695,0.922982,4,0.098595,29.624052,35.204057,30.337939,0.838979,0.363147,0.370348,12.472,cuda
realesrnet,ami,000,zoom,000_zoom,3,4,144,bicjpeg85,31.956916,0.854819,29.854372,0.94815,4,0.078818,31.295194,35.919444,32.439338,0.89413,0.352733,0.328552,12.462,cuda
realesrnet,ami,001,back,001_back,1,4,144,bicjpeg85,33.455246,0.849161,31.549933,0.948219,4,0.076482,31.982111,38.448682,32.191249,0.865723,0.316528,0.344495,12.464,cuda
realesrnet,ami,001,down,001_down,1,4,144,bicjpeg85,33.023594,0.862961,31.261687,0.940239,4,0.078178,32.490327,36.465755,30.963623,0.857546,0.305806,0.326744,12.464,cuda
realesrnet,ami,001,front,001_front,1,4,144,bicjpeg85,32.464012,0.861644,30.839541,0.930896,4,0.085292,32.153916,35.512312,30.165206,0.847194,0.292179,0.338765,12.464,cuda
realesrnet,ami,001,left,001_left,1,4,144,bicjpeg85,35.55687,0.894001,33.509872,0.957476,4,0.056769,34.586942,39.808314,33.832343,0.892962,0.294499,0.335946,12.466,cuda
realesrnet,ami,001,right,001_right,1,4,144,bicjpeg85,32.110856,0.8563,30.4043,0.940018,4,0.084142,31.107417,35.920218,30.143021,0.827833,0.306382,0.335542,12.461,cuda
realesrnet,ami,001,up,001_up,1,4,144,bicjpeg85,32.511211,0.841038,30.82072,0.936617,4,0.082471,31.667717,36.510111,31.465135,0.853382,0.336823,0.3204,12.471,cuda
realesrnet,ami,001,zoom,001_zoom,1,4,144,bicjpeg85,34.80328,0.884424,32.761909,0.954174,4,0.066107,33.809865,38.819247,34.03345,0.896351,0.285405,0.329099,12.468,cuda
realesrnet,ami,002,back,002_back,1,4,144,bicjpeg85,33.634931,0.831472,31.325935,0.944981,4,0.068776,32.253396,38.821836,32.866465,0.866165,0.33926,0.332052,12.462,cuda
realesrnet,ami,002,down,002_down,1,4,144,bicjpeg85,33.429706,0.844455,31.387282,0.945282,4,0.074636,31.99865,38.054347,32.077879,0.864725,0.310292,0.351254,12.467,cuda
realesrnet,ami,002,front,002_front,1,4,144,bicjpeg85,32.995854,0.822536,31.000421,0.938226,4,0.080955,31.563572,38.072016,32.086053,0.840209,0.331863,0.329648,12.466,cuda
realesrnet,ami,002,left,002_left,1,4,144,bicjpeg85,33.900126,0.837684,31.856605,0.942468,4,0.072617,32.396411,38.948503,33.20024,0.861005,0.304143,0.341258,12.465,cuda
realesrnet,ami,002,right,002_right,1,4,144,bicjpeg85,34.432463,0.86444,32.235379,0.955768,4,0.066087,32.861693,39.618471,33.590229,0.872532,0.275277,0.353266,12.459,cuda
realesrnet,ami,002,up,002_up,1,4,144,bicjpeg85,33.859013,0.839965,31.760147,0.944717,4,0.074483,32.206994,39.117597,33.40003,0.862119,0.306598,0.32379,12.472,cuda
realesrnet,ami,002,zoom,002_zoom,1,4,144,bicjpeg85,34.366189,0.857925,32.194955,0.950003,4,0.066563,33.288416,39.135586,34.39076,0.88674,0.309811,0.327916,12.474,cuda
realesrnet,ami,003,back,003_back,5,4,144,bicjpeg85,33.290589,0.835119,31.054523,0.942102,4,0.072203,32.702634,37.508087,32.438866,0.848133,0.36608,0.301673,12.45,cuda
realesrnet,ami,003,down,003_down,5,4,144,bicjpeg85,33.311529,0.83518,31.208882,0.940236,4,0.077263,32.275844,38.105222,32.088562,0.847151,0.37827,0.354113,12.446,cuda
realesrnet,ami,003,front,003_front,5,4,144,bicjpeg85,32.576322,0.819255,30.614548,0.929878,4,0.08952,32.115651,37.148189,31.360708,0.820998,0.393691,0.346994,12.452,cuda
realesrnet,ami,003,left,003_left,5,4,144,bicjpeg85,34.046683,0.851883,31.928172,0.945283,4,0.071542,33.190849,38.670325,33.074442,0.863108,0.370212,0.359717,12.443,cuda
realesrnet,ami,003,right,003_right,5,4,144,bicjpeg85,33.12455,0.850854,31.017849,0.949307,4,0.070433,31.946579,37.421312,32.018342,0.850336,0.331605,0.288119,12.455,cuda
realesrnet,ami,003,up,003_up,5,4,144,bicjpeg85,33.227201,0.829781,31.152841,0.938566,4,0.077851,32.385023,38.141904,32.382632,0.834727,0.394732,0.35807,12.455,cuda
realesrnet,ami,003,zoom,003_zoom,5,4,144,bicjpeg85,33.664024,0.853473,31.356575,0.946708,4,0.07308,33.013413,38.199817,33.559716,0.874924,0.362099,0.335151,12.462,cuda
realesrnet,ami,004,back,004_back,5,4,144,bicjpeg85,33.528432,0.860118,31.369613,0.950286,4,0.076838,31.691013,38.671152,32.124026,0.861125,0.277994,0.358331,12.457,cuda
realesrnet,ami,004,down,004_down,5,4,144,bicjpeg85,33.902839,0.849543,31.862396,0.952893,4,0.072251,32.303835,39.700208,33.024652,0.877353,0.277107,0.335323,12.469,cuda
realesrnet,ami,004,front,004_front,5,4,144,bicjpeg85,33.565569,0.844161,31.59512,0.950394,4,0.07194,32.098956,39.231315,32.638245,0.862794,0.270141,0.327909,12.472,cuda
realesrnet,ami,004,left,004_left,5,4,144,bicjpeg85,34.465838,0.865015,32.407205,0.955212,4,0.072908,33.152058,39.867086,33.272951,0.868907,0.248539,0.311379,12.462,cuda
realesrnet,ami,004,right,004_right,5,4,144,bicjpeg85,34.67871,0.87232,32.571638,0.960877,4,0.059183,33.130114,40.619551,33.458542,0.883888,0.246534,0.328653,12.46,cuda
realesrnet,ami,004,up,004_up,5,4,144,bicjpeg85,33.986231,0.853621,31.99351,0.95396,4,0.071175,32.38477,39.805019,33.330328,0.873489,0.268591,0.335143,12.46,cuda
realesrnet,ami,004,zoom,004_zoom,5,4,144,bicjpeg85,34.399964,0.868051,32.307658,0.959882,4,0.066571,32.805425,40.090588,34.166132,0.893667,0.27948,0.338341,12.441,cuda
realesrnet,ami,005,back,005_back,4,4,144,bicjpeg85,31.892815,0.816893,29.504446,0.934897,4,0.091863,29.602533,38.767573,31.390614,0.847463,0.372381,0.324399,12.463,cuda
realesrnet,ami,005,down,005_down,4,4,144,bicjpeg85,32.476646,0.815576,30.580676,0.924363,4,0.091403,31.133229,37.311704,31.581298,0.833577,0.41156,0.344554,12.463,cuda
realesrnet,ami,005,front,005_front,4,4,144,bicjpeg85,33.245402,0.838183,31.203428,0.93684,4,0.078517,32.157868,38.052273,32.838054,0.857517,0.385303,0.347939,12.458,cuda
realesrnet,ami,005,left,005_left,4,4,144,bicjpeg85,33.961894,0.849543,31.991546,0.944488,4,0.073715,32.855777,38.704344,32.82553,0.865245,0.395877,0.344707,12.465,cuda
realesrnet,ami,005,right,005_right,4,4,144,bicjpeg85,32.793753,0.851193,30.894898,0.940588,4,0.076831,31.67866,37.102951,32.485287,0.863251,0.344163,0.312919,12.476,cuda
realesrnet,ami,005,up,005_up,4,4,144,bicjpeg85,32.122731,0.81252,30.169613,0.930149,4,0.087434,30.703632,37.380449,31.949851,0.842711,0.363549,0.354932,12.468,cuda
realesrnet,ami,005,zoom,005_zoom,4,4,144,bicjpeg85,33.585665,0.851429,31.3611,0.943543,4,0.078292,32.507496,38.331896,34.128133,0.884503,0.380986,0.324681,12.472,cuda
realesrnet,ami,007,back,007_back,5,4,144,bicjpeg85,33.819615,0.856895,31.646414,0.944466,4,0.076549,32.713169,38.566653,32.979642,0.873165,0.281553,0.341745,12.449,cuda
realesrnet,ami,007,down,007_down,5,4,144,bicjpeg85,33.854374,0.849573,31.873687,0.950471,4,0.071934,32.46977,39.431653,34.236053,0.891085,0.333816,0.317186,12.463,cuda
realesrnet,ami,007,front,007_front,5,4,144,bicjpeg85,34.267233,0.858055,32.229177,0.951153,4,0.071485,32.666062,39.915333,34.214381,0.892006,0.326585,0.327424,12.454,cuda
realesrnet,ami,007,left,007_left,5,4,144,bicjpeg85,34.363602,0.855463,32.277441,0.947005,4,0.074705,33.158814,40.161505,34.43948,0.882603,0.355263,0.351393,12.481,cuda
realesrnet,ami,007,right,007_right,5,4,144,bicjpeg85,33.761535,0.877032,31.847988,0.958688,4,0.065847,32.451489,38.097749,33.621688,0.890607,0.309426,0.334576,12.466,cuda
realesrnet,ami,007,up,007_up,5,4,144,bicjpeg85,34.047581,0.853556,31.929071,0.949901,4,0.072445,32.439341,40.092069,34.168912,0.888085,0.321887,0.325708,12.477,cuda
realesrnet,ami,007,zoom,007_zoom,5,4,144,bicjpeg85,34.297495,0.875526,32.038157,0.956505,4,0.0724,33.186873,39.27497,34.091935,0.889521,0.333726,0.314452,12.461,cuda
realesrnet,ami,008,back,008_back,5,4,144,bicjpeg85,33.859555,0.875616,31.851577,0.953452,4,0.06893,33.160919,38.344349,32.904981,0.884677,0.285625,0.351961,12.452,cuda
realesrnet,ami,008,down,008_down,5,4,144,bicjpeg85,33.718278,0.862825,31.710727,0.954553,4,0.070183,32.682424,39.241986,33.002961,0.88128,0.319701,0.350799,12.461,cuda
realesrnet,ami,008,front,008_front,5,4,144,bicjpeg85,32.231737,0.844504,30.397405,0.947446,4,0.085591,31.283314,37.454512,31.683208,0.86617,0.317069,0.359837,12.468,cuda
realesrnet,ami,008,left,008_left,5,4,144,bicjpeg85,33.983866,0.863042,31.902599,0.95354,4,0.068581,33.11047,39.165921,33.133768,0.872629,0.319865,0.369973,12.465,cuda
realesrnet,ami,008,right,008_right,5,4,144,bicjpeg85,31.802243,0.844733,29.990344,0.937088,4,0.087905,31.415649,35.962874,31.095569,0.859784,0.292905,0.354676,12.474,cuda
realesrnet,ami,008,up,008_up,5,4,144,bicjpeg85,32.853086,0.852868,30.943803,0.950318,4,0.073816,32.131006,38.043475,32.60288,0.879559,0.327478,0.357555,12.464,cuda
realesrnet,ami,008,zoom,008_zoom,5,4,144,bicjpeg85,33.99185,0.874689,31.716751,0.960478,4,0.067107,32.844109,39.443923,34.202768,0.898221,0.312751,0.338387,12.474,cuda
realesrnet,ami,009,back,009_back,4,4,144,bicjpeg85,34.344687,0.885857,32.207828,0.963146,4,0.055666,32.943561,39.940374,34.934891,0.893274,0.270092,0.308914,12.451,cuda
realesrnet,ami,009,down,009_down,4,4,144,bicjpeg85,34.271598,0.877278,32.128329,0.960692,4,0.065694,32.877702,39.604796,34.97909,0.900671,0.310111,0.32754,12.462,cuda
realesrnet,ami,009,front,009_front,4,4,144,bicjpeg85,33.625667,0.874168,31.453414,0.961753,4,0.065412,31.841957,39.300635,34.48857,0.900643,0.305559,0.325594,12.468,cuda
realesrnet,ami,009,left,009_left,4,4,144,bicjpeg85,33.694127,0.873521,31.578877,0.95004,4,0.070834,33.376749,37.438751,33.270636,0.890167,0.356126,0.323408,12.469,cuda
realesrnet,ami,009,right,009_right,4,4,144,bicjpeg85,33.825211,0.876784,31.782472,0.959125,4,0.065191,32.64995,38.525047,33.596691,0.885059,0.329392,0.319398,12.464,cuda
realesrnet,ami,009,up,009_up,4,4,144,bicjpeg85,32.08015,0.844965,30.22861,0.952825,4,0.068923,30.654741,38.078951,33.356353,0.861538,0.305436,0.291816,12.455,cuda
realesrnet,ami,009,zoom,009_zoom,4,4,144,bicjpeg85,33.605053,0.892053,31.479673,0.96487,4,0.056388,31.968247,38.959803,35.05192,0.904631,0.321412,0.321767,12.454,cuda
realesrnet,ami,010,back,010_back,2,4,144,bicjpeg85,33.171393,0.81973,30.72894,0.936252,4,0.084425,31.803787,38.038687,32.56226,0.842516,0.400264,0.32723,12.466,cuda
realesrnet,ami,010,down,010_down,2,4,144,bicjpeg85,33.031,0.836245,30.961899,0.939982,4,0.078486,32.076816,37.479874,32.302325,0.865827,0.389073,0.372374,12.461,cuda
realesrnet,ami,010,front,010_front,2,4,144,bicjpeg85,33.015422,0.830681,30.896495,0.944189,4,0.075556,31.527967,38.256511,32.49301,0.85942,0.415804,0.363602,12.464,cuda
realesrnet,ami,010,left,010_left,2,4,144,bicjpeg85,33.915768,0.847678,31.634053,0.950941,4,0.067333,32.507003,39.296109,33.403202,0.876762,0.382837,0.366709,12.462,cuda
realesrnet,ami,010,right,010_right,2,4,144,bicjpeg85,33.312922,0.840106,31.101955,0.943047,4,0.076208,32.039304,37.975414,32.568021,0.863877,0.394944,0.365449,12.473,cuda
realesrnet,ami,010,up,010_up,2,4,144,bicjpeg85,33.187282,0.840269,31.03276,0.945395,4,0.07357,31.804771,38.033222,32.86919,0.869339,0.38057,0.366766,12.463,cuda
realesrnet,ami,010,zoom,010_zoom,2,4,144,bicjpeg85,34.047582,0.856685,31.672114,0.95453,4,0.066159,32.826176,38.956622,34.210419,0.887012,0.391036,0.355761,12.454,cuda
realesrnet,ami,011,back,011_back,5,4,144,bicjpeg85,33.075511,0.867148,30.591392,0.95017,4,0.075356,32.383483,37.184432,32.49132,0.882846,0.357837,0.329256,12.46,cuda
realesrnet,ami,011,down,011_down,5,4,144,bicjpeg85,32.572151,0.844324,30.543616,0.942917,4,0.078062,31.812485,36.904278,32.298487,0.886379,0.333877,0.327166,12.455,cuda
realesrnet,ami,011,front,011_front,5,4,144,bicjpeg85,32.564264,0.842135,30.526103,0.946026,4,0.077506,31.686518,37.343699,32.692845,0.887268,0.370017,0.320946,12.449,cuda
realesrnet,ami,011,left,011_left,5,4,144,bicjpeg85,33.528658,0.844846,31.397536,0.948276,4,0.070391,32.393076,38.691693,33.355534,0.884652,0.351895,0.317736,12.452,cuda
realesrnet,ami,011,right,011_right,5,4,144,bicjpeg85,32.68187,0.848366,30.640562,0.940085,4,0.074686,31.848106,37.086764,31.835649,0.874309,0.368223,0.345699,12.456,cuda
realesrnet,ami,011,up,011_up,5,4,144,bicjpeg85,32.990266,0.849941,30.946462,0.950544,4,0.076392,31.872231,37.788745,33.11164,0.889313,0.33798,0.311243,12.462,cuda
realesrnet,ami,011,zoom,011_zoom,5,4,144,bicjpeg85,32.901067,0.86816,30.863625,0.948005,4,0.077095,32.326284,36.598784,32.416341,0.877862,0.380512,0.320963,12.464,cuda
realesrnet,ami,012,back,012_back,3,4,144,bicjpeg85,35.043028,0.906031,32.936276,0.96139,4,0.060768,34.161812,39.013707,32.656863,0.874955,0.243916,0.304635,12.461,cuda
realesrnet,ami,012,down,012_down,3,4,144,bicjpeg85,32.929815,0.882002,31.021291,0.946017,4,0.079146,32.659775,35.905614,30.835565,0.840117,0.255202,0.317186,12.461,cuda
realesrnet,ami,012,front,012_front,3,4,144,bicjpeg85,33.459678,0.880714,31.480645,0.949042,4,0.068718,32.690648,36.954279,31.865084,0.866362,0.270268,0.314661,12.466,cuda
realesrnet,ami,012,left,012_left,3,4,144,bicjpeg85,34.084252,0.890092,32.047749,0.95311,4,0.069116,33.35933,37.407331,31.894185,0.859574,0.24813,0.330967,12.453,cuda
realesrnet,ami,012,right,012_right,3,4,144,bicjpeg85,34.147673,0.894855,32.15086,0.955217,4,0.068907,33.078237,38.243669,31.692861,0.855029,0.241219,0.323449,12.46,cuda
realesrnet,ami,012,up,012_up,3,4,144,bicjpeg85,34.356903,0.880936,32.246886,0.956416,4,0.069069,33.128124,38.957679,33.529009,0.879297,0.27406,0.313222,12.457,cuda
realesrnet,ami,012,zoom,012_zoom,3,4,144,bicjpeg85,33.850738,0.893427,31.742611,0.953431,4,0.067461,33.34046,37.109899,32.611546,0.885479,0.271096,0.297967,12.439,cuda
realesrnet,ami,013,back,013_back,1,4,144,bicjpeg85,33.303436,0.858488,31.209574,0.952887,4,0.078625,31.779846,39.179956,33.805044,0.89102,0.303543,0.311867,12.477,cuda
realesrnet,ami,013,down,013_down,1,4,144,bicjpeg85,33.906943,0.866383,31.831239,0.949689,4,0.075628,32.564094,38.785936,33.402563,0.887194,0.32806,0.306616,12.474,cuda
realesrnet,ami,013,front,013_front,1,4,144,bicjpeg85,33.550891,0.865732,31.431091,0.945358,4,0.084873,32.699869,37.962487,33.328265,0.879554,0.332718,0.313443,12.473,cuda
realesrnet,ami,013,left,013_left,1,4,144,bicjpeg85,34.201355,0.869943,32.051583,0.950668,4,0.07329,33.02752,38.892477,33.980891,0.888572,0.322619,0.299197,12.466,cuda
realesrnet,ami,013,right,013_right,1,4,144,bicjpeg85,33.002258,0.855577,31.086104,0.934643,4,0.08399,32.116885,36.935032,32.304293,0.859839,0.325014,0.305895,12.472,cuda
realesrnet,ami,013,up,013_up,1,4,144,bicjpeg85,32.674219,0.841078,30.741664,0.935983,4,0.082027,31.659026,37.275405,32.502537,0.875287,0.349734,0.317241,12.465,cuda
realesrnet,ami,013,zoom,013_zoom,1,4,144,bicjpeg85,33.574584,0.873411,31.540159,0.944002,4,0.079643,32.802989,37.59265,33.093895,0.882455,0.320762,0.305376,12.463,cuda
realesrnet,ami,014,back,014_back,5,4,144,bicjpeg85,33.144121,0.830272,31.001273,0.939077,4,0.078008,31.967542,37.696768,32.225826,0.827826,0.328336,0.323738,12.461,cuda
realesrnet,ami,014,down,014_down,5,4,144,bicjpeg85,32.848603,0.842271,30.832489,0.937776,4,0.076871,32.153514,36.546735,31.412941,0.84713,0.34544,0.316636,12.456,cuda
realesrnet,ami,014,front,014_front,5,4,144,bicjpeg85,33.095369,0.849723,31.093615,0.944038,4,0.076867,32.249582,37.127074,32.073045,0.846919,0.323642,0.335875,12.454,cuda
realesrnet,ami,014,left,014_left,5,4,144,bicjpeg85,33.708422,0.846706,31.766847,0.944161,4,0.073545,32.978437,38.164704,32.32357,0.851856,0.355788,0.332349,12.452,cuda
realesrnet,ami,014,right,014_right,5,4,144,bicjpeg85,34.398249,0.874256,32.364767,0.95878,4,0.063862,33.040866,39.643276,33.828686,0.868882,0.324391,0.30166,12.455,cuda
realesrnet,ami,014,up,014_up,5,4,144,bicjpeg85,33.174855,0.840278,31.242695,0.945025,4,0.072233,32.027206,37.968258,32.912359,0.845954,0.323631,0.312276,12.483,cuda
realesrnet,ami,014,zoom,014_zoom,5,4,144,bicjpeg85,33.310584,0.853751,31.264617,0.949192,4,0.068759,32.625845,37.432287,33.409583,0.864885,0.346894,0.327149,12.474,cuda
realesrnet,ami,018,back,018_back,1,4,144,bicjpeg85,34.602805,0.908538,32.322403,0.965813,4,0.059997,33.090752,39.087325,31.972076,0.882277,0.22108,0.332001,12.465,cuda
realesrnet,ami,018,down,018_down,1,4,144,bicjpeg85,33.053218,0.905691,31.146295,0.959688,4,0.06236,31.91803,36.665336,30.211973,0.862546,0.222451,0.346199,12.467,cuda
realesrnet,ami,018,front,018_front,1,4,144,bicjpeg85,34.61923,0.918922,32.523632,0.969343,4,0.052444,33.012959,38.904774,31.851685,0.887231,0.202233,0.342806,12.47,cuda
realesrnet,ami,018,left,018_left,1,4,144,bicjpeg85,34.674429,0.918705,32.683898,0.96572,4,0.05524,33.900731,37.956236,32.031887,0.884186,0.207005,0.336371,12.452,cuda
realesrnet,ami,018,right,018_right,1,4,144,bicjpeg85,34.374171,0.916143,32.375453,0.968859,4,0.055268,32.638374,38.587745,31.631425,0.876643,0.199141,0.334985,12.465,cuda
realesrnet,ami,018,up,018_up,1,4,144,bicjpeg85,33.646852,0.912759,31.728249,0.965394,4,0.055289,32.501225,37.65596,31.069688,0.875412,0.205435,0.343813,12.451,cuda
realesrnet,ami,018,zoom,018_zoom,1,4,144,bicjpeg85,33.678707,0.912052,31.674156,0.96404,4,0.06265,32.183865,37.641149,31.312696,0.882082,0.191347,0.347563,12.452,cuda
realesrnet,ami,019,back,019_back,4,4,144,bicjpeg85,32.427412,0.881141,30.46496,0.951546,4,0.072968,31.157809,36.914015,30.96769,0.854134,0.272896,0.313676,12.463,cuda
realesrnet,ami,019,down,019_down,4,4,144,bicjpeg85,32.40141,0.877089,30.540898,0.957439,4,0.067744,31.061824,37.036318,30.801987,0.85365,0.304863,0.340722,12.462,cuda
realesrnet,ami,019,front,019_front,4,4,144,bicjpeg85,32.346967,0.868828,30.436395,0.953935,4,0.071913,31.037972,37.172312,31.443157,0.860929,0.32056,0.331774,12.472,cuda
realesrnet,ami,019,left,019_left,4,4,144,bicjpeg85,32.305796,0.880226,30.408729,0.958728,4,0.065778,31.047769,36.97155,30.97675,0.864905,0.29174,0.349698,12.455,cuda
realesrnet,ami,019,right,019_right,4,4,144,bicjpeg85,31.975055,0.879243,30.109636,0.955516,4,0.073738,30.477232,36.744686,30.503685,0.843093,0.27704,0.326473,12.461,cuda
realesrnet,ami,019,up,019_up,4,4,144,bicjpeg85,32.940258,0.876374,30.961362,0.956281,4,0.069114,31.509642,37.962384,31.96886,0.862931,0.305987,0.339472,12.465,cuda
realesrnet,ami,019,zoom,019_zoom,4,4,144,bicjpeg85,32.249106,0.879352,30.286906,0.95617,4,0.069641,30.931193,36.567901,32.368,0.883884,0.296556,0.352227,12.489,cuda
realesrnet,ami,020,back,020_back,1,4,144,bicjpeg85,34.17657,0.883303,31.952355,0.952911,4,0.067426,33.401236,38.076015,32.449934,0.877278,0.257526,0.319211,12.461,cuda
realesrnet,ami,020,down,020_down,1,4,144,bicjpeg85,33.988404,0.860629,31.847281,0.949095,4,0.074224,32.872412,38.896306,32.717329,0.860215,0.32985,0.343582,12.463,cuda
realesrnet,ami,020,front,020_front,1,4,144,bicjpeg85,34.095517,0.87153,31.923344,0.952112,4,0.069552,33.731476,38.226141,32.961007,0.876714,0.318418,0.311697,12.448,cuda
realesrnet,ami,020,left,020_left,1,4,144,bicjpeg85,34.722252,0.881434,32.43003,0.95717,4,0.065938,33.808271,39.194178,33.59791,0.883111,0.341542,0.328322,12.467,cuda
realesrnet,ami,020,right,020_right,1,4,144,bicjpeg85,33.36932,0.883229,31.403016,0.957106,4,0.067581,32.33405,37.268188,31.796939,0.870427,0.278331,0.292144,12.459,cuda
realesrnet,ami,020,up,020_up,1,4,144,bicjpeg85,33.791393,0.863591,31.72561,0.947976,4,0.070392,33.111201,38.062487,33.23841,0.880093,0.312296,0.31412,12.475,cuda
realesrnet,ami,020,zoom,020_zoom,1,4,144,bicjpeg85,33.943814,0.881103,31.773233,0.951874,4,0.069652,33.576272,37.657649,33.086045,0.882061,0.332532,0.320042,12.466,cuda
realesrnet,ami,021,back,021_back,2,4,144,bicjpeg85,33.890583,0.840933,31.749185,0.938947,4,0.079673,32.949618,38.991025,33.326137,0.87326,0.345686,0.345134,12.487,cuda
realesrnet,ami,021,down,021_down,2,4,144,bicjpeg85,33.313833,0.836396,31.381461,0.93602,4,0.085289,32.23213,37.785978,32.586397,0.866783,0.383303,0.35668,12.464,cuda
realesrnet,ami,021,front,021_front,2,4,144,bicjpeg85,34.472956,0.850777,32.210783,0.942936,4,0.071885,33.102065,39.531245,33.970068,0.882283,0.363574,0.34183,12.463,cuda
realesrnet,ami,021,left,021_left,2,4,144,bicjpeg85,34.805238,0.862071,32.63118,0.945691,4,0.067753,33.732275,39.433952,34.295669,0.890595,0.387512,0.355693,12.464,cuda
realesrnet,ami,021,right,021_right,2,4,144,bicjpeg85,33.936285,0.856828,32.024758,0.940419,4,0.077534,32.905869,38.012513,32.550769,0.87517,0.364909,0.33507,12.475,cuda
realesrnet,ami,021,up,021_up,2,4,144,bicjpeg85,33.854853,0.846908,31.881468,0.941462,4,0.075118,32.912312,38.662811,33.45395,0.884692,0.337703,0.352738,12.468,cuda
realesrnet,ami,021,zoom,021_zoom,2,4,144,bicjpeg85,34.887729,0.879768,32.633268,0.949316,4,0.065616,33.958753,38.911432,33.983023,0.897934,0.343221,0.347297,12.461,cuda
realesrnet,ami,022,back,022_back,2,4,144,bicjpeg85,34.517244,0.917517,32.439681,0.957358,4,0.061781,34.683689,37.180123,31.682166,0.879501,0.213177,0.288905,12.467,cuda
realesrnet,ami,022,down,022_down,2,4,144,bicjpeg85,33.271584,0.897536,31.37294,0.948102,4,0.077821,32.539779,36.489063,30.171378,0.840221,0.223744,0.31039,12.459,cuda
realesrnet,ami,022,front,022_front,2,4,144,bicjpeg85,33.77143,0.903062,31.818918,0.953686,4,0.070722,33.090399,37.030004,30.982769,0.863999,0.225538,0.295267,12.461,cuda
realesrnet,ami,022,left,022_left,2,4,144,bicjpeg85,33.128512,0.901608,31.35832,0.946307,4,0.078901,32.45321,36.064279,30.007024,0.841205,0.234914,0.313953,12.468,cuda
realesrnet,ami,022,right,022_right,2,4,144,bicjpeg85,36.069293,0.926485,33.862585,0.971126,4,0.050376,34.508823,40.588688,33.874685,0.904634,0.221207,0.302105,12.471,cuda
realesrnet,ami,022,up,022_up,2,4,144,bicjpeg85,34.675763,0.911609,32.680741,0.962908,4,0.064216,33.86796,38.449691,32.606102,0.887772,0.232813,0.293915,12.466,cuda
realesrnet,ami,022,zoom,022_zoom,2,4,144,bicjpeg85,34.207395,0.902839,32.112071,0.955812,4,0.069459,33.486714,37.571365,32.159799,0.885773,0.199427,0.293983,12.462,cuda
realesrnet,ami,023,back,023_back,5,4,144,bicjpeg85,33.175473,0.843797,31.173146,0.946141,4,0.075363,32.163433,38.281436,32.870691,0.882897,0.312736,0.333105,12.465,cuda
realesrnet,ami,023,down,023_down,5,4,144,bicjpeg85,33.82039,0.861861,31.762793,0.945863,4,0.082329,32.733966,38.175192,33.29549,0.901826,0.314605,0.314464,12.472,cuda
realesrnet,ami,023,front,023_front,5,4,144,bicjpeg85,33.763512,0.856702,31.741494,0.944975,4,0.075739,32.739784,38.317772,33.313506,0.89218,0.303854,0.310505,12.461,cuda
realesrnet,ami,023,left,023_left,5,4,144,bicjpeg85,34.588142,0.882683,32.618198,0.947062,4,0.07305,33.983835,38.14877,33.032388,0.877824,0.357742,0.347108,12.443,cuda
realesrnet,ami,023,right,023_right,5,4,144,bicjpeg85,32.826888,0.857468,30.915428,0.943194,4,0.082936,31.549185,37.152719,31.655222,0.879165,0.317268,0.315409,12.462,cuda
realesrnet,ami,023,up,023_up,5,4,144,bicjpeg85,33.80964,0.853434,31.846574,0.949351,4,0.076294,32.5334,38.822468,33.863319,0.893116,0.310744,0.321964,12.454,cuda
realesrnet,ami,023,zoom,023_zoom,5,4,144,bicjpeg85,33.272222,0.879439,31.204433,0.948852,4,0.080205,32.782543,36.500701,34.017552,0.913576,0.280763,0.314622,12.468,cuda
realesrnet,ami,024,back,024_back,3,4,144,bicjpeg85,34.077251,0.88721,32.139607,0.95778,4,0.068113,32.869617,38.009435,31.85518,0.86757,0.228931,0.325335,12.463,cuda
realesrnet,ami,024,down,024_down,3,4,144,bicjpeg85,33.952316,0.893903,32.124903,0.955068,4,0.064652,33.047014,37.522925,31.381563,0.872906,0.226613,0.298752,12.463,cuda
realesrnet,ami,024,front,024_front,3,4,144,bicjpeg85,33.480184,0.876831,31.713212,0.951555,4,0.077238,32.25632,37.587205,31.020029,0.863466,0.246091,0.323616,12.468,cuda
realesrnet,ami,024,left,024_left,3,4,144,bicjpeg85,34.420719,0.885027,32.571167,0.953488,4,0.065987,33.393151,38.240416,32.182848,0.875129,0.255738,0.308872,12.455,cuda
realesrnet,ami,024,right,024_right,3,4,144,bicjpeg85,34.419586,0.910741,32.479282,0.967708,4,0.061544,32.582054,38.9367,32.249363,0.897743,0.205487,0.272564,12.464,cuda
realesrnet,ami,024,up,024_up,3,4,144,bicjpeg85,33.455215,0.881079,31.637916,0.956467,4,0.06831,32.232545,37.699131,31.902653,0.87213,0.261575,0.309931,12.458,cuda
realesrnet,ami,024,zoom,024_zoom,3,4,144,bicjpeg85,33.656865,0.884682,31.726419,0.95778,4,0.071692,32.23829,37.764223,31.905457,0.876943,0.247158,0.307603,12.461,cuda
realesrnet,ami,025,back,025_back,2,4,144,bicjpeg85,33.087146,0.858776,31.182801,0.945607,4,0.078194,32.423088,37.645794,32.591287,0.880733,0.261863,0.348411,12.463,cuda
realesrnet,ami,025,down,025_down,2,4,144,bicjpeg85,33.021018,0.863654,31.201239,0.944884,4,0.082003,32.174176,37.146342,32.096919,0.88751,0.264971,0.332199,12.46,cuda
realesrnet,ami,025,front,025_front,2,4,144,bicjpeg85,33.3457,0.866822,31.47882,0.952211,4,0.079201,32.500647,37.840467,32.874712,0.894503,0.280211,0.318065,12.455,cuda
realesrnet,ami,025,left,025_left,2,4,144,bicjpeg85,33.654028,0.867688,31.852839,0.945625,4,0.076062,32.732196,37.897716,32.517936,0.882932,0.289159,0.334682,12.439,cuda
realesrnet,ami,025,right,025_right,2,4,144,bicjpeg85,33.555961,0.876503,31.602037,0.953096,4,0.074997,32.411433,37.785821,33.454102,0.900846,0.234724,0.300043,12.462,cuda
realesrnet,ami,025,up,025_up,2,4,144,bicjpeg85,32.916286,0.860652,31.140707,0.950193,4,0.080766,32.16415,37.289781,32.961543,0.900018,0.276596,0.311522,12.46,cuda
realesrnet,ami,025,zoom,025_zoom,2,4,144,bicjpeg85,33.090008,0.88629,31.212597,0.95109,4,0.077282,32.841674,36.325258,33.477071,0.908457,0.251807,0.326597,12.459,cuda
realesrnet,ami,026,back,026_back,1,4,144,bicjpeg85,34.189061,0.889092,31.81057,0.960071,4,0.06769,32.651255,38.362118,33.133376,0.892395,0.242673,0.302815,12.463,cuda
realesrnet,ami,026,down,026_down,1,4,144,bicjpeg85,33.364694,0.890481,31.399655,0.950579,4,0.070677,32.527715,36.586296,31.403553,0.877858,0.257014,0.326754,12.47,cuda
realesrnet,ami,026,front,026_front,1,4,144,bicjpeg85,32.658814,0.879206,30.705132,0.945606,4,0.075941,31.91455,35.669383,31.309309,0.880658,0.277371,0.327518,12.464,cuda
realesrnet,ami,026,left,026_left,1,4,144,bicjpeg85,32.714713,0.881182,30.981242,0.936716,4,0.087677,32.217988,35.602816,30.264715,0.84418,0.297146,0.340151,12.467,cuda
realesrnet,ami,026,right,026_right,1,4,144,bicjpeg85,33.994419,0.890235,31.910466,0.954154,4,0.070358,32.722153,37.769091,33.053291,0.893414,0.294184,0.327601,12.452,cuda
realesrnet,ami,026,up,026_up,1,4,144,bicjpeg85,32.427706,0.87053,30.613756,0.944463,4,0.082308,31.511312,35.730091,31.550842,0.875596,0.268274,0.326041,12.466,cuda
realesrnet,ami,026,zoom,026_zoom,1,4,144,bicjpeg85,32.544908,0.890558,30.583943,0.952031,4,0.073929,31.697801,35.610489,32.024154,0.894338,0.263964,0.325985,12.467,cuda
realesrnet,ami,027,back,027_back,3,4,144,bicjpeg85,33.769234,0.89403,31.800179,0.957873,4,0.069947,32.456931,37.636369,31.892788,0.879833,0.262515,0.331152,12.454,cuda
realesrnet,ami,027,down,027_down,3,4,144,bicjpeg85,33.491386,0.874868,31.624908,0.950823,4,0.072204,32.59693,37.090386,31.745559,0.872145,0.301284,0.347829,12.46,cuda
realesrnet,ami,027,front,027_front,3,4,144,bicjpeg85,33.693664,0.880976,31.832727,0.955337,4,0.069716,32.714029,37.655228,32.313975,0.873735,0.250023,0.330508,12.46,cuda
realesrnet,ami,027,left,027_left,3,4,144,bicjpeg85,32.754113,0.87827,31.003113,0.948975,4,0.077872,31.947076,36.087517,30.88249,0.87616,0.253683,0.322057,12.469,cuda
realesrnet,ami,027,right,027_right,3,4,144,bicjpeg85,33.782525,0.884241,31.858535,0.95868,4,0.064767,32.824711,37.666809,32.419878,0.877617,0.259375,0.345589,12.468,cuda
realesrnet,ami,027,up,027_up,3,4,144,bicjpeg85,33.743374,0.879872,31.842655,0.956662,4,0.070575,32.71389,37.780767,32.261138,0.877302,0.262534,0.333171,12.448,cuda
realesrnet,ami,027,zoom,027_zoom,3,4,144,bicjpeg85,33.954727,0.885761,31.947488,0.959342,4,0.066354,32.899455,37.859467,33.117191,0.882178,0.275603,0.333181,12.468,cuda
realesrnet,ami,028,back,028_back,2,4,144,bicjpeg85,34.353859,0.899223,32.158279,0.959387,4,0.062839,33.155398,39.190092,32.707972,0.883035,0.230219,0.30566,12.46,cuda
realesrnet,ami,028,down,028_down,2,4,144,bicjpeg85,33.187485,0.870646,31.105334,0.952553,4,0.066783,32.094924,37.953502,30.99446,0.856135,0.301387,0.31169,12.465,cuda
realesrnet,ami,028,front,028_front,2,4,144,bicjpeg85,33.240124,0.863886,31.16812,0.948104,4,0.071767,32.198541,38.054154,31.204366,0.844315,0.28985,0.315372,12.47,cuda
realesrnet,ami,028,left,028_left,2,4,144,bicjpeg85,33.230454,0.881869,31.359126,0.94922,4,0.069375,32.765048,37.092551,30.915545,0.858822,0.311809,0.304508,12.462,cuda
realesrnet,ami,028,right,028_right,2,4,144,bicjpeg85,33.016217,0.855074,30.992619,0.94772,4,0.072759,31.390879,38.541867,31.942489,0.850303,0.350684,0.317641,12.461,cuda
realesrnet,ami,028,up,028_up,2,4,144,bicjpeg85,33.022026,0.864044,30.96004,0.947663,4,0.071912,31.718966,37.728312,32.410925,0.859432,0.302691,0.306029,12.462,cuda
realesrnet,ami,028,zoom,028_zoom,2,4,144,bicjpeg85,33.291406,0.874242,31.082039,0.95103,4,0.073631,32.673306,37.910565,31.727847,0.866455,0.277811,0.290486,12.46,cuda
realesrnet,ami,029,back,029_back,5,4,144,bicjpeg85,32.795191,0.819322,30.529668,0.926695,4,0.082595,31.905879,37.215371,31.739871,0.828235,0.339798,0.33222,12.481,cuda
realesrnet,ami,029,down,029_down,5,4,144,bicjpeg85,33.202653,0.835105,31.086947,0.932902,4,0.086452,31.836947,37.887675,32.140856,0.864107,0.343395,0.362552,12.466,cuda
realesrnet,ami,029,front,029_front,5,4,144,bicjpeg85,32.260734,0.824545,30.365834,0.926765,4,0.090974,31.280352,36.65429,31.428032,0.84514,0.346877,0.344751,12.459,cuda
realesrnet,ami,029,left,029_left,5,4,144,bicjpeg85,33.93445,0.849801,31.887693,0.945653,4,0.072024,33.178419,38.724069,33.098034,0.871432,0.350587,0.340955,12.457,cuda
realesrnet,ami,029,right,029_right,5,4,144,bicjpeg85,33.240066,0.841994,31.125324,0.943621,4,0.073966,31.606181,38.095674,32.743066,0.870483,0.347929,0.327335,12.459,cuda
realesrnet,ami,029,up,029_up,5,4,144,bicjpeg85,32.510514,0.817436,30.386653,0.930491,4,0.087411,31.378742,37.563734,32.694662,0.849274,0.36552,0.332822,12.463,cuda
realesrnet,ami,029,zoom,029_zoom,5,4,144,bicjpeg85,32.717346,0.842231,30.7302,0.932215,4,0.084091,32.210303,36.605404,32.095292,0.853593,0.384168,0.324628,12.461,cuda
realesrnet,ami,030,back,030_back,1,4,144,bicjpeg85,33.590161,0.869381,31.382345,0.952801,4,0.068116,32.630064,37.465462,32.187293,0.877963,0.279752,0.319992,12.452,cuda
realesrnet,ami,030,down,030_down,1,4,144,bicjpeg85,33.777861,0.866315,31.832103,0.947951,4,0.067507,32.728412,37.897743,32.037037,0.870486,0.32353,0.314679,12.451,cuda
realesrnet,ami,030,front,030_front,1,4,144,bicjpeg85,34.236165,0.872349,32.263342,0.955247,4,0.065636,33.189618,38.805796,33.142491,0.866948,0.315851,0.30901,12.47,cuda
realesrnet,ami,030,left,030_left,1,4,144,bicjpeg85,34.824216,0.880401,32.825228,0.958134,4,0.064296,33.849862,39.013394,33.970062,0.892206,0.296498,0.3322,12.467,cuda
realesrnet,ami,030,right,030_right,1,4,144,bicjpeg85,34.371363,0.880963,32.363882,0.959506,4,0.063894,32.895097,39.150849,33.393303,0.88057,0.320719,0.317712,12.471,cuda
realesrnet,ami,030,up,030_up,1,4,144,bicjpeg85,33.429449,0.853098,31.475309,0.950499,4,0.067112,32.030106,38.425278,32.988563,0.862885,0.310673,0.312298,12.464,cuda
realesrnet,ami,030,zoom,030_zoom,1,4,144,bicjpeg85,34.802435,0.884674,32.672348,0.962576,4,0.059312,33.581253,39.517033,34.340594,0.888085,0.307901,0.30151,12.465,cuda
realesrnet,ami,031,back,031_back,5,4,144,bicjpeg85,33.399254,0.873212,31.16731,0.950805,4,0.072077,32.341496,37.419144,31.781224,0.860533,0.29088,0.311406,12.469,cuda
realesrnet,ami,031,down,031_down,5,4,144,bicjpeg85,32.541271,0.868046,30.6203,0.947309,4,0.078423,32.096361,36.033124,31.036876,0.851949,0.34067,0.314888,12.466,cuda
realesrnet,ami,031,front,031_front,5,4,144,bicjpeg85,33.411204,0.873276,31.297011,0.953366,4,0.067714,32.608123,37.596038,31.925776,0.851086,0.323416,0.313675,12.46,cuda
realesrnet,ami,031,left,031_left,5,4,144,bicjpeg85,31.773909,0.862431,29.935495,0.935841,4,0.085985,31.779075,34.869607,29.554696,0.826378,0.336824,0.31654,12.458,cuda
realesrnet,ami,031,right,031_right,5,4,144,bicjpeg85,33.728526,0.873775,31.548401,0.953569,4,0.066659,32.342635,38.216592,32.460836,0.859462,0.323112,0.334955,12.465,cuda
realesrnet,ami,031,up,031_up,5,4,144,bicjpeg85,32.973449,0.87054,30.984091,0.950587,4,0.071197,32.3338,36.8314,31.80419,0.853194,0.329821,0.313086,12.466,cuda
realesrnet,ami,031,zoom,031_zoom,5,4,144,bicjpeg85,33.000692,0.873387,30.883866,0.949463,4,0.073296,32.685357,36.443309,32.29599,0.86344,0.366734,0.322998,12.453,cuda
realesrnet,ami,032,back,032_back,3,4,144,bicjpeg85,34.523981,0.90672,32.090997,0.963722,4,0.066203,32.939305,38.940086,31.902882,0.875705,0.186607,0.295654,12.445,cuda
realesrnet,ami,032,down,032_down,3,4,144,bicjpeg85,34.555188,0.910125,32.383789,0.963921,4,0.059223,33.197484,38.662866,31.874686,0.869983,0.19831,0.294652,12.454,cuda
realesrnet,ami,032,front,032_front,3,4,144,bicjpeg85,34.037796,0.912123,31.883578,0.963823,4,0.066371,32.528184,37.962541,31.365334,0.887119,0.197682,0.290061,12.476,cuda
realesrnet,ami,032,left,032_left,3,4,144,bicjpeg85,34.600286,0.91761,32.467183,0.967048,4,0.057575,33.066765,39.09358,31.813401,0.886117,0.192297,0.321061,12.465,cuda
realesrnet,ami,032,right,032_right,3,4,144,bicjpeg85,34.019505,0.910902,31.81394,0.963924,4,0.071092,32.326877,38.418527,31.481202,0.872776,0.212813,0.311368,12.448,cuda
realesrnet,ami,032,up,032_up,3,4,144,bicjpeg85,33.803596,0.906911,31.751822,0.960021,4,0.062171,32.596935,37.457868,31.952789,0.884621,0.219643,0.283038,12.457,cuda
realesrnet,ami,032,zoom,032_zoom,3,4,144,bicjpeg85,35.126844,0.92139,32.894671,0.970041,4,0.05719,33.844663,39.537725,33.475848,0.908144,0.175024,0.272684,12.454,cuda
realesrnet,ami,033,back,033_back,3,4,144,bicjpeg85,34.0113,0.892897,31.802417,0.953647,4,0.068331,33.606334,37.301982,32.455685,0.875757,0.27108,0.315699,12.476,cuda
realesrnet,ami,033,down,033_down,3,4,144,bicjpeg85,32.799622,0.888844,30.943818,0.945388,4,0.077253,32.009191,35.850806,30.543112,0.871208,0.270006,0.311565,12.446,cuda
realesrnet,ami,033,front,033_front,3,4,144,bicjpeg85,34.25545,0.892545,32.292981,0.957459,4,0.068035,33.326802,37.99985,32.759726,0.882087,0.288579,0.320073,12.469,cuda
realesrnet,ami,033,left,033_left,3,4,144,bicjpeg85,34.803409,0.909836,33.011318,0.951004,4,0.072032,34.506935,37.783195,32.545282,0.886614,0.251153,0.333779,12.462,cuda
realesrnet,ami,033,right,033_right,3,4,144,bicjpeg85,32.484728,0.8804,30.850616,0.947622,4,0.087671,31.133867,36.24182,30.957783,0.850063,0.256225,0.319161,12.47,cuda
realesrnet,ami,033,up,033_up,3,4,144,bicjpeg85,35.510851,0.903676,33.373949,0.964763,4,0.057503,34.359852,39.900875,34.524342,0.895768,0.257071,0.306336,12.454,cuda
realesrnet,ami,033,zoom,033_zoom,3,4,144,bicjpeg85,34.262435,0.89809,32.114529,0.95551,4,0.059562,33.852223,37.343752,34.001255,0.89994,0.291303,0.321874,12.464,cuda
realesrnet,ami,034,back,034_back,4,4,144,bicjpeg85,32.635645,0.835427,30.667022,0.94693,4,0.082671,31.467161,38.553462,33.186391,0.88955,0.276449,0.319626,12.467,cuda
realesrnet,ami,034,down,034_down,4,4,144,bicjpeg85,32.372927,0.841871,30.664709,0.943519,4,0.087149,31.942556,37.326521,33.236085,0.897919,0.335522,0.334549,12.462,cuda
realesrnet,ami,034,front,034_front,4,4,144,bicjpeg85,32.882645,0.846229,31.12328,0.945847,4,0.07456,32.376616,38.16163,33.55331,0.899524,0.298287,0.344408,12.44,cuda
realesrnet,ami,034,left,034_left,4,4,144,bicjpeg85,32.747052,0.843812,31.016694,0.944773,4,0.083866,32.418556,37.812682,33.531497,0.894272,0.345812,0.344244,12.446,cuda
realesrnet,ami,034,right,034_right,4,4,144,bicjpeg85,32.829713,0.84102,30.997709,0.944193,4,0.074952,31.94673,37.906187,33.024408,0.886264,0.306001,0.324297,12.471,cuda
realesrnet,ami,034,up,034_up,4,4,144,bicjpeg85,32.584858,0.835756,30.811762,0.95034,4,0.080872,31.600584,38.776426,34.233651,0.899393,0.302096,0.344009,12.464,cuda
realesrnet,ami,034,zoom,034_zoom,4,4,144,bicjpeg85,33.905525,0.879737,32.027254,0.958708,4,0.072951,33.497577,38.515387,34.986145,0.91772,0.268291,0.353311,12.458,cuda
realesrnet,ami,035,back,035_back,5,4,144,bicjpeg85,34.721651,0.904108,32.713924,0.9534,4,0.066212,34.543462,37.873456,32.589452,0.882284,0.238619,0.321568,12.452,cuda
realesrnet,ami,035,down,035_down,5,4,144,bicjpeg85,34.045687,0.898546,32.151736,0.950926,4,0.065535,33.129306,37.316106,31.686313,0.880163,0.253187,0.321916,12.455,cuda
realesrnet,ami,035,front,035_front,5,4,144,bicjpeg85,33.25348,0.890535,31.396726,0.943094,4,0.073255,32.573638,36.262925,30.645982,0.87007,0.255277,0.330223,12.462,cuda
realesrnet,ami,035,left,035_left,5,4,144,bicjpeg85,34.073581,0.899622,32.171357,0.946069,4,0.068637,33.534866,36.97652,31.680254,0.878389,0.290972,0.330144,12.465,cuda
realesrnet,ami,035,right,035_right,5,4,144,bicjpeg85,33.366297,0.892733,31.513222,0.946414,4,0.069544,32.718226,36.364117,30.958219,0.873571,0.260382,0.325224,12.468,cuda
realesrnet,ami,035,up,035_up,5,4,144,bicjpeg85,34.499281,0.902248,32.456967,0.955412,4,0.059368,33.739431,37.833352,32.377035,0.88775,0.26434,0.330104,12.452,cuda
realesrnet,ami,035,zoom,035_zoom,5,4,144,bicjpeg85,33.83715,0.898849,31.930862,0.948744,4,0.062584,33.683133,36.465307,32.038112,0.890017,0.274268,0.325785,12.471,cuda
realesrnet,ami,036,back,036_back,2,4,144,bicjpeg85,34.438941,0.875771,32.408207,0.953463,4,0.070798,33.279286,38.932702,32.923067,0.883894,0.271779,0.330157,12.463,cuda
realesrnet,ami,036,down,036_down,2,4,144,bicjpeg85,35.020694,0.881722,32.97102,0.955552,4,0.068868,33.828128,40.031571,34.420484,0.904217,0.321166,0.340467,12.455,cuda
realesrnet,ami,036,front,036_front,2,4,144,bicjpeg85,35.298209,0.878969,33.227019,0.956254,4,0.064929,33.702994,40.739768,35.233583,0.904168,0.324598,0.360025,12.45,cuda
realesrnet,ami,036,left,036_left,2,4,144,bicjpeg85,35.622751,0.889752,33.546651,0.957791,4,0.065312,34.510744,40.23712,34.950808,0.908698,0.339678,0.35188,12.472,cuda
realesrnet,ami,036,right,036_right,2,4,144,bicjpeg85,33.293036,0.883518,31.429969,0.949178,4,0.070748,32.320198,36.855533,31.424776,0.867483,0.320914,0.335491,12.464,cuda
realesrnet,ami,036,up,036_up,2,4,144,bicjpeg85,34.488632,0.863935,32.379553,0.952352,4,0.068534,33.083726,39.768414,34.728018,0.906871,0.325204,0.323092,12.468,cuda
realesrnet,ami,036,zoom,036_zoom,2,4,144,bicjpeg85,35.876111,0.903906,33.59668,0.962431,4,0.067439,34.58173,40.422114,35.637791,0.928567,0.287413,0.33696,12.462,cuda
realesrnet,ami,037,back,037_back,2,4,144,bicjpeg85,34.385314,0.858158,32.279686,0.950096,4,0.065963,32.537513,39.637233,33.141457,0.891445,0.343263,0.306647,12.467,cuda
realesrnet,ami,037,down,037_down,2,4,144,bicjpeg85,34.517563,0.872529,32.442718,0.951461,4,0.067062,32.943112,39.190526,32.995114,0.901672,0.312337,0.31512,12.461,cuda
realesrnet,ami,037,front,037_front,2,4,144,bicjpeg85,34.267437,0.867916,32.154352,0.946661,4,0.073163,33.020952,38.64856,32.622552,0.890521,0.324083,0.331437,12.461,cuda
realesrnet,ami,037,left,037_left,2,4,144,bicjpeg85,33.835551,0.863466,31.959873,0.942072,4,0.072838,32.446146,37.940009,31.959861,0.884528,0.374048,0.321176,12.458,cuda
realesrnet,ami,037,right,037_right,2,4,144,bicjpeg85,34.560909,0.879874,32.391085,0.953374,4,0.063437,33.133213,38.667148,33.351592,0.898155,0.327688,0.317544,12.467,cuda
realesrnet,ami,037,up,037_up,2,4,144,bicjpeg85,34.178892,0.861375,32.098536,0.946796,4,0.072873,32.721474,38.714725,32.944426,0.891226,0.334857,0.333601,12.47,cuda
realesrnet,ami,037,zoom,037_zoom,2,4,144,bicjpeg85,33.895448,0.88406,31.701861,0.948476,4,0.07407,32.848533,37.370948,32.422066,0.906566,0.277339,0.323812,12.463,cuda
realesrnet,ami,038,back,038_back,2,4,144,bicjpeg85,34.415639,0.873549,32.289216,0.953329,4,0.071937,33.139719,39.354206,33.136125,0.879491,0.270666,0.334201,12.453,cuda
realesrnet,ami,038,down,038_down,2,4,144,bicjpeg85,32.979331,0.839066,31.35291,0.940795,4,0.076745,32.06834,37.627803,32.619223,0.878094,0.313947,0.341452,12.465,cuda
realesrnet,ami,038,front,038_front,2,4,144,bicjpeg85,33.553802,0.847918,31.790641,0.943956,4,0.078738,32.631285,38.151973,32.965334,0.879384,0.317516,0.336477,12.467,cuda
realesrnet,ami,038,left,038_left,2,4,144,bicjpeg85,34.265726,0.864066,32.5328,0.949357,4,0.0723,33.310285,39.012674,33.70978,0.889366,0.302394,0.358507,12.466,cuda
realesrnet,ami,038,right,038_right,2,4,144,bicjpeg85,33.372508,0.865738,31.522019,0.945777,4,0.076157,32.423302,37.438223,31.502029,0.860024,0.301557,0.324328,12.492,cuda
realesrnet,ami,038,up,038_up,2,4,144,bicjpeg85,33.559581,0.845128,31.729547,0.947528,4,0.080052,32.383695,38.659041,33.326722,0.879312,0.313486,0.360345,12.465,cuda
realesrnet,ami,038,zoom,038_zoom,2,4,144,bicjpeg85,33.939436,0.869872,32.037705,0.950517,4,0.073239,33.291576,38.169096,32.995089,0.896649,0.299538,0.342533,12.468,cuda
realesrnet,ami,039,back,039_back,2,4,144,bicjpeg85,33.363976,0.891038,31.538271,0.950183,4,0.072991,32.905385,36.230795,31.184105,0.870708,0.240321,0.307041,12.472,cuda
realesrnet,ami,039,down,039_down,2,4,144,bicjpeg85,32.186857,0.874905,30.538504,0.937595,4,0.088033,32.011822,34.988165,30.01856,0.844166,0.266329,0.315337,12.461,cuda
realesrnet,ami,039,front,039_front,2,4,144,bicjpeg85,32.317179,0.88236,30.608584,0.941422,4,0.074547,32.514666,34.697718,30.220178,0.859762,0.256746,0.310549,12.466,cuda
realesrnet,ami,039,left,039_left,2,4,144,bicjpeg85,34.003019,0.898861,32.202825,0.950338,4,0.073503,34.209256,36.898215,32.096541,0.87829,0.268824,0.304346,12.444,cuda
realesrnet,ami,039,right,039_right,2,4,144,bicjpeg85,32.783101,0.896724,31.122197,0.953722,4,0.071821,31.85385,35.77923,30.304705,0.875672,0.233524,0.333934,12.481,cuda
realesrnet,ami,039,up,039_up,2,4,144,bicjpeg85,34.024144,0.898032,32.180235,0.958676,4,0.061458,33.894296,36.977548,32.380079,0.880409,0.256991,0.323675,12.46,cuda
realesrnet,ami,039,zoom,039_zoom,2,4,144,bicjpeg85,34.269746,0.908149,32.258803,0.959045,4,0.065024,34.377752,36.801296,32.691818,0.896417,0.234058,0.287721,12.452,cuda
realesrnet,ami,040,back,040_back,4,4,144,bicjpeg85,33.458793,0.884478,31.339437,0.946506,4,0.076926,32.907011,36.824454,31.773791,0.867228,0.27244,0.335183,12.453,cuda
realesrnet,ami,040,down,040_down,4,4,144,bicjpeg85,32.859317,0.879347,30.993908,0.943979,4,0.07417,32.738184,35.940899,31.348019,0.872699,0.306315,0.305706,12.458,cuda
realesrnet,ami,040,front,040_front,4,4,144,bicjpeg85,31.964388,0.865039,30.276103,0.932674,4,0.089474,31.629432,35.01525,29.752892,0.832557,0.300124,0.319429,12.466,cuda
realesrnet,ami,040,left,040_left,4,4,144,bicjpeg85,33.322329,0.887115,31.410624,0.946904,4,0.074948,33.494088,36.311771,31.391251,0.86166,0.319713,0.310634,12.463,cuda
realesrnet,ami,040,right,040_right,4,4,144,bicjpeg85,30.755866,0.864132,29.110319,0.926195,4,0.092371,30.593733,33.279953,28.592647,0.823662,0.29193,0.326305,12.444,cuda
realesrnet,ami,040,up,040_up,4,4,144,bicjpeg85,32.623658,0.872213,30.828641,0.940529,4,0.079216,32.273729,35.893757,30.68828,0.84225,0.335409,0.314354,12.468,cuda
realesrnet,ami,040,zoom,040_zoom,4,4,144,bicjpeg85,33.295829,0.888512,31.257531,0.948321,4,0.070888,33.144688,36.555364,32.215523,0.884446,0.310263,0.320757,12.462,cuda
realesrnet,ami,041,back,041_back,5,4,144,bicjpeg85,34.059107,0.878698,31.99842,0.953951,4,0.065506,33.534915,38.039995,32.851964,0.890448,0.290412,0.30292,12.47,cuda
realesrnet,ami,041,down,041_down,5,4,144,bicjpeg85,34.08439,0.880874,32.159438,0.949626,4,0.075322,33.405168,37.831674,32.708672,0.89072,0.294828,0.297882,12.461,cuda
realesrnet,ami,041,front,041_front,5,4,144,bicjpeg85,32.434527,0.864243,30.649879,0.93536,4,0.082548,32.299283,35.523,30.802596,0.867413,0.312791,0.318848,12.468,cuda
realesrnet,ami,041,left,041_left,5,4,144,bicjpeg85,35.526916,0.897394,33.382315,0.952948,4,0.065138,35.105784,38.996171,34.380219,0.901869,0.315778,0.308337,12.448,cuda
realesrnet,ami,041,right,041_right,5,4,144,bicjpeg85,33.959689,0.883306,31.925453,0.953423,4,0.069929,33.054903,37.751978,32.813201,0.89252,0.279292,0.308908,12.459,cuda
realesrnet,ami,041,up,041_up,5,4,144,bicjpeg85,33.621361,0.871898,31.794967,0.949911,4,0.074759,33.087337,37.38611,32.92034,0.883927,0.320296,0.330386,12.462,cuda
realesrnet,ami,041,zoom,041_zoom,5,4,144,bicjpeg85,34.850365,0.900337,32.712756,0.957417,4,0.060318,34.523733,38.425589,34.118214,0.912807,0.267005,0.327321,12.462,cuda
realesrnet,ami,042,back,042_back,4,4,144,bicjpeg85,33.345668,0.848343,31.418799,0.946126,4,0.076399,31.977574,38.624955,32.538898,0.874624,0.235343,0.321365,12.464,cuda
realesrnet,ami,042,down,042_down,4,4,144,bicjpeg85,32.725252,0.847496,30.852175,0.93888,4,0.084069,31.571638,37.044661,31.481695,0.87845,0.322863,0.303411,12.452,cuda
realesrnet,ami,042,front,042_front,4,4,144,bicjpeg85,32.028309,0.820643,30.256777,0.934191,4,0.089203,31.164144,36.705756,31.361571,0.866302,0.291545,0.305713,12.455,cuda
realesrnet,ami,042,left,042_left,4,4,144,bicjpeg85,33.381438,0.853448,31.460066,0.939236,4,0.08599,32.433561,37.714481,32.29549,0.877516,0.319154,0.340476,12.448,cuda
realesrnet,ami,042,right,042_right,4,4,144,bicjpeg85,33.439573,0.841477,31.489993,0.946888,4,0.082022,31.755535,39.04571,33.067961,0.895628,0.294509,0.30058,12.444,cuda
realesrnet,ami,042,up,042_up,4,4,144,bicjpeg85,32.43205,0.820031,30.671582,0.939364,4,0.088554,31.219526,38.022776,32.567464,0.882378,0.293015,0.300735,12.46,cuda
realesrnet,ami,042,zoom,042_zoom,4,4,144,bicjpeg85,31.605095,0.837265,29.92981,0.929295,4,0.094612,31.459304,35.06909,31.260947,0.882231,0.284869,0.32332,12.442,cuda
realesrnet,ami,043,back,043_back,4,4,144,bicjpeg85,34.281186,0.896257,32.384874,0.962729,4,0.064424,33.903441,38.108109,33.58172,0.913761,0.256127,0.296607,12.457,cuda
realesrnet,ami,043,down,043_down,4,4,144,bicjpeg85,33.188278,0.858385,31.35156,0.948941,4,0.070046,32.79827,36.990759,32.645755,0.901042,0.355627,0.306682,12.45,cuda
realesrnet,ami,043,front,043_front,4,4,144,bicjpeg85,33.151784,0.86678,31.27151,0.947811,4,0.073581,32.958537,36.529981,31.99968,0.882923,0.326942,0.311829,12.453,cuda
realesrnet,ami,043,left,043_left,4,4,144,bicjpeg85,33.736284,0.873995,31.792584,0.948727,4,0.072902,33.417416,37.398715,32.214566,0.884424,0.323778,0.295746,12.462,cuda
realesrnet,ami,043,right,043_right,4,4,144,bicjpeg85,33.863948,0.894274,31.90302,0.961967,4,0.063918,33.287027,37.362294,32.794606,0.90183,0.248586,0.308882,12.461,cuda
realesrnet,ami,043,up,043_up,4,4,144,bicjpeg85,33.970519,0.870422,32.033202,0.956907,4,0.062806,33.498301,38.426893,33.33015,0.890552,0.312163,0.298802,12.458,cuda
realesrnet,ami,043,zoom,043_zoom,4,4,144,bicjpeg85,33.73211,0.882347,31.722666,0.952531,4,0.066542,33.770123,36.905187,33.019297,0.907879,0.305849,0.298302,12.448,cuda
realesrnet,ami,044,back,044_back,5,4,144,bicjpeg85,34.079527,0.891021,32.081831,0.956152,4,0.069038,32.996058,37.860955,31.89707,0.881161,0.253929,0.3169,12.447,cuda
realesrnet,ami,044,down,044_down,5,4,144,bicjpeg85,32.851214,0.881564,31.148003,0.948728,4,0.078578,31.821628,36.502423,30.470702,0.860361,0.277909,0.303692,12.463,cuda
realesrnet,ami,044,front,044_front,5,4,144,bicjpeg85,34.283479,0.902738,32.426578,0.961436,4,0.06353,33.290957,38.124693,32.07548,0.889862,0.25041,0.303614,12.459,cuda
realesrnet,ami,044,left,044_left,5,4,144,bicjpeg85,34.244771,0.895041,32.337522,0.959497,4,0.064837,33.231728,38.495353,32.394458,0.883413,0.277124,0.328578,12.46,cuda
realesrnet,ami,044,right,044_right,5,4,144,bicjpeg85,34.371819,0.901904,32.332828,0.959428,4,0.061618,33.30319,37.9597,31.893075,0.885608,0.245654,0.325667,12.449,cuda
realesrnet,ami,044,up,044_up,5,4,144,bicjpeg85,33.683525,0.889369,31.892717,0.954929,4,0.069596,32.39021,37.734836,31.05461,0.856244,0.275913,0.320385,12.464,cuda
realesrnet,ami,044,zoom,044_zoom,5,4,144,bicjpeg85,34.504046,0.903592,32.599976,0.961988,4,0.062111,33.753955,38.229195,32.825926,0.900086,0.225225,0.292654,12.457,cuda
realesrnet,ami,045,back,045_back,2,4,144,bicjpeg85,33.092855,0.874144,31.135293,0.948661,4,0.07599,32.510559,36.977555,32.517779,0.889268,0.272102,0.333791,12.468,cuda
realesrnet,ami,045,down,045_down,2,4,144,bicjpeg85,34.382549,0.887508,32.168011,0.955696,4,0.069991,33.723258,38.536016,33.774784,0.901685,0.302791,0.320364,12.472,cuda
realesrnet,ami,045,front,045_front,2,4,144,bicjpeg85,34.105655,0.88584,32.067232,0.956256,4,0.0744,33.086301,38.399135,33.388434,0.892155,0.291735,0.331121,12.466,cuda
realesrnet,ami,045,left,045_left,2,4,144,bicjpeg85,34.413068,0.888174,32.490485,0.947615,4,0.075846,34.352441,37.811678,33.872583,0.898019,0.325595,0.313684,12.471,cuda
realesrnet,ami,045,right,045_right,2,4,144,bicjpeg85,32.410981,0.879579,30.54612,0.939374,4,0.081592,32.112812,35.309088,31.573317,0.886742,0.283995,0.318434,12.468,cuda
realesrnet,ami,045,up,045_up,2,4,144,bicjpeg85,33.661949,0.887776,31.663532,0.951979,4,0.075591,32.961843,37.298356,33.320129,0.902009,0.262942,0.310101,12.459,cuda
realesrnet,ami,045,zoom,045_zoom,2,4,144,bicjpeg85,35.873077,0.92106,33.581564,0.965254,4,0.059644,35.576323,39.370482,35.070789,0.92694,0.221521,0.31872,12.468,cuda
realesrnet,ami,046,back,046_back,5,4,144,bicjpeg85,33.546686,0.907645,31.54485,0.965421,4,0.056404,32.728047,36.84956,34.394524,0.901988,0.240618,0.301228,12.468,cuda
realesrnet,ami,046,down,046_down,5,4,144,bicjpeg85,33.182988,0.892442,31.279275,0.941632,4,0.084339,33.115981,35.887033,30.853023,0.869715,0.275663,0.31292,12.468,cuda
realesrnet,ami,046,front,046_front,5,4,144,bicjpeg85,34.606269,0.902157,32.495484,0.957788,4,0.063588,34.317623,38.076367,32.434737,0.881385,0.254215,0.304853,12.459,cuda
realesrnet,ami,046,left,046_left,5,4,144,bicjpeg85,36.435772,0.924857,34.288067,0.967461,4,0.052444,35.838576,39.90597,34.666265,0.913916,0.240184,0.319296,12.445,cuda
realesrnet,ami,046,right,046_right,5,4,144,bicjpeg85,31.691122,0.889443,30.035954,0.942762,4,0.086508,31.714647,34.094599,29.491168,0.852776,0.254568,0.29448,12.447,cuda
realesrnet,ami,046,up,046_up,5,4,144,bicjpeg85,34.109344,0.894783,31.962685,0.960298,4,0.064269,33.588276,37.830055,33.172418,0.896393,0.265073,0.298937,12.446,cuda
realesrnet,ami,046,zoom,046_zoom,5,4,144,bicjpeg85,35.21725,0.910927,32.924237,0.962066,4,0.058646,35.022625,38.635496,33.909615,0.905046,0.231847,0.294851,12.462,cuda
realesrnet,ami,047,back,047_back,3,4,144,bicjpeg85,35.158969,0.900314,33.038614,0.962138,4,0.065357,33.970938,39.490492,33.887918,0.908926,0.247363,0.302741,12.454,cuda
realesrnet,ami,047,down,047_down,3,4,144,bicjpeg85,33.917859,0.869487,31.920489,0.945126,4,0.083596,33.304264,37.536924,32.898275,0.892985,0.279584,0.334434,12.447,cuda
realesrnet,ami,047,front,047_front,3,4,144,bicjpeg85,34.506259,0.880865,32.494304,0.949639,4,0.069678,33.548485,38.417816,33.206174,0.899183,0.27708,0.338123,12.455,cuda
realesrnet,ami,047,left,047_left,3,4,144,bicjpeg85,34.164272,0.866501,32.113847,0.946182,4,0.078058,32.995331,38.475655,33.160919,0.891993,0.297724,0.34397,12.464,cuda
realesrnet,ami,047,right,047_right,3,4,144,bicjpeg85,34.635052,0.89923,32.67168,0.955475,4,0.062882,34.063662,37.910694,33.01748,0.904108,0.260867,0.329612,12.462,cuda
realesrnet,ami,047,up,047_up,3,4,144,bicjpeg85,34.993916,0.878543,32.998532,0.953158,4,0.074045,33.764522,39.748132,34.580764,0.90965,0.277952,0.322639,12.458,cuda
realesrnet,ami,047,zoom,047_zoom,3,4,144,bicjpeg85,35.631016,0.906211,33.207352,0.959616,4,0.061945,34.919705,39.181976,34.665362,0.918937,0.229447,0.327433,12.452,cuda
realesrnet,ami,048,back,048_back,1,4,144,bicjpeg85,33.542387,0.883051,31.365567,0.953607,4,0.076077,32.234024,37.883949,31.506386,0.865079,0.26302,0.316473,12.447,cuda
realesrnet,ami,048,down,048_down,1,4,144,bicjpeg85,32.160595,0.875734,30.620755,0.934456,4,0.091282,31.60106,35.034087,29.93393,0.839985,0.287702,0.31603,12.467,cuda
realesrnet,ami,048,front,048_front,1,4,144,bicjpeg85,33.551173,0.897652,31.657466,0.954919,4,0.065771,33.096074,36.435415,32.214556,0.880555,0.265448,0.330825,12.456,cuda
realesrnet,ami,048,left,048_left,1,4,144,bicjpeg85,33.515658,0.894421,31.889173,0.94446,4,0.077488,32.937391,36.523771,31.438561,0.860106,0.28967,0.34734,12.472,cuda
realesrnet,ami,048,right,048_right,1,4,144,bicjpeg85,33.164736,0.8909,31.320796,0.949119,4,0.074401,32.170984,36.638185,31.032051,0.868515,0.239554,0.311414,12.453,cuda
realesrnet,ami,048,up,048_up,1,4,144,bicjpeg85,32.2058,0.877549,30.547005,0.939509,4,0.085111,31.753594,35.182916,30.895498,0.858667,0.26435,0.32336,12.464,cuda
realesrnet,ami,048,zoom,048_zoom,1,4,144,bicjpeg85,33.670425,0.902865,31.892382,0.950277,4,0.070034,33.276618,36.497191,32.328135,0.893398,0.244347,0.321406,12.461,cuda
realesrnet,ami,051,back,051_back,4,4,144,bicjpeg85,32.517163,0.880409,30.689971,0.948479,4,0.078783,32.211674,35.899238,30.683481,0.872749,0.281757,0.341415,12.463,cuda
realesrnet,ami,051,down,051_down,4,4,144,bicjpeg85,33.485154,0.886875,31.489333,0.951709,4,0.077264,32.803942,36.983931,33.001312,0.902026,0.279601,0.321725,12.449,cuda
realesrnet,ami,051,front,051_front,4,4,144,bicjpeg85,32.920952,0.882432,31.093782,0.950039,4,0.079995,32.525541,36.416608,32.560881,0.888344,0.29506,0.323668,12.464,cuda
realesrnet,ami,051,left,051_left,4,4,144,bicjpeg85,35.106301,0.910076,33.019787,0.962736,4,0.061767,34.767844,38.380953,34.516241,0.91729,0.292984,0.325234,12.458,cuda
realesrnet,ami,051,right,051_right,4,4,144,bicjpeg85,33.797651,0.892928,32.019421,0.955664,4,0.069753,32.981987,37.457955,31.815481,0.87015,0.268021,0.294656,12.463,cuda
realesrnet,ami,051,up,051_up,4,4,144,bicjpeg85,33.054874,0.876634,31.235351,0.95184,4,0.075625,32.379875,36.78245,32.802087,0.890192,0.318844,0.323243,12.461,cuda
realesrnet,ami,051,zoom,051_zoom,4,4,144,bicjpeg85,35.812578,0.923632,33.361177,0.968866,4,0.056241,35.687982,38.920321,35.555224,0.929793,0.226978,0.317189,12.462,cuda
realesrnet,ami,052,back,052_back,1,4,144,bicjpeg85,33.275057,0.883434,31.383769,0.957481,4,0.0734,31.687058,37.393066,31.997976,0.887722,0.208651,0.308808,12.481,cuda
realesrnet,ami,052,down,052_down,1,4,144,bicjpeg85,32.717059,0.877122,30.972471,0.957649,4,0.068557,31.654301,36.545063,30.884411,0.860968,0.230503,0.318602,12.463,cuda
realesrnet,ami,052,front,052_front,1,4,144,bicjpeg85,33.982339,0.889869,32.139467,0.965389,4,0.063142,32.645381,38.48563,32.035152,0.874499,0.222681,0.314147,12.461,cuda
realesrnet,ami,052,left,052_left,1,4,144,bicjpeg85,33.010751,0.892298,31.350244,0.956419,4,0.067845,32.399139,36.099878,30.546264,0.868441,0.256368,0.305355,12.468,cuda
realesrnet,ami,052,right,052_right,1,4,144,bicjpeg85,34.408647,0.907011,32.487121,0.969222,4,0.058414,32.753667,39.201256,32.644204,0.892038,0.219476,0.297632,12.45,cuda
realesrnet,ami,052,up,052_up,1,4,144,bicjpeg85,34.516091,0.897183,32.59337,0.965226,4,0.061659,33.224689,38.842756,33.47275,0.90292,0.246326,0.307181,12.458,cuda
realesrnet,ami,052,zoom,052_zoom,1,4,144,bicjpeg85,34.582046,0.907748,32.637164,0.967514,4,0.059478,33.307471,38.562716,33.608562,0.899189,0.198874,0.281784,12.459,cuda
realesrnet,ami,053,back,053_back,3,4,144,bicjpeg85,34.472907,0.888086,32.249882,0.957832,4,0.06658,33.263529,38.516339,33.38699,0.887,0.230874,0.296111,12.453,cuda
realesrnet,ami,053,down,053_down,3,4,144,bicjpeg85,33.15126,0.867252,31.143007,0.950912,4,0.077067,32.295077,37.152205,32.855486,0.892096,0.259167,0.322282,12.461,cuda
realesrnet,ami,053,front,053_front,3,4,144,bicjpeg85,33.509216,0.875841,31.527291,0.951752,4,0.07263,32.94743,37.391576,32.960949,0.886386,0.264933,0.33078,12.449,cuda
realesrnet,ami,053,left,053_left,3,4,144,bicjpeg85,33.155811,0.877381,31.329684,0.946549,4,0.078851,32.853592,36.600096,31.969574,0.877649,0.281062,0.325818,12.444,cuda
realesrnet,ami,053,right,053_right,3,4,144,bicjpeg85,33.798957,0.884152,31.819319,0.95202,4,0.068563,33.003217,37.292113,31.706779,0.851715,0.23392,0.319268,12.456,cuda
realesrnet,ami,053,up,053_up,3,4,144,bicjpeg85,33.713173,0.872574,31.661823,0.952648,4,0.069606,32.827928,37.705806,32.644693,0.871615,0.276594,0.308101,12.461,cuda
realesrnet,ami,053,zoom,053_zoom,3,4,144,bicjpeg85,32.78533,0.878282,30.872205,0.942178,4,0.079478,32.547672,35.85192,31.637784,0.867369,0.255204,0.320639,12.461,cuda
realesrnet,ami,054,back,054_back,3,4,144,bicjpeg85,33.583885,0.887848,31.457753,0.953676,4,0.072649,32.448728,37.795184,32.158502,0.877835,0.255699,0.313186,12.46,cuda
realesrnet,ami,054,down,054_down,3,4,144,bicjpeg85,33.190405,0.888611,31.17003,0.946781,4,0.074885,31.935082,36.900217,31.397102,0.877737,0.266409,0.305417,12.454,cuda
realesrnet,ami,054,front,054_front,3,4,144,bicjpeg85,33.263646,0.888206,31.397541,0.9514,4,0.07176,32.367905,37.029782,31.385296,0.869146,0.238221,0.272879,12.463,cuda
realesrnet,ami,054,left,054_left,3,4,144,bicjpeg85,33.296907,0.887129,31.355688,0.947706,4,0.075674,32.678596,36.555618,31.353029,0.873674,0.293735,0.308655,12.455,cuda
realesrnet,ami,054,right,054_right,3,4,144,bicjpeg85,33.13784,0.885313,31.346001,0.951096,4,0.073558,32.466052,36.514244,31.118418,0.865285,0.253869,0.304956,12.44,cuda
realesrnet,ami,054,up,054_up,3,4,144,bicjpeg85,32.658765,0.882232,30.251123,0.954377,4,0.066925,31.375829,37.318397,32.047181,0.869437,0.287965,0.3221,12.459,cuda
realesrnet,ami,054,zoom,054_zoom,3,4,144,bicjpeg85,32.845103,0.890751,30.966084,0.946097,4,0.08125,31.853574,36.38052,30.951228,0.87229,0.249579,0.303442,12.459,cuda
realesrnet,ami,055,back,055_back,2,4,144,bicjpeg85,35.245091,0.911164,33.05218,0.964306,4,0.063002,33.983243,39.151807,33.29375,0.895093,0.215258,0.316676,12.452,cuda
realesrnet,ami,055,down,055_down,2,4,144,bicjpeg85,34.294761,0.899835,32.23933,0.961357,4,0.058285,33.041522,38.447222,32.309912,0.892117,0.231719,0.297466,12.452,cuda
realesrnet,ami,055,front,055_front,2,4,144,bicjpeg85,34.055065,0.904187,32.103044,0.957415,4,0.066122,32.996125,37.645383,32.313156,0.889762,0.245297,0.307141,12.46,cuda
realesrnet,ami,055,left,055_left,2,4,144,bicjpeg85,34.260628,0.897955,32.336506,0.955447,4,0.063045,33.609408,37.631785,32.229453,0.883728,0.241439,0.299567,12.461,cuda
realesrnet,ami,055,right,055_right,2,4,144,bicjpeg85,34.054465,0.907966,32.178726,0.962896,4,0.067015,32.390517,38.544021,31.69355,0.86694,0.207216,0.309822,12.474,cuda
realesrnet,ami,055,up,055_up,2,4,144,bicjpeg85,34.443749,0.903317,32.43077,0.962052,4,0.061818,33.106763,38.652835,32.78519,0.8901,0.249291,0.308464,12.459,cuda
realesrnet,ami,055,zoom,055_zoom,2,4,144,bicjpeg85,34.594418,0.917025,32.374033,0.962258,4,0.062685,33.705087,37.813443,33.170406,0.912494,0.205816,0.27759,12.451,cuda
realesrnet,ami,056,back,056_back,4,4,144,bicjpeg85,32.5573,0.887767,30.795146,0.952507,4,0.076674,31.128054,36.624156,30.59391,0.863535,0.220781,0.316641,12.465,cuda
realesrnet,ami,056,down,056_down,4,4,144,bicjpeg85,32.198829,0.879493,30.470542,0.942974,4,0.0826,31.669757,35.378087,30.230576,0.86364,0.245928,0.304323,12.447,cuda
realesrnet,ami,056,front,056_front,4,4,144,bicjpeg85,32.417543,0.892079,30.769378,0.952033,4,0.075227,32.020218,35.544586,30.559856,0.883856,0.232983,0.318804,12.451,cuda
realesrnet,ami,056,left,056_left,4,4,144,bicjpeg85,35.432407,0.920765,33.460972,0.968575,4,0.055201,34.827852,39.096994,33.548307,0.910514,0.217328,0.296658,12.455,cuda
realesrnet,ami,056,right,056_right,4,4,144,bicjpeg85,31.141425,0.88724,29.517763,0.948436,4,0.084142,30.319204,34.047691,28.728404,0.83307,0.213832,0.317757,12.464,cuda
realesrnet,ami,056,up,056_up,4,4,144,bicjpeg85,33.967701,0.895287,32.115904,0.961123,4,0.064328,32.751401,38.416991,32.745437,0.897115,0.241923,0.308203,12.458,cuda
realesrnet,ami,056,zoom,056_zoom,4,4,144,bicjpeg85,33.434703,0.90498,31.567981,0.955657,4,0.069733,32.837576,36.393831,31.934571,0.897484,0.192373,0.287037,12.454,cuda
realesrnet,ami,057,back,057_back,5,4,144,bicjpeg85,33.886867,0.901753,31.783269,0.964066,4,0.069748,32.759026,38.22805,33.385214,0.913574,0.231048,0.299373,12.45,cuda
realesrnet,ami,057,down,057_down,5,4,144,bicjpeg85,34.318298,0.903272,32.30029,0.960644,4,0.063775,33.653274,37.828511,32.7319,0.909644,0.268998,0.306897,12.46,cuda
realesrnet,ami,057,front,057_front,5,4,144,bicjpeg85,34.174211,0.891695,32.220361,0.962724,4,0.067572,33.122051,38.684232,33.227476,0.902703,0.247911,0.314116,12.458,cuda
realesrnet,ami,057,left,057_left,5,4,144,bicjpeg85,35.02651,0.908625,33.152525,0.966557,4,0.063,34.299917,38.822384,34.067338,0.922531,0.2637,0.311127,12.461,cuda
realesrnet,ami,057,right,057_right,5,4,144,bicjpeg85,32.091613,0.886114,30.470181,0.945374,4,0.080146,31.668397,35.128768,30.217147,0.868001,0.27688,0.305984,12.456,cuda
realesrnet,ami,057,up,057_up,5,4,144,bicjpeg85,33.453686,0.886715,31.644677,0.959836,4,0.068336,32.032405,38.274124,33.797982,0.900062,0.230971,0.308656,12.47,cuda
realesrnet,ami,057,zoom,057_zoom,5,4,144,bicjpeg85,35.557543,0.928643,33.348425,0.972363,4,0.055215,34.620362,39.096602,35.12883,0.937808,0.208649,0.287922,12.47,cuda
realesrnet,ami,058,back,058_back,5,4,144,bicjpeg85,34.323165,0.905864,32.303978,0.962231,4,0.067554,33.689316,37.83691,32.367091,0.879526,0.218408,0.298434,12.463,cuda
realesrnet,ami,058,down,058_down,5,4,144,bicjpeg85,33.492897,0.898768,31.671878,0.956289,4,0.07178,33.128854,36.730608,31.950543,0.882886,0.240145,0.319406,12.465,cuda
realesrnet,ami,058,front,058_front,5,4,144,bicjpeg85,33.460249,0.901335,31.531054,0.957463,4,0.068553,33.080722,36.662836,32.332643,0.894307,0.247298,0.325108,12.46,cuda
realesrnet,ami,058,left,058_left,5,4,144,bicjpeg85,33.314578,0.906262,31.541662,0.95345,4,0.074781,33.094078,36.204817,31.870166,0.887439,0.248329,0.320712,12.461,cuda
realesrnet,ami,058,right,058_right,5,4,144,bicjpeg85,33.32217,0.895369,31.466765,0.95652,4,0.072348,32.03585,36.948952,31.341144,0.867951,0.244981,0.320959,12.455,cuda
realesrnet,ami,058,up,058_up,5,4,144,bicjpeg85,32.803602,0.888059,31.058727,0.95028,4,0.074361,32.374243,36.027117,31.663378,0.876777,0.250076,0.325843,12.463,cuda
realesrnet,ami,058,zoom,058_zoom,5,4,144,bicjpeg85,34.798529,0.917256,32.600853,0.965636,4,0.062998,34.305695,37.986418,34.014041,0.914542,0.212783,0.304204,12.441,cuda
realesrnet,ami,059,back,059_back,3,4,144,bicjpeg85,34.496729,0.905796,32.598099,0.9586,4,0.068087,33.489546,37.946687,32.68077,0.895798,0.234666,0.323738,12.445,cuda
realesrnet,ami,059,down,059_down,3,4,144,bicjpeg85,34.358965,0.909618,32.533116,0.958264,4,0.063728,33.725912,37.611777,32.119748,0.889719,0.220713,0.318928,12.454,cuda
realesrnet,ami,059,front,059_front,3,4,144,bicjpeg85,33.587962,0.898439,31.899019,0.953875,4,0.072352,32.707967,37.022751,31.485767,0.874613,0.230743,0.305069,12.449,cuda
realesrnet,ami,059,left,059_left,3,4,144,bicjpeg85,33.49495,0.902077,31.820732,0.950954,4,0.076006,32.58883,36.772311,30.849377,0.866741,0.238285,0.288266,12.455,cuda
realesrnet,ami,059,right,059_right,3,4,144,bicjpeg85,33.166694,0.911509,31.534702,0.960128,4,0.066796,32.341208,36.021009,31.59142,0.888591,0.210665,0.29457,12.462,cuda
realesrnet,ami,059,up,059_up,3,4,144,bicjpeg85,33.184465,0.89121,31.524995,0.951899,4,0.073065,32.312067,36.464891,31.580076,0.882761,0.241512,0.29645,12.461,cuda
realesrnet,ami,059,zoom,059_zoom,3,4,144,bicjpeg85,34.092899,0.916335,32.255208,0.959975,4,0.065988,33.307804,37.04548,33.208274,0.912299,0.214626,0.284958,12.456,cuda
realesrnet,ami,061,back,061_back,2,4,144,bicjpeg85,35.534412,0.905418,33.292009,0.96357,4,0.061928,34.349245,39.651158,33.572758,0.887401,0.247931,0.326036,12.447,cuda
realesrnet,ami,061,down,061_down,2,4,144,bicjpeg85,33.724281,0.88208,31.879532,0.946617,4,0.079186,32.954081,36.933264,31.549034,0.876206,0.28905,0.318431,12.461,cuda
realesrnet,ami,061,front,061_front,2,4,144,bicjpeg85,34.097878,0.891489,32.228261,0.951635,4,0.074518,33.581847,37.459803,32.084345,0.877658,0.262845,0.314042,12.46,cuda
realesrnet,ami,061,left,061_left,2,4,144,bicjpeg85,33.750616,0.888375,32.012417,0.946425,4,0.078916,33.352838,36.985809,31.968978,0.874723,0.28381,0.335291,12.47,cuda
realesrnet,ami,061,right,061_right,2,4,144,bicjpeg85,34.22616,0.909735,32.29924,0.9585,4,0.068749,33.03476,37.691428,32.045433,0.877927,0.244758,0.301509,12.469,cuda
realesrnet,ami,061,up,061_up,2,4,144,bicjpeg85,34.065107,0.893256,32.240879,0.95169,4,0.068458,33.225299,37.575141,32.17154,0.881799,0.282212,0.312137,12.454,cuda
realesrnet,ami,061,zoom,061_zoom,2,4,144,bicjpeg85,34.442719,0.906662,32.490242,0.95211,4,0.070586,34.410106,37.13885,32.739043,0.894852,0.255125,0.319942,12.466,cuda
realesrnet,ami,062,back,062_back,3,4,144,bicjpeg85,34.255136,0.897826,32.307489,0.959108,4,0.065534,33.743591,38.010943,34.37516,0.923435,0.259895,0.312935,12.462,cuda
realesrnet,ami,062,down,062_down,3,4,144,bicjpeg85,33.168997,0.875453,31.338484,0.948936,4,0.076394,32.855891,36.448977,32.360391,0.892256,0.336213,0.334794,12.45,cuda
realesrnet,ami,062,front,062_front,3,4,144,bicjpeg85,34.16281,0.879653,32.111954,0.958299,4,0.064812,33.191199,38.899894,34.641747,0.911922,0.30774,0.32175,12.449,cuda
realesrnet,ami,062,left,062_left,3,4,144,bicjpeg85,33.886849,0.883709,31.996456,0.94969,4,0.072859,34.021702,36.996081,32.939502,0.888982,0.33646,0.335858,12.459,cuda
realesrnet,ami,062,right,062_right,3,4,144,bicjpeg85,34.025244,0.879783,32.109462,0.952243,4,0.06943,33.464538,37.821258,33.475917,0.898619,0.311576,0.337116,12.462,cuda
realesrnet,ami,062,up,062_up,3,4,144,bicjpeg85,33.223127,0.874429,31.356438,0.957824,4,0.067472,32.256481,38.286924,35.044001,0.905907,0.302465,0.317376,12.443,cuda
realesrnet,ami,062,zoom,062_zoom,3,4,144,bicjpeg85,34.000309,0.896792,31.972306,0.956045,4,0.067739,33.868696,37.066918,34.263175,0.911949,0.294466,0.32663,12.458,cuda
realesrnet,ami,063,back,063_back,4,4,144,bicjpeg85,35.387249,0.90901,33.118179,0.964112,4,0.062654,34.394351,39.263134,33.351798,0.898664,0.237921,0.272351,12.462,cuda
realesrnet,ami,063,down,063_down,4,4,144,bicjpeg85,34.499175,0.897178,32.430049,0.959443,4,0.062627,33.623837,38.251605,33.245614,0.912643,0.261406,0.315224,12.47,cuda
realesrnet,ami,063,front,063_front,4,4,144,bicjpeg85,33.329631,0.887032,31.382378,0.946288,4,0.074496,32.474968,36.667975,31.1072,0.878026,0.285142,0.337641,12.452,cuda
realesrnet,ami,063,left,063_left,4,4,144,bicjpeg85,33.928026,0.893847,32.144922,0.946486,4,0.073346,33.587488,37.058138,31.68081,0.870099,0.271224,0.342375,12.462,cuda
realesrnet,ami,063,right,063_right,4,4,144,bicjpeg85,33.526761,0.881611,31.539208,0.950437,4,0.077633,32.215715,37.537122,31.253648,0.867479,0.292911,0.34817,12.449,cuda
realesrnet,ami,063,up,063_up,4,4,144,bicjpeg85,33.027351,0.871181,31.232686,0.942351,4,0.080634,32.143422,36.449905,31.305856,0.869621,0.309409,0.339203,12.458,cuda
realesrnet,ami,063,zoom,063_zoom,4,4,144,bicjpeg85,33.904633,0.909402,31.905041,0.951151,4,0.066004,33.639085,36.469747,32.03076,0.904629,0.23908,0.316906,12.457,cuda
realesrnet,ami,064,back,064_back,5,4,144,bicjpeg85,33.850799,0.878695,31.79573,0.953945,4,0.069146,32.615412,38.188904,31.798162,0.868091,0.291037,0.309092,12.467,cuda
realesrnet,ami,064,down,064_down,5,4,144,bicjpeg85,33.174958,0.864453,31.364773,0.946696,4,0.077487,31.876984,37.236011,31.270134,0.874966,0.304018,0.30446,12.471,cuda
realesrnet,ami,064,front,064_front,5,4,144,bicjpeg85,33.39452,0.871858,31.630555,0.946115,4,0.077541,32.416012,37.012468,31.275596,0.860554,0.288006,0.31107,12.46,cuda
realesrnet,ami,064,left,064_left,5,4,144,bicjpeg85,33.873926,0.876011,32.025193,0.950098,4,0.077839,32.854488,37.769489,32.088141,0.875772,0.307419,0.301036,12.46,cuda
realesrnet,ami,064,right,064_right,5,4,144,bicjpeg85,34.606799,0.88843,32.817531,0.958293,4,0.068306,33.259445,38.920255,32.695789,0.879833,0.296882,0.328289,13.228,cuda
realesrnet,ami,064,up,064_up,5,4,144,bicjpeg85,33.554271,0.870576,31.702654,0.948891,4,0.078923,32.367474,37.561866,31.594562,0.86021,0.289953,0.297192,15.124,cuda
realesrnet,ami,064,zoom,064_zoom,5,4,144,bicjpeg85,33.344166,0.886685,31.398805,0.94854,4,0.075408,32.798315,36.578905,31.62937,0.888376,0.263742,0.296001,12.479,cuda
realesrnet,ami,065,back,065_back,3,4,144,bicjpeg85,32.978818,0.875971,31.031387,0.951113,4,0.082797,31.569244,36.971563,31.85485,0.889395,0.284033,0.321006,12.482,cuda
realesrnet,ami,065,down,065_down,3,4,144,bicjpeg85,31.948879,0.880422,30.280589,0.939932,4,0.087213,31.293794,34.767084,30.113631,0.870295,0.276046,0.331771,14.555,cuda
realesrnet,ami,065,front,065_front,3,4,144,bicjpeg85,32.979092,0.882348,31.226906,0.950156,4,0.077545,32.134497,36.059593,31.629446,0.890702,0.30833,0.320684,12.471,cuda
realesrnet,ami,065,left,065_left,3,4,144,bicjpeg85,35.367411,0.90995,33.410053,0.960764,4,0.063621,34.742889,38.879826,33.956723,0.906149,0.283587,0.309156,12.525,cuda
realesrnet,ami,065,right,065_right,3,4,144,bicjpeg85,34.214817,0.898599,32.310391,0.961765,4,0.072321,32.922474,38.373474,33.374228,0.902297,0.293285,0.312476,12.645,cuda
realesrnet,ami,065,up,065_up,3,4,144,bicjpeg85,32.961968,0.881684,31.273095,0.951839,4,0.079561,32.311979,35.972767,32.655265,0.905309,0.29601,0.3208,13.124,cuda
realesrnet,ami,065,zoom,065_zoom,3,4,144,bicjpeg85,33.38424,0.909938,31.584965,0.950578,4,0.068572,33.47075,35.557063,32.184038,0.913061,0.247548,0.312297,12.463,cuda
realesrnet,ami,066,back,066_back,4,4,144,bicjpeg85,33.54224,0.898989,31.554807,0.95294,4,0.06954,33.350746,36.38944,31.565952,0.890675,0.233575,0.306526,12.467,cuda
realesrnet,ami,066,down,066_down,4,4,144,bicjpeg85,34.212843,0.898005,32.297661,0.953978,4,0.069319,33.48929,37.662124,32.718188,0.888684,0.255871,0.319553,12.459,cuda
realesrnet,ami,066,front,066_front,4,4,144,bicjpeg85,34.054814,0.893247,32.094101,0.950957,4,0.076665,33.180425,37.5959,32.38686,0.884054,0.267125,0.336892,12.479,cuda
realesrnet,ami,066,left,066_left,4,4,144,bicjpeg85,34.76523,0.910783,32.821228,0.956444,4,0.062633,34.42301,37.842438,32.767952,0.893051,0.257023,0.322327,12.49,cuda
realesrnet,ami,066,right,066_right,4,4,144,bicjpeg85,34.106464,0.903097,32.117429,0.957681,4,0.071456,33.40111,37.443363,31.975864,0.886812,0.228156,0.312428,12.459,cuda
realesrnet,ami,066,up,066_up,4,4,144,bicjpeg85,34.161836,0.890214,32.245018,0.954099,4,0.070415,33.633304,37.773618,32.690356,0.879966,0.258029,0.301813,12.458,cuda
realesrnet,ami,066,zoom,066_zoom,4,4,144,bicjpeg85,34.331293,0.904441,32.333273,0.951105,4,0.071637,34.160902,37.125645,32.951642,0.894796,0.244526,0.301146,12.466,cuda
realesrnet,ami,067,back,067_back,2,4,144,bicjpeg85,33.595427,0.868145,31.324191,0.942532,4,0.076653,32.909392,37.114526,31.501913,0.851513,0.32353,0.33118,12.459,cuda
realesrnet,ami,067,down,067_down,2,4,144,bicjpeg85,34.820285,0.87729,32.509454,0.954644,4,0.065098,34.185321,39.33403,34.280577,0.892363,0.327315,0.320861,12.453,cuda
realesrnet,ami,067,front,067_front,2,4,144,bicjpeg85,34.680138,0.872321,32.366214,0.954004,4,0.066916,33.744823,39.297946,33.764021,0.88025,0.330474,0.31958,12.449,cuda
realesrnet,ami,067,left,067_left,2,4,144,bicjpeg85,34.110575,0.86228,31.869712,0.947262,4,0.072291,33.05331,38.530781,33.128706,0.879188,0.362265,0.331433,12.439,cuda
realesrnet,ami,067,right,067_right,2,4,144,bicjpeg85,32.884914,0.873184,30.901389,0.946962,4,0.079437,32.162996,36.346619,30.741452,0.852656,0.306069,0.336286,12.455,cuda
realesrnet,ami,067,up,067_up,2,4,144,bicjpeg85,35.18111,0.879061,32.792103,0.955891,4,0.059908,34.283116,39.866617,34.26942,0.883378,0.306182,0.305716,12.447,cuda
realesrnet,ami,067,zoom,067_zoom,2,4,144,bicjpeg85,35.213938,0.897453,32.650793,0.9603,4,0.057494,34.546228,39.107499,34.641407,0.912869,0.303595,0.322928,12.459,cuda
realesrnet,ami,068,back,068_back,2,4,144,bicjpeg85,33.777771,0.86416,31.825393,0.948655,4,0.079823,32.508422,37.980035,32.540395,0.885016,0.29066,0.329674,12.457,cuda
realesrnet,ami,068,down,068_down,2,4,144,bicjpeg85,33.59664,0.88087,31.629058,0.956113,4,0.071278,32.843858,37.679769,32.370555,0.885341,0.277614,0.330173,12.447,cuda
realesrnet,ami,068,front,068_front,2,4,144,bicjpeg85,34.068019,0.889162,32.038789,0.959327,4,0.068194,33.49657,37.937685,33.04562,0.898558,0.275311,0.329314,12.453,cuda
realesrnet,ami,068,left,068_left,2,4,144,bicjpeg85,34.273955,0.892559,32.340434,0.958719,4,0.064903,33.76518,37.902056,33.276957,0.901617,0.283095,0.348475,12.451,cuda
realesrnet,ami,068,right,068_right,2,4,144,bicjpeg85,33.800648,0.889351,31.942104,0.957189,4,0.06588,33.128279,37.308948,31.974857,0.887314,0.282735,0.319035,12.45,cuda
realesrnet,ami,068,up,068_up,2,4,144,bicjpeg85,33.776947,0.881778,31.879624,0.95956,4,0.070853,33.353094,37.77334,33.261773,0.900101,0.271774,0.326515,12.448,cuda
realesrnet,ami,068,zoom,068_zoom,2,4,144,bicjpeg85,34.616157,0.907899,32.47573,0.962687,4,0.064832,34.193946,37.972879,33.689233,0.910511,0.233154,0.322347,12.458,cuda
realesrnet,ami,069,back,069_back,4,4,144,bicjpeg85,33.613405,0.884833,31.630376,0.957133,4,0.069807,32.449718,37.306071,31.720728,0.870489,0.224628,0.292105,12.46,cuda
realesrnet,ami,069,down,069_down,4,4,144,bicjpeg85,31.78156,0.872078,30.070048,0.954915,4,0.074041,30.633653,35.551117,31.608035,0.884585,0.290039,0.304217,12.456,cuda
realesrnet,ami,069,front,069_front,4,4,144,bicjpeg85,32.859314,0.883452,31.191359,0.959168,4,0.064374,31.907611,36.198471,31.506527,0.872742,0.264861,0.305507,12.461,cuda
realesrnet,ami,069,left,069_left,4,4,144,bicjpeg85,32.259759,0.881486,30.613639,0.951764,4,0.073433,30.855841,36.400782,30.757315,0.858774,0.259753,0.301071,12.458,cuda
realesrnet,ami,069,right,069_right,4,4,144,bicjpeg85,32.003588,0.891586,30.42089,0.954817,4,0.077167,30.859387,35.344617,30.038147,0.854178,0.236461,0.309319,12.473,cuda
realesrnet,ami,069,up,069_up,4,4,144,bicjpeg85,31.602041,0.876782,29.992542,0.955198,4,0.075713,30.423388,34.999809,30.705878,0.864834,0.271943,0.298781,12.462,cuda
realesrnet,ami,069,zoom,069_zoom,4,4,144,bicjpeg85,32.979786,0.886463,31.142227,0.959042,4,0.070743,31.796678,36.627594,32.205296,0.886085,0.233374,0.292254,12.469,cuda
realesrnet,ami,070,back,070_back,3,4,144,bicjpeg85,33.365664,0.889937,31.365793,0.954269,4,0.074116,32.393338,37.048877,32.52145,0.885656,0.211633,0.288729,12.465,cuda
realesrnet,ami,070,down,070_down,3,4,144,bicjpeg85,31.292765,0.861478,29.618544,0.942367,4,0.083311,31.226273,34.123965,30.637167,0.874901,0.262878,0.316479,12.456,cuda
realesrnet,ami,070,front,070_front,3,4,144,bicjpeg85,32.187412,0.870806,30.44271,0.94649,4,0.085265,31.538179,35.396744,30.98595,0.869784,0.248917,0.329535,12.449,cuda
realesrnet,ami,070,left,070_left,3,4,144,bicjpeg85,32.895427,0.881303,31.228969,0.946416,4,0.078715,32.196021,36.264674,31.319361,0.880444,0.275046,0.327481,12.45,cuda
realesrnet,ami,070,right,070_right,3,4,144,bicjpeg85,33.497668,0.897257,31.659191,0.958062,4,0.067115,32.534108,37.252969,32.097538,0.880801,0.21559,0.31289,12.471,cuda
realesrnet,ami,070,up,070_up,3,4,144,bicjpeg85,33.282967,0.881804,31.393932,0.952351,4,0.075771,32.471706,36.89342,32.311924,0.875848,0.25406,0.312366,12.455,cuda
realesrnet,ami,070,zoom,070_zoom,3,4,144,bicjpeg85,33.327142,0.901346,31.431363,0.955694,4,0.071519,33.021943,36.077112,33.029032,0.903614,0.208822,0.288443,12.462,cuda
realesrnet,ami,071,back,071_back,2,4,144,bicjpeg85,32.678335,0.876738,30.805972,0.950123,4,0.08322,32.089903,35.90715,31.833924,0.877978,0.251546,0.328934,12.464,cuda
realesrnet,ami,071,down,071_down,2,4,144,bicjpeg85,31.967992,0.870093,30.230279,0.950417,4,0.080316,31.149277,35.833309,31.727615,0.888705,0.291196,0.322729,12.456,cuda
realesrnet,ami,071,front,071_front,2,4,144,bicjpeg85,32.019446,0.868501,30.319794,0.948142,4,0.07913,31.326096,35.66685,31.313395,0.878814,0.293888,0.317591,12.456,cuda
realesrnet,ami,071,left,071_left,2,4,144,bicjpeg85,33.253676,0.881944,31.4245,0.954733,4,0.069455,32.265158,37.235768,32.369434,0.88994,0.285325,0.298344,12.459,cuda
realesrnet,ami,071,right,071_right,2,4,144,bicjpeg85,32.974897,0.877761,31.195002,0.951573,4,0.076548,31.934788,36.704156,31.464044,0.870771,0.263891,0.301001,12.458,cuda
realesrnet,ami,071,up,071_up,2,4,144,bicjpeg85,31.648283,0.853191,29.819085,0.947088,4,0.086863,30.661177,35.578625,31.356585,0.869576,0.289375,0.308036,12.449,cuda
realesrnet,ami,071,zoom,071_zoom,2,4,144,bicjpeg85,33.624573,0.902401,31.555595,0.963629,4,0.066613,32.68881,37.200964,34.139021,0.920568,0.240834,0.301549,12.46,cuda
realesrnet,ami,072,back,072_back,1,4,144,bicjpeg85,35.765844,0.912918,33.620667,0.96527,4,0.06013,34.980031,39.710598,33.706954,0.898419,0.221489,0.312696,12.465,cuda
realesrnet,ami,072,down,072_down,1,4,144,bicjpeg85,35.175832,0.908737,33.211353,0.958138,4,0.06592,34.539513,38.51564,33.500572,0.902937,0.234243,0.319925,12.458,cuda
realesrnet,ami,072,front,072_front,1,4,144,bicjpeg85,36.199641,0.921996,34.201811,0.966463,4,0.055567,35.653122,39.761075,34.189684,0.906247,0.218773,0.311976,12.441,cuda
realesrnet,ami,072,left,072_left,1,4,144,bicjpeg85,35.7453,0.909999,33.698833,0.95978,4,0.060899,35.151999,39.317027,34.35669,0.905389,0.278766,0.322961,12.441,cuda
realesrnet,ami,072,right,072_right,1,4,144,bicjpeg85,35.851323,0.929792,33.72923,0.967377,4,0.051414,35.473607,38.7961,33.643982,0.906197,0.178888,0.287464,12.485,cuda
realesrnet,ami,072,up,072_up,1,4,144,bicjpeg85,36.711374,0.923982,34.551358,0.968034,4,0.051104,36.070679,40.586022,34.799838,0.905829,0.219481,0.3001,12.471,cuda
realesrnet,ami,072,zoom,072_zoom,1,4,144,bicjpeg85,36.314452,0.932086,34.12501,0.965731,4,0.053261,36.023806,39.349037,34.333363,0.926378,0.187602,0.285495,12.455,cuda
realesrnet,ami,073,back,073_back,1,4,144,bicjpeg85,34.798492,0.912209,32.63073,0.963509,4,0.060644,33.69596,38.482599,32.820689,0.896466,0.236821,0.308491,12.49,cuda
realesrnet,ami,073,down,073_down,1,4,144,bicjpeg85,33.25028,0.891926,31.486259,0.949042,4,0.076048,32.767687,36.461516,31.414491,0.878386,0.257184,0.318669,12.454,cuda
realesrnet,ami,073,front,073_front,1,4,144,bicjpeg85,33.113762,0.882858,31.463518,0.942969,4,0.079566,32.853617,36.250947,31.36909,0.863037,0.289135,0.327792,12.458,cuda
realesrnet,ami,073,left,073_left,1,4,144,bicjpeg85,33.908915,0.893964,32.215083,0.947818,4,0.076807,33.806199,36.976063,31.930612,0.868318,0.292267,0.336755,12.457,cuda
realesrnet,ami,073,right,073_right,1,4,144,bicjpeg85,32.731703,0.892987,30.962074,0.945229,4,0.08295,31.896417,35.87288,30.816713,0.862047,0.264463,0.335843,12.44,cuda
realesrnet,ami,073,up,073_up,1,4,144,bicjpeg85,33.184781,0.876623,31.476722,0.946568,4,0.078437,32.721138,36.546558,32.289678,0.880293,0.262275,0.297878,12.467,cuda
realesrnet,ami,073,zoom,073_zoom,1,4,144,bicjpeg85,34.561595,0.908226,32.648882,0.952053,4,0.069792,34.513428,37.308189,32.591454,0.888957,0.238743,0.30795,12.472,cuda
realesrnet,ami,074,back,074_back,1,4,144,bicjpeg85,34.5196,0.884569,32.549617,0.95356,4,0.066295,34.072217,38.308721,33.253206,0.888065,0.281311,0.318824,12.457,cuda
realesrnet,ami,074,down,074_down,1,4,144,bicjpeg85,33.205309,0.86145,31.412167,0.93811,4,0.085154,32.698294,36.565793,32.564008,0.88576,0.306847,0.329735,12.46,cuda
realesrnet,ami,074,front,074_front,1,4,144,bicjpeg85,34.277305,0.871362,32.149003,0.950573,4,0.079387,33.413282,38.362649,34.212774,0.906346,0.315957,0.327071,12.46,cuda
realesrnet,ami,074,left,074_left,1,4,144,bicjpeg85,34.527429,0.878935,32.51485,0.952038,4,0.07564,33.743125,38.337556,34.822219,0.913636,0.309888,0.340481,12.465,cuda
realesrnet,ami,074,right,074_right,1,4,144,bicjpeg85,31.53009,0.869698,29.930543,0.940465,4,0.086033,31.137052,34.379694,30.41689,0.85624,0.270898,0.318965,12.459,cuda
realesrnet,ami,074,up,074_up,1,4,144,bicjpeg85,34.658648,0.875123,32.581404,0.955837,4,0.072882,33.694239,39.208727,34.897989,0.910473,0.292623,0.296849,12.45,cuda
realesrnet,ami,074,zoom,074_zoom,1,4,144,bicjpeg85,35.570896,0.90711,33.272695,0.963242,4,0.061737,35.013978,39.17266,35.452591,0.928731,0.271446,0.31049,12.461,cuda
realesrnet,ami,075,back,075_back,3,4,144,bicjpeg85,33.278015,0.862998,31.28457,0.943008,4,0.077073,32.964685,36.811968,32.344722,0.873077,0.280062,0.323109,12.444,cuda
realesrnet,ami,075,down,075_down,3,4,144,bicjpeg85,33.915942,0.871344,31.76193,0.955431,4,0.072338,32.706023,38.591801,33.971552,0.901064,0.31927,0.327955,12.449,cuda
realesrnet,ami,075,front,075_front,3,4,144,bicjpeg85,33.34003,0.855482,31.335904,0.949735,4,0.070411,32.20997,38.030939,33.167262,0.885271,0.291618,0.312885,12.447,cuda
realesrnet,ami,075,left,075_left,3,4,144,bicjpeg85,33.233722,0.878236,31.286775,0.947134,4,0.07882,32.608538,36.843925,33.29185,0.894797,0.300288,0.330214,12.466,cuda
realesrnet,ami,075,right,075_right,3,4,144,bicjpeg85,33.566938,0.885549,31.589916,0.957067,4,0.068337,32.537334,37.235191,33.117332,0.88123,0.272985,0.311674,12.464,cuda
realesrnet,ami,075,up,075_up,3,4,144,bicjpeg85,33.593759,0.860147,31.589704,0.95269,4,0.068398,32.157509,38.74371,33.896547,0.890667,0.288524,0.29551,12.452,cuda
realesrnet,ami,075,zoom,075_zoom,3,4,144,bicjpeg85,34.21708,0.897176,32.193543,0.961574,4,0.067032,33.2763,38.27172,34.344355,0.908342,0.254764,0.30369,12.465,cuda
realesrnet,ami,076,back,076_back,5,4,144,bicjpeg85,34.072707,0.898756,31.952835,0.954977,4,0.067047,33.588646,37.093933,32.336427,0.904241,0.2197,0.288336,12.461,cuda
realesrnet,ami,076,down,076_down,5,4,144,bicjpeg85,33.472557,0.882819,31.42149,0.948885,4,0.074999,32.576209,36.935482,31.423021,0.88854,0.265278,0.310487,12.462,cuda
realesrnet,ami,076,front,076_front,5,4,144,bicjpeg85,32.434863,0.87563,30.649307,0.938161,4,0.084612,32.03568,35.264861,30.737123,0.88125,0.280377,0.323452,12.466,cuda
realesrnet,ami,076,left,076_left,5,4,144,bicjpeg85,32.90615,0.88013,30.994829,0.945217,4,0.080057,32.0947,36.163047,30.730155,0.866813,0.29487,0.315038,12.467,cuda
realesrnet,ami,076,right,076_right,5,4,144,bicjpeg85,33.313701,0.881481,31.320141,0.946585,4,0.074916,32.443535,36.667594,31.762603,0.884105,0.269811,0.313767,12.455,cuda
realesrnet,ami,076,up,076_up,5,4,144,bicjpeg85,33.800013,0.882837,31.710666,0.951075,4,0.070864,32.680105,37.564467,32.79309,0.898346,0.276848,0.311588,12.456,cuda
realesrnet,ami,076,zoom,076_zoom,5,4,144,bicjpeg85,33.665401,0.906455,31.572582,0.953762,4,0.068982,33.153327,36.379627,32.479686,0.918135,0.256576,0.309611,12.467,cuda
realesrnet,ami,077,back,077_back,2,4,144,bicjpeg85,35.431018,0.904798,33.227604,0.960471,4,0.061128,34.159081,39.34256,33.221361,0.897647,0.21394,0.318037,12.458,cuda
realesrnet,ami,077,down,077_down,2,4,144,bicjpeg85,35.613224,0.882956,33.540043,0.958759,4,0.056606,34.146857,40.694489,34.092978,0.886877,0.314368,0.324462,12.458,cuda
realesrnet,ami,077,front,077_front,2,4,144,bicjpeg85,35.366656,0.883213,33.321712,0.95572,4,0.059537,33.964449,39.907433,33.457654,0.879781,0.263626,0.330672,12.456,cuda
realesrnet,ami,077,left,077_left,2,4,144,bicjpeg85,33.343885,0.879302,31.547475,0.940955,4,0.079199,33.339274,36.178396,31.156016,0.863224,0.309204,0.31749,12.474,cuda
realesrnet,ami,077,right,077_right,2,4,144,bicjpeg85,34.934975,0.911494,32.866814,0.96233,4,0.059664,33.579255,38.579365,32.23266,0.882675,0.211085,0.315616,12.462,cuda
realesrnet,ami,077,up,077_up,2,4,144,bicjpeg85,35.424915,0.885382,33.317176,0.958012,4,0.054348,33.929958,40.127898,33.70768,0.881018,0.292946,0.324198,12.458,cuda
realesrnet,ami,077,zoom,077_zoom,2,4,144,bicjpeg85,36.044162,0.905146,33.892287,0.963005,4,0.054912,34.835966,40.208639,34.527505,0.908234,0.238619,0.296227,12.455,cuda
realesrnet,ami,078,back,078_back,2,4,144,bicjpeg85,34.274091,0.892851,31.996581,0.955638,4,0.067921,33.645877,38.035026,32.624647,0.890258,0.238101,0.308638,12.461,cuda
realesrnet,ami,078,down,078_down,2,4,144,bicjpeg85,33.89298,0.872534,31.838941,0.946815,4,0.079312,33.07467,37.888346,32.876241,0.890262,0.298988,0.324342,12.455,cuda
realesrnet,ami,078,front,078_front,2,4,144,bicjpeg85,35.04691,0.899538,32.702503,0.959659,4,0.067502,34.02441,39.153125,33.68705,0.901828,0.242198,0.310302,12.468,cuda
realesrnet,ami,078,left,078_left,2,4,144,bicjpeg85,33.925567,0.878827,31.806647,0.946399,4,0.078863,33.415236,37.587008,32.540841,0.879521,0.2711,0.30593,12.455,cuda
realesrnet,ami,078,right,078_right,2,4,144,bicjpeg85,33.806799,0.898186,31.955601,0.957208,4,0.068417,33.168234,36.944497,32.89345,0.896475,0.227475,0.297762,12.462,cuda
realesrnet,ami,078,up,078_up,2,4,144,bicjpeg85,34.403784,0.887083,32.32343,0.951111,4,0.074173,33.778221,38.25818,33.38499,0.890053,0.266637,0.304506,12.464,cuda
realesrnet,ami,078,zoom,078_zoom,2,4,144,bicjpeg85,35.136751,0.915606,32.799975,0.957678,4,0.062685,34.734677,38.202847,33.777156,0.917329,0.22781,0.304398,12.458,cuda
realesrnet,ami,079,back,079_back,4,4,144,bicjpeg85,33.323102,0.872128,31.225329,0.950406,4,0.069369,32.773111,37.202292,32.229452,0.860848,0.311893,0.334934,12.451,cuda
realesrnet,ami,079,down,079_down,4,4,144,bicjpeg85,32.419869,0.877957,30.594166,0.946771,4,0.081654,32.289391,35.51318,31.226103,0.863603,0.291829,0.331116,12.446,cuda
realesrnet,ami,079,front,079_front,4,4,144,bicjpeg85,32.768172,0.864898,30.881318,0.945896,4,0.074615,32.229664,36.501049,31.72404,0.866065,0.319569,0.319549,12.453,cuda
realesrnet,ami,079,left,079_left,4,4,144,bicjpeg85,33.394191,0.881802,31.471287,0.945723,4,0.080084,33.217237,36.875959,31.981931,0.867705,0.314402,0.330689,12.46,cuda
realesrnet,ami,079,right,079_right,4,4,144,bicjpeg85,32.828514,0.889205,31.048104,0.953484,4,0.074387,32.035647,36.486879,31.343662,0.869305,0.257799,0.306875,12.46,cuda
realesrnet,ami,079,up,079_up,4,4,144,bicjpeg85,32.314274,0.849209,30.448598,0.941753,4,0.077989,31.805458,36.281378,31.45292,0.854462,0.318243,0.317417,12.448,cuda
realesrnet,ami,079,zoom,079_zoom,4,4,144,bicjpeg85,33.391024,0.882727,31.360318,0.949569,4,0.0715,32.784525,36.989605,32.79631,0.884697,0.263219,0.326906,12.462,cuda
realesrnet,ami,080,back,080_back,3,4,144,bicjpeg85,35.476632,0.907335,33.371884,0.96301,4,0.058434,34.63411,39.412102,33.106723,0.882615,0.254226,0.319295,12.46,cuda
realesrnet,ami,080,down,080_down,3,4,144,bicjpeg85,34.608437,0.902263,32.691911,0.95294,4,0.069121,34.009853,38.161176,31.838866,0.862883,0.285079,0.337243,12.456,cuda
realesrnet,ami,080,front,080_front,3,4,144,bicjpeg85,34.680582,0.903574,32.659192,0.951017,4,0.063741,34.048686,38.04473,31.917062,0.86853,0.286636,0.324351,12.471,cuda
realesrnet,ami,080,left,080_left,3,4,144,bicjpeg85,35.293619,0.908443,33.352208,0.958128,4,0.060842,34.744688,38.94434,32.69668,0.876044,0.311593,0.339815,12.46,cuda
realesrnet,ami,080,right,080_right,3,4,144,bicjpeg85,33.729162,0.909686,32.000134,0.95747,4,0.069934,32.726244,37.071889,30.620128,0.860476,0.224122,0.319941,12.464,cuda
realesrnet,ami,080,up,080_up,3,4,144,bicjpeg85,34.422106,0.887656,32.548555,0.950692,4,0.066782,33.39218,38.333208,32.056287,0.868,0.307423,0.331293,12.466,cuda
realesrnet,ami,080,zoom,080_zoom,3,4,144,bicjpeg85,35.048711,0.911403,32.943667,0.954723,4,0.063448,34.346121,38.296129,32.519458,0.889461,0.24228,0.328289,12.46,cuda
realesrnet,ami,081,back,081_back,1,4,144,bicjpeg85,34.347125,0.89135,32.250428,0.955556,4,0.072819,33.33714,38.27722,31.774995,0.853242,0.247474,0.327678,12.469,cuda
realesrnet,ami,081,down,081_down,1,4,144,bicjpeg85,34.42485,0.875217,32.435986,0.94872,4,0.064693,33.256972,38.825775,32.25847,0.850817,0.297816,0.347732,12.468,cuda
realesrnet,ami,081,front,081_front,1,4,144,bicjpeg85,34.477275,0.869312,32.427828,0.950488,4,0.066571,33.074836,39.153212,32.501885,0.852737,0.327475,0.338768,12.46,cuda
realesrnet,ami,081,left,081_left,1,4,144,bicjpeg85,35.366283,0.883699,33.311013,0.956766,4,0.057021,34.487855,39.984855,33.535693,0.861887,0.299769,0.336964,12.459,cuda
realesrnet,ami,081,right,081_right,1,4,144,bicjpeg85,35.585679,0.927449,33.612593,0.970806,4,0.053253,34.358226,39.5238,32.599145,0.886033,0.199878,0.291341,12.457,cuda
realesrnet,ami,081,up,081_up,1,4,144,bicjpeg85,34.559229,0.86373,32.587154,0.952447,4,0.068801,33.120279,39.831462,32.927708,0.849057,0.325699,0.343201,12.461,cuda
realesrnet,ami,081,zoom,081_zoom,1,4,144,bicjpeg85,34.990608,0.891262,32.934521,0.956723,4,0.062657,33.554385,39.591627,32.709896,0.869773,0.270722,0.29612,12.458,cuda
realesrnet,ami,082,back,082_back,2,4,144,bicjpeg85,35.428198,0.9151,33.362155,0.968942,4,0.055152,33.810787,39.977592,33.154321,0.903949,0.226121,0.306911,12.446,cuda
realesrnet,ami,082,down,082_down,2,4,144,bicjpeg85,34.149643,0.883637,32.257345,0.958173,4,0.066346,32.850175,38.830205,32.321666,0.887791,0.27354,0.293987,12.457,cuda
realesrnet,ami,082,front,082_front,2,4,144,bicjpeg85,34.066325,0.879759,32.244926,0.957146,4,0.06958,32.717944,38.69463,32.259107,0.884549,0.280877,0.304019,12.468,cuda
realesrnet,ami,082,left,082_left,2,4,144,bicjpeg85,34.672417,0.895905,32.858933,0.96287,4,0.062638,33.437421,38.967501,32.738848,0.898581,0.260822,0.281083,12.469,cuda
realesrnet,ami,082,right,082_right,2,4,144,bicjpeg85,34.077359,0.894786,32.353605,0.956535,4,0.066774,32.943959,38.129538,31.560567,0.87439,0.245284,0.307474,12.458,cuda
realesrnet,ami,082,up,082_up,2,4,144,bicjpeg85,35.076679,0.896972,33.113064,0.961362,4,0.064691,33.684277,39.744024,33.33809,0.898693,0.261751,0.29399,12.456,cuda
realesrnet,ami,082,zoom,082_zoom,2,4,144,bicjpeg85,34.648597,0.899056,32.679693,0.963017,4,0.064319,33.593399,38.725756,33.067112,0.90941,0.219936,0.289812,12.461,cuda
realesrnet,ami,083,back,083_back,4,4,144,bicjpeg85,34.771216,0.881366,32.62382,0.957607,4,0.064608,33.082841,39.689435,33.632977,0.887103,0.249082,0.331026,12.456,cuda
realesrnet,ami,083,down,083_down,4,4,144,bicjpeg85,33.419984,0.852572,31.548364,0.945432,4,0.07307,31.959353,37.888368,32.318843,0.882901,0.254961,0.335314,12.461,cuda
realesrnet,ami,083,front,083_front,4,4,144,bicjpeg85,33.600518,0.858181,31.706245,0.947365,4,0.069444,32.289486,37.933771,32.171196,0.87403,0.27907,0.348663,12.459,cuda
realesrnet,ami,083,left,083_left,4,4,144,bicjpeg85,33.524446,0.868131,31.663751,0.946945,4,0.073925,32.610147,37.246105,32.157438,0.874028,0.260541,0.329113,12.459,cuda
realesrnet,ami,083,right,083_right,4,4,144,bicjpeg85,34.684105,0.899837,32.597217,0.961326,4,0.061541,33.676231,38.782665,32.550818,0.879484,0.258188,0.299666,12.436,cuda
realesrnet,ami,083,up,083_up,4,4,144,bicjpeg85,33.599225,0.848942,31.556677,0.948897,4,0.075957,32.179111,38.537417,32.996707,0.882037,0.292774,0.331824,12.464,cuda
realesrnet,ami,083,zoom,083_zoom,4,4,144,bicjpeg85,34.484808,0.880422,32.450642,0.955845,4,0.067197,33.514085,38.540364,34.195718,0.911862,0.254677,0.343506,12.444,cuda
realesrnet,ami,084,back,084_back,3,4,144,bicjpeg85,33.872334,0.869163,31.782462,0.949205,4,0.074958,32.803623,38.422917,32.249941,0.865012,0.277594,0.325428,12.459,cuda
realesrnet,ami,084,down,084_down,3,4,144,bicjpeg85,32.539044,0.850931,30.856917,0.935357,4,0.086531,32.173493,36.399514,31.347994,0.858033,0.305939,0.341722,12.451,cuda
realesrnet,ami,084,front,084_front,3,4,144,bicjpeg85,32.402285,0.857582,30.75578,0.938233,4,0.086439,32.040957,36.080625,31.511445,0.86349,0.311638,0.333643,12.445,cuda
realesrnet,ami,084,left,084_left,3,4,144,bicjpeg85,33.528741,0.864693,31.75193,0.942803,4,0.07932,33.205444,37.380532,32.355442,0.858632,0.295583,0.333511,12.442,cuda
realesrnet,ami,084,right,084_right,3,4,144,bicjpeg85,32.466487,0.86893,30.821303,0.940232,4,0.086625,31.866831,35.755247,30.293457,0.844359,0.279615,0.314123,12.449,cuda
realesrnet,ami,084,up,084_up,3,4,144,bicjpeg85,32.844385,0.854836,31.113867,0.943264,4,0.080476,32.3492,37.022597,32.244982,0.859888,0.294461,0.324148,12.458,cuda
realesrnet,ami,084,zoom,084_zoom,3,4,144,bicjpeg85,32.858069,0.872346,31.128119,0.94234,4,0.080819,32.726275,36.088287,32.485986,0.890587,0.283682,0.336199,12.448,cuda
realesrnet,ami,085,back,085_back,4,4,144,bicjpeg85,36.152956,0.903613,33.865513,0.963891,4,0.059008,35.498256,40.275799,34.791207,0.894919,0.292771,0.330468,12.457,cuda
realesrnet,ami,085,down,085_down,4,4,144,bicjpeg85,34.694951,0.87552,32.702262,0.949517,4,0.072532,33.716936,38.990651,33.507929,0.878958,0.343179,0.334711,12.453,cuda
realesrnet,ami,085,front,085_front,4,4,144,bicjpeg85,34.885746,0.884476,32.938682,0.952186,4,0.069457,34.18968,38.881716,33.580543,0.880252,0.339387,0.325917,12.468,cuda
realesrnet,ami,085,left,085_left,4,4,144,bicjpeg85,35.533547,0.889606,33.42809,0.955483,4,0.071883,34.452277,39.471148,34.838684,0.895701,0.330022,0.343253,12.455,cuda
realesrnet,ami,085,right,085_right,4,4,144,bicjpeg85,33.729661,0.884054,31.990698,0.949528,4,0.073173,33.231481,36.666555,32.173976,0.86728,0.308862,0.327339,12.444,cuda
realesrnet,ami,085,up,085_up,4,4,144,bicjpeg85,35.21267,0.880511,33.204639,0.957451,4,0.063697,34.327679,40.142219,34.283455,0.880939,0.331928,0.3273,12.455,cuda
realesrnet,ami,085,zoom,085_zoom,4,4,144,bicjpeg85,35.507279,0.900265,33.276183,0.960582,4,0.061444,34.566209,39.591944,34.295142,0.904345,0.324008,0.348687,12.447,cuda
realesrnet,ami,086,back,086_back,5,4,144,bicjpeg85,34.889248,0.898474,32.774103,0.960402,4,0.060795,34.183932,38.712078,33.065933,0.891986,0.238396,0.311763,12.446,cuda
realesrnet,ami,086,down,086_down,5,4,144,bicjpeg85,33.737683,0.873736,31.741613,0.948405,4,0.073147,33.212631,37.51526,32.22195,0.871968,0.272751,0.30327,12.444,cuda
realesrnet,ami,086,front,086_front,5,4,144,bicjpeg85,33.298473,0.866306,31.440437,0.945094,4,0.074604,32.902746,37.037612,31.929519,0.872252,0.298217,0.321076,12.464,cuda
realesrnet,ami,086,left,086_left,5,4,144,bicjpeg85,33.806315,0.876239,31.926508,0.94495,4,0.076534,33.522259,37.1589,32.102489,0.861557,0.287974,0.30637,12.455,cuda
realesrnet,ami,086,right,086_right,5,4,144,bicjpeg85,32.991776,0.889048,31.122869,0.945818,4,0.07336,32.501748,36.066522,31.091675,0.870036,0.242602,0.296766,12.458,cuda
realesrnet,ami,086,up,086_up,5,4,144,bicjpeg85,34.055779,0.880784,32.009273,0.951862,4,0.074311,33.309049,37.964158,32.380403,0.874476,0.28121,0.291707,12.459,cuda
realesrnet,ami,086,zoom,086_zoom,5,4,144,bicjpeg85,34.518712,0.893997,32.378136,0.955919,4,0.067009,34.028396,38.355204,33.383361,0.897034,0.247927,0.313472,12.46,cuda
realesrnet,ami,087,back,087_back,4,4,144,bicjpeg85,33.736472,0.870732,31.695262,0.948103,4,0.072912,33.037807,37.470581,32.143604,0.866314,0.275815,0.343629,12.476,cuda
realesrnet,ami,087,down,087_down,4,4,144,bicjpeg85,32.303618,0.878939,30.588574,0.939213,4,0.084572,32.082044,35.060248,29.88167,0.863108,0.274659,0.317308,12.462,cuda
realesrnet,ami,087,front,087_front,4,4,144,bicjpeg85,33.520712,0.893089,31.631108,0.950838,4,0.074048,32.613704,36.966165,30.921595,0.863559,0.251244,0.311798,12.451,cuda
realesrnet,ami,087,left,087_left,4,4,144,bicjpeg85,33.502881,0.887272,31.757393,0.942861,4,0.075172,33.182839,36.661838,31.284674,0.87033,0.281313,0.324895,12.467,cuda
realesrnet,ami,087,right,087_right,4,4,144,bicjpeg85,34.729414,0.92107,32.663973,0.967392,4,0.06036,33.212202,38.63401,32.912134,0.902653,0.229613,0.311819,12.458,cuda
realesrnet,ami,087,up,087_up,4,4,144,bicjpeg85,34.168034,0.898942,32.260464,0.959709,4,0.060733,33.476815,37.915084,32.911587,0.892572,0.274109,0.284085,12.459,cuda
realesrnet,ami,087,zoom,087_zoom,4,4,144,bicjpeg85,33.569234,0.903346,31.701305,0.948593,4,0.070733,33.683908,35.977546,31.81397,0.889311,0.221387,0.290652,12.449,cuda
realesrnet,ami,088,back,088_back,1,4,144,bicjpeg85,33.050344,0.885637,31.183079,0.951669,4,0.079663,32.034431,36.890298,32.355989,0.89561,0.269444,0.320083,12.453,cuda
realesrnet,ami,088,down,088_down,1,4,144,bicjpeg85,32.194586,0.890699,30.447993,0.944347,4,0.079019,31.65935,35.122508,29.851662,0.86855,0.262591,0.33965,12.457,cuda
realesrnet,ami,088,front,088_front,1,4,144,bicjpeg85,32.614602,0.88979,30.762896,0.948366,4,0.072659,31.772035,35.792907,30.568754,0.873487,0.267892,0.339724,12.496,cuda
realesrnet,ami,088,left,088_left,1,4,144,bicjpeg85,32.94243,0.90193,31.07875,0.942293,4,0.079759,32.749333,35.488278,30.444257,0.866886,0.249643,0.356811,12.48,cuda
realesrnet,ami,088,right,088_right,1,4,144,bicjpeg85,34.755088,0.916852,32.718849,0.965934,4,0.063293,33.726544,38.621206,33.783436,0.899328,0.235386,0.307799,12.481,cuda
realesrnet,ami,088,up,088_up,1,4,144,bicjpeg85,33.324278,0.894965,31.359564,0.958192,4,0.071949,32.326993,36.925125,33.117165,0.905263,0.264888,0.331737,12.462,cuda
realesrnet,ami,088,zoom,088_zoom,1,4,144,bicjpeg85,32.131052,0.888569,30.239635,0.940024,4,0.080135,32.020871,34.560116,31.373793,0.881929,0.26354,0.333414,12.472,cuda
realesrnet,ami,089,back,089_back,1,4,144,bicjpeg85,33.861857,0.907934,31.962073,0.959662,4,0.065354,33.710247,36.899357,31.983731,0.894895,0.248732,0.305403,12.471,cuda
realesrnet,ami,089,down,089_down,1,4,144,bicjpeg85,33.549391,0.884744,31.822829,0.949176,4,0.072086,33.37396,36.663759,32.389035,0.894555,0.259876,0.302663,12.466,cuda
realesrnet,ami,089,front,089_front,1,4,144,bicjpeg85,34.543065,0.897232,32.62206,0.959602,4,0.06327,33.870451,38.160116,33.720593,0.901372,0.261503,0.285968,12.461,cuda
realesrnet,ami,089,left,089_left,1,4,144,bicjpeg85,34.026081,0.890704,32.346249,0.95562,4,0.068361,33.685037,37.672021,33.685785,0.897731,0.246466,0.318223,12.464,cuda
realesrnet,ami,089,right,089_right,1,4,144,bicjpeg85,33.668587,0.893484,31.830475,0.956591,4,0.073025,32.241532,37.509099,32.327947,0.882007,0.261371,0.308292,12.473,cuda
realesrnet,ami,089,up,089_up,1,4,144,bicjpeg85,34.535717,0.8971,32.621718,0.958692,4,0.065812,33.897305,38.077919,33.291262,0.898895,0.262179,0.304529,12.469,cuda
realesrnet,ami,089,zoom,089_zoom,1,4,144,bicjpeg85,34.943645,0.910917,32.940582,0.964367,4,0.059475,34.591174,38.209048,34.247029,0.924085,0.230544,0.278648,12.466,cuda
realesrnet,ami,090,back,090_back,1,4,144,bicjpeg85,32.06374,0.896959,30.216349,0.958196,4,0.075147,30.472436,36.517147,29.389368,0.868505,0.196224,0.291953,12.464,cuda
realesrnet,ami,090,down,090_down,1,4,144,bicjpeg85,33.939886,0.910082,31.971915,0.964251,4,0.060567,32.693454,38.111378,31.458812,0.896403,0.215445,0.312111,12.464,cuda
realesrnet,ami,090,front,090_front,1,4,144,bicjpeg85,34.419011,0.911769,32.412588,0.966883,4,0.05721,33.138214,38.932746,32.458868,0.902978,0.227389,0.30133,12.476,cuda
realesrnet,ami,090,left,090_left,1,4,144,bicjpeg85,31.95696,0.89468,30.30088,0.955538,4,0.072976,30.947439,36.144348,29.064725,0.865414,0.223515,0.290813,12.452,cuda
realesrnet,ami,090,right,090_right,1,4,144,bicjpeg85,34.890909,0.916779,32.932674,0.969062,4,0.061497,33.588111,39.595469,32.578295,0.895273,0.208019,0.318231,12.471,cuda
realesrnet,ami,090,up,090_up,1,4,144,bicjpeg85,33.82256,0.910006,31.858109,0.96686,4,0.058801,32.531833,38.392029,32.309819,0.908525,0.2366,0.297913,12.466,cuda
realesrnet,ami,090,zoom,090_zoom,1,4,144,bicjpeg85,33.937665,0.919627,31.867314,0.968475,4,0.061307,32.572219,38.10859,32.383211,0.920297,0.199096,0.280866,12.463,cuda
realesrnet,ami,091,back,091_back,4,4,144,bicjpeg85,32.198515,0.850965,30.284148,0.942849,4,0.08836,31.035553,37.085941,31.21667,0.857133,0.273307,0.299115,12.454,cuda
realesrnet,ami,091,down,091_down,4,4,144,bicjpeg85,32.496604,0.848646,30.709057,0.947863,4,0.082521,31.392313,37.279967,32.20128,0.884865,0.273158,0.311727,12.467,cuda
realesrnet,ami,091,front,091_front,4,4,144,bicjpeg85,32.153476,0.828893,30.464063,0.940492,4,0.096643,30.907081,37.367512,31.448656,0.855217,0.282937,0.292373,12.461,cuda
realesrnet,ami,091,left,091_left,4,4,144,bicjpeg85,33.133117,0.865963,31.259294,0.949657,4,0.082732,32.22765,37.415182,31.858321,0.872892,0.258738,0.314365,12.461,cuda
realesrnet,ami,091,right,091_right,4,4,144,bicjpeg85,33.875315,0.88244,32.00605,0.959701,4,0.071276,32.417709,38.331553,31.940283,0.879361,0.267628,0.32403,12.467,cuda
realesrnet,ami,091,up,091_up,4,4,144,bicjpeg85,32.311831,0.838048,30.573858,0.940345,4,0.083054,31.275238,36.866481,31.429708,0.859115,0.27632,0.297123,12.471,cuda
realesrnet,ami,091,zoom,091_zoom,4,4,144,bicjpeg85,32.987281,0.860194,31.133297,0.948355,4,0.079357,31.784802,37.265872,32.910668,0.89199,0.254268,0.313712,12.463,cuda
realesrnet,ami,092,back,092_back,3,4,144,bicjpeg85,31.845561,0.802897,29.473418,0.924785,4,0.092738,30.526174,36.417242,31.232463,0.853777,0.369226,0.337921,12.474,cuda
realesrnet,ami,092,down,092_down,3,4,144,bicjpeg85,33.301498,0.820708,31.198457,0.940561,4,0.079119,31.777137,38.747814,33.002092,0.871948,0.35578,0.313985,12.481,cuda
realesrnet,ami,092,front,092_front,3,4,144,bicjpeg85,33.328101,0.820402,31.128689,0.94061,4,0.083974,31.680062,39.061575,33.497231,0.876654,0.372299,0.329786,12.465,cuda
realesrnet,ami,092,left,092_left,3,4,144,bicjpeg85,33.611609,0.839908,31.581173,0.937232,4,0.078849,32.735294,38.137456,32.783134,0.866396,0.39114,0.358227,12.458,cuda
realesrnet,ami,092,right,092_right,3,4,144,bicjpeg85,32.376156,0.804333,30.187472,0.930194,4,0.084107,31.097825,37.262356,31.907648,0.8379,0.396464,0.342217,12.474,cuda
realesrnet,ami,092,up,092_up,3,4,144,bicjpeg85,33.278744,0.821012,30.927159,0.940953,4,0.083345,31.529637,38.923498,33.309588,0.870156,0.363664,0.324575,12.458,cuda
realesrnet,ami,092,zoom,092_zoom,3,4,144,bicjpeg85,34.067182,0.859931,31.65338,0.949902,4,0.072557,32.850766,38.864483,34.031644,0.896952,0.34711,0.331406,12.465,cuda
realesrnet,ami,093,back,093_back,4,4,144,bicjpeg85,32.26731,0.846967,30.287801,0.939914,4,0.085193,31.129291,36.714551,31.694698,0.8606,0.30143,0.342926,12.469,cuda
realesrnet,ami,093,down,093_down,4,4,144,bicjpeg85,32.62313,0.866837,30.702024,0.944895,4,0.072928,32.126797,36.124324,31.544369,0.875083,0.320056,0.339916,12.465,cuda
realesrnet,ami,093,front,093_front,4,4,144,bicjpeg85,32.721742,0.863865,30.819488,0.94552,4,0.07206,32.131246,36.426105,31.893478,0.877261,0.319248,0.336073,12.472,cuda
realesrnet,ami,093,left,093_left,4,4,144,bicjpeg85,33.564713,0.88019,31.651006,0.95067,4,0.071269,33.010099,37.698263,32.398142,0.876003,0.322901,0.339933,12.46,cuda
realesrnet,ami,093,right,093_right,4,4,144,bicjpeg85,31.977299,0.865883,30.148318,0.944105,4,0.0848,31.219979,35.467152,30.762707,0.862584,0.311693,0.326973,12.465,cuda
realesrnet,ami,093,up,093_up,4,4,144,bicjpeg85,33.097974,0.86135,31.221996,0.953902,4,0.07237,31.853661,37.867723,33.045899,0.892576,0.315227,0.339919,12.478,cuda
realesrnet,ami,093,zoom,093_zoom,4,4,144,bicjpeg85,33.592597,0.877292,31.628939,0.956498,4,0.06701,32.625588,37.937083,33.757634,0.899873,0.325269,0.356034,12.464,cuda
realesrnet,ami,094,back,094_back,3,4,144,bicjpeg85,32.793709,0.870278,30.686558,0.954313,4,0.074919,30.854733,38.16584,31.565141,0.871931,0.267576,0.327994,12.467,cuda
realesrnet,ami,094,down,094_down,3,4,144,bicjpeg85,33.594113,0.89005,31.753794,0.954056,4,0.071965,32.819566,37.014605,31.370224,0.872722,0.271632,0.322643,12.463,cuda
realesrnet,ami,094,front,094_front,3,4,144,bicjpeg85,34.176846,0.900925,32.239316,0.956808,4,0.065677,33.747541,37.404606,32.222128,0.891189,0.245414,0.301846,12.45,cuda
realesrnet,ami,094,left,094_left,3,4,144,bicjpeg85,34.218401,0.89492,32.305247,0.957501,4,0.064864,33.703106,37.81187,32.4353,0.886385,0.269424,0.317598,12.457,cuda
realesrnet,ami,094,right,094_right,3,4,144,bicjpeg85,33.097889,0.880754,31.277036,0.954183,4,0.077387,31.774983,37.113832,31.716187,0.881868,0.273817,0.302595,12.458,cuda
realesrnet,ami,094,up,094_up,3,4,144,bicjpeg85,33.248247,0.884595,31.306418,0.952285,4,0.075031,32.131883,37.04857,32.358473,0.886702,0.280207,0.32058,12.461,cuda
realesrnet,ami,094,zoom,094_zoom,3,4,144,bicjpeg85,33.583708,0.89359,31.682837,0.957008,4,0.06818,33.144045,36.861345,33.368325,0.904527,0.250018,0.294082,12.474,cuda
realesrnet,ami,095,back,095_back,3,4,144,bicjpeg85,34.394154,0.893869,32.452237,0.963383,4,0.062359,32.9253,39.021674,32.529472,0.885172,0.232703,0.303551,12.468,cuda
realesrnet,ami,095,down,095_down,3,4,144,bicjpeg85,34.149166,0.888078,32.292008,0.957908,4,0.064953,33.358151,38.353696,32.012649,0.877878,0.253419,0.308888,12.459,cuda
realesrnet,ami,095,front,095_front,3,4,144,bicjpeg85,33.758961,0.884082,31.891522,0.956706,4,0.065473,32.974205,37.738421,31.865268,0.875336,0.258243,0.301154,12.451,cuda
realesrnet,ami,095,left,095_left,3,4,144,bicjpeg85,33.68298,0.878619,31.85613,0.954238,4,0.066068,33.028787,37.704821,31.744991,0.872941,0.28188,0.322358,12.459,cuda
realesrnet,ami,095,right,095_right,3,4,144,bicjpeg85,32.402379,0.895213,30.753743,0.962137,4,0.070085,30.827997,36.465812,30.502566,0.880669,0.25604,0.306184,12.458,cuda
realesrnet,ami,095,up,095_up,3,4,144,bicjpeg85,34.124782,0.872481,32.214229,0.959443,4,0.060799,32.892197,39.007833,33.304792,0.880618,0.267667,0.323648,12.46,cuda
realesrnet,ami,095,zoom,095_zoom,3,4,144,bicjpeg85,35.136973,0.898484,33.013688,0.964864,4,0.05317,34.071544,39.609098,34.065859,0.906758,0.231973,0.321046,12.451,cuda
realesrnet,ami,096,back,096_back,5,4,144,bicjpeg85,31.88045,0.836538,29.964676,0.94305,4,0.078904,30.784347,36.158471,31.97603,0.862942,0.336607,0.324054,12.471,cuda
realesrnet,ami,096,down,096_down,5,4,144,bicjpeg85,31.797881,0.851556,29.884988,0.946708,4,0.080985,30.46263,36.623789,31.157603,0.846601,0.349344,0.335018,12.466,cuda
realesrnet,ami,096,front,096_front,5,4,144,bicjpeg85,31.688911,0.851023,29.81153,0.947121,4,0.074492,30.107105,36.509647,31.748984,0.851002,0.297293,0.330255,12.458,cuda
realesrnet,ami,096,left,096_left,5,4,144,bicjpeg85,33.701235,0.871835,31.661469,0.954823,4,0.062352,33.366345,37.995663,33.091741,0.873575,0.31561,0.312229,12.456,cuda
realesrnet,ami,096,right,096_right,5,4,144,bicjpeg85,31.197898,0.842779,29.442177,0.946185,4,0.082006,30.111618,35.006162,30.969246,0.839636,0.329371,0.316653,12.459,cuda
realesrnet,ami,096,up,096_up,5,4,144,bicjpeg85,32.241173,0.836946,30.265382,0.94751,4,0.074166,31.033297,37.310833,32.739913,0.85078,0.293087,0.314393,12.465,cuda
realesrnet,ami,096,zoom,096_zoom,5,4,144,bicjpeg85,33.071353,0.86493,30.9003,0.9549,4,0.071701,31.928051,37.801276,33.909847,0.878191,0.309466,0.310478,12.455,cuda
realesrnet,ami,097,back,097_back,4,4,144,bicjpeg85,33.577262,0.882328,31.53438,0.953606,4,0.071785,31.867642,38.230098,31.157174,0.857684,0.259178,0.341432,12.455,cuda
realesrnet,ami,097,down,097_down,4,4,144,bicjpeg85,32.994632,0.878748,31.22281,0.950131,4,0.076418,31.797947,36.99447,30.672587,0.842447,0.276657,0.33337,12.46,cuda
realesrnet,ami,097,front,097_front,4,4,144,bicjpeg85,33.231893,0.88048,31.428054,0.950895,4,0.071532,32.12569,37.281143,31.384509,0.871626,0.289608,0.324634,12.451,cuda
realesrnet,ami,097,left,097_left,4,4,144,bicjpeg85,33.812692,0.891784,32.034924,0.956165,4,0.069744,32.758019,37.798854,31.680535,0.8765,0.28495,0.338087,12.451,cuda
realesrnet,ami,097,right,097_right,4,4,144,bicjpeg85,34.621297,0.892374,32.650027,0.96292,4,0.064324,33.256741,39.739129,33.089206,0.885463,0.277118,0.314422,12.454,cuda
realesrnet,ami,097,up,097_up,4,4,144,bicjpeg85,33.829506,0.884883,31.962333,0.953635,4,0.06808,32.518958,38.223167,32.11781,0.869438,0.273516,0.311935,12.468,cuda
realesrnet,ami,097,zoom,097_zoom,4,4,144,bicjpeg85,34.38706,0.895024,32.341717,0.957932,4,0.060619,33.431552,38.265004,32.965737,0.894852,0.275803,0.305844,12.469,cuda
realesrnet,ami,098,back,098_back,2,4,144,bicjpeg85,33.856224,0.879997,31.720222,0.952557,4,0.071407,32.596406,38.152408,31.830401,0.850401,0.258926,0.336987,12.464,cuda
realesrnet,ami,098,down,098_down,2,4,144,bicjpeg85,34.131194,0.889764,32.159393,0.950117,4,0.071604,33.209989,37.879274,31.966314,0.872768,0.267273,0.336841,12.469,cuda
realesrnet,ami,098,front,098_front,2,4,144,bicjpeg85,35.011012,0.898895,32.861554,0.956983,4,0.0664,33.898508,39.232219,32.986743,0.881797,0.255834,0.338176,12.47,cuda
realesrnet,ami,098,left,098_left,2,4,144,bicjpeg85,36.1513,0.911863,33.941909,0.964137,4,0.058353,35.36526,40.364217,34.166096,0.891266,0.284038,0.342027,12.46,cuda
realesrnet,ami,098,right,098_right,2,4,144,bicjpeg85,33.278456,0.890465,31.380252,0.95376,4,0.073994,32.351546,36.636965,31.925862,0.865791,0.245332,0.35048,12.473,cuda
realesrnet,ami,098,up,098_up,2,4,144,bicjpeg85,34.247525,0.874959,32.170194,0.953371,4,0.064993,33.082419,38.847303,32.772042,0.864632,0.273788,0.343416,12.459,cuda
realesrnet,ami,098,zoom,098_zoom,2,4,144,bicjpeg85,35.24221,0.903427,33.026521,0.959829,4,0.063008,34.289882,39.191558,33.453311,0.892166,0.235095,0.315243,12.467,cuda
realesrnet,ami,099,back,099_back,1,4,144,bicjpeg85,32.826987,0.872752,30.771591,0.950108,4,0.0757,31.731162,36.685582,31.62438,0.872511,0.265581,0.338355,12.465,cuda
realesrnet,ami,099,down,099_down,1,4,144,bicjpeg85,33.907149,0.883703,31.858316,0.954721,4,0.066957,32.60134,38.046399,32.405019,0.886313,0.273113,0.344306,12.458,cuda
realesrnet,ami,099,front,099_front,1,4,144,bicjpeg85,32.799024,0.858516,30.846449,0.944383,4,0.07473,31.936467,36.5933,31.630668,0.86433,0.287025,0.319578,12.443,cuda
realesrnet,ami,099,left,099_left,1,4,144,bicjpeg85,33.251781,0.875658,31.319293,0.949127,4,0.072731,32.734509,36.600678,31.965745,0.874366,0.31373,0.30986,12.457,cuda
realesrnet,ami,099,right,099_right,1,4,144,bicjpeg85,33.690709,0.876177,31.643568,0.953376,4,0.070871,32.335393,37.951301,32.514076,0.872258,0.258413,0.320149,12.466,cuda
realesrnet,ami,099,up,099_up,1,4,144,bicjpeg85,33.283856,0.861455,31.27473,0.946414,4,0.072956,32.04992,37.396395,32.502444,0.868042,0.291093,0.312182,12.468,cuda
realesrnet,ami,099,zoom,099_zoom,1,4,144,bicjpeg85,34.105278,0.888363,31.85991,0.957103,4,0.062683,33.167177,37.927778,34.530527,0.899875,0.293011,0.319326,12.459,cuda
realesrnet,ami,100,back,100_back,1,4,144,bicjpeg85,33.30428,0.830223,30.978928,0.935347,4,0.080721,31.775803,38.267607,32.272473,0.850046,0.333023,0.332504,12.462,cuda
realesrnet,ami,100,down,100_down,1,4,144,bicjpeg85,33.330962,0.82994,31.306534,0.941812,4,0.074263,32.097493,38.49385,32.537413,0.861414,0.383046,0.34755,12.449,cuda
realesrnet,ami,100,front,100_front,1,4,144,bicjpeg85,32.352332,0.815832,30.347056,0.926763,4,0.080704,31.478349,36.829388,31.18028,0.824956,0.375847,0.346026,12.459,cuda
realesrnet,ami,100,left,100_left,1,4,144,bicjpeg85,34.007433,0.839609,31.946036,0.940735,4,0.07143,32.845683,39.033398,32.755942,0.84967,0.387904,0.339439,12.458,cuda
realesrnet,ami,100,right,100_right,1,4,144,bicjpeg85,32.143738,0.808327,30.298676,0.929771,4,0.083343,30.768025,36.79484,31.153264,0.827723,0.369553,0.348005,12.445,cuda
realesrnet,ami,100,up,100_up,1,4,144,bicjpeg85,32.617204,0.813195,30.625897,0.928547,4,0.076637,31.376771,37.384886,31.756803,0.82161,0.387227,0.352587,12.444,cuda
realesrnet,ami,100,zoom,100_zoom,1,4,144,bicjpeg85,32.823925,0.823721,30.606997,0.938592,4,0.075021,31.92234,37.778209,33.157364,0.857903,0.36781,0.354966,12.463,cuda
realesrnet,ami,101,back,101_back,1,4,144,bicjpeg85,33.088424,0.871683,31.058573,0.949188,4,0.072608,31.86091,37.064128,31.410683,0.86817,0.253697,0.333585,12.472,cuda
realesrnet,ami,101,down,101_down,1,4,144,bicjpeg85,32.897594,0.875045,30.981225,0.939885,4,0.078205,32.035017,36.211153,30.719295,0.862658,0.282656,0.328883,12.459,cuda
realesrnet,ami,101,front,101_front,1,4,144,bicjpeg85,32.529373,0.874413,30.827093,0.936522,4,0.083525,31.695942,35.705612,30.523338,0.855418,0.284408,0.333499,12.445,cuda
realesrnet,ami,101,left,101_left,1,4,144,bicjpeg85,34.087438,0.885124,32.138915,0.947545,4,0.072065,33.433284,37.599097,32.327377,0.868259,0.317816,0.332762,12.447,cuda
realesrnet,ami,101,right,101_right,1,4,144,bicjpeg85,33.889966,0.885608,32.032755,0.954194,4,0.069516,32.72621,37.99106,32.449469,0.87248,0.288965,0.320195,12.455,cuda
realesrnet,ami,101,up,101_up,1,4,144,bicjpeg85,32.707253,0.866924,30.936972,0.942515,4,0.076902,31.822488,36.217075,31.411143,0.870858,0.313694,0.327334,12.462,cuda
realesrnet,ami,101,zoom,101_zoom,1,4,144,bicjpeg85,33.283294,0.881616,31.354635,0.944076,4,0.077022,32.585931,36.407765,31.868647,0.881295,0.290293,0.321524,12.447,cuda
realesrnet,ami,102,back,102_back,1,4,144,bicjpeg85,33.216216,0.855652,31.065192,0.950988,4,0.076213,31.983348,37.630604,31.820966,0.872772,0.316676,0.349206,12.466,cuda
realesrnet,ami,102,down,102_down,1,4,144,bicjpeg85,31.456338,0.817152,29.715064,0.928229,4,0.090587,31.007292,35.201603,30.524827,0.852963,0.39681,0.346186,12.466,cuda
realesrnet,ami,102,front,102_front,1,4,144,bicjpeg85,31.619649,0.825338,29.873044,0.930752,4,0.089529,31.32307,35.265592,31.076162,0.85648,0.396794,0.346087,12.471,cuda
realesrnet,ami,102,left,102_left,1,4,144,bicjpeg85,32.561586,0.837877,30.733177,0.939646,4,0.083502,32.097787,36.336074,31.965665,0.864641,0.400289,0.364613,12.471,cuda
realesrnet,ami,102,right,102_right,1,4,144,bicjpeg85,32.3039,0.823427,30.42433,0.944127,4,0.083528,30.882466,37.262358,31.270846,0.834522,0.390446,0.326266,12.452,cuda
realesrnet,ami,102,up,102_up,1,4,144,bicjpeg85,31.275958,0.800664,29.5524,0.926537,4,0.094935,30.67655,35.421001,31.109631,0.839802,0.395039,0.360218,12.465,cuda
realesrnet,ami,102,zoom,102_zoom,1,4,144,bicjpeg85,32.207637,0.84754,30.310418,0.936257,4,0.083986,31.816192,35.648094,31.725893,0.864856,0.391094,0.350084,12.448,cuda
realesrnet,ami,103,back,103_back,2,4,144,bicjpeg85,33.473587,0.87871,31.491815,0.950961,4,0.077353,32.112432,37.617898,31.233328,0.849437,0.246855,0.311477,12.462,cuda
realesrnet,ami,103,down,103_down,2,4,144,bicjpeg85,35.030542,0.910667,32.917996,0.963906,4,0.060079,34.06866,38.812192,32.697491,0.892501,0.230943,0.319178,12.471,cuda
realesrnet,ami,103,front,103_front,2,4,144,bicjpeg85,34.961046,0.906829,32.863685,0.964818,4,0.053139,34.02504,38.859916,33.041651,0.896931,0.266404,0.331038,12.455,cuda
realesrnet,ami,103,left,103_left,2,4,144,bicjpeg85,36.220654,0.922757,34.265176,0.968844,4,0.052042,35.336539,39.955811,33.784567,0.900433,0.237434,0.30931,12.488,cuda
realesrnet,ami,103,right,103_right,2,4,144,bicjpeg85,34.800922,0.909347,32.856483,0.964227,4,0.063121,33.754301,38.692179,33.261468,0.892146,0.252031,0.303786,12.473,cuda
realesrnet,ami,103,up,103_up,2,4,144,bicjpeg85,34.161747,0.890351,32.246601,0.959148,4,0.067748,32.844544,38.518181,33.481296,0.893749,0.261291,0.323652,12.467,cuda
realesrnet,ami,103,zoom,103_zoom,2,4,144,bicjpeg85,35.549124,0.917483,33.392257,0.969502,4,0.054204,34.692282,39.324387,33.908174,0.908688,0.217639,0.317241,12.451,cuda
realesrnet,ami,104,back,104_back,4,4,144,bicjpeg85,33.292682,0.884465,31.26829,0.95814,4,0.068291,31.745272,38.770705,30.723058,0.859921,0.240282,0.327612,12.464,cuda
realesrnet,ami,104,down,104_down,4,4,144,bicjpeg85,33.290018,0.870757,31.130755,0.94872,4,0.074764,31.464301,38.937514,31.018598,0.857158,0.296078,0.333275,12.459,cuda
realesrnet,ami,104,front,104_front,4,4,144,bicjpeg85,33.171115,0.873027,31.172816,0.945613,4,0.077535,31.652406,38.125853,30.968286,0.852139,0.287866,0.335861,12.473,cuda
realesrnet,ami,104,left,104_left,4,4,144,bicjpeg85,33.872161,0.884026,31.754898,0.953001,4,0.068681,32.680006,38.973088,31.497703,0.857558,0.287445,0.333194,12.462,cuda
realesrnet,ami,104,right,104_right,4,4,144,bicjpeg85,33.80806,0.894836,31.576093,0.959733,4,0.061721,32.211127,38.914845,31.381001,0.873021,0.267226,0.325949,12.462,cuda
realesrnet,ami,104,up,104_up,4,4,144,bicjpeg85,33.183849,0.865346,31.131375,0.947369,4,0.075851,31.454935,38.563513,32.362961,0.879786,0.294531,0.32272,12.456,cuda
realesrnet,ami,104,zoom,104_zoom,4,4,144,bicjpeg85,32.689199,0.868094,30.701431,0.945336,4,0.074596,31.205988,37.716493,31.127328,0.864203,0.287045,0.342324,12.458,cuda
realesrnet,ami,105,back,105_back,5,4,144,bicjpeg85,32.558937,0.850467,30.422922,0.943833,4,0.083353,31.2369,36.884767,30.482522,0.833308,0.301251,0.314077,12.457,cuda
realesrnet,ami,105,down,105_down,5,4,144,bicjpeg85,32.929849,0.867697,30.980007,0.948913,4,0.07497,31.984993,37.01012,31.065571,0.874532,0.297826,0.317671,12.456,cuda
realesrnet,ami,105,front,105_front,5,4,144,bicjpeg85,32.53989,0.854078,30.611248,0.948061,4,0.076035,31.21066,37.048474,31.384136,0.860727,0.275299,0.298718,12.45,cuda
realesrnet,ami,105,left,105_left,5,4,144,bicjpeg85,32.087231,0.855039,30.15357,0.939523,4,0.082434,31.132915,35.838807,29.863578,0.85161,0.303755,0.328558,12.458,cuda
realesrnet,ami,105,right,105_right,5,4,144,bicjpeg85,33.345583,0.879681,31.392497,0.960958,4,0.0668,32.129091,37.5049,32.63458,0.881235,0.299785,0.308785,12.46,cuda
realesrnet,ami,105,up,105_up,5,4,144,bicjpeg85,31.940693,0.844486,30.029464,0.946004,4,0.078033,30.506095,36.870581,32.071864,0.856052,0.313956,0.297702,12.463,cuda
realesrnet,ami,105,zoom,105_zoom,5,4,144,bicjpeg85,33.300192,0.864232,31.262086,0.954808,4,0.06979,32.057337,37.825696,33.288584,0.878949,0.303889,0.295487,12.456,cuda
realesrnet,ami,106,back,106_back,3,4,144,bicjpeg85,33.152933,0.831266,31.028561,0.937842,4,0.082899,31.856604,38.423558,32.952996,0.866003,0.354136,0.340658,12.451,cuda
realesrnet,ami,106,down,106_down,3,4,144,bicjpeg85,33.277496,0.844003,31.284216,0.944811,4,0.079439,32.521903,38.313131,33.479592,0.882127,0.334501,0.359697,12.467,cuda
realesrnet,ami,106,front,106_front,3,4,144,bicjpeg85,33.477609,0.841604,31.343444,0.939935,4,0.077314,32.530705,38.215142,32.937747,0.875463,0.349806,0.341116,12.476,cuda
realesrnet,ami,106,left,106_left,3,4,144,bicjpeg85,32.750787,0.839134,30.770976,0.936245,4,0.086236,32.452558,37.362488,32.798043,0.872401,0.321221,0.369369,12.479,cuda
realesrnet,ami,106,right,106_right,3,4,144,bicjpeg85,33.223552,0.821982,31.360223,0.937107,4,0.079966,31.931266,38.964672,33.931212,0.87239,0.351039,0.323019,12.467,cuda
realesrnet,ami,106,up,106_up,3,4,144,bicjpeg85,33.854326,0.844163,31.765588,0.941294,4,0.073242,32.857927,38.564964,33.590065,0.879885,0.364137,0.332154,12.461,cuda
realesrnet,ami,106,zoom,106_zoom,3,4,144,bicjpeg85,33.898991,0.863982,31.747783,0.94767,4,0.0744,33.128068,38.211413,33.67373,0.889,0.328603,0.352382,12.459,cuda
