model,dataset,subject,view,key,fold,scale,tier,degrade,psnr_y,ssim_y,psnr_rgb,ms_ssim_y,ms_ssim_scales,gmsd,grad_psnr,lr_psnr_y,psnr_y_c,ssim_y_c,lpips,dists,host_ms,device
rrdb_psnr,ami,000,back,000_back,3,4,96,bicjpeg85,31.029723,0.75993,28.585354,0.932092,4,0.089896,29.651841,38.671237,30.296635,0.784499,0.309665,0.290623,11.708,cuda
rrdb_psnr,ami,000,down,000_down,3,4,96,bicjpeg85,30.408352,0.766856,27.986326,0.932408,4,0.092531,28.945386,37.819962,28.82032,0.812441,0.330538,0.322272,11.552,cuda
rrdb_psnr,ami,000,front,000_front,3,4,96,bicjpeg85,30.552125,0.763453,28.058095,0.929916,4,0.086622,28.860318,38.197321,29.782643,0.819527,0.309794,0.313739,11.541,cuda
rrdb_psnr,ami,000,left,000_left,3,4,96,bicjpeg85,30.971506,0.776617,28.562048,0.933732,4,0.085698,29.646328,38.31985,29.522195,0.763525,0.297486,0.295962,11.525,cuda
rrdb_psnr,ami,000,right,000_right,3,4,96,bicjpeg85,30.665356,0.766958,28.074399,0.932329,4,0.090426,29.243332,37.871941,30.303966,0.812822,0.353866,0.322746,11.545,cuda
rrdb_psnr,ami,000,up,000_up,3,4,96,bicjpeg85,30.540769,0.757914,28.013944,0.927746,4,0.089665,29.295779,37.816357,29.70439,0.767481,0.403039,0.333916,11.538,cuda
rrdb_psnr,ami,000,zoom,000_zoom,3,4,96,bicjpeg85,31.991729,0.839987,28.858905,0.949679,4,0.078444,30.485444,38.241297,32.164042,0.834983,0.316799,0.32162,11.541,cuda
rrdb_psnr,ami,001,back,001_back,1,4,96,bicjpeg85,32.469168,0.803249,29.934393,0.932708,4,0.086229,31.117605,38.757917,30.640623,0.783893,0.289751,0.335161,11.543,cuda
rrdb_psnr,ami,001,down,001_down,1,4,96,bicjpeg85,32.688061,0.824995,30.224925,0.940634,4,0.077378,30.797031,39.500693,31.190666,0.83746,0.231784,0.32185,11.543,cuda
rrdb_psnr,ami,001,front,001_front,1,4,96,bicjpeg85,33.743449,0.840037,30.952583,0.940207,4,0.068852,32.450686,39.61889,31.613785,0.814743,0.317524,0.332035,11.546,cuda
rrdb_psnr,ami,001,left,001_left,1,4,96,bicjpeg85,34.298176,0.856523,31.639808,0.945949,4,0.061178,33.203331,39.928278,31.950254,0.82037,0.330712,0.331797,11.541,cuda
rrdb_psnr,ami,001,right,001_right,1,4,96,bicjpeg85,32.63789,0.817545,29.95221,0.939712,4,0.085905,30.996346,38.995368,30.616823,0.78028,0.314966,0.314107,11.55,cuda
rrdb_psnr,ami,001,up,001_up,1,4,96,bicjpeg85,32.339467,0.8072,29.804813,0.935328,4,0.08229,30.773007,38.7804,30.391303,0.763676,0.36214,0.348445,11.536,cuda
rrdb_psnr,ami,001,zoom,001_zoom,1,4,96,bicjpeg85,33.846426,0.848612,31.020754,0.947814,4,0.072441,32.604359,39.723869,32.904631,0.850181,0.30777,0.321907,11.519,cuda
rrdb_psnr,ami,002,back,002_back,1,4,96,bicjpeg85,32.415506,0.800139,29.640593,0.932689,4,0.079777,31.640285,38.428342,31.307345,0.781119,0.322007,0.327542,11.531,cuda
rrdb_psnr,ami,002,down,002_down,1,4,96,bicjpeg85,32.579708,0.807022,29.476463,0.938677,4,0.080249,31.606696,38.941654,31.108389,0.806082,0.268599,0.306185,11.54,cuda
rrdb_psnr,ami,002,front,002_front,1,4,96,bicjpeg85,32.434667,0.797288,29.660409,0.933813,4,0.07431,31.320786,38.65685,31.134952,0.763453,0.287317,0.320922,11.544,cuda
rrdb_psnr,ami,002,left,002_left,1,4,96,bicjpeg85,32.675354,0.798001,29.796322,0.930335,4,0.083146,31.485223,38.953749,31.499503,0.782721,0.296989,0.324889,11.542,cuda
rrdb_psnr,ami,002,right,002_right,1,4,96,bicjpeg85,32.418173,0.806564,29.416873,0.935423,4,0.082496,31.074114,38.399903,30.676801,0.744447,0.350277,0.344073,11.534,cuda
rrdb_psnr,ami,002,up,002_up,1,4,96,bicjpeg85,32.67973,0.80714,29.844647,0.937745,4,0.079441,31.261813,39.040189,31.074526,0.760227,0.362391,0.338131,11.551,cuda
rrdb_psnr,ami,002,zoom,002_zoom,1,4,96,bicjpeg85,33.212579,0.826513,30.085905,0.94062,4,0.07303,32.488313,38.840942,32.322208,0.797648,0.269516,0.328979,11.553,cuda
rrdb_psnr,ami,003,back,003_back,5,4,96,bicjpeg85,32.844777,0.805056,29.948093,0.940384,4,0.07619,31.802473,39.342479,30.958286,0.759702,0.39914,0.293019,11.531,cuda
rrdb_psnr,ami,003,down,003_down,5,4,96,bicjpeg85,32.613343,0.795649,29.889835,0.929627,4,0.081048,31.6447,39.092893,30.539983,0.744641,0.32162,0.322127,11.539,cuda
rrdb_psnr,ami,003,front,003_front,5,4,96,bicjpeg85,32.197371,0.783763,29.549078,0.929815,4,0.083317,31.110959,39.247881,30.497455,0.685243,0.370362,0.327202,11.543,cuda
rrdb_psnr,ami,003,left,003_left,5,4,96,bicjpeg85,33.168501,0.816581,30.281175,0.936786,4,0.073746,32.54242,39.28586,31.141271,0.77085,0.327424,0.324256,11.542,cuda
rrdb_psnr,ami,003,right,003_right,5,4,96,bicjpeg85,32.761211,0.814307,29.637137,0.940574,4,0.08512,31.729136,39.09743,30.762927,0.753746,0.370823,0.270605,11.549,cuda
rrdb_psnr,ami,003,up,003_up,5,4,96,bicjpeg85,32.193874,0.785269,29.573921,0.927104,4,0.085714,31.14616,39.061418,30.51973,0.699783,0.398761,0.309651,11.543,cuda
rrdb_psnr,ami,003,zoom,003_zoom,5,4,96,bicjpeg85,32.85366,0.812459,29.873049,0.935039,4,0.083039,31.79187,39.344911,31.755279,0.78141,0.398488,0.321827,11.543,cuda
rrdb_psnr,ami,004,back,004_back,5,4,96,bicjpeg85,31.974839,0.795145,29.696508,0.932535,4,0.089399,30.007725,38.64077,31.133043,0.801703,0.259127,0.321509,11.554,cuda
rrdb_psnr,ami,004,down,004_down,5,4,96,bicjpeg85,31.733521,0.784593,29.391206,0.934693,4,0.087334,30.151333,38.531247,31.002037,0.833217,0.219201,0.336509,11.544,cuda
rrdb_psnr,ami,004,front,004_front,5,4,96,bicjpeg85,31.739197,0.783756,29.432886,0.934369,4,0.088135,30.43691,38.559048,30.623762,0.822292,0.265473,0.311852,11.536,cuda
rrdb_psnr,ami,004,left,004_left,5,4,96,bicjpeg85,32.719223,0.818049,30.173673,0.943303,4,0.082902,31.387704,39.742586,31.260554,0.796117,0.263394,0.333826,11.545,cuda
rrdb_psnr,ami,004,right,004_right,5,4,96,bicjpeg85,31.934953,0.795701,29.458563,0.934696,4,0.093164,30.475225,38.219525,31.10773,0.816606,0.295014,0.309411,11.54,cuda
rrdb_psnr,ami,004,up,004_up,5,4,96,bicjpeg85,31.763779,0.787252,29.50582,0.933353,4,0.08391,30.601307,38.288803,30.489602,0.796234,0.257049,0.324842,11.546,cuda
rrdb_psnr,ami,004,zoom,004_zoom,5,4,96,bicjpeg85,31.833848,0.807596,29.5035,0.942853,4,0.087649,30.320548,38.549,32.852143,0.845595,0.272484,0.304875,11.553,cuda
rrdb_psnr,ami,005,back,005_back,4,4,96,bicjpeg85,30.934801,0.78265,28.398811,0.922796,4,0.090122,28.641835,38.786439,31.29847,0.784962,0.356035,0.294418,11.532,cuda
rrdb_psnr,ami,005,down,005_down,4,4,96,bicjpeg85,32.579733,0.800345,30.247604,0.931051,4,0.073499,31.253686,39.845705,31.168124,0.813171,0.382536,0.320305,11.534,cuda
rrdb_psnr,ami,005,front,005_front,4,4,96,bicjpeg85,32.581772,0.803811,30.175017,0.92884,4,0.081622,31.194107,39.787863,31.967257,0.815663,0.374728,0.306495,11.556,cuda
rrdb_psnr,ami,005,left,005_left,4,4,96,bicjpeg85,33.201572,0.822268,30.405224,0.941148,4,0.077628,32.036372,39.84493,31.261637,0.793387,0.318597,0.308855,11.538,cuda
rrdb_psnr,ami,005,right,005_right,4,4,96,bicjpeg85,32.19347,0.803117,29.266693,0.92707,4,0.089093,30.879353,38.712075,30.573074,0.762622,0.36401,0.318359,11.538,cuda
rrdb_psnr,ami,005,up,005_up,4,4,96,bicjpeg85,31.122874,0.761774,28.917542,0.915845,4,0.091101,29.423489,38.663357,30.987427,0.754618,0.380007,0.314575,11.55,cuda
rrdb_psnr,ami,005,zoom,005_zoom,4,4,96,bicjpeg85,32.555621,0.814298,30.121072,0.935397,4,0.091312,31.253103,39.461326,33.549679,0.842745,0.30543,0.310592,11.553,cuda
rrdb_psnr,ami,007,back,007_back,5,4,96,bicjpeg85,32.633732,0.803867,30.377854,0.928946,4,0.07769,31.434365,38.656182,31.118062,0.801718,0.267255,0.325421,11.549,cuda
rrdb_psnr,ami,007,down,007_down,5,4,96,bicjpeg85,32.357697,0.806151,30.333166,0.935393,4,0.082431,31.448878,39.05181,31.0484,0.787472,0.28168,0.322339,11.531,cuda
rrdb_psnr,ami,007,front,007_front,5,4,96,bicjpeg85,32.707194,0.810604,30.607513,0.930274,4,0.082899,31.671842,39.543999,31.042386,0.802219,0.201048,0.313093,11.552,cuda
rrdb_psnr,ami,007,left,007_left,5,4,96,bicjpeg85,33.416836,0.82811,31.153108,0.940206,4,0.077906,32.51993,40.624757,31.540713,0.778238,0.339123,0.303461,11.549,cuda
rrdb_psnr,ami,007,right,007_right,5,4,96,bicjpeg85,32.975837,0.840358,30.147299,0.949912,4,0.085679,31.616478,39.206247,31.893571,0.814668,0.209705,0.282851,11.551,cuda
rrdb_psnr,ami,007,up,007_up,5,4,96,bicjpeg85,32.767189,0.810836,30.587901,0.930512,4,0.084566,31.662468,39.239929,31.743746,0.788339,0.254823,0.313649,11.542,cuda
rrdb_psnr,ami,007,zoom,007_zoom,5,4,96,bicjpeg85,33.240033,0.843106,30.876508,0.943866,4,0.081107,32.0361,39.281966,32.746768,0.853553,0.243414,0.302178,11.545,cuda
rrdb_psnr,ami,008,back,008_back,5,4,96,bicjpeg85,32.853059,0.822996,30.253895,0.936951,4,0.073347,31.82032,39.158967,30.78862,0.789836,0.289393,0.303224,11.536,cuda
rrdb_psnr,ami,008,down,008_down,5,4,96,bicjpeg85,32.678147,0.825098,30.453633,0.939773,4,0.08294,31.633914,39.328194,30.630931,0.78777,0.238059,0.317015,11.542,cuda
rrdb_psnr,ami,008,front,008_front,5,4,96,bicjpeg85,31.79618,0.813273,29.543176,0.937226,4,0.085009,30.95377,38.571142,30.219168,0.755263,0.302447,0.338392,11.529,cuda
rrdb_psnr,ami,008,left,008_left,5,4,96,bicjpeg85,33.226294,0.838157,30.703907,0.947737,4,0.073724,32.440818,39.615135,31.339478,0.785265,0.323624,0.307007,11.546,cuda
rrdb_psnr,ami,008,right,008_right,5,4,96,bicjpeg85,31.982922,0.810951,29.692755,0.929627,4,0.089494,30.936781,38.647369,31.175912,0.800241,0.362538,0.321523,11.54,cuda
rrdb_psnr,ami,008,up,008_up,5,4,96,bicjpeg85,32.169319,0.815795,29.936328,0.939135,4,0.084163,31.371982,38.818315,31.53335,0.778033,0.300665,0.321901,11.551,cuda
rrdb_psnr,ami,008,zoom,008_zoom,5,4,96,bicjpeg85,32.752461,0.835227,30.341952,0.944468,4,0.075053,31.39537,39.35518,32.387529,0.801131,0.230762,0.330359,11.533,cuda
rrdb_psnr,ami,009,back,009_back,4,4,96,bicjpeg85,32.440158,0.83763,29.592979,0.942187,4,0.078636,31.161829,38.924992,31.450703,0.770828,0.22211,0.273106,11.538,cuda
rrdb_psnr,ami,009,down,009_down,4,4,96,bicjpeg85,32.421515,0.821075,29.528214,0.937233,4,0.079599,31.634762,38.649903,31.505687,0.813551,0.262549,0.313173,11.551,cuda
rrdb_psnr,ami,009,front,009_front,4,4,96,bicjpeg85,31.659224,0.830709,28.787738,0.937331,4,0.077969,30.373837,38.37308,30.658437,0.796119,0.286198,0.293826,11.553,cuda
rrdb_psnr,ami,009,left,009_left,4,4,96,bicjpeg85,33.185169,0.833175,30.160817,0.938743,4,0.078051,32.216241,39.175025,31.121682,0.767117,0.326469,0.29751,11.528,cuda
rrdb_psnr,ami,009,right,009_right,4,4,96,bicjpeg85,32.824927,0.836339,29.399083,0.943168,4,0.078773,31.701765,38.755232,31.75708,0.781394,0.30361,0.307484,11.547,cuda
rrdb_psnr,ami,009,up,009_up,4,4,96,bicjpeg85,30.146227,0.776626,27.567682,0.925608,4,0.088764,28.758553,37.16176,30.595969,0.753505,0.285371,0.303725,11.549,cuda
rrdb_psnr,ami,009,zoom,009_zoom,4,4,96,bicjpeg85,33.048319,0.854889,29.686405,0.946711,4,0.069401,31.868852,39.014942,32.54201,0.821363,0.267668,0.285647,11.535,cuda
rrdb_psnr,ami,010,back,010_back,2,4,96,bicjpeg85,33.004309,0.806408,30.100515,0.937818,4,0.072274,31.959167,39.371132,31.802456,0.794957,0.349281,0.317261,11.546,cuda
rrdb_psnr,ami,010,down,010_down,2,4,96,bicjpeg85,32.338936,0.80595,29.684995,0.939387,4,0.086907,31.259312,39.029443,31.585852,0.807211,0.33428,0.303564,11.539,cuda
rrdb_psnr,ami,010,front,010_front,2,4,96,bicjpeg85,32.452661,0.8114,29.692998,0.943186,4,0.075543,31.178577,39.014584,31.440907,0.797783,0.31311,0.305152,11.529,cuda
rrdb_psnr,ami,010,left,010_left,2,4,96,bicjpeg85,32.807525,0.824805,30.022721,0.945423,4,0.075337,31.569466,39.352978,31.730396,0.807871,0.331341,0.324659,11.548,cuda
rrdb_psnr,ami,010,right,010_right,2,4,96,bicjpeg85,32.585025,0.820415,29.838162,0.944599,4,0.074026,31.474222,38.916836,31.776199,0.807331,0.366624,0.345884,11.534,cuda
rrdb_psnr,ami,010,up,010_up,2,4,96,bicjpeg85,32.470777,0.813581,29.760522,0.940129,4,0.076905,31.24186,38.637681,31.169402,0.788833,0.320695,0.340917,11.538,cuda
rrdb_psnr,ami,010,zoom,010_zoom,2,4,96,bicjpeg85,33.152664,0.833336,30.19572,0.947553,4,0.073355,32.078579,39.310782,31.999721,0.797212,0.315911,0.323812,11.541,cuda
rrdb_psnr,ami,011,back,011_back,5,4,96,bicjpeg85,32.04391,0.819047,29.44281,0.934843,4,0.083795,30.701173,38.669363,30.098795,0.763291,0.26509,0.299215,11.544,cuda
rrdb_psnr,ami,011,down,011_down,5,4,96,bicjpeg85,31.787858,0.816829,29.191316,0.941922,4,0.079848,30.917071,38.165426,30.917156,0.810198,0.259198,0.303683,11.545,cuda
rrdb_psnr,ami,011,front,011_front,5,4,96,bicjpeg85,31.840646,0.80579,29.283082,0.936689,4,0.085374,30.612458,38.329907,30.346702,0.767326,0.288452,0.320154,11.532,cuda
rrdb_psnr,ami,011,left,011_left,5,4,96,bicjpeg85,32.640572,0.821098,30.100183,0.943999,4,0.079324,31.617534,39.105113,31.243186,0.809145,0.301235,0.322525,11.543,cuda
rrdb_psnr,ami,011,right,011_right,5,4,96,bicjpeg85,31.824963,0.800902,29.246593,0.930399,4,0.09097,30.451576,38.42201,30.570263,0.772274,0.276658,0.32342,11.539,cuda
rrdb_psnr,ami,011,up,011_up,5,4,96,bicjpeg85,31.771641,0.804656,29.139488,0.932961,4,0.084263,30.627851,37.960331,30.458633,0.777732,0.267049,0.305546,11.544,cuda
rrdb_psnr,ami,011,zoom,011_zoom,5,4,96,bicjpeg85,32.561512,0.837783,29.82264,0.943019,4,0.078832,31.471582,38.522911,30.994593,0.808609,0.294977,0.294086,11.54,cuda
rrdb_psnr,ami,012,back,012_back,3,4,96,bicjpeg85,33.021218,0.830504,30.221166,0.937862,4,0.082216,31.775873,39.129284,30.360044,0.754812,0.248917,0.297525,11.544,cuda
rrdb_psnr,ami,012,down,012_down,3,4,96,bicjpeg85,33.107317,0.84173,30.141366,0.940533,4,0.079351,31.44437,39.66426,30.04674,0.74749,0.258729,0.296061,11.548,cuda
rrdb_psnr,ami,012,front,012_front,3,4,96,bicjpeg85,32.6661,0.823423,29.717309,0.933838,4,0.081216,31.062826,38.735586,30.236365,0.744494,0.281853,0.314225,11.536,cuda
rrdb_psnr,ami,012,left,012_left,3,4,96,bicjpeg85,33.321664,0.841339,30.460506,0.935288,4,0.070736,32.42192,39.370216,30.76082,0.779777,0.238535,0.279786,11.536,cuda
rrdb_psnr,ami,012,right,012_right,3,4,96,bicjpeg85,32.747793,0.82715,29.764512,0.933445,4,0.087379,31.309381,39.294189,29.798258,0.734297,0.2616,0.296458,11.548,cuda
rrdb_psnr,ami,012,up,012_up,3,4,96,bicjpeg85,32.472507,0.81333,29.484558,0.935264,4,0.083908,31.056763,38.857247,30.303014,0.751307,0.321418,0.297251,11.539,cuda
rrdb_psnr,ami,012,zoom,012_zoom,3,4,96,bicjpeg85,32.903569,0.829546,29.888434,0.932769,4,0.083823,31.34408,38.738159,30.413858,0.746925,0.257106,0.300034,11.534,cuda
rrdb_psnr,ami,013,back,013_back,1,4,96,bicjpeg85,31.829809,0.785213,29.521071,0.921781,4,0.09235,30.681115,38.488654,31.484084,0.788159,0.330889,0.29072,11.556,cuda
rrdb_psnr,ami,013,down,013_down,1,4,96,bicjpeg85,32.354814,0.815136,29.996789,0.928547,4,0.08905,30.799685,39.052749,30.718595,0.783222,0.267175,0.28431,11.544,cuda
rrdb_psnr,ami,013,front,013_front,1,4,96,bicjpeg85,32.777418,0.811363,30.319085,0.924215,4,0.090001,31.259836,39.445599,31.157258,0.772095,0.275812,0.288181,11.537,cuda
rrdb_psnr,ami,013,left,013_left,1,4,96,bicjpeg85,32.625541,0.814102,30.214663,0.92983,4,0.078825,31.073593,39.546621,30.64659,0.802888,0.24107,0.28664,11.533,cuda
rrdb_psnr,ami,013,right,013_right,1,4,96,bicjpeg85,32.88182,0.821316,30.362908,0.927922,4,0.079801,31.560811,38.959927,31.731384,0.768981,0.30527,0.27455,11.536,cuda
rrdb_psnr,ami,013,up,013_up,1,4,96,bicjpeg85,31.842653,0.778517,29.52201,0.917691,4,0.090971,30.451863,38.665359,30.854641,0.749346,0.308419,0.29168,11.54,cuda
rrdb_psnr,ami,013,zoom,013_zoom,1,4,96,bicjpeg85,33.257077,0.840343,30.703458,0.941016,4,0.075571,32.308147,39.063476,32.440501,0.818308,0.25578,0.270434,11.552,cuda
rrdb_psnr,ami,014,back,014_back,5,4,96,bicjpeg85,32.59247,0.803173,29.629439,0.936515,4,0.071976,31.48317,38.970812,32.063391,0.766607,0.357934,0.347792,11.538,cuda
rrdb_psnr,ami,014,down,014_down,5,4,96,bicjpeg85,32.837673,0.819296,29.899201,0.941528,4,0.082593,31.581608,39.020718,31.26697,0.811321,0.329755,0.304726,11.55,cuda
rrdb_psnr,ami,014,front,014_front,5,4,96,bicjpeg85,32.796798,0.821449,29.806932,0.941074,4,0.075838,31.166705,39.207438,31.82509,0.785461,0.24835,0.309424,11.542,cuda
rrdb_psnr,ami,014,left,014_left,5,4,96,bicjpeg85,32.890299,0.814191,29.959623,0.94098,4,0.079433,31.279822,39.756104,31.458594,0.807154,0.31245,0.295487,11.546,cuda
rrdb_psnr,ami,014,right,014_right,5,4,96,bicjpeg85,32.593594,0.820843,29.617673,0.941419,4,0.088592,31.24256,38.838628,32.012241,0.809889,0.278823,0.290549,11.541,cuda
rrdb_psnr,ami,014,up,014_up,5,4,96,bicjpeg85,32.4669,0.806548,29.597841,0.937223,4,0.075097,31.449716,38.489446,31.683378,0.778743,0.301127,0.291362,11.541,cuda
rrdb_psnr,ami,014,zoom,014_zoom,5,4,96,bicjpeg85,32.438159,0.814838,29.528118,0.940799,4,0.082011,31.362928,38.639175,32.487214,0.807962,0.302391,0.328947,11.542,cuda
rrdb_psnr,ami,018,back,018_back,1,4,96,bicjpeg85,33.272072,0.857954,30.234603,0.950399,4,0.072162,32.017385,39.280569,30.502318,0.776977,0.192273,0.324914,11.534,cuda
rrdb_psnr,ami,018,down,018_down,1,4,96,bicjpeg85,33.226793,0.855939,30.291038,0.952348,4,0.079052,31.902941,39.393875,29.556007,0.790634,0.209705,0.297254,11.545,cuda
rrdb_psnr,ami,018,front,018_front,1,4,96,bicjpeg85,33.326048,0.86101,30.339193,0.9536,4,0.074513,31.811803,39.453181,29.91202,0.807755,0.19892,0.301641,11.563,cuda
rrdb_psnr,ami,018,left,018_left,1,4,96,bicjpeg85,34.565184,0.878802,31.486948,0.958462,4,0.06824,33.696445,40.071353,30.736021,0.778419,0.210424,0.316496,11.546,cuda
rrdb_psnr,ami,018,right,018_right,1,4,96,bicjpeg85,32.982028,0.870802,29.913586,0.956159,4,0.076979,31.233701,39.21336,29.925503,0.798331,0.211908,0.308398,11.547,cuda
rrdb_psnr,ami,018,up,018_up,1,4,96,bicjpeg85,33.113229,0.868544,30.176797,0.956223,4,0.075854,31.453266,39.678356,29.805669,0.820091,0.188878,0.298156,11.537,cuda
rrdb_psnr,ami,018,zoom,018_zoom,1,4,96,bicjpeg85,33.077656,0.855269,30.052066,0.949285,4,0.077191,31.679712,38.837377,30.983401,0.806364,0.21798,0.334148,11.551,cuda
rrdb_psnr,ami,019,back,019_back,4,4,96,bicjpeg85,32.08312,0.816432,29.483935,0.937815,4,0.082242,30.8802,38.599305,30.417644,0.750571,0.215668,0.336867,11.542,cuda
rrdb_psnr,ami,019,down,019_down,4,4,96,bicjpeg85,30.675159,0.803842,28.378327,0.939249,4,0.095378,29.12276,37.660274,29.78825,0.766211,0.293846,0.331408,11.546,cuda
rrdb_psnr,ami,019,front,019_front,4,4,96,bicjpeg85,30.872477,0.796764,28.504037,0.938787,4,0.098884,28.942089,37.947217,29.92637,0.755056,0.259483,0.31301,11.545,cuda
rrdb_psnr,ami,019,left,019_left,4,4,96,bicjpeg85,31.118509,0.807612,28.705995,0.943416,4,0.091989,29.433311,37.584645,30.010639,0.771804,0.254012,0.333107,11.553,cuda
rrdb_psnr,ami,019,right,019_right,4,4,96,bicjpeg85,30.612475,0.789529,28.36039,0.926559,4,0.098952,29.077997,37.43315,29.695651,0.702053,0.31373,0.31528,11.548,cuda
rrdb_psnr,ami,019,up,019_up,4,4,96,bicjpeg85,31.359968,0.813543,28.872253,0.943029,4,0.084978,29.772632,38.382716,30.150919,0.767564,0.219835,0.315325,11.537,cuda
rrdb_psnr,ami,019,zoom,019_zoom,4,4,96,bicjpeg85,31.392544,0.819428,28.777203,0.944516,4,0.090334,29.836187,37.916723,31.599882,0.799618,0.330197,0.355662,11.552,cuda
rrdb_psnr,ami,020,back,020_back,1,4,96,bicjpeg85,32.669643,0.819322,30.057491,0.937625,4,0.081374,31.42798,38.899121,30.931089,0.794093,0.263468,0.296681,11.543,cuda
rrdb_psnr,ami,020,down,020_down,1,4,96,bicjpeg85,32.877661,0.829483,30.25115,0.942852,4,0.073538,31.590294,39.672685,29.949964,0.794124,0.311215,0.305278,11.548,cuda
rrdb_psnr,ami,020,front,020_front,1,4,96,bicjpeg85,32.578197,0.812442,30.018166,0.938902,4,0.083988,31.4908,38.686792,30.865383,0.798962,0.378463,0.325739,11.537,cuda
rrdb_psnr,ami,020,left,020_left,1,4,96,bicjpeg85,33.4175,0.844727,30.825453,0.948708,4,0.068565,32.777546,39.454491,30.956506,0.821705,0.295188,0.320789,11.548,cuda
rrdb_psnr,ami,020,right,020_right,1,4,96,bicjpeg85,32.32206,0.824099,29.511232,0.944081,4,0.085134,30.902945,38.699955,30.66415,0.802441,0.28107,0.268066,11.553,cuda
rrdb_psnr,ami,020,up,020_up,1,4,96,bicjpeg85,32.415455,0.804892,29.802431,0.933331,4,0.078875,31.337166,38.503912,31.112288,0.766095,0.341028,0.327486,11.534,cuda
rrdb_psnr,ami,020,zoom,020_zoom,1,4,96,bicjpeg85,32.797606,0.822746,30.014202,0.938091,4,0.076317,31.637815,38.989874,31.530811,0.807817,0.40711,0.338963,11.549,cuda
rrdb_psnr,ami,021,back,021_back,2,4,96,bicjpeg85,33.48068,0.818877,31.063466,0.937752,4,0.074443,32.231803,39.728839,31.457685,0.783447,0.319394,0.33989,11.548,cuda
rrdb_psnr,ami,021,down,021_down,2,4,96,bicjpeg85,33.039695,0.810545,30.920729,0.935521,4,0.083781,32.167477,39.517088,30.89667,0.801461,0.314236,0.301398,11.531,cuda
rrdb_psnr,ami,021,front,021_front,2,4,96,bicjpeg85,33.458018,0.816717,31.153011,0.931471,4,0.079155,32.451365,39.569967,30.901573,0.759463,0.263615,0.262456,11.552,cuda
rrdb_psnr,ami,021,left,021_left,2,4,96,bicjpeg85,34.170563,0.839015,31.777666,0.941459,4,0.075414,33.119688,40.466824,31.867241,0.812049,0.303253,0.288179,11.536,cuda
rrdb_psnr,ami,021,right,021_right,2,4,96,bicjpeg85,33.431511,0.822499,31.030446,0.935816,4,0.073996,32.748615,38.946449,30.980053,0.789246,0.315487,0.273949,11.547,cuda
rrdb_psnr,ami,021,up,021_up,2,4,96,bicjpeg85,33.067165,0.81498,30.762283,0.933897,4,0.080793,32.044999,39.37063,31.678496,0.795412,0.256899,0.301038,11.542,cuda
rrdb_psnr,ami,021,zoom,021_zoom,2,4,96,bicjpeg85,34.077799,0.848307,31.645133,0.943666,4,0.067236,33.319935,39.730621,31.66186,0.779502,0.225507,0.279862,11.534,cuda
rrdb_psnr,ami,022,back,022_back,2,4,96,bicjpeg85,34.385256,0.887054,31.297999,0.959306,4,0.058065,32.745823,40.807842,29.946398,0.816408,0.20035,0.282364,11.542,cuda
rrdb_psnr,ami,022,down,022_down,2,4,96,bicjpeg85,33.779974,0.864623,30.808994,0.950782,4,0.066971,31.986411,40.571853,30.635115,0.821383,0.208067,0.306836,11.558,cuda
rrdb_psnr,ami,022,front,022_front,2,4,96,bicjpeg85,33.345115,0.854043,30.343094,0.948939,4,0.079762,31.94447,39.704874,29.857439,0.78823,0.222925,0.271215,11.553,cuda
rrdb_psnr,ami,022,left,022_left,2,4,96,bicjpeg85,34.777825,0.875204,31.553354,0.953276,4,0.066085,33.577031,40.843558,30.608279,0.747302,0.223554,0.253472,11.544,cuda
rrdb_psnr,ami,022,right,022_right,2,4,96,bicjpeg85,33.151997,0.844328,30.300351,0.939831,4,0.084119,31.670055,39.121499,30.195012,0.757905,0.252913,0.296906,11.539,cuda
rrdb_psnr,ami,022,up,022_up,2,4,96,bicjpeg85,33.293918,0.853173,30.367373,0.944951,4,0.078597,31.746158,39.498394,30.149267,0.763609,0.251174,0.266323,11.539,cuda
rrdb_psnr,ami,022,zoom,022_zoom,2,4,96,bicjpeg85,33.550805,0.859117,30.554389,0.946917,4,0.072674,31.865269,39.561032,31.264167,0.820708,0.243887,0.269296,11.54,cuda
rrdb_psnr,ami,023,back,023_back,5,4,96,bicjpeg85,32.15288,0.793314,29.742423,0.933802,4,0.082998,31.062269,38.236642,31.331276,0.790161,0.262066,0.274744,11.529,cuda
rrdb_psnr,ami,023,down,023_down,5,4,96,bicjpeg85,32.675154,0.816026,30.252859,0.936953,4,0.083106,31.723818,39.10004,31.486374,0.816661,0.260684,0.285971,11.55,cuda
rrdb_psnr,ami,023,front,023_front,5,4,96,bicjpeg85,32.438414,0.802835,29.97512,0.930495,4,0.078378,31.407327,38.681492,30.674408,0.749724,0.286238,0.31991,11.554,cuda
rrdb_psnr,ami,023,left,023_left,5,4,96,bicjpeg85,34.50544,0.857833,31.617133,0.947756,4,0.066419,33.60556,40.382487,32.414152,0.817629,0.324361,0.326767,11.535,cuda
rrdb_psnr,ami,023,right,023_right,5,4,96,bicjpeg85,32.347945,0.802234,29.696034,0.934767,4,0.083044,31.015858,38.854219,31.883154,0.823884,0.306068,0.309873,11.538,cuda
rrdb_psnr,ami,023,up,023_up,5,4,96,bicjpeg85,32.140964,0.795953,29.764958,0.928792,4,0.08381,31.052764,38.457661,31.128892,0.779516,0.328165,0.325515,11.552,cuda
rrdb_psnr,ami,023,zoom,023_zoom,5,4,96,bicjpeg85,32.795337,0.834144,30.180941,0.940068,4,0.076105,31.976552,38.335698,32.466998,0.816883,0.289645,0.298543,11.547,cuda
rrdb_psnr,ami,024,back,024_back,3,4,96,bicjpeg85,32.817237,0.823938,30.097278,0.943119,4,0.083041,31.374981,39.174675,30.330741,0.774095,0.230094,0.282093,11.542,cuda
rrdb_psnr,ami,024,down,024_down,3,4,96,bicjpeg85,33.521343,0.853397,30.332095,0.950654,4,0.074041,32.020872,39.789258,30.583459,0.784618,0.244394,0.314929,11.543,cuda
rrdb_psnr,ami,024,front,024_front,3,4,96,bicjpeg85,32.704836,0.826469,29.878037,0.943234,4,0.082732,30.971182,39.531932,30.23202,0.788242,0.228772,0.292852,11.548,cuda
rrdb_psnr,ami,024,left,024_left,3,4,96,bicjpeg85,33.421846,0.83728,30.35219,0.943845,4,0.073086,32.097763,39.602998,30.039589,0.76323,0.249027,0.293921,11.555,cuda
rrdb_psnr,ami,024,right,024_right,3,4,96,bicjpeg85,32.522646,0.843109,29.518084,0.946571,4,0.089034,30.918385,38.701076,29.447338,0.780991,0.173611,0.250984,11.548,cuda
rrdb_psnr,ami,024,up,024_up,3,4,96,bicjpeg85,32.94384,0.833794,29.859499,0.943456,4,0.082353,31.550227,39.317952,30.766073,0.755507,0.216675,0.275674,11.523,cuda
rrdb_psnr,ami,024,zoom,024_zoom,3,4,96,bicjpeg85,32.479896,0.829693,29.499889,0.946621,4,0.081083,30.853294,38.800583,30.772773,0.815549,0.218328,0.259461,11.524,cuda
rrdb_psnr,ami,025,back,025_back,2,4,96,bicjpeg85,32.487072,0.81364,30.178889,0.939404,4,0.080365,30.895667,39.146309,31.84329,0.816514,0.282977,0.295034,11.54,cuda
rrdb_psnr,ami,025,down,025_down,2,4,96,bicjpeg85,32.131214,0.816361,29.908124,0.938241,4,0.080317,30.799564,38.481576,30.904277,0.84745,0.232415,0.263242,11.558,cuda
rrdb_psnr,ami,025,front,025_front,2,4,96,bicjpeg85,31.958318,0.809514,29.694201,0.937462,4,0.088744,30.742176,38.629408,31.849747,0.852495,0.280347,0.304087,11.544,cuda
rrdb_psnr,ami,025,left,025_left,2,4,96,bicjpeg85,33.290873,0.835548,30.992877,0.945729,4,0.073614,32.314515,39.259005,32.189772,0.825019,0.238249,0.305346,11.545,cuda
rrdb_psnr,ami,025,right,025_right,2,4,96,bicjpeg85,32.343825,0.814322,29.768783,0.942158,4,0.090087,30.988913,38.792788,31.522235,0.836243,0.244159,0.273892,11.542,cuda
rrdb_psnr,ami,025,up,025_up,2,4,96,bicjpeg85,31.92458,0.813142,29.634578,0.940509,4,0.087925,30.631392,38.297476,31.651149,0.81276,0.321026,0.334458,11.551,cuda
rrdb_psnr,ami,025,zoom,025_zoom,2,4,96,bicjpeg85,32.814782,0.844287,30.287907,0.948651,4,0.08304,31.640592,38.55909,33.021089,0.864911,0.246436,0.292914,11.539,cuda
rrdb_psnr,ami,026,back,026_back,1,4,96,bicjpeg85,32.636746,0.828576,29.721331,0.942334,4,0.079817,30.98162,39.068755,31.133025,0.799501,0.220531,0.260446,11.549,cuda
rrdb_psnr,ami,026,down,026_down,1,4,96,bicjpeg85,33.380733,0.850496,30.392852,0.945325,4,0.07332,32.34707,38.890227,31.875818,0.841304,0.244498,0.288144,11.54,cuda
rrdb_psnr,ami,026,front,026_front,1,4,96,bicjpeg85,32.83102,0.837739,29.95534,0.945809,4,0.074502,31.216488,38.857041,31.857132,0.845036,0.212055,0.27871,11.543,cuda
rrdb_psnr,ami,026,left,026_left,1,4,96,bicjpeg85,33.484879,0.855641,30.597223,0.945792,4,0.079508,32.731783,39.100997,30.917998,0.825015,0.263419,0.289097,11.529,cuda
rrdb_psnr,ami,026,right,026_right,1,4,96,bicjpeg85,33.14185,0.831055,30.150582,0.937487,4,0.083949,32.079555,38.820041,32.416046,0.814382,0.266973,0.276196,11.536,cuda
rrdb_psnr,ami,026,up,026_up,1,4,96,bicjpeg85,32.508561,0.825851,29.776197,0.938833,4,0.083659,31.614617,38.496224,30.963791,0.781699,0.272931,0.302073,11.549,cuda
rrdb_psnr,ami,026,zoom,026_zoom,1,4,96,bicjpeg85,32.176733,0.836067,29.435264,0.943431,4,0.090163,30.784516,38.254533,32.155681,0.838411,0.250685,0.282856,11.552,cuda
rrdb_psnr,ami,027,back,027_back,3,4,96,bicjpeg85,33.430342,0.852254,30.791201,0.948003,4,0.071999,32.111846,39.069283,31.458979,0.79631,0.20402,0.291413,11.554,cuda
rrdb_psnr,ami,027,down,027_down,3,4,96,bicjpeg85,33.328241,0.845862,30.812942,0.950364,4,0.06926,32.054182,39.014904,32.375499,0.822489,0.21458,0.308126,11.538,cuda
rrdb_psnr,ami,027,front,027_front,3,4,96,bicjpeg85,33.030246,0.847702,30.540095,0.9523,4,0.072552,31.299729,39.221101,32.54402,0.827561,0.236173,0.3061,11.526,cuda
rrdb_psnr,ami,027,left,027_left,3,4,96,bicjpeg85,33.151915,0.850833,30.722917,0.952105,4,0.078335,31.946694,38.875794,31.774844,0.828879,0.229459,0.31845,11.547,cuda
rrdb_psnr,ami,027,right,027_right,3,4,96,bicjpeg85,33.219222,0.852728,30.568686,0.953427,4,0.073458,31.821686,39.180953,32.00182,0.816724,0.292445,0.304169,11.546,cuda
rrdb_psnr,ami,027,up,027_up,3,4,96,bicjpeg85,33.028725,0.846222,30.480018,0.952136,4,0.072324,31.667581,39.079229,32.394406,0.826638,0.253981,0.28807,11.548,cuda
rrdb_psnr,ami,027,zoom,027_zoom,3,4,96,bicjpeg85,33.069178,0.851759,30.418945,0.953076,4,0.072282,31.440679,39.200825,32.629926,0.816257,0.212193,0.299102,11.523,cuda
rrdb_psnr,ami,028,back,028_back,2,4,96,bicjpeg85,32.344867,0.83187,29.799427,0.938444,4,0.086231,30.680281,38.578562,30.860547,0.762346,0.286142,0.333237,11.547,cuda
rrdb_psnr,ami,028,down,028_down,2,4,96,bicjpeg85,31.93076,0.810383,29.654648,0.934942,4,0.083812,30.993771,38.560128,30.460218,0.79615,0.327313,0.318602,11.536,cuda
rrdb_psnr,ami,028,front,028_front,2,4,96,bicjpeg85,32.093682,0.805483,29.749236,0.937053,4,0.080633,30.881999,38.8216,30.322984,0.777512,0.293037,0.315338,11.542,cuda
rrdb_psnr,ami,028,left,028_left,2,4,96,bicjpeg85,32.450564,0.834001,30.090534,0.940393,4,0.07471,31.053351,38.796923,30.837425,0.770497,0.322554,0.329178,11.551,cuda
rrdb_psnr,ami,028,right,028_right,2,4,96,bicjpeg85,31.701569,0.793992,29.231703,0.929732,4,0.082788,30.312131,38.368662,31.297771,0.770843,0.334336,0.29566,11.554,cuda
rrdb_psnr,ami,028,up,028_up,2,4,96,bicjpeg85,32.223415,0.80411,29.87126,0.931963,4,0.081064,30.973593,38.664921,30.672145,0.754141,0.341602,0.312725,11.543,cuda
rrdb_psnr,ami,028,zoom,028_zoom,2,4,96,bicjpeg85,32.221892,0.805081,29.889931,0.932331,4,0.089814,31.162986,38.531815,31.84049,0.810836,0.348941,0.308508,11.536,cuda
rrdb_psnr,ami,029,back,029_back,5,4,96,bicjpeg85,32.167156,0.770467,29.325276,0.923934,4,0.088255,30.876808,38.848306,31.088867,0.730231,0.31059,0.303268,11.541,cuda
rrdb_psnr,ami,029,down,029_down,5,4,96,bicjpeg85,32.011887,0.78351,29.466577,0.922452,4,0.09139,30.628239,38.997127,30.917813,0.779892,0.285485,0.338079,11.545,cuda
rrdb_psnr,ami,029,front,029_front,5,4,96,bicjpeg85,32.064785,0.773441,29.411612,0.917711,4,0.092113,31.082197,38.538564,31.610156,0.775936,0.368618,0.308055,11.544,cuda
rrdb_psnr,ami,029,left,029_left,5,4,96,bicjpeg85,33.250639,0.813167,30.260647,0.937523,4,0.071291,32.205446,39.600308,31.842495,0.773133,0.355071,0.318869,11.55,cuda
rrdb_psnr,ami,029,right,029_right,5,4,96,bicjpeg85,32.23311,0.792715,29.36363,0.928038,4,0.084894,31.337852,38.338462,32.016979,0.803542,0.322867,0.299272,11.534,cuda
rrdb_psnr,ami,029,up,029_up,5,4,96,bicjpeg85,31.493849,0.757951,29.049252,0.912166,4,0.088674,30.21793,38.530912,30.836808,0.727609,0.354917,0.326086,11.532,cuda
rrdb_psnr,ami,029,zoom,029_zoom,5,4,96,bicjpeg85,32.609384,0.800671,29.765527,0.923178,4,0.087044,31.674862,38.792836,31.250353,0.765707,0.399738,0.294137,11.543,cuda
rrdb_psnr,ami,030,back,030_back,1,4,96,bicjpeg85,32.295792,0.826477,29.249863,0.945358,4,0.083154,30.823852,38.46995,30.642768,0.790807,0.264551,0.295267,11.543,cuda
rrdb_psnr,ami,030,down,030_down,1,4,96,bicjpeg85,32.769851,0.821894,29.859424,0.937362,4,0.079158,31.405534,39.182546,30.701003,0.794919,0.235485,0.299736,11.523,cuda
rrdb_psnr,ami,030,front,030_front,1,4,96,bicjpeg85,32.49012,0.819101,29.69627,0.941904,4,0.082096,31.350967,38.443904,31.31035,0.801771,0.296553,0.288477,11.552,cuda
rrdb_psnr,ami,030,left,030_left,1,4,96,bicjpeg85,32.827862,0.828042,29.974916,0.94366,4,0.081313,31.470198,39.225013,30.92414,0.800524,0.251606,0.302988,11.545,cuda
rrdb_psnr,ami,030,right,030_right,1,4,96,bicjpeg85,31.685979,0.803928,29.045879,0.935829,4,0.087401,29.918576,38.598732,29.994001,0.765509,0.269731,0.295319,11.552,cuda
rrdb_psnr,ami,030,up,030_up,1,4,96,bicjpeg85,32.319203,0.808117,29.410312,0.935441,4,0.076397,31.442674,38.418465,31.090461,0.777062,0.270604,0.307348,11.546,cuda
rrdb_psnr,ami,030,zoom,030_zoom,1,4,96,bicjpeg85,32.744858,0.829415,29.789817,0.942006,4,0.074943,31.487274,38.76436,31.501316,0.80467,0.298864,0.287311,11.556,cuda
rrdb_psnr,ami,031,back,031_back,5,4,96,bicjpeg85,32.604549,0.819904,29.735646,0.938869,4,0.079187,31.480545,38.795976,30.841827,0.755156,0.277938,0.283928,11.554,cuda
rrdb_psnr,ami,031,down,031_down,5,4,96,bicjpeg85,32.631799,0.8381,29.816851,0.946923,4,0.07378,31.480549,38.738863,30.927224,0.794466,0.298388,0.302124,11.546,cuda
rrdb_psnr,ami,031,front,031_front,5,4,96,bicjpeg85,32.447333,0.827242,29.726975,0.944283,4,0.073309,31.068809,38.773893,31.167721,0.784002,0.326513,0.302061,11.542,cuda
rrdb_psnr,ami,031,left,031_left,5,4,96,bicjpeg85,32.148614,0.82169,29.481338,0.945144,4,0.073532,30.552467,38.974351,30.348979,0.760686,0.29365,0.304671,11.538,cuda
rrdb_psnr,ami,031,right,031_right,5,4,96,bicjpeg85,32.393339,0.824767,29.601312,0.944177,4,0.082499,30.917016,38.929021,31.043809,0.783402,0.275794,0.315168,11.534,cuda
rrdb_psnr,ami,031,up,031_up,5,4,96,bicjpeg85,32.436955,0.822888,29.638425,0.945598,4,0.077689,31.048288,38.774512,30.80308,0.772439,0.302074,0.30222,11.531,cuda
rrdb_psnr,ami,031,zoom,031_zoom,5,4,96,bicjpeg85,32.422581,0.834007,29.630991,0.945992,4,0.07764,31.399262,38.439755,31.562415,0.807285,0.327526,0.277091,11.55,cuda
rrdb_psnr,ami,032,back,032_back,3,4,96,bicjpeg85,32.07957,0.838763,29.073867,0.943452,4,0.081943,30.144468,38.813439,29.97759,0.759911,0.247019,0.300336,11.542,cuda
rrdb_psnr,ami,032,down,032_down,3,4,96,bicjpeg85,32.764943,0.846289,29.556766,0.949595,4,0.0763,30.837445,39.421338,30.12707,0.80155,0.223154,0.301575,11.542,cuda
rrdb_psnr,ami,032,front,032_front,3,4,96,bicjpeg85,33.089605,0.856648,29.699832,0.952677,4,0.070149,31.849435,39.251405,30.1982,0.797275,0.258095,0.307972,11.546,cuda
rrdb_psnr,ami,032,left,032_left,3,4,96,bicjpeg85,33.008745,0.858852,29.910237,0.952475,4,0.071802,30.766565,39.994774,31.543308,0.800795,0.198245,0.298594,11.541,cuda
rrdb_psnr,ami,032,right,032_right,3,4,96,bicjpeg85,32.496562,0.852367,29.495593,0.949981,4,0.078423,30.439858,39.468634,30.140167,0.739122,0.214083,0.277412,11.542,cuda
rrdb_psnr,ami,032,up,032_up,3,4,96,bicjpeg85,32.873557,0.851649,29.616354,0.95059,4,0.079724,31.235107,39.271391,30.268628,0.773048,0.257315,0.315598,11.55,cuda
rrdb_psnr,ami,032,zoom,032_zoom,3,4,96,bicjpeg85,32.677626,0.85455,29.396669,0.953903,4,0.074766,30.589784,39.342344,31.092468,0.817029,0.230428,0.319167,11.548,cuda
rrdb_psnr,ami,033,back,033_back,3,4,96,bicjpeg85,34.18987,0.857997,31.319002,0.945382,4,0.067226,33.322986,39.620554,32.131005,0.791164,0.281271,0.282465,11.546,cuda
rrdb_psnr,ami,033,down,033_down,3,4,96,bicjpeg85,34.01272,0.863443,31.087636,0.948467,4,0.064345,33.20285,39.193038,32.346319,0.824635,0.214204,0.296651,11.547,cuda
rrdb_psnr,ami,033,front,033_front,3,4,96,bicjpeg85,33.378531,0.845156,30.579299,0.946491,4,0.071952,32.011362,39.235333,32.351952,0.819386,0.243133,0.284716,11.548,cuda
rrdb_psnr,ami,033,left,033_left,3,4,96,bicjpeg85,34.534939,0.873522,31.719173,0.94918,4,0.066351,33.733026,39.944297,31.743132,0.80447,0.238437,0.311889,11.543,cuda
rrdb_psnr,ami,033,right,033_right,3,4,96,bicjpeg85,32.982315,0.835408,30.215303,0.939936,4,0.081429,31.934109,38.651451,31.393959,0.813429,0.287514,0.278366,11.539,cuda
rrdb_psnr,ami,033,up,033_up,3,4,96,bicjpeg85,33.69158,0.854966,30.84012,0.947908,4,0.073638,32.552927,39.177778,32.264591,0.82288,0.224839,0.29302,17.452,cuda
rrdb_psnr,ami,033,zoom,033_zoom,3,4,96,bicjpeg85,33.526755,0.848584,30.641778,0.945977,4,0.0797,32.639239,38.998128,32.915181,0.84155,0.271917,0.295471,16.646,cuda
rrdb_psnr,ami,034,back,034_back,4,4,96,bicjpeg85,31.546812,0.776402,29.328231,0.927177,4,0.095578,30.149029,38.337962,30.857138,0.76507,0.290191,0.29431,11.645,cuda
rrdb_psnr,ami,034,down,034_down,4,4,96,bicjpeg85,31.729508,0.799652,29.653677,0.934934,4,0.088077,30.605773,38.244996,31.268715,0.83635,0.293,0.28292,12.623,cuda
rrdb_psnr,ami,034,front,034_front,4,4,96,bicjpeg85,31.37498,0.776236,29.241478,0.928392,4,0.097142,30.067411,38.20381,30.886206,0.782683,0.323788,0.31944,13.445,cuda
rrdb_psnr,ami,034,left,034_left,4,4,96,bicjpeg85,32.237214,0.808931,30.043062,0.938343,4,0.086101,31.023828,39.265282,31.539767,0.812279,0.282543,0.302006,11.545,cuda
rrdb_psnr,ami,034,right,034_right,4,4,96,bicjpeg85,31.737136,0.78774,29.433576,0.931385,4,0.09065,30.367658,38.263519,31.653763,0.805114,0.374499,0.301818,12.561,cuda
rrdb_psnr,ami,034,up,034_up,4,4,96,bicjpeg85,31.296901,0.785117,29.166304,0.932796,4,0.096654,29.963493,38.389349,31.285183,0.781473,0.26799,0.294395,15.26,cuda
rrdb_psnr,ami,034,zoom,034_zoom,4,4,96,bicjpeg85,32.789884,0.836862,30.399775,0.945169,4,0.083873,32.162035,39.022377,32.717639,0.837952,0.266999,0.306795,11.533,cuda
rrdb_psnr,ami,035,back,035_back,5,4,96,bicjpeg85,34.001716,0.85608,30.87236,0.946048,4,0.075424,33.077409,39.609721,31.89348,0.828799,0.218693,0.286797,11.545,cuda
rrdb_psnr,ami,035,down,035_down,5,4,96,bicjpeg85,34.401304,0.873064,31.253763,0.951906,4,0.06586,33.69464,39.660495,32.018615,0.824327,0.196404,0.310623,15.046,cuda
rrdb_psnr,ami,035,front,035_front,5,4,96,bicjpeg85,33.775747,0.858957,30.844679,0.944098,4,0.077045,32.680894,39.402744,31.461661,0.790575,0.233222,0.309759,14.331,cuda
rrdb_psnr,ami,035,left,035_left,5,4,96,bicjpeg85,34.859416,0.879124,31.464466,0.949548,4,0.059386,34.175973,40.11708,31.855629,0.808193,0.229531,0.308537,13.776,cuda
rrdb_psnr,ami,035,right,035_right,5,4,96,bicjpeg85,33.881553,0.849486,30.881406,0.9417,4,0.075876,32.891663,39.247618,31.760693,0.797091,0.257294,0.277766,14.21,cuda
rrdb_psnr,ami,035,up,035_up,5,4,96,bicjpeg85,33.755966,0.857521,30.743025,0.944474,4,0.074997,32.795092,39.17154,31.301723,0.803285,0.258511,0.295311,13.6,cuda
rrdb_psnr,ami,035,zoom,035_zoom,5,4,96,bicjpeg85,33.705056,0.859575,30.704851,0.944037,4,0.07622,32.708228,38.916164,32.603757,0.851087,0.25073,0.316771,13.523,cuda
rrdb_psnr,ami,036,back,036_back,2,4,96,bicjpeg85,32.879498,0.821909,30.691988,0.937488,4,0.076909,31.318805,39.28818,30.276317,0.762611,0.266433,0.287802,14.002,cuda
rrdb_psnr,ami,036,down,036_down,2,4,96,bicjpeg85,33.620534,0.839672,31.58132,0.939532,4,0.074417,32.384388,39.962405,31.265702,0.804168,0.343532,0.342142,11.634,cuda
rrdb_psnr,ami,036,front,036_front,2,4,96,bicjpeg85,33.738968,0.841664,31.676707,0.943725,4,0.07909,32.736435,40.003186,31.999819,0.810959,0.279563,0.327633,11.557,cuda
rrdb_psnr,ami,036,left,036_left,2,4,96,bicjpeg85,34.304383,0.85661,32.138199,0.949078,4,0.06618,33.340488,40.474617,31.816847,0.809547,0.257983,0.296118,11.642,cuda
rrdb_psnr,ami,036,right,036_right,2,4,96,bicjpeg85,32.925803,0.834299,30.694323,0.938319,4,0.082663,31.614403,38.922973,30.4395,0.803013,0.343763,0.297462,14.339,cuda
rrdb_psnr,ami,036,up,036_up,2,4,96,bicjpeg85,32.725906,0.808896,30.692283,0.932961,4,0.079776,31.721094,39.111478,31.517784,0.782957,0.33441,0.316697,11.557,cuda
rrdb_psnr,ami,036,zoom,036_zoom,2,4,96,bicjpeg85,33.912477,0.856368,31.806026,0.946012,4,0.072918,32.606654,39.794862,32.804969,0.842608,0.271046,0.341412,15.538,cuda
rrdb_psnr,ami,037,back,037_back,2,4,96,bicjpeg85,33.5597,0.832697,31.246681,0.93909,4,0.071736,32.37101,39.556638,30.476046,0.81543,0.305967,0.295147,14.954,cuda
rrdb_psnr,ami,037,down,037_down,2,4,96,bicjpeg85,33.088406,0.827826,30.842219,0.92945,4,0.080711,31.895488,39.131797,30.797823,0.823343,0.304609,0.282109,14.114,cuda
rrdb_psnr,ami,037,front,037_front,2,4,96,bicjpeg85,33.100376,0.832093,30.869971,0.932034,4,0.077526,31.683632,39.353064,30.41313,0.821564,0.277945,0.285459,11.572,cuda
rrdb_psnr,ami,037,left,037_left,2,4,96,bicjpeg85,34.108845,0.854699,31.889009,0.944737,4,0.069596,33.058957,40.000832,30.932027,0.830551,0.253943,0.300136,11.565,cuda
rrdb_psnr,ami,037,right,037_right,2,4,96,bicjpeg85,33.182123,0.831664,30.808735,0.93458,4,0.081878,31.918185,39.19215,31.252904,0.813098,0.301586,0.293692,14.071,cuda
rrdb_psnr,ami,037,up,037_up,2,4,96,bicjpeg85,33.12196,0.820303,30.907147,0.929988,4,0.077517,31.980878,38.810599,31.159573,0.795674,0.287079,0.261684,11.619,cuda
rrdb_psnr,ami,037,zoom,037_zoom,2,4,96,bicjpeg85,33.727171,0.850069,31.244037,0.94283,4,0.074619,32.756477,38.927162,32.860057,0.832066,0.239183,0.263705,11.544,cuda
rrdb_psnr,ami,038,back,038_back,2,4,96,bicjpeg85,33.080849,0.826113,30.533519,0.940355,4,0.078653,31.825619,39.160127,30.861379,0.791965,0.243108,0.28867,11.541,cuda
rrdb_psnr,ami,038,down,038_down,2,4,96,bicjpeg85,32.370386,0.802577,30.17461,0.938199,4,0.088652,31.223352,38.991113,30.920412,0.816554,0.268294,0.311496,11.613,cuda
rrdb_psnr,ami,038,front,038_front,2,4,96,bicjpeg85,32.656401,0.811686,30.405723,0.938003,4,0.078883,31.275338,39.365422,30.776134,0.811986,0.273289,0.287879,14.371,cuda
rrdb_psnr,ami,038,left,038_left,2,4,96,bicjpeg85,33.194045,0.823826,31.005732,0.938421,4,0.082905,32.278067,39.856298,30.567448,0.774396,0.293043,0.312366,11.575,cuda
rrdb_psnr,ami,038,right,038_right,2,4,96,bicjpeg85,32.881799,0.823869,30.282118,0.941473,4,0.084867,31.784732,39.484107,30.296329,0.819764,0.283617,0.259532,11.547,cuda
rrdb_psnr,ami,038,up,038_up,2,4,96,bicjpeg85,32.09842,0.790402,29.936096,0.928779,4,0.093232,30.991659,38.372608,31.041689,0.774133,0.277505,0.281331,11.582,cuda
rrdb_psnr,ami,038,zoom,038_zoom,2,4,96,bicjpeg85,33.486738,0.843404,31.01788,0.947051,4,0.079361,32.666957,39.249412,32.666148,0.852648,0.237641,0.305876,15.401,cuda
rrdb_psnr,ami,039,back,039_back,2,4,96,bicjpeg85,33.12331,0.845989,30.405322,0.944581,4,0.075243,31.718152,39.191235,29.793176,0.774159,0.20239,0.24754,11.75,cuda
rrdb_psnr,ami,039,down,039_down,2,4,96,bicjpeg85,32.86728,0.844247,30.108314,0.941613,4,0.073058,31.509306,39.478229,29.27802,0.726778,0.242328,0.321631,12.45,cuda
rrdb_psnr,ami,039,front,039_front,2,4,96,bicjpeg85,33.145103,0.849553,30.22772,0.944173,4,0.074821,31.708141,39.127244,29.794811,0.746189,0.21508,0.317685,15.478,cuda
rrdb_psnr,ami,039,left,039_left,2,4,96,bicjpeg85,34.178098,0.874603,31.252555,0.953906,4,0.065699,33.051122,40.199796,30.807908,0.783768,0.203889,0.29197,11.584,cuda
rrdb_psnr,ami,039,right,039_right,2,4,96,bicjpeg85,33.389174,0.853611,30.41984,0.94973,4,0.077209,32.020217,39.159884,30.512913,0.794503,0.255429,0.271062,11.535,cuda
rrdb_psnr,ami,039,up,039_up,2,4,96,bicjpeg85,32.954511,0.833968,30.131276,0.940546,4,0.07845,32.031368,38.897914,29.863606,0.722145,0.220312,0.282078,14.168,cuda
rrdb_psnr,ami,039,zoom,039_zoom,2,4,96,bicjpeg85,33.928248,0.873935,30.703684,0.951175,4,0.067744,33.026962,39.371345,30.798997,0.77694,0.196751,0.296162,11.566,cuda
rrdb_psnr,ami,040,back,040_back,4,4,96,bicjpeg85,33.018394,0.834776,30.13083,0.939087,4,0.081846,31.717353,39.107628,30.719379,0.755937,0.246976,0.284014,13.4,cuda
rrdb_psnr,ami,040,down,040_down,4,4,96,bicjpeg85,33.056084,0.852856,30.217081,0.949032,4,0.064753,31.999871,39.090159,30.467028,0.787295,0.2973,0.316457,11.583,cuda
rrdb_psnr,ami,040,front,040_front,4,4,96,bicjpeg85,32.645206,0.828614,29.766409,0.936121,4,0.079832,31.695398,38.850727,29.683729,0.758682,0.29337,0.295286,11.556,cuda
rrdb_psnr,ami,040,left,040_left,4,4,96,bicjpeg85,33.741365,0.862506,30.788548,0.950558,4,0.071928,32.946943,39.662253,30.511569,0.776973,0.28274,0.309412,11.584,cuda
rrdb_psnr,ami,040,right,040_right,4,4,96,bicjpeg85,32.740542,0.834565,29.749544,0.940205,4,0.081288,31.744645,38.345297,29.783472,0.765958,0.311858,0.325646,11.546,cuda
rrdb_psnr,ami,040,up,040_up,4,4,96,bicjpeg85,32.56549,0.835024,29.710954,0.94161,4,0.077232,31.221812,38.902095,30.306245,0.772401,0.291841,0.306136,11.535,cuda
rrdb_psnr,ami,040,zoom,040_zoom,4,4,96,bicjpeg85,33.152594,0.85336,30.111259,0.946276,4,0.074049,32.036446,38.817203,31.481803,0.818354,0.26081,0.30085,11.54,cuda
rrdb_psnr,ami,041,back,041_back,5,4,96,bicjpeg85,32.602828,0.820145,29.96999,0.93658,4,0.0777,31.468002,38.692309,30.216029,0.757713,0.247958,0.276823,11.541,cuda
rrdb_psnr,ami,041,down,041_down,5,4,96,bicjpeg85,33.354198,0.844113,30.624368,0.943364,4,0.078227,32.624443,38.965079,30.62571,0.798845,0.339198,0.313013,11.536,cuda
rrdb_psnr,ami,041,front,041_front,5,4,96,bicjpeg85,32.923617,0.836335,30.232634,0.941401,4,0.078004,32.016806,38.67458,30.926319,0.784992,0.312519,0.303196,11.528,cuda
rrdb_psnr,ami,041,left,041_left,5,4,96,bicjpeg85,35.310851,0.877925,32.066738,0.950989,4,0.057696,34.77107,40.380726,32.770187,0.818475,0.293417,0.320048,11.545,cuda
rrdb_psnr,ami,041,right,041_right,5,4,96,bicjpeg85,32.485888,0.809504,29.597304,0.929992,4,0.085934,31.274403,38.4402,31.00998,0.780788,0.26849,0.296287,11.527,cuda
rrdb_psnr,ami,041,up,041_up,5,4,96,bicjpeg85,32.583501,0.817503,29.893941,0.938328,4,0.091884,31.344683,38.943918,30.832458,0.765052,0.282696,0.309701,11.529,cuda
rrdb_psnr,ami,041,zoom,041_zoom,5,4,96,bicjpeg85,33.962943,0.864099,30.758908,0.951235,4,0.064739,33.336581,39.118785,32.40335,0.827009,0.244015,0.30464,11.54,cuda
rrdb_psnr,ami,042,back,042_back,4,4,96,bicjpeg85,31.790644,0.786131,29.398085,0.930964,4,0.091064,30.360382,38.659813,30.436559,0.783803,0.248464,0.278894,11.534,cuda
rrdb_psnr,ami,042,down,042_down,4,4,96,bicjpeg85,32.690535,0.819108,30.329704,0.942456,4,0.082041,31.384419,39.076696,30.439214,0.806396,0.261355,0.312313,11.535,cuda
rrdb_psnr,ami,042,front,042_front,4,4,96,bicjpeg85,31.707524,0.782023,29.487472,0.92963,4,0.085733,30.872055,38.24155,30.994158,0.830172,0.268537,0.304387,11.531,cuda
rrdb_psnr,ami,042,left,042_left,4,4,96,bicjpeg85,33.359838,0.832204,31.085437,0.943297,4,0.076768,32.07311,39.496865,31.681605,0.803137,0.22219,0.287564,11.536,cuda
rrdb_psnr,ami,042,right,042_right,4,4,96,bicjpeg85,31.602815,0.772729,29.197807,0.930118,4,0.091521,30.211188,38.53874,31.121698,0.808611,0.224253,0.298112,11.53,cuda
rrdb_psnr,ami,042,up,042_up,4,4,96,bicjpeg85,31.721322,0.782194,29.434397,0.934167,4,0.083254,30.5137,38.241626,30.825036,0.782501,0.260577,0.290196,11.524,cuda
rrdb_psnr,ami,042,zoom,042_zoom,4,4,96,bicjpeg85,32.5605,0.833613,30.069311,0.94884,4,0.078786,31.626551,38.681735,33.160728,0.864751,0.257134,0.295959,11.54,cuda
rrdb_psnr,ami,043,back,043_back,4,4,96,bicjpeg85,32.601678,0.839977,29.955278,0.95063,4,0.077125,31.48321,38.483885,31.002261,0.828556,0.232171,0.291876,11.541,cuda
rrdb_psnr,ami,043,down,043_down,4,4,96,bicjpeg85,32.613741,0.831675,30.163776,0.950099,4,0.083778,32.009082,39.025827,31.254447,0.838067,0.285147,0.296908,11.539,cuda
rrdb_psnr,ami,043,front,043_front,4,4,96,bicjpeg85,32.558659,0.82295,30.045444,0.943934,4,0.083357,31.819232,38.669416,30.696128,0.794938,0.3063,0.334196,11.548,cuda
rrdb_psnr,ami,043,left,043_left,4,4,96,bicjpeg85,33.385125,0.847619,30.872176,0.953318,4,0.068101,32.148281,39.890155,30.838056,0.804818,0.260424,0.313315,11.539,cuda
rrdb_psnr,ami,043,right,043_right,4,4,96,bicjpeg85,32.836942,0.845111,29.996493,0.950534,4,0.078285,31.857291,38.678223,31.776897,0.834879,0.211118,0.272509,11.54,cuda
rrdb_psnr,ami,043,up,043_up,4,4,96,bicjpeg85,32.460725,0.813048,29.942468,0.94219,4,0.079693,31.532309,38.462,31.098875,0.785712,0.316528,0.289947,11.545,cuda
rrdb_psnr,ami,043,zoom,043_zoom,4,4,96,bicjpeg85,33.336871,0.845172,30.645008,0.949631,4,0.076068,32.780983,38.931144,32.558008,0.865963,0.300005,0.311007,11.551,cuda
rrdb_psnr,ami,044,back,044_back,5,4,96,bicjpeg85,33.148693,0.847321,30.374906,0.94935,4,0.073965,31.999577,38.92368,30.163956,0.799577,0.251104,0.300392,11.543,cuda
rrdb_psnr,ami,044,down,044_down,5,4,96,bicjpeg85,33.276634,0.859999,30.377063,0.953261,4,0.066267,31.631423,39.978135,30.361303,0.824157,0.245264,0.292149,11.545,cuda
rrdb_psnr,ami,044,front,044_front,5,4,96,bicjpeg85,32.844423,0.852693,30.102196,0.952392,4,0.071979,31.279901,39.283461,30.147851,0.824804,0.254714,0.286003,11.555,cuda
rrdb_psnr,ami,044,left,044_left,5,4,96,bicjpeg85,33.266405,0.859202,30.436107,0.954791,4,0.068194,31.563659,40.210335,30.524652,0.808554,0.207474,0.289201,11.539,cuda
rrdb_psnr,ami,044,right,044_right,5,4,96,bicjpeg85,33.532184,0.860387,30.329446,0.953462,4,0.066437,31.925314,39.596713,30.951062,0.83995,0.254936,0.289641,11.541,cuda
rrdb_psnr,ami,044,up,044_up,5,4,96,bicjpeg85,33.123616,0.84998,30.227038,0.949823,4,0.069907,31.726627,39.28833,30.466178,0.799369,0.304826,0.322645,11.538,cuda
rrdb_psnr,ami,044,zoom,044_zoom,5,4,96,bicjpeg85,32.97813,0.859247,30.056335,0.954765,4,0.074591,31.353329,38.9966,31.951374,0.846014,0.228835,0.278612,11.543,cuda
rrdb_psnr,ami,045,back,045_back,2,4,96,bicjpeg85,32.61086,0.825565,30.147113,0.940014,4,0.08404,31.562577,38.739955,31.402796,0.79175,0.239546,0.31942,11.54,cuda
rrdb_psnr,ami,045,down,045_down,2,4,96,bicjpeg85,33.59944,0.850661,31.021222,0.94902,4,0.071179,33.05754,39.251567,31.770284,0.833266,0.331571,0.320789,11.544,cuda
rrdb_psnr,ami,045,front,045_front,2,4,96,bicjpeg85,33.317436,0.846117,30.724411,0.942158,4,0.076069,32.340015,39.141457,31.582469,0.820367,0.263914,0.306141,11.537,cuda
rrdb_psnr,ami,045,left,045_left,2,4,96,bicjpeg85,34.774365,0.87132,31.870487,0.955497,4,0.070099,34.012443,40.118524,32.869212,0.813808,0.304554,0.296961,11.54,cuda
rrdb_psnr,ami,045,right,045_right,2,4,96,bicjpeg85,32.965359,0.83388,30.233614,0.933995,4,0.085808,31.960192,38.326536,31.330386,0.767934,0.269822,0.30543,11.539,cuda
rrdb_psnr,ami,045,up,045_up,2,4,96,bicjpeg85,33.048633,0.840547,30.596398,0.94069,4,0.074932,32.059742,38.835911,30.882252,0.762988,0.300406,0.326892,11.548,cuda
rrdb_psnr,ami,045,zoom,045_zoom,2,4,96,bicjpeg85,34.248077,0.874105,31.40681,0.950887,4,0.068576,33.183216,39.408462,31.874919,0.838388,0.199776,0.277037,11.544,cuda
rrdb_psnr,ami,046,back,046_back,5,4,96,bicjpeg85,32.130448,0.83437,29.360205,0.943319,4,0.089183,30.866967,38.252608,31.783441,0.80902,0.317342,0.279111,11.553,cuda
rrdb_psnr,ami,046,down,046_down,5,4,96,bicjpeg85,34.33058,0.880889,31.160541,0.959264,4,0.06142,33.012806,39.995019,31.646106,0.856802,0.281283,0.303743,11.55,cuda
rrdb_psnr,ami,046,front,046_front,5,4,96,bicjpeg85,33.804501,0.857905,30.707009,0.950137,4,0.071847,32.915198,39.114585,31.649682,0.811459,0.204847,0.292842,11.548,cuda
rrdb_psnr,ami,046,left,046_left,5,4,96,bicjpeg85,34.368374,0.871611,31.248691,0.950734,4,0.070179,33.266971,39.888164,31.203587,0.787195,0.260455,0.283314,11.534,cuda
rrdb_psnr,ami,046,right,046_right,5,4,96,bicjpeg85,32.929318,0.844438,29.865519,0.946417,4,0.079371,31.534312,38.557602,30.760444,0.796007,0.251147,0.283094,11.535,cuda
rrdb_psnr,ami,046,up,046_up,5,4,96,bicjpeg85,32.634822,0.843408,29.723185,0.94936,4,0.078252,31.711925,38.409272,31.369116,0.809651,0.269143,0.297372,11.543,cuda
rrdb_psnr,ami,046,zoom,046_zoom,5,4,96,bicjpeg85,33.896332,0.865266,30.678136,0.953012,4,0.068405,32.655975,39.33443,32.149457,0.830587,0.242679,0.285385,11.543,cuda
rrdb_psnr,ami,047,back,047_back,3,4,96,bicjpeg85,33.057378,0.831588,30.439553,0.936061,4,0.080429,31.90608,38.989766,31.689587,0.799562,0.236491,0.290286,11.528,cuda
rrdb_psnr,ami,047,down,047_down,3,4,96,bicjpeg85,33.375954,0.83485,30.781354,0.942831,4,0.071047,32.567679,39.392891,31.661803,0.830547,0.255844,0.290053,11.534,cuda
rrdb_psnr,ami,047,front,047_front,3,4,96,bicjpeg85,33.443161,0.83406,30.763845,0.940688,4,0.077454,32.358762,39.0431,31.984596,0.837411,0.280717,0.308696,11.548,cuda
rrdb_psnr,ami,047,left,047_left,3,4,96,bicjpeg85,33.137188,0.822764,30.591512,0.937008,4,0.072774,32.300934,39.100591,31.771314,0.830846,0.277961,0.333651,11.546,cuda
rrdb_psnr,ami,047,right,047_right,3,4,96,bicjpeg85,33.481035,0.84152,30.635248,0.939437,4,0.082278,32.339744,39.23412,31.654685,0.816565,0.255197,0.278015,11.54,cuda
rrdb_psnr,ami,047,up,047_up,3,4,96,bicjpeg85,33.025228,0.817033,30.425053,0.934401,4,0.078405,31.729781,39.106662,31.420503,0.776525,0.3441,0.29052,11.544,cuda
rrdb_psnr,ami,047,zoom,047_zoom,3,4,96,bicjpeg85,34.480659,0.869921,31.437826,0.951314,4,0.068839,33.457191,39.872834,34.066432,0.886103,0.218724,0.305104,11.556,cuda
rrdb_psnr,ami,048,back,048_back,1,4,96,bicjpeg85,33.040649,0.840522,30.225704,0.944799,4,0.076732,31.771139,39.312014,31.272238,0.763246,0.258649,0.286142,11.549,cuda
rrdb_psnr,ami,048,down,048_down,1,4,96,bicjpeg85,33.44644,0.856041,30.943292,0.948404,4,0.069405,32.067427,39.466567,30.400541,0.801653,0.237111,0.285916,11.548,cuda
rrdb_psnr,ami,048,front,048_front,1,4,96,bicjpeg85,33.080727,0.848211,30.545447,0.9446,4,0.080695,31.934977,39.177066,30.162986,0.794149,0.206077,0.31295,11.544,cuda
rrdb_psnr,ami,048,left,048_left,1,4,96,bicjpeg85,34.572632,0.876517,31.908445,0.951398,4,0.059136,33.61891,39.890192,31.394588,0.806759,0.24018,0.286187,11.548,cuda
rrdb_psnr,ami,048,right,048_right,1,4,96,bicjpeg85,32.861265,0.835576,30.266799,0.937094,4,0.084516,31.318955,39.119001,30.017598,0.775517,0.273194,0.314682,11.533,cuda
rrdb_psnr,ami,048,up,048_up,1,4,96,bicjpeg85,32.874543,0.843853,30.331385,0.939965,4,0.076314,31.972299,38.471074,30.665497,0.779973,0.222631,0.2905,11.545,cuda
rrdb_psnr,ami,048,zoom,048_zoom,1,4,96,bicjpeg85,34.01458,0.864664,31.212415,0.949831,4,0.076374,32.974435,39.33837,32.604038,0.849926,0.215674,0.303573,11.543,cuda
rrdb_psnr,ami,051,back,051_back,4,4,96,bicjpeg85,32.484591,0.836416,30.220136,0.946029,4,0.081182,31.287473,38.502305,30.783727,0.790286,0.263717,0.291342,11.551,cuda
rrdb_psnr,ami,051,down,051_down,4,4,96,bicjpeg85,33.082193,0.859716,30.954324,0.954498,4,0.06931,31.686756,39.529887,31.110653,0.845465,0.22738,0.286122,11.543,cuda
rrdb_psnr,ami,051,front,051_front,4,4,96,bicjpeg85,32.558368,0.841522,30.362033,0.948044,4,0.079636,31.358359,38.730459,31.07425,0.802202,0.282072,0.289934,11.544,cuda
rrdb_psnr,ami,051,left,051_left,4,4,96,bicjpeg85,33.584853,0.856393,31.205178,0.947741,4,0.073076,32.346184,39.331133,31.420748,0.817907,0.290932,0.290538,11.545,cuda
rrdb_psnr,ami,051,right,051_right,4,4,96,bicjpeg85,33.025388,0.842789,30.436977,0.946061,4,0.074294,31.391849,39.45194,30.559789,0.763888,0.266971,0.299585,11.539,cuda
rrdb_psnr,ami,051,up,051_up,4,4,96,bicjpeg85,32.286073,0.825692,30.106924,0.942664,4,0.080962,31.179278,38.16419,31.101006,0.804303,0.255698,0.275541,11.543,cuda
rrdb_psnr,ami,051,zoom,051_zoom,4,4,96,bicjpeg85,34.321092,0.876308,31.876605,0.955441,4,0.072308,33.428942,39.242804,33.17614,0.843108,0.232972,0.311983,11.55,cuda
rrdb_psnr,ami,052,back,052_back,1,4,96,bicjpeg85,32.166856,0.823914,29.519187,0.944077,4,0.079286,30.444839,38.675551,31.627086,0.823358,0.216577,0.316906,11.536,cuda
rrdb_psnr,ami,052,down,052_down,1,4,96,bicjpeg85,32.63127,0.84882,30.082683,0.957428,4,0.073032,31.587803,38.880057,31.012519,0.829415,0.218381,0.278178,11.546,cuda
rrdb_psnr,ami,052,front,052_front,1,4,96,bicjpeg85,32.637942,0.842058,30.037845,0.954855,4,0.07804,31.292279,38.642557,30.532828,0.815399,0.244372,0.311888,11.553,cuda
rrdb_psnr,ami,052,left,052_left,1,4,96,bicjpeg85,33.355988,0.867121,30.777754,0.961417,4,0.072054,32.291954,39.565579,30.591126,0.809558,0.202996,0.271922,11.548,cuda
rrdb_psnr,ami,052,right,052_right,1,4,96,bicjpeg85,32.136551,0.841766,29.660482,0.94902,4,0.083045,30.424397,38.508824,30.990983,0.814269,0.218635,0.292973,11.533,cuda
rrdb_psnr,ami,052,up,052_up,1,4,96,bicjpeg85,32.417276,0.840343,29.805371,0.949184,4,0.08208,30.958168,38.222363,30.631059,0.802819,0.271182,0.29893,11.526,cuda
rrdb_psnr,ami,052,zoom,052_zoom,1,4,96,bicjpeg85,32.916862,0.852995,30.259428,0.955652,4,0.077395,31.719859,38.621632,31.811834,0.839064,0.241679,0.312392,11.547,cuda
rrdb_psnr,ami,053,back,053_back,3,4,96,bicjpeg85,33.210749,0.84368,30.020449,0.947473,4,0.069833,32.057942,39.25115,31.206142,0.789706,0.221673,0.28475,11.542,cuda
rrdb_psnr,ami,053,down,053_down,3,4,96,bicjpeg85,32.411277,0.825167,29.533952,0.939112,4,0.080541,31.508812,38.81913,29.934282,0.774339,0.303073,0.302401,11.55,cuda
rrdb_psnr,ami,053,front,053_front,3,4,96,bicjpeg85,32.91279,0.828594,29.940843,0.939063,4,0.077605,31.67151,38.966373,30.225916,0.756948,0.282043,0.300399,11.54,cuda
rrdb_psnr,ami,053,left,053_left,3,4,96,bicjpeg85,33.800269,0.86329,30.650989,0.95649,4,0.067402,32.669664,39.921998,31.515855,0.791557,0.25998,0.282915,11.544,cuda
rrdb_psnr,ami,053,right,053_right,3,4,96,bicjpeg85,32.752524,0.830135,29.488286,0.937288,4,0.084436,31.513443,38.582092,29.943142,0.737488,0.269838,0.297107,11.548,cuda
rrdb_psnr,ami,053,up,053_up,3,4,96,bicjpeg85,32.028117,0.807402,29.306157,0.931944,4,0.076764,30.683763,38.449789,29.952492,0.744849,0.223536,0.278584,11.53,cuda
rrdb_psnr,ami,053,zoom,053_zoom,3,4,96,bicjpeg85,32.750652,0.831531,29.757974,0.937567,4,0.085655,31.887445,38.71792,30.851831,0.773671,0.212787,0.297584,11.549,cuda
rrdb_psnr,ami,054,back,054_back,3,4,96,bicjpeg85,32.259832,0.822205,29.418715,0.937211,4,0.081181,30.789919,38.345677,30.210279,0.759429,0.248252,0.304272,11.546,cuda
rrdb_psnr,ami,054,down,054_down,3,4,96,bicjpeg85,32.605243,0.839387,29.942696,0.939773,4,0.094561,31.249066,39.058586,29.796384,0.789781,0.261692,0.305308,11.547,cuda
rrdb_psnr,ami,054,front,054_front,3,4,96,bicjpeg85,32.771518,0.835797,29.922945,0.942579,4,0.085327,31.566972,38.506875,30.581345,0.776313,0.285262,0.299593,11.543,cuda
rrdb_psnr,ami,054,left,054_left,3,4,96,bicjpeg85,33.38205,0.844644,30.635431,0.945997,4,0.074834,32.629981,38.822748,31.102032,0.808442,0.29244,0.289147,11.542,cuda
rrdb_psnr,ami,054,right,054_right,3,4,96,bicjpeg85,32.327818,0.827625,29.572531,0.938958,4,0.086405,30.739081,38.497654,29.381531,0.754762,0.256085,0.286681,11.545,cuda
rrdb_psnr,ami,054,up,054_up,3,4,96,bicjpeg85,31.834914,0.819976,28.83034,0.934783,4,0.082723,30.766402,38.116306,29.80737,0.754419,0.280246,0.305449,11.545,cuda
rrdb_psnr,ami,054,zoom,054_zoom,3,4,96,bicjpeg85,33.063135,0.849475,30.001684,0.945022,4,0.081947,31.588266,38.90727,31.252319,0.798175,0.210618,0.265379,11.543,cuda
rrdb_psnr,ami,055,back,055_back,2,4,96,bicjpeg85,32.673655,0.824569,30.06241,0.938915,4,0.089366,31.338655,39.475594,30.077975,0.737464,0.238962,0.266431,11.547,cuda
rrdb_psnr,ami,055,down,055_down,2,4,96,bicjpeg85,32.958767,0.838491,30.305389,0.943085,4,0.077921,31.576746,38.810879,29.584403,0.7584,0.226671,0.321499,11.535,cuda
rrdb_psnr,ami,055,front,055_front,2,4,96,bicjpeg85,32.802276,0.841776,30.074134,0.942516,4,0.087183,31.231768,39.214108,30.166972,0.734242,0.186209,0.280413,11.542,cuda
rrdb_psnr,ami,055,left,055_left,2,4,96,bicjpeg85,33.518405,0.850801,30.595328,0.947437,4,0.074535,31.748408,39.961706,30.420137,0.757528,0.214348,0.276141,11.531,cuda
rrdb_psnr,ami,055,right,055_right,2,4,96,bicjpeg85,32.502631,0.838835,29.616678,0.940928,4,0.086318,30.57197,39.270281,30.006005,0.743241,0.251655,0.2818,11.54,cuda
rrdb_psnr,ami,055,up,055_up,2,4,96,bicjpeg85,33.185053,0.852125,30.337528,0.947545,4,0.073127,31.650609,39.506684,30.502992,0.764123,0.238702,0.310726,11.546,cuda
rrdb_psnr,ami,055,zoom,055_zoom,2,4,96,bicjpeg85,33.273763,0.862954,30.16151,0.948789,4,0.076438,31.458692,39.190938,31.339326,0.758239,0.205721,0.269762,11.531,cuda
rrdb_psnr,ami,056,back,056_back,4,4,96,bicjpeg85,31.628492,0.809067,29.130495,0.93283,4,0.094743,29.744317,38.055638,29.330921,0.738813,0.280317,0.314562,11.541,cuda
rrdb_psnr,ami,056,down,056_down,4,4,96,bicjpeg85,32.377107,0.831217,29.750691,0.945509,4,0.076952,31.019056,39.133363,29.518759,0.784442,0.213488,0.290977,11.538,cuda
rrdb_psnr,ami,056,front,056_front,4,4,96,bicjpeg85,32.13591,0.831569,29.595434,0.942263,4,0.079305,30.874197,38.668186,29.869646,0.815761,0.240182,0.292186,11.555,cuda
rrdb_psnr,ami,056,left,056_left,4,4,96,bicjpeg85,32.947094,0.849484,30.168928,0.943735,4,0.07273,31.552215,38.97342,29.224903,0.732256,0.253756,0.300898,11.542,cuda
rrdb_psnr,ami,056,right,056_right,4,4,96,bicjpeg85,31.624469,0.832706,28.871907,0.937171,4,0.090711,29.589159,38.381339,28.971935,0.721966,0.197576,0.278295,11.547,cuda
rrdb_psnr,ami,056,up,056_up,4,4,96,bicjpeg85,31.174101,0.812044,28.86541,0.935737,4,0.09137,29.394176,37.871514,28.829382,0.726468,0.265371,0.290587,11.548,cuda
rrdb_psnr,ami,056,zoom,056_zoom,4,4,96,bicjpeg85,33.094584,0.8574,30.217796,0.950296,4,0.075047,31.827169,38.79055,31.661716,0.839165,0.174499,0.252233,11.545,cuda
rrdb_psnr,ami,057,back,057_back,5,4,96,bicjpeg85,31.917201,0.829465,29.470332,0.94455,4,0.084468,30.428919,38.011479,31.706538,0.799764,0.281819,0.293945,11.53,cuda
rrdb_psnr,ami,057,down,057_down,5,4,96,bicjpeg85,33.386475,0.860295,30.712233,0.957309,4,0.072933,32.194102,39.224932,32.036142,0.847063,0.272251,0.284617,11.55,cuda
rrdb_psnr,ami,057,front,057_front,5,4,96,bicjpeg85,32.506992,0.83836,29.945373,0.949372,4,0.079398,31.206585,38.748967,31.11595,0.8005,0.302941,0.335702,11.543,cuda
rrdb_psnr,ami,057,left,057_left,5,4,96,bicjpeg85,33.383515,0.858946,30.69798,0.956437,4,0.071919,32.116521,38.991547,31.688941,0.830272,0.264245,0.301846,11.544,cuda
rrdb_psnr,ami,057,right,057_right,5,4,96,bicjpeg85,32.913362,0.852529,30.251169,0.947059,4,0.078547,31.552468,38.769474,31.850826,0.823099,0.254359,0.292094,11.54,cuda
rrdb_psnr,ami,057,up,057_up,5,4,96,bicjpeg85,30.977082,0.810472,28.727293,0.937357,4,0.090709,29.171345,37.786922,31.011265,0.786451,0.273622,0.266396,11.542,cuda
rrdb_psnr,ami,057,zoom,057_zoom,5,4,96,bicjpeg85,33.040807,0.864615,30.243093,0.954345,4,0.079119,31.525251,38.749508,33.051292,0.858279,0.195261,0.263101,11.541,cuda
rrdb_psnr,ami,058,back,058_back,5,4,96,bicjpeg85,33.356557,0.859814,30.31967,0.95271,4,0.069165,32.12495,39.171138,30.167425,0.778985,0.193705,0.257871,11.543,cuda
rrdb_psnr,ami,058,down,058_down,5,4,96,bicjpeg85,32.778546,0.85792,30.152254,0.951494,4,0.073536,31.617286,38.919833,30.551399,0.800835,0.279353,0.30329,11.542,cuda
rrdb_psnr,ami,058,front,058_front,5,4,96,bicjpeg85,32.343718,0.833609,29.744604,0.94272,4,0.08625,30.967901,39.177881,29.982595,0.740529,0.280442,0.309731,11.525,cuda
rrdb_psnr,ami,058,left,058_left,5,4,96,bicjpeg85,33.606017,0.872666,30.731932,0.950786,4,0.070846,32.604564,39.349178,30.459284,0.769118,0.20404,0.278959,11.55,cuda
rrdb_psnr,ami,058,right,058_right,5,4,96,bicjpeg85,32.886735,0.838721,29.828636,0.944622,4,0.07951,31.514074,38.890411,30.312378,0.772987,0.220956,0.268227,11.549,cuda
rrdb_psnr,ami,058,up,058_up,5,4,96,bicjpeg85,32.415951,0.836,29.802667,0.943392,4,0.077485,31.078127,39.12671,29.692454,0.722703,0.200397,0.28707,11.54,cuda
rrdb_psnr,ami,058,zoom,058_zoom,5,4,96,bicjpeg85,33.159206,0.864621,30.301889,0.949288,4,0.074239,31.89766,38.961898,31.438172,0.799999,0.233277,0.297065,11.553,cuda
rrdb_psnr,ami,059,back,059_back,3,4,96,bicjpeg85,33.157737,0.831547,30.507522,0.934484,4,0.091237,31.507788,38.928714,31.073149,0.779005,0.218921,0.307503,11.551,cuda
rrdb_psnr,ami,059,down,059_down,3,4,96,bicjpeg85,32.596091,0.829798,30.102836,0.939382,4,0.084269,30.94513,39.380876,31.003315,0.834873,0.167065,0.29293,11.542,cuda
rrdb_psnr,ami,059,front,059_front,3,4,96,bicjpeg85,33.112291,0.839561,30.527778,0.939642,4,0.0779,31.595973,39.141745,31.007141,0.807018,0.214701,0.321201,11.538,cuda
rrdb_psnr,ami,059,left,059_left,3,4,96,bicjpeg85,34.037553,0.873821,31.174399,0.955523,4,0.072841,32.732384,39.723403,31.955797,0.827153,0.146542,0.266369,11.548,cuda
rrdb_psnr,ami,059,right,059_right,3,4,96,bicjpeg85,32.988124,0.85033,30.327044,0.947326,4,0.082205,31.580815,38.668537,31.323874,0.794007,0.21051,0.257061,11.54,cuda
rrdb_psnr,ami,059,up,059_up,3,4,96,bicjpeg85,32.678503,0.820614,30.233845,0.938722,4,0.081617,31.114379,38.918364,31.373833,0.79564,0.259983,0.309075,11.545,cuda
rrdb_psnr,ami,059,zoom,059_zoom,3,4,96,bicjpeg85,33.613182,0.858428,30.867926,0.951232,4,0.079088,32.224694,38.749188,32.780057,0.839264,0.215089,0.308095,11.546,cuda
rrdb_psnr,ami,061,back,061_back,2,4,96,bicjpeg85,34.116931,0.859559,31.174591,0.950894,4,0.068271,33.063502,39.832597,31.766094,0.80069,0.216061,0.26028,11.543,cuda
rrdb_psnr,ami,061,down,061_down,2,4,96,bicjpeg85,33.131222,0.837727,30.529081,0.940244,4,0.080632,32.188668,39.194574,30.139592,0.820626,0.264607,0.292142,11.534,cuda
rrdb_psnr,ami,061,front,061_front,2,4,96,bicjpeg85,33.899159,0.854347,31.061676,0.9502,4,0.068624,32.664584,40.019132,30.991591,0.772191,0.243946,0.293902,11.534,cuda
rrdb_psnr,ami,061,left,061_left,2,4,96,bicjpeg85,33.662523,0.853714,30.982821,0.942511,4,0.070961,32.805744,39.610384,29.897013,0.746502,0.275995,0.290444,11.54,cuda
rrdb_psnr,ami,061,right,061_right,2,4,96,bicjpeg85,33.382047,0.843812,30.454728,0.939044,4,0.085302,32.192293,39.123333,30.318189,0.762025,0.269602,0.268833,11.544,cuda
rrdb_psnr,ami,061,up,061_up,2,4,96,bicjpeg85,33.29712,0.83826,30.620205,0.943983,4,0.076826,31.868755,39.397057,30.906892,0.788421,0.272661,0.297159,11.548,cuda
rrdb_psnr,ami,061,zoom,061_zoom,2,4,96,bicjpeg85,33.685347,0.861304,30.861571,0.946705,4,0.068784,32.406855,39.556483,31.670049,0.808229,0.205855,0.298906,11.541,cuda
rrdb_psnr,ami,062,back,062_back,3,4,96,bicjpeg85,32.636748,0.834593,30.395075,0.942278,4,0.076913,31.507987,38.597815,31.948176,0.805896,0.302517,0.292282,11.542,cuda
rrdb_psnr,ami,062,down,062_down,3,4,96,bicjpeg85,33.551917,0.860301,31.010546,0.956954,4,0.07016,32.796999,39.231259,32.028116,0.809224,0.275669,0.313635,11.541,cuda
rrdb_psnr,ami,062,front,062_front,3,4,96,bicjpeg85,32.954528,0.844623,30.517447,0.948105,4,0.075157,32.30569,38.538215,31.665726,0.775666,0.278405,0.309611,11.546,cuda
rrdb_psnr,ami,062,left,062_left,3,4,96,bicjpeg85,34.26759,0.872516,31.697016,0.960675,4,0.067551,33.811812,39.762319,33.076411,0.809876,0.267751,0.275607,11.544,cuda
rrdb_psnr,ami,062,right,062_right,3,4,96,bicjpeg85,33.037999,0.832849,30.336281,0.937723,4,0.075747,32.118861,38.629866,31.448431,0.780825,0.307183,0.317378,11.544,cuda
rrdb_psnr,ami,062,up,062_up,3,4,96,bicjpeg85,31.456447,0.833517,29.247819,0.947511,4,0.087706,29.976353,38.7052,31.953251,0.808145,0.292001,0.297549,11.541,cuda
rrdb_psnr,ami,062,zoom,062_zoom,3,4,96,bicjpeg85,33.94892,0.869103,31.319146,0.952863,4,0.066525,33.538006,39.208737,32.35362,0.802327,0.253878,0.301528,11.537,cuda
rrdb_psnr,ami,063,back,063_back,4,4,96,bicjpeg85,33.818213,0.85869,31.046982,0.950656,4,0.073997,32.409303,39.434593,31.326971,0.801549,0.231734,0.26243,11.545,cuda
rrdb_psnr,ami,063,down,063_down,4,4,96,bicjpeg85,33.250035,0.853822,30.69414,0.945513,4,0.072953,31.758128,39.158965,30.831122,0.804611,0.254453,0.32739,11.54,cuda
rrdb_psnr,ami,063,front,063_front,4,4,96,bicjpeg85,33.677481,0.85227,31.026509,0.942839,4,0.075818,32.238829,39.584337,31.000123,0.824718,0.262671,0.315893,11.53,cuda
rrdb_psnr,ami,063,left,063_left,4,4,96,bicjpeg85,34.540523,0.869485,31.621116,0.950578,4,0.061701,33.57109,40.107252,31.458981,0.787755,0.230986,0.324511,11.538,cuda
rrdb_psnr,ami,063,right,063_right,4,4,96,bicjpeg85,33.263375,0.842889,30.57954,0.943866,4,0.075292,31.849314,39.392918,30.847838,0.80858,0.313179,0.312368,11.544,cuda
rrdb_psnr,ami,063,up,063_up,4,4,96,bicjpeg85,33.065033,0.8289,30.550416,0.938144,4,0.084957,32.240897,38.687665,31.032977,0.779596,0.290502,0.295605,11.54,cuda
rrdb_psnr,ami,063,zoom,063_zoom,4,4,96,bicjpeg85,34.140605,0.874308,31.309295,0.949202,4,0.06884,32.983802,39.181345,33.210803,0.854815,0.27414,0.311576,11.546,cuda
rrdb_psnr,ami,064,back,064_back,5,4,96,bicjpeg85,32.881144,0.829874,30.216366,0.942301,4,0.077737,31.931845,38.909069,29.989935,0.765849,0.243938,0.305821,11.536,cuda
rrdb_psnr,ami,064,down,064_down,5,4,96,bicjpeg85,32.319263,0.813681,29.926064,0.938583,4,0.080582,30.964527,38.958999,29.019828,0.759711,0.288597,0.27299,11.536,cuda
rrdb_psnr,ami,064,front,064_front,5,4,96,bicjpeg85,33.194124,0.831172,30.596221,0.942732,4,0.079105,32.192308,39.576084,30.460519,0.78606,0.203532,0.264855,11.547,cuda
rrdb_psnr,ami,064,left,064_left,5,4,96,bicjpeg85,33.278108,0.841467,30.655825,0.947227,4,0.075247,32.160038,39.61887,29.861243,0.768149,0.238886,0.28019,11.539,cuda
rrdb_psnr,ami,064,right,064_right,5,4,96,bicjpeg85,33.610294,0.851134,30.666596,0.954213,4,0.071149,32.491019,39.859555,30.793072,0.806445,0.220499,0.280634,11.54,cuda
rrdb_psnr,ami,064,up,064_up,5,4,96,bicjpeg85,32.654412,0.821999,30.058831,0.939653,4,0.084704,31.664484,38.813301,29.805076,0.777892,0.257992,0.274414,11.54,cuda
rrdb_psnr,ami,064,zoom,064_zoom,5,4,96,bicjpeg85,33.082558,0.834027,30.461638,0.942586,4,0.083384,31.929587,39.060499,31.233446,0.816581,0.225692,0.279208,11.552,cuda
rrdb_psnr,ami,065,back,065_back,3,4,96,bicjpeg85,32.224406,0.813613,29.795984,0.933208,4,0.087027,30.468884,38.461758,30.752177,0.776319,0.269103,0.288112,11.532,cuda
rrdb_psnr,ami,065,down,065_down,3,4,96,bicjpeg85,33.925845,0.872924,31.203079,0.9582,4,0.067848,32.66235,39.827409,32.009504,0.873905,0.274199,0.302966,11.546,cuda
rrdb_psnr,ami,065,front,065_front,3,4,96,bicjpeg85,33.670045,0.864066,30.853781,0.955046,4,0.071895,32.28166,39.324804,33.008591,0.862292,0.260082,0.276614,11.544,cuda
rrdb_psnr,ami,065,left,065_left,3,4,96,bicjpeg85,34.928663,0.884274,32.038449,0.958122,4,0.063689,33.707361,40.50582,32.660761,0.837396,0.266113,0.312395,11.547,cuda
rrdb_psnr,ami,065,right,065_right,3,4,96,bicjpeg85,32.889286,0.839384,30.178387,0.941045,4,0.080386,31.336001,38.933953,31.509271,0.805813,0.27135,0.285173,11.557,cuda
rrdb_psnr,ami,065,up,065_up,3,4,96,bicjpeg85,32.67759,0.837225,30.258123,0.945418,4,0.077262,31.343582,38.342749,31.937333,0.831624,0.270766,0.279651,11.548,cuda
rrdb_psnr,ami,065,zoom,065_zoom,3,4,96,bicjpeg85,34.377073,0.874264,31.459747,0.9537,4,0.069056,33.289817,39.359948,33.878948,0.853469,0.212043,0.279227,11.554,cuda
rrdb_psnr,ami,066,back,066_back,4,4,96,bicjpeg85,33.271257,0.847394,30.380479,0.945998,4,0.078939,31.984073,39.119476,32.082362,0.817265,0.216224,0.285075,11.536,cuda
rrdb_psnr,ami,066,down,066_down,4,4,96,bicjpeg85,33.515116,0.847826,30.907719,0.944289,4,0.079002,32.552697,39.030726,31.473382,0.795942,0.211287,0.287652,11.545,cuda
rrdb_psnr,ami,066,front,066_front,4,4,96,bicjpeg85,33.416776,0.840436,30.809844,0.94096,4,0.076334,32.380855,39.237613,31.022222,0.760712,0.217604,0.280953,11.541,cuda
rrdb_psnr,ami,066,left,066_left,4,4,96,bicjpeg85,33.979778,0.865775,31.499667,0.950394,4,0.069387,33.134468,39.312994,31.438891,0.835151,0.232727,0.296818,11.543,cuda
rrdb_psnr,ami,066,right,066_right,4,4,96,bicjpeg85,33.001797,0.835958,30.146886,0.939942,4,0.085126,31.30415,39.000753,31.976092,0.826371,0.246218,0.283552,11.547,cuda
rrdb_psnr,ami,066,up,066_up,4,4,96,bicjpeg85,32.917194,0.824452,30.206599,0.936809,4,0.082608,31.776246,38.653798,31.009109,0.789225,0.269446,0.297394,11.556,cuda
rrdb_psnr,ami,066,zoom,066_zoom,4,4,96,bicjpeg85,33.630281,0.855763,31.032727,0.945252,4,0.079328,32.606649,38.879301,33.502801,0.852887,0.263884,0.29857,11.544,cuda
rrdb_psnr,ami,067,back,067_back,2,4,96,bicjpeg85,33.483033,0.835847,30.808163,0.944896,4,0.070311,32.386358,39.408691,31.255276,0.79926,0.277473,0.303961,11.535,cuda
rrdb_psnr,ami,067,down,067_down,2,4,96,bicjpeg85,33.347015,0.832036,30.80689,0.939237,4,0.079047,32.550294,39.18258,31.508636,0.777445,0.295466,0.305615,11.522,cuda
rrdb_psnr,ami,067,front,067_front,2,4,96,bicjpeg85,32.889859,0.818066,30.361836,0.936874,4,0.081675,31.920092,38.805426,30.975766,0.775311,0.248233,0.318492,11.546,cuda
rrdb_psnr,ami,067,left,067_left,2,4,96,bicjpeg85,33.683019,0.842339,31.21108,0.946301,4,0.070467,32.741455,39.723372,31.466736,0.793247,0.288229,0.314479,11.555,cuda
rrdb_psnr,ami,067,right,067_right,2,4,96,bicjpeg85,33.192421,0.845736,30.317073,0.948157,4,0.071117,32.042107,39.266912,30.527303,0.804923,0.288435,0.295447,11.545,cuda
rrdb_psnr,ami,067,up,067_up,2,4,96,bicjpeg85,33.049267,0.817846,30.603251,0.935011,4,0.078356,32.406447,38.888302,31.419311,0.786492,0.272982,0.301623,11.538,cuda
rrdb_psnr,ami,067,zoom,067_zoom,2,4,96,bicjpeg85,33.240566,0.827547,30.597457,0.934152,4,0.081051,32.232185,38.804439,31.828007,0.793084,0.246296,0.285383,11.541,cuda
rrdb_psnr,ami,068,back,068_back,2,4,96,bicjpeg85,32.336819,0.806019,29.800101,0.941615,4,0.078714,31.059717,38.980412,30.864391,0.801537,0.240715,0.313664,11.547,cuda
rrdb_psnr,ami,068,down,068_down,2,4,96,bicjpeg85,32.855849,0.849812,30.240701,0.951191,4,0.07297,31.525847,39.202559,30.69898,0.824804,0.22376,0.29534,11.544,cuda
rrdb_psnr,ami,068,front,068_front,2,4,96,bicjpeg85,32.681861,0.836043,30.047988,0.94601,4,0.075166,31.466467,38.500882,31.398058,0.825758,0.263659,0.30052,11.543,cuda
rrdb_psnr,ami,068,left,068_left,2,4,96,bicjpeg85,33.415962,0.85553,30.710185,0.951906,4,0.070523,32.444061,39.031198,31.017881,0.808779,0.248306,0.309532,11.532,cuda
rrdb_psnr,ami,068,right,068_right,2,4,96,bicjpeg85,32.335987,0.829374,29.668997,0.944228,4,0.083044,30.693598,38.429978,31.14819,0.825395,0.247896,0.292562,11.534,cuda
rrdb_psnr,ami,068,up,068_up,2,4,96,bicjpeg85,32.345836,0.831118,29.789969,0.946683,4,0.079288,31.536913,38.311949,30.622558,0.820644,0.25767,0.300503,11.543,cuda
rrdb_psnr,ami,068,zoom,068_zoom,2,4,96,bicjpeg85,33.407565,0.86182,30.554906,0.953187,4,0.071227,32.44293,38.681269,32.869654,0.857236,0.250888,0.308327,11.541,cuda
rrdb_psnr,ami,069,back,069_back,4,4,96,bicjpeg85,32.095831,0.813047,29.288951,0.942245,4,0.081556,30.598592,38.16442,30.301014,0.780368,0.293615,0.311704,11.542,cuda
rrdb_psnr,ami,069,down,069_down,4,4,96,bicjpeg85,31.884468,0.828095,29.572776,0.948739,4,0.084593,30.464674,38.075014,30.320525,0.810958,0.276319,0.28978,11.543,cuda
rrdb_psnr,ami,069,front,069_front,4,4,96,bicjpeg85,31.892273,0.826422,29.637179,0.948268,4,0.082714,30.217926,38.391155,30.60667,0.818372,0.298042,0.295281,11.537,cuda
rrdb_psnr,ami,069,left,069_left,4,4,96,bicjpeg85,32.871994,0.853376,30.527142,0.954496,4,0.07027,31.444509,39.28013,30.765311,0.812184,0.254051,0.297289,11.573,cuda
rrdb_psnr,ami,069,right,069_right,4,4,96,bicjpeg85,32.247133,0.846788,29.878998,0.953058,4,0.077761,30.17309,38.799547,29.894346,0.806505,0.220522,0.267927,11.546,cuda
rrdb_psnr,ami,069,up,069_up,4,4,96,bicjpeg85,32.127343,0.828702,29.778953,0.948804,4,0.078323,30.765109,38.279206,30.247728,0.781539,0.278413,0.32432,11.55,cuda
rrdb_psnr,ami,069,zoom,069_zoom,4,4,96,bicjpeg85,32.296923,0.839388,29.815544,0.954747,4,0.073925,30.776138,38.262878,31.725457,0.828798,0.325434,0.315279,11.547,cuda
rrdb_psnr,ami,070,back,070_back,3,4,96,bicjpeg85,32.477612,0.827551,29.56259,0.939525,4,0.083483,31.237124,38.526173,31.504503,0.775045,0.261581,0.255154,11.542,cuda
rrdb_psnr,ami,070,down,070_down,3,4,96,bicjpeg85,32.027563,0.833995,29.417299,0.948837,4,0.080992,30.709363,38.602167,31.149189,0.818854,0.271838,0.28765,11.535,cuda
rrdb_psnr,ami,070,front,070_front,3,4,96,bicjpeg85,32.63793,0.836033,29.850528,0.946326,4,0.078071,31.40571,38.80768,31.644959,0.811816,0.251703,0.290482,11.546,cuda
rrdb_psnr,ami,070,left,070_left,3,4,96,bicjpeg85,33.341902,0.849546,30.599038,0.948462,4,0.076402,32.16988,39.613834,32.174433,0.822174,0.27917,0.293384,11.543,cuda
rrdb_psnr,ami,070,right,070_right,3,4,96,bicjpeg85,31.986145,0.803017,29.239928,0.927481,4,0.09009,30.307307,38.169841,30.751364,0.755334,0.21721,0.264123,11.542,cuda
rrdb_psnr,ami,070,up,070_up,3,4,96,bicjpeg85,32.049797,0.808901,29.424781,0.935975,4,0.083521,30.464319,38.437568,31.483756,0.779263,0.311685,0.277497,11.545,cuda
rrdb_psnr,ami,070,zoom,070_zoom,3,4,96,bicjpeg85,32.523255,0.842618,29.699174,0.944008,4,0.081512,30.736783,38.316625,33.161066,0.860273,0.231979,0.257856,11.55,cuda
rrdb_psnr,ami,071,back,071_back,2,4,96,bicjpeg85,32.28055,0.824524,29.904828,0.942064,4,0.082847,30.706626,38.454257,30.497477,0.795011,0.289202,0.293166,11.542,cuda
rrdb_psnr,ami,071,down,071_down,2,4,96,bicjpeg85,31.65342,0.818099,29.204605,0.937466,4,0.080267,30.44684,38.062537,30.826346,0.824029,0.259236,0.291967,11.543,cuda
rrdb_psnr,ami,071,front,071_front,2,4,96,bicjpeg85,31.645123,0.827695,29.094174,0.944627,4,0.085424,30.17024,38.328858,30.668839,0.801257,0.250986,0.287962,11.537,cuda
rrdb_psnr,ami,071,left,071_left,2,4,96,bicjpeg85,32.104487,0.84069,29.721136,0.944291,4,0.075952,30.757976,38.41166,30.388525,0.812196,0.302394,0.29617,11.547,cuda
rrdb_psnr,ami,071,right,071_right,2,4,96,bicjpeg85,32.202504,0.820976,29.364202,0.941131,4,0.080331,30.860034,38.460736,30.288918,0.771468,0.262995,0.261986,11.539,cuda
rrdb_psnr,ami,071,up,071_up,2,4,96,bicjpeg85,31.190206,0.799511,28.693691,0.93671,4,0.088361,29.836538,37.851203,30.418921,0.770635,0.295664,0.280703,11.531,cuda
rrdb_psnr,ami,071,zoom,071_zoom,2,4,96,bicjpeg85,32.328119,0.842122,29.56783,0.945129,4,0.078275,31.030409,38.356901,31.741138,0.812386,0.271007,0.259517,11.552,cuda
rrdb_psnr,ami,072,back,072_back,1,4,96,bicjpeg85,33.722673,0.853006,30.811836,0.94609,4,0.07442,32.591431,39.085363,31.106182,0.799266,0.238992,0.28366,11.55,cuda
rrdb_psnr,ami,072,down,072_down,1,4,96,bicjpeg85,33.863661,0.86916,31.074258,0.948104,4,0.070206,32.585913,39.571793,30.324259,0.805272,0.200793,0.281397,11.543,cuda
rrdb_psnr,ami,072,front,072_front,1,4,96,bicjpeg85,34.04955,0.86005,31.065522,0.942563,4,0.073866,33.081357,39.344386,30.905125,0.809579,0.248178,0.297547,11.545,cuda
rrdb_psnr,ami,072,left,072_left,1,4,96,bicjpeg85,34.51878,0.865958,31.588175,0.945382,4,0.068248,33.922341,39.766796,31.425541,0.777132,0.317716,0.294508,11.549,cuda
rrdb_psnr,ami,072,right,072_right,1,4,96,bicjpeg85,34.358722,0.873319,31.249629,0.950019,4,0.070752,33.237114,39.479237,31.25588,0.794251,0.228577,0.247049,11.555,cuda
rrdb_psnr,ami,072,up,072_up,1,4,96,bicjpeg85,33.988026,0.865601,30.904524,0.948333,4,0.076237,32.781604,39.792143,31.192298,0.783772,0.256382,0.277122,11.563,cuda
rrdb_psnr,ami,072,zoom,072_zoom,1,4,96,bicjpeg85,35.16285,0.888662,31.784705,0.951913,4,0.063098,34.433255,39.731162,33.111636,0.829992,0.224361,0.27153,11.542,cuda
rrdb_psnr,ami,073,back,073_back,1,4,96,bicjpeg85,33.267347,0.853005,30.368513,0.946114,4,0.077527,31.966755,38.799359,30.522306,0.762292,0.311552,0.294615,11.548,cuda
rrdb_psnr,ami,073,down,073_down,1,4,96,bicjpeg85,33.772442,0.878,31.020637,0.956842,4,0.069542,32.6495,39.739074,30.992983,0.832552,0.191065,0.285244,11.533,cuda
rrdb_psnr,ami,073,front,073_front,1,4,96,bicjpeg85,33.526664,0.860721,30.719395,0.950024,4,0.07244,32.355332,39.531642,30.831821,0.796083,0.238959,0.302531,11.55,cuda
rrdb_psnr,ami,073,left,073_left,1,4,96,bicjpeg85,34.203373,0.872438,31.431138,0.954277,4,0.065261,33.343639,40.227476,30.626675,0.779904,0.230522,0.26632,11.546,cuda
rrdb_psnr,ami,073,right,073_right,1,4,96,bicjpeg85,33.230855,0.85579,30.36254,0.94563,4,0.079342,31.348783,39.506264,30.917,0.763257,0.250239,0.302091,11.538,cuda
rrdb_psnr,ami,073,up,073_up,1,4,96,bicjpeg85,33.260912,0.854756,30.518755,0.951577,4,0.068902,32.181423,39.4917,30.63945,0.765633,0.305757,0.287529,11.524,cuda
rrdb_psnr,ami,073,zoom,073_zoom,1,4,96,bicjpeg85,34.781026,0.884521,31.671328,0.957745,4,0.066191,33.775479,40.051937,32.394836,0.819051,0.200502,0.271786,11.539,cuda
rrdb_psnr,ami,074,back,074_back,1,4,96,bicjpeg85,33.252269,0.827936,30.74144,0.937275,4,0.074839,32.183756,39.251748,30.504651,0.752234,0.297154,0.305599,11.538,cuda
rrdb_psnr,ami,074,down,074_down,1,4,96,bicjpeg85,33.224561,0.83395,30.690744,0.936405,4,0.079001,32.08719,39.447582,30.476759,0.770435,0.297404,0.30637,11.548,cuda
rrdb_psnr,ami,074,front,074_front,1,4,96,bicjpeg85,33.194358,0.830498,30.557294,0.939094,4,0.073915,32.096979,39.296149,30.83261,0.776974,0.269498,0.297031,11.543,cuda
rrdb_psnr,ami,074,left,074_left,1,4,96,bicjpeg85,33.650821,0.842363,30.945633,0.939569,4,0.078532,32.860308,39.396009,31.679504,0.765078,0.265173,0.326804,11.547,cuda
rrdb_psnr,ami,074,right,074_right,1,4,96,bicjpeg85,32.729975,0.837513,29.817481,0.938857,4,0.083356,31.517855,38.759031,30.4669,0.748183,0.288389,0.298801,11.532,cuda
rrdb_psnr,ami,074,up,074_up,1,4,96,bicjpeg85,32.928832,0.819079,30.380101,0.932626,4,0.08086,31.722391,38.894391,30.538716,0.73675,0.281487,0.300779,11.549,cuda
rrdb_psnr,ami,074,zoom,074_zoom,1,4,96,bicjpeg85,33.608003,0.849411,30.995452,0.94019,4,0.078115,32.646702,38.801368,31.406551,0.788887,0.304155,0.325862,11.547,cuda
rrdb_psnr,ami,075,back,075_back,3,4,96,bicjpeg85,32.48253,0.810604,29.488959,0.932166,4,0.087963,31.660222,38.45792,31.124299,0.765163,0.29148,0.269147,11.545,cuda
rrdb_psnr,ami,075,down,075_down,3,4,96,bicjpeg85,32.270689,0.82309,29.322546,0.944798,4,0.079845,30.958044,39.062629,31.145922,0.815902,0.328392,0.328505,11.538,cuda
rrdb_psnr,ami,075,front,075_front,3,4,96,bicjpeg85,31.918602,0.808869,29.037085,0.940709,4,0.081609,30.420894,38.773148,32.174712,0.812227,0.305593,0.313866,11.541,cuda
rrdb_psnr,ami,075,left,075_left,3,4,96,bicjpeg85,32.796031,0.835229,30.075368,0.947732,4,0.07491,31.105725,39.67805,32.067003,0.795932,0.305412,0.334747,11.554,cuda
rrdb_psnr,ami,075,right,075_right,3,4,96,bicjpeg85,33.289918,0.838527,29.928856,0.947741,4,0.08222,32.200341,38.980218,32.164336,0.816351,0.272773,0.3028,11.544,cuda
rrdb_psnr,ami,075,up,075_up,3,4,96,bicjpeg85,31.593329,0.79014,28.765249,0.932882,4,0.082307,30.420846,38.310402,32.118969,0.797099,0.297438,0.290091,11.539,cuda
rrdb_psnr,ami,075,zoom,075_zoom,3,4,96,bicjpeg85,32.90479,0.848678,29.596266,0.949475,4,0.07935,31.621929,38.923042,33.363317,0.841428,0.287847,0.288797,11.542,cuda
rrdb_psnr,ami,076,back,076_back,5,4,96,bicjpeg85,33.277024,0.840067,29.977186,0.941571,4,0.088098,31.709589,39.04038,30.976436,0.827547,0.232688,0.26451,11.552,cuda
rrdb_psnr,ami,076,down,076_down,5,4,96,bicjpeg85,32.81515,0.835514,29.884118,0.94374,4,0.085629,32.141422,38.984691,31.371716,0.848988,0.289239,0.284681,11.542,cuda
rrdb_psnr,ami,076,front,076_front,5,4,96,bicjpeg85,32.930658,0.832215,30.005682,0.942355,4,0.088439,31.846622,38.748041,31.746634,0.838768,0.245282,0.273638,11.542,cuda
rrdb_psnr,ami,076,left,076_left,5,4,96,bicjpeg85,33.481692,0.850151,30.281601,0.945719,4,0.076535,32.72257,39.045183,31.514765,0.831404,0.281889,0.296896,11.54,cuda
rrdb_psnr,ami,076,right,076_right,5,4,96,bicjpeg85,32.300193,0.832,29.513802,0.939888,4,0.082249,30.566864,38.723496,30.809651,0.846505,0.266502,0.264666,11.534,cuda
rrdb_psnr,ami,076,up,076_up,5,4,96,bicjpeg85,32.582616,0.825701,29.745601,0.937726,4,0.082421,31.181497,38.28451,31.478378,0.835102,0.273143,0.281415,11.552,cuda
rrdb_psnr,ami,076,zoom,076_zoom,5,4,96,bicjpeg85,34.023818,0.876323,30.465044,0.955505,4,0.071353,32.967268,39.18387,34.816886,0.890103,0.202523,0.28131,11.542,cuda
rrdb_psnr,ami,077,back,077_back,2,4,96,bicjpeg85,33.883988,0.847136,31.257986,0.947533,4,0.073562,32.444271,39.756972,31.147704,0.808611,0.22565,0.319867,11.533,cuda
rrdb_psnr,ami,077,down,077_down,2,4,96,bicjpeg85,32.693086,0.818864,30.470576,0.939129,4,0.073879,30.747814,39.513966,29.918411,0.781748,0.240801,0.336139,11.54,cuda
rrdb_psnr,ami,077,front,077_front,2,4,96,bicjpeg85,33.004733,0.818239,30.657637,0.935503,4,0.078481,32.037984,38.723228,29.737647,0.751369,0.278834,0.325741,11.535,cuda
rrdb_psnr,ami,077,left,077_left,2,4,96,bicjpeg85,33.477027,0.835979,31.151995,0.945566,4,0.074689,32.52716,39.206774,31.415108,0.802425,0.253794,0.334144,11.544,cuda
rrdb_psnr,ami,077,right,077_right,2,4,96,bicjpeg85,34.114022,0.868196,31.105519,0.954356,4,0.066976,32.753518,39.619063,31.071027,0.810439,0.229026,0.34416,11.532,cuda
rrdb_psnr,ami,077,up,077_up,2,4,96,bicjpeg85,33.490252,0.83003,30.995032,0.940371,4,0.072162,32.4969,39.212073,30.600603,0.761371,0.23535,0.325162,11.533,cuda
rrdb_psnr,ami,077,zoom,077_zoom,2,4,96,bicjpeg85,33.708592,0.850797,31.03803,0.946617,4,0.076854,32.281308,39.254587,31.917505,0.808168,0.199522,0.315605,11.543,cuda
rrdb_psnr,ami,078,back,078_back,2,4,96,bicjpeg85,33.299933,0.839322,30.551168,0.941546,4,0.074007,32.144887,39.231233,30.854885,0.761356,0.270113,0.319133,11.542,cuda
rrdb_psnr,ami,078,down,078_down,2,4,96,bicjpeg85,32.678278,0.81381,30.354737,0.930356,4,0.088265,31.59914,38.804368,29.940743,0.772572,0.293081,0.292598,11.536,cuda
rrdb_psnr,ami,078,front,078_front,2,4,96,bicjpeg85,33.047524,0.827707,30.610333,0.933472,4,0.078732,32.159371,38.798383,31.065866,0.801391,0.245547,0.314138,11.531,cuda
rrdb_psnr,ami,078,left,078_left,2,4,96,bicjpeg85,32.986282,0.833332,30.540166,0.940719,4,0.078414,31.933175,38.85087,30.617049,0.796361,0.253118,0.314263,11.549,cuda
rrdb_psnr,ami,078,right,078_right,2,4,96,bicjpeg85,32.697202,0.828399,30.001356,0.936353,4,0.0801,31.640905,38.489573,30.789091,0.796466,0.205219,0.272863,11.537,cuda
rrdb_psnr,ami,078,up,078_up,2,4,96,bicjpeg85,32.702552,0.814242,30.340537,0.930667,4,0.085934,31.753714,38.521695,31.215461,0.755886,0.284913,0.320371,11.549,cuda
rrdb_psnr,ami,078,zoom,078_zoom,2,4,96,bicjpeg85,33.763649,0.853894,31.198336,0.939425,4,0.078936,32.664776,39.490819,32.209,0.830659,0.219209,0.275873,11.534,cuda
rrdb_psnr,ami,079,back,079_back,4,4,96,bicjpeg85,32.923437,0.831295,29.9151,0.937314,4,0.082677,32.082671,38.756474,30.401628,0.753369,0.312397,0.296698,11.534,cuda
rrdb_psnr,ami,079,down,079_down,4,4,96,bicjpeg85,32.957262,0.844385,30.387339,0.945963,4,0.075291,31.929457,39.389926,30.64173,0.788376,0.308682,0.264261,11.553,cuda
rrdb_psnr,ami,079,front,079_front,4,4,96,bicjpeg85,32.227779,0.814265,29.678962,0.936717,4,0.081722,31.173467,38.658102,30.846778,0.775265,0.352769,0.30161,11.544,cuda
rrdb_psnr,ami,079,left,079_left,4,4,96,bicjpeg85,33.5788,0.854409,30.790885,0.943643,4,0.068917,32.967896,39.113549,30.809968,0.766038,0.336574,0.304305,11.544,cuda
rrdb_psnr,ami,079,right,079_right,4,4,96,bicjpeg85,32.656909,0.83323,29.748583,0.940517,4,0.083066,31.505081,38.555144,30.122296,0.762741,0.274692,0.284852,11.552,cuda
rrdb_psnr,ami,079,up,079_up,4,4,96,bicjpeg85,32.357583,0.818435,29.659782,0.93842,4,0.079226,31.579413,38.61927,30.978197,0.763977,0.312439,0.290627,11.551,cuda
rrdb_psnr,ami,079,zoom,079_zoom,4,4,96,bicjpeg85,32.768793,0.825249,29.956528,0.937584,4,0.081644,31.536003,38.74692,31.896163,0.786462,0.329713,0.302359,11.543,cuda
rrdb_psnr,ami,080,back,080_back,3,4,96,bicjpeg85,33.94311,0.863339,31.472659,0.952738,4,0.071732,32.984856,40.177409,29.728617,0.748674,0.239728,0.30224,11.548,cuda
rrdb_psnr,ami,080,down,080_down,3,4,96,bicjpeg85,33.800066,0.855452,31.382126,0.945585,4,0.074403,32.381079,40.683928,29.34446,0.732372,0.232651,0.320327,11.544,cuda
rrdb_psnr,ami,080,front,080_front,3,4,96,bicjpeg85,34.340908,0.86059,31.715982,0.942593,4,0.071305,33.170615,40.039704,30.929215,0.779285,0.303866,0.345,11.538,cuda
rrdb_psnr,ami,080,left,080_left,3,4,96,bicjpeg85,34.337963,0.872392,31.824435,0.950518,4,0.062582,33.428163,40.272089,29.815585,0.726253,0.281087,0.307217,11.554,cuda
rrdb_psnr,ami,080,right,080_right,3,4,96,bicjpeg85,33.652406,0.865525,30.991447,0.948141,4,0.070174,31.86709,39.543639,30.358959,0.76079,0.210878,0.296283,11.537,cuda
rrdb_psnr,ami,080,up,080_up,3,4,96,bicjpeg85,34.150953,0.851734,31.530479,0.944872,4,0.069415,33.383671,39.624738,30.897496,0.767139,0.308915,0.319244,11.546,cuda
rrdb_psnr,ami,080,zoom,080_zoom,3,4,96,bicjpeg85,34.27242,0.857999,31.498261,0.94086,4,0.073504,33.42212,39.644739,31.046037,0.774638,0.241166,0.337549,11.541,cuda
rrdb_psnr,ami,081,back,081_back,1,4,96,bicjpeg85,34.028063,0.860017,30.750057,0.952512,4,0.067185,32.725828,40.248252,30.610267,0.777248,0.23139,0.290335,11.54,cuda
rrdb_psnr,ami,081,down,081_down,1,4,96,bicjpeg85,33.45992,0.838817,30.446105,0.94282,4,0.073014,32.130724,40.17888,29.351772,0.74491,0.275053,0.31616,11.555,cuda
rrdb_psnr,ami,081,front,081_front,1,4,96,bicjpeg85,33.017561,0.820891,30.279046,0.937504,4,0.07104,31.934639,39.595238,29.197265,0.751565,0.342449,0.330721,11.55,cuda
rrdb_psnr,ami,081,left,081_left,1,4,96,bicjpeg85,33.811678,0.836084,30.9457,0.941167,4,0.07228,33.038026,39.897094,29.801695,0.711236,0.345865,0.368877,11.55,cuda
rrdb_psnr,ami,081,right,081_right,1,4,96,bicjpeg85,34.605745,0.888029,31.420486,0.958149,4,0.060162,33.170374,40.529095,30.453436,0.802747,0.220987,0.288835,11.539,cuda
rrdb_psnr,ami,081,up,081_up,1,4,96,bicjpeg85,32.992461,0.821648,30.256745,0.939688,4,0.082249,31.77655,39.592378,30.08976,0.770653,0.346539,0.345911,11.54,cuda
rrdb_psnr,ami,081,zoom,081_zoom,1,4,96,bicjpeg85,33.53628,0.835917,30.483684,0.938088,4,0.080756,32.340592,39.411153,30.585746,0.785878,0.346645,0.329731,11.543,cuda
rrdb_psnr,ami,082,back,082_back,2,4,96,bicjpeg85,33.149264,0.843429,30.544065,0.947051,4,0.082749,31.767088,39.219947,29.971933,0.765495,0.212097,0.284887,11.529,cuda
rrdb_psnr,ami,082,down,082_down,2,4,96,bicjpeg85,32.700489,0.830078,30.05944,0.943268,4,0.080471,31.092242,38.9232,29.834879,0.802572,0.250437,0.29146,11.552,cuda
rrdb_psnr,ami,082,front,082_front,2,4,96,bicjpeg85,32.258089,0.824073,29.749432,0.939868,4,0.081856,30.744796,38.829103,28.501341,0.754916,0.259953,0.2912,11.543,cuda
rrdb_psnr,ami,082,left,082_left,2,4,96,bicjpeg85,32.463097,0.833245,29.942417,0.945833,4,0.081856,31.067356,39.22274,28.966364,0.767563,0.284922,0.326042,11.531,cuda
rrdb_psnr,ami,082,right,082_right,2,4,96,bicjpeg85,33.628297,0.855013,30.847316,0.947353,4,0.072309,32.275944,39.599033,30.667918,0.799698,0.258333,0.294511,11.536,cuda
rrdb_psnr,ami,082,up,082_up,2,4,96,bicjpeg85,33.019503,0.846362,30.25519,0.950127,4,0.076308,31.706961,39.277171,29.763027,0.794115,0.270329,0.294247,11.554,cuda
rrdb_psnr,ami,082,zoom,082_zoom,2,4,96,bicjpeg85,32.911961,0.847324,30.003646,0.952812,4,0.079455,31.167218,39.269313,31.187566,0.828921,0.238062,0.29642,11.543,cuda
rrdb_psnr,ami,083,back,083_back,4,4,96,bicjpeg85,32.952093,0.829492,30.07228,0.948088,4,0.081098,31.425431,39.564222,30.786734,0.783556,0.224104,0.297813,11.547,cuda
rrdb_psnr,ami,083,down,083_down,4,4,96,bicjpeg85,32.456851,0.806296,29.879867,0.940179,4,0.077758,30.868471,39.142942,31.108991,0.820515,0.344337,0.308104,11.534,cuda
rrdb_psnr,ami,083,front,083_front,4,4,96,bicjpeg85,32.427169,0.800926,29.85908,0.939901,4,0.084427,30.893469,38.983435,30.762023,0.794468,0.313966,0.335626,11.546,cuda
rrdb_psnr,ami,083,left,083_left,4,4,96,bicjpeg85,33.142837,0.836266,30.298509,0.948401,4,0.071002,31.427381,39.283139,30.452721,0.800534,0.334665,0.31648,11.538,cuda
rrdb_psnr,ami,083,right,083_right,4,4,96,bicjpeg85,33.239511,0.849459,30.333042,0.952965,4,0.072543,31.741788,39.540175,30.590342,0.792002,0.257635,0.291982,11.548,cuda
rrdb_psnr,ami,083,up,083_up,4,4,96,bicjpeg85,32.162259,0.796218,29.631285,0.936994,4,0.081672,30.800016,38.601418,30.189501,0.786337,0.274589,0.336507,11.538,cuda
rrdb_psnr,ami,083,zoom,083_zoom,4,4,96,bicjpeg85,33.431057,0.840134,30.465172,0.948714,4,0.071704,32.253938,39.337491,32.577574,0.827564,0.293489,0.343504,11.542,cuda
rrdb_psnr,ami,084,back,084_back,3,4,96,bicjpeg85,32.715165,0.815056,30.284814,0.935622,4,0.083457,31.130637,39.180603,30.32932,0.756504,0.242986,0.2705,11.55,cuda
rrdb_psnr,ami,084,down,084_down,3,4,96,bicjpeg85,31.976576,0.802499,29.801923,0.927331,4,0.091323,30.990935,38.521898,29.364755,0.785147,0.315502,0.315918,11.528,cuda
rrdb_psnr,ami,084,front,084_front,3,4,96,bicjpeg85,31.89418,0.798864,29.739724,0.925843,4,0.091783,31.001434,38.641558,29.123012,0.738957,0.301592,0.312368,11.544,cuda
rrdb_psnr,ami,084,left,084_left,3,4,96,bicjpeg85,32.436095,0.80814,30.323855,0.928795,4,0.08977,31.413387,39.600551,29.185959,0.703899,0.28538,0.330067,11.541,cuda
rrdb_psnr,ami,084,right,084_right,3,4,96,bicjpeg85,32.856649,0.828591,30.224927,0.941136,4,0.081516,31.680086,38.740161,30.478419,0.750994,0.236207,0.280342,11.535,cuda
rrdb_psnr,ami,084,up,084_up,3,4,96,bicjpeg85,31.773863,0.805333,29.571385,0.930972,4,0.098665,30.499568,38.411722,30.205752,0.771882,0.259495,0.297528,11.545,cuda
rrdb_psnr,ami,084,zoom,084_zoom,3,4,96,bicjpeg85,32.705451,0.833351,30.285637,0.940836,4,0.079425,31.513425,38.936459,30.743276,0.815259,0.278025,0.311393,11.54,cuda
rrdb_psnr,ami,085,back,085_back,4,4,96,bicjpeg85,34.687606,0.866616,31.493589,0.947873,4,0.061682,33.838192,40.665924,30.753205,0.714401,0.333133,0.314726,11.545,cuda
rrdb_psnr,ami,085,down,085_down,4,4,96,bicjpeg85,34.076314,0.847122,31.454119,0.943782,4,0.07488,33.106583,40.368419,30.78261,0.723283,0.316008,0.289218,11.55,cuda
rrdb_psnr,ami,085,front,085_front,4,4,96,bicjpeg85,34.366994,0.857077,31.773656,0.945908,4,0.073457,33.506297,40.168006,31.071713,0.714402,0.291709,0.289529,11.546,cuda
rrdb_psnr,ami,085,left,085_left,4,4,96,bicjpeg85,35.059494,0.869286,31.871794,0.95195,4,0.062831,33.949811,40.819342,31.735291,0.74681,0.313787,0.31726,11.543,cuda
rrdb_psnr,ami,085,right,085_right,4,4,96,bicjpeg85,33.949597,0.854147,30.796663,0.94561,4,0.072395,33.062341,39.914439,30.661064,0.77593,0.304653,0.311494,11.549,cuda
rrdb_psnr,ami,085,up,085_up,4,4,96,bicjpeg85,33.562075,0.832663,30.939605,0.934772,4,0.086611,32.389897,39.839243,30.604057,0.726017,0.286007,0.297796,11.539,cuda
rrdb_psnr,ami,085,zoom,085_zoom,4,4,96,bicjpeg85,34.593117,0.86984,31.910856,0.952303,4,0.071019,33.997656,40.509897,31.489604,0.770952,0.245615,0.3087,11.542,cuda
rrdb_psnr,ami,086,back,086_back,5,4,96,bicjpeg85,33.244138,0.837149,30.294429,0.942644,4,0.073171,32.579747,39.064736,30.411373,0.756706,0.240207,0.283769,11.544,cuda
rrdb_psnr,ami,086,down,086_down,5,4,96,bicjpeg85,32.520781,0.82117,29.88107,0.938952,4,0.085526,31.379382,39.302569,29.80422,0.79293,0.266509,0.308407,11.531,cuda
rrdb_psnr,ami,086,front,086_front,5,4,96,bicjpeg85,32.416615,0.822876,29.92061,0.936653,4,0.076979,31.246901,39.122066,29.640363,0.793882,0.238439,0.300501,11.538,cuda
rrdb_psnr,ami,086,left,086_left,5,4,96,bicjpeg85,33.470035,0.847253,30.510722,0.943939,4,0.073771,32.642348,39.684884,30.955075,0.774188,0.247333,0.28097,11.546,cuda
rrdb_psnr,ami,086,right,086_right,5,4,96,bicjpeg85,33.016417,0.83695,29.797861,0.938973,4,0.086161,31.442909,39.295353,31.508778,0.781816,0.241153,0.296618,11.571,cuda
rrdb_psnr,ami,086,up,086_up,5,4,96,bicjpeg85,32.782307,0.823056,30.057404,0.938821,4,0.07348,31.802237,38.750764,31.123529,0.796473,0.264531,0.294343,11.526,cuda
rrdb_psnr,ami,086,zoom,086_zoom,5,4,96,bicjpeg85,32.865385,0.834561,30.209089,0.940644,4,0.0765,31.772974,38.890422,31.281833,0.801183,0.224508,0.295105,11.543,cuda
rrdb_psnr,ami,087,back,087_back,4,4,96,bicjpeg85,32.759617,0.820066,30.206536,0.934651,4,0.085192,31.565743,38.988947,30.072149,0.739319,0.250135,0.292888,11.54,cuda
rrdb_psnr,ami,087,down,087_down,4,4,96,bicjpeg85,33.269584,0.852198,30.704304,0.949368,4,0.072071,32.118466,39.150815,30.50334,0.795746,0.210674,0.257416,11.552,cuda
rrdb_psnr,ami,087,front,087_front,4,4,96,bicjpeg85,33.18818,0.846588,30.642009,0.942081,4,0.078292,31.902442,39.172332,30.603448,0.799771,0.209561,0.264563,11.575,cuda
rrdb_psnr,ami,087,left,087_left,4,4,96,bicjpeg85,33.779601,0.85064,31.255433,0.945574,4,0.074768,32.65467,39.505084,31.420659,0.815369,0.224083,0.312676,11.541,cuda
rrdb_psnr,ami,087,right,087_right,4,4,96,bicjpeg85,33.253729,0.856975,30.352688,0.947437,4,0.0824,32.237954,38.81103,30.428832,0.783232,0.210298,0.25687,11.544,cuda
rrdb_psnr,ami,087,up,087_up,4,4,96,bicjpeg85,32.456254,0.832105,29.962959,0.939435,4,0.083042,31.178192,38.519606,30.446811,0.741704,0.248684,0.251371,11.552,cuda
rrdb_psnr,ami,087,zoom,087_zoom,4,4,96,bicjpeg85,33.726599,0.867818,30.910975,0.952484,4,0.074445,32.852492,39.041657,32.39571,0.844193,0.220172,0.292102,11.54,cuda
rrdb_psnr,ami,088,back,088_back,1,4,96,bicjpeg85,32.084448,0.815305,29.769915,0.930924,4,0.088225,30.746088,37.889059,31.303231,0.799268,0.225639,0.292326,11.545,cuda
rrdb_psnr,ami,088,down,088_down,1,4,96,bicjpeg85,32.89805,0.850113,30.276222,0.945331,4,0.078093,31.619054,38.703734,31.685894,0.828714,0.212723,0.286229,11.546,cuda
rrdb_psnr,ami,088,front,088_front,1,4,96,bicjpeg85,32.454924,0.82912,29.914425,0.940251,4,0.08714,31.057047,38.547592,31.473789,0.79558,0.216035,0.311344,11.545,cuda
rrdb_psnr,ami,088,left,088_left,1,4,96,bicjpeg85,34.061578,0.8689,31.300996,0.948691,4,0.076416,32.979036,39.551247,31.89525,0.820059,0.244268,0.309792,11.533,cuda
rrdb_psnr,ami,088,right,088_right,1,4,96,bicjpeg85,32.844737,0.854204,30.08034,0.947435,4,0.08192,31.218451,38.738629,31.497387,0.821831,0.238393,0.269472,11.546,cuda
rrdb_psnr,ami,088,up,088_up,1,4,96,bicjpeg85,32.796077,0.844676,30.164391,0.94435,4,0.077753,31.423623,38.479667,31.031307,0.808005,0.248524,0.280594,11.543,cuda
rrdb_psnr,ami,088,zoom,088_zoom,1,4,96,bicjpeg85,33.147481,0.856256,30.38079,0.948938,4,0.079777,31.945258,38.790453,32.902001,0.852413,0.217083,0.316377,11.534,cuda
rrdb_psnr,ami,089,back,089_back,1,4,96,bicjpeg85,33.22207,0.855724,30.4996,0.951135,4,0.071692,32.28225,39.030167,30.514866,0.782455,0.258544,0.301266,11.542,cuda
rrdb_psnr,ami,089,down,089_down,1,4,96,bicjpeg85,32.574625,0.83966,30.04771,0.946309,4,0.076422,31.110083,38.961816,30.674051,0.815555,0.293607,0.293677,11.547,cuda
rrdb_psnr,ami,089,front,089_front,1,4,96,bicjpeg85,32.420786,0.819481,29.97354,0.935925,4,0.094258,31.411228,38.004162,30.603026,0.785928,0.309833,0.304095,11.531,cuda
rrdb_psnr,ami,089,left,089_left,1,4,96,bicjpeg85,32.909602,0.83092,30.482473,0.939208,4,0.07656,31.884516,39.084491,30.883996,0.790842,0.294454,0.305104,11.54,cuda
rrdb_psnr,ami,089,right,089_right,1,4,96,bicjpeg85,32.62753,0.82706,29.712674,0.93699,4,0.084902,31.26152,38.533319,30.330756,0.782028,0.297677,0.276273,11.539,cuda
rrdb_psnr,ami,089,up,089_up,1,4,96,bicjpeg85,33.076958,0.840438,30.097524,0.944743,4,0.079004,31.920419,38.574328,30.999922,0.78603,0.326612,0.295519,11.547,cuda
rrdb_psnr,ami,089,zoom,089_zoom,1,4,96,bicjpeg85,33.504763,0.86019,30.589449,0.95146,4,0.073797,32.860273,38.589021,32.866128,0.854,0.290407,0.294477,11.545,cuda
rrdb_psnr,ami,090,back,090_back,1,4,96,bicjpeg85,31.288921,0.830322,28.919349,0.941744,4,0.088355,29.525886,38.320514,28.960293,0.798403,0.195478,0.313982,11.538,cuda
rrdb_psnr,ami,090,down,090_down,1,4,96,bicjpeg85,31.753263,0.830559,29.296638,0.941016,4,0.085848,30.169091,38.431758,28.476359,0.816872,0.261249,0.282674,11.542,cuda
rrdb_psnr,ami,090,front,090_front,1,4,96,bicjpeg85,31.715082,0.83112,29.304283,0.941875,4,0.086324,30.375984,38.302487,29.823992,0.799203,0.182143,0.265532,11.546,cuda
rrdb_psnr,ami,090,left,090_left,1,4,96,bicjpeg85,31.571275,0.834863,29.245255,0.945969,4,0.088728,29.675456,38.410548,29.521387,0.79085,0.250766,0.309782,11.545,cuda
rrdb_psnr,ami,090,right,090_right,1,4,96,bicjpeg85,32.442855,0.840854,29.884277,0.946688,4,0.091055,31.279248,38.631551,29.618956,0.783506,0.177738,0.27422,11.537,cuda
rrdb_psnr,ami,090,up,090_up,1,4,96,bicjpeg85,31.769852,0.839046,29.306267,0.943525,4,0.094796,30.344158,38.238356,30.425443,0.789759,0.23788,0.278893,11.546,cuda
rrdb_psnr,ami,090,zoom,090_zoom,1,4,96,bicjpeg85,31.979877,0.839102,29.357896,0.947675,4,0.079085,30.593713,38.189302,32.433274,0.857583,0.215471,0.264344,11.532,cuda
rrdb_psnr,ami,091,back,091_back,4,4,96,bicjpeg85,31.480665,0.796532,29.200201,0.938082,4,0.091334,29.207423,39.209209,30.224912,0.788343,0.251168,0.305876,11.542,cuda
rrdb_psnr,ami,091,down,091_down,4,4,96,bicjpeg85,31.279308,0.798746,29.170916,0.941292,4,0.096687,29.463182,38.769711,30.064866,0.812419,0.248837,0.313015,11.539,cuda
rrdb_psnr,ami,091,front,091_front,4,4,96,bicjpeg85,31.514451,0.790477,29.283573,0.938753,4,0.098916,29.692349,39.168293,30.769025,0.82978,0.311771,0.320073,11.548,cuda
rrdb_psnr,ami,091,left,091_left,4,4,96,bicjpeg85,32.650587,0.825728,30.328917,0.944709,4,0.081449,31.035016,39.239447,30.407614,0.772188,0.307586,0.305332,11.554,cuda
rrdb_psnr,ami,091,right,091_right,4,4,96,bicjpeg85,32.032924,0.81917,29.64535,0.941907,4,0.088874,30.272639,38.546505,29.514447,0.754287,0.319997,0.309553,11.554,cuda
rrdb_psnr,ami,091,up,091_up,4,4,96,bicjpeg85,31.394435,0.785947,29.286113,0.932281,4,0.086761,29.94856,38.199433,29.975817,0.801432,0.27805,0.284431,11.543,cuda
rrdb_psnr,ami,091,zoom,091_zoom,4,4,96,bicjpeg85,32.21704,0.822696,29.83259,0.947064,4,0.0861,30.447826,39.329619,32.38175,0.871462,0.273016,0.292809,11.552,cuda
rrdb_psnr,ami,092,back,092_back,3,4,96,bicjpeg85,31.816533,0.775417,29.028736,0.927588,4,0.083802,30.612064,38.187391,31.042208,0.742437,0.325271,0.306137,11.553,cuda
rrdb_psnr,ami,092,down,092_down,3,4,96,bicjpeg85,32.029404,0.780011,29.357028,0.92807,4,0.093296,31.034856,38.737056,31.022565,0.786628,0.335257,0.341737,11.549,cuda
rrdb_psnr,ami,092,front,092_front,3,4,96,bicjpeg85,31.721889,0.77265,29.10329,0.926423,4,0.087801,30.798579,38.260271,29.828012,0.73015,0.337484,0.31284,11.533,cuda
rrdb_psnr,ami,092,left,092_left,3,4,96,bicjpeg85,33.503376,0.823993,30.698147,0.939912,4,0.071993,32.416919,39.827269,31.806863,0.801125,0.338712,0.331529,11.538,cuda
rrdb_psnr,ami,092,right,092_right,3,4,96,bicjpeg85,32.087132,0.774828,29.271565,0.92554,4,0.085524,31.077376,38.680889,30.571689,0.798077,0.369186,0.304822,11.601,cuda
rrdb_psnr,ami,092,up,092_up,3,4,96,bicjpeg85,31.727866,0.766062,29.024,0.919108,4,0.090772,30.383924,38.143723,30.204921,0.727603,0.362156,0.337592,11.619,cuda
rrdb_psnr,ami,092,zoom,092_zoom,3,4,96,bicjpeg85,32.943718,0.815798,29.913578,0.934513,4,0.078706,32.174923,38.630626,31.762538,0.79088,0.326264,0.343146,11.614,cuda
rrdb_psnr,ami,093,back,093_back,4,4,96,bicjpeg85,32.219408,0.814931,29.47444,0.940913,4,0.077159,30.992222,39.032123,31.534923,0.804691,0.249642,0.285009,11.618,cuda
rrdb_psnr,ami,093,down,093_down,4,4,96,bicjpeg85,32.810437,0.83563,30.010529,0.943394,4,0.072897,32.00006,39.048465,30.661188,0.795252,0.23488,0.31952,11.61,cuda
rrdb_psnr,ami,093,front,093_front,4,4,96,bicjpeg85,32.379253,0.824051,29.627835,0.936722,4,0.081116,31.756714,38.046493,31.283061,0.793962,0.345668,0.306062,11.609,cuda
rrdb_psnr,ami,093,left,093_left,4,4,96,bicjpeg85,33.177084,0.840766,30.282153,0.938102,4,0.077672,32.585429,39.322993,31.231876,0.739885,0.333197,0.338383,11.598,cuda
rrdb_psnr,ami,093,right,093_right,4,4,96,bicjpeg85,32.465992,0.819905,29.524074,0.937177,4,0.077413,31.204949,38.742956,31.542839,0.802039,0.296264,0.308881,11.611,cuda
rrdb_psnr,ami,093,up,093_up,4,4,96,bicjpeg85,31.926597,0.814641,29.26508,0.94156,4,0.079794,30.567955,38.266805,31.360327,0.798248,0.274433,0.308032,11.622,cuda
rrdb_psnr,ami,093,zoom,093_zoom,4,4,96,bicjpeg85,32.692897,0.842847,29.866543,0.947755,4,0.070089,31.717587,38.732958,32.294722,0.823083,0.298291,0.312205,11.609,cuda
rrdb_psnr,ami,094,back,094_back,3,4,96,bicjpeg85,31.186083,0.791175,28.594498,0.92764,4,0.1029,29.010227,38.202315,30.198257,0.762613,0.335257,0.310652,11.623,cuda
rrdb_psnr,ami,094,down,094_down,3,4,96,bicjpeg85,33.138786,0.845764,30.214661,0.948216,4,0.079463,31.828445,39.168145,31.215794,0.8232,0.221491,0.298467,11.619,cuda
rrdb_psnr,ami,094,front,094_front,3,4,96,bicjpeg85,33.293021,0.843195,30.132478,0.944499,4,0.077048,32.240625,38.843443,31.540144,0.794862,0.261229,0.284125,11.607,cuda
rrdb_psnr,ami,094,left,094_left,3,4,96,bicjpeg85,33.146947,0.84236,30.272035,0.945816,4,0.079647,31.989233,38.945195,31.226891,0.824943,0.234975,0.28472,11.606,cuda
rrdb_psnr,ami,094,right,094_right,3,4,96,bicjpeg85,32.330841,0.827178,29.206529,0.941808,4,0.081057,30.886743,38.503184,30.692247,0.778727,0.258947,0.293559,11.624,cuda
rrdb_psnr,ami,094,up,094_up,3,4,96,bicjpeg85,32.598551,0.833966,29.739242,0.942764,4,0.075476,31.484764,38.480103,31.503379,0.80795,0.296816,0.281287,11.63,cuda
rrdb_psnr,ami,094,zoom,094_zoom,3,4,96,bicjpeg85,32.924681,0.848565,29.87704,0.94446,4,0.078532,31.69541,38.324818,32.01207,0.804476,0.252586,0.270025,11.618,cuda
rrdb_psnr,ami,095,back,095_back,3,4,96,bicjpeg85,33.21455,0.845332,30.62278,0.954074,4,0.073436,31.845338,39.773001,29.770212,0.739154,0.22465,0.290192,11.619,cuda
rrdb_psnr,ami,095,down,095_down,3,4,96,bicjpeg85,32.548001,0.832238,30.012013,0.940169,4,0.077389,31.34516,39.515508,29.026218,0.6749,0.278193,0.304634,11.602,cuda
rrdb_psnr,ami,095,front,095_front,3,4,96,bicjpeg85,32.095249,0.824637,29.678751,0.936754,4,0.085597,30.536458,38.7845,28.530289,0.665215,0.259458,0.306126,11.616,cuda
rrdb_psnr,ami,095,left,095_left,3,4,96,bicjpeg85,32.769254,0.83203,30.199247,0.941961,4,0.078197,31.471474,39.561897,29.362735,0.711534,0.287781,0.309864,11.608,cuda
rrdb_psnr,ami,095,right,095_right,3,4,96,bicjpeg85,31.926855,0.835221,29.016801,0.946989,4,0.079708,29.875422,38.93239,28.981987,0.735666,0.232735,0.280844,11.622,cuda
rrdb_psnr,ami,095,up,095_up,3,4,96,bicjpeg85,32.310549,0.827257,29.714206,0.94573,4,0.074119,30.657163,39.455663,29.25215,0.744826,0.240381,0.30429,11.618,cuda
rrdb_psnr,ami,095,zoom,095_zoom,3,4,96,bicjpeg85,32.052568,0.82847,29.638079,0.93953,4,0.084045,30.338104,38.573445,29.50654,0.717789,0.272704,0.32583,11.596,cuda
rrdb_psnr,ami,096,back,096_back,5,4,96,bicjpeg85,31.721858,0.80829,28.95016,0.945818,4,0.079149,30.262726,38.595489,31.548976,0.799319,0.327152,0.287504,11.592,cuda
rrdb_psnr,ami,096,down,096_down,5,4,96,bicjpeg85,31.411284,0.812828,28.588574,0.944692,4,0.08283,29.758502,38.35452,30.496953,0.821041,0.310381,0.277898,11.623,cuda
rrdb_psnr,ami,096,front,096_front,5,4,96,bicjpeg85,31.032141,0.800997,28.229518,0.938428,4,0.087285,29.046072,38.406593,31.434291,0.796351,0.366119,0.287167,11.601,cuda
rrdb_psnr,ami,096,left,096_left,5,4,96,bicjpeg85,32.851751,0.831856,29.731324,0.947926,4,0.069571,31.873086,39.127039,30.742642,0.784019,0.346141,0.287544,11.613,cuda
rrdb_psnr,ami,096,right,096_right,5,4,96,bicjpeg85,31.539185,0.797599,28.677915,0.939443,4,0.08696,30.084878,38.119473,31.292729,0.785663,0.329394,0.28865,11.614,cuda
rrdb_psnr,ami,096,up,096_up,5,4,96,bicjpeg85,31.038752,0.789139,28.362409,0.940837,4,0.089442,29.696705,38.118525,31.328516,0.786382,0.317725,0.305661,11.601,cuda
rrdb_psnr,ami,096,zoom,096_zoom,5,4,96,bicjpeg85,32.257148,0.824855,29.106278,0.943131,4,0.085323,31.007673,38.807791,31.676768,0.782785,0.291542,0.280879,11.617,cuda
rrdb_psnr,ami,097,back,097_back,4,4,96,bicjpeg85,32.99602,0.829267,30.235706,0.937588,4,0.085485,31.758017,39.105367,30.615474,0.756429,0.248981,0.318994,11.603,cuda
rrdb_psnr,ami,097,down,097_down,4,4,96,bicjpeg85,32.635983,0.823896,30.099352,0.935275,4,0.088178,31.561221,38.813618,30.078131,0.790547,0.219408,0.307451,11.608,cuda
rrdb_psnr,ami,097,front,097_front,4,4,96,bicjpeg85,32.419336,0.820837,29.977392,0.936971,4,0.087761,31.042522,39.085798,30.057722,0.777328,0.264399,0.286704,11.6,cuda
rrdb_psnr,ami,097,left,097_left,4,4,96,bicjpeg85,33.488234,0.858376,31.077464,0.952145,4,0.072493,32.046122,40.051482,30.242509,0.784421,0.270745,0.278707,11.61,cuda
rrdb_psnr,ami,097,right,097_right,4,4,96,bicjpeg85,32.560894,0.831834,29.996445,0.940415,4,0.08585,30.953175,38.716586,30.872025,0.74793,0.269859,0.306125,11.608,cuda
rrdb_psnr,ami,097,up,097_up,4,4,96,bicjpeg85,32.811829,0.830785,30.258345,0.938208,4,0.084182,31.509379,39.066155,30.373845,0.752294,0.214562,0.313041,11.625,cuda
rrdb_psnr,ami,097,zoom,097_zoom,4,4,96,bicjpeg85,32.621681,0.821209,30.045255,0.937127,4,0.086726,31.086178,38.718587,31.275391,0.774263,0.301773,0.329361,11.611,cuda
rrdb_psnr,ami,098,back,098_back,2,4,96,bicjpeg85,32.718739,0.821298,29.938269,0.938725,4,0.079446,31.296796,38.729446,30.352257,0.737064,0.31648,0.310073,11.608,cuda
rrdb_psnr,ami,098,down,098_down,2,4,96,bicjpeg85,32.99408,0.838474,30.374268,0.940472,4,0.083041,31.809083,39.965156,29.373252,0.763498,0.299484,0.319168,11.613,cuda
rrdb_psnr,ami,098,front,098_front,2,4,96,bicjpeg85,33.239653,0.84117,30.51855,0.938079,4,0.079144,32.250626,39.14968,29.844346,0.761145,0.337878,0.306746,11.601,cuda
rrdb_psnr,ami,098,left,098_left,2,4,96,bicjpeg85,34.575843,0.869592,31.718859,0.947416,4,0.072477,33.650247,40.459544,30.45326,0.750245,0.296356,0.310738,11.606,cuda
rrdb_psnr,ami,098,right,098_right,2,4,96,bicjpeg85,33.529667,0.855401,30.309884,0.94919,4,0.074964,32.120494,39.331672,31.116916,0.763099,0.298366,0.296792,11.621,cuda
rrdb_psnr,ami,098,up,098_up,2,4,96,bicjpeg85,32.927701,0.824523,30.08576,0.939242,4,0.075611,31.528877,39.248397,30.390593,0.766216,0.320164,0.320592,11.608,cuda
rrdb_psnr,ami,098,zoom,098_zoom,2,4,96,bicjpeg85,33.507776,0.846509,30.535726,0.943623,4,0.073777,32.269225,39.343817,31.171789,0.800463,0.283978,0.292316,11.606,cuda
rrdb_psnr,ami,099,back,099_back,1,4,96,bicjpeg85,32.005986,0.809319,29.423907,0.929638,4,0.087889,30.703313,38.183223,30.724105,0.757355,0.280301,0.286507,11.621,cuda
rrdb_psnr,ami,099,down,099_down,1,4,96,bicjpeg85,32.687816,0.823592,30.059995,0.936685,4,0.082573,31.482213,38.807882,31.088689,0.80128,0.245595,0.294278,11.607,cuda
rrdb_psnr,ami,099,front,099_front,1,4,96,bicjpeg85,32.430063,0.811407,29.646224,0.934121,4,0.081674,31.215168,38.680617,31.578463,0.787102,0.320908,0.299161,11.62,cuda
rrdb_psnr,ami,099,left,099_left,1,4,96,bicjpeg85,33.253488,0.847411,30.695682,0.947381,4,0.072552,32.425456,39.182372,31.096344,0.806857,0.250694,0.288038,11.607,cuda
rrdb_psnr,ami,099,right,099_right,1,4,96,bicjpeg85,32.093793,0.811399,29.288679,0.932767,4,0.08678,30.255226,38.544571,31.144922,0.761554,0.224435,0.299968,11.617,cuda
rrdb_psnr,ami,099,up,099_up,1,4,96,bicjpeg85,32.582208,0.817054,29.892645,0.93616,4,0.078985,31.562589,38.443166,32.039244,0.796547,0.236704,0.274582,11.605,cuda
rrdb_psnr,ami,099,zoom,099_zoom,1,4,96,bicjpeg85,33.012236,0.835661,30.149207,0.939736,4,0.078882,31.950105,38.471551,32.180332,0.807761,0.260606,0.290254,11.611,cuda
rrdb_psnr,ami,100,back,100_back,1,4,96,bicjpeg85,32.972349,0.791079,29.966209,0.929953,4,0.084418,31.864575,39.139295,32.111484,0.778829,0.340309,0.29338,11.6,cuda
rrdb_psnr,ami,100,down,100_down,1,4,96,bicjpeg85,32.745121,0.80646,30.014313,0.936866,4,0.07533,31.658927,39.439011,31.641505,0.813775,0.324544,0.315383,11.62,cuda
rrdb_psnr,ami,100,front,100_front,1,4,96,bicjpeg85,32.585326,0.789276,29.846445,0.93064,4,0.079858,31.304177,39.019272,31.533716,0.795492,0.384819,0.334,11.607,cuda
rrdb_psnr,ami,100,left,100_left,1,4,96,bicjpeg85,33.459015,0.81244,30.647508,0.933751,4,0.069349,32.295123,39.681996,31.269851,0.800131,0.408323,0.359819,11.627,cuda
rrdb_psnr,ami,100,right,100_right,1,4,96,bicjpeg85,32.419916,0.789268,29.545062,0.931201,4,0.078306,31.245429,38.93163,31.467681,0.801017,0.412228,0.33627,11.611,cuda
rrdb_psnr,ami,100,up,100_up,1,4,96,bicjpeg85,32.192174,0.777057,29.535875,0.922379,4,0.076296,30.801955,38.648934,30.906779,0.762173,0.423473,0.332597,11.619,cuda
rrdb_psnr,ami,100,zoom,100_zoom,1,4,96,bicjpeg85,32.569236,0.805442,29.69096,0.939907,4,0.074132,31.212975,39.295536,32.781523,0.810453,0.332167,0.331264,11.603,cuda
rrdb_psnr,ami,101,back,101_back,1,4,96,bicjpeg85,32.606321,0.817705,29.622896,0.93963,4,0.081439,31.037238,38.994773,31.181126,0.774178,0.286848,0.287782,11.628,cuda
rrdb_psnr,ami,101,down,101_down,1,4,96,bicjpeg85,33.177339,0.840327,30.497656,0.940267,4,0.075041,31.80833,39.592697,30.349321,0.814039,0.291238,0.310805,11.618,cuda
rrdb_psnr,ami,101,front,101_front,1,4,96,bicjpeg85,33.24288,0.839501,30.305881,0.939697,4,0.077159,31.938373,39.419064,30.965881,0.820166,0.262946,0.278864,11.612,cuda
rrdb_psnr,ami,101,left,101_left,1,4,96,bicjpeg85,33.428711,0.844312,30.643368,0.941067,4,0.077416,31.755735,39.863401,30.51149,0.769517,0.264988,0.305228,11.615,cuda
rrdb_psnr,ami,101,right,101_right,1,4,96,bicjpeg85,32.715038,0.83009,29.801317,0.937144,4,0.079188,31.425245,38.97539,30.868952,0.775775,0.3133,0.306717,11.61,cuda
rrdb_psnr,ami,101,up,101_up,1,4,96,bicjpeg85,32.378554,0.820621,29.671468,0.936138,4,0.077215,31.125888,38.729812,31.266707,0.802336,0.275742,0.286155,11.606,cuda
rrdb_psnr,ami,101,zoom,101_zoom,1,4,96,bicjpeg85,33.096988,0.835135,30.283904,0.938659,4,0.080859,32.141123,38.809884,32.296783,0.822889,0.260643,0.287385,11.618,cuda
rrdb_psnr,ami,102,back,102_back,1,4,96,bicjpeg85,32.099348,0.80647,29.286817,0.939073,4,0.083498,31.237312,38.109608,30.284769,0.743347,0.333955,0.32027,11.622,cuda
rrdb_psnr,ami,102,down,102_down,1,4,96,bicjpeg85,32.274443,0.813105,29.699541,0.940816,4,0.082606,31.484778,38.163634,30.940336,0.817715,0.310074,0.306305,11.611,cuda
rrdb_psnr,ami,102,front,102_front,1,4,96,bicjpeg85,32.291337,0.808623,29.694326,0.938068,4,0.090542,31.533634,38.698323,31.001104,0.819185,0.265264,0.291649,11.606,cuda
rrdb_psnr,ami,102,left,102_left,1,4,96,bicjpeg85,32.952588,0.822403,30.100452,0.945675,4,0.074485,32.068181,39.319719,31.528093,0.816765,0.318922,0.30263,11.614,cuda
rrdb_psnr,ami,102,right,102_right,1,4,96,bicjpeg85,31.762504,0.787597,29.078396,0.937862,4,0.088468,30.886296,38.079403,31.041292,0.81673,0.330963,0.329276,11.606,cuda
rrdb_psnr,ami,102,up,102_up,1,4,96,bicjpeg85,31.85993,0.793192,29.461979,0.937416,4,0.080018,30.846956,38.432264,31.648767,0.798246,0.358486,0.314245,11.622,cuda
rrdb_psnr,ami,102,zoom,102_zoom,1,4,96,bicjpeg85,32.856797,0.829059,30.130594,0.945549,4,0.07787,32.191672,38.787308,32.756108,0.825995,0.346365,0.313917,11.608,cuda
rrdb_psnr,ami,103,back,103_back,2,4,96,bicjpeg85,32.442358,0.819772,29.45535,0.938398,4,0.084824,30.915716,38.797718,30.943011,0.774724,0.27114,0.272006,11.616,cuda
rrdb_psnr,ami,103,down,103_down,2,4,96,bicjpeg85,32.689068,0.834104,29.740912,0.941058,4,0.090885,30.849315,38.891603,30.571958,0.790365,0.296452,0.288163,11.599,cuda
rrdb_psnr,ami,103,front,103_front,2,4,96,bicjpeg85,32.914519,0.838038,29.775816,0.945008,4,0.076607,31.513512,38.854056,30.396717,0.76842,0.255424,0.277294,11.612,cuda
rrdb_psnr,ami,103,left,103_left,2,4,96,bicjpeg85,34.044525,0.867405,30.731663,0.95119,4,0.068929,32.895396,39.533122,30.303506,0.779078,0.298611,0.299889,11.612,cuda
rrdb_psnr,ami,103,right,103_right,2,4,96,bicjpeg85,32.879033,0.83829,29.949718,0.941109,4,0.082986,31.65816,38.907771,31.203676,0.788485,0.248437,0.26877,11.615,cuda
rrdb_psnr,ami,103,up,103_up,2,4,96,bicjpeg85,33.006626,0.839613,29.931631,0.947145,4,0.07584,31.543388,39.11493,30.753122,0.778203,0.284287,0.274981,11.615,cuda
rrdb_psnr,ami,103,zoom,103_zoom,2,4,96,bicjpeg85,33.361454,0.860006,30.039499,0.952339,4,0.072247,31.898389,39.234081,31.852684,0.816599,0.312348,0.299493,11.622,cuda
rrdb_psnr,ami,104,back,104_back,4,4,96,bicjpeg85,31.017119,0.818255,28.305179,0.931012,4,0.082467,29.191821,38.622768,29.909456,0.783792,0.288553,0.311746,11.622,cuda
rrdb_psnr,ami,104,down,104_down,4,4,96,bicjpeg85,32.2178,0.82063,29.574776,0.931602,4,0.08993,30.007824,39.904559,29.617023,0.801379,0.327964,0.29153,11.619,cuda
rrdb_psnr,ami,104,front,104_front,4,4,96,bicjpeg85,32.112588,0.810736,29.49645,0.922493,4,0.084361,30.412988,38.451584,30.269942,0.791709,0.317421,0.31752,11.616,cuda
rrdb_psnr,ami,104,left,104_left,4,4,96,bicjpeg85,32.53652,0.824313,29.992746,0.938184,4,0.084142,30.867015,39.501375,29.967454,0.799904,0.307002,0.308034,11.625,cuda
rrdb_psnr,ami,104,right,104_right,4,4,96,bicjpeg85,32.248506,0.836319,29.183501,0.938997,4,0.078624,30.257174,38.947412,30.750174,0.765085,0.270531,0.308648,11.614,cuda
rrdb_psnr,ami,104,up,104_up,4,4,96,bicjpeg85,31.614508,0.786287,29.095572,0.913364,4,0.093716,29.778329,38.173834,29.679919,0.732388,0.311141,0.312157,11.612,cuda
rrdb_psnr,ami,104,zoom,104_zoom,4,4,96,bicjpeg85,32.101625,0.822837,29.382865,0.930841,4,0.084565,30.14544,38.726834,31.185434,0.79814,0.331909,0.31513,11.618,cuda
rrdb_psnr,ami,105,back,105_back,5,4,96,bicjpeg85,32.611211,0.819491,29.336874,0.94437,4,0.083727,31.352696,38.916629,31.416472,0.797783,0.267564,0.281414,11.617,cuda
rrdb_psnr,ami,105,down,105_down,5,4,96,bicjpeg85,32.339234,0.821028,29.376202,0.939512,4,0.081034,30.882981,39.111053,31.997302,0.817236,0.24849,0.262573,11.608,cuda
rrdb_psnr,ami,105,front,105_front,5,4,96,bicjpeg85,31.474266,0.791237,28.516278,0.936565,4,0.093924,30.217017,38.489034,31.474213,0.785771,0.287751,0.264924,11.612,cuda
rrdb_psnr,ami,105,left,105_left,5,4,96,bicjpeg85,32.83253,0.828938,29.623658,0.943265,4,0.074809,31.339504,39.483174,31.80095,0.804514,0.303147,0.272567,11.627,cuda
rrdb_psnr,ami,105,right,105_right,5,4,96,bicjpeg85,32.044481,0.802949,29.002931,0.932002,4,0.091992,30.614543,38.141673,30.380845,0.74572,0.285409,0.271207,11.615,cuda
rrdb_psnr,ami,105,up,105_up,5,4,96,bicjpeg85,31.038546,0.783075,28.321734,0.933375,4,0.09536,29.502854,37.990782,30.974786,0.746136,0.291817,0.295966,11.599,cuda
rrdb_psnr,ami,105,zoom,105_zoom,5,4,96,bicjpeg85,32.289657,0.821537,29.063399,0.942808,4,0.087246,30.892846,38.541012,32.423047,0.797611,0.256542,0.280492,11.618,cuda
rrdb_psnr,ami,106,back,106_back,3,4,96,bicjpeg85,32.043229,0.771589,29.475783,0.909678,4,0.093671,30.826227,38.453255,30.778714,0.731922,0.333678,0.319645,11.617,cuda
rrdb_psnr,ami,106,down,106_down,3,4,96,bicjpeg85,32.281247,0.809699,29.84701,0.932977,4,0.085717,31.055364,39.219377,31.492924,0.824232,0.317949,0.357333,11.599,cuda
rrdb_psnr,ami,106,front,106_front,3,4,96,bicjpeg85,32.772137,0.810935,30.140026,0.932279,4,0.075734,31.821853,38.729257,31.630266,0.777824,0.33784,0.351591,11.61,cuda
rrdb_psnr,ami,106,left,106_left,3,4,96,bicjpeg85,32.59108,0.803919,30.251232,0.936308,4,0.082366,31.7384,39.594021,31.619863,0.78522,0.253801,0.334081,11.622,cuda
rrdb_psnr,ami,106,right,106_right,3,4,96,bicjpeg85,32.13203,0.777113,29.372249,0.915303,4,0.084119,31.253522,38.387368,31.276123,0.756466,0.357953,0.336747,11.616,cuda
rrdb_psnr,ami,106,up,106_up,3,4,96,bicjpeg85,32.784999,0.807193,30.199888,0.934344,4,0.084084,31.350777,39.25639,31.053704,0.784548,0.338252,0.328705,11.618,cuda
rrdb_psnr,ami,106,zoom,106_zoom,3,4,96,bicjpeg85,32.883583,0.826642,30.159503,0.935714,4,0.076889,31.788362,38.78831,32.027588,0.798834,0.314611,0.355615,11.617,cuda
