model,dataset,subject,view,key,fold,scale,tier,degrade,psnr_y,ssim_y,psnr_rgb,ms_ssim_y,ms_ssim_scales,gmsd,grad_psnr,lr_psnr_y,psnr_y_c,ssim_y_c,lpips,dists,host_ms,device
span_ch48,ami,000,back,000_back,3,4,144,bicjpeg75,31.305768,0.75624,28.926645,0.911117,4,0.095113,30.269035,37.367965,30.982894,0.799457,0.459608,0.338773,1.009,cuda
span_ch48,ami,000,down,000_down,3,4,144,bicjpeg75,31.186305,0.75997,28.674001,0.925319,4,0.090751,30.072659,37.387439,31.236807,0.816981,0.480634,0.345265,0.878,cuda
span_ch48,ami,000,front,000_front,3,4,144,bicjpeg75,30.902869,0.748593,28.431199,0.918943,4,0.097226,29.772124,37.013086,31.012321,0.815726,0.488438,0.360163,0.847,cuda
span_ch48,ami,000,left,000_left,3,4,144,bicjpeg75,31.454936,0.765891,29.094519,0.923341,4,0.092279,30.428565,37.57339,31.378127,0.816309,0.442962,0.321686,0.817,cuda
span_ch48,ami,000,right,000_right,3,4,144,bicjpeg75,30.755359,0.738292,28.332611,0.916039,4,0.104295,29.458183,37.008862,30.539772,0.79556,0.459808,0.339036,0.839,cuda
span_ch48,ami,000,up,000_up,3,4,144,bicjpeg75,30.824667,0.741351,28.37388,0.916587,4,0.101445,29.809856,37.122662,31.213044,0.806494,0.466094,0.360054,0.78,cuda
span_ch48,ami,000,zoom,000_zoom,3,4,144,bicjpeg75,32.363524,0.826232,29.273197,0.942846,4,0.084381,31.576511,37.59455,33.011007,0.856644,0.435693,0.326525,0.78,cuda
span_ch48,ami,001,back,001_back,1,4,144,bicjpeg75,33.213921,0.814621,30.689819,0.928132,4,0.086562,32.453415,38.354487,32.15385,0.816978,0.403201,0.334682,0.812,cuda
span_ch48,ami,001,down,001_down,1,4,144,bicjpeg75,34.361366,0.852929,31.58292,0.942213,4,0.072663,33.66515,39.272951,33.052677,0.848207,0.361748,0.332201,0.798,cuda
span_ch48,ami,001,front,001_front,1,4,144,bicjpeg75,34.685867,0.855489,31.816434,0.941123,4,0.07651,33.900942,39.510362,33.226677,0.844531,0.358185,0.334312,0.788,cuda
span_ch48,ami,001,left,001_left,1,4,144,bicjpeg75,34.886018,0.866429,32.327063,0.941047,4,0.066165,34.261712,39.477148,33.076019,0.846519,0.368417,0.3299,0.801,cuda
span_ch48,ami,001,right,001_right,1,4,144,bicjpeg75,33.952046,0.845542,31.178989,0.941408,4,0.075043,32.957403,39.005214,32.360952,0.821994,0.361431,0.32233,0.797,cuda
span_ch48,ami,001,up,001_up,1,4,144,bicjpeg75,33.431482,0.828376,30.835883,0.936123,4,0.075503,32.639696,38.397432,32.817668,0.835952,0.428333,0.358324,0.829,cuda
span_ch48,ami,001,zoom,001_zoom,1,4,144,bicjpeg75,34.678442,0.85625,31.924568,0.944908,4,0.074672,34.094646,39.262786,34.31305,0.868728,0.328059,0.328378,0.825,cuda
span_ch48,ami,002,back,002_back,1,4,144,bicjpeg75,33.086777,0.79595,30.327747,0.925991,4,0.077634,32.537944,38.183288,32.244662,0.816534,0.47083,0.324848,0.804,cuda
span_ch48,ami,002,down,002_down,1,4,144,bicjpeg75,33.426947,0.814054,30.487326,0.931404,4,0.084428,32.702241,38.466853,32.343461,0.812443,0.415819,0.33221,0.788,cuda
span_ch48,ami,002,front,002_front,1,4,144,bicjpeg75,33.144225,0.803649,30.315866,0.929294,4,0.082232,32.306942,38.380552,32.41934,0.815969,0.433379,0.331159,0.781,cuda
span_ch48,ami,002,left,002_left,1,4,144,bicjpeg75,33.759444,0.816026,30.795957,0.929096,4,0.078177,33.108469,38.707017,32.908066,0.828072,0.416424,0.345913,0.796,cuda
span_ch48,ami,002,right,002_right,1,4,144,bicjpeg75,33.677485,0.832239,30.539881,0.936465,4,0.077963,33.219371,38.368225,32.571664,0.824702,0.405596,0.339889,0.79,cuda
span_ch48,ami,002,up,002_up,1,4,144,bicjpeg75,33.671015,0.816667,30.80447,0.931832,4,0.076055,32.896107,38.752544,33.091552,0.829534,0.425032,0.335309,0.791,cuda
span_ch48,ami,002,zoom,002_zoom,1,4,144,bicjpeg75,33.817985,0.823228,30.826741,0.930601,4,0.082281,33.203723,38.552671,33.464474,0.834828,0.419434,0.348462,0.805,cuda
span_ch48,ami,003,back,003_back,5,4,144,bicjpeg75,33.336721,0.808199,30.431129,0.930349,4,0.079988,32.7695,38.443572,32.587097,0.819262,0.440478,0.311712,0.787,cuda
span_ch48,ami,003,down,003_down,5,4,144,bicjpeg75,33.123453,0.806199,30.356945,0.925115,4,0.083649,32.702034,38.09595,32.040877,0.799315,0.453016,0.338406,0.793,cuda
span_ch48,ami,003,front,003_front,5,4,144,bicjpeg75,32.730234,0.792498,30.060748,0.920744,4,0.089698,32.114927,38.173586,31.402364,0.773623,0.435118,0.312733,0.793,cuda
span_ch48,ami,003,left,003_left,5,4,144,bicjpeg75,33.732383,0.825042,30.882502,0.931669,4,0.075714,33.140021,38.757049,32.720257,0.823792,0.437308,0.37262,0.794,cuda
span_ch48,ami,003,right,003_right,5,4,144,bicjpeg75,33.698651,0.829731,30.465785,0.939267,4,0.076931,32.971471,38.781702,32.621715,0.819724,0.415933,0.298334,0.777,cuda
span_ch48,ami,003,up,003_up,5,4,144,bicjpeg75,33.026504,0.802767,30.310199,0.923886,4,0.081812,32.678799,38.055721,32.210808,0.802677,0.465313,0.336079,0.811,cuda
span_ch48,ami,003,zoom,003_zoom,5,4,144,bicjpeg75,33.470268,0.818831,30.5333,0.931731,4,0.078775,32.789516,38.577389,33.082575,0.83326,0.439808,0.32936,0.839,cuda
span_ch48,ami,004,back,004_back,5,4,144,bicjpeg75,32.998495,0.817614,30.602429,0.926739,4,0.090371,31.879609,38.111733,31.574973,0.797884,0.378639,0.356333,0.825,cuda
span_ch48,ami,004,down,004_down,5,4,144,bicjpeg75,32.427097,0.795499,30.122654,0.923812,4,0.094626,31.336969,37.831305,31.305774,0.814196,0.409322,0.345871,0.809,cuda
span_ch48,ami,004,front,004_front,5,4,144,bicjpeg75,32.378315,0.79519,30.111957,0.923797,4,0.092989,31.653311,37.654023,31.433815,0.802969,0.386252,0.359867,0.803,cuda
span_ch48,ami,004,left,004_left,5,4,144,bicjpeg75,33.550019,0.825582,31.021263,0.93174,4,0.087418,32.750686,38.548213,32.435336,0.823942,0.339608,0.323499,0.828,cuda
span_ch48,ami,004,right,004_right,5,4,144,bicjpeg75,32.844812,0.809955,30.386599,0.926411,4,0.091835,31.740338,37.777991,31.635269,0.811141,0.395751,0.345593,0.823,cuda
span_ch48,ami,004,up,004_up,5,4,144,bicjpeg75,32.633617,0.805516,30.336049,0.928156,4,0.0861,31.625791,37.746152,31.735842,0.812116,0.375282,0.359859,0.822,cuda
span_ch48,ami,004,zoom,004_zoom,5,4,144,bicjpeg75,33.082528,0.826213,30.653218,0.93658,4,0.082854,32.204361,37.970475,32.611499,0.842473,0.381442,0.358978,0.824,cuda
span_ch48,ami,005,back,005_back,4,4,144,bicjpeg75,31.384029,0.783177,28.829121,0.915334,4,0.100983,29.591801,37.843132,30.886475,0.804261,0.4758,0.321001,0.809,cuda
span_ch48,ami,005,down,005_down,4,4,144,bicjpeg75,32.853191,0.79737,30.528636,0.918963,4,0.082734,31.986591,38.348794,31.980401,0.801808,0.488113,0.339202,0.821,cuda
span_ch48,ami,005,front,005_front,4,4,144,bicjpeg75,32.694923,0.805664,30.310143,0.918559,4,0.093354,31.764267,38.358788,32.161063,0.817239,0.478761,0.338948,0.798,cuda
span_ch48,ami,005,left,005_left,4,4,144,bicjpeg75,33.968561,0.828768,31.347539,0.934202,4,0.073977,33.12609,39.203106,32.995013,0.833393,0.488135,0.333606,0.784,cuda
span_ch48,ami,005,right,005_right,4,4,144,bicjpeg75,33.111486,0.824216,30.139205,0.929847,4,0.08057,32.192978,38.285728,32.598474,0.829031,0.449933,0.30252,0.78,cuda
span_ch48,ami,005,up,005_up,4,4,144,bicjpeg75,31.487655,0.779174,29.356851,0.912127,4,0.101181,30.007536,37.550294,31.991807,0.813781,0.437421,0.333183,0.786,cuda
span_ch48,ami,005,zoom,005_zoom,4,4,144,bicjpeg75,33.475061,0.82782,30.90627,0.933886,4,0.084843,32.608822,38.830241,34.07279,0.853894,0.43248,0.330116,0.82,cuda
span_ch48,ami,007,back,007_back,5,4,144,bicjpeg75,33.44949,0.817545,31.052584,0.924288,4,0.087244,32.720371,38.190797,32.719078,0.822741,0.382229,0.337774,0.793,cuda
span_ch48,ami,007,down,007_down,5,4,144,bicjpeg75,33.006412,0.810673,30.898221,0.927934,4,0.085864,32.105273,38.310315,33.118202,0.843804,0.419389,0.332185,0.824,cuda
span_ch48,ami,007,front,007_front,5,4,144,bicjpeg75,33.445361,0.824792,31.194834,0.932484,4,0.088979,32.293066,38.931283,33.165753,0.846764,0.392715,0.321878,0.815,cuda
span_ch48,ami,007,left,007_left,5,4,144,bicjpeg75,33.908952,0.828672,31.69189,0.933544,4,0.088396,32.6327,39.509892,33.884804,0.83981,0.435309,0.349903,0.832,cuda
span_ch48,ami,007,right,007_right,5,4,144,bicjpeg75,33.669117,0.840926,31.089746,0.942402,4,0.089178,32.409406,38.885847,33.655518,0.852977,0.393282,0.305322,0.822,cuda
span_ch48,ami,007,up,007_up,5,4,144,bicjpeg75,32.937181,0.812921,30.775247,0.925732,4,0.089989,31.951777,38.395001,32.762172,0.83391,0.405902,0.32643,0.809,cuda
span_ch48,ami,007,zoom,007_zoom,5,4,144,bicjpeg75,33.865296,0.844683,31.389955,0.941931,4,0.079695,32.955389,39.259134,33.490476,0.846418,0.364952,0.323604,0.831,cuda
span_ch48,ami,008,back,008_back,5,4,144,bicjpeg75,33.75697,0.843694,31.080348,0.938118,4,0.077217,33.183438,38.648395,32.643677,0.839929,0.358079,0.313617,0.811,cuda
span_ch48,ami,008,down,008_down,5,4,144,bicjpeg75,33.36716,0.837008,31.041017,0.939421,4,0.081756,32.463941,38.615383,32.688509,0.839237,0.381896,0.359122,0.807,cuda
span_ch48,ami,008,front,008_front,5,4,144,bicjpeg75,32.14558,0.81071,30.04295,0.930941,4,0.084288,31.426231,37.614493,31.663779,0.823835,0.380903,0.341633,0.781,cuda
span_ch48,ami,008,left,008_left,5,4,144,bicjpeg75,33.541735,0.833843,31.154689,0.935634,4,0.079472,32.998287,38.644517,32.517859,0.825742,0.391732,0.339343,0.812,cuda
span_ch48,ami,008,right,008_right,5,4,144,bicjpeg75,32.699918,0.823093,30.505392,0.935605,4,0.084789,32.006233,38.000079,32.136096,0.831849,0.407741,0.333853,0.827,cuda
span_ch48,ami,008,up,008_up,5,4,144,bicjpeg75,32.480569,0.818027,30.396177,0.934246,4,0.085326,31.698819,38.054082,32.15976,0.837137,0.355846,0.320618,0.781,cuda
span_ch48,ami,008,zoom,008_zoom,5,4,144,bicjpeg75,33.122896,0.835696,30.837714,0.937829,4,0.080613,32.405408,38.262264,32.882547,0.834156,0.36503,0.333462,0.784,cuda
span_ch48,ami,009,back,009_back,4,4,144,bicjpeg75,33.042314,0.842049,30.380697,0.936399,4,0.082408,32.055049,38.279707,33.207879,0.836989,0.369151,0.306744,0.804,cuda
span_ch48,ami,009,down,009_down,4,4,144,bicjpeg75,33.053987,0.840575,30.27325,0.94128,4,0.080127,32.216297,38.185782,33.329586,0.856148,0.404208,0.303142,0.818,cuda
span_ch48,ami,009,front,009_front,4,4,144,bicjpeg75,32.339373,0.83451,29.510772,0.940356,4,0.078208,30.890798,38.082375,32.450112,0.840384,0.368207,0.332774,0.83,cuda
span_ch48,ami,009,left,009_left,4,4,144,bicjpeg75,33.775491,0.845348,30.783429,0.937911,4,0.074468,33.51455,38.418714,33.272398,0.847398,0.453459,0.334549,0.813,cuda
span_ch48,ami,009,right,009_right,4,4,144,bicjpeg75,33.525892,0.843592,30.335164,0.943103,4,0.074666,32.854824,38.468754,32.998955,0.841762,0.435982,0.322503,0.807,cuda
span_ch48,ami,009,up,009_up,4,4,144,bicjpeg75,30.589785,0.793939,28.171581,0.924454,4,0.088259,29.098705,36.995694,32.204422,0.819103,0.384266,0.30571,0.815,cuda
span_ch48,ami,009,zoom,009_zoom,4,4,144,bicjpeg75,33.867495,0.858253,30.574324,0.945954,4,0.070914,33.107994,38.794829,34.02477,0.866161,0.384446,0.317746,0.797,cuda
span_ch48,ami,010,back,010_back,2,4,144,bicjpeg75,33.311163,0.800421,30.63721,0.928286,4,0.082344,32.431403,38.542116,32.921751,0.820638,0.472722,0.342598,0.815,cuda
span_ch48,ami,010,down,010_down,2,4,144,bicjpeg75,33.379643,0.816869,30.591253,0.934288,4,0.077824,32.688873,38.438331,33.01194,0.850977,0.476664,0.356557,0.808,cuda
span_ch48,ami,010,front,010_front,2,4,144,bicjpeg75,33.034185,0.806366,30.370868,0.935963,4,0.078412,32.173563,38.6555,32.82082,0.837856,0.437435,0.336439,0.824,cuda
span_ch48,ami,010,left,010_left,2,4,144,bicjpeg75,33.440896,0.820178,30.626233,0.936784,4,0.073604,32.866675,38.60631,33.044852,0.845623,0.464636,0.344387,0.801,cuda
span_ch48,ami,010,right,010_right,2,4,144,bicjpeg75,33.161167,0.813706,30.410933,0.932347,4,0.077597,32.623747,38.218065,32.508896,0.83451,0.467927,0.354453,0.786,cuda
span_ch48,ami,010,up,010_up,2,4,144,bicjpeg75,33.194077,0.816525,30.494368,0.936799,4,0.075709,32.426058,38.425332,33.178087,0.847972,0.45344,0.343467,0.823,cuda
span_ch48,ami,010,zoom,010_zoom,2,4,144,bicjpeg75,33.675687,0.831304,30.705055,0.940511,4,0.073945,32.985937,38.580055,33.463151,0.852732,0.447108,0.320303,0.815,cuda
span_ch48,ami,011,back,011_back,5,4,144,bicjpeg75,33.239332,0.838341,30.506459,0.939704,4,0.085859,32.61331,38.04919,32.756335,0.848616,0.404667,0.316004,0.831,cuda
span_ch48,ami,011,down,011_down,5,4,144,bicjpeg75,32.674318,0.814761,30.083668,0.935258,4,0.085747,31.900756,37.868896,32.904142,0.854518,0.438939,0.331694,0.823,cuda
span_ch48,ami,011,front,011_front,5,4,144,bicjpeg75,32.460598,0.809812,29.884958,0.932546,4,0.087805,31.935349,37.603289,32.664815,0.837446,0.41926,0.341579,0.8,cuda
span_ch48,ami,011,left,011_left,5,4,144,bicjpeg75,33.21984,0.815724,30.692157,0.934755,4,0.082319,32.547085,38.161532,33.274879,0.848428,0.435373,0.357134,0.805,cuda
span_ch48,ami,011,right,011_right,5,4,144,bicjpeg75,32.923522,0.823198,30.322908,0.931504,4,0.08156,32.37477,37.828477,32.69284,0.844482,0.432339,0.35148,0.827,cuda
span_ch48,ami,011,up,011_up,5,4,144,bicjpeg75,32.674067,0.816006,30.012409,0.935388,4,0.084032,31.657741,37.965893,32.830476,0.843886,0.454383,0.342809,0.813,cuda
span_ch48,ami,011,zoom,011_zoom,5,4,144,bicjpeg75,33.361843,0.849066,30.507227,0.945128,4,0.080335,32.761021,37.978802,33.26908,0.857507,0.452941,0.337292,0.794,cuda
span_ch48,ami,012,back,012_back,3,4,144,bicjpeg75,34.604678,0.868813,31.478189,0.943908,4,0.074446,33.954504,39.175955,32.435797,0.829302,0.307711,0.29677,0.816,cuda
span_ch48,ami,012,down,012_down,3,4,144,bicjpeg75,34.24027,0.86413,31.237915,0.939396,4,0.077106,33.43709,38.844579,32.142052,0.819839,0.356959,0.313209,0.813,cuda
span_ch48,ami,012,front,012_front,3,4,144,bicjpeg75,33.621884,0.852805,30.571925,0.940181,4,0.080246,32.744449,38.569797,32.021879,0.823208,0.321965,0.289799,0.823,cuda
span_ch48,ami,012,left,012_left,3,4,144,bicjpeg75,34.995108,0.879136,31.820019,0.947885,4,0.069501,34.294178,39.412575,33.036317,0.849505,0.296499,0.29388,0.795,cuda
span_ch48,ami,012,right,012_right,3,4,144,bicjpeg75,34.492643,0.873164,31.362872,0.94522,4,0.073881,33.760946,38.991521,32.253726,0.824959,0.33361,0.313922,0.809,cuda
span_ch48,ami,012,up,012_up,3,4,144,bicjpeg75,33.701584,0.844283,30.751685,0.935245,4,0.085603,32.789697,38.531512,32.452132,0.825793,0.35252,0.295083,0.794,cuda
span_ch48,ami,012,zoom,012_zoom,3,4,144,bicjpeg75,34.432948,0.86774,31.207317,0.944342,4,0.070365,33.888711,38.949477,32.865619,0.841329,0.343839,0.307243,0.809,cuda
span_ch48,ami,013,back,013_back,1,4,144,bicjpeg75,32.655251,0.819117,30.253069,0.92972,4,0.083823,31.466029,38.221948,33.243251,0.851325,0.405223,0.331217,0.789,cuda
span_ch48,ami,013,down,013_down,1,4,144,bicjpeg75,33.482442,0.834953,31.015973,0.935161,4,0.078564,32.721616,38.624275,32.944253,0.838539,0.425883,0.308737,0.776,cuda
span_ch48,ami,013,front,013_front,1,4,144,bicjpeg75,33.458489,0.831754,30.93597,0.925976,4,0.085469,32.771481,38.375932,32.843533,0.836005,0.419329,0.324347,0.809,cuda
span_ch48,ami,013,left,013_left,1,4,144,bicjpeg75,33.773271,0.835231,31.192477,0.93001,4,0.080109,33.051875,38.682778,33.230266,0.840058,0.424671,0.316129,0.793,cuda
span_ch48,ami,013,right,013_right,1,4,144,bicjpeg75,33.622415,0.839835,31.03103,0.93185,4,0.078442,32.962583,38.459328,33.419578,0.850078,0.409156,0.295116,0.83,cuda
span_ch48,ami,013,up,013_up,1,4,144,bicjpeg75,32.755493,0.810187,30.297294,0.921367,4,0.084481,31.924526,37.920742,33.008491,0.842772,0.460259,0.326538,0.799,cuda
span_ch48,ami,013,zoom,013_zoom,1,4,144,bicjpeg75,34.19412,0.860259,31.487721,0.942617,4,0.069686,33.695157,38.955912,33.992343,0.863944,0.407212,0.302879,0.811,cuda
span_ch48,ami,014,back,014_back,5,4,144,bicjpeg75,33.293365,0.804668,30.298482,0.926783,4,0.079179,32.78118,38.308155,32.258351,0.796941,0.418739,0.364005,0.827,cuda
span_ch48,ami,014,down,014_down,5,4,144,bicjpeg75,33.440675,0.815531,30.624051,0.933448,4,0.07898,32.819632,38.469806,32.612497,0.815562,0.457116,0.343173,0.828,cuda
span_ch48,ami,014,front,014_front,5,4,144,bicjpeg75,33.418717,0.819844,30.522118,0.931571,4,0.077702,32.787328,38.322793,32.153154,0.801074,0.429655,0.344573,0.833,cuda
span_ch48,ami,014,left,014_left,5,4,144,bicjpeg75,33.699197,0.820984,30.835845,0.936376,4,0.077942,32.940088,38.929197,32.72248,0.823174,0.408248,0.336777,0.812,cuda
span_ch48,ami,014,right,014_right,5,4,144,bicjpeg75,33.345769,0.833117,30.499689,0.935995,4,0.080116,32.339468,38.486416,32.563953,0.818024,0.421676,0.326052,0.811,cuda
span_ch48,ami,014,up,014_up,5,4,144,bicjpeg75,33.009601,0.80524,30.352988,0.928392,4,0.082835,32.184845,38.171823,32.673607,0.809107,0.425268,0.323554,0.816,cuda
span_ch48,ami,014,zoom,014_zoom,5,4,144,bicjpeg75,33.452962,0.824559,30.363537,0.939535,4,0.077289,32.832399,38.48502,33.268732,0.834037,0.375957,0.297676,0.818,cuda
span_ch48,ami,018,back,018_back,1,4,144,bicjpeg75,34.556703,0.879124,31.492291,0.948446,4,0.072384,33.699763,39.327357,32.318351,0.847458,0.271286,0.321479,0.82,cuda
span_ch48,ami,018,down,018_down,1,4,144,bicjpeg75,34.341089,0.886943,31.502262,0.951159,4,0.067305,33.20682,39.125969,31.611039,0.834662,0.327647,0.330253,0.805,cuda
span_ch48,ami,018,front,018_front,1,4,144,bicjpeg75,34.605218,0.89301,31.634482,0.955561,4,0.064816,33.308211,39.317887,31.956522,0.843802,0.298538,0.335529,0.804,cuda
span_ch48,ami,018,left,018_left,1,4,144,bicjpeg75,35.911938,0.900162,32.799964,0.956762,4,0.061534,35.595947,40.204513,33.506279,0.858576,0.300805,0.324608,0.776,cuda
span_ch48,ami,018,right,018_right,1,4,144,bicjpeg75,34.830135,0.895707,31.706438,0.957698,4,0.067854,33.580671,39.643414,32.224191,0.848681,0.270507,0.306875,0.799,cuda
span_ch48,ami,018,up,018_up,1,4,144,bicjpeg75,34.23474,0.884729,31.366809,0.95103,4,0.075556,33.151246,38.910252,31.670983,0.830998,0.298621,0.339281,0.82,cuda
span_ch48,ami,018,zoom,018_zoom,1,4,144,bicjpeg75,34.177392,0.883023,31.135532,0.950954,4,0.071471,33.025267,38.867755,31.887748,0.841422,0.30596,0.332644,0.777,cuda
span_ch48,ami,019,back,019_back,4,4,144,bicjpeg75,32.729318,0.849157,30.221898,0.932991,4,0.083383,31.951498,37.692765,31.271263,0.808323,0.312604,0.323188,0.798,cuda
span_ch48,ami,019,down,019_down,4,4,144,bicjpeg75,32.299166,0.838219,29.778195,0.94103,4,0.085844,31.07305,37.529474,30.850255,0.811229,0.35412,0.339754,0.799,cuda
span_ch48,ami,019,front,019_front,4,4,144,bicjpeg75,32.232659,0.829248,29.651822,0.936497,4,0.087126,31.139194,37.430889,31.334963,0.814365,0.362492,0.342823,0.805,cuda
span_ch48,ami,019,left,019_left,4,4,144,bicjpeg75,32.124344,0.83172,29.609227,0.938823,4,0.086284,31.197511,37.347339,30.746179,0.802766,0.358466,0.334752,0.829,cuda
span_ch48,ami,019,right,019_right,4,4,144,bicjpeg75,32.054669,0.840397,29.614739,0.935513,4,0.088515,30.848278,37.267026,30.924443,0.800045,0.361066,0.322264,0.774,cuda
span_ch48,ami,019,up,019_up,4,4,144,bicjpeg75,32.412016,0.834099,29.844729,0.937311,4,0.083229,31.371002,37.641236,31.482519,0.819955,0.381112,0.347222,0.832,cuda
span_ch48,ami,019,zoom,019_zoom,4,4,144,bicjpeg75,32.273736,0.834978,29.720449,0.93917,4,0.083941,30.916186,37.515671,32.50179,0.83689,0.399261,0.351158,0.826,cuda
span_ch48,ami,020,back,020_back,1,4,144,bicjpeg75,33.798267,0.846568,30.974646,0.935568,4,0.078952,33.054702,38.384941,32.017898,0.821697,0.346423,0.305711,0.796,cuda
span_ch48,ami,020,down,020_down,1,4,144,bicjpeg75,33.557297,0.83771,30.962192,0.933928,4,0.078644,32.702315,38.473571,32.047538,0.819069,0.362381,0.332495,0.81,cuda
span_ch48,ami,020,front,020_front,1,4,144,bicjpeg75,33.838214,0.842084,31.080214,0.938673,4,0.075622,33.401938,38.550981,32.75771,0.83562,0.363959,0.328758,0.816,cuda
span_ch48,ami,020,left,020_left,1,4,144,bicjpeg75,34.371141,0.856429,31.631963,0.942654,4,0.075952,34.015775,38.855809,33.249427,0.84819,0.388178,0.322927,0.833,cuda
span_ch48,ami,020,right,020_right,1,4,144,bicjpeg75,33.484221,0.845641,30.584256,0.939315,4,0.084884,32.895508,37.872276,32.006939,0.82781,0.401444,0.29398,0.793,cuda
span_ch48,ami,020,up,020_up,1,4,144,bicjpeg75,33.491372,0.830612,30.889329,0.931536,4,0.081433,33.037733,38.111873,32.941665,0.836699,0.388652,0.313193,0.81,cuda
span_ch48,ami,020,zoom,020_zoom,1,4,144,bicjpeg75,34.109387,0.856385,31.144762,0.942304,4,0.074426,33.775919,38.640359,32.981229,0.844898,0.387823,0.326654,0.843,cuda
span_ch48,ami,021,back,021_back,2,4,144,bicjpeg75,33.423546,0.808722,31.071899,0.921173,4,0.085959,32.738091,38.389895,32.871027,0.830611,0.427597,0.329585,0.796,cuda
span_ch48,ami,021,down,021_down,2,4,144,bicjpeg75,33.63294,0.821278,31.40387,0.932726,4,0.075374,32.961378,38.857259,33.534912,0.845401,0.440556,0.318427,0.811,cuda
span_ch48,ami,021,front,021_front,2,4,144,bicjpeg75,34.041584,0.828755,31.665263,0.929605,4,0.073497,33.530109,38.994211,33.628044,0.845283,0.392412,0.324112,0.799,cuda
span_ch48,ami,021,left,021_left,2,4,144,bicjpeg75,34.698764,0.845027,32.301475,0.93876,4,0.074714,33.793343,39.728484,34.935118,0.871363,0.412339,0.340568,0.815,cuda
span_ch48,ami,021,right,021_right,2,4,144,bicjpeg75,34.227561,0.839648,31.717989,0.935623,4,0.077917,33.449688,38.952483,33.359105,0.849291,0.402917,0.304784,0.813,cuda
span_ch48,ami,021,up,021_up,2,4,144,bicjpeg75,33.616065,0.820503,31.353405,0.930588,4,0.085018,32.824917,38.595187,33.468813,0.844734,0.383492,0.338526,0.813,cuda
span_ch48,ami,021,zoom,021_zoom,2,4,144,bicjpeg75,34.765806,0.855155,32.238466,0.939658,4,0.072126,34.369272,39.221254,34.174481,0.862882,0.382977,0.349615,0.799,cuda
span_ch48,ami,022,back,022_back,2,4,144,bicjpeg75,36.19548,0.907029,32.845531,0.959889,4,0.052096,35.909493,40.214876,33.931688,0.873505,0.270337,0.288924,0.815,cuda
span_ch48,ami,022,down,022_down,2,4,144,bicjpeg75,35.459236,0.89134,32.20538,0.951418,4,0.065242,35.114163,39.679419,33.077635,0.850533,0.291282,0.306799,0.836,cuda
span_ch48,ami,022,front,022_front,2,4,144,bicjpeg75,35.246902,0.889153,32.019823,0.950679,4,0.069817,34.945259,39.264227,32.984093,0.854361,0.297772,0.287828,0.8,cuda
span_ch48,ami,022,left,022_left,2,4,144,bicjpeg75,36.240129,0.902072,32.860219,0.955488,4,0.063559,35.903944,40.32355,33.891733,0.859138,0.28267,0.291154,0.827,cuda
span_ch48,ami,022,right,022_right,2,4,144,bicjpeg75,34.858006,0.886458,31.967292,0.948355,4,0.071021,34.439467,39.07145,32.429895,0.83709,0.322877,0.298516,0.795,cuda
span_ch48,ami,022,up,022_up,2,4,144,bicjpeg75,35.039326,0.888011,32.001234,0.951769,4,0.068417,34.384485,39.396755,33.124281,0.856863,0.306859,0.277639,0.799,cuda
span_ch48,ami,022,zoom,022_zoom,2,4,144,bicjpeg75,35.213708,0.890314,31.761763,0.951937,4,0.070832,34.760193,39.339468,33.208092,0.86285,0.280707,0.286974,0.798,cuda
span_ch48,ami,023,back,023_back,5,4,144,bicjpeg75,33.135149,0.81412,30.543893,0.931835,4,0.086272,32.449472,38.269387,32.83324,0.838648,0.366225,0.29703,0.801,cuda
span_ch48,ami,023,down,023_down,5,4,144,bicjpeg75,33.81901,0.839491,31.242148,0.93745,4,0.078094,33.103226,38.442864,33.218843,0.85806,0.382653,0.307457,0.797,cuda
span_ch48,ami,023,front,023_front,5,4,144,bicjpeg75,33.561252,0.829068,30.907363,0.93302,4,0.083367,33.024357,38.186619,33.113032,0.848682,0.383246,0.3115,0.811,cuda
span_ch48,ami,023,left,023_left,5,4,144,bicjpeg75,35.434776,0.867078,32.604878,0.943507,4,0.067147,34.98542,39.825351,34.586079,0.86587,0.428067,0.325273,0.799,cuda
span_ch48,ami,023,right,023_right,5,4,144,bicjpeg75,33.255295,0.824021,30.514224,0.928778,4,0.08612,32.536937,38.021938,32.132279,0.823512,0.38839,0.307059,0.808,cuda
span_ch48,ami,023,up,023_up,5,4,144,bicjpeg75,33.29708,0.820642,30.73119,0.929726,4,0.08691,32.83135,38.007301,33.110126,0.846712,0.381441,0.3065,0.824,cuda
span_ch48,ami,023,zoom,023_zoom,5,4,144,bicjpeg75,34.214132,0.858787,31.349416,0.942822,4,0.075429,33.884992,38.434051,34.530031,0.88262,0.328373,0.326863,0.798,cuda
span_ch48,ami,024,back,024_back,3,4,144,bicjpeg75,34.057224,0.84846,31.304468,0.93888,4,0.080123,33.399543,38.784644,32.269674,0.825719,0.314294,0.296792,0.814,cuda
span_ch48,ami,024,down,024_down,3,4,144,bicjpeg75,34.575889,0.86839,31.487896,0.943554,4,0.074051,33.684897,39.051961,32.374129,0.840842,0.334213,0.32059,0.811,cuda
span_ch48,ami,024,front,024_front,3,4,144,bicjpeg75,34.510415,0.862829,31.571205,0.94621,4,0.074315,33.575368,39.260456,32.600961,0.84297,0.31834,0.317822,0.821,cuda
span_ch48,ami,024,left,024_left,3,4,144,bicjpeg75,34.371645,0.85486,31.46794,0.939326,4,0.076594,33.623077,39.011189,32.258345,0.821562,0.341075,0.310408,0.826,cuda
span_ch48,ami,024,right,024_right,3,4,144,bicjpeg75,34.736009,0.883633,31.459334,0.953854,4,0.072127,33.58129,39.462966,32.746232,0.858151,0.271015,0.292059,0.796,cuda
span_ch48,ami,024,up,024_up,3,4,144,bicjpeg75,33.864744,0.850483,30.903328,0.938566,4,0.081301,32.913628,38.797277,32.718584,0.835101,0.358441,0.307631,0.814,cuda
span_ch48,ami,024,zoom,024_zoom,3,4,144,bicjpeg75,33.967519,0.856522,30.933189,0.945212,4,0.078676,33.076411,38.71197,32.208923,0.835454,0.313822,0.303312,0.8,cuda
span_ch48,ami,025,back,025_back,2,4,144,bicjpeg75,33.000543,0.815496,30.706641,0.922674,4,0.095721,32.027071,37.933426,32.135729,0.815984,0.390856,0.3338,0.792,cuda
span_ch48,ami,025,down,025_down,2,4,144,bicjpeg75,33.182886,0.836823,30.813068,0.935194,4,0.087621,32.421135,37.914968,32.443335,0.840603,0.330172,0.300376,0.833,cuda
span_ch48,ami,025,front,025_front,2,4,144,bicjpeg75,32.944276,0.828572,30.624925,0.934385,4,0.091172,32.243165,37.629665,32.628215,0.849119,0.371518,0.325108,0.792,cuda
span_ch48,ami,025,left,025_left,2,4,144,bicjpeg75,33.729517,0.841834,31.378135,0.936145,4,0.086981,33.044841,38.514895,33.082564,0.845432,0.35086,0.317201,0.802,cuda
span_ch48,ami,025,right,025_right,2,4,144,bicjpeg75,33.083496,0.835012,30.49725,0.933939,4,0.092435,32.27305,37.699179,32.566044,0.84449,0.327221,0.302132,0.823,cuda
span_ch48,ami,025,up,025_up,2,4,144,bicjpeg75,32.596645,0.815634,30.305448,0.929561,4,0.09799,31.795038,37.270635,32.658022,0.847207,0.376782,0.317176,0.793,cuda
span_ch48,ami,025,zoom,025_zoom,2,4,144,bicjpeg75,34.176745,0.87152,31.527658,0.949038,4,0.072769,33.907359,38.218261,34.389429,0.883382,0.30483,0.315725,0.809,cuda
span_ch48,ami,026,back,026_back,1,4,144,bicjpeg75,33.87346,0.848016,30.808002,0.937164,4,0.080702,33.158167,38.39285,32.386433,0.828708,0.358827,0.305205,0.814,cuda
span_ch48,ami,026,down,026_down,1,4,144,bicjpeg75,34.365827,0.869362,31.316533,0.945075,4,0.073744,33.809066,38.64581,32.676246,0.85137,0.336506,0.306912,0.82,cuda
span_ch48,ami,026,front,026_front,1,4,144,bicjpeg75,33.888436,0.855282,30.914804,0.940638,4,0.075499,33.261841,38.359075,32.541407,0.853876,0.359618,0.306874,0.814,cuda
span_ch48,ami,026,left,026_left,1,4,144,bicjpeg75,35.364718,0.884925,32.151673,0.949745,4,0.065194,35.161714,39.415922,33.612781,0.863924,0.339183,0.311533,0.831,cuda
span_ch48,ami,026,right,026_right,1,4,144,bicjpeg75,34.725661,0.868102,31.566171,0.944837,4,0.072084,34.052955,39.175939,33.453511,0.858858,0.357249,0.291643,0.827,cuda
span_ch48,ami,026,up,026_up,1,4,144,bicjpeg75,34.125696,0.856849,31.214909,0.942858,4,0.071721,33.809461,38.491749,33.03818,0.853882,0.354935,0.304057,0.831,cuda
span_ch48,ami,026,zoom,026_zoom,1,4,144,bicjpeg75,34.760007,0.880663,31.471956,0.952214,4,0.065097,34.395603,38.777119,33.913952,0.879159,0.334938,0.283939,0.811,cuda
span_ch48,ami,027,back,027_back,3,4,144,bicjpeg75,34.7166,0.872604,31.952562,0.94631,4,0.071149,34.133998,39.051435,32.836227,0.84764,0.30594,0.311561,0.791,cuda
span_ch48,ami,027,down,027_down,3,4,144,bicjpeg75,34.077125,0.853587,31.497422,0.946342,4,0.076164,33.304403,38.780349,33.07078,0.853728,0.371962,0.339841,0.807,cuda
span_ch48,ami,027,front,027_front,3,4,144,bicjpeg75,34.012823,0.85333,31.37263,0.944947,4,0.078311,33.266875,38.637746,33.26105,0.850789,0.312531,0.335876,0.8,cuda
span_ch48,ami,027,left,027_left,3,4,144,bicjpeg75,33.84437,0.855698,31.338247,0.946872,4,0.076598,33.150741,38.437047,32.3976,0.84403,0.327445,0.31977,0.802,cuda
span_ch48,ami,027,right,027_right,3,4,144,bicjpeg75,34.019383,0.855534,31.309356,0.948221,4,0.073555,33.165671,38.891767,33.003345,0.847028,0.331462,0.322025,0.801,cuda
span_ch48,ami,027,up,027_up,3,4,144,bicjpeg75,33.665986,0.848998,31.109988,0.94475,4,0.082165,32.694099,38.386651,32.445626,0.833773,0.32772,0.327623,0.833,cuda
span_ch48,ami,027,zoom,027_zoom,3,4,144,bicjpeg75,33.90682,0.855611,31.196691,0.9477,4,0.078815,33.141631,38.499416,33.339214,0.855228,0.316922,0.314169,0.832,cuda
span_ch48,ami,028,back,028_back,2,4,144,bicjpeg75,33.59219,0.859505,30.922507,0.935164,4,0.07612,32.954292,38.433772,32.001378,0.826678,0.32558,0.3207,0.816,cuda
span_ch48,ami,028,down,028_down,2,4,144,bicjpeg75,33.170566,0.838806,30.759946,0.935916,4,0.081375,32.240747,38.296321,31.257446,0.817079,0.350052,0.344498,0.818,cuda
span_ch48,ami,028,front,028_front,2,4,144,bicjpeg75,32.858739,0.825203,30.524685,0.928499,4,0.088837,31.776768,37.975117,30.842826,0.791438,0.39555,0.329539,0.836,cuda
span_ch48,ami,028,left,028_left,2,4,144,bicjpeg75,33.515783,0.856485,31.007839,0.940173,4,0.072441,32.483012,38.621896,31.358846,0.817396,0.411024,0.334057,0.776,cuda
span_ch48,ami,028,right,028_right,2,4,144,bicjpeg75,32.264305,0.80688,29.915617,0.919447,4,0.091554,30.965377,37.66951,31.167792,0.791592,0.436471,0.32767,0.79,cuda
span_ch48,ami,028,up,028_up,2,4,144,bicjpeg75,32.934616,0.827184,30.570147,0.928236,4,0.087876,31.925052,37.899074,32.290858,0.814976,0.415651,0.311899,0.822,cuda
span_ch48,ami,028,zoom,028_zoom,2,4,144,bicjpeg75,33.208093,0.840165,30.648126,0.931862,4,0.081286,32.378609,37.963573,31.826837,0.822478,0.366184,0.33561,0.792,cuda
span_ch48,ami,029,back,029_back,5,4,144,bicjpeg75,33.264984,0.801645,30.327727,0.920515,4,0.086387,32.419498,38.302544,32.68449,0.816535,0.437725,0.329169,0.829,cuda
span_ch48,ami,029,down,029_down,5,4,144,bicjpeg75,32.635994,0.7921,30.045909,0.914147,4,0.097166,31.603706,38.004802,31.38367,0.793723,0.407048,0.342067,0.794,cuda
span_ch48,ami,029,front,029_front,5,4,144,bicjpeg75,32.871614,0.797425,30.237288,0.915799,4,0.096317,32.118173,37.823847,32.481571,0.818439,0.449118,0.349428,0.797,cuda
span_ch48,ami,029,left,029_left,5,4,144,bicjpeg75,33.655812,0.821371,30.83225,0.930084,4,0.078855,33.084534,38.63389,32.817265,0.829079,0.428678,0.347592,0.798,cuda
span_ch48,ami,029,right,029_right,5,4,144,bicjpeg75,33.418194,0.816348,30.456498,0.927157,4,0.080849,32.9115,38.236904,32.755088,0.826271,0.442888,0.338746,0.813,cuda
span_ch48,ami,029,up,029_up,5,4,144,bicjpeg75,32.765488,0.79529,30.204753,0.920534,4,0.085257,32.118017,38.172685,32.986712,0.820912,0.434955,0.319098,0.821,cuda
span_ch48,ami,029,zoom,029_zoom,5,4,144,bicjpeg75,33.660741,0.828057,30.74261,0.932157,4,0.07787,33.106695,38.418706,33.684226,0.854403,0.44651,0.340313,0.829,cuda
span_ch48,ami,030,back,030_back,1,4,144,bicjpeg75,33.90862,0.846725,30.682812,0.944537,4,0.07506,33.260453,38.532414,32.773122,0.84729,0.375375,0.330203,0.794,cuda
span_ch48,ami,030,down,030_down,1,4,144,bicjpeg75,33.98354,0.841269,31.087979,0.938224,4,0.07784,33.287718,38.622864,32.576218,0.838022,0.383851,0.336409,0.796,cuda
span_ch48,ami,030,front,030_front,1,4,144,bicjpeg75,33.747487,0.8412,30.860101,0.938841,4,0.077019,32.978173,38.577058,32.527268,0.825322,0.355166,0.304274,0.803,cuda
span_ch48,ami,030,left,030_left,1,4,144,bicjpeg75,34.394529,0.848557,31.484962,0.940905,4,0.077146,33.650882,39.078342,33.211941,0.842531,0.334885,0.32866,0.824,cuda
span_ch48,ami,030,right,030_right,1,4,144,bicjpeg75,33.570871,0.842327,30.588275,0.940639,4,0.077483,32.802751,38.300427,32.553095,0.836449,0.366295,0.292018,0.829,cuda
span_ch48,ami,030,up,030_up,1,4,144,bicjpeg75,33.185265,0.821198,30.473167,0.931565,4,0.078215,32.30252,38.383995,32.672006,0.825671,0.387633,0.324177,0.82,cuda
span_ch48,ami,030,zoom,030_zoom,1,4,144,bicjpeg75,33.713211,0.847009,30.870047,0.945433,4,0.074696,33.093962,38.459401,33.014769,0.842691,0.387239,0.322369,0.833,cuda
span_ch48,ami,031,back,031_back,5,4,144,bicjpeg75,33.721416,0.846462,30.741748,0.938262,4,0.079535,33.196642,38.424529,32.390942,0.829958,0.354223,0.312121,0.804,cuda
span_ch48,ami,031,down,031_down,5,4,144,bicjpeg75,33.359421,0.845759,30.589706,0.943216,4,0.078428,32.800203,37.987844,32.153492,0.827795,0.381018,0.316819,0.792,cuda
span_ch48,ami,031,front,031_front,5,4,144,bicjpeg75,33.2462,0.840082,30.380829,0.940156,4,0.080536,32.658393,38.117186,31.824608,0.813159,0.383262,0.314038,0.802,cuda
span_ch48,ami,031,left,031_left,5,4,144,bicjpeg75,33.445569,0.847661,30.617192,0.943755,4,0.073207,33.024238,38.155213,32.031617,0.824639,0.367969,0.327688,0.8,cuda
span_ch48,ami,031,right,031_right,5,4,144,bicjpeg75,33.595968,0.842495,30.687477,0.939036,4,0.080098,32.92988,38.207069,32.246982,0.816577,0.402065,0.332286,0.789,cuda
span_ch48,ami,031,up,031_up,5,4,144,bicjpeg75,33.319736,0.837592,30.490691,0.937447,4,0.077894,32.851624,38.157157,32.067509,0.813164,0.39134,0.298909,0.83,cuda
span_ch48,ami,031,zoom,031_zoom,5,4,144,bicjpeg75,33.607092,0.850914,30.69829,0.942595,4,0.072786,33.380603,38.203089,32.586229,0.831133,0.410753,0.334345,0.826,cuda
span_ch48,ami,032,back,032_back,3,4,144,bicjpeg75,34.370319,0.874961,30.846135,0.946338,4,0.077744,33.600191,39.051499,31.916487,0.830153,0.28124,0.319087,0.805,cuda
span_ch48,ami,032,down,032_down,3,4,144,bicjpeg75,34.470448,0.881523,31.117008,0.950654,4,0.073808,33.63824,39.245242,31.818628,0.82321,0.274259,0.29599,0.803,cuda
span_ch48,ami,032,front,032_front,3,4,144,bicjpeg75,34.476473,0.882468,31.035561,0.951199,4,0.073623,33.437347,39.163539,32.235597,0.845999,0.277969,0.310258,0.814,cuda
span_ch48,ami,032,left,032_left,3,4,144,bicjpeg75,34.423868,0.883183,31.088404,0.949459,4,0.074573,33.238486,39.256241,31.937812,0.840227,0.255888,0.311115,0.837,cuda
span_ch48,ami,032,right,032_right,3,4,144,bicjpeg75,34.100573,0.877974,30.915273,0.947653,4,0.081039,32.935084,38.89744,31.867622,0.835054,0.300722,0.291473,0.833,cuda
span_ch48,ami,032,up,032_up,3,4,144,bicjpeg75,34.329383,0.880339,30.914571,0.948335,4,0.076849,33.506088,38.832884,32.302644,0.841393,0.286935,0.320992,0.819,cuda
span_ch48,ami,032,zoom,032_zoom,3,4,144,bicjpeg75,33.890243,0.870764,30.656485,0.946583,4,0.075475,32.899638,38.414952,32.4526,0.854489,0.260937,0.302991,0.802,cuda
span_ch48,ami,033,back,033_back,3,4,144,bicjpeg75,34.951947,0.872281,32.044703,0.944028,4,0.072932,34.732895,39.254167,33.271243,0.847166,0.329351,0.298598,0.796,cuda
span_ch48,ami,033,down,033_down,3,4,144,bicjpeg75,35.073417,0.881885,32.031928,0.950169,4,0.071167,34.544703,39.201443,33.525718,0.86413,0.328348,0.306534,0.798,cuda
span_ch48,ami,033,front,033_front,3,4,144,bicjpeg75,34.828671,0.869001,31.964609,0.94684,4,0.070863,34.383723,39.028984,33.347491,0.85016,0.365347,0.313609,0.816,cuda
span_ch48,ami,033,left,033_left,3,4,144,bicjpeg75,35.830079,0.889905,32.823023,0.949811,4,0.07176,35.525266,39.994256,34.147544,0.863214,0.287129,0.312072,0.828,cuda
span_ch48,ami,033,right,033_right,3,4,144,bicjpeg75,34.288826,0.86104,31.396407,0.942416,4,0.076444,33.763727,38.698714,32.476304,0.825782,0.353261,0.302585,0.823,cuda
span_ch48,ami,033,up,033_up,3,4,144,bicjpeg75,34.784478,0.868957,31.848323,0.944033,4,0.073571,34.404585,39.046649,33.49615,0.847675,0.341643,0.310252,0.827,cuda
span_ch48,ami,033,zoom,033_zoom,3,4,144,bicjpeg75,35.143365,0.879788,31.937773,0.950903,4,0.06749,34.73363,39.332284,34.448248,0.874107,0.335824,0.296417,0.834,cuda
span_ch48,ami,034,back,034_back,4,4,144,bicjpeg75,32.271314,0.801044,30.015162,0.927415,4,0.089205,31.419639,37.721904,32.770606,0.83667,0.382297,0.307511,0.82,cuda
span_ch48,ami,034,down,034_down,4,4,144,bicjpeg75,32.284979,0.806616,30.151754,0.929498,4,0.09856,31.474788,37.654414,33.228315,0.859456,0.407621,0.319939,0.813,cuda
span_ch48,ami,034,front,034_front,4,4,144,bicjpeg75,32.293701,0.809259,30.079784,0.92747,4,0.093334,31.852103,37.462266,32.891751,0.848554,0.369995,0.333041,0.818,cuda
span_ch48,ami,034,left,034_left,4,4,144,bicjpeg75,32.517969,0.807833,30.422494,0.92786,4,0.093153,31.798689,37.910861,33.107011,0.844753,0.41066,0.333507,0.815,cuda
span_ch48,ami,034,right,034_right,4,4,144,bicjpeg75,32.266549,0.802363,29.982904,0.925276,4,0.094719,31.635826,37.331053,32.573555,0.840211,0.397319,0.311866,0.78,cuda
span_ch48,ami,034,up,034_up,4,4,144,bicjpeg75,31.687209,0.78795,29.609663,0.920768,4,0.099005,31.01351,37.128857,32.886071,0.844831,0.368115,0.30113,0.808,cuda
span_ch48,ami,034,zoom,034_zoom,4,4,144,bicjpeg75,33.495646,0.848943,31.104195,0.943745,4,0.082579,32.935269,38.308639,34.263326,0.879771,0.336135,0.318274,0.799,cuda
span_ch48,ami,035,back,035_back,5,4,144,bicjpeg75,35.21964,0.877743,32.040427,0.945071,4,0.070238,34.83381,39.39592,33.213132,0.844234,0.30035,0.299139,0.786,cuda
span_ch48,ami,035,down,035_down,5,4,144,bicjpeg75,35.58457,0.890924,32.313759,0.953803,4,0.058782,35.349592,39.681385,34.030219,0.877161,0.330572,0.339334,0.8,cuda
span_ch48,ami,035,front,035_front,5,4,144,bicjpeg75,35.799313,0.892762,32.361017,0.955774,4,0.059169,35.172721,40.281385,34.105527,0.876841,0.299012,0.317548,0.823,cuda
span_ch48,ami,035,left,035_left,5,4,144,bicjpeg75,35.939784,0.890985,32.473805,0.950431,4,0.063185,35.649609,39.918282,34.079078,0.860949,0.358213,0.339745,0.813,cuda
span_ch48,ami,035,right,035_right,5,4,144,bicjpeg75,35.099235,0.878331,31.835199,0.947308,4,0.073119,34.436345,39.47836,33.184813,0.856329,0.316073,0.309334,0.812,cuda
span_ch48,ami,035,up,035_up,5,4,144,bicjpeg75,35.173398,0.882739,31.91182,0.950176,4,0.062462,34.675777,39.448423,33.509255,0.864446,0.32795,0.313499,0.823,cuda
span_ch48,ami,035,zoom,035_zoom,5,4,144,bicjpeg75,35.387644,0.885082,31.995785,0.952361,4,0.063882,35.099985,39.536194,34.079644,0.875734,0.321752,0.308103,0.822,cuda
span_ch48,ami,036,back,036_back,2,4,144,bicjpeg75,33.92469,0.843939,31.587451,0.936836,4,0.084206,33.057181,38.647005,32.473304,0.836958,0.331686,0.314752,0.831,cuda
span_ch48,ami,036,down,036_down,2,4,144,bicjpeg75,34.153625,0.847043,32.025156,0.934401,4,0.08098,33.390048,38.971593,33.322803,0.854172,0.414373,0.353092,0.822,cuda
span_ch48,ami,036,front,036_front,2,4,144,bicjpeg75,34.076991,0.845536,31.937865,0.933556,4,0.082467,33.302611,38.879626,33.243451,0.848499,0.385693,0.357068,0.821,cuda
span_ch48,ami,036,left,036_left,2,4,144,bicjpeg75,34.979509,0.864512,32.762844,0.944805,4,0.07073,34.183841,39.811378,34.290005,0.871279,0.384497,0.31855,0.801,cuda
span_ch48,ami,036,right,036_right,2,4,144,bicjpeg75,34.546706,0.864098,32.051496,0.944721,4,0.074149,33.756189,39.127077,33.087335,0.85614,0.349758,0.317707,0.82,cuda
span_ch48,ami,036,up,036_up,2,4,144,bicjpeg75,33.449532,0.825785,31.385576,0.928826,4,0.08867,32.383013,38.473472,33.231178,0.854705,0.352121,0.311955,0.82,cuda
span_ch48,ami,036,zoom,036_zoom,2,4,144,bicjpeg75,34.730416,0.864566,32.465191,0.941104,4,0.080636,34.088623,39.192897,34.222346,0.875017,0.355566,0.33687,0.811,cuda
span_ch48,ami,037,back,037_back,2,4,144,bicjpeg75,33.824883,0.823585,31.533492,0.929214,4,0.078412,32.793012,39.101911,32.457106,0.838392,0.473003,0.308004,0.825,cuda
span_ch48,ami,037,down,037_down,2,4,144,bicjpeg75,34.177892,0.845296,31.772893,0.93771,4,0.072163,33.154146,39.163535,32.741411,0.859559,0.387544,0.286291,0.806,cuda
span_ch48,ami,037,front,037_front,2,4,144,bicjpeg75,34.407253,0.849501,31.934908,0.938453,4,0.067748,33.50419,39.347029,33.013201,0.861405,0.42227,0.312429,0.824,cuda
span_ch48,ami,037,left,037_left,2,4,144,bicjpeg75,34.390255,0.843407,32.204677,0.938167,4,0.072043,33.402511,39.496498,33.091471,0.849765,0.436379,0.307258,0.813,cuda
span_ch48,ami,037,right,037_right,2,4,144,bicjpeg75,34.204854,0.846593,31.750772,0.936142,4,0.07797,33.529095,38.767168,32.988963,0.851248,0.44298,0.325739,0.802,cuda
span_ch48,ami,037,up,037_up,2,4,144,bicjpeg75,34.078195,0.836099,31.750075,0.934246,4,0.072762,33.036552,39.007096,32.929052,0.856516,0.435161,0.322924,0.811,cuda
span_ch48,ami,037,zoom,037_zoom,2,4,144,bicjpeg75,34.611999,0.861648,32.079269,0.944052,4,0.067432,33.910507,39.173312,33.607754,0.878934,0.346126,0.296837,0.808,cuda
span_ch48,ami,038,back,038_back,2,4,144,bicjpeg75,33.639031,0.836875,31.104201,0.930821,4,0.0906,32.870869,38.235193,32.258821,0.822432,0.368388,0.302484,0.808,cuda
span_ch48,ami,038,down,038_down,2,4,144,bicjpeg75,32.975666,0.815918,30.745222,0.930925,4,0.083624,32.32045,38.063467,32.797543,0.850466,0.403846,0.334659,0.82,cuda
span_ch48,ami,038,front,038_front,2,4,144,bicjpeg75,33.107849,0.812987,30.891968,0.925916,4,0.087224,32.497113,38.023919,32.609245,0.833945,0.397159,0.309808,0.812,cuda
span_ch48,ami,038,left,038_left,2,4,144,bicjpeg75,33.892867,0.834645,31.610171,0.934653,4,0.083819,33.147243,38.765786,33.665745,0.853306,0.367759,0.344673,0.796,cuda
span_ch48,ami,038,right,038_right,2,4,144,bicjpeg75,33.668393,0.841942,31.135001,0.936518,4,0.079593,33.160758,38.486898,32.423607,0.842233,0.354574,0.330662,0.819,cuda
span_ch48,ami,038,up,038_up,2,4,144,bicjpeg75,32.938569,0.809142,30.6709,0.927269,4,0.089757,32.17207,37.807823,32.388036,0.823318,0.370196,0.319332,0.801,cuda
span_ch48,ami,038,zoom,038_zoom,2,4,144,bicjpeg75,33.924636,0.844723,31.407306,0.939088,4,0.081034,33.445679,38.391964,33.320362,0.857982,0.355821,0.330224,0.812,cuda
span_ch48,ami,039,back,039_back,2,4,144,bicjpeg75,34.429643,0.871024,31.567437,0.944217,4,0.075023,33.881489,38.615586,32.35571,0.839966,0.308206,0.301936,0.806,cuda
span_ch48,ami,039,down,039_down,2,4,144,bicjpeg75,34.297939,0.872752,31.441995,0.948553,4,0.070468,33.585597,38.874838,32.943791,0.85053,0.325854,0.302564,0.799,cuda
span_ch48,ami,039,front,039_front,2,4,144,bicjpeg75,34.726936,0.876874,31.716726,0.948152,4,0.067714,34.363059,38.881158,32.970023,0.852829,0.316085,0.287237,0.791,cuda
span_ch48,ami,039,left,039_left,2,4,144,bicjpeg75,35.592711,0.889671,32.419357,0.954248,4,0.063323,35.116826,39.92824,34.315814,0.869698,0.309215,0.295312,0.814,cuda
span_ch48,ami,039,right,039_right,2,4,144,bicjpeg75,34.478188,0.882793,31.499601,0.953348,4,0.070555,33.531995,39.231887,32.370507,0.853682,0.335377,0.298422,0.814,cuda
span_ch48,ami,039,up,039_up,2,4,144,bicjpeg75,34.563107,0.871078,31.64172,0.945284,4,0.068745,34.449148,38.722016,32.724546,0.841124,0.290168,0.297271,0.797,cuda
span_ch48,ami,039,zoom,039_zoom,2,4,144,bicjpeg75,35.176988,0.886196,31.767162,0.952687,4,0.069896,34.87173,39.145444,33.642281,0.863244,0.278875,0.315213,0.799,cuda
span_ch48,ami,040,back,040_back,4,4,144,bicjpeg75,34.152727,0.858287,31.102512,0.937571,4,0.076837,33.545312,38.647986,32.617842,0.823732,0.347848,0.31955,0.825,cuda
span_ch48,ami,040,down,040_down,4,4,144,bicjpeg75,33.874778,0.859348,31.009119,0.942604,4,0.07747,33.533778,38.357461,32.681155,0.841061,0.348887,0.326465,0.833,cuda
span_ch48,ami,040,front,040_front,4,4,144,bicjpeg75,34.092831,0.860005,31.051021,0.940222,4,0.08266,33.498133,38.597471,32.518955,0.825983,0.358715,0.3242,0.779,cuda
span_ch48,ami,040,left,040_left,4,4,144,bicjpeg75,34.936863,0.87847,31.97393,0.950918,4,0.065497,34.578711,39.449665,33.339366,0.851043,0.374529,0.318697,0.8,cuda
span_ch48,ami,040,right,040_right,4,4,144,bicjpeg75,34.021335,0.864711,30.862474,0.943139,4,0.075935,33.763374,38.200912,32.210438,0.82948,0.363197,0.332162,0.814,cuda
span_ch48,ami,040,up,040_up,4,4,144,bicjpeg75,34.026236,0.865298,30.911015,0.944876,4,0.068914,33.428345,38.533752,32.348171,0.839495,0.359461,0.332631,0.8,cuda
span_ch48,ami,040,zoom,040_zoom,4,4,144,bicjpeg75,34.114423,0.865585,30.961744,0.94369,4,0.074383,33.716774,38.426874,32.849012,0.84624,0.34741,0.315536,0.812,cuda
span_ch48,ami,041,back,041_back,5,4,144,bicjpeg75,33.744184,0.842172,31.125971,0.937588,4,0.078806,33.41705,38.097909,32.705987,0.844399,0.378496,0.310905,0.798,cuda
span_ch48,ami,041,down,041_down,5,4,144,bicjpeg75,34.426812,0.860768,31.635438,0.943641,4,0.071612,34.025031,38.902473,33.466946,0.863101,0.386935,0.299837,0.798,cuda
span_ch48,ami,041,front,041_front,5,4,144,bicjpeg75,34.170143,0.85715,31.372213,0.943139,4,0.071927,33.972885,38.567948,33.492672,0.868113,0.372385,0.317133,0.817,cuda
span_ch48,ami,041,left,041_left,5,4,144,bicjpeg75,36.111319,0.888027,32.996364,0.951543,4,0.060276,35.926212,40.298685,35.477848,0.89481,0.374756,0.299546,0.814,cuda
span_ch48,ami,041,right,041_right,5,4,144,bicjpeg75,33.988666,0.849414,31.03269,0.937447,4,0.078194,33.578509,38.492445,32.96677,0.848012,0.356467,0.297021,0.811,cuda
span_ch48,ami,041,up,041_up,5,4,144,bicjpeg75,34.095947,0.856444,31.336139,0.944579,4,0.072925,33.790889,38.531972,33.382807,0.856925,0.388395,0.325844,0.854,cuda
span_ch48,ami,041,zoom,041_zoom,5,4,144,bicjpeg75,34.652591,0.871158,31.765844,0.948174,4,0.071559,34.329067,38.804794,34.370319,0.880709,0.384602,0.337548,0.795,cuda
span_ch48,ami,042,back,042_back,4,4,144,bicjpeg75,32.697029,0.808589,30.268046,0.923188,4,0.093131,31.802889,37.657955,32.02315,0.827916,0.371202,0.292907,0.808,cuda
span_ch48,ami,042,down,042_down,4,4,144,bicjpeg75,33.257737,0.82532,30.953321,0.93423,4,0.089325,32.367683,38.413036,32.721378,0.841741,0.393295,0.328009,0.818,cuda
span_ch48,ami,042,front,042_front,4,4,144,bicjpeg75,32.370788,0.793579,30.202061,0.925337,4,0.097432,31.438794,37.717339,32.551871,0.843205,0.387924,0.319286,0.82,cuda
span_ch48,ami,042,left,042_left,4,4,144,bicjpeg75,34.040843,0.841601,31.73817,0.939317,4,0.079879,33.008265,39.164778,33.815798,0.862225,0.397132,0.314244,0.81,cuda
span_ch48,ami,042,right,042_right,4,4,144,bicjpeg75,32.727721,0.805505,30.340591,0.926467,4,0.092225,31.762672,37.848417,32.245946,0.842836,0.363312,0.303623,0.81,cuda
span_ch48,ami,042,up,042_up,4,4,144,bicjpeg75,32.229902,0.786,29.986434,0.921382,4,0.10163,31.127523,37.772477,32.448862,0.837725,0.34825,0.304821,0.813,cuda
span_ch48,ami,042,zoom,042_zoom,4,4,144,bicjpeg75,33.213052,0.835193,30.770927,0.939191,4,0.08366,32.649912,37.939349,33.515553,0.870605,0.351406,0.328982,0.812,cuda
span_ch48,ami,043,back,043_back,4,4,144,bicjpeg75,33.710962,0.855394,31.029643,0.94535,4,0.080053,33.345121,38.064449,32.767046,0.858015,0.318754,0.296858,0.809,cuda
span_ch48,ami,043,down,043_down,4,4,144,bicjpeg75,33.476974,0.83451,30.984831,0.939435,4,0.076606,33.000426,38.210773,33.43404,0.869717,0.382931,0.292594,0.807,cuda
span_ch48,ami,043,front,043_front,4,4,144,bicjpeg75,33.846802,0.848089,31.195752,0.943134,4,0.07749,33.451669,38.451044,32.957388,0.851196,0.362595,0.31761,0.808,cuda
span_ch48,ami,043,left,043_left,4,4,144,bicjpeg75,34.398706,0.857058,31.867901,0.946076,4,0.072836,33.965863,39.034008,33.334366,0.856667,0.352631,0.289979,0.804,cuda
span_ch48,ami,043,right,043_right,4,4,144,bicjpeg75,33.962289,0.863318,31.077974,0.949522,4,0.075291,33.299344,38.515224,32.834281,0.850759,0.320542,0.300842,0.814,cuda
span_ch48,ami,043,up,043_up,4,4,144,bicjpeg75,33.340779,0.829399,30.830807,0.935562,4,0.076141,33.068647,37.994318,32.494359,0.83308,0.343996,0.317068,0.796,cuda
span_ch48,ami,043,zoom,043_zoom,4,4,144,bicjpeg75,34.256731,0.857916,31.516104,0.94814,4,0.074575,33.872897,38.68737,33.85217,0.87075,0.342437,0.314525,0.827,cuda
span_ch48,ami,044,back,044_back,5,4,144,bicjpeg75,34.196371,0.864137,31.343915,0.943976,4,0.072108,33.504661,38.687434,32.299269,0.847379,0.388973,0.302405,0.814,cuda
span_ch48,ami,044,down,044_down,5,4,144,bicjpeg75,34.59349,0.879181,31.662935,0.953984,4,0.066163,33.514028,39.692221,32.923007,0.867193,0.354474,0.296788,0.811,cuda
span_ch48,ami,044,front,044_front,5,4,144,bicjpeg75,34.494611,0.879814,31.702328,0.952364,4,0.06736,33.864784,38.989739,32.665151,0.863052,0.335644,0.296406,0.827,cuda
span_ch48,ami,044,left,044_left,5,4,144,bicjpeg75,34.733851,0.877785,31.743643,0.949825,4,0.065532,34.050781,39.518158,33.16094,0.868094,0.345317,0.306317,0.828,cuda
span_ch48,ami,044,right,044_right,5,4,144,bicjpeg75,34.793877,0.878313,31.683364,0.95065,4,0.066825,34.183743,39.268874,32.724287,0.853508,0.33239,0.30127,0.832,cuda
span_ch48,ami,044,up,044_up,5,4,144,bicjpeg75,34.251123,0.869891,31.415957,0.947052,4,0.071946,33.414376,38.831527,32.114699,0.841915,0.347809,0.307818,0.805,cuda
span_ch48,ami,044,zoom,044_zoom,5,4,144,bicjpeg75,34.287327,0.872525,31.475711,0.949856,4,0.069811,33.625443,38.610523,33.252435,0.869166,0.304378,0.299435,0.809,cuda
span_ch48,ami,045,back,045_back,2,4,144,bicjpeg75,33.494049,0.847466,31.020578,0.937882,4,0.08079,32.793518,38.103784,33.175633,0.859814,0.370533,0.307283,0.801,cuda
span_ch48,ami,045,down,045_down,2,4,144,bicjpeg75,34.673324,0.868275,32.017556,0.949409,4,0.076637,34.161462,39.222241,34.93304,0.892728,0.380347,0.308852,0.805,cuda
span_ch48,ami,045,front,045_front,2,4,144,bicjpeg75,34.239176,0.862752,31.575262,0.942954,4,0.078683,33.851235,38.706771,33.854934,0.866435,0.376597,0.31882,0.808,cuda
span_ch48,ami,045,left,045_left,2,4,144,bicjpeg75,35.828772,0.883115,32.917651,0.949904,4,0.073154,35.405256,39.986763,35.727139,0.890969,0.404556,0.334557,0.824,cuda
span_ch48,ami,045,right,045_right,2,4,144,bicjpeg75,33.966065,0.856379,31.124586,0.941576,4,0.084327,33.27616,38.589052,33.036613,0.853581,0.308728,0.289196,0.803,cuda
span_ch48,ami,045,up,045_up,2,4,144,bicjpeg75,34.18986,0.864171,31.536576,0.943504,4,0.077543,33.685268,38.6049,33.826074,0.869336,0.301281,0.302333,0.819,cuda
span_ch48,ami,045,zoom,045_zoom,2,4,144,bicjpeg75,35.476906,0.891633,32.505749,0.951304,4,0.071698,35.064428,39.276834,34.600884,0.882584,0.309946,0.293521,0.833,cuda
span_ch48,ami,046,back,046_back,5,4,144,bicjpeg75,33.11067,0.864865,30.248539,0.944493,4,0.075018,32.33143,37.440268,33.294418,0.856359,0.369568,0.31853,0.793,cuda
span_ch48,ami,046,down,046_down,5,4,144,bicjpeg75,35.362104,0.892298,32.258615,0.955504,4,0.064674,34.735461,39.65265,33.661507,0.869217,0.34512,0.307461,0.801,cuda
span_ch48,ami,046,front,046_front,5,4,144,bicjpeg75,35.23011,0.888977,31.852341,0.955162,4,0.065078,34.907222,39.391201,33.56113,0.867353,0.314182,0.313074,0.79,cuda
span_ch48,ami,046,left,046_left,5,4,144,bicjpeg75,35.890661,0.898366,32.679369,0.954356,4,0.064544,35.776811,39.763251,34.173457,0.868095,0.33541,0.295275,0.834,cuda
span_ch48,ami,046,right,046_right,5,4,144,bicjpeg75,34.803887,0.885553,31.37538,0.954615,4,0.071414,34.015038,39.351613,33.065923,0.854898,0.304792,0.298109,0.831,cuda
span_ch48,ami,046,up,046_up,5,4,144,bicjpeg75,33.757492,0.855487,30.731975,0.94419,4,0.078222,33.210185,38.277269,32.851791,0.849768,0.322968,0.300719,0.815,cuda
span_ch48,ami,046,zoom,046_zoom,5,4,144,bicjpeg75,35.040969,0.886808,31.776778,0.953024,4,0.067533,34.864401,38.89825,33.74137,0.869817,0.29698,0.299403,0.81,cuda
span_ch48,ami,047,back,047_back,3,4,144,bicjpeg75,34.144291,0.86069,31.502943,0.940405,4,0.082197,33.517236,38.610886,32.596681,0.845706,0.315076,0.288524,0.787,cuda
span_ch48,ami,047,down,047_down,3,4,144,bicjpeg75,34.139112,0.85193,31.553484,0.93985,4,0.083463,33.553619,38.652433,33.298639,0.862107,0.301791,0.292675,0.795,cuda
span_ch48,ami,047,front,047_front,3,4,144,bicjpeg75,34.501717,0.858275,31.815247,0.940644,4,0.07859,33.764237,39.004347,33.60267,0.86666,0.333285,0.318919,0.801,cuda
span_ch48,ami,047,left,047_left,3,4,144,bicjpeg75,33.966602,0.840075,31.483373,0.934539,4,0.078881,33.45558,38.527583,33.135896,0.847787,0.360006,0.335143,0.823,cuda
span_ch48,ami,047,right,047_right,3,4,144,bicjpeg75,34.705924,0.868828,31.85613,0.944148,4,0.069757,34.235164,39.123131,33.251421,0.861706,0.310203,0.300177,0.825,cuda
span_ch48,ami,047,up,047_up,3,4,144,bicjpeg75,34.200825,0.848536,31.524406,0.935435,4,0.079455,33.608565,38.774674,33.478007,0.858863,0.330023,0.321092,0.829,cuda
span_ch48,ami,047,zoom,047_zoom,3,4,144,bicjpeg75,35.140677,0.876667,32.165251,0.94706,4,0.07216,34.816304,39.205917,34.331545,0.886285,0.291693,0.332539,0.806,cuda
span_ch48,ami,048,back,048_back,1,4,144,bicjpeg75,33.849284,0.852057,31.038002,0.936077,4,0.08744,33.153787,38.516255,32.199809,0.821812,0.304865,0.304605,0.814,cuda
span_ch48,ami,048,down,048_down,1,4,144,bicjpeg75,34.543045,0.873639,31.905527,0.946883,4,0.075405,34.083421,38.781973,33.001236,0.849042,0.361889,0.322499,0.817,cuda
span_ch48,ami,048,front,048_front,1,4,144,bicjpeg75,34.615603,0.875735,31.873971,0.946938,4,0.07112,34.216575,38.705444,33.11315,0.849184,0.323427,0.325836,0.804,cuda
span_ch48,ami,048,left,048_left,1,4,144,bicjpeg75,35.270662,0.886651,32.58089,0.947388,4,0.067301,35.139318,39.097964,33.77449,0.861137,0.332089,0.310612,0.813,cuda
span_ch48,ami,048,right,048_right,1,4,144,bicjpeg75,34.12972,0.867562,31.427825,0.940961,4,0.078662,33.392465,38.500653,32.465558,0.840128,0.308596,0.333671,0.808,cuda
span_ch48,ami,048,up,048_up,1,4,144,bicjpeg75,34.136171,0.869225,31.557427,0.944459,4,0.075124,33.851214,38.366554,33.106987,0.847316,0.303231,0.317403,0.804,cuda
span_ch48,ami,048,zoom,048_zoom,1,4,144,bicjpeg75,35.238951,0.889563,32.366109,0.951027,4,0.068467,35.085365,39.185891,33.671706,0.860041,0.289427,0.331263,0.804,cuda
span_ch48,ami,051,back,051_back,4,4,144,bicjpeg75,33.584794,0.861336,31.215436,0.945169,4,0.075712,33.099527,38.045401,32.760357,0.860547,0.358065,0.335592,0.824,cuda
span_ch48,ami,051,down,051_down,4,4,144,bicjpeg75,33.655995,0.860381,31.475768,0.945171,4,0.077616,32.895108,38.285426,33.658872,0.871174,0.347933,0.316041,0.817,cuda
span_ch48,ami,051,front,051_front,4,4,144,bicjpeg75,33.626058,0.857939,31.371632,0.943939,4,0.08092,33.050436,38.018365,33.208388,0.856238,0.366237,0.315571,0.814,cuda
span_ch48,ami,051,left,051_left,4,4,144,bicjpeg75,34.763933,0.877648,32.330169,0.945976,4,0.074071,34.532751,38.845941,34.114731,0.869976,0.349806,0.320864,0.798,cuda
span_ch48,ami,051,right,051_right,4,4,144,bicjpeg75,33.89682,0.853508,31.346438,0.938881,4,0.081656,33.29551,38.418789,32.104468,0.818874,0.321709,0.315945,0.779,cuda
span_ch48,ami,051,up,051_up,4,4,144,bicjpeg75,33.43969,0.853264,31.233027,0.943356,4,0.078732,32.988127,38.071526,33.311735,0.857645,0.352524,0.321879,0.81,cuda
span_ch48,ami,051,zoom,051_zoom,4,4,144,bicjpeg75,34.851913,0.885461,32.363581,0.949517,4,0.074235,34.429258,38.619032,34.139904,0.878111,0.317261,0.329205,0.824,cuda
span_ch48,ami,052,back,052_back,1,4,144,bicjpeg75,33.416485,0.850397,30.802101,0.942728,4,0.079274,32.620882,37.910306,32.103744,0.838016,0.283342,0.325676,0.809,cuda
span_ch48,ami,052,down,052_down,1,4,144,bicjpeg75,33.738367,0.854152,31.176092,0.950818,4,0.081387,33.108944,38.451306,32.532823,0.838223,0.274028,0.330787,0.817,cuda
span_ch48,ami,052,front,052_front,1,4,144,bicjpeg75,33.606594,0.850455,31.027961,0.945449,4,0.078559,33.13712,38.135062,31.960175,0.829866,0.308944,0.329718,0.828,cuda
span_ch48,ami,052,left,052_left,1,4,144,bicjpeg75,34.723734,0.877803,32.001439,0.956077,4,0.071972,34.081234,39.166271,33.075832,0.8567,0.310104,0.31109,0.824,cuda
span_ch48,ami,052,right,052_right,1,4,144,bicjpeg75,33.405696,0.859673,30.801551,0.945552,4,0.08375,32.590511,37.824789,31.687469,0.834245,0.309688,0.319268,0.793,cuda
span_ch48,ami,052,up,052_up,1,4,144,bicjpeg75,33.774438,0.862903,31.141375,0.949259,4,0.077438,32.880417,38.166249,32.783921,0.86021,0.307151,0.33216,0.809,cuda
span_ch48,ami,052,zoom,052_zoom,1,4,144,bicjpeg75,34.230976,0.875439,31.500161,0.954307,4,0.074327,33.440604,38.424614,33.253726,0.859596,0.285818,0.300019,0.793,cuda
span_ch48,ami,053,back,053_back,3,4,144,bicjpeg75,34.010446,0.855162,30.829987,0.941014,4,0.076167,33.345172,38.424332,32.782963,0.843317,0.329148,0.297436,0.803,cuda
span_ch48,ami,053,down,053_down,3,4,144,bicjpeg75,33.065548,0.830565,30.37111,0.933408,4,0.085445,32.399713,37.786327,32.065346,0.81813,0.347623,0.305371,0.809,cuda
span_ch48,ami,053,front,053_front,3,4,144,bicjpeg75,33.461318,0.839173,30.645777,0.934703,4,0.085565,33.101117,37.856731,32.36241,0.828633,0.325824,0.293188,0.816,cuda
span_ch48,ami,053,left,053_left,3,4,144,bicjpeg75,34.249752,0.861532,31.248969,0.947401,4,0.072759,33.786376,38.835904,33.521923,0.849001,0.341692,0.320524,0.831,cuda
span_ch48,ami,053,right,053_right,3,4,144,bicjpeg75,33.91056,0.85644,30.739991,0.941761,4,0.079785,33.316058,38.432522,32.068208,0.818274,0.329766,0.308324,0.809,cuda
span_ch48,ami,053,up,053_up,3,4,144,bicjpeg75,33.240252,0.832868,30.409251,0.933141,4,0.081594,32.549131,37.845448,32.043386,0.818607,0.358241,0.318369,0.793,cuda
span_ch48,ami,053,zoom,053_zoom,3,4,144,bicjpeg75,34.181307,0.862889,31.070102,0.943763,4,0.073835,33.764888,38.436823,33.306709,0.849483,0.338104,0.29643,0.789,cuda
span_ch48,ami,054,back,054_back,3,4,144,bicjpeg75,33.871041,0.864782,30.74128,0.945002,4,0.07499,32.655613,38.754174,32.656858,0.845884,0.37082,0.322672,0.807,cuda
span_ch48,ami,054,down,054_down,3,4,144,bicjpeg75,34.097601,0.873413,31.1667,0.946787,4,0.076138,33.273289,38.648782,33.321298,0.859608,0.338164,0.302409,0.82,cuda
span_ch48,ami,054,front,054_front,3,4,144,bicjpeg75,33.921243,0.862937,31.151266,0.944236,4,0.076819,33.271452,38.379504,32.794344,0.845878,0.305497,0.307826,0.805,cuda
span_ch48,ami,054,left,054_left,3,4,144,bicjpeg75,34.511046,0.865844,31.692212,0.943234,4,0.075127,34.287664,38.374218,33.333264,0.853269,0.344284,0.315458,0.813,cuda
span_ch48,ami,054,right,054_right,3,4,144,bicjpeg75,34.069874,0.86143,31.177135,0.94349,4,0.077431,33.568135,38.422527,32.640281,0.839548,0.320405,0.297008,0.781,cuda
span_ch48,ami,054,up,054_up,3,4,144,bicjpeg75,32.792446,0.849525,29.685355,0.942826,4,0.079053,31.410984,38.147657,32.197273,0.830911,0.375468,0.323173,0.827,cuda
span_ch48,ami,054,zoom,054_zoom,3,4,144,bicjpeg75,34.324512,0.878421,31.098742,0.950229,4,0.078213,33.167077,39.033491,33.736732,0.869681,0.30804,0.296464,0.819,cuda
span_ch48,ami,055,back,055_back,2,4,144,bicjpeg75,34.550808,0.87062,31.660687,0.942387,4,0.07966,33.833877,38.985599,32.475013,0.834633,0.296135,0.290743,0.825,cuda
span_ch48,ami,055,down,055_down,2,4,144,bicjpeg75,34.091183,0.861835,31.349836,0.9415,4,0.081414,33.471789,38.517304,32.557115,0.852071,0.286952,0.31306,0.773,cuda
span_ch48,ami,055,front,055_front,2,4,144,bicjpeg75,34.593168,0.877203,31.571124,0.946348,4,0.072817,33.861458,38.820572,32.851871,0.849521,0.300182,0.283599,0.808,cuda
span_ch48,ami,055,left,055_left,2,4,144,bicjpeg75,34.974934,0.877625,31.869792,0.946553,4,0.071243,34.357946,39.212452,33.296805,0.860208,0.321433,0.323084,0.81,cuda
span_ch48,ami,055,right,055_right,2,4,144,bicjpeg75,34.482711,0.877284,31.394003,0.943676,4,0.081601,33.674257,38.852311,32.201038,0.823319,0.289384,0.30019,0.822,cuda
span_ch48,ami,055,up,055_up,2,4,144,bicjpeg75,34.244593,0.868441,31.354673,0.943752,4,0.079388,33.428657,38.669953,32.522686,0.839974,0.317101,0.308461,0.818,cuda
span_ch48,ami,055,zoom,055_zoom,2,4,144,bicjpeg75,35.143934,0.893292,31.744773,0.953423,4,0.064028,34.720517,39.085661,33.243758,0.872723,0.281869,0.280799,0.803,cuda
span_ch48,ami,056,back,056_back,4,4,144,bicjpeg75,32.757717,0.848728,30.215522,0.934107,4,0.093321,31.318128,37.837615,31.220052,0.817493,0.332919,0.294549,0.832,cuda
span_ch48,ami,056,down,056_down,4,4,144,bicjpeg75,33.740084,0.857684,31.115164,0.940244,4,0.079582,33.155068,37.986657,32.02381,0.823443,0.283967,0.287515,0.821,cuda
span_ch48,ami,056,front,056_front,4,4,144,bicjpeg75,33.287344,0.865186,30.659083,0.945065,4,0.077869,32.336939,37.940952,31.282819,0.835859,0.27293,0.292,0.785,cuda
span_ch48,ami,056,left,056_left,4,4,144,bicjpeg75,34.590571,0.882237,31.613551,0.94675,4,0.076347,33.975414,38.708865,32.724254,0.855204,0.289041,0.298921,0.808,cuda
span_ch48,ami,056,right,056_right,4,4,144,bicjpeg75,33.924963,0.87613,31.039091,0.945715,4,0.077175,32.895623,38.261661,31.620525,0.817862,0.252282,0.276908,0.794,cuda
span_ch48,ami,056,up,056_up,4,4,144,bicjpeg75,32.67114,0.846571,30.251308,0.93861,4,0.088785,31.36435,37.681264,31.857432,0.836783,0.315141,0.289243,0.793,cuda
span_ch48,ami,056,zoom,056_zoom,4,4,144,bicjpeg75,34.003627,0.872021,31.132639,0.946013,4,0.083977,33.418202,38.002827,32.932058,0.862297,0.266234,0.26413,0.825,cuda
span_ch48,ami,057,back,057_back,5,4,144,bicjpeg75,33.265186,0.854055,30.557052,0.941432,4,0.086285,32.48389,37.665833,32.496621,0.85244,0.336435,0.30011,0.807,cuda
span_ch48,ami,057,down,057_down,5,4,144,bicjpeg75,34.243644,0.871968,31.479164,0.949417,4,0.07397,33.783652,38.61012,32.948234,0.865874,0.326453,0.294554,0.818,cuda
span_ch48,ami,057,front,057_front,5,4,144,bicjpeg75,33.355492,0.847901,30.718579,0.942416,4,0.086407,32.528592,38.036903,32.611637,0.854221,0.33497,0.306913,0.823,cuda
span_ch48,ami,057,left,057_left,5,4,144,bicjpeg75,34.455752,0.872265,31.666476,0.951728,4,0.073847,33.89796,38.492852,33.350163,0.8652,0.355853,0.320149,0.816,cuda
span_ch48,ami,057,right,057_right,5,4,144,bicjpeg75,33.963808,0.86856,31.252985,0.947143,4,0.073707,33.445762,38.454393,32.97578,0.854668,0.348694,0.308567,0.79,cuda
span_ch48,ami,057,up,057_up,5,4,144,bicjpeg75,32.206385,0.841966,29.876212,0.939107,4,0.088868,30.956017,37.289517,32.792895,0.847561,0.307639,0.31056,0.791,cuda
span_ch48,ami,057,zoom,057_zoom,5,4,144,bicjpeg75,34.473461,0.884049,31.535,0.952912,4,0.073174,33.926069,38.347504,33.942401,0.881962,0.296631,0.291571,0.795,cuda
span_ch48,ami,058,back,058_back,5,4,144,bicjpeg75,34.687323,0.885567,31.645565,0.952858,4,0.069691,34.30976,38.855979,32.773336,0.851539,0.2948,0.287911,0.802,cuda
span_ch48,ami,058,down,058_down,5,4,144,bicjpeg75,34.515305,0.882157,31.5647,0.951732,4,0.069713,33.996175,38.828765,33.587455,0.871125,0.33377,0.319686,0.807,cuda
span_ch48,ami,058,front,058_front,5,4,144,bicjpeg75,34.537843,0.883266,31.461933,0.951836,4,0.067808,34.25701,38.750032,33.421641,0.865055,0.300201,0.302957,0.823,cuda
span_ch48,ami,058,left,058_left,5,4,144,bicjpeg75,35.170662,0.893749,32.054213,0.95662,4,0.067878,34.716706,39.389698,34.176698,0.882274,0.305338,0.290731,0.821,cuda
span_ch48,ami,058,right,058_right,5,4,144,bicjpeg75,34.268285,0.870334,31.333244,0.947225,4,0.074832,33.524543,38.82142,32.609277,0.836009,0.303091,0.283856,0.843,cuda
span_ch48,ami,058,up,058_up,5,4,144,bicjpeg75,34.080786,0.869597,31.180643,0.945936,4,0.075616,33.547611,38.455503,32.78793,0.843261,0.282282,0.311286,0.833,cuda
span_ch48,ami,058,zoom,058_zoom,5,4,144,bicjpeg75,34.679466,0.887909,31.572784,0.95297,4,0.068933,34.587619,38.333811,33.668482,0.871167,0.298481,0.318549,0.829,cuda
span_ch48,ami,059,back,059_back,3,4,144,bicjpeg75,35.28171,0.88047,32.321092,0.946217,4,0.070877,35.034903,39.141123,33.910423,0.866455,0.292846,0.297244,0.804,cuda
span_ch48,ami,059,down,059_down,3,4,144,bicjpeg75,35.033834,0.88621,32.19134,0.948668,4,0.066986,34.64964,39.044437,33.126646,0.860674,0.285728,0.318597,0.811,cuda
span_ch48,ami,059,front,059_front,3,4,144,bicjpeg75,34.704125,0.877582,31.99038,0.947488,4,0.07148,33.937638,38.958122,32.860382,0.849977,0.289131,0.306244,0.826,cuda
span_ch48,ami,059,left,059_left,3,4,144,bicjpeg75,34.960765,0.886072,32.228031,0.946233,4,0.076955,34.25265,38.833184,32.879193,0.855964,0.296944,0.303596,0.817,cuda
span_ch48,ami,059,right,059_right,3,4,144,bicjpeg75,34.313011,0.879933,31.634116,0.948856,4,0.073354,33.353237,38.6889,33.019281,0.859875,0.281481,0.289274,0.794,cuda
span_ch48,ami,059,up,059_up,3,4,144,bicjpeg75,34.724622,0.872425,32.026295,0.949039,4,0.075022,34.085871,39.050722,33.771767,0.870844,0.284262,0.305541,0.79,cuda
span_ch48,ami,059,zoom,059_zoom,3,4,144,bicjpeg75,35.427847,0.895221,32.374196,0.955424,4,0.066775,34.944436,39.265612,34.591706,0.888337,0.241267,0.281098,0.809,cuda
span_ch48,ami,061,back,061_back,2,4,144,bicjpeg75,35.372608,0.880766,32.393074,0.951257,4,0.072313,34.914953,39.700501,33.590791,0.856741,0.311502,0.298869,0.815,cuda
span_ch48,ami,061,down,061_down,2,4,144,bicjpeg75,34.858064,0.867099,32.093252,0.946736,4,0.071251,34.181988,39.311357,33.268174,0.854847,0.36553,0.305101,0.807,cuda
span_ch48,ami,061,front,061_front,2,4,144,bicjpeg75,35.118868,0.876284,32.177082,0.94921,4,0.073585,34.591363,39.416684,33.620604,0.859571,0.327023,0.29506,0.809,cuda
span_ch48,ami,061,left,061_left,2,4,144,bicjpeg75,35.137941,0.87474,32.206978,0.946846,4,0.070272,34.908554,39.524616,34.040061,0.870355,0.336518,0.309151,0.815,cuda
span_ch48,ami,061,right,061_right,2,4,144,bicjpeg75,35.083617,0.883942,32.052433,0.948028,4,0.074958,34.67598,39.284316,32.998405,0.847465,0.325775,0.287974,0.803,cuda
span_ch48,ami,061,up,061_up,2,4,144,bicjpeg75,35.034397,0.876497,31.975712,0.948979,4,0.069173,34.633431,39.245106,33.526954,0.862093,0.357631,0.306245,0.815,cuda
span_ch48,ami,061,zoom,061_zoom,2,4,144,bicjpeg75,35.382078,0.888525,32.102472,0.952589,4,0.069779,35.174761,39.201049,33.993374,0.869457,0.315793,0.307187,0.825,cuda
span_ch48,ami,062,back,062_back,3,4,144,bicjpeg75,34.000398,0.863915,31.560104,0.946073,4,0.072064,33.307255,38.550506,34.405965,0.884459,0.33441,0.291695,0.792,cuda
span_ch48,ami,062,down,062_down,3,4,144,bicjpeg75,34.326364,0.861169,31.80514,0.950304,4,0.076091,34.000966,38.877977,34.53375,0.879401,0.370322,0.335272,0.813,cuda
span_ch48,ami,062,front,062_front,3,4,144,bicjpeg75,33.714843,0.850292,31.20607,0.942931,4,0.080152,33.153727,38.40429,34.220318,0.869492,0.398707,0.33295,0.804,cuda
span_ch48,ami,062,left,062_left,3,4,144,bicjpeg75,35.067071,0.872141,32.49699,0.950591,4,0.067106,34.943489,39.299908,34.964852,0.881903,0.361023,0.312988,0.805,cuda
span_ch48,ami,062,right,062_right,3,4,144,bicjpeg75,34.186908,0.85602,31.462587,0.94409,4,0.070722,33.879468,38.587408,33.793036,0.86592,0.381234,0.320426,0.818,cuda
span_ch48,ami,062,up,062_up,3,4,144,bicjpeg75,32.489088,0.844586,30.252883,0.943986,4,0.076726,31.489742,38.203506,34.07067,0.869141,0.359739,0.317213,0.799,cuda
span_ch48,ami,062,zoom,062_zoom,3,4,144,bicjpeg75,34.798964,0.87773,32.144369,0.952015,4,0.069459,34.603311,39.040997,35.632589,0.891458,0.353749,0.315616,0.816,cuda
span_ch48,ami,063,back,063_back,4,4,144,bicjpeg75,34.812288,0.871151,31.931991,0.943122,4,0.076741,34.356257,38.976604,33.067802,0.843224,0.317817,0.27477,0.829,cuda
span_ch48,ami,063,down,063_down,4,4,144,bicjpeg75,34.428915,0.868047,31.801867,0.945436,4,0.072404,33.873323,38.926831,33.469917,0.871958,0.328603,0.320595,0.812,cuda
span_ch48,ami,063,front,063_front,4,4,144,bicjpeg75,34.920653,0.871247,32.150289,0.944009,4,0.070089,34.542529,39.113311,33.826007,0.87175,0.298834,0.318669,0.798,cuda
span_ch48,ami,063,left,063_left,4,4,144,bicjpeg75,35.409769,0.883201,32.409565,0.948383,4,0.063074,35.222505,39.594419,34.100097,0.868473,0.350294,0.32814,0.789,cuda
span_ch48,ami,063,right,063_right,4,4,144,bicjpeg75,34.582366,0.868113,31.816995,0.945438,4,0.070444,34.126417,38.886809,33.250023,0.863734,0.331576,0.339249,0.798,cuda
span_ch48,ami,063,up,063_up,4,4,144,bicjpeg75,34.29097,0.852902,31.672445,0.938853,4,0.077153,33.690014,38.761147,33.008534,0.84547,0.343619,0.30128,0.799,cuda
span_ch48,ami,063,zoom,063_zoom,4,4,144,bicjpeg75,35.440888,0.892473,32.301484,0.952648,4,0.067878,35.161395,39.383778,34.35382,0.884135,0.273503,0.3376,0.8,cuda
span_ch48,ami,064,back,064_back,5,4,144,bicjpeg75,34.109567,0.854693,31.371099,0.941624,4,0.075973,33.565968,38.611884,32.50313,0.844958,0.360768,0.308711,0.824,cuda
span_ch48,ami,064,down,064_down,5,4,144,bicjpeg75,33.785456,0.843059,31.280793,0.936819,4,0.078487,32.910475,38.632212,32.669238,0.85039,0.329308,0.301203,0.813,cuda
span_ch48,ami,064,front,064_front,5,4,144,bicjpeg75,34.546497,0.86327,31.886435,0.945246,4,0.070681,33.82797,39.202613,32.939794,0.851623,0.319226,0.28966,0.843,cuda
span_ch48,ami,064,left,064_left,5,4,144,bicjpeg75,34.554101,0.859422,31.888238,0.942531,4,0.078494,33.904876,39.105421,33.358778,0.857353,0.332862,0.28961,0.8,cuda
span_ch48,ami,064,right,064_right,5,4,144,bicjpeg75,34.509034,0.864264,31.730451,0.946935,4,0.071492,33.900463,39.007809,32.780421,0.838746,0.330845,0.313193,0.8,cuda
span_ch48,ami,064,up,064_up,5,4,144,bicjpeg75,34.013642,0.848146,31.377581,0.935761,4,0.08178,33.373936,38.476704,32.355619,0.823661,0.353882,0.296266,0.826,cuda
span_ch48,ami,064,zoom,064_zoom,5,4,144,bicjpeg75,34.815054,0.874789,31.825808,0.947911,4,0.072388,34.414955,38.938557,33.525618,0.861944,0.31311,0.290822,0.812,cuda
span_ch48,ami,065,back,065_back,3,4,144,bicjpeg75,33.29393,0.841123,30.814118,0.933801,4,0.084851,32.700541,37.769962,32.174381,0.835151,0.342189,0.295697,0.829,cuda
span_ch48,ami,065,down,065_down,3,4,144,bicjpeg75,34.890677,0.882561,32.109992,0.954559,4,0.067971,34.144889,39.399685,33.838644,0.872398,0.348659,0.329417,0.79,cuda
span_ch48,ami,065,front,065_front,3,4,144,bicjpeg75,34.275469,0.864461,31.536009,0.945624,4,0.081697,33.522022,38.785686,33.619185,0.858344,0.334839,0.329299,0.792,cuda
span_ch48,ami,065,left,065_left,3,4,144,bicjpeg75,35.737804,0.892982,32.922101,0.952341,4,0.067235,35.361741,39.712754,34.762981,0.886589,0.326476,0.303245,0.805,cuda
span_ch48,ami,065,right,065_right,3,4,144,bicjpeg75,34.374448,0.872465,31.51138,0.949949,4,0.076168,33.409677,39.066983,33.2388,0.862629,0.353918,0.298594,0.823,cuda
span_ch48,ami,065,up,065_up,3,4,144,bicjpeg75,33.871692,0.855785,31.389451,0.942656,4,0.077053,33.414778,38.135845,33.692271,0.866492,0.322781,0.304932,0.798,cuda
span_ch48,ami,065,zoom,065_zoom,3,4,144,bicjpeg75,35.388799,0.891573,32.397082,0.953119,4,0.06986,34.960929,39.086454,34.588778,0.894804,0.283043,0.287052,0.814,cuda
span_ch48,ami,066,back,066_back,4,4,144,bicjpeg75,34.654197,0.873543,31.737204,0.947779,4,0.076287,34.097274,38.826817,32.920456,0.856119,0.366524,0.330736,0.835,cuda
span_ch48,ami,066,down,066_down,4,4,144,bicjpeg75,34.76777,0.8761,32.043451,0.94698,4,0.074502,34.500831,38.820336,33.367007,0.858592,0.323243,0.301229,0.796,cuda
span_ch48,ami,066,front,066_front,4,4,144,bicjpeg75,34.720717,0.872826,32.022411,0.943069,4,0.070758,34.582953,38.728333,33.191265,0.849634,0.338273,0.308259,0.802,cuda
span_ch48,ami,066,left,066_left,4,4,144,bicjpeg75,35.450599,0.889215,32.691101,0.952609,4,0.066311,35.315108,39.313616,33.860519,0.863347,0.350052,0.327244,0.796,cuda
span_ch48,ami,066,right,066_right,4,4,144,bicjpeg75,34.664287,0.874995,31.64391,0.947806,4,0.07572,34.160761,38.906732,32.791094,0.844395,0.319364,0.307881,0.829,cuda
span_ch48,ami,066,up,066_up,4,4,144,bicjpeg75,34.145477,0.859553,31.343256,0.939647,4,0.079606,33.717665,38.242304,32.88735,0.842563,0.324547,0.293429,0.837,cuda
span_ch48,ami,066,zoom,066_zoom,4,4,144,bicjpeg75,35.085719,0.884615,32.208805,0.948842,4,0.072575,34.734672,38.899871,34.002207,0.869227,0.309797,0.30184,0.824,cuda
span_ch48,ami,067,back,067_back,2,4,144,bicjpeg75,34.228213,0.848172,31.504036,0.936629,4,0.076341,33.81751,38.52446,32.710522,0.829794,0.375888,0.306754,0.796,cuda
span_ch48,ami,067,down,067_down,2,4,144,bicjpeg75,34.005421,0.839683,31.358431,0.934423,4,0.081313,33.612118,38.502991,33.305901,0.833968,0.414903,0.325995,0.799,cuda
span_ch48,ami,067,front,067_front,2,4,144,bicjpeg75,33.880859,0.835213,31.257754,0.931732,4,0.080809,33.55354,38.371783,32.971732,0.83171,0.356591,0.315256,0.798,cuda
span_ch48,ami,067,left,067_left,2,4,144,bicjpeg75,34.46618,0.850016,31.932748,0.941354,4,0.070796,34.192766,38.92812,34.391484,0.872465,0.427372,0.332207,0.785,cuda
span_ch48,ami,067,right,067_right,2,4,144,bicjpeg75,34.280065,0.859086,31.404887,0.943974,4,0.067619,33.918984,38.612848,32.898248,0.846626,0.388085,0.309156,0.794,cuda
span_ch48,ami,067,up,067_up,2,4,144,bicjpeg75,34.043986,0.839109,31.324605,0.932572,4,0.076733,33.653499,38.503214,32.94505,0.822693,0.331592,0.298969,0.816,cuda
span_ch48,ami,067,zoom,067_zoom,2,4,144,bicjpeg75,34.585053,0.858357,31.686213,0.940757,4,0.074042,34.312322,38.761902,33.960122,0.855212,0.357058,0.318509,0.814,cuda
span_ch48,ami,068,back,068_back,2,4,144,bicjpeg75,33.09887,0.823537,30.550493,0.92881,4,0.088978,32.445275,37.682828,31.7223,0.821138,0.347237,0.327272,0.812,cuda
span_ch48,ami,068,down,068_down,2,4,144,bicjpeg75,33.510921,0.853082,30.979697,0.945411,4,0.079679,33.008279,38.118775,32.870197,0.856889,0.354466,0.315263,0.818,cuda
span_ch48,ami,068,front,068_front,2,4,144,bicjpeg75,33.732609,0.855604,31.091218,0.943997,4,0.079386,33.297426,38.019437,32.952145,0.856121,0.350688,0.315323,0.805,cuda
span_ch48,ami,068,left,068_left,2,4,144,bicjpeg75,34.182789,0.864739,31.458151,0.946922,4,0.076973,33.663814,38.550912,33.483306,0.866109,0.356721,0.311795,0.789,cuda
span_ch48,ami,068,right,068_right,2,4,144,bicjpeg75,33.536259,0.854877,30.902749,0.94467,4,0.077005,32.898285,37.943272,32.046763,0.842146,0.322399,0.302352,0.783,cuda
span_ch48,ami,068,up,068_up,2,4,144,bicjpeg75,33.475512,0.848219,30.901049,0.945877,4,0.083868,32.932214,38.177109,32.96193,0.858056,0.347288,0.306928,0.793,cuda
span_ch48,ami,068,zoom,068_zoom,2,4,144,bicjpeg75,34.75007,0.883743,31.837704,0.954255,4,0.069361,34.488237,38.714586,33.982373,0.879875,0.314797,0.296805,0.813,cuda
span_ch48,ami,069,back,069_back,4,4,144,bicjpeg75,33.835878,0.850654,30.95104,0.941407,4,0.077729,32.976996,38.356406,32.132112,0.822165,0.317452,0.299902,0.808,cuda
span_ch48,ami,069,down,069_down,4,4,144,bicjpeg75,32.625205,0.838155,30.368785,0.939847,4,0.081603,31.597601,37.571898,31.462339,0.824893,0.367007,0.307109,0.807,cuda
span_ch48,ami,069,front,069_front,4,4,144,bicjpeg75,33.190549,0.844387,30.878565,0.943256,4,0.079578,32.266579,37.788578,31.428727,0.820294,0.33621,0.314541,0.799,cuda
span_ch48,ami,069,left,069_left,4,4,144,bicjpeg75,33.526366,0.85523,31.276406,0.943257,4,0.078413,32.251769,38.666424,31.99785,0.826188,0.327264,0.307177,0.832,cuda
span_ch48,ami,069,right,069_right,4,4,144,bicjpeg75,33.674496,0.86473,31.227809,0.948462,4,0.076393,32.640991,38.314708,31.200543,0.816941,0.276478,0.280362,0.805,cuda
span_ch48,ami,069,up,069_up,4,4,144,bicjpeg75,33.055429,0.846101,30.795527,0.944765,4,0.076747,32.257574,37.797641,31.487284,0.823012,0.320984,0.306747,0.821,cuda
span_ch48,ami,069,zoom,069_zoom,4,4,144,bicjpeg75,33.451747,0.851171,30.871042,0.946663,4,0.077344,32.864876,37.843306,32.36575,0.842398,0.315698,0.298694,0.815,cuda
span_ch48,ami,070,back,070_back,3,4,144,bicjpeg75,33.808892,0.854866,30.659319,0.936091,4,0.084055,33.645839,37.972461,32.425111,0.828526,0.337584,0.271625,0.833,cuda
span_ch48,ami,070,down,070_down,3,4,144,bicjpeg75,33.338422,0.846317,30.616759,0.943588,4,0.081175,32.893736,38.082707,32.799348,0.838584,0.278457,0.302321,0.833,cuda
span_ch48,ami,070,front,070_front,3,4,144,bicjpeg75,33.379151,0.848555,30.565308,0.939585,4,0.083134,32.629582,38.020458,32.120591,0.82796,0.315571,0.299041,0.831,cuda
span_ch48,ami,070,left,070_left,3,4,144,bicjpeg75,34.307886,0.866974,31.449767,0.945579,4,0.079549,33.837493,38.73771,33.57192,0.865881,0.323231,0.315633,0.838,cuda
span_ch48,ami,070,right,070_right,3,4,144,bicjpeg75,33.726834,0.857544,30.792925,0.93909,4,0.087281,32.933295,38.167429,32.325906,0.829107,0.313246,0.284902,0.799,cuda
span_ch48,ami,070,up,070_up,3,4,144,bicjpeg75,33.703862,0.85415,30.779451,0.940052,4,0.082025,32.787461,38.496582,32.89963,0.845126,0.3191,0.27438,0.807,cuda
span_ch48,ami,070,zoom,070_zoom,3,4,144,bicjpeg75,34.888521,0.883055,31.452866,0.950914,4,0.067795,34.699992,38.856696,34.414028,0.878879,0.258548,0.248977,0.818,cuda
span_ch48,ami,071,back,071_back,2,4,144,bicjpeg75,33.374065,0.848512,30.935983,0.939241,4,0.086216,32.556085,38.086948,32.616557,0.845503,0.303539,0.302237,0.815,cuda
span_ch48,ami,071,down,071_down,2,4,144,bicjpeg75,32.72033,0.841481,30.284074,0.941452,4,0.083472,32.175355,37.614674,32.49294,0.844915,0.341532,0.315539,0.801,cuda
span_ch48,ami,071,front,071_front,2,4,144,bicjpeg75,32.537128,0.837752,29.976211,0.938903,4,0.088183,31.569634,37.392774,31.592342,0.834628,0.349719,0.291693,0.819,cuda
span_ch48,ami,071,left,071_left,2,4,144,bicjpeg75,33.0899,0.851778,30.585587,0.942094,4,0.075549,32.248228,37.756666,32.853542,0.859161,0.363762,0.320974,0.81,cuda
span_ch48,ami,071,right,071_right,2,4,144,bicjpeg75,33.347765,0.849928,30.522922,0.939401,4,0.079608,32.422202,38.052974,31.566639,0.826162,0.347926,0.288795,0.839,cuda
span_ch48,ami,071,up,071_up,2,4,144,bicjpeg75,32.420771,0.827553,29.90785,0.937675,4,0.085452,31.469979,37.380424,32.286132,0.844119,0.370544,0.287492,0.828,cuda
span_ch48,ami,071,zoom,071_zoom,2,4,144,bicjpeg75,33.636534,0.865438,30.873477,0.948837,4,0.081218,32.623984,38.228055,33.622281,0.871162,0.341347,0.309531,0.825,cuda
span_ch48,ami,072,back,072_back,1,4,144,bicjpeg75,35.29142,0.883352,32.102954,0.947971,4,0.066374,35.187305,39.264591,33.388756,0.857979,0.302801,0.312488,0.83,cuda
span_ch48,ami,072,down,072_down,1,4,144,bicjpeg75,35.391976,0.88798,32.495277,0.947591,4,0.068883,35.476903,39.104465,33.870031,0.869412,0.29335,0.290004,0.811,cuda
span_ch48,ami,072,front,072_front,1,4,144,bicjpeg75,35.850911,0.896554,32.697414,0.952789,4,0.06038,35.826108,39.707291,34.107473,0.872933,0.275318,0.288312,0.825,cuda
span_ch48,ami,072,left,072_left,1,4,144,bicjpeg75,35.787141,0.889828,32.738986,0.950167,4,0.062492,35.686478,39.793109,34.540133,0.875241,0.341275,0.313975,0.808,cuda
span_ch48,ami,072,right,072_right,1,4,144,bicjpeg75,36.167282,0.908404,33.049494,0.958631,4,0.058854,36.032797,39.86442,34.218562,0.876088,0.253082,0.260795,0.823,cuda
span_ch48,ami,072,up,072_up,1,4,144,bicjpeg75,35.742224,0.89522,32.561806,0.95217,4,0.062587,35.756498,39.428304,33.881178,0.86565,0.282197,0.282918,0.83,cuda
span_ch48,ami,072,zoom,072_zoom,1,4,144,bicjpeg75,36.801242,0.91362,33.198975,0.957997,4,0.057394,36.867209,40.362689,35.187573,0.897111,0.2378,0.252594,0.804,cuda
span_ch48,ami,073,back,073_back,1,4,144,bicjpeg75,35.080712,0.884041,31.982433,0.950104,4,0.064261,34.736982,39.093645,33.458471,0.86067,0.281728,0.283622,0.817,cuda
span_ch48,ami,073,down,073_down,1,4,144,bicjpeg75,34.566439,0.883185,31.825915,0.956328,4,0.073998,34.026661,39.290552,33.796387,0.870278,0.302822,0.285668,0.778,cuda
span_ch48,ami,073,front,073_front,1,4,144,bicjpeg75,34.817866,0.881595,31.838096,0.952059,4,0.068809,34.420134,39.124874,33.838997,0.87155,0.330424,0.318276,0.825,cuda
span_ch48,ami,073,left,073_left,1,4,144,bicjpeg75,35.347536,0.893084,32.509753,0.957046,4,0.065218,35.149923,39.862764,34.431677,0.880656,0.293528,0.30566,0.819,cuda
span_ch48,ami,073,right,073_right,1,4,144,bicjpeg75,34.702123,0.881433,31.75342,0.94784,4,0.071076,34.125272,39.033896,33.127571,0.84905,0.297863,0.296605,0.815,cuda
span_ch48,ami,073,up,073_up,1,4,144,bicjpeg75,34.469802,0.867008,31.538871,0.94723,4,0.076236,34.149142,38.979009,34.202775,0.873798,0.319916,0.298165,0.797,cuda
span_ch48,ami,073,zoom,073_zoom,1,4,144,bicjpeg75,35.940732,0.901266,32.546274,0.958106,4,0.059657,35.894311,39.910868,34.464277,0.880839,0.28283,0.287027,0.822,cuda
span_ch48,ami,074,back,074_back,1,4,144,bicjpeg75,34.300073,0.856632,31.779451,0.938143,4,0.079184,34.055117,38.436742,33.036832,0.845161,0.346873,0.314579,0.821,cuda
span_ch48,ami,074,down,074_down,1,4,144,bicjpeg75,33.991841,0.844363,31.522943,0.936421,4,0.085692,33.168563,38.803141,33.682868,0.862612,0.32377,0.297785,0.818,cuda
span_ch48,ami,074,front,074_front,1,4,144,bicjpeg75,33.939219,0.845356,31.371219,0.93579,4,0.083387,33.47277,38.450725,33.25894,0.856038,0.340495,0.286232,0.803,cuda
span_ch48,ami,074,left,074_left,1,4,144,bicjpeg75,34.56142,0.857513,31.947932,0.941039,4,0.075251,34.157438,38.991199,34.43764,0.868675,0.345758,0.306048,0.813,cuda
span_ch48,ami,074,right,074_right,1,4,144,bicjpeg75,34.070792,0.865613,31.174288,0.945549,4,0.076023,33.417653,38.578273,33.099997,0.854555,0.322021,0.306267,0.812,cuda
span_ch48,ami,074,up,074_up,1,4,144,bicjpeg75,33.68334,0.839543,31.217655,0.934107,4,0.079566,33.421693,38.113538,33.228713,0.851866,0.325047,0.289624,0.822,cuda
span_ch48,ami,074,zoom,074_zoom,1,4,144,bicjpeg75,34.776541,0.869614,32.063949,0.943819,4,0.074513,34.718267,38.780402,34.348327,0.878591,0.342041,0.310059,0.819,cuda
span_ch48,ami,075,back,075_back,3,4,144,bicjpeg75,33.60565,0.835667,30.413029,0.933387,4,0.083303,33.123207,38.19383,33.092846,0.846529,0.376737,0.299959,0.829,cuda
span_ch48,ami,075,down,075_down,3,4,144,bicjpeg75,33.412704,0.840562,30.355503,0.940829,4,0.078795,32.744533,38.555927,33.491274,0.857838,0.373759,0.329896,0.795,cuda
span_ch48,ami,075,front,075_front,3,4,144,bicjpeg75,32.775537,0.818143,29.833044,0.933425,4,0.085299,32.217949,37.735735,33.345696,0.853618,0.358999,0.333076,0.785,cuda
span_ch48,ami,075,left,075_left,3,4,144,bicjpeg75,33.585263,0.846066,30.920013,0.938354,4,0.083726,33.10459,38.7587,34.072309,0.86928,0.327139,0.308752,0.79,cuda
span_ch48,ami,075,right,075_right,3,4,144,bicjpeg75,34.188633,0.858195,30.86472,0.943714,4,0.079144,33.495059,38.731177,33.302317,0.839123,0.367003,0.306399,0.776,cuda
span_ch48,ami,075,up,075_up,3,4,144,bicjpeg75,32.665442,0.822336,29.868026,0.931984,4,0.087,31.852066,37.623571,33.104789,0.852226,0.366503,0.293882,0.806,cuda
span_ch48,ami,075,zoom,075_zoom,3,4,144,bicjpeg75,33.645518,0.867564,30.41172,0.949431,4,0.080228,33.186545,38.408488,34.523412,0.882111,0.306021,0.289575,0.806,cuda
span_ch48,ami,076,back,076_back,5,4,144,bicjpeg75,34.835657,0.873706,31.444991,0.946718,4,0.06991,34.257962,38.980055,33.249849,0.873112,0.321763,0.289889,0.796,cuda
span_ch48,ami,076,down,076_down,5,4,144,bicjpeg75,34.242726,0.859639,31.112915,0.944,4,0.077282,33.623128,38.78617,32.760571,0.862532,0.344963,0.306819,0.826,cuda
span_ch48,ami,076,front,076_front,5,4,144,bicjpeg75,34.285008,0.862718,31.183298,0.943761,4,0.078743,33.560758,38.6557,32.89483,0.863923,0.346243,0.30077,0.782,cuda
span_ch48,ami,076,left,076_left,5,4,144,bicjpeg75,34.838116,0.86791,31.596703,0.945613,4,0.071491,34.535492,38.962316,33.566845,0.866899,0.371386,0.301528,0.808,cuda
span_ch48,ami,076,right,076_right,5,4,144,bicjpeg75,34.227023,0.862286,31.131329,0.942274,4,0.078018,33.577528,38.573876,32.797331,0.861548,0.365063,0.302975,0.822,cuda
span_ch48,ami,076,up,076_up,5,4,144,bicjpeg75,34.113634,0.856956,31.098011,0.941199,4,0.0724,33.522692,38.541935,33.072204,0.861248,0.322591,0.285226,0.808,cuda
span_ch48,ami,076,zoom,076_zoom,5,4,144,bicjpeg75,35.082278,0.890443,31.529611,0.953783,4,0.068327,34.674089,38.969742,34.102429,0.896582,0.316192,0.313997,0.812,cuda
span_ch48,ami,077,back,077_back,2,4,144,bicjpeg75,34.955236,0.869816,32.152357,0.94085,4,0.070737,34.594357,39.039262,33.07759,0.849186,0.29995,0.335334,0.816,cuda
span_ch48,ami,077,down,077_down,2,4,144,bicjpeg75,34.455973,0.847596,31.906763,0.937142,4,0.075098,33.694325,39.123571,32.695731,0.827426,0.392182,0.340521,0.8,cuda
span_ch48,ami,077,front,077_front,2,4,144,bicjpeg75,34.884959,0.856497,32.120616,0.939233,4,0.069913,34.337411,39.366381,33.222704,0.849628,0.329224,0.32535,0.834,cuda
span_ch48,ami,077,left,077_left,2,4,144,bicjpeg75,34.833795,0.86496,32.337415,0.942793,4,0.074424,34.517988,38.769709,33.698485,0.858204,0.340919,0.316443,0.823,cuda
span_ch48,ami,077,right,077_right,2,4,144,bicjpeg75,35.457879,0.890245,32.286413,0.951815,4,0.064053,34.899071,39.512738,33.334882,0.861348,0.287442,0.315736,0.808,cuda
span_ch48,ami,077,up,077_up,2,4,144,bicjpeg75,34.95208,0.860274,32.215142,0.942572,4,0.066903,34.41025,39.49213,33.354317,0.844001,0.356364,0.338598,0.789,cuda
span_ch48,ami,077,zoom,077_zoom,2,4,144,bicjpeg75,35.241724,0.873063,32.305533,0.945069,4,0.069534,34.871586,39.20007,33.864195,0.862654,0.296981,0.310697,0.81,cuda
span_ch48,ami,078,back,078_back,2,4,144,bicjpeg75,34.147725,0.861501,31.342285,0.938424,4,0.078235,34.054889,38.313436,32.586212,0.842547,0.339948,0.327567,0.822,cuda
span_ch48,ami,078,down,078_down,2,4,144,bicjpeg75,33.561984,0.838168,31.198486,0.930687,4,0.084947,33.114331,37.943508,32.363419,0.82373,0.377486,0.320176,0.811,cuda
span_ch48,ami,078,front,078_front,2,4,144,bicjpeg75,34.226309,0.861928,31.616454,0.93868,4,0.08202,33.787783,38.322034,32.810111,0.845243,0.313404,0.307843,0.813,cuda
span_ch48,ami,078,left,078_left,2,4,144,bicjpeg75,33.919501,0.850539,31.412849,0.932927,4,0.08629,33.575949,38.116799,32.678684,0.832167,0.352823,0.30665,0.811,cuda
span_ch48,ami,078,right,078_right,2,4,144,bicjpeg75,34.175534,0.864367,31.383173,0.939141,4,0.08224,33.5531,38.25203,32.724582,0.842507,0.318001,0.284465,0.817,cuda
span_ch48,ami,078,up,078_up,2,4,144,bicjpeg75,33.897772,0.84969,31.401809,0.931005,4,0.084868,33.667279,38.111401,32.917664,0.836985,0.3485,0.308507,0.793,cuda
span_ch48,ami,078,zoom,078_zoom,2,4,144,bicjpeg75,34.978034,0.883579,32.216737,0.946652,4,0.076395,34.878677,38.7127,33.502143,0.86077,0.296814,0.284191,0.805,cuda
span_ch48,ami,079,back,079_back,4,4,144,bicjpeg75,33.616495,0.841141,30.749183,0.936095,4,0.078159,33.204677,38.38741,32.643883,0.814224,0.417297,0.314578,0.837,cuda
span_ch48,ami,079,down,079_down,4,4,144,bicjpeg75,33.707249,0.857256,31.029034,0.941411,4,0.079633,33.222925,38.532267,32.752939,0.835047,0.352529,0.321027,0.829,cuda
span_ch48,ami,079,front,079_front,4,4,144,bicjpeg75,33.352314,0.839085,30.64369,0.93649,4,0.075753,32.867608,38.349296,32.501502,0.839766,0.39299,0.322005,0.784,cuda
span_ch48,ami,079,left,079_left,4,4,144,bicjpeg75,34.488548,0.865771,31.698921,0.941695,4,0.075337,34.103445,39.028532,33.649508,0.850374,0.371893,0.309506,0.828,cuda
span_ch48,ami,079,right,079_right,4,4,144,bicjpeg75,33.793187,0.861375,30.931236,0.942564,4,0.077364,33.177717,38.646605,32.243253,0.832324,0.383076,0.298771,0.773,cuda
span_ch48,ami,079,up,079_up,4,4,144,bicjpeg75,33.061448,0.827715,30.419213,0.933415,4,0.082844,32.247227,38.194299,32.379035,0.830596,0.381648,0.32403,0.792,cuda
span_ch48,ami,079,zoom,079_zoom,4,4,144,bicjpeg75,34.157369,0.860087,31.047948,0.940382,4,0.074482,33.472323,38.810576,33.487452,0.852745,0.33109,0.301511,0.788,cuda
span_ch48,ami,080,back,080_back,3,4,144,bicjpeg75,35.302494,0.88367,32.659403,0.948731,4,0.068037,35.103447,39.409787,33.105285,0.846982,0.385382,0.325962,0.791,cuda
span_ch48,ami,080,down,080_down,3,4,144,bicjpeg75,35.546366,0.887284,32.843342,0.948482,4,0.0635,35.268907,39.789546,33.252382,0.849113,0.337694,0.317122,0.807,cuda
span_ch48,ami,080,front,080_front,3,4,144,bicjpeg75,35.727572,0.887311,33.002707,0.948753,4,0.065042,35.467902,39.921917,33.530827,0.850087,0.327776,0.350722,0.833,cuda
span_ch48,ami,080,left,080_left,3,4,144,bicjpeg75,35.987719,0.891632,33.243855,0.951532,4,0.061305,35.830424,40.142743,34.060047,0.861497,0.363526,0.32978,0.824,cuda
span_ch48,ami,080,right,080_right,3,4,144,bicjpeg75,35.501917,0.892288,32.588918,0.951153,4,0.070771,34.793482,39.760384,32.965716,0.845597,0.30841,0.332666,0.832,cuda
span_ch48,ami,080,up,080_up,3,4,144,bicjpeg75,35.266277,0.869593,32.566012,0.944347,4,0.065351,35.159502,39.775173,33.406026,0.841567,0.347714,0.338316,0.786,cuda
span_ch48,ami,080,zoom,080_zoom,3,4,144,bicjpeg75,35.813329,0.892125,32.857967,0.949313,4,0.066992,35.550195,39.65679,33.665369,0.858662,0.332746,0.343411,0.813,cuda
span_ch48,ami,081,back,081_back,1,4,144,bicjpeg75,34.961064,0.870769,31.733599,0.944026,4,0.069969,34.460055,39.515326,32.829771,0.833434,0.358414,0.321762,0.789,cuda
span_ch48,ami,081,down,081_down,1,4,144,bicjpeg75,34.315821,0.850212,31.646865,0.938486,4,0.073694,33.549422,39.078836,32.322717,0.814176,0.425695,0.34314,0.798,cuda
span_ch48,ami,081,front,081_front,1,4,144,bicjpeg75,34.288323,0.844043,31.37799,0.936399,4,0.072014,33.566798,39.256978,32.48198,0.816642,0.421902,0.35446,0.813,cuda
span_ch48,ami,081,left,081_left,1,4,144,bicjpeg75,35.004539,0.857558,32.22547,0.938341,4,0.066974,34.611123,39.597469,33.260464,0.826872,0.419604,0.351927,0.812,cuda
span_ch48,ami,081,right,081_right,1,4,144,bicjpeg75,35.855061,0.903301,32.696895,0.955637,4,0.068079,35.115196,40.096322,33.080386,0.84787,0.304808,0.310511,0.811,cuda
span_ch48,ami,081,up,081_up,1,4,144,bicjpeg75,33.732473,0.832801,30.909226,0.933392,4,0.076352,32.970516,38.762459,32.08648,0.80855,0.41451,0.348919,0.83,cuda
span_ch48,ami,081,zoom,081_zoom,1,4,144,bicjpeg75,34.455738,0.86094,31.447993,0.937538,4,0.072959,34.031118,38.836506,32.425035,0.830214,0.384601,0.353825,0.832,cuda
span_ch48,ami,082,back,082_back,2,4,144,bicjpeg75,34.630369,0.875448,31.737061,0.947048,4,0.078232,33.881031,39.235208,32.775557,0.851205,0.298736,0.305872,0.791,cuda
span_ch48,ami,082,down,082_down,2,4,144,bicjpeg75,33.817864,0.853405,31.245076,0.942841,4,0.077077,32.727274,38.790918,32.212536,0.850171,0.354206,0.327682,0.812,cuda
span_ch48,ami,082,front,082_front,2,4,144,bicjpeg75,33.980106,0.852634,31.299862,0.941572,4,0.081254,32.963345,38.839958,32.466384,0.85013,0.364437,0.325671,0.806,cuda
span_ch48,ami,082,left,082_left,2,4,144,bicjpeg75,34.116609,0.859536,31.426067,0.944263,4,0.075588,33.306845,38.733424,32.222035,0.844806,0.375229,0.33405,0.832,cuda
span_ch48,ami,082,right,082_right,2,4,144,bicjpeg75,34.914095,0.876955,32.139649,0.948653,4,0.067662,34.394712,39.345743,32.92056,0.848747,0.335119,0.300002,0.771,cuda
span_ch48,ami,082,up,082_up,2,4,144,bicjpeg75,34.372596,0.863629,31.565642,0.945531,4,0.073353,33.568665,38.97441,32.512561,0.846247,0.313722,0.292533,0.819,cuda
span_ch48,ami,082,zoom,082_zoom,2,4,144,bicjpeg75,34.283926,0.867102,31.384609,0.949545,4,0.072989,33.428169,38.718164,32.957396,0.865043,0.304657,0.29319,0.827,cuda
span_ch48,ami,083,back,083_back,4,4,144,bicjpeg75,33.981802,0.845494,31.065558,0.938076,4,0.078482,33.070291,38.770189,33.430158,0.85405,0.313873,0.33605,0.819,cuda
span_ch48,ami,083,down,083_down,4,4,144,bicjpeg75,33.153063,0.81414,30.544493,0.927834,4,0.087145,31.903852,38.257857,32.153858,0.825424,0.403759,0.328689,0.815,cuda
span_ch48,ami,083,front,083_front,4,4,144,bicjpeg75,33.343891,0.820225,30.739554,0.930089,4,0.079586,32.433487,38.09088,32.485858,0.836308,0.397712,0.35302,0.809,cuda
span_ch48,ami,083,left,083_left,4,4,144,bicjpeg75,34.092851,0.844959,31.350449,0.940231,4,0.080967,33.115311,38.804355,33.079651,0.854278,0.356037,0.328784,0.795,cuda
span_ch48,ami,083,right,083_right,4,4,144,bicjpeg75,34.612666,0.868423,31.755043,0.948082,4,0.077742,33.848696,39.141484,33.248,0.852262,0.312605,0.326681,0.824,cuda
span_ch48,ami,083,up,083_up,4,4,144,bicjpeg75,33.07408,0.812705,30.438131,0.930512,4,0.089076,32.109422,38.155101,32.645497,0.836719,0.376982,0.342725,0.821,cuda
span_ch48,ami,083,zoom,083_zoom,4,4,144,bicjpeg75,34.245386,0.849033,31.355665,0.940898,4,0.075735,33.641385,38.597922,34.013739,0.877725,0.389359,0.357543,0.821,cuda
span_ch48,ami,084,back,084_back,3,4,144,bicjpeg75,34.152581,0.847502,31.505307,0.93738,4,0.075617,33.663823,38.876033,32.878518,0.84256,0.368925,0.304361,0.814,cuda
span_ch48,ami,084,down,084_down,3,4,144,bicjpeg75,33.397215,0.836899,31.074462,0.93553,4,0.079451,32.961503,38.294276,32.589033,0.83799,0.345221,0.336504,0.825,cuda
span_ch48,ami,084,front,084_front,3,4,144,bicjpeg75,33.585224,0.843532,31.22522,0.938563,4,0.076726,33.003718,38.495273,32.983193,0.844695,0.369996,0.329872,0.835,cuda
span_ch48,ami,084,left,084_left,3,4,144,bicjpeg75,34.105204,0.848975,31.776837,0.93813,4,0.081,33.639007,38.849511,33.397769,0.848549,0.35635,0.328522,0.83,cuda
span_ch48,ami,084,right,084_right,3,4,144,bicjpeg75,34.207702,0.859944,31.496305,0.943676,4,0.079258,33.39709,38.862656,32.583534,0.841037,0.359235,0.308786,0.817,cuda
span_ch48,ami,084,up,084_up,3,4,144,bicjpeg75,33.121236,0.832768,30.79944,0.936668,4,0.08144,32.633539,37.892363,32.542337,0.838755,0.382995,0.322964,0.808,cuda
span_ch48,ami,084,zoom,084_zoom,3,4,144,bicjpeg75,33.651191,0.849104,31.12043,0.937032,4,0.079547,33.314463,38.01298,32.919452,0.842797,0.352669,0.335543,0.81,cuda
span_ch48,ami,085,back,085_back,4,4,144,bicjpeg75,35.441879,0.874771,32.42153,0.946576,4,0.068504,35.435715,39.911834,33.988487,0.84654,0.322764,0.315651,0.809,cuda
span_ch48,ami,085,down,085_down,4,4,144,bicjpeg75,34.888232,0.85938,32.388973,0.941992,4,0.068314,34.209979,39.593902,33.858281,0.852103,0.368059,0.340614,0.798,cuda
span_ch48,ami,085,front,085_front,4,4,144,bicjpeg75,34.971949,0.862377,32.488184,0.943706,4,0.073046,34.619247,39.49622,33.851655,0.850909,0.367664,0.316861,0.796,cuda
span_ch48,ami,085,left,085_left,4,4,144,bicjpeg75,35.230379,0.86865,32.320334,0.94386,4,0.071802,34.798306,39.839424,34.225578,0.859271,0.342051,0.303459,0.811,cuda
span_ch48,ami,085,right,085_right,4,4,144,bicjpeg75,34.888379,0.869148,32.021408,0.945646,4,0.07242,34.151727,39.35706,33.550215,0.855771,0.357649,0.31135,0.826,cuda
span_ch48,ami,085,up,085_up,4,4,144,bicjpeg75,34.495367,0.851338,31.9519,0.93946,4,0.077112,34.001381,39.316224,33.230812,0.831919,0.351145,0.310333,0.802,cuda
span_ch48,ami,085,zoom,085_zoom,4,4,144,bicjpeg75,35.267507,0.874686,32.430289,0.948684,4,0.068876,34.913393,39.580193,34.151016,0.859507,0.386362,0.33972,0.806,cuda
span_ch48,ami,086,back,086_back,5,4,144,bicjpeg75,34.317062,0.864123,31.274177,0.943969,4,0.0703,34.052004,38.629178,32.613623,0.840271,0.312269,0.284004,0.815,cuda
span_ch48,ami,086,down,086_down,5,4,144,bicjpeg75,33.709312,0.847247,31.038258,0.938825,4,0.079235,32.961396,38.478492,32.406367,0.834251,0.340123,0.297787,0.782,cuda
span_ch48,ami,086,front,086_front,5,4,144,bicjpeg75,33.40501,0.837664,30.901163,0.936179,4,0.082814,32.762323,38.161002,32.078507,0.827266,0.368759,0.299287,0.792,cuda
span_ch48,ami,086,left,086_left,5,4,144,bicjpeg75,34.404262,0.856937,31.548247,0.940126,4,0.076487,33.980606,38.889509,33.021015,0.839331,0.346429,0.298768,0.789,cuda
span_ch48,ami,086,right,086_right,5,4,144,bicjpeg75,34.767866,0.873443,31.501666,0.943006,4,0.073891,34.393593,38.938122,32.916862,0.841488,0.31889,0.291278,0.815,cuda
span_ch48,ami,086,up,086_up,5,4,144,bicjpeg75,33.925438,0.853515,30.934964,0.939373,4,0.076799,33.360676,38.364697,32.227109,0.836425,0.316474,0.285501,0.831,cuda
span_ch48,ami,086,zoom,086_zoom,5,4,144,bicjpeg75,33.989637,0.860494,31.247196,0.93941,4,0.074666,33.891208,38.173123,32.948383,0.859143,0.334886,0.305471,0.812,cuda
span_ch48,ami,087,back,087_back,4,4,144,bicjpeg75,33.845251,0.839242,31.245413,0.932233,4,0.086383,33.146727,38.501098,32.417916,0.826695,0.377854,0.298309,0.791,cuda
span_ch48,ami,087,down,087_down,4,4,144,bicjpeg75,34.293163,0.870846,31.624601,0.948545,4,0.075599,33.857249,38.653332,32.744149,0.856555,0.323709,0.291091,0.832,cuda
span_ch48,ami,087,front,087_front,4,4,144,bicjpeg75,34.835437,0.876194,31.971055,0.945013,4,0.079882,34.374341,38.903841,32.983499,0.851242,0.337768,0.319514,0.802,cuda
span_ch48,ami,087,left,087_left,4,4,144,bicjpeg75,34.948232,0.876011,32.192143,0.945114,4,0.06755,34.768667,39.24724,33.423181,0.856283,0.342808,0.31887,0.797,cuda
span_ch48,ami,087,right,087_right,4,4,144,bicjpeg75,34.903766,0.888734,31.880052,0.952411,4,0.071449,34.296931,38.992113,33.221472,0.859206,0.293896,0.269346,0.818,cuda
span_ch48,ami,087,up,087_up,4,4,144,bicjpeg75,34.026439,0.866405,31.310133,0.944966,4,0.073809,33.635323,38.429029,33.108601,0.850329,0.350994,0.300259,0.82,cuda
span_ch48,ami,087,zoom,087_zoom,4,4,144,bicjpeg75,35.206309,0.885571,32.059941,0.952286,4,0.070437,34.852623,39.207266,33.745568,0.865991,0.240013,0.288912,0.832,cuda
span_ch48,ami,088,back,088_back,1,4,144,bicjpeg75,33.32782,0.845876,30.82067,0.930791,4,0.083449,33.062266,37.523408,32.196067,0.83328,0.345112,0.296971,0.801,cuda
span_ch48,ami,088,down,088_down,1,4,144,bicjpeg75,34.534715,0.877586,31.587751,0.947771,4,0.068008,33.994875,39.115765,32.816804,0.854213,0.275608,0.307301,0.78,cuda
span_ch48,ami,088,front,088_front,1,4,144,bicjpeg75,34.032738,0.863802,31.210154,0.943168,4,0.073809,33.286899,38.651562,32.447645,0.841866,0.315678,0.324406,0.814,cuda
span_ch48,ami,088,left,088_left,1,4,144,bicjpeg75,35.17654,0.888581,32.180441,0.949987,4,0.068202,34.826714,39.1635,33.282428,0.856976,0.278634,0.315178,0.82,cuda
span_ch48,ami,088,right,088_right,1,4,144,bicjpeg75,34.970889,0.890025,31.880618,0.954602,4,0.066294,34.650539,39.048708,33.229357,0.856234,0.305839,0.290112,0.815,cuda
span_ch48,ami,088,up,088_up,1,4,144,bicjpeg75,34.413953,0.875912,31.433955,0.950366,4,0.071264,33.862988,38.649536,33.463,0.86992,0.319723,0.320336,0.849,cuda
span_ch48,ami,088,zoom,088_zoom,1,4,144,bicjpeg75,34.986489,0.887982,31.735846,0.952331,4,0.065452,34.670075,39.067675,34.177516,0.86893,0.27757,0.306359,0.813,cuda
span_ch48,ami,089,back,089_back,1,4,144,bicjpeg75,34.560449,0.880611,31.726509,0.950388,4,0.07146,34.249419,38.788242,33.022773,0.863106,0.292094,0.281217,0.814,cuda
span_ch48,ami,089,down,089_down,1,4,144,bicjpeg75,34.235831,0.862221,31.473909,0.943893,4,0.07294,33.980938,38.39003,33.20355,0.858096,0.332715,0.278916,0.79,cuda
span_ch48,ami,089,front,089_front,1,4,144,bicjpeg75,34.558525,0.871089,31.720633,0.948221,4,0.072522,34.139236,38.773732,33.663156,0.871419,0.315244,0.276927,0.835,cuda
span_ch48,ami,089,left,089_left,1,4,144,bicjpeg75,34.08567,0.860844,31.522326,0.940471,4,0.079854,33.61901,38.415786,33.775908,0.8636,0.327787,0.312674,0.818,cuda
span_ch48,ami,089,right,089_right,1,4,144,bicjpeg75,34.490553,0.871876,31.406477,0.946686,4,0.070006,33.845888,38.816648,32.947292,0.851448,0.340293,0.28442,0.81,cuda
span_ch48,ami,089,up,089_up,1,4,144,bicjpeg75,34.830244,0.877344,31.683383,0.949287,4,0.068286,34.415731,38.941902,33.680402,0.872243,0.344604,0.286672,0.808,cuda
span_ch48,ami,089,zoom,089_zoom,1,4,144,bicjpeg75,34.503458,0.871957,31.647107,0.946344,4,0.072927,34.403389,38.332658,33.830911,0.873563,0.330813,0.287374,0.803,cuda
span_ch48,ami,090,back,090_back,1,4,144,bicjpeg75,32.9195,0.859442,30.43767,0.938574,4,0.083722,31.94183,37.834587,30.370107,0.817709,0.280629,0.290609,0.831,cuda
span_ch48,ami,090,down,090_down,1,4,144,bicjpeg75,33.104032,0.860812,30.652302,0.941263,4,0.081968,32.011839,37.753223,30.626325,0.821664,0.298458,0.277754,0.821,cuda
span_ch48,ami,090,front,090_front,1,4,144,bicjpeg75,33.062385,0.866548,30.705798,0.943773,4,0.07898,32.121792,37.870409,30.947789,0.844264,0.278364,0.287349,0.821,cuda
span_ch48,ami,090,left,090_left,1,4,144,bicjpeg75,32.808078,0.861897,30.468774,0.943433,4,0.08019,31.760208,37.910565,30.22064,0.815686,0.30778,0.318347,0.832,cuda
span_ch48,ami,090,right,090_right,1,4,144,bicjpeg75,33.788157,0.875704,31.20084,0.945794,4,0.077024,32.723972,38.586402,31.448721,0.831994,0.322188,0.300823,0.817,cuda
span_ch48,ami,090,up,090_up,1,4,144,bicjpeg75,33.393558,0.867268,30.80865,0.946451,4,0.077934,32.455692,38.177294,31.867636,0.859,0.337056,0.300887,0.814,cuda
span_ch48,ami,090,zoom,090_zoom,1,4,144,bicjpeg75,33.56203,0.878697,30.750036,0.949437,4,0.075255,32.987177,37.818047,31.789066,0.863998,0.285306,0.294422,0.816,cuda
span_ch48,ami,091,back,091_back,4,4,144,bicjpeg75,32.480764,0.824233,30.154395,0.932506,4,0.094629,31.171197,37.971475,31.539815,0.81464,0.352286,0.300446,0.818,cuda
span_ch48,ami,091,down,091_down,4,4,144,bicjpeg75,32.222973,0.809023,30.016311,0.93218,4,0.097279,30.929086,37.778365,32.242098,0.841546,0.390923,0.329418,0.818,cuda
span_ch48,ami,091,front,091_front,4,4,144,bicjpeg75,32.035681,0.793044,29.828477,0.92517,4,0.103279,30.862389,37.815539,31.570486,0.81721,0.401215,0.343893,0.832,cuda
span_ch48,ami,091,left,091_left,4,4,144,bicjpeg75,33.589636,0.843991,31.233985,0.942416,4,0.086889,32.563068,38.716643,32.893493,0.847328,0.361699,0.327627,0.8,cuda
span_ch48,ami,091,right,091_right,4,4,144,bicjpeg75,33.520744,0.841897,31.025529,0.9382,4,0.083406,32.751271,38.194748,31.74411,0.814126,0.348206,0.337167,0.807,cuda
span_ch48,ami,091,up,091_up,4,4,144,bicjpeg75,32.328294,0.807758,30.202628,0.929361,4,0.090716,31.458872,37.546471,31.937397,0.822977,0.376527,0.312249,0.814,cuda
span_ch48,ami,091,zoom,091_zoom,4,4,144,bicjpeg75,33.263364,0.831122,30.712504,0.938181,4,0.090055,32.144915,38.323203,33.024006,0.850051,0.334914,0.304723,0.819,cuda
span_ch48,ami,092,back,092_back,3,4,144,bicjpeg75,32.319646,0.780601,29.714016,0.917187,4,0.08896,31.414373,37.718144,32.154223,0.824224,0.419141,0.321299,0.813,cuda
span_ch48,ami,092,down,092_down,3,4,144,bicjpeg75,32.673347,0.787917,30.061915,0.920946,4,0.08767,31.875425,37.819684,32.238929,0.826553,0.454641,0.33932,0.812,cuda
span_ch48,ami,092,front,092_front,3,4,144,bicjpeg75,32.417509,0.781978,29.710881,0.916328,4,0.096526,31.588369,37.649925,32.245454,0.827418,0.439316,0.337839,0.813,cuda
span_ch48,ami,092,left,092_left,3,4,144,bicjpeg75,33.869342,0.823351,31.252725,0.935692,4,0.080098,33.116993,39.224886,33.892808,0.854186,0.481459,0.373434,0.808,cuda
span_ch48,ami,092,right,092_right,3,4,144,bicjpeg75,32.618728,0.782133,29.933204,0.919826,4,0.081717,31.993118,37.967161,32.33806,0.80949,0.51586,0.338917,0.798,cuda
span_ch48,ami,092,up,092_up,3,4,144,bicjpeg75,32.638752,0.791369,29.923845,0.922671,4,0.089542,31.745921,37.94291,32.672903,0.833203,0.423074,0.304366,0.823,cuda
span_ch48,ami,092,zoom,092_zoom,3,4,144,bicjpeg75,33.718854,0.837035,30.639648,0.937515,4,0.078182,33.109318,38.345566,33.805964,0.863174,0.432788,0.349974,0.817,cuda
span_ch48,ami,093,back,093_back,4,4,144,bicjpeg75,32.741197,0.824388,30.182988,0.932559,4,0.086869,31.468899,38.159485,32.740253,0.845724,0.364593,0.309873,0.821,cuda
span_ch48,ami,093,down,093_down,4,4,144,bicjpeg75,33.822182,0.850735,30.952548,0.942161,4,0.074802,33.311475,38.852711,33.134684,0.860078,0.36262,0.320926,0.817,cuda
span_ch48,ami,093,front,093_front,4,4,144,bicjpeg75,33.467684,0.843718,30.718994,0.941386,4,0.07478,32.618505,38.273517,33.395856,0.861686,0.403395,0.337159,0.821,cuda
span_ch48,ami,093,left,093_left,4,4,144,bicjpeg75,34.053341,0.862474,31.226274,0.943512,4,0.074723,33.225302,39.083722,33.161831,0.853391,0.398993,0.340738,0.83,cuda
span_ch48,ami,093,right,093_right,4,4,144,bicjpeg75,33.63821,0.85025,30.671299,0.941644,4,0.084168,32.791975,38.445602,32.61911,0.847927,0.359632,0.302413,0.789,cuda
span_ch48,ami,093,up,093_up,4,4,144,bicjpeg75,32.833994,0.828813,30.127665,0.939071,4,0.077101,31.956108,38.078597,32.754258,0.85424,0.376279,0.329062,0.827,cuda
span_ch48,ami,093,zoom,093_zoom,4,4,144,bicjpeg75,33.488382,0.848879,30.615518,0.943783,4,0.075256,32.66284,38.383805,33.749211,0.861622,0.417956,0.355472,0.82,cuda
span_ch48,ami,094,back,094_back,3,4,144,bicjpeg75,32.63185,0.834843,29.938547,0.936153,4,0.088751,30.889328,38.270988,31.438859,0.825345,0.380856,0.304432,0.829,cuda
span_ch48,ami,094,down,094_down,3,4,144,bicjpeg75,34.351506,0.866921,31.535609,0.946886,4,0.074856,33.931012,38.793067,32.605466,0.848223,0.339346,0.312854,0.808,cuda
span_ch48,ami,094,front,094_front,3,4,144,bicjpeg75,34.691718,0.868858,31.416362,0.946154,4,0.071795,34.206643,38.960392,33.272214,0.860806,0.317725,0.284697,0.817,cuda
span_ch48,ami,094,left,094_left,3,4,144,bicjpeg75,34.625165,0.869901,31.626661,0.948471,4,0.072399,34.031396,39.112251,33.209588,0.853954,0.346194,0.320583,0.82,cuda
span_ch48,ami,094,right,094_right,3,4,144,bicjpeg75,33.492988,0.845553,30.480779,0.93995,4,0.080591,32.701854,38.384029,32.294961,0.83907,0.382306,0.311089,0.829,cuda
span_ch48,ami,094,up,094_up,3,4,144,bicjpeg75,34.096476,0.862789,31.065992,0.945092,4,0.076343,33.187478,38.685128,33.260267,0.856516,0.357971,0.312395,0.806,cuda
span_ch48,ami,094,zoom,094_zoom,3,4,144,bicjpeg75,33.960283,0.863352,30.894352,0.947168,4,0.078142,33.322638,38.511503,33.349636,0.862294,0.319999,0.294677,0.818,cuda
span_ch48,ami,095,back,095_back,3,4,144,bicjpeg75,34.227576,0.869033,31.545905,0.950743,4,0.068943,33.273232,39.011614,32.434338,0.856368,0.351314,0.334139,0.797,cuda
span_ch48,ami,095,down,095_down,3,4,144,bicjpeg75,33.923845,0.852981,31.399186,0.939889,4,0.080255,33.129765,38.679276,31.953772,0.8217,0.330688,0.326498,0.795,cuda
span_ch48,ami,095,front,095_front,3,4,144,bicjpeg75,33.733254,0.853369,31.266508,0.942375,4,0.077998,32.754133,38.611492,32.15831,0.834504,0.321132,0.316397,0.823,cuda
span_ch48,ami,095,left,095_left,3,4,144,bicjpeg75,33.764503,0.850388,31.27774,0.939572,4,0.077857,32.90873,38.615285,32.145432,0.833549,0.324071,0.326844,0.837,cuda
span_ch48,ami,095,right,095_right,3,4,144,bicjpeg75,33.877616,0.866075,30.842859,0.949061,4,0.075651,32.72604,38.984421,32.274456,0.847239,0.322155,0.291727,0.813,cuda
span_ch48,ami,095,up,095_up,3,4,144,bicjpeg75,33.419879,0.842691,30.931833,0.943047,4,0.076768,32.405854,38.653195,32.509676,0.838776,0.341883,0.313475,0.8,cuda
span_ch48,ami,095,zoom,095_zoom,3,4,144,bicjpeg75,33.566537,0.849332,30.979512,0.941261,4,0.079876,32.670785,38.136082,32.528645,0.84068,0.321252,0.319754,0.795,cuda
span_ch48,ami,096,back,096_back,5,4,144,bicjpeg75,32.207912,0.815329,29.553804,0.936355,4,0.085881,30.700195,38.092529,32.625155,0.830771,0.369055,0.30153,0.823,cuda
span_ch48,ami,096,down,096_down,5,4,144,bicjpeg75,32.266164,0.832669,29.482797,0.940132,4,0.081143,30.76348,38.064051,32.389473,0.836108,0.429768,0.31757,0.788,cuda
span_ch48,ami,096,front,096_front,5,4,144,bicjpeg75,31.867319,0.827908,29.19471,0.93893,4,0.086527,30.166568,38.142055,32.364423,0.820265,0.329344,0.282015,0.794,cuda
span_ch48,ami,096,left,096_left,5,4,144,bicjpeg75,33.58699,0.843876,30.559987,0.94311,4,0.072653,33.069547,38.544598,32.684751,0.827396,0.39506,0.306206,0.824,cuda
span_ch48,ami,096,right,096_right,5,4,144,bicjpeg75,33.032385,0.828937,30.040959,0.938887,4,0.082709,32.318147,38.123826,32.072243,0.813511,0.382313,0.289815,0.82,cuda
span_ch48,ami,096,up,096_up,5,4,144,bicjpeg75,31.666154,0.80495,29.015227,0.931569,4,0.086982,30.200556,37.68557,32.648397,0.820637,0.397136,0.295308,0.809,cuda
span_ch48,ami,096,zoom,096_zoom,5,4,144,bicjpeg75,32.644351,0.831279,29.6498,0.940441,4,0.083976,31.582671,38.311407,33.153316,0.840162,0.371028,0.295426,0.785,cuda
span_ch48,ami,097,back,097_back,4,4,144,bicjpeg75,34.10338,0.854876,31.385181,0.938456,4,0.077988,33.191921,39.062084,31.93849,0.813565,0.37887,0.33184,0.792,cuda
span_ch48,ami,097,down,097_down,4,4,144,bicjpeg75,34.086248,0.854306,31.387952,0.936887,4,0.080711,33.626636,38.68367,32.076888,0.821719,0.397728,0.311633,0.808,cuda
span_ch48,ami,097,front,097_front,4,4,144,bicjpeg75,34.117036,0.856406,31.552153,0.943868,4,0.075819,33.085782,39.003871,32.667353,0.836707,0.373655,0.328268,0.813,cuda
span_ch48,ami,097,left,097_left,4,4,144,bicjpeg75,34.51099,0.871754,31.982672,0.94674,4,0.072405,33.722305,39.139444,32.985616,0.855509,0.370271,0.318295,0.814,cuda
span_ch48,ami,097,right,097_right,4,4,144,bicjpeg75,33.857141,0.852817,31.245512,0.939455,4,0.081538,33.091857,38.600226,32.513789,0.828618,0.378646,0.302018,0.814,cuda
span_ch48,ami,097,up,097_up,4,4,144,bicjpeg75,33.959947,0.853566,31.521528,0.937903,4,0.079176,33.182474,38.659643,32.534207,0.827945,0.344368,0.32915,0.805,cuda
span_ch48,ami,097,zoom,097_zoom,4,4,144,bicjpeg75,34.278181,0.86521,31.409233,0.945434,4,0.072764,33.675311,38.585895,33.162579,0.856805,0.327585,0.32293,0.827,cuda
span_ch48,ami,098,back,098_back,2,4,144,bicjpeg75,34.212108,0.85684,31.142846,0.941189,4,0.074376,33.657384,38.952928,32.534462,0.818073,0.352005,0.335109,0.837,cuda
span_ch48,ami,098,down,098_down,2,4,144,bicjpeg75,34.760051,0.871524,31.754891,0.946315,4,0.076324,33.950558,39.474211,32.858895,0.844048,0.389203,0.308191,0.822,cuda
span_ch48,ami,098,front,098_front,2,4,144,bicjpeg75,34.4037,0.86235,31.453218,0.936281,4,0.077029,33.677166,38.965988,32.510021,0.824892,0.357566,0.318634,0.806,cuda
span_ch48,ami,098,left,098_left,2,4,144,bicjpeg75,35.635999,0.88842,32.757804,0.950198,4,0.066521,35.215115,39.990078,33.821261,0.861042,0.390388,0.32739,0.809,cuda
span_ch48,ami,098,right,098_right,2,4,144,bicjpeg75,34.499204,0.869855,31.498573,0.945921,4,0.071498,33.6224,39.017252,33.017758,0.840048,0.330234,0.30996,0.83,cuda
span_ch48,ami,098,up,098_up,2,4,144,bicjpeg75,33.584725,0.83734,30.791532,0.932655,4,0.079018,33.041258,38.209186,32.147404,0.813544,0.386616,0.329468,0.82,cuda
span_ch48,ami,098,zoom,098_zoom,2,4,144,bicjpeg75,34.602915,0.867115,31.411158,0.94181,4,0.075408,34.086266,38.81602,32.84186,0.836866,0.377984,0.330876,0.808,cuda
span_ch48,ami,099,back,099_back,1,4,144,bicjpeg75,33.842241,0.847428,31.062985,0.93963,4,0.073544,33.158183,38.731955,32.49854,0.832594,0.328547,0.325383,0.812,cuda
span_ch48,ami,099,down,099_down,1,4,144,bicjpeg75,33.930018,0.854632,31.170749,0.942982,4,0.071982,32.995508,38.683587,32.668714,0.843982,0.339545,0.311812,0.83,cuda
span_ch48,ami,099,front,099_front,1,4,144,bicjpeg75,33.47591,0.836493,30.809288,0.937357,4,0.076158,32.65169,38.284774,32.590284,0.832134,0.387206,0.321577,0.832,cuda
span_ch48,ami,099,left,099_left,1,4,144,bicjpeg75,34.336738,0.862594,31.705815,0.94928,4,0.069033,33.745123,38.934903,33.254025,0.847312,0.362211,0.302635,0.808,cuda
span_ch48,ami,099,right,099_right,1,4,144,bicjpeg75,33.682206,0.843494,30.819993,0.938595,4,0.078948,32.803939,38.347989,32.343916,0.825572,0.393815,0.314593,0.827,cuda
span_ch48,ami,099,up,099_up,1,4,144,bicjpeg75,33.620917,0.837385,30.919952,0.93607,4,0.076867,33.051267,38.182594,33.002437,0.844293,0.369418,0.306861,0.819,cuda
span_ch48,ami,099,zoom,099_zoom,1,4,144,bicjpeg75,34.121746,0.861394,31.203449,0.944459,4,0.077616,33.494639,38.560178,33.652357,0.859384,0.358523,0.320762,0.804,cuda
span_ch48,ami,100,back,100_back,1,4,144,bicjpeg75,33.619068,0.808211,30.677916,0.922767,4,0.080748,32.693774,38.701135,32.725024,0.814494,0.457246,0.354293,0.825,cuda
span_ch48,ami,100,down,100_down,1,4,144,bicjpeg75,33.336272,0.806161,30.686805,0.930731,4,0.079005,32.347234,38.956098,32.934292,0.822538,0.423599,0.356081,0.808,cuda
span_ch48,ami,100,front,100_front,1,4,144,bicjpeg75,33.292521,0.802864,30.501879,0.924885,4,0.078234,32.551396,38.560488,32.772027,0.812198,0.45852,0.353042,0.81,cuda
span_ch48,ami,100,left,100_left,1,4,144,bicjpeg75,33.84623,0.811614,31.139206,0.925578,4,0.077152,33.052001,39.21518,32.720083,0.805678,0.497013,0.370171,0.814,cuda
span_ch48,ami,100,right,100_right,1,4,144,bicjpeg75,32.950407,0.788227,30.097281,0.919041,4,0.081672,31.947557,38.382288,32.365055,0.803562,0.504776,0.327498,0.802,cuda
span_ch48,ami,100,up,100_up,1,4,144,bicjpeg75,32.917173,0.788942,30.248839,0.914839,4,0.07767,32.173524,38.17878,32.223631,0.788141,0.457047,0.33745,0.807,cuda
span_ch48,ami,100,zoom,100_zoom,1,4,144,bicjpeg75,32.947368,0.800876,30.212455,0.928073,4,0.087054,31.89266,38.483819,33.110925,0.831274,0.465942,0.359707,0.794,cuda
span_ch48,ami,101,back,101_back,1,4,144,bicjpeg75,33.604862,0.843298,30.748997,0.937529,4,0.081721,32.583893,38.559747,32.06144,0.828795,0.36408,0.292234,0.833,cuda
span_ch48,ami,101,down,101_down,1,4,144,bicjpeg75,34.244499,0.858639,31.561346,0.940533,4,0.074711,33.530154,38.999682,32.52732,0.838941,0.377089,0.308424,0.824,cuda
span_ch48,ami,101,front,101_front,1,4,144,bicjpeg75,34.247739,0.858658,31.356846,0.938325,4,0.075867,33.684949,38.530988,32.502143,0.831648,0.328575,0.32291,0.801,cuda
span_ch48,ami,101,left,101_left,1,4,144,bicjpeg75,34.675055,0.863033,31.900596,0.940916,4,0.069978,34.020269,39.399048,33.02926,0.841039,0.362928,0.333223,0.805,cuda
span_ch48,ami,101,right,101_right,1,4,144,bicjpeg75,33.831133,0.854861,30.902335,0.941358,4,0.080064,33.130636,38.416123,32.507585,0.833019,0.379102,0.30316,0.79,cuda
span_ch48,ami,101,up,101_up,1,4,144,bicjpeg75,33.731883,0.845603,30.951848,0.937394,4,0.079429,33.230901,38.390491,32.761602,0.839452,0.342327,0.315082,0.8,cuda
span_ch48,ami,101,zoom,101_zoom,1,4,144,bicjpeg75,34.381824,0.862454,31.382623,0.942378,4,0.073919,33.763169,38.737438,33.090863,0.851987,0.36138,0.311298,0.805,cuda
span_ch48,ami,102,back,102_back,1,4,144,bicjpeg75,33.473336,0.829598,30.509411,0.93902,4,0.079219,33.069138,38.353876,32.506567,0.835139,0.401771,0.324315,0.815,cuda
span_ch48,ami,102,down,102_down,1,4,144,bicjpeg75,32.85365,0.807399,30.378344,0.931947,4,0.084696,32.297517,37.971399,32.856791,0.843273,0.416738,0.33235,0.81,cuda
span_ch48,ami,102,front,102_front,1,4,144,bicjpeg75,32.974086,0.814596,30.374558,0.9351,4,0.083978,32.442967,38.09454,33.043723,0.839771,0.390839,0.31884,0.801,cuda
span_ch48,ami,102,left,102_left,1,4,144,bicjpeg75,33.601879,0.826119,30.822874,0.939289,4,0.075316,33.123,38.722768,33.254817,0.848206,0.421144,0.338057,0.817,cuda
span_ch48,ami,102,right,102_right,1,4,144,bicjpeg75,32.527908,0.79759,29.932695,0.929828,4,0.087314,31.929141,37.715051,31.86147,0.811107,0.444415,0.333873,0.818,cuda
span_ch48,ami,102,up,102_up,1,4,144,bicjpeg75,32.416687,0.790639,30.064871,0.927113,4,0.089213,31.730295,37.742902,32.430323,0.827236,0.433509,0.326001,0.831,cuda
span_ch48,ami,102,zoom,102_zoom,1,4,144,bicjpeg75,33.468178,0.834941,30.769474,0.939349,4,0.073971,33.011293,38.211524,33.533403,0.848422,0.431821,0.33259,0.792,cuda
span_ch48,ami,103,back,103_back,2,4,144,bicjpeg75,34.000473,0.855448,30.921878,0.939167,4,0.077415,33.189965,38.635744,32.115133,0.819631,0.362295,0.328046,0.82,cuda
span_ch48,ami,103,down,103_down,2,4,144,bicjpeg75,34.836171,0.877363,31.727237,0.948126,4,0.072562,34.09353,39.100558,32.914993,0.854507,0.331686,0.302858,0.82,cuda
span_ch48,ami,103,front,103_front,2,4,144,bicjpeg75,34.41093,0.868658,31.283072,0.947945,4,0.071878,33.705704,38.847873,32.693482,0.849389,0.326938,0.303007,0.802,cuda
span_ch48,ami,103,left,103_left,2,4,144,bicjpeg75,35.381687,0.889339,32.102003,0.950038,4,0.06604,35.114624,39.334991,33.087362,0.85447,0.324204,0.308141,0.822,cuda
span_ch48,ami,103,right,103_right,2,4,144,bicjpeg75,34.546483,0.87551,31.469084,0.94501,4,0.072031,34.100093,38.670634,32.895309,0.844476,0.335768,0.28413,0.801,cuda
span_ch48,ami,103,up,103_up,2,4,144,bicjpeg75,33.868417,0.858591,30.989659,0.943982,4,0.079157,32.638148,38.935266,33.304629,0.850505,0.377627,0.302525,0.838,cuda
span_ch48,ami,103,zoom,103_zoom,2,4,144,bicjpeg75,34.777018,0.879853,31.404835,0.952926,4,0.069395,34.141419,38.994451,33.222313,0.856599,0.337854,0.309758,0.794,cuda
span_ch48,ami,104,back,104_back,4,4,144,bicjpeg75,32.33412,0.836162,29.584629,0.930408,4,0.090149,31.23901,37.6974,29.873205,0.793902,0.340087,0.342461,0.832,cuda
span_ch48,ami,104,down,104_down,4,4,144,bicjpeg75,32.818526,0.839972,30.139117,0.932098,4,0.087966,31.319875,38.391077,30.643089,0.825879,0.374489,0.333566,0.781,cuda
span_ch48,ami,104,front,104_front,4,4,144,bicjpeg75,32.89103,0.836446,30.2094,0.924666,4,0.092185,31.711372,37.985635,30.851874,0.815798,0.400503,0.333169,0.818,cuda
span_ch48,ami,104,left,104_left,4,4,144,bicjpeg75,33.248068,0.846821,30.720626,0.934939,4,0.081035,32.067017,38.589468,30.979845,0.795969,0.37691,0.333209,0.816,cuda
span_ch48,ami,104,right,104_right,4,4,144,bicjpeg75,33.182547,0.854065,30.341537,0.936766,4,0.08379,32.18446,38.026323,30.903481,0.81989,0.356749,0.332742,0.812,cuda
span_ch48,ami,104,up,104_up,4,4,144,bicjpeg75,32.649458,0.828591,30.114819,0.927982,4,0.087539,31.212212,37.927009,31.752863,0.83397,0.390915,0.337777,0.819,cuda
span_ch48,ami,104,zoom,104_zoom,4,4,144,bicjpeg75,32.758512,0.839652,29.992316,0.932791,4,0.083506,31.369051,38.128782,31.665951,0.840632,0.390394,0.340464,0.82,cuda
span_ch48,ami,105,back,105_back,5,4,144,bicjpeg75,33.587127,0.832726,30.561853,0.93715,4,0.083362,32.676089,38.686546,31.933051,0.806602,0.360527,0.309881,0.814,cuda
span_ch48,ami,105,down,105_down,5,4,144,bicjpeg75,33.508026,0.842937,30.412934,0.940712,4,0.07562,32.710321,38.405618,31.897942,0.837952,0.356307,0.295041,0.836,cuda
span_ch48,ami,105,front,105_front,5,4,144,bicjpeg75,32.861859,0.821299,29.909288,0.935941,4,0.087374,31.765089,38.210095,31.887314,0.81727,0.369684,0.283942,0.791,cuda
span_ch48,ami,105,left,105_left,5,4,144,bicjpeg75,34.070464,0.846407,30.711528,0.94002,4,0.07617,33.267245,39.012853,32.367509,0.829157,0.348575,0.312162,0.807,cuda
span_ch48,ami,105,right,105_right,5,4,144,bicjpeg75,33.328371,0.840844,30.122735,0.940114,4,0.080206,32.562837,38.199459,32.38585,0.827904,0.367209,0.289285,0.803,cuda
span_ch48,ami,105,up,105_up,5,4,144,bicjpeg75,32.334702,0.815178,29.560043,0.931707,4,0.08909,31.317682,37.791769,32.475603,0.82507,0.381223,0.299679,0.816,cuda
span_ch48,ami,105,zoom,105_zoom,5,4,144,bicjpeg75,33.520252,0.839701,30.315348,0.94233,4,0.073526,32.809939,38.29931,32.943125,0.841117,0.372929,0.291134,0.78,cuda
span_ch48,ami,106,back,106_back,3,4,144,bicjpeg75,32.932699,0.802416,30.481262,0.921894,4,0.084104,32.036807,38.391234,32.596091,0.822228,0.435064,0.352139,0.791,cuda
span_ch48,ami,106,down,106_down,3,4,144,bicjpeg75,32.944113,0.809798,30.480511,0.926183,4,0.087917,32.228071,38.156303,33.107161,0.847889,0.478487,0.348003,0.793,cuda
span_ch48,ami,106,front,106_front,3,4,144,bicjpeg75,33.467165,0.820998,30.807101,0.935287,4,0.077681,32.831635,38.832043,33.476205,0.857615,0.462377,0.334708,0.807,cuda
span_ch48,ami,106,left,106_left,3,4,144,bicjpeg75,33.325786,0.818761,30.965861,0.932479,4,0.084841,32.366711,38.659564,33.607705,0.849248,0.437194,0.36367,0.812,cuda
span_ch48,ami,106,right,106_right,3,4,144,bicjpeg75,32.668403,0.783948,30.069058,0.910644,4,0.088517,31.777658,38.04061,32.770584,0.819843,0.498701,0.343805,0.832,cuda
span_ch48,ami,106,up,106_up,3,4,144,bicjpeg75,33.63316,0.821091,31.010331,0.931413,4,0.07785,33.003324,38.659396,33.64665,0.85382,0.462886,0.359013,0.822,cuda
span_ch48,ami,106,zoom,106_zoom,3,4,144,bicjpeg75,33.822763,0.838077,31.192626,0.937944,4,0.076951,33.367632,38.677725,33.761046,0.863108,0.425377,0.366777,0.809,cuda
